2026-05-15 21:43:38,140 : INFO : root : Loading config.
2026-05-15 21:43:38,144 : INFO : YamlMultifileConfigLoader : Machine config file #1: config.yaml
2026-05-15 21:43:38,145 : INFO : ConfigProcessor : Loading config from cache: C:\Users\White\AppData\Local\Temp\39c4b34018bdb564eab7cf26b7f669ee.mpf_cache
2026-05-15 21:43:38,255 : INFO : ConfigProcessor : Loading config from cache: C:\Users\White\AppData\Local\Temp\dcfa5ee5b10d64a3b94fd534c1aa451d.mpf_cache
2026-05-15 21:43:38,256 : INFO : ConfigProcessor : Loading config from cache: C:\Users\White\AppData\Local\Temp\91cc4d1c993c58dc354e34974b9cfeac.mpf_cache
2026-05-15 21:43:38,257 : INFO : ConfigProcessor : Loading config from cache: C:\Users\White\AppData\Local\Temp\35b01af7767e50eba76da865e2d7f95a.mpf_cache
2026-05-15 21:43:38,257 : INFO : ConfigProcessor : Loading config from cache: C:\Users\White\AppData\Local\Temp\954a0964095d05f049666b24b311e3e0.mpf_cache
2026-05-15 21:43:38,258 : INFO : ConfigProcessor : Loading config from cache: C:\Users\White\AppData\Local\Temp\dcfa5ee5b10d64a3b94fd534c1aa451d.mpf_cache
2026-05-15 21:43:38,259 : INFO : ConfigProcessor : Loading config from cache: C:\Users\White\AppData\Local\Temp\a9244cf73bd1b995c8229a78fecf001a.mpf_cache
2026-05-15 21:43:38,259 : INFO : ConfigProcessor : Loading config from cache: C:\Users\White\AppData\Local\Temp\45fc6500cf8fab1ef48d0c2f81501272.mpf_cache
2026-05-15 21:43:38,260 : INFO : ConfigProcessor : Loading config from cache: C:\Users\White\AppData\Local\Temp\981e6839caefcab32cd6f1225f0b1dcf.mpf_cache
2026-05-15 21:43:38,261 : INFO : ConfigProcessor : Loading config from cache: C:\Users\White\AppData\Local\Temp\78ac3c6ac2705ccef0aca6223f38636a.mpf_cache
2026-05-15 21:43:38,263 : INFO : ConfigProcessor : Loading config from cache: C:\Users\White\AppData\Local\Temp\c416412e55ae5fd88a59da82f1a69a10.mpf_cache
2026-05-15 21:43:38,265 : INFO : ConfigProcessor : Loading config from cache: C:\Users\White\AppData\Local\Temp\a859aaec01fc9eda8e384946277a1be9.mpf_cache
2026-05-15 21:43:38,265 : INFO : ConfigProcessor : Loading config from cache: C:\Users\White\AppData\Local\Temp\3a2f2089f214eeb3c016e23cf6937b46.mpf_cache
2026-05-15 21:43:38,266 : INFO : ConfigProcessor : Loading config from cache: C:\Users\White\AppData\Local\Temp\6a827c2f81d5d6872a5c3d42d5788ee1.mpf_cache
2026-05-15 21:43:38,267 : INFO : ConfigProcessor : Loading config from cache: C:\Users\White\AppData\Local\Temp\d70718505753edc7bfae94d93c7e0d17.mpf_cache
2026-05-15 21:43:38,267 : INFO : ConfigProcessor : Loading config from cache: C:\Users\White\AppData\Local\Temp\824f161cac9e4c9f1443132020691281.mpf_cache
2026-05-15 21:43:38,268 : INFO : ConfigProcessor : Loading config from cache: C:\Users\White\AppData\Local\Temp\cd2c211e15a4dbebeef94e6a26e93112.mpf_cache
2026-05-15 21:43:38,269 : INFO : ConfigProcessor : Loading config from cache: C:\Users\White\AppData\Local\Temp\ba6e93360aa60032a4b7b34f9cffdce0.mpf_cache
2026-05-15 21:43:38,270 : INFO : ConfigProcessor : Loading config from cache: C:\Users\White\AppData\Local\Temp\4b9937c7976ed5cd1d24a4fa4018324b.mpf_cache
2026-05-15 21:43:38,271 : INFO : ConfigProcessor : Loading config from cache: C:\Users\White\AppData\Local\Temp\a41099aaa8931854bf7aeb1131eb25f5.mpf_cache
2026-05-15 21:43:38,274 : INFO : ConfigProcessor : Loading config from cache: C:\Users\White\AppData\Local\Temp\4db056afb6ae3257643d7cc331e05161.mpf_cache
2026-05-15 21:43:38,275 : INFO : ConfigProcessor : Loading config from cache: C:\Users\White\AppData\Local\Temp\a18f6718f5a170b21c37bd725ebae781.mpf_cache
2026-05-15 21:43:38,277 : INFO : ConfigProcessor : Loading config from cache: C:\Users\White\AppData\Local\Temp\8709151c8d2d3863b5fceda4c115c736.mpf_cache
2026-05-15 21:43:38,278 : INFO : ConfigProcessor : Loading config from cache: C:\Users\White\AppData\Local\Temp\769cd60133e5c0b9a985e6e3690a3631.mpf_cache
2026-05-15 21:43:38,279 : INFO : ConfigProcessor : Loading config from cache: C:\Users\White\AppData\Local\Temp\3d468c7cedf90be47a7d01e42bb936d2.mpf_cache
2026-05-15 21:43:38,279 : INFO : ConfigProcessor : Loading config from cache: C:\Users\White\AppData\Local\Temp\40a956b62e63adb1fd6230e070cc416f.mpf_cache
2026-05-15 21:43:38,280 : INFO : ConfigProcessor : Loading config from cache: C:\Users\White\AppData\Local\Temp\88387b71764ec8c6867c539ea54a2040.mpf_cache
2026-05-15 21:43:38,281 : INFO : ConfigProcessor : Loading config from cache: C:\Users\White\AppData\Local\Temp\2b752b47ed38224cd6b4953549e961ec.mpf_cache
2026-05-15 21:43:38,283 : INFO : ConfigProcessor : Loading config from cache: C:\Users\White\AppData\Local\Temp\bc5a83a7db04a21de896bef4617be537.mpf_cache
2026-05-15 21:43:38,286 : INFO : ConfigProcessor : Loading config from cache: C:\Users\White\AppData\Local\Temp\f74d72009f4dabec10fde825e0863a15.mpf_cache
2026-05-15 21:43:38,287 : INFO : ConfigProcessor : Loading config from cache: C:\Users\White\AppData\Local\Temp\66496f3db5355e441b1bd8ecccd57f05.mpf_cache
2026-05-15 21:43:38,288 : INFO : ConfigProcessor : Loading config from cache: C:\Users\White\AppData\Local\Temp\0ae832768984a3aa01ae31edc15ba990.mpf_cache
2026-05-15 21:43:38,290 : INFO : ConfigProcessor : Loading config from cache: C:\Users\White\AppData\Local\Temp\9c1b225c26aeb4cc019e2ce322947706.mpf_cache
2026-05-15 21:43:38,291 : INFO : ConfigProcessor : Loading config from cache: C:\Users\White\AppData\Local\Temp\cd7a088f79b0efe4ef0e6c248f30ea7a.mpf_cache
2026-05-15 21:43:38,293 : INFO : ConfigProcessor : Loading config from cache: C:\Users\White\AppData\Local\Temp\9ea7462f1dcba752602eb310d0ad4a44.mpf_cache
2026-05-15 21:43:38,295 : INFO : ConfigProcessor : Loading config from cache: C:\Users\White\AppData\Local\Temp\96651e0be7a1992a8a7abf26a9350bb6.mpf_cache
2026-05-15 21:43:38,296 : INFO : ConfigProcessor : Loading config from cache: C:\Users\White\AppData\Local\Temp\cbfc37a30bf6aa1a7a2aa4e455a94298.mpf_cache
2026-05-15 21:43:38,297 : INFO : ConfigProcessor : Loading config from cache: C:\Users\White\AppData\Local\Temp\fccb93411cf20b3ccac68b1dad0cbb88.mpf_cache
2026-05-15 21:43:38,298 : INFO : ConfigProcessor : Loading config from cache: C:\Users\White\AppData\Local\Temp\e16268268679c5881d2554ba916948dd.mpf_cache
2026-05-15 21:43:38,300 : INFO : ConfigProcessor : Loading config from cache: C:\Users\White\AppData\Local\Temp\81f3f7be5108efd0b69d2cf71a558028.mpf_cache
2026-05-15 21:43:38,301 : INFO : ConfigProcessor : Loading config from cache: C:\Users\White\AppData\Local\Temp\a97027ed54ab7f7f55eb3caa54f968f3.mpf_cache
2026-05-15 21:43:38,302 : INFO : ConfigProcessor : Loading config from cache: C:\Users\White\AppData\Local\Temp\fd6f0b40037ebf84651c592cbc8bc03a.mpf_cache
2026-05-15 21:43:38,302 : INFO : ConfigProcessor : Loading config from cache: C:\Users\White\AppData\Local\Temp\e1cebbcae09bac7286b592746f768daa.mpf_cache
2026-05-15 21:43:38,303 : INFO : ConfigProcessor : Loading config from cache: C:\Users\White\AppData\Local\Temp\55d5943d63961b44af3f854c02c721ad.mpf_cache
2026-05-15 21:43:38,305 : INFO : ConfigProcessor : Loading config from cache: C:\Users\White\AppData\Local\Temp\43f523791758ce46d2ad099d1ecb5a1a.mpf_cache
2026-05-15 21:43:38,306 : INFO : ConfigProcessor : Loading config from cache: C:\Users\White\AppData\Local\Temp\be0cea2a7d47c7cf979c3644b39972ab.mpf_cache
2026-05-15 21:43:38,307 : INFO : ConfigProcessor : Loading config from cache: C:\Users\White\AppData\Local\Temp\8f22b463b668cef8fc8e91f8271e08dd.mpf_cache
2026-05-15 21:43:38,310 : INFO : ConfigProcessor : Loading config from cache: C:\Users\White\AppData\Local\Temp\9ac10604873d355c34af0d8445abb8db.mpf_cache
2026-05-15 21:43:38,312 : INFO : ConfigProcessor : Loading config from cache: C:\Users\White\AppData\Local\Temp\77e3efdaa7991fde2ded950a578d622d.mpf_cache
2026-05-15 21:43:38,315 : INFO : ConfigProcessor : Loading config from cache: C:\Users\White\AppData\Local\Temp\19da4e94fc5ce3c5f810a9c7463c1354.mpf_cache
2026-05-15 21:43:38,316 : INFO : ConfigProcessor : Loading config from cache: C:\Users\White\AppData\Local\Temp\4443efc54f3a5f57a313f4078fbddd50.mpf_cache
2026-05-15 21:43:38,319 : INFO : ConfigProcessor : Loading config from cache: C:\Users\White\AppData\Local\Temp\88f72734ea72fc22245e5b82d5a75cb6.mpf_cache
2026-05-15 21:43:38,320 : INFO : ConfigProcessor : Loading config from cache: C:\Users\White\AppData\Local\Temp\2b3f78690e4e473b8e5df94cdc0ab039.mpf_cache
2026-05-15 21:43:38,322 : INFO : ConfigProcessor : Loading config from cache: C:\Users\White\AppData\Local\Temp\fa987fd2c3266ab64543e0b64578d739.mpf_cache
2026-05-15 21:43:38,326 : INFO : ConfigProcessor : Loading config from cache: C:\Users\White\AppData\Local\Temp\f26c5a15de77ef0685e209821eddbe7d.mpf_cache
2026-05-15 21:43:38,328 : INFO : ConfigProcessor : Loading config from cache: C:\Users\White\AppData\Local\Temp\c2c1510818de090aac140fad4cc773a2.mpf_cache
2026-05-15 21:43:38,330 : INFO : ConfigProcessor : Loading config from cache: C:\Users\White\AppData\Local\Temp\98d3d7eb23a2f141af3b9c324af06e38.mpf_cache
2026-05-15 21:43:38,335 : INFO : ConfigProcessor : Loading config from cache: C:\Users\White\AppData\Local\Temp\9a3b340b295c94e005fb29d2d35803d1.mpf_cache
2026-05-15 21:43:38,341 : INFO : ConfigProcessor : Loading config from cache: C:\Users\White\AppData\Local\Temp\6a788fdfb83194d81af99a12c59a319a.mpf_cache
2026-05-15 21:43:38,345 : INFO : ConfigProcessor : Loading config from cache: C:\Users\White\AppData\Local\Temp\2fe82acdc56ea652ff3066fd375b17fa.mpf_cache
2026-05-15 21:43:38,346 : INFO : ConfigProcessor : Loading config from cache: C:\Users\White\AppData\Local\Temp\d567fbe46807f36791c9019d207c2440.mpf_cache
2026-05-15 21:43:38,348 : INFO : ConfigProcessor : Loading config from cache: C:\Users\White\AppData\Local\Temp\b81a2f9431aaa1a40681603f4f13c3d2.mpf_cache
2026-05-15 21:43:38,349 : INFO : ConfigProcessor : Loading config from cache: C:\Users\White\AppData\Local\Temp\92e144f57e074048034118dddced307a.mpf_cache
2026-05-15 21:43:38,349 : INFO : ConfigProcessor : Loading config from cache: C:\Users\White\AppData\Local\Temp\4e3068d09bb0285319ebd926b91ae940.mpf_cache
2026-05-15 21:43:38,350 : INFO : ConfigProcessor : Loading config from cache: C:\Users\White\AppData\Local\Temp\e5ea79f25cd6e043f8fb75b2032d482e.mpf_cache
2026-05-15 21:43:38,351 : INFO : ConfigProcessor : Loading config from cache: C:\Users\White\AppData\Local\Temp\9947d160cef245c9a8496495e8a78885.mpf_cache
2026-05-15 21:43:38,351 : INFO : ConfigProcessor : Loading config from cache: C:\Users\White\AppData\Local\Temp\923f5edd3096433804c151ef9ced7fb1.mpf_cache
2026-05-15 21:43:38,352 : INFO : ConfigProcessor : Loading config from cache: C:\Users\White\AppData\Local\Temp\669bfab06c6aa3a1674b0f4b50ae7a3c.mpf_cache
2026-05-15 21:43:38,353 : INFO : ConfigProcessor : Loading config from cache: C:\Users\White\AppData\Local\Temp\81e3ac1306f02cfb95eeca67698417dc.mpf_cache
2026-05-15 21:43:38,355 : INFO : ConfigProcessor : Loading config from cache: C:\Users\White\AppData\Local\Temp\a6fe037899bc77554e846472e6476319.mpf_cache
2026-05-15 21:43:38,356 : INFO : ConfigProcessor : Loading config from cache: C:\Users\White\AppData\Local\Temp\cd20ab9d6bcfc3d94797e381db389ad9.mpf_cache
2026-05-15 21:43:38,357 : INFO : ConfigProcessor : Loading config from cache: C:\Users\White\AppData\Local\Temp\d763b47a22b017336bfbe57a6af89149.mpf_cache
2026-05-15 21:43:38,358 : INFO : ConfigProcessor : Loading config from cache: C:\Users\White\AppData\Local\Temp\386baade319655b6aedfa45ddbf562f0.mpf_cache
2026-05-15 21:43:38,360 : INFO : ConfigProcessor : Loading config from cache: C:\Users\White\AppData\Local\Temp\f939ce46d02c41a03afd31c4270c8c55.mpf_cache
2026-05-15 21:43:38,361 : INFO : ConfigProcessor : Loading config from cache: C:\Users\White\AppData\Local\Temp\59ab671ab96a4594304638e27b0542c8.mpf_cache
2026-05-15 21:43:38,361 : INFO : ConfigProcessor : Loading config from cache: C:\Users\White\AppData\Local\Temp\0ba5adb65e1d75578edd80699100c28e.mpf_cache
2026-05-15 21:43:38,362 : INFO : ConfigProcessor : Loading config from cache: C:\Users\White\AppData\Local\Temp\b5471f08be9278463d25e3c2f06df8dd.mpf_cache
2026-05-15 21:43:38,363 : INFO : ConfigProcessor : Loading config from cache: C:\Users\White\AppData\Local\Temp\e9dfca965102979619879287aaffd4da.mpf_cache
2026-05-15 21:43:38,363 : INFO : ConfigProcessor : Loading config from cache: C:\Users\White\AppData\Local\Temp\ce1ea71bb3ca3937ce71fdff0b263bdb.mpf_cache
2026-05-15 21:43:38,364 : INFO : ConfigProcessor : Loading config from cache: C:\Users\White\AppData\Local\Temp\29b7b020f0513127005b35e19f0d78e3.mpf_cache
2026-05-15 21:43:38,365 : INFO : ConfigProcessor : Loading config from cache: C:\Users\White\AppData\Local\Temp\a19f4094f571d5e3f4a6bb0d76ddc2bd.mpf_cache
2026-05-15 21:43:38,365 : INFO : ConfigProcessor : Loading config from cache: C:\Users\White\AppData\Local\Temp\2df17da133132edc82ded3ea13a7f2d2.mpf_cache
2026-05-15 21:43:38,366 : INFO : ConfigProcessor : Loading config from cache: C:\Users\White\AppData\Local\Temp\6e45c09d2e2fb19b3ec22c705aafb8a5.mpf_cache
2026-05-15 21:43:38,366 : INFO : ConfigProcessor : Loading config from cache: C:\Users\White\AppData\Local\Temp\e8d87e5ea50ea035195c03c37d485b96.mpf_cache
2026-05-15 21:43:38,367 : INFO : ConfigProcessor : Loading config from cache: C:\Users\White\AppData\Local\Temp\19e4bb8a4a9bf220e72c77e0c232cd72.mpf_cache
2026-05-15 21:43:38,368 : INFO : ConfigProcessor : Loading config from cache: C:\Users\White\AppData\Local\Temp\3719082fa9c5864b8378f7ec54f99cf0.mpf_cache
2026-05-15 21:43:38,368 : INFO : ConfigProcessor : Loading config from cache: C:\Users\White\AppData\Local\Temp\49cfb4bed9324bfe32f6074e3237ab91.mpf_cache
2026-05-15 21:43:38,369 : INFO : ConfigProcessor : Loading config from cache: C:\Users\White\AppData\Local\Temp\a3c5a80388cfc77cd0b14076a224a42b.mpf_cache
2026-05-15 21:43:38,371 : INFO : ConfigProcessor : Loading config from cache: C:\Users\White\AppData\Local\Temp\a48c8ce24f2758d196071669d149efd3.mpf_cache
2026-05-15 21:43:38,372 : INFO : ConfigProcessor : Loading config from cache: C:\Users\White\AppData\Local\Temp\1ed53c621b8f6af903a3041468102589.mpf_cache
2026-05-15 21:43:38,373 : INFO : ConfigProcessor : Loading config from cache: C:\Users\White\AppData\Local\Temp\41a845a48ffaa7677954152e6e297d40.mpf_cache
2026-05-15 21:43:38,373 : INFO : ConfigProcessor : Loading config from cache: C:\Users\White\AppData\Local\Temp\45a44881320e4c811d0578688ed7af5f.mpf_cache
2026-05-15 21:43:38,374 : INFO : ConfigProcessor : Loading config from cache: C:\Users\White\AppData\Local\Temp\b17acfedfaf18761d1b243a909fa6e25.mpf_cache
2026-05-15 21:43:38,376 : INFO : ConfigProcessor : Loading config from cache: C:\Users\White\AppData\Local\Temp\0352b9b582e3dca83b90b72973f30cb3.mpf_cache
2026-05-15 21:43:38,376 : INFO : ConfigProcessor : Loading config from cache: C:\Users\White\AppData\Local\Temp\5f9963cc4a0205527c292dff60ac95bf.mpf_cache
2026-05-15 21:43:38,377 : INFO : ConfigProcessor : Loading config from cache: C:\Users\White\AppData\Local\Temp\7d9d3a879fccd9ce7a432e5bad71a77d.mpf_cache
2026-05-15 21:43:38,378 : INFO : ConfigProcessor : Loading config from cache: C:\Users\White\AppData\Local\Temp\43a2267f77020b63ca7745b7b3fb05c5.mpf_cache
2026-05-15 21:43:38,379 : INFO : ConfigProcessor : Loading config from cache: C:\Users\White\AppData\Local\Temp\37a4804cb847e12400be24a6c2bfa250.mpf_cache
2026-05-15 21:43:38,380 : INFO : ConfigProcessor : Loading config from cache: C:\Users\White\AppData\Local\Temp\63828b82b94aa94cbe7d3a7a04305cb7.mpf_cache
2026-05-15 21:43:38,381 : INFO : ConfigProcessor : Loading config from cache: C:\Users\White\AppData\Local\Temp\c6c68f34067f4d4cd8da7c0d895bd8a2.mpf_cache
2026-05-15 21:43:38,382 : INFO : ConfigProcessor : Loading config from cache: C:\Users\White\AppData\Local\Temp\0420af4d870b9d4dca0c113858eeb892.mpf_cache
2026-05-15 21:43:38,383 : INFO : ConfigProcessor : Loading config from cache: C:\Users\White\AppData\Local\Temp\29db96f2862a8d571fce5d97e7bfa998.mpf_cache
2026-05-15 21:43:38,383 : INFO : ConfigProcessor : Loading config from cache: C:\Users\White\AppData\Local\Temp\c4e65309e05241fe1ada1112ae55c9ef.mpf_cache
2026-05-15 21:43:38,385 : INFO : ConfigProcessor : Loading config from cache: C:\Users\White\AppData\Local\Temp\bcabc7c4504a6189bbb8c27e26d16460.mpf_cache
2026-05-15 21:43:38,385 : INFO : ConfigProcessor : Loading config from cache: C:\Users\White\AppData\Local\Temp\6855b42a221992257d709a7391c0c3e8.mpf_cache
2026-05-15 21:43:38,386 : INFO : Machine : Mission Pinball Framework Core Engine v0.80.0.dev11
2026-05-15 21:43:38,386 : INFO : Machine : Command line arguments: {'no_load_cache': False, 'create_config_cache': True, 'bcp': True, 'configfile': ['config.yaml'], 'force_assets_load': False, 'platform_integration_test': False, 'jsonlogging': False, 'logfile': 'logs\\2026-05-15-21-43-38-mpf-TopGunPinball.log', 'pause': False, 'production': False, 'text_ui': False, 'loglevel': 15, 'consoleloglevel': 20, 'force_platform': None, 'syslog_address': None, 'full_logfile_path': 'C:\\Users\\White\\documents\\top_gun_pinball\\logs\\2026-05-15-21-43-38-mpf-TopGunPinball.log'}
2026-05-15 21:43:38,386 : INFO : Machine : MPF path: C:\Users\White\mpf\Lib\site-packages\mpf
2026-05-15 21:43:38,386 : INFO : Machine : Machine path: C:\Users\White\documents\top_gun_pinball
2026-05-15 21:43:38,386 : INFO : Machine : Platform: win32
2026-05-15 21:43:38,386 : INFO : Machine : Python executable location: C:\Users\White\mpf\Scripts\python.exe
2026-05-15 21:43:38,386 : INFO : Machine : Python version: 3.12.7 (64-bit)
2026-05-15 21:43:38,389 : INFO : Machine : Initializing MPF...
2026-05-15 21:43:38,530 : INFO : FAST : Auto-detecting ports for the following connections: ['net', 'exp', 'aud']
2026-05-15 21:43:39,115 : INFO : FAST : Detected AUD on port COM7
2026-05-15 21:43:39,115 : INFO : FAST : Detected EXP on port COM4
2026-05-15 21:43:39,115 : INFO : FAST : Detected NET on port COM3
2026-05-15 21:43:39,226 : INFO : FAST [NET] : Trying to connect to COM3 at 921600bps
2026-05-15 21:43:39,303 : INFO : FAST [NET] : Connected to COM3 at 921600bps
2026-05-15 21:43:39,319 : INFO : FAST [NET] : Connected to FP-CPU-2000 with firmware v02.26
2026-05-15 21:43:39,351 : INFO : FAST [NET] : Registered I/O Board 0: Model: FP-I/O-0024, Firmware: 01.10, Switches: 24, Drivers: 8
2026-05-15 21:43:39,366 : INFO : FAST [NET] : Registered I/O Board 1: Model: FP-I/O-3208, Firmware: 01.10, Switches: 32, Drivers: 8
2026-05-15 21:43:39,381 : INFO : FAST [NET] : Registered I/O Board 2: Model: FP-I/O-3208, Firmware: 01.10, Switches: 32, Drivers: 8
2026-05-15 21:43:39,397 : INFO : FAST [NET] : Registered I/O Board 3: Model: FP-I/O-0804, Firmware: 01.10, Switches: 8, Drivers: 4
2026-05-15 21:43:39,413 : INFO : FAST [NET] : Registered I/O Board 4: Model: FP-I/O-0804, Firmware: 01.10, Switches: 8, Drivers: 4
2026-05-15 21:43:39,415 : INFO : FAST [EXP] : Trying to connect to COM4 at 921600bps
2026-05-15 21:43:39,493 : INFO : FAST [EXP] : Connected to COM4 at 921600bps
2026-05-15 21:43:39,507 : INFO : FAST [EXP] : Verifying hardware for EXP "neuron" (FP-EXP-2000, @48) with ID string "EXP FP-EXP-2000  0.38", board address 48
2026-05-15 21:43:39,523 : INFO : FAST [EXP] : Verifying hardware for EXP "neuron" (FP-EXP-2000, @48) with ID string "LED FP-BRK-0001  0.8", board address 480
2026-05-15 21:43:39,555 : INFO : FAST [EXP] : Verifying hardware for EXP "light_expansion_board" (FP-EXP-0071, @B4) with ID string "EXP FP-EXP-0071  0.38", board address B4
2026-05-15 21:43:39,571 : INFO : FAST [EXP] : Verifying hardware for EXP "light_expansion_board" (FP-EXP-0071, @B4) with ID string "BRK FP-EXP-0071  0.38", board address B40
2026-05-15 21:43:39,602 : INFO : FAST [EXP] : Verifying hardware for EXP "shaker_board" (FP-EXP-1313, @30) with ID string "EXP FP-EXP-1313  0.48", board address 30
2026-05-15 21:43:39,617 : INFO : FAST [EXP] : Verifying hardware for EXP "shaker_board" (FP-EXP-1313, @30) with ID string "BRK FP-EXP-1313  0.48", board address 300
2026-05-15 21:43:39,633 : INFO : FAST [AUD] : Trying to connect to COM7 at 230400bps
2026-05-15 21:43:39,773 : INFO : FAST [AUD] : Connected to COM7 at 230400bps
2026-05-15 21:43:39,775 : WARNING : FAST [AUD] : Received XX response:F
2026-05-15 21:43:39,776 : WARNING : FAST [AUD] : Received XX response:F
2026-05-15 21:43:39,776 : WARNING : FAST [AUD] : Received XX response:F
2026-05-15 21:43:39,776 : WARNING : FAST [AUD] : Received XX response:F
2026-05-15 21:43:39,776 : INFO : FAST [AUD] : Connected to FP-AUD-0099 with firmware v0.10
2026-05-15 21:43:39,777 : INFO : EventManager : Event: ======'machine_var_credits_string'====== Args={'value': 'FREE PLAY', 'prev_value': None, 'change': True}
2026-05-15 21:43:39,809 : INFO : EventManager : Event: ======'machine_var_audit_balls_played'====== Args={'value': 0, 'prev_value': None, 'change': True}
2026-05-15 21:43:39,809 : INFO : EventManager : Event: ======'machine_var_audit_games_played'====== Args={'value': 0, 'prev_value': None, 'change': True}
2026-05-15 21:43:39,809 : INFO : EventManager : Event: ======'machine_var_audit_high_score'====== Args={'value': 0, 'prev_value': None, 'change': True}
2026-05-15 21:43:39,809 : INFO : EventManager : Event: ======'machine_var_audit_total_game_time'====== Args={'value': 0, 'prev_value': None, 'change': True}
2026-05-15 21:43:39,809 : INFO : EventManager : Event: ======'machine_var_audit_total_plays'====== Args={'value': 0, 'prev_value': None, 'change': True}
2026-05-15 21:43:39,809 : INFO : EventManager : Event: ======'machine_var_fast_audio_headphones_volume'====== Args={'value': 50, 'prev_value': None, 'change': True}
2026-05-15 21:43:39,809 : INFO : EventManager : Event: ======'machine_var_fast_audio_main_volume'====== Args={'value': 38, 'prev_value': None, 'change': True}
2026-05-15 21:43:39,809 : INFO : EventManager : Event: ======'machine_var_master_volume'====== Args={'value': 0.5, 'prev_value': None, 'change': True}
2026-05-15 21:43:39,809 : INFO : EventManager : Event: ======'machine_var_player1_score'====== Args={'value': 32083965, 'prev_value': None, 'change': True}
2026-05-15 21:43:39,809 : INFO : EventManager : Event: ======'machine_var_service_menu_level'====== Args={'value': 0, 'prev_value': None, 'change': True}
2026-05-15 21:43:39,810 : INFO : EventManager : Event: ======'machine_var_service_main_index'====== Args={'value': 0, 'prev_value': None, 'change': True}
2026-05-15 21:43:39,810 : INFO : EventManager : Event: ======'machine_var_service_switch_index'====== Args={'value': 0, 'prev_value': None, 'change': True}
2026-05-15 21:43:39,810 : INFO : EventManager : Event: ======'machine_var_service_coil_index'====== Args={'value': 0, 'prev_value': None, 'change': True}
2026-05-15 21:43:39,810 : INFO : EventManager : Event: ======'machine_var_service_light_index'====== Args={'value': 0, 'prev_value': None, 'change': True}
2026-05-15 21:43:39,810 : INFO : EventManager : Event: ======'machine_var_service_light_color_index'====== Args={'value': 0, 'prev_value': None, 'change': True}
2026-05-15 21:43:39,810 : INFO : EventManager : Event: ======'machine_var_service_adjustment_index'====== Args={'value': 0, 'prev_value': None, 'change': True}
2026-05-15 21:43:39,810 : INFO : EventManager : Event: ======'machine_var_service_audit_index'====== Args={'value': 0, 'prev_value': None, 'change': True}
2026-05-15 21:43:39,810 : INFO : EventManager : Event: ======'machine_var_service_feature_index'====== Args={'value': 0, 'prev_value': None, 'change': True}
2026-05-15 21:43:39,810 : INFO : EventManager : Event: ======'machine_var_service_main_text'====== Args={'value': 'SWITCH TEST', 'prev_value': None, 'change': True}
2026-05-15 21:43:39,810 : INFO : EventManager : Event: ======'machine_var_service_switch_name'====== Args={'value': 'Start Button', 'prev_value': None, 'change': True}
2026-05-15 21:43:39,810 : INFO : EventManager : Event: ======'machine_var_service_switch_num'====== Args={'value': 'Switch 1/63', 'prev_value': None, 'change': True}
2026-05-15 21:43:39,810 : INFO : EventManager : Event: ======'machine_var_service_switch_state'====== Args={'value': 'OPEN', 'prev_value': None, 'change': True}
2026-05-15 21:43:39,810 : INFO : EventManager : Event: ======'machine_var_service_coil_name'====== Args={'value': 'Left Flipper', 'prev_value': None, 'change': True}
2026-05-15 21:43:39,810 : INFO : EventManager : Event: ======'machine_var_service_coil_num'====== Args={'value': 'Coil 1/22', 'prev_value': None, 'change': True}
2026-05-15 21:43:39,810 : INFO : EventManager : Event: ======'machine_var_service_light_name'====== Args={'value': 'Eject Insert', 'prev_value': None, 'change': True}
2026-05-15 21:43:39,810 : INFO : EventManager : Event: ======'machine_var_service_light_num'====== Args={'value': 'Light 1/91', 'prev_value': None, 'change': True}
2026-05-15 21:43:39,810 : INFO : EventManager : Event: ======'machine_var_service_servo_index'====== Args={'value': 0, 'prev_value': None, 'change': True}
2026-05-15 21:43:39,810 : INFO : EventManager : Event: ======'machine_var_service_servo_name'====== Args={'value': 'Right Ramp', 'prev_value': None, 'change': True}
2026-05-15 21:43:39,810 : INFO : EventManager : Event: ======'machine_var_service_servo_num'====== Args={'value': 'Servo 1/6', 'prev_value': None, 'change': True}
2026-05-15 21:43:39,810 : INFO : EventManager : Event: ======'machine_var_service_servo_position'====== Args={'value': 'Pos: 0.05', 'prev_value': None, 'change': True}
2026-05-15 21:43:39,810 : INFO : EventManager : Event: ======'machine_var_service_adjustment_name'====== Args={'value': 'Balls Per Game', 'prev_value': None, 'change': True}
2026-05-15 21:43:39,811 : INFO : EventManager : Event: ======'machine_var_service_adjustment_num'====== Args={'value': 'Setting 1/15', 'prev_value': None, 'change': True}
2026-05-15 21:43:39,811 : INFO : EventManager : Event: ======'machine_var_service_audit_name'====== Args={'value': 'Games Played', 'prev_value': None, 'change': True}
2026-05-15 21:43:39,811 : INFO : EventManager : Event: ======'machine_var_service_audit_num'====== Args={'value': 'Audit 1/10', 'prev_value': None, 'change': True}
2026-05-15 21:43:39,811 : INFO : EventManager : Event: ======'machine_var_service_feature_name'====== Args={'value': 'Pilot Mode Timer', 'prev_value': None, 'change': True}
2026-05-15 21:43:39,811 : INFO : EventManager : Event: ======'machine_var_service_feature_num'====== Args={'value': 'Feature 1/10', 'prev_value': None, 'change': True}
2026-05-15 21:43:39,811 : INFO : EventManager : Event: ======'machine_var_ball_search_servo_count'====== Args={'value': 0, 'prev_value': None, 'change': True}
2026-05-15 21:43:39,811 : INFO : EventManager : Event: ======'machine_var_hs_letter_index'====== Args={'value': 0, 'prev_value': None, 'change': True}
2026-05-15 21:43:39,811 : INFO : EventManager : Event: ======'machine_var_hs_select_trigger'====== Args={'value': 0, 'prev_value': None, 'change': True}
2026-05-15 21:43:39,811 : INFO : EventManager : Event: ======'machine_var_hs_award_text'====== Args={'value': '', 'prev_value': None, 'change': True}
2026-05-15 21:43:39,811 : INFO : EventManager : Event: ======'machine_var_hs_player_num'====== Args={'value': 1, 'prev_value': None, 'change': True}
2026-05-15 21:43:39,811 : INFO : EventManager : Event: ======'machine_var_hs_score_value'====== Args={'value': 0, 'prev_value': None, 'change': True}
2026-05-15 21:43:39,811 : INFO : EventManager : Event: ======'machine_var_hs_entry_made'====== Args={'value': 0, 'prev_value': None, 'change': True}
2026-05-15 21:43:39,811 : INFO : EventManager : Event: ======'machine_var_mpf_version'====== Args={'value': 'Mission Pinball Framework v0.80.0.dev11', 'prev_value': None, 'change': True}
2026-05-15 21:43:39,811 : INFO : EventManager : Event: ======'machine_var_mpf_extended_version'====== Args={'value': 'Mission Pinball Framework v0.80.0.dev11, Config version:6, Show version: 6, BCP version:1.1', 'prev_value': None, 'change': True}
2026-05-15 21:43:39,812 : INFO : EventManager : Event: ======'machine_var_python_version'====== Args={'value': '3.12.7', 'prev_value': None, 'change': True}
2026-05-15 21:43:39,969 : INFO : EventManager : Event: ======'machine_var_platform'====== Args={'value': 'Windows-11-10.0.26200-SP0', 'prev_value': None, 'change': True}
2026-05-15 21:43:39,969 : INFO : EventManager : Event: ======'machine_var_platform_system'====== Args={'value': 'Windows', 'prev_value': None, 'change': True}
2026-05-15 21:43:39,969 : INFO : EventManager : Event: ======'machine_var_platform_release'====== Args={'value': '11', 'prev_value': None, 'change': True}
2026-05-15 21:43:39,969 : INFO : EventManager : Event: ======'machine_var_platform_version'====== Args={'value': '10.0.26200', 'prev_value': None, 'change': True}
2026-05-15 21:43:39,969 : INFO : EventManager : Event: ======'machine_var_platform_machine'====== Args={'value': 'AMD64', 'prev_value': None, 'change': True}
2026-05-15 21:43:39,969 : INFO : EventManager : Event: ======'machine_var_log_file_path'====== Args={'value': 'C:\\Users\\White\\documents\\top_gun_pinball\\logs\\2026-05-15-21-43-38-mpf-TopGunPinball.log', 'prev_value': None, 'change': True}
2026-05-15 21:43:39,969 : INFO : EventManager : Event: ======'init_phase_1'====== Args={}
2026-05-15 21:43:42,648 : INFO : SwitchController : <<<<<<< 's_48v_disable' active >>>>>>>
2026-05-15 21:43:42,648 : INFO : SwitchController : <<<<<<< 's_trough_1' active >>>>>>>
2026-05-15 21:43:42,648 : INFO : SwitchController : <<<<<<< 's_trough_2' active >>>>>>>
2026-05-15 21:43:42,648 : INFO : SwitchController : <<<<<<< 's_trough_3' active >>>>>>>
2026-05-15 21:43:42,648 : INFO : SwitchController : <<<<<<< 's_trough_4' active >>>>>>>
2026-05-15 21:43:42,648 : INFO : SwitchController : <<<<<<< 's_trough_5' active >>>>>>>
2026-05-15 21:43:42,649 : INFO : SwitchController : <<<<<<< 's_trough_6' active >>>>>>>
2026-05-15 21:43:42,699 : INFO : EventManager : Event: ======'init_phase_2'====== Args={}
2026-05-15 21:43:42,700 : INFO : SwitchController : Found active switch: (0, [FAST Platform Interface]) <switch.s_48v_disable>
2026-05-15 21:43:42,700 : INFO : SwitchController : Found active switch: (24, [FAST Platform Interface]) <switch.s_trough_1>
2026-05-15 21:43:42,700 : INFO : SwitchController : Found active switch: (25, [FAST Platform Interface]) <switch.s_trough_2>
2026-05-15 21:43:42,700 : INFO : SwitchController : Found active switch: (26, [FAST Platform Interface]) <switch.s_trough_3>
2026-05-15 21:43:42,700 : INFO : SwitchController : Found active switch: (27, [FAST Platform Interface]) <switch.s_trough_4>
2026-05-15 21:43:42,700 : INFO : SwitchController : Found active switch: (28, [FAST Platform Interface]) <switch.s_trough_5>
2026-05-15 21:43:42,700 : INFO : SwitchController : Found active switch: (29, [FAST Platform Interface]) <switch.s_trough_6>
2026-05-15 21:43:43,114 : INFO : EventManager : Event: ======'machine_var_score1_label'====== Args={'value': "You're the new top gun!", 'prev_value': None, 'change': True}
2026-05-15 21:43:43,114 : INFO : EventManager : Event: ======'machine_var_score1_name'====== Args={'value': 'BEH', 'prev_value': None, 'change': True}
2026-05-15 21:43:43,114 : INFO : EventManager : Event: ======'machine_var_score1_value'====== Args={'value': 32083965, 'prev_value': None, 'change': True}
2026-05-15 21:43:43,114 : INFO : EventManager : Event: ======'machine_var_score2_label'====== Args={'value': 'Almost at the top!', 'prev_value': None, 'change': True}
2026-05-15 21:43:43,114 : INFO : EventManager : Event: ======'machine_var_score2_name'====== Args={'value': 'BEH', 'prev_value': None, 'change': True}
2026-05-15 21:43:43,114 : INFO : EventManager : Event: ======'machine_var_score2_value'====== Args={'value': 31315500, 'prev_value': None, 'change': True}
2026-05-15 21:43:43,114 : INFO : EventManager : Event: ======'machine_var_score3_label'====== Args={'value': 'Never Leave your Wingman!', 'prev_value': None, 'change': True}
2026-05-15 21:43:43,114 : INFO : EventManager : Event: ======'machine_var_score3_name'====== Args={'value': 'BEH', 'prev_value': None, 'change': True}
2026-05-15 21:43:43,114 : INFO : EventManager : Event: ======'machine_var_score3_value'====== Args={'value': 29522025, 'prev_value': None, 'change': True}
2026-05-15 21:43:43,114 : INFO : EventManager : Event: ======'machine_var_score4_label'====== Args={'value': 'Are you a good Pilot?', 'prev_value': None, 'change': True}
2026-05-15 21:43:43,114 : INFO : EventManager : Event: ======'machine_var_score4_name'====== Args={'value': 'BEH', 'prev_value': None, 'change': True}
2026-05-15 21:43:43,114 : INFO : EventManager : Event: ======'machine_var_score4_value'====== Args={'value': 28019671, 'prev_value': None, 'change': True}
2026-05-15 21:43:43,115 : INFO : EventManager : Event: ======'machine_var_score5_label'====== Args={'value': "It's the Cargo Plane for you!", 'prev_value': None, 'change': True}
2026-05-15 21:43:43,115 : INFO : EventManager : Event: ======'machine_var_score5_name'====== Args={'value': 'MAVERICK', 'prev_value': None, 'change': True}
2026-05-15 21:43:43,115 : INFO : EventManager : Event: ======'machine_var_score5_value'====== Args={'value': 25000000, 'prev_value': None, 'change': True}
2026-05-15 21:43:43,115 : INFO : EventManager : Event: ======'machine_var_score6_label'====== Args={'value': '6th Place', 'prev_value': None, 'change': True}
2026-05-15 21:43:43,115 : INFO : EventManager : Event: ======'machine_var_score6_name'====== Args={'value': 'BEH', 'prev_value': None, 'change': True}
2026-05-15 21:43:43,115 : INFO : EventManager : Event: ======'machine_var_score6_value'====== Args={'value': 21377200, 'prev_value': None, 'change': True}
2026-05-15 21:43:43,115 : INFO : EventManager : Event: ======'machine_var_score7_label'====== Args={'value': '7th Place', 'prev_value': None, 'change': True}
2026-05-15 21:43:43,115 : INFO : EventManager : Event: ======'machine_var_score7_name'====== Args={'value': 'ICEMAN', 'prev_value': None, 'change': True}
2026-05-15 21:43:43,115 : INFO : EventManager : Event: ======'machine_var_score7_value'====== Args={'value': 20000000, 'prev_value': None, 'change': True}
2026-05-15 21:43:43,115 : INFO : EventManager : Event: ======'machine_var_score8_label'====== Args={'value': '8th Place', 'prev_value': None, 'change': True}
2026-05-15 21:43:43,115 : INFO : EventManager : Event: ======'machine_var_score8_name'====== Args={'value': 'BEH', 'prev_value': None, 'change': True}
2026-05-15 21:43:43,115 : INFO : EventManager : Event: ======'machine_var_score8_value'====== Args={'value': 18833875, 'prev_value': None, 'change': True}
2026-05-15 21:43:43,115 : INFO : EventManager : Event: ======'machine_var_score9_label'====== Args={'value': '9th Place', 'prev_value': None, 'change': True}
2026-05-15 21:43:43,115 : INFO : EventManager : Event: ======'machine_var_score9_name'====== Args={'value': 'BEH', 'prev_value': None, 'change': True}
2026-05-15 21:43:43,115 : INFO : EventManager : Event: ======'machine_var_score9_value'====== Args={'value': 16744456, 'prev_value': None, 'change': True}
2026-05-15 21:43:43,115 : INFO : EventManager : Event: ======'machine_var_score10_label'====== Args={'value': '10th Place', 'prev_value': None, 'change': True}
2026-05-15 21:43:43,115 : INFO : EventManager : Event: ======'machine_var_score10_name'====== Args={'value': 'ROOSTER', 'prev_value': None, 'change': True}
2026-05-15 21:43:43,115 : INFO : EventManager : Event: ======'machine_var_score10_value'====== Args={'value': 15000000, 'prev_value': None, 'change': True}
2026-05-15 21:43:43,115 : INFO : EventManager : Event: ======'machine_var_score11_label'====== Args={'value': '11th Place', 'prev_value': None, 'change': True}
2026-05-15 21:43:43,115 : INFO : EventManager : Event: ======'machine_var_score11_name'====== Args={'value': 'LFS', 'prev_value': None, 'change': True}
2026-05-15 21:43:43,115 : INFO : EventManager : Event: ======'machine_var_score11_value'====== Args={'value': 14268425, 'prev_value': None, 'change': True}
2026-05-15 21:43:43,115 : INFO : EventManager : Event: ======'machine_var_score12_label'====== Args={'value': '12th Place', 'prev_value': None, 'change': True}
2026-05-15 21:43:43,115 : INFO : EventManager : Event: ======'machine_var_score12_name'====== Args={'value': 'BEH', 'prev_value': None, 'change': True}
2026-05-15 21:43:43,115 : INFO : EventManager : Event: ======'machine_var_score12_value'====== Args={'value': 14191995, 'prev_value': None, 'change': True}
2026-05-15 21:43:43,115 : INFO : EventManager : Event: ======'machine_var_score13_label'====== Args={'value': '13th Place', 'prev_value': None, 'change': True}
2026-05-15 21:43:43,115 : INFO : EventManager : Event: ======'machine_var_score13_name'====== Args={'value': 'LFS', 'prev_value': None, 'change': True}
2026-05-15 21:43:43,115 : INFO : EventManager : Event: ======'machine_var_score13_value'====== Args={'value': 13607100, 'prev_value': None, 'change': True}
2026-05-15 21:43:43,115 : INFO : EventManager : Event: ======'machine_var_score14_label'====== Args={'value': '14th Place', 'prev_value': None, 'change': True}
2026-05-15 21:43:43,115 : INFO : EventManager : Event: ======'machine_var_score14_name'====== Args={'value': 'BEH', 'prev_value': None, 'change': True}
2026-05-15 21:43:43,115 : INFO : EventManager : Event: ======'machine_var_score14_value'====== Args={'value': 12550525, 'prev_value': None, 'change': True}
2026-05-15 21:43:43,115 : INFO : EventManager : Event: ======'machine_var_score15_label'====== Args={'value': '15th Place', 'prev_value': None, 'change': True}
2026-05-15 21:43:43,116 : INFO : EventManager : Event: ======'machine_var_score15_name'====== Args={'value': 'BEH', 'prev_value': None, 'change': True}
2026-05-15 21:43:43,116 : INFO : EventManager : Event: ======'machine_var_score15_value'====== Args={'value': 12052660, 'prev_value': None, 'change': True}
2026-05-15 21:43:43,116 : INFO : EventManager : Event: ======'bcp_connection_attempt'====== Args={'name': 'local_display', 'host': 'localhost', 'port': 5050}
2026-05-15 21:43:43,119 : INFO : BCPClientSocket : Connecting BCP to 'local_display' at localhost:5050...
2026-05-15 21:43:43,133 : INFO : BCPClientSocket : Connected BCP to 'local_display' localhost:5050
2026-05-15 21:43:43,135 : INFO : EventManager : Event: ======'bcp_clients_connected'====== Args={}
2026-05-15 21:43:43,136 : INFO : ball_device.bd_plunger : BCH: Initial count: 0
2026-05-15 21:43:43,136 : INFO : ball_device.bd_plunger : State: idle
2026-05-15 21:43:43,137 : INFO : ball_device.bd_trough : BCH: Initial count: 6
2026-05-15 21:43:43,137 : INFO : ball_device.bd_trough : State: idle
2026-05-15 21:43:43,137 : INFO : ball_device.bd_lock_elevator : BCH: Initial count: 0
2026-05-15 21:43:43,138 : INFO : ball_device.bd_lock_elevator : State: idle
2026-05-15 21:43:43,138 : INFO : ball_device.bd_lock_goose : BCH: Initial count: 0
2026-05-15 21:43:43,139 : INFO : ball_device.bd_lock_goose : State: idle
2026-05-15 21:43:43,139 : INFO : ball_device.bd_lock_mav : BCH: Initial count: 0
2026-05-15 21:43:43,140 : INFO : ball_device.bd_lock_mav : State: idle
2026-05-15 21:43:43,140 : INFO : ball_device.bd_mode_scoop : BCH: Initial count: 0
2026-05-15 21:43:43,141 : INFO : ball_device.bd_mode_scoop : State: idle
2026-05-15 21:43:43,167 : INFO : EventManager : Event: ======'init_phase_3'====== Args={}
2026-05-15 21:43:46,194 : INFO : EventManager : Event: ======'init_phase_4'====== Args={}
2026-05-15 21:43:46,195 : INFO : BallController : Initial balls found: 6
2026-05-15 21:43:46,198 : INFO : EventManager : Event: ======'machine_var_audits_events_game_ended'====== Args={'value': 440, 'prev_value': None, 'change': True}
2026-05-15 21:43:46,198 : INFO : EventManager : Event: ======'machine_var_audits_events_game_started'====== Args={'value': 1890, 'prev_value': None, 'change': True}
2026-05-15 21:43:46,198 : INFO : EventManager : Event: ======'machine_var_audits_missing_switches_s_48v_disable'====== Args={'value': 1066, 'prev_value': None, 'change': True}
2026-05-15 21:43:46,198 : INFO : EventManager : Event: ======'machine_var_audits_missing_switches_s_a_iceman_target'====== Args={'value': 1, 'prev_value': None, 'change': True}
2026-05-15 21:43:46,198 : INFO : EventManager : Event: ======'machine_var_audits_missing_switches_s_barrier_target'====== Args={'value': 1, 'prev_value': None, 'change': True}
2026-05-15 21:43:46,198 : INFO : EventManager : Event: ======'machine_var_audits_missing_switches_s_bumper_center'====== Args={'value': 1, 'prev_value': None, 'change': True}
2026-05-15 21:43:46,198 : INFO : EventManager : Event: ======'machine_var_audits_missing_switches_s_bumper_left'====== Args={'value': 1, 'prev_value': None, 'change': True}
2026-05-15 21:43:46,198 : INFO : EventManager : Event: ======'machine_var_audits_missing_switches_s_bumper_right'====== Args={'value': 1, 'prev_value': None, 'change': True}
2026-05-15 21:43:46,198 : INFO : EventManager : Event: ======'machine_var_audits_missing_switches_s_c_iceman_target'====== Args={'value': 1, 'prev_value': None, 'change': True}
2026-05-15 21:43:46,199 : INFO : EventManager : Event: ======'machine_var_audits_missing_switches_s_c_lock_target'====== Args={'value': 1, 'prev_value': None, 'change': True}
2026-05-15 21:43:46,199 : INFO : EventManager : Event: ======'machine_var_audits_missing_switches_s_coin_door'====== Args={'value': 3, 'prev_value': None, 'change': True}
2026-05-15 21:43:46,199 : INFO : EventManager : Event: ======'machine_var_audits_missing_switches_s_coin_door_credit_left'====== Args={'value': 1681, 'prev_value': None, 'change': True}
2026-05-15 21:43:46,199 : INFO : EventManager : Event: ======'machine_var_audits_missing_switches_s_coin_door_credit_right'====== Args={'value': 1073, 'prev_value': None, 'change': True}
2026-05-15 21:43:46,199 : INFO : EventManager : Event: ======'machine_var_audits_missing_switches_s_coin_door_service_1'====== Args={'value': 199, 'prev_value': None, 'change': True}
2026-05-15 21:43:46,199 : INFO : EventManager : Event: ======'machine_var_audits_missing_switches_s_coin_door_service_2'====== Args={'value': 30, 'prev_value': None, 'change': True}
2026-05-15 21:43:46,199 : INFO : EventManager : Event: ======'machine_var_audits_missing_switches_s_coin_door_service_3'====== Args={'value': 30, 'prev_value': None, 'change': True}
2026-05-15 21:43:46,199 : INFO : EventManager : Event: ======'machine_var_audits_missing_switches_s_coin_door_service_4'====== Args={'value': 199, 'prev_value': None, 'change': True}
2026-05-15 21:43:46,199 : INFO : EventManager : Event: ======'machine_var_audits_missing_switches_s_e_iceman_target'====== Args={'value': 1, 'prev_value': None, 'change': True}
2026-05-15 21:43:46,199 : INFO : EventManager : Event: ======'machine_var_audits_missing_switches_s_flight_gear_target'====== Args={'value': 1, 'prev_value': None, 'change': True}
2026-05-15 21:43:46,199 : INFO : EventManager : Event: ======'machine_var_audits_missing_switches_s_i_iceman_target'====== Args={'value': 1, 'prev_value': None, 'change': True}
2026-05-15 21:43:46,199 : INFO : EventManager : Event: ======'machine_var_audits_missing_switches_s_inlane_left'====== Args={'value': 1, 'prev_value': None, 'change': True}
2026-05-15 21:43:46,199 : INFO : EventManager : Event: ======'machine_var_audits_missing_switches_s_inner_inlane_right'====== Args={'value': 1, 'prev_value': None, 'change': True}
2026-05-15 21:43:46,199 : INFO : EventManager : Event: ======'machine_var_audits_missing_switches_s_k_lock_target'====== Args={'value': 1, 'prev_value': None, 'change': True}
2026-05-15 21:43:46,200 : INFO : EventManager : Event: ======'machine_var_audits_missing_switches_s_lane_left'====== Args={'value': 1, 'prev_value': None, 'change': True}
2026-05-15 21:43:46,200 : INFO : EventManager : Event: ======'machine_var_audits_missing_switches_s_lock_goose'====== Args={'value': 1, 'prev_value': None, 'change': True}
2026-05-15 21:43:46,200 : INFO : EventManager : Event: ======'machine_var_audits_missing_switches_s_lock_mav'====== Args={'value': 1, 'prev_value': None, 'change': True}
2026-05-15 21:43:46,200 : INFO : EventManager : Event: ======'machine_var_audits_missing_switches_s_lock_plunger'====== Args={'value': 1, 'prev_value': None, 'change': True}
2026-05-15 21:43:46,200 : INFO : EventManager : Event: ======'machine_var_audits_missing_switches_s_m_iceman_target'====== Args={'value': 1, 'prev_value': None, 'change': True}
2026-05-15 21:43:46,200 : INFO : EventManager : Event: ======'machine_var_audits_missing_switches_s_mig_lane_left'====== Args={'value': 1, 'prev_value': None, 'change': True}
2026-05-15 21:43:46,200 : INFO : EventManager : Event: ======'machine_var_audits_missing_switches_s_mig_lane_right'====== Args={'value': 1, 'prev_value': None, 'change': True}
2026-05-15 21:43:46,200 : INFO : EventManager : Event: ======'machine_var_audits_missing_switches_s_o_lock_target'====== Args={'value': 1, 'prev_value': None, 'change': True}
2026-05-15 21:43:46,200 : INFO : EventManager : Event: ======'machine_var_audits_missing_switches_s_orbit_lower'====== Args={'value': 1, 'prev_value': None, 'change': True}
2026-05-15 21:43:46,200 : INFO : EventManager : Event: ======'machine_var_audits_missing_switches_s_orbit_upper'====== Args={'value': 1, 'prev_value': None, 'change': True}
2026-05-15 21:43:46,200 : INFO : EventManager : Event: ======'machine_var_audits_missing_switches_s_outer_inlane_right'====== Args={'value': 1, 'prev_value': None, 'change': True}
2026-05-15 21:43:46,200 : INFO : EventManager : Event: ======'machine_var_audits_missing_switches_s_outlane_right'====== Args={'value': 1, 'prev_value': None, 'change': True}
2026-05-15 21:43:46,200 : INFO : EventManager : Event: ======'machine_var_audits_missing_switches_s_plunger_lane'====== Args={'value': 10, 'prev_value': None, 'change': True}
2026-05-15 21:43:46,200 : INFO : EventManager : Event: ======'machine_var_audits_missing_switches_s_ramp_inner_exit'====== Args={'value': 1, 'prev_value': None, 'change': True}
2026-05-15 21:43:46,201 : INFO : EventManager : Event: ======'machine_var_audits_missing_switches_s_ramp_left_exit'====== Args={'value': 1, 'prev_value': None, 'change': True}
2026-05-15 21:43:46,201 : INFO : EventManager : Event: ======'machine_var_audits_missing_switches_s_ramp_right_exit'====== Args={'value': 1, 'prev_value': None, 'change': True}
2026-05-15 21:43:46,201 : INFO : EventManager : Event: ======'machine_var_audits_missing_switches_s_ramp_tower_exit'====== Args={'value': 1, 'prev_value': None, 'change': True}
2026-05-15 21:43:46,201 : INFO : EventManager : Event: ======'machine_var_audits_missing_switches_s_slingshot_right'====== Args={'value': 1, 'prev_value': None, 'change': True}
2026-05-15 21:43:46,201 : INFO : EventManager : Event: ======'machine_var_audits_missing_switches_s_start'====== Args={'value': 2, 'prev_value': None, 'change': True}
2026-05-15 21:43:46,201 : INFO : EventManager : Event: ======'machine_var_audits_missing_switches_s_tilt'====== Args={'value': 1, 'prev_value': None, 'change': True}
2026-05-15 21:43:46,201 : INFO : EventManager : Event: ======'machine_var_audits_player_score'====== Args={'value': {'average': 2936997, 'top': [78940560, 42150145, 36434308, 35813075, 35351774, 33498550, 32083965, 31315500, 29522025, 29420000], 'total': 668}, 'prev_value': None, 'change': True}
2026-05-15 21:43:46,201 : INFO : EventManager : Event: ======'machine_var_audits_shots_bumper_center'====== Args={'value': 9004, 'prev_value': None, 'change': True}
2026-05-15 21:43:46,201 : INFO : EventManager : Event: ======'machine_var_audits_shots_bumper_left'====== Args={'value': 11455, 'prev_value': None, 'change': True}
2026-05-15 21:43:46,201 : INFO : EventManager : Event: ======'machine_var_audits_shots_bumper_right'====== Args={'value': 8979, 'prev_value': None, 'change': True}
2026-05-15 21:43:46,201 : INFO : EventManager : Event: ======'machine_var_audits_shots_mach_ramp'====== Args={'value': 1937, 'prev_value': None, 'change': True}
2026-05-15 21:43:46,201 : INFO : EventManager : Event: ======'machine_var_audits_shots_mig_lane_left'====== Args={'value': 863, 'prev_value': None, 'change': True}
2026-05-15 21:43:46,201 : INFO : EventManager : Event: ======'machine_var_audits_shots_mig_lane_right'====== Args={'value': 939, 'prev_value': None, 'change': True}
2026-05-15 21:43:46,201 : INFO : EventManager : Event: ======'machine_var_audits_shots_orbit_upper'====== Args={'value': 288, 'prev_value': None, 'change': True}
2026-05-15 21:43:46,201 : INFO : EventManager : Event: ======'machine_var_audits_shots_ramp_inner'====== Args={'value': 199, 'prev_value': None, 'change': True}
2026-05-15 21:43:46,201 : INFO : EventManager : Event: ======'machine_var_audits_shots_spinner'====== Args={'value': 252, 'prev_value': None, 'change': True}
2026-05-15 21:43:46,202 : INFO : EventManager : Event: ======'machine_var_audits_switches_s_48v_disable'====== Args={'value': 0, 'prev_value': None, 'change': True}
2026-05-15 21:43:46,202 : INFO : EventManager : Event: ======'machine_var_audits_switches_s_a_iceman_target'====== Args={'value': 2101, 'prev_value': None, 'change': True}
2026-05-15 21:43:46,202 : INFO : EventManager : Event: ======'machine_var_audits_switches_s_barrier_target'====== Args={'value': 1480, 'prev_value': None, 'change': True}
2026-05-15 21:43:46,202 : INFO : EventManager : Event: ======'machine_var_audits_switches_s_bumper_center'====== Args={'value': 9024, 'prev_value': None, 'change': True}
2026-05-15 21:43:46,202 : INFO : EventManager : Event: ======'machine_var_audits_switches_s_bumper_left'====== Args={'value': 11486, 'prev_value': None, 'change': True}
2026-05-15 21:43:46,202 : INFO : EventManager : Event: ======'machine_var_audits_switches_s_bumper_right'====== Args={'value': 8985, 'prev_value': None, 'change': True}
2026-05-15 21:43:46,202 : INFO : EventManager : Event: ======'machine_var_audits_switches_s_c_iceman_target'====== Args={'value': 1966, 'prev_value': None, 'change': True}
2026-05-15 21:43:46,202 : INFO : EventManager : Event: ======'machine_var_audits_switches_s_c_lock_target'====== Args={'value': 1948, 'prev_value': None, 'change': True}
2026-05-15 21:43:46,202 : INFO : EventManager : Event: ======'machine_var_audits_switches_s_coin_door'====== Args={'value': 124, 'prev_value': None, 'change': True}
2026-05-15 21:43:46,202 : INFO : EventManager : Event: ======'machine_var_audits_switches_s_coin_door_credit_left'====== Args={'value': 0, 'prev_value': None, 'change': True}
2026-05-15 21:43:46,202 : INFO : EventManager : Event: ======'machine_var_audits_switches_s_coin_door_credit_right'====== Args={'value': 1, 'prev_value': None, 'change': True}
2026-05-15 21:43:46,202 : INFO : EventManager : Event: ======'machine_var_audits_switches_s_coin_door_service_1'====== Args={'value': 24, 'prev_value': None, 'change': True}
2026-05-15 21:43:46,202 : INFO : EventManager : Event: ======'machine_var_audits_switches_s_coin_door_service_2'====== Args={'value': 182, 'prev_value': None, 'change': True}
2026-05-15 21:43:46,202 : INFO : EventManager : Event: ======'machine_var_audits_switches_s_coin_door_service_3'====== Args={'value': 98, 'prev_value': None, 'change': True}
2026-05-15 21:43:46,202 : INFO : EventManager : Event: ======'machine_var_audits_switches_s_coin_door_service_4'====== Args={'value': 47, 'prev_value': None, 'change': True}
2026-05-15 21:43:46,202 : INFO : EventManager : Event: ======'machine_var_audits_switches_s_e_iceman_target'====== Args={'value': 1666, 'prev_value': None, 'change': True}
2026-05-15 21:43:46,202 : INFO : EventManager : Event: ======'machine_var_audits_switches_s_flight_gear_target'====== Args={'value': 3810, 'prev_value': None, 'change': True}
2026-05-15 21:43:46,202 : INFO : EventManager : Event: ======'machine_var_audits_switches_s_flipper_left'====== Args={'value': 57368, 'prev_value': None, 'change': True}
2026-05-15 21:43:46,202 : INFO : EventManager : Event: ======'machine_var_audits_switches_s_flipper_left_eos'====== Args={'value': 52094, 'prev_value': None, 'change': True}
2026-05-15 21:43:46,202 : INFO : EventManager : Event: ======'machine_var_audits_switches_s_flipper_left_upper'====== Args={'value': 56679, 'prev_value': None, 'change': True}
2026-05-15 21:43:46,202 : INFO : EventManager : Event: ======'machine_var_audits_switches_s_flipper_left_upper_eos'====== Args={'value': 63814, 'prev_value': None, 'change': True}
2026-05-15 21:43:46,202 : INFO : EventManager : Event: ======'machine_var_audits_switches_s_flipper_right'====== Args={'value': 55625, 'prev_value': None, 'change': True}
2026-05-15 21:43:46,203 : INFO : EventManager : Event: ======'machine_var_audits_switches_s_flipper_right_eos'====== Args={'value': 50042, 'prev_value': None, 'change': True}
2026-05-15 21:43:46,203 : INFO : EventManager : Event: ======'machine_var_audits_switches_s_i_iceman_target'====== Args={'value': 2265, 'prev_value': None, 'change': True}
2026-05-15 21:43:46,203 : INFO : EventManager : Event: ======'machine_var_audits_switches_s_inlane_left'====== Args={'value': 4975, 'prev_value': None, 'change': True}
2026-05-15 21:43:46,203 : INFO : EventManager : Event: ======'machine_var_audits_switches_s_inner_inlane_right'====== Args={'value': 3234, 'prev_value': None, 'change': True}
2026-05-15 21:43:46,203 : INFO : EventManager : Event: ======'machine_var_audits_switches_s_jam'====== Args={'value': 5611, 'prev_value': None, 'change': True}
2026-05-15 21:43:46,203 : INFO : EventManager : Event: ======'machine_var_audits_switches_s_k_lock_target'====== Args={'value': 3170, 'prev_value': None, 'change': True}
2026-05-15 21:43:46,203 : INFO : EventManager : Event: ======'machine_var_audits_switches_s_l_lock_target'====== Args={'value': 2556, 'prev_value': None, 'change': True}
2026-05-15 21:43:46,203 : INFO : EventManager : Event: ======'machine_var_audits_switches_s_lane_left'====== Args={'value': 2638, 'prev_value': None, 'change': True}
2026-05-15 21:43:46,203 : INFO : EventManager : Event: ======'machine_var_audits_switches_s_lane_right'====== Args={'value': 4779, 'prev_value': None, 'change': True}
2026-05-15 21:43:46,203 : INFO : EventManager : Event: ======'machine_var_audits_switches_s_lock_goose'====== Args={'value': 641, 'prev_value': None, 'change': True}
2026-05-15 21:43:46,203 : INFO : EventManager : Event: ======'machine_var_audits_switches_s_lock_mav'====== Args={'value': 1040, 'prev_value': None, 'change': True}
2026-05-15 21:43:46,203 : INFO : EventManager : Event: ======'machine_var_audits_switches_s_lock_plunger'====== Args={'value': 502, 'prev_value': None, 'change': True}
2026-05-15 21:43:46,203 : INFO : EventManager : Event: ======'machine_var_audits_switches_s_m_iceman_target'====== Args={'value': 1522, 'prev_value': None, 'change': True}
2026-05-15 21:43:46,203 : INFO : EventManager : Event: ======'machine_var_audits_switches_s_mig_lane_left'====== Args={'value': 3008, 'prev_value': None, 'change': True}
2026-05-15 21:43:46,203 : INFO : EventManager : Event: ======'machine_var_audits_switches_s_mig_lane_right'====== Args={'value': 2233, 'prev_value': None, 'change': True}
2026-05-15 21:43:46,203 : INFO : EventManager : Event: ======'machine_var_audits_switches_s_mode_start'====== Args={'value': 2027, 'prev_value': None, 'change': True}
2026-05-15 21:43:46,203 : INFO : EventManager : Event: ======'machine_var_audits_switches_s_n_iceman_target'====== Args={'value': 1859, 'prev_value': None, 'change': True}
2026-05-15 21:43:46,203 : INFO : EventManager : Event: ======'machine_var_audits_switches_s_o_lock_target'====== Args={'value': 3797, 'prev_value': None, 'change': True}
2026-05-15 21:43:46,203 : INFO : EventManager : Event: ======'machine_var_audits_switches_s_orbit_left'====== Args={'value': 8609, 'prev_value': None, 'change': True}
2026-05-15 21:43:46,203 : INFO : EventManager : Event: ======'machine_var_audits_switches_s_orbit_lower'====== Args={'value': 537, 'prev_value': None, 'change': True}
2026-05-15 21:43:46,203 : INFO : EventManager : Event: ======'machine_var_audits_switches_s_orbit_right'====== Args={'value': 7067, 'prev_value': None, 'change': True}
2026-05-15 21:43:46,203 : INFO : EventManager : Event: ======'machine_var_audits_switches_s_orbit_upper'====== Args={'value': 2274, 'prev_value': None, 'change': True}
2026-05-15 21:43:46,203 : INFO : EventManager : Event: ======'machine_var_audits_switches_s_outer_inlane_right'====== Args={'value': 4745, 'prev_value': None, 'change': True}
2026-05-15 21:43:46,203 : INFO : EventManager : Event: ======'machine_var_audits_switches_s_outlane_left'====== Args={'value': 1808, 'prev_value': None, 'change': True}
2026-05-15 21:43:46,203 : INFO : EventManager : Event: ======'machine_var_audits_switches_s_outlane_right'====== Args={'value': 2014, 'prev_value': None, 'change': True}
2026-05-15 21:43:46,203 : INFO : EventManager : Event: ======'machine_var_audits_switches_s_plunger_lane'====== Args={'value': 46, 'prev_value': None, 'change': True}
2026-05-15 21:43:46,203 : INFO : EventManager : Event: ======'machine_var_audits_switches_s_ramp_inner_exit'====== Args={'value': 1983, 'prev_value': None, 'change': True}
2026-05-15 21:43:46,203 : INFO : EventManager : Event: ======'machine_var_audits_switches_s_ramp_left_exit'====== Args={'value': 3018, 'prev_value': None, 'change': True}
2026-05-15 21:43:46,203 : INFO : EventManager : Event: ======'machine_var_audits_switches_s_ramp_right_exit'====== Args={'value': 1176, 'prev_value': None, 'change': True}
2026-05-15 21:43:46,203 : INFO : EventManager : Event: ======'machine_var_audits_switches_s_ramp_tower_exit'====== Args={'value': 3044, 'prev_value': None, 'change': True}
2026-05-15 21:43:46,203 : INFO : EventManager : Event: ======'machine_var_audits_switches_s_shooter_lane'====== Args={'value': 6495, 'prev_value': None, 'change': True}
2026-05-15 21:43:46,203 : INFO : EventManager : Event: ======'machine_var_audits_switches_s_slingshot_left'====== Args={'value': 6397, 'prev_value': None, 'change': True}
2026-05-15 21:43:46,203 : INFO : EventManager : Event: ======'machine_var_audits_switches_s_slingshot_right'====== Args={'value': 4557, 'prev_value': None, 'change': True}
2026-05-15 21:43:46,203 : INFO : EventManager : Event: ======'machine_var_audits_switches_s_spinner'====== Args={'value': 66290, 'prev_value': None, 'change': True}
2026-05-15 21:43:46,205 : INFO : EventManager : Event: ======'machine_var_audits_switches_s_start'====== Args={'value': 1128, 'prev_value': None, 'change': True}
2026-05-15 21:43:46,205 : INFO : EventManager : Event: ======'machine_var_audits_switches_s_tilt'====== Args={'value': 3779, 'prev_value': None, 'change': True}
2026-05-15 21:43:46,205 : INFO : EventManager : Event: ======'machine_var_audits_switches_s_trough_1'====== Args={'value': 5666, 'prev_value': None, 'change': True}
2026-05-15 21:43:46,205 : INFO : EventManager : Event: ======'machine_var_audits_switches_s_trough_2'====== Args={'value': 5708, 'prev_value': None, 'change': True}
2026-05-15 21:43:46,205 : INFO : EventManager : Event: ======'machine_var_audits_switches_s_trough_3'====== Args={'value': 5734, 'prev_value': None, 'change': True}
2026-05-15 21:43:46,205 : INFO : EventManager : Event: ======'machine_var_audits_switches_s_trough_4'====== Args={'value': 5728, 'prev_value': None, 'change': True}
2026-05-15 21:43:46,205 : INFO : EventManager : Event: ======'machine_var_audits_switches_s_trough_5'====== Args={'value': 5722, 'prev_value': None, 'change': True}
2026-05-15 21:43:46,205 : INFO : EventManager : Event: ======'machine_var_audits_switches_s_trough_6'====== Args={'value': 5706, 'prev_value': None, 'change': True}
2026-05-15 21:43:46,206 : INFO : EventManager : Event: ======'init_phase_5'====== Args={}
2026-05-15 21:43:46,207 : INFO : EventManager : Event: ======'init_done'====== Args={}
2026-05-15 21:43:46,207 : INFO : coil.c_coin_door_led : Enabling Driver with power 1.0 (pulse_ms 10ms and pulse_power 1.0)
2026-05-15 21:43:46,208 : INFO : EventManager : Event: ======'machine_reset_phase_1'====== Args={}
2026-05-15 21:43:46,218 : INFO : EventManager : Event: ======'machine_reset_phase_2'====== Args={}
2026-05-15 21:43:46,219 : INFO : EventManager : Event: ======'machine_reset_phase_3'====== Args={}
2026-05-15 21:43:46,220 : INFO : EventManager : Event: ======'mode_attract_will_start'====== Args={'queue': <QueuedEvent>}
2026-05-15 21:43:46,220 : INFO : Timer.attract_carousel_timer : Starting Timer.
2026-05-15 21:43:46,220 : INFO : EventManager : Event: ======'timer_attract_carousel_timer_started'====== Args={'ticks': 0, 'ticks_remaining': 1}
2026-05-15 21:43:46,220 : INFO : EventManager : Event: ======'timer_attract_carousel_timer_tick'====== Args={'ticks': 0, 'ticks_remaining': 1}
2026-05-15 21:43:46,222 : INFO : EventManager : Event: ======'mode_attract_starting'====== Args={'queue': <QueuedEvent>}
2026-05-15 21:43:46,223 : INFO : EventManager : Event: ======'mode_ball_search_servos_will_start'====== Args={'queue': <QueuedEvent>}
2026-05-15 21:43:46,223 : INFO : EventManager : Event: ======'mode_ball_search_servos_starting'====== Args={'queue': <QueuedEvent>}
2026-05-15 21:43:46,225 : INFO : Mode.ball_search_servos : Started. Priority: 5
2026-05-15 21:43:46,225 : INFO : EventManager : Event: ======'modes_active_modes_changed'====== Args={}
2026-05-15 21:43:46,225 : INFO : EventManager : Event: ======'mode_ball_search_servos_started'====== Args={'queue': <QueuedEvent>}
2026-05-15 21:43:46,225 : INFO : Mode.attract : Started. Priority: 10
2026-05-15 21:43:46,225 : INFO : EventManager : Event: ======'modes_active_modes_changed'====== Args={}
2026-05-15 21:43:46,225 : INFO : EventManager : Event: ======'mode_attract_started'====== Args={'queue': <QueuedEvent>}
2026-05-15 21:43:46,226 : INFO : EventManager : Event: ======'attract_cycle_step1'====== Args={'priority': 0}
2026-05-15 21:43:46,226 : INFO : EventManager : Event: ======'right_ramp_down'====== Args={'priority': 0}
2026-05-15 21:43:46,226 : INFO : EventManager : Event: ======'top_ramp_down'====== Args={'priority': 0}
2026-05-15 21:43:46,226 : INFO : EventManager : Event: ======'lock_released'====== Args={'priority': 0}
2026-05-15 21:43:46,227 : INFO : coil.c_start_button_led : Enabling Driver with power 1.0 (pulse_ms 10ms and pulse_power 1.0)
2026-05-15 21:43:46,227 : INFO : Timer.attract_music_stop_timer : Starting Timer.
2026-05-15 21:43:46,227 : INFO : EventManager : Event: ======'timer_attract_music_stop_timer_started'====== Args={'ticks': 0, 'ticks_remaining': 120}
2026-05-15 21:43:46,227 : INFO : EventManager : Event: ======'timer_attract_music_stop_timer_tick'====== Args={'ticks': 0, 'ticks_remaining': 120}
2026-05-15 21:43:46,228 : INFO : EventManager : Event: ======'collecting_balls_complete'====== Args={}
2026-05-15 21:43:46,228 : INFO : EventManager : Event: ======'carousel_item_highlighted'====== Args={'carousel': 'attract', 'direction': None, 'item': 'title'}
2026-05-15 21:43:46,229 : INFO : EventManager : Event: ======'timer_attract_carousel_timer_tick'====== Args={'ticks': 0, 'ticks_remaining': 1}
2026-05-15 21:43:46,229 : INFO : EventManager : Event: ======'reset_complete'====== Args={}
2026-05-15 21:43:46,233 : INFO : Machine : Starting the main run loop with active modes: [<Mode.attract>, <Mode.ball_search_servos>]
2026-05-15 21:43:46,313 : INFO : EventManager : Event: ======'slide_attract_created'====== Args={'_from_bcp': True}
2026-05-15 21:43:46,313 : INFO : EventManager : Event: ======'slide__removed'====== Args={'_from_bcp': True}
2026-05-15 21:43:46,315 : INFO : EventManager : Event: ======'slide_attract_active'====== Args={'original_context': 'attract', 'original_calling_context': 'mode_attract_started', 'priority': 10.0, 'queue': '<QueuedEvent>', 'cmd': 'slides_play', '_from_bcp': True}
2026-05-15 21:43:47,234 : INFO : coil.c_start_button_led : Disabling Driver
2026-05-15 21:43:47,234 : INFO : EventManager : Event: ======'timer_attract_music_stop_timer_tick'====== Args={'ticks': 1, 'ticks_remaining': 119}
2026-05-15 21:43:48,231 : INFO : EventManager : Event: ======'timer_attract_music_stop_timer_tick'====== Args={'ticks': 2, 'ticks_remaining': 118}
2026-05-15 21:43:48,232 : INFO : coil.c_start_button_led : Enabling Driver with power 1.0 (pulse_ms 10ms and pulse_power 1.0)
2026-05-15 21:43:49,231 : INFO : EventManager : Event: ======'timer_attract_music_stop_timer_tick'====== Args={'ticks': 3, 'ticks_remaining': 117}
2026-05-15 21:43:49,231 : INFO : coil.c_start_button_led : Disabling Driver
2026-05-15 21:43:50,223 : INFO : EventManager : Event: ======'timer_attract_music_stop_timer_tick'====== Args={'ticks': 4, 'ticks_remaining': 116}
2026-05-15 21:43:50,223 : INFO : coil.c_start_button_led : Enabling Driver with power 1.0 (pulse_ms 10ms and pulse_power 1.0)
2026-05-15 21:43:51,223 : INFO : coil.c_start_button_led : Disabling Driver
2026-05-15 21:43:51,223 : INFO : EventManager : Event: ======'timer_attract_music_stop_timer_tick'====== Args={'ticks': 5, 'ticks_remaining': 115}
2026-05-15 21:43:52,048 : INFO : SwitchController : <<<<<<< 's_start' active >>>>>>>
2026-05-15 21:43:52,141 : INFO : SwitchController : <<<<<<< 's_start' inactive >>>>>>>
2026-05-15 21:43:52,141 : INFO : EventManager : Event: ======'request_to_start_game'====== Args={}
2026-05-15 21:43:52,142 : INFO : EventManager : Event: ======'game_start'====== Args={'buttons': [], 'hold_time': 0.09400000000005093}
2026-05-15 21:43:52,142 : INFO : EventManager : Event: ======'mode_game_will_start'====== Args={'buttons': [], 'hold_time': 0.09400000000005093}
2026-05-15 21:43:52,142 : INFO : EventManager : Event: ======'mode_game_starting'====== Args={'buttons': [], 'hold_time': 0.09400000000005093}
2026-05-15 21:43:52,142 : INFO : Mode.game : Started. Priority: 20
2026-05-15 21:43:52,143 : INFO : EventManager : Event: ======'modes_active_modes_changed'====== Args={}
2026-05-15 21:43:52,143 : INFO : EventManager : Event: ======'mode_game_started'====== Args={'buttons': [], 'hold_time': 0.09400000000005093}
2026-05-15 21:43:52,143 : INFO : EventManager : Event: ======'game_will_start'====== Args={}
2026-05-15 21:43:52,146 : INFO : EventManager : Event: ======'game_starting'====== Args={'game': <Mode.game>}
2026-05-15 21:43:52,146 : INFO : EventManager : Event: ======'mode_attract_will_stop'====== Args={}
2026-05-15 21:43:52,146 : INFO : EventManager : Event: ======'mode_attract_stopping'====== Args={}
2026-05-15 21:43:52,147 : INFO : EventManager : Unordered handler for class <Auditor> on event game_ended with priority 1. Handlers: [RegisteredHandler(callback=<bound method Auditor.disable of <Auditor>>, priority=1, kwargs={}, key=UUID('6db33484-227e-442a-8826-696faaeef7cf'), condition=None, blocking_facility=None), RegisteredHandler(callback=<bound method Auditor._save_audits of <Auditor>>, priority=1, kwargs={}, key=UUID('615aab7e-b089-42be-a2f8-c98a0341259c'), condition=None, blocking_facility=None)]. The order of those handlers is not defined and they will be executed in random order. This might lead to race conditions and potential bugs.
2026-05-15 21:43:52,147 : INFO : Timer.attract_music_stop_timer : Stopping Timer
2026-05-15 21:43:52,147 : INFO : EventManager : Event: ======'timer_attract_music_stop_timer_stopped'====== Args={'ticks': 5, 'ticks_remaining': 115}
2026-05-15 21:43:52,147 : INFO : Timer.attract_scoop_clear_delay : Stopping Timer
2026-05-15 21:43:52,147 : INFO : EventManager : Event: ======'timer_attract_scoop_clear_delay_stopped'====== Args={'ticks': 0, 'ticks_remaining': 0}
2026-05-15 21:43:52,147 : INFO : EventManager : Event: ======'player_add_request'====== Args={}
2026-05-15 21:43:52,148 : INFO : coil.c_start_button_led : Disabling Driver
2026-05-15 21:43:52,148 : INFO : coil.c_mode_barrier : Disabling Driver
2026-05-15 21:43:52,149 : INFO : Mode.attract : Stopped.
2026-05-15 21:43:52,149 : INFO : EventManager : Event: ======'modes_active_modes_changed'====== Args={}
2026-05-15 21:43:52,151 : INFO : EventManager : Event: ======'mode_attract_stopped'====== Args={}
2026-05-15 21:43:52,151 : INFO : EventManager : Event: ======'clear'====== Args={'key': 'attract'}
2026-05-15 21:43:52,151 : INFO : Timer.attract_music_stop_timer : Stopping Timer
2026-05-15 21:43:52,152 : INFO : EventManager : Event: ======'timer_attract_music_stop_timer_stopped'====== Args={'ticks': 5, 'ticks_remaining': 115}
2026-05-15 21:43:52,152 : INFO : Timer.attract_scoop_clear_delay : Stopping Timer
2026-05-15 21:43:52,152 : INFO : EventManager : Event: ======'timer_attract_scoop_clear_delay_stopped'====== Args={'ticks': 0, 'ticks_remaining': 0}
2026-05-15 21:43:52,152 : INFO : Timer.attract_carousel_timer : Stopping Timer
2026-05-15 21:43:52,152 : INFO : EventManager : Event: ======'timer_attract_carousel_timer_stopped'====== Args={'ticks': 0, 'ticks_remaining': 1}
2026-05-15 21:43:52,152 : INFO : EventManager : Event: ======'player_will_add'====== Args={'number': 1}
2026-05-15 21:43:52,153 : INFO : EventManager : Event: ======'player_adding'====== Args={'player': <Player 1>, 'number': 1}
2026-05-15 21:43:52,153 : INFO : EventManager : Event: ======'player_added'====== Args={'player': <Player 1>, 'num': 1}
2026-05-15 21:43:52,153 : INFO : Mode.game : Player added successfully. Total players: 1
2026-05-15 21:43:52,153 : INFO : EventManager : Event: ======'player_index'====== Args={'value': 0, 'prev_value': 0, 'change': 0, 'player_num': 1}
2026-05-15 21:43:52,153 : INFO : EventManager : Event: ======'player_number'====== Args={'value': 1, 'prev_value': 1, 'change': 0, 'player_num': 1}
2026-05-15 21:43:52,153 : INFO : EventManager : Event: ======'player_mach_level'====== Args={'value': 1.0, 'prev_value': 1.0, 'change': 0, 'player_num': 1}
2026-05-15 21:43:52,153 : INFO : EventManager : Event: ======'player_mach_step'====== Args={'value': 0, 'prev_value': 0, 'change': 0, 'player_num': 1}
2026-05-15 21:43:52,153 : INFO : EventManager : Event: ======'player_tilt_warnings'====== Args={'value': 0, 'prev_value': 0, 'change': 0, 'player_num': 1}
2026-05-15 21:43:52,153 : INFO : EventManager : Event: ======'player_status_mode_page'====== Args={'value': 1, 'prev_value': 1, 'change': 0, 'player_num': 1}
2026-05-15 21:43:52,153 : INFO : EventManager : Event: ======'player_status_tilt_remaining'====== Args={'value': 3, 'prev_value': 3, 'change': 0, 'player_num': 1}
2026-05-15 21:43:52,153 : INFO : EventManager : Event: ======'player_status_bonus_preview'====== Args={'value': 0, 'prev_value': 0, 'change': 0, 'player_num': 1}
2026-05-15 21:43:52,153 : INFO : EventManager : Event: ======'player_status_rescue_cougar'====== Args={'value': 'Not Played', 'prev_value': 'Not Played', 'change': False, 'player_num': 1}
2026-05-15 21:43:52,153 : INFO : EventManager : Event: ======'player_status_balls_of_fire'====== Args={'value': 'Not Played', 'prev_value': 'Not Played', 'change': False, 'player_num': 1}
2026-05-15 21:43:52,153 : INFO : EventManager : Event: ======'player_status_cool_under_pressure'====== Args={'value': 'Not Played', 'prev_value': 'Not Played', 'change': False, 'player_num': 1}
2026-05-15 21:43:52,155 : INFO : EventManager : Event: ======'player_status_no_points_for_second_place'====== Args={'value': 'Not Played', 'prev_value': 'Not Played', 'change': False, 'player_num': 1}
2026-05-15 21:43:52,155 : INFO : EventManager : Event: ======'player_status_edge_of_space'====== Args={'value': 'Not Played', 'prev_value': 'Not Played', 'change': False, 'player_num': 1}
2026-05-15 21:43:52,155 : INFO : EventManager : Event: ======'player_status_below_the_hard_deck'====== Args={'value': 'Not Played', 'prev_value': 'Not Played', 'change': False, 'player_num': 1}
2026-05-15 21:43:52,155 : INFO : EventManager : Event: ======'player_status_canyon_run'====== Args={'value': 'Not Played', 'prev_value': 'Not Played', 'change': False, 'player_num': 1}
2026-05-15 21:43:52,155 : INFO : EventManager : Event: ======'player_status_no_margin_for_error'====== Args={'value': 'Not Played', 'prev_value': 'Not Played', 'change': False, 'player_num': 1}
2026-05-15 21:43:52,155 : INFO : EventManager : Event: ======'player_status_rise_of_phoenix'====== Args={'value': 'Not Played', 'prev_value': 'Not Played', 'change': False, 'player_num': 1}
2026-05-15 21:43:52,155 : INFO : EventManager : Event: ======'player_status_battle_jester'====== Args={'value': 'Not Played', 'prev_value': 'Not Played', 'change': False, 'player_num': 1}
2026-05-15 21:43:52,155 : INFO : EventManager : Event: ======'player_status_inverted'====== Args={'value': 'Not Played', 'prev_value': 'Not Played', 'change': False, 'player_num': 1}
2026-05-15 21:43:52,155 : INFO : EventManager : Event: ======'player_status_missiles'====== Args={'value': 'Not Played', 'prev_value': 'Not Played', 'change': False, 'player_num': 1}
2026-05-15 21:43:52,155 : INFO : EventManager : Event: ======'player_status_wingman'====== Args={'value': 'Not Played', 'prev_value': 'Not Played', 'change': False, 'player_num': 1}
2026-05-15 21:43:52,155 : INFO : EventManager : Event: ======'player_status_afterburner'====== Args={'value': 'Not Played', 'prev_value': 'Not Played', 'change': False, 'player_num': 1}
2026-05-15 21:43:52,155 : INFO : EventManager : Event: ======'player_status_dogfight'====== Args={'value': 'Not Coded Yet', 'prev_value': 'Not Coded Yet', 'change': False, 'player_num': 1}
2026-05-15 21:43:52,155 : INFO : EventManager : Event: ======'player_status_inverted_perk'====== Args={'value': 'Not Active', 'prev_value': 'Not Active', 'change': False, 'player_num': 1}
2026-05-15 21:43:52,156 : INFO : EventManager : Event: ======'player_status_missiles_perk'====== Args={'value': 'Not Active', 'prev_value': 'Not Active', 'change': False, 'player_num': 1}
2026-05-15 21:43:52,156 : INFO : EventManager : Event: ======'player_status_wingman_perk'====== Args={'value': 'Not Active', 'prev_value': 'Not Active', 'change': False, 'player_num': 1}
2026-05-15 21:43:52,156 : INFO : EventManager : Event: ======'player_status_afterburner_perk'====== Args={'value': 'Not Active', 'prev_value': 'Not Active', 'change': False, 'player_num': 1}
2026-05-15 21:43:52,156 : INFO : EventManager : Event: ======'player_status_ptb'====== Args={'value': 'Not Qualified', 'prev_value': 'Not Qualified', 'change': False, 'player_num': 1}
2026-05-15 21:43:52,156 : INFO : EventManager : Event: ======'player_status_iceman_hd'====== Args={'value': 'Not Played', 'prev_value': 'Not Played', 'change': False, 'player_num': 1}
2026-05-15 21:43:52,156 : INFO : EventManager : Event: ======'player_status_charlie_hd'====== Args={'value': 'Not Coded Yet', 'prev_value': 'Not Coded Yet', 'change': False, 'player_num': 1}
2026-05-15 21:43:52,156 : INFO : EventManager : Event: ======'player_status_penny_hd'====== Args={'value': 'Not Coded Yet', 'prev_value': 'Not Coded Yet', 'change': False, 'player_num': 1}
2026-05-15 21:43:52,156 : INFO : EventManager : Event: ======'player_status_goose_hd'====== Args={'value': 'Not Coded Yet', 'prev_value': 'Not Coded Yet', 'change': False, 'player_num': 1}
2026-05-15 21:43:52,156 : INFO : EventManager : Event: ======'player_status_final_dogfight'====== Args={'value': 'Not Coded Yet', 'prev_value': 'Not Coded Yet', 'change': False, 'player_num': 1}
2026-05-15 21:43:52,156 : INFO : EventManager : Event: ======'player_status_final_super_jackpot'====== Args={'value': 'Not Yet', 'prev_value': 'Not Yet', 'change': False, 'player_num': 1}
2026-05-15 21:43:52,156 : INFO : EventManager : Event: ======'player_ball_tilted'====== Args={'value': 0, 'prev_value': 0, 'change': 0, 'player_num': 1}
2026-05-15 21:43:52,156 : INFO : EventManager : Event: ======'player_right_orbit_diverter_requested'====== Args={'value': 0, 'prev_value': 0, 'change': 0, 'player_num': 1}
2026-05-15 21:43:52,156 : INFO : EventManager : Event: ======'player_diverter_temporarily_disabled'====== Args={'value': 0, 'prev_value': 0, 'change': 0, 'player_num': 1}
2026-05-15 21:43:52,157 : INFO : EventManager : Event: ======'player_score'====== Args={'value': 0, 'prev_value': 0, 'change': 0, 'player_num': 1}
2026-05-15 21:43:52,158 : INFO : EventManager : Event: ======'game_started'====== Args={}
2026-05-15 21:43:52,159 : INFO : coil.c_start_button_led : Enabling Driver with power 1.0 (pulse_ms 10ms and pulse_power 1.0)
2026-05-15 21:43:52,160 : INFO : EventManager : Event: ======'player_turn_will_start'====== Args={'player': <Player 1>, 'number': 1}
2026-05-15 21:43:52,168 : INFO : EventManager : Event: ======'player_turn_starting'====== Args={'player': <Player 1>, 'number': 1}
2026-05-15 21:43:52,170 : INFO : EventManager : Event: ======'player_ball'====== Args={'value': 1, 'prev_value': 0, 'change': 1, 'player_num': 1}
2026-05-15 21:43:52,170 : INFO : EventManager : Event: ======'player_turn_started'====== Args={'player': <Player 1>, 'number': 1}
2026-05-15 21:43:52,171 : INFO : EventManager : Event: ======'ui_player_1_up'====== Args={'priority': 0}
2026-05-15 21:43:52,172 : INFO : EventManager : Event: ======'ball_will_start'====== Args={'player': 1, 'ball': 1, 'balls_remaining': 2, 'is_extra_ball': False}
2026-05-15 21:43:52,172 : INFO : EventManager : Event: ======'ball_starting'====== Args={'player': 1, 'ball': 1, 'balls_remaining': 2, 'is_extra_ball': False}
2026-05-15 21:43:52,173 : INFO : EventManager : Event: ======'mode_tilt_will_start'====== Args={'queue': <QueuedEvent>, 'player': 1, 'ball': 1, 'balls_remaining': 2, 'is_extra_ball': False}
2026-05-15 21:43:52,175 : INFO : EventManager : Event: ======'mode_tilt_starting'====== Args={'queue': <QueuedEvent>, 'player': 1, 'ball': 1, 'balls_remaining': 2, 'is_extra_ball': False}
2026-05-15 21:43:52,175 : INFO : EventManager : Event: ======'mode_ball_save_will_start'====== Args={'queue': <QueuedEvent>, 'player': 1, 'ball': 1, 'balls_remaining': 2, 'is_extra_ball': False}
2026-05-15 21:43:52,176 : INFO : EventManager : Event: ======'player_ball_save_ball_save_countdown_tick'====== Args={'value': 20, 'prev_value': 0, 'change': 20, 'player_num': 1}
2026-05-15 21:43:52,176 : INFO : EventManager : Event: ======'player_ball_save_mode_ball_save_countdown_tick'====== Args={'value': 30, 'prev_value': 0, 'change': 30, 'player_num': 1}
2026-05-15 21:43:52,176 : INFO : EventManager : Event: ======'player_ball_save_scoop_save_countdown_tick'====== Args={'value': 5, 'prev_value': 0, 'change': 5, 'player_num': 1}
2026-05-15 21:43:52,176 : INFO : EventManager : Event: ======'player_ball_save_ball_save_auto_plunger_delay_tick'====== Args={'value': 0, 'prev_value': 0, 'change': 0, 'player_num': 1}
2026-05-15 21:43:52,177 : INFO : EventManager : Event: ======'player_ball_save_consecutive_save_window_tick'====== Args={'value': 20, 'prev_value': 0, 'change': 20, 'player_num': 1}
2026-05-15 21:43:52,180 : INFO : EventManager : Event: ======'mode_ball_save_starting'====== Args={'queue': <QueuedEvent>, 'player': 1, 'ball': 1, 'balls_remaining': 2, 'is_extra_ball': False}
2026-05-15 21:43:52,180 : INFO : EventManager : Event: ======'mode_shot_made_callout_randomizer_will_start'====== Args={'queue': <QueuedEvent>, 'player': 1, 'ball': 1, 'balls_remaining': 2, 'is_extra_ball': False}
2026-05-15 21:43:52,181 : INFO : EventManager : Event: ======'mode_shot_made_callout_randomizer_starting'====== Args={'queue': <QueuedEvent>, 'player': 1, 'ball': 1, 'balls_remaining': 2, 'is_extra_ball': False}
2026-05-15 21:43:52,181 : INFO : EventManager : Event: ======'mode_shot_missed_callout_randomizer_will_start'====== Args={'queue': <QueuedEvent>, 'player': 1, 'ball': 1, 'balls_remaining': 2, 'is_extra_ball': False}
2026-05-15 21:43:52,182 : INFO : EventManager : Event: ======'mode_shot_missed_callout_randomizer_starting'====== Args={'queue': <QueuedEvent>, 'player': 1, 'ball': 1, 'balls_remaining': 2, 'is_extra_ball': False}
2026-05-15 21:43:52,182 : INFO : EventManager : Event: ======'mode_base_will_start'====== Args={'queue': <QueuedEvent>, 'player': 1, 'ball': 1, 'balls_remaining': 2, 'is_extra_ball': False}
2026-05-15 21:43:52,182 : INFO : EventManager : Event: ======'player_base_status_mode_entry_tick'====== Args={'value': 0, 'prev_value': 0, 'change': 0, 'player_num': 1}
2026-05-15 21:43:52,182 : INFO : EventManager : Event: ======'player_base_wingman_post_win_plunge_delay_tick'====== Args={'value': 0, 'prev_value': 0, 'change': 0, 'player_num': 1}
2026-05-15 21:43:52,182 : INFO : EventManager : Event: ======'player_base_wingman_post_win_mig_delay_tick'====== Args={'value': 0, 'prev_value': 0, 'change': 0, 'player_num': 1}
2026-05-15 21:43:52,182 : INFO : EventManager : Event: ======'player_base_wingman_post_win_mig_hold_tick'====== Args={'value': 0, 'prev_value': 0, 'change': 0, 'player_num': 1}
2026-05-15 21:43:52,182 : INFO : EventManager : Event: ======'player_base_spinner_inactivity_tick'====== Args={'value': 2, 'prev_value': 0, 'change': 2, 'player_num': 1}
2026-05-15 21:43:52,192 : INFO : EventManager : Event: ======'mode_base_starting'====== Args={'queue': <QueuedEvent>, 'player': 1, 'ball': 1, 'balls_remaining': 2, 'is_extra_ball': False}
2026-05-15 21:43:52,193 : INFO : EventManager : Event: ======'mode_default_sounds_will_start'====== Args={'queue': <QueuedEvent>, 'player': 1, 'ball': 1, 'balls_remaining': 2, 'is_extra_ball': False}
2026-05-15 21:43:52,193 : INFO : EventManager : Event: ======'mode_default_sounds_starting'====== Args={'queue': <QueuedEvent>, 'player': 1, 'ball': 1, 'balls_remaining': 2, 'is_extra_ball': False}
2026-05-15 21:43:52,195 : INFO : Mode.default_sounds : Started. Priority: 50
2026-05-15 21:43:52,195 : INFO : EventManager : Event: ======'modes_active_modes_changed'====== Args={}
2026-05-15 21:43:52,195 : INFO : EventManager : Event: ======'mode_default_sounds_started'====== Args={'queue': <QueuedEvent>, 'player': 1, 'ball': 1, 'balls_remaining': 2, 'is_extra_ball': False}
2026-05-15 21:43:52,195 : INFO : Mode.base : Started. Priority: 100
2026-05-15 21:43:52,195 : INFO : EventManager : Event: ======'modes_active_modes_changed'====== Args={}
2026-05-15 21:43:52,196 : INFO : EventManager : Event: ======'mode_base_started'====== Args={'queue': <QueuedEvent>, 'player': 1, 'ball': 1, 'balls_remaining': 2, 'is_extra_ball': False}
2026-05-15 21:43:52,196 : INFO : EventManager : Event: ======'mode_mach_scoring_will_start'====== Args={'queue': <QueuedEvent>, 'player': 1, 'ball': 1, 'balls_remaining': 2, 'is_extra_ball': False}
2026-05-15 21:43:52,196 : INFO : EventManager : Event: ======'player_shot_mach_ramp_enabled'====== Args={'value': True, 'prev_value': 0, 'change': 1, 'player_num': 1}
2026-05-15 21:43:52,196 : INFO : EventManager : Event: ======'player_mach_scoring_mach_qualify_timer_tick'====== Args={'value': 10, 'prev_value': 0, 'change': 10, 'player_num': 1}
2026-05-15 21:43:52,196 : INFO : EventManager : Event: ======'player_mach_scoring_mach_timer_tick'====== Args={'value': 20, 'prev_value': 0, 'change': 20, 'player_num': 1}
2026-05-15 21:43:52,206 : INFO : EventManager : Event: ======'mode_mach_scoring_starting'====== Args={'queue': <QueuedEvent>, 'player': 1, 'ball': 1, 'balls_remaining': 2, 'is_extra_ball': False}
2026-05-15 21:43:52,206 : INFO : EventManager : Event: ======'mode_2x_playfield_will_start'====== Args={'queue': <QueuedEvent>, 'player': 1, 'ball': 1, 'balls_remaining': 2, 'is_extra_ball': False}
2026-05-15 21:43:52,206 : INFO : EventManager : Event: ======'player_2x_playfield_x2_playfield_tick'====== Args={'value': 90, 'prev_value': 0, 'change': 90, 'player_num': 1}
2026-05-15 21:43:52,209 : INFO : EventManager : Event: ======'mode_2x_playfield_starting'====== Args={'queue': <QueuedEvent>, 'player': 1, 'ball': 1, 'balls_remaining': 2, 'is_extra_ball': False}
2026-05-15 21:43:52,209 : INFO : EventManager : Event: ======'mode_goose_letters_will_start'====== Args={'queue': <QueuedEvent>, 'player': 1, 'ball': 1, 'balls_remaining': 2, 'is_extra_ball': False}
2026-05-15 21:43:52,209 : INFO : EventManager : Event: ======'player_goose_letters_goose_reset_tick'====== Args={'value': 0, 'prev_value': 0, 'change': 0, 'player_num': 1}
2026-05-15 21:43:52,209 : INFO : EventManager : Event: ======'player_goose_letters_missile_fire_delay_tick'====== Args={'value': 0, 'prev_value': 0, 'change': 0, 'player_num': 1}
2026-05-15 21:43:52,209 : INFO : EventManager : Event: ======'player_goose_letters_extra_ball_lit_slide_dismiss_tick'====== Args={'value': 0, 'prev_value': 0, 'change': 0, 'player_num': 1}
2026-05-15 21:43:52,221 : INFO : EventManager : Event: ======'mode_goose_letters_starting'====== Args={'queue': <QueuedEvent>, 'player': 1, 'ball': 1, 'balls_remaining': 2, 'is_extra_ball': False}
2026-05-15 21:43:52,221 : INFO : EventManager : Event: ======'mode_mig_letters_will_start'====== Args={'queue': <QueuedEvent>, 'player': 1, 'ball': 1, 'balls_remaining': 2, 'is_extra_ball': False}
2026-05-15 21:43:52,221 : INFO : EventManager : Event: ======'player_mig_letters_mig_reset_tick'====== Args={'value': 0, 'prev_value': 0, 'change': 0, 'player_num': 1}
2026-05-15 21:43:52,223 : INFO : EventManager : Event: ======'mode_mig_letters_starting'====== Args={'queue': <QueuedEvent>, 'player': 1, 'ball': 1, 'balls_remaining': 2, 'is_extra_ball': False}
2026-05-15 21:43:52,224 : INFO : EventManager : Event: ======'mode_iceman_letters_will_start'====== Args={'queue': <QueuedEvent>, 'player': 1, 'ball': 1, 'balls_remaining': 2, 'is_extra_ball': False}
2026-05-15 21:43:52,224 : INFO : EventManager : Event: ======'player_iceman_letters_iceman_reset_tick'====== Args={'value': 0, 'prev_value': 0, 'change': 0, 'player_num': 1}
2026-05-15 21:43:52,224 : INFO : EventManager : Event: ======'player_iceman_letters_left_mig_post_timer_tick'====== Args={'value': 0, 'prev_value': 0, 'change': 0, 'player_num': 1}
2026-05-15 21:43:52,224 : INFO : EventManager : Event: ======'player_iceman_letters_right_mig_post_timer_tick'====== Args={'value': 0, 'prev_value': 0, 'change': 0, 'player_num': 1}
2026-05-15 21:43:52,224 : INFO : EventManager : Event: ======'player_iceman_letters_right_orbit_lockout_timer_tick'====== Args={'value': 0, 'prev_value': 0, 'change': 0, 'player_num': 1}
2026-05-15 21:43:52,245 : INFO : EventManager : Unordered handler for class ConfigPlayer.variable_player/variables on event player_added with priority 200. Handlers: [RegisteredHandler(callback=<bound method ConfigPlayer.config_play_callback of ConfigPlayer.variable_player/variables>, priority=200, kwargs={'calling_context': 'player_added', 'mode': <Mode.mig_letters>, 'settings': {'mig_letter_m': {'action': 'set', 'int': <NativeTemplate 0>, 'priority': 0, 'float': None, 'string': None, 'block': False, 'player': None, 'condition': None}, 'mig_letter_i': {'action': 'set', 'int': <NativeTemplate 0>, 'priority': 0, 'float': None, 'string': None, 'block': False, 'player': None, 'condition': None}, 'mig_letter_g': {'action': 'set', 'int': <NativeTemplate 0>, 'priority': 0, 'float': None, 'string': None, 'block': False, 'player': None, 'condition': None}, 'bonus_multiplier': {'action': 'set', 'int': <NativeTemplate 1>, 'priority': 0, 'float': None, 'string': None, 'block': False, 'player': None, 'condition': None}, 'mig_completing': {'action': 'set', 'int': <NativeTemplate 0>, 'priority': 0, 'float': None, 'string': None, 'block': False, 'player': None, 'condition': None}}}, key=UUID('6311a839-da8f-4a7d-9eba-c526b59d41b2'), condition=None, blocking_facility=None), RegisteredHandler(callback=<bound method ConfigPlayer.config_play_callback of ConfigPlayer.variable_player/variables>, priority=200, kwargs={'calling_context': 'player_added', 'mode': <Mode.iceman_letters>, 'settings': {'iceman_letter_i': {'action': 'set', 'int': <NativeTemplate 0>, 'priority': 0, 'float': None, 'string': None, 'block': False, 'player': None, 'condition': None}, 'iceman_letter_c': {'action': 'set', 'int': <NativeTemplate 0>, 'priority': 0, 'float': None, 'string': None, 'block': False, 'player': None, 'condition': None}, 'iceman_letter_e': {'action': 'set', 'int': <NativeTemplate 0>, 'priority': 0, 'float': None, 'string': None, 'block': False, 'player': None, 'condition': None}, 'iceman_letter_m': {'action': 'set', 'int': <NativeTemplate 0>, 'priority': 0, 'float': None, 'string': None, 'block': False, 'player': None, 'condition': None}, 'iceman_letter_a': {'action': 'set', 'int': <NativeTemplate 0>, 'priority': 0, 'float': None, 'string': None, 'block': False, 'player': None, 'condition': None}, 'iceman_letter_n': {'action': 'set', 'int': <NativeTemplate 0>, 'priority': 0, 'float': None, 'string': None, 'block': False, 'player': None, 'condition': None}, 'iceman_completing': {'action': 'set', 'int': <NativeTemplate 0>, 'priority': 0, 'float': None, 'string': None, 'block': False, 'player': None, 'condition': None}, 'training_inverted_complete': {'action': 'set', 'int': <NativeTemplate 0>, 'priority': 0, 'float': None, 'string': None, 'block': False, 'player': None, 'condition': None}, 'training_missles_complete': {'action': 'set', 'int': <NativeTemplate 0>, 'priority': 0, 'float': None, 'string': None, 'block': False, 'player': None, 'condition': None}, 'training_afterburner_complete': {'action': 'set', 'int': <NativeTemplate 0>, 'priority': 0, 'float': None, 'string': None, 'block': False, 'player': None, 'condition': None}, 'training_wingman_complete': {'action': 'set', 'int': <NativeTemplate 0>, 'priority': 0, 'float': None, 'string': None, 'block': False, 'player': None, 'condition': None}, 'training_dogfight_complete': {'action': 'set', 'int': <NativeTemplate 0>, 'priority': 0, 'float': None, 'string': None, 'block': False, 'player': None, 'condition': None}, 'right_post_locked_out': {'action': 'set', 'int': <NativeTemplate 0>, 'priority': 0, 'float': None, 'string': None, 'block': False, 'player': None, 'condition': None}}}, key=UUID('23801f4a-b619-48dc-9ab5-bff85a68f917'), condition=None, blocking_facility=None)]. The order of those handlers is not defined and they will be executed in random order. This might lead to race conditions and potential bugs.
2026-05-15 21:43:52,247 : INFO : EventManager : Event: ======'mode_iceman_letters_starting'====== Args={'queue': <QueuedEvent>, 'player': 1, 'ball': 1, 'balls_remaining': 2, 'is_extra_ball': False}
2026-05-15 21:43:52,247 : INFO : EventManager : Event: ======'mode_pilot_mission_qualifier_will_start'====== Args={'queue': <QueuedEvent>, 'player': 1, 'ball': 1, 'balls_remaining': 2, 'is_extra_ball': False}
2026-05-15 21:43:52,247 : INFO : EventManager : Event: ======'player_pilot_mission_qualifier_spinner_shot_timeout_tick'====== Args={'value': 0, 'prev_value': 0, 'change': 0, 'player_num': 1}
2026-05-15 21:43:52,248 : INFO : EventManager : Event: ======'player_pilot_mission_qualifier_spinner_shot_lockout_tick'====== Args={'value': 0, 'prev_value': 0, 'change': 0, 'player_num': 1}
2026-05-15 21:43:52,248 : INFO : EventManager : Event: ======'player_pilot_mission_qualifier_left_orbit_shot_timeout_tick'====== Args={'value': 0, 'prev_value': 0, 'change': 0, 'player_num': 1}
2026-05-15 21:43:52,248 : INFO : EventManager : Event: ======'player_pilot_mission_qualifier_right_orbit_shot_timeout_tick'====== Args={'value': 0, 'prev_value': 0, 'change': 0, 'player_num': 1}
2026-05-15 21:43:52,248 : INFO : EventManager : Event: ======'player_pilot_mission_qualifier_inverted_bonus_topgun_delay_tick'====== Args={'value': 0, 'prev_value': 0, 'change': 0, 'player_num': 1}
2026-05-15 21:43:52,248 : INFO : EventManager : Event: ======'player_pilot_mission_qualifier_orbit_shot_lockout_timer_tick'====== Args={'value': 0, 'prev_value': 0, 'change': 0, 'player_num': 1}
2026-05-15 21:43:52,249 : INFO : EventManager : Event: ======'player_pilot_mission_qualifier_post_plunge_orbit_lockout_tick'====== Args={'value': 0, 'prev_value': 0, 'change': 0, 'player_num': 1}
2026-05-15 21:43:52,249 : INFO : EventManager : Event: ======'player_pilot_mission_qualifier_post_mb_barrier_restore_tick'====== Args={'value': 0, 'prev_value': 0, 'change': 0, 'player_num': 1}
2026-05-15 21:43:52,249 : INFO : EventManager : Event: ======'player_pilot_mission_qualifier_left_diverter_tl_hold_tick'====== Args={'value': 0, 'prev_value': 0, 'change': 0, 'player_num': 1}
2026-05-15 21:43:52,249 : INFO : EventManager : Event: ======'player_pilot_mission_qualifier_global_scoop_eject_delay_tick'====== Args={'value': 0, 'prev_value': 0, 'change': 0, 'player_num': 1}
2026-05-15 21:43:52,249 : INFO : EventManager : Event: ======'player_pilot_mission_qualifier_skillshot_video_running_tick'====== Args={'value': 0, 'prev_value': 0, 'change': 0, 'player_num': 1}
2026-05-15 21:43:52,250 : INFO : EventManager : Event: ======'player_pilot_mission_qualifier_topgun_ll_qualify_window_tick'====== Args={'value': 0, 'prev_value': 0, 'change': 0, 'player_num': 1}
2026-05-15 21:43:52,252 : INFO : EventManager : Unordered handler for class ConfigPlayer.coil_player/coils on event mode_pilot_training_mission_inverted_started with priority 200. Handlers: [RegisteredHandler(callback=<bound method ConfigPlayer.config_play_callback of ConfigPlayer.coil_player/coils>, priority=200, kwargs={'calling_context': 'mode_pilot_training_mission_inverted_started', 'mode': <Mode.iceman_letters>, 'settings': {<coil.c_mode_barrier>: {'action': 'off', 'priority': 0, 'hold_power': None, 'pulse_power': None, 'pulse_ms': None, 'max_wait_ms': None}}}, key=UUID('b379c629-e31e-4da1-931c-6048ef649d6f'), condition=None, blocking_facility=None), RegisteredHandler(callback=<bound method ConfigPlayer.config_play_callback of ConfigPlayer.coil_player/coils>, priority=200, kwargs={'calling_context': 'mode_pilot_training_mission_inverted_started', 'mode': <Mode.pilot_mission_qualifier>, 'settings': {<coil.c_mode_barrier>: {'action': 'disable', 'priority': 0, 'hold_power': None, 'pulse_power': None, 'pulse_ms': None, 'max_wait_ms': None}}}, key=UUID('0aa4d217-cbdf-4009-bafb-202cbc663811'), condition=None, blocking_facility=None)]. The order of those handlers is not defined and they will be executed in random order. This might lead to race conditions and potential bugs.
2026-05-15 21:43:52,252 : INFO : EventManager : Unordered handler for class ConfigPlayer.coil_player/coils on event mode_pilot_training_mission_missiles_started with priority 200. Handlers: [RegisteredHandler(callback=<bound method ConfigPlayer.config_play_callback of ConfigPlayer.coil_player/coils>, priority=200, kwargs={'calling_context': 'mode_pilot_training_mission_missiles_started', 'mode': <Mode.iceman_letters>, 'settings': {<coil.c_mode_barrier>: {'action': 'off', 'priority': 0, 'hold_power': None, 'pulse_power': None, 'pulse_ms': None, 'max_wait_ms': None}}}, key=UUID('143cefae-f215-4bd5-b0d1-6399b22c59ff'), condition=None, blocking_facility=None), RegisteredHandler(callback=<bound method ConfigPlayer.config_play_callback of ConfigPlayer.coil_player/coils>, priority=200, kwargs={'calling_context': 'mode_pilot_training_mission_missiles_started', 'mode': <Mode.pilot_mission_qualifier>, 'settings': {<coil.c_mode_barrier>: {'action': 'disable', 'priority': 0, 'hold_power': None, 'pulse_power': None, 'pulse_ms': None, 'max_wait_ms': None}}}, key=UUID('4223ca05-41f0-4498-804f-7f0c4b2dc328'), condition=None, blocking_facility=None)]. The order of those handlers is not defined and they will be executed in random order. This might lead to race conditions and potential bugs.
2026-05-15 21:43:52,253 : INFO : EventManager : Unordered handler for class ConfigPlayer.coil_player/coils on event mode_pilot_training_mission_afterburner_started with priority 200. Handlers: [RegisteredHandler(callback=<bound method ConfigPlayer.config_play_callback of ConfigPlayer.coil_player/coils>, priority=200, kwargs={'calling_context': 'mode_pilot_training_mission_afterburner_started', 'mode': <Mode.iceman_letters>, 'settings': {<coil.c_mode_barrier>: {'action': 'off', 'priority': 0, 'hold_power': None, 'pulse_power': None, 'pulse_ms': None, 'max_wait_ms': None}}}, key=UUID('4735ed6b-be7e-4400-b794-6f4b905ee521'), condition=None, blocking_facility=None), RegisteredHandler(callback=<bound method ConfigPlayer.config_play_callback of ConfigPlayer.coil_player/coils>, priority=200, kwargs={'calling_context': 'mode_pilot_training_mission_afterburner_started', 'mode': <Mode.pilot_mission_qualifier>, 'settings': {<coil.c_mode_barrier>: {'action': 'disable', 'priority': 0, 'hold_power': None, 'pulse_power': None, 'pulse_ms': None, 'max_wait_ms': None}}}, key=UUID('7c1f5498-78c1-4f45-8c9f-27cf07464829'), condition=None, blocking_facility=None)]. The order of those handlers is not defined and they will be executed in random order. This might lead to race conditions and potential bugs.
2026-05-15 21:43:52,253 : INFO : EventManager : Unordered handler for class ConfigPlayer.coil_player/coils on event mode_pilot_training_mission_wingman_started with priority 200. Handlers: [RegisteredHandler(callback=<bound method ConfigPlayer.config_play_callback of ConfigPlayer.coil_player/coils>, priority=200, kwargs={'calling_context': 'mode_pilot_training_mission_wingman_started', 'mode': <Mode.iceman_letters>, 'settings': {<coil.c_mode_barrier>: {'action': 'off', 'priority': 0, 'hold_power': None, 'pulse_power': None, 'pulse_ms': None, 'max_wait_ms': None}}}, key=UUID('0f39ec34-50b9-4acc-876b-656888cca190'), condition=None, blocking_facility=None), RegisteredHandler(callback=<bound method ConfigPlayer.config_play_callback of ConfigPlayer.coil_player/coils>, priority=200, kwargs={'calling_context': 'mode_pilot_training_mission_wingman_started', 'mode': <Mode.pilot_mission_qualifier>, 'settings': {<coil.c_mode_barrier>: {'action': 'disable', 'priority': 0, 'hold_power': None, 'pulse_power': None, 'pulse_ms': None, 'max_wait_ms': None}}}, key=UUID('38180131-1a65-4743-95a7-954acaa58d3f'), condition=None, blocking_facility=None)]. The order of those handlers is not defined and they will be executed in random order. This might lead to race conditions and potential bugs.
2026-05-15 21:43:52,370 : INFO : EventManager : Unordered handler for class ConfigPlayer.event_player/events on event mode_rescue_cougar_started with priority 200. Handlers: [RegisteredHandler(callback=<bound method ConfigPlayer.config_play_callback of ConfigPlayer.event_player/events>, priority=200, kwargs={'calling_context': 'mode_rescue_cougar_started', 'mode': <Mode.iceman_letters>, 'settings': {'stop_all_training_pulse_shows': [{'condition': None, 'number': None, 'priority': 0, 'params': {}}]}}, key=UUID('2180ce46-e2b8-493d-9ec4-ced87fad337e'), condition=None, blocking_facility=None), RegisteredHandler(callback=<bound method ConfigPlayer.config_play_callback of ConfigPlayer.event_player/events>, priority=200, kwargs={'calling_context': 'mode_rescue_cougar_started', 'mode': <Mode.pilot_mission_qualifier>, 'settings': {'reset_topgun_letters': [{'condition': None, 'number': None, 'priority': 0, 'params': {}}], 'check_all_pilot_modes_played': [{'condition': None, 'number': None, 'priority': 0, 'params': {}}], 'ball_search_reset': [{'condition': None, 'number': None, 'priority': 0, 'params': {}}], 'ball_search_block': [{'condition': None, 'number': None, 'priority': 0, 'params': {}}]}}, key=UUID('05ae06b7-a1c5-4de1-a758-6d6d855c552d'), condition=None, blocking_facility=None)]. The order of those handlers is not defined and they will be executed in random order. This might lead to race conditions and potential bugs.
2026-05-15 21:43:52,370 : INFO : EventManager : Unordered handler for class ConfigPlayer.event_player/events on event mode_cool_under_pressure_started with priority 200. Handlers: [RegisteredHandler(callback=<bound method ConfigPlayer.config_play_callback of ConfigPlayer.event_player/events>, priority=200, kwargs={'calling_context': 'mode_cool_under_pressure_started', 'mode': <Mode.iceman_letters>, 'settings': {'stop_all_training_pulse_shows': [{'condition': None, 'number': None, 'priority': 0, 'params': {}}]}}, key=UUID('e6875da8-b37b-4456-bcf3-382a35e68fd6'), condition=None, blocking_facility=None), RegisteredHandler(callback=<bound method ConfigPlayer.config_play_callback of ConfigPlayer.event_player/events>, priority=200, kwargs={'calling_context': 'mode_cool_under_pressure_started', 'mode': <Mode.pilot_mission_qualifier>, 'settings': {'reset_topgun_letters': [{'condition': None, 'number': None, 'priority': 0, 'params': {}}], 'check_all_pilot_modes_played': [{'condition': None, 'number': None, 'priority': 0, 'params': {}}], 'ball_search_reset': [{'condition': None, 'number': None, 'priority': 0, 'params': {}}], 'ball_search_block': [{'condition': None, 'number': None, 'priority': 0, 'params': {}}]}}, key=UUID('e894b99a-2b56-47f3-a13b-7ab6b9e78c5e'), condition=None, blocking_facility=None)]. The order of those handlers is not defined and they will be executed in random order. This might lead to race conditions and potential bugs.
2026-05-15 21:43:52,371 : INFO : EventManager : Unordered handler for class ConfigPlayer.event_player/events on event mode_battle_jester_started with priority 200. Handlers: [RegisteredHandler(callback=<bound method ConfigPlayer.config_play_callback of ConfigPlayer.event_player/events>, priority=200, kwargs={'calling_context': 'mode_battle_jester_started', 'mode': <Mode.iceman_letters>, 'settings': {'stop_all_training_pulse_shows': [{'condition': None, 'number': None, 'priority': 0, 'params': {}}]}}, key=UUID('4e9baf56-e118-4ac2-a718-9ac07d44d310'), condition=None, blocking_facility=None), RegisteredHandler(callback=<bound method ConfigPlayer.config_play_callback of ConfigPlayer.event_player/events>, priority=200, kwargs={'calling_context': 'mode_battle_jester_started', 'mode': <Mode.pilot_mission_qualifier>, 'settings': {'reset_topgun_letters': [{'condition': None, 'number': None, 'priority': 0, 'params': {}}], 'check_all_pilot_modes_played': [{'condition': None, 'number': None, 'priority': 0, 'params': {}}], 'ball_search_reset': [{'condition': None, 'number': None, 'priority': 0, 'params': {}}], 'ball_search_block': [{'condition': None, 'number': None, 'priority': 0, 'params': {}}]}}, key=UUID('ba65cc04-98df-4f2a-a3b8-47c82150a92a'), condition=None, blocking_facility=None)]. The order of those handlers is not defined and they will be executed in random order. This might lead to race conditions and potential bugs.
2026-05-15 21:43:52,371 : INFO : EventManager : Unordered handler for class ConfigPlayer.event_player/events on event mode_no_points_for_second_place_started with priority 200. Handlers: [RegisteredHandler(callback=<bound method ConfigPlayer.config_play_callback of ConfigPlayer.event_player/events>, priority=200, kwargs={'calling_context': 'mode_no_points_for_second_place_started', 'mode': <Mode.iceman_letters>, 'settings': {'stop_all_training_pulse_shows': [{'condition': None, 'number': None, 'priority': 0, 'params': {}}]}}, key=UUID('24663366-1034-4d40-b9a4-f61ab98250ff'), condition=None, blocking_facility=None), RegisteredHandler(callback=<bound method ConfigPlayer.config_play_callback of ConfigPlayer.event_player/events>, priority=200, kwargs={'calling_context': 'mode_no_points_for_second_place_started', 'mode': <Mode.pilot_mission_qualifier>, 'settings': {'reset_topgun_letters': [{'condition': None, 'number': None, 'priority': 0, 'params': {}}], 'check_all_pilot_modes_played': [{'condition': None, 'number': None, 'priority': 0, 'params': {}}], 'ball_search_reset': [{'condition': None, 'number': None, 'priority': 0, 'params': {}}], 'ball_search_block': [{'condition': None, 'number': None, 'priority': 0, 'params': {}}]}}, key=UUID('7cc002bd-3713-48eb-84eb-43d39c8194ce'), condition=None, blocking_facility=None)]. The order of those handlers is not defined and they will be executed in random order. This might lead to race conditions and potential bugs.
2026-05-15 21:43:52,371 : INFO : EventManager : Unordered handler for class ConfigPlayer.event_player/events on event mode_edge_of_space_started with priority 200. Handlers: [RegisteredHandler(callback=<bound method ConfigPlayer.config_play_callback of ConfigPlayer.event_player/events>, priority=200, kwargs={'calling_context': 'mode_edge_of_space_started', 'mode': <Mode.iceman_letters>, 'settings': {'stop_all_training_pulse_shows': [{'condition': None, 'number': None, 'priority': 0, 'params': {}}]}}, key=UUID('e5439107-e6e8-4584-a95e-1cb33aeb2e19'), condition=None, blocking_facility=None), RegisteredHandler(callback=<bound method ConfigPlayer.config_play_callback of ConfigPlayer.event_player/events>, priority=200, kwargs={'calling_context': 'mode_edge_of_space_started', 'mode': <Mode.pilot_mission_qualifier>, 'settings': {'reset_topgun_letters': [{'condition': None, 'number': None, 'priority': 0, 'params': {}}], 'check_all_pilot_modes_played': [{'condition': None, 'number': None, 'priority': 0, 'params': {}}], 'ball_search_reset': [{'condition': None, 'number': None, 'priority': 0, 'params': {}}], 'ball_search_block': [{'condition': None, 'number': None, 'priority': 0, 'params': {}}]}}, key=UUID('4ec6479a-0354-46a5-ad69-2cb510e66add'), condition=None, blocking_facility=None)]. The order of those handlers is not defined and they will be executed in random order. This might lead to race conditions and potential bugs.
2026-05-15 21:43:52,371 : INFO : EventManager : Unordered handler for class ConfigPlayer.event_player/events on event mode_below_the_hard_deck_started with priority 200. Handlers: [RegisteredHandler(callback=<bound method ConfigPlayer.config_play_callback of ConfigPlayer.event_player/events>, priority=200, kwargs={'calling_context': 'mode_below_the_hard_deck_started', 'mode': <Mode.iceman_letters>, 'settings': {'stop_all_training_pulse_shows': [{'condition': None, 'number': None, 'priority': 0, 'params': {}}]}}, key=UUID('9aa94b87-3d8c-425e-be83-2b4d895f9aea'), condition=None, blocking_facility=None), RegisteredHandler(callback=<bound method ConfigPlayer.config_play_callback of ConfigPlayer.event_player/events>, priority=200, kwargs={'calling_context': 'mode_below_the_hard_deck_started', 'mode': <Mode.pilot_mission_qualifier>, 'settings': {'reset_topgun_letters': [{'condition': None, 'number': None, 'priority': 0, 'params': {}}], 'check_all_pilot_modes_played': [{'condition': None, 'number': None, 'priority': 0, 'params': {}}], 'ball_search_reset': [{'condition': None, 'number': None, 'priority': 0, 'params': {}}], 'ball_search_block': [{'condition': None, 'number': None, 'priority': 0, 'params': {}}]}}, key=UUID('19029a77-39a6-4b20-a1bb-4bd5debfe939'), condition=None, blocking_facility=None)]. The order of those handlers is not defined and they will be executed in random order. This might lead to race conditions and potential bugs.
2026-05-15 21:43:52,371 : INFO : EventManager : Unordered handler for class ConfigPlayer.event_player/events on event mode_canyon_run_started with priority 200. Handlers: [RegisteredHandler(callback=<bound method ConfigPlayer.config_play_callback of ConfigPlayer.event_player/events>, priority=200, kwargs={'calling_context': 'mode_canyon_run_started', 'mode': <Mode.iceman_letters>, 'settings': {'stop_all_training_pulse_shows': [{'condition': None, 'number': None, 'priority': 0, 'params': {}}]}}, key=UUID('589a3efe-3e25-47de-a972-11b2b31b7c4f'), condition=None, blocking_facility=None), RegisteredHandler(callback=<bound method ConfigPlayer.config_play_callback of ConfigPlayer.event_player/events>, priority=200, kwargs={'calling_context': 'mode_canyon_run_started', 'mode': <Mode.pilot_mission_qualifier>, 'settings': {'reset_topgun_letters': [{'condition': None, 'number': None, 'priority': 0, 'params': {}}], 'check_all_pilot_modes_played': [{'condition': None, 'number': None, 'priority': 0, 'params': {}}], 'ball_search_reset': [{'condition': None, 'number': None, 'priority': 0, 'params': {}}], 'ball_search_block': [{'condition': None, 'number': None, 'priority': 0, 'params': {}}]}}, key=UUID('714d3448-9598-4f9d-96b2-b5b139fce7f0'), condition=None, blocking_facility=None)]. The order of those handlers is not defined and they will be executed in random order. This might lead to race conditions and potential bugs.
2026-05-15 21:43:52,371 : INFO : EventManager : Unordered handler for class ConfigPlayer.event_player/events on event mode_rise_of_phoenix_started with priority 200. Handlers: [RegisteredHandler(callback=<bound method ConfigPlayer.config_play_callback of ConfigPlayer.event_player/events>, priority=200, kwargs={'calling_context': 'mode_rise_of_phoenix_started', 'mode': <Mode.iceman_letters>, 'settings': {'stop_all_training_pulse_shows': [{'condition': None, 'number': None, 'priority': 0, 'params': {}}]}}, key=UUID('b8b27a01-e768-49a3-9183-5ce659a84522'), condition=None, blocking_facility=None), RegisteredHandler(callback=<bound method ConfigPlayer.config_play_callback of ConfigPlayer.event_player/events>, priority=200, kwargs={'calling_context': 'mode_rise_of_phoenix_started', 'mode': <Mode.pilot_mission_qualifier>, 'settings': {'reset_topgun_letters': [{'condition': None, 'number': None, 'priority': 0, 'params': {}}], 'check_all_pilot_modes_played': [{'condition': None, 'number': None, 'priority': 0, 'params': {}}], 'ball_search_reset': [{'condition': None, 'number': None, 'priority': 0, 'params': {}}], 'ball_search_block': [{'condition': None, 'number': None, 'priority': 0, 'params': {}}]}}, key=UUID('f707fedb-1ce4-4c30-a75d-ef43b583c6e9'), condition=None, blocking_facility=None)]. The order of those handlers is not defined and they will be executed in random order. This might lead to race conditions and potential bugs.
2026-05-15 21:43:52,371 : INFO : EventManager : Unordered handler for class ConfigPlayer.event_player/events on event mode_no_margin_for_error_started with priority 200. Handlers: [RegisteredHandler(callback=<bound method ConfigPlayer.config_play_callback of ConfigPlayer.event_player/events>, priority=200, kwargs={'calling_context': 'mode_no_margin_for_error_started', 'mode': <Mode.iceman_letters>, 'settings': {'stop_all_training_pulse_shows': [{'condition': None, 'number': None, 'priority': 0, 'params': {}}]}}, key=UUID('6b1f6622-5088-4570-843d-158154583562'), condition=None, blocking_facility=None), RegisteredHandler(callback=<bound method ConfigPlayer.config_play_callback of ConfigPlayer.event_player/events>, priority=200, kwargs={'calling_context': 'mode_no_margin_for_error_started', 'mode': <Mode.pilot_mission_qualifier>, 'settings': {'reset_topgun_letters': [{'condition': None, 'number': None, 'priority': 0, 'params': {}}], 'check_all_pilot_modes_played': [{'condition': None, 'number': None, 'priority': 0, 'params': {}}], 'ball_search_reset': [{'condition': None, 'number': None, 'priority': 0, 'params': {}}], 'ball_search_block': [{'condition': None, 'number': None, 'priority': 0, 'params': {}}]}}, key=UUID('df86e7c2-c4ba-4434-b973-c8d701a291ce'), condition=None, blocking_facility=None)]. The order of those handlers is not defined and they will be executed in random order. This might lead to race conditions and potential bugs.
2026-05-15 21:43:52,372 : INFO : EventManager : Unordered handler for class ConfigPlayer.event_player/events on event mode_hard_deck_maverick_and_charlie_started with priority 200. Handlers: [RegisteredHandler(callback=<bound method ConfigPlayer.config_play_callback of ConfigPlayer.event_player/events>, priority=200, kwargs={'calling_context': 'mode_hard_deck_maverick_and_charlie_started', 'mode': <Mode.iceman_letters>, 'settings': {'stop_all_training_pulse_shows': [{'condition': None, 'number': None, 'priority': 0, 'params': {}}]}}, key=UUID('285dba3a-2793-4458-b336-b314e429795f'), condition=None, blocking_facility=None), RegisteredHandler(callback=<bound method ConfigPlayer.config_play_callback of ConfigPlayer.event_player/events>, priority=200, kwargs={'calling_context': 'mode_hard_deck_maverick_and_charlie_started', 'mode': <Mode.pilot_mission_qualifier>, 'settings': {'ball_search_reset': [{'condition': None, 'number': None, 'priority': 0, 'params': {}}], 'ball_search_block': [{'condition': None, 'number': None, 'priority': 0, 'params': {}}]}}, key=UUID('43fce495-126a-414e-94e5-652551c63faa'), condition=None, blocking_facility=None)]. The order of those handlers is not defined and they will be executed in random order. This might lead to race conditions and potential bugs.
2026-05-15 21:43:52,372 : INFO : EventManager : Unordered handler for class ConfigPlayer.event_player/events on event mode_hard_deck_playing_with_the_boys_started with priority 200. Handlers: [RegisteredHandler(callback=<bound method ConfigPlayer.config_play_callback of ConfigPlayer.event_player/events>, priority=200, kwargs={'calling_context': 'mode_hard_deck_playing_with_the_boys_started', 'mode': <Mode.iceman_letters>, 'settings': {'stop_all_training_pulse_shows': [{'condition': None, 'number': None, 'priority': 0, 'params': {}}]}}, key=UUID('bb351333-8412-4552-a4b9-7e10096947fa'), condition=None, blocking_facility=None), RegisteredHandler(callback=<bound method ConfigPlayer.config_play_callback of ConfigPlayer.event_player/events>, priority=200, kwargs={'calling_context': 'mode_hard_deck_playing_with_the_boys_started', 'mode': <Mode.pilot_mission_qualifier>, 'settings': {'ball_search_reset': [{'condition': None, 'number': None, 'priority': 0, 'params': {}}], 'ball_search_block': [{'condition': None, 'number': None, 'priority': 0, 'params': {}}]}}, key=UUID('332a1bff-14dc-47d8-bd46-5a3a1409c3d6'), condition=None, blocking_facility=None)]. The order of those handlers is not defined and they will be executed in random order. This might lead to race conditions and potential bugs.
2026-05-15 21:43:52,372 : INFO : EventManager : Unordered handler for class ConfigPlayer.event_player/events on event mode_hard_deck_maverick_and_penny_started with priority 200. Handlers: [RegisteredHandler(callback=<bound method ConfigPlayer.config_play_callback of ConfigPlayer.event_player/events>, priority=200, kwargs={'calling_context': 'mode_hard_deck_maverick_and_penny_started', 'mode': <Mode.iceman_letters>, 'settings': {'stop_all_training_pulse_shows': [{'condition': None, 'number': None, 'priority': 0, 'params': {}}]}}, key=UUID('f835579c-9550-4c6e-8d24-c7c5b85870c8'), condition=None, blocking_facility=None), RegisteredHandler(callback=<bound method ConfigPlayer.config_play_callback of ConfigPlayer.event_player/events>, priority=200, kwargs={'calling_context': 'mode_hard_deck_maverick_and_penny_started', 'mode': <Mode.pilot_mission_qualifier>, 'settings': {'ball_search_reset': [{'condition': None, 'number': None, 'priority': 0, 'params': {}}], 'ball_search_block': [{'condition': None, 'number': None, 'priority': 0, 'params': {}}]}}, key=UUID('5f2da154-76be-44ca-9856-7c38035a2fe2'), condition=None, blocking_facility=None)]. The order of those handlers is not defined and they will be executed in random order. This might lead to race conditions and potential bugs.
2026-05-15 21:43:52,372 : INFO : EventManager : Unordered handler for class ConfigPlayer.event_player/events on event mode_hard_deck_honoring_iceman_started with priority 200. Handlers: [RegisteredHandler(callback=<bound method ConfigPlayer.config_play_callback of ConfigPlayer.event_player/events>, priority=200, kwargs={'calling_context': 'mode_hard_deck_honoring_iceman_started', 'mode': <Mode.iceman_letters>, 'settings': {'stop_all_training_pulse_shows': [{'condition': None, 'number': None, 'priority': 0, 'params': {}}]}}, key=UUID('66042d2f-f477-4049-9f4f-df726ee40a36'), condition=None, blocking_facility=None), RegisteredHandler(callback=<bound method ConfigPlayer.config_play_callback of ConfigPlayer.event_player/events>, priority=200, kwargs={'calling_context': 'mode_hard_deck_honoring_iceman_started', 'mode': <Mode.pilot_mission_qualifier>, 'settings': {'ball_search_reset': [{'condition': None, 'number': None, 'priority': 0, 'params': {}}], 'ball_search_block': [{'condition': None, 'number': None, 'priority': 0, 'params': {}}]}}, key=UUID('0dfd99f0-4ac8-4374-a566-f849c5e9d798'), condition=None, blocking_facility=None)]. The order of those handlers is not defined and they will be executed in random order. This might lead to race conditions and potential bugs.
2026-05-15 21:43:52,372 : INFO : EventManager : Unordered handler for class ConfigPlayer.coil_player/coils on event mode_pilot_training_mission_inverted_started with priority 200. Handlers: [RegisteredHandler(callback=<bound method ConfigPlayer.config_play_callback of ConfigPlayer.coil_player/coils>, priority=200, kwargs={'calling_context': 'mode_pilot_training_mission_inverted_started', 'mode': <Mode.iceman_letters>, 'settings': {<coil.c_mode_barrier>: {'action': 'off', 'priority': 0, 'hold_power': None, 'pulse_power': None, 'pulse_ms': None, 'max_wait_ms': None}}}, key=UUID('b379c629-e31e-4da1-931c-6048ef649d6f'), condition=None, blocking_facility=None), RegisteredHandler(callback=<bound method ConfigPlayer.config_play_callback of ConfigPlayer.coil_player/coils>, priority=200, kwargs={'calling_context': 'mode_pilot_training_mission_inverted_started', 'mode': <Mode.pilot_mission_qualifier>, 'settings': {<coil.c_mode_barrier>: {'action': 'disable', 'priority': 0, 'hold_power': None, 'pulse_power': None, 'pulse_ms': None, 'max_wait_ms': None}}}, key=UUID('0aa4d217-cbdf-4009-bafb-202cbc663811'), condition=None, blocking_facility=None)]. The order of those handlers is not defined and they will be executed in random order. This might lead to race conditions and potential bugs.
2026-05-15 21:43:52,372 : INFO : EventManager : Unordered handler for class ConfigPlayer.event_player/events on event mode_pilot_training_mission_inverted_started with priority 200. Handlers: [RegisteredHandler(callback=<bound method ConfigPlayer.config_play_callback of ConfigPlayer.event_player/events>, priority=200, kwargs={'calling_context': 'mode_pilot_training_mission_inverted_started', 'mode': <Mode.iceman_letters>, 'settings': {'stop_all_training_pulse_shows': [{'condition': None, 'number': None, 'priority': 0, 'params': {}}]}}, key=UUID('c54a3a29-73f0-48ca-904c-37b0656bdab4'), condition=None, blocking_facility=None), RegisteredHandler(callback=<bound method ConfigPlayer.config_play_callback of ConfigPlayer.event_player/events>, priority=200, kwargs={'calling_context': 'mode_pilot_training_mission_inverted_started', 'mode': <Mode.pilot_mission_qualifier>, 'settings': {'ball_search_reset': [{'condition': None, 'number': None, 'priority': 0, 'params': {}}], 'ball_search_block': [{'condition': None, 'number': None, 'priority': 0, 'params': {}}]}}, key=UUID('dbecb0c6-e0a0-4239-a3d2-2980f3a61860'), condition=None, blocking_facility=None)]. The order of those handlers is not defined and they will be executed in random order. This might lead to race conditions and potential bugs.
2026-05-15 21:43:52,372 : INFO : EventManager : Unordered handler for class ConfigPlayer.coil_player/coils on event mode_pilot_training_mission_missiles_started with priority 200. Handlers: [RegisteredHandler(callback=<bound method ConfigPlayer.config_play_callback of ConfigPlayer.coil_player/coils>, priority=200, kwargs={'calling_context': 'mode_pilot_training_mission_missiles_started', 'mode': <Mode.iceman_letters>, 'settings': {<coil.c_mode_barrier>: {'action': 'off', 'priority': 0, 'hold_power': None, 'pulse_power': None, 'pulse_ms': None, 'max_wait_ms': None}}}, key=UUID('143cefae-f215-4bd5-b0d1-6399b22c59ff'), condition=None, blocking_facility=None), RegisteredHandler(callback=<bound method ConfigPlayer.config_play_callback of ConfigPlayer.coil_player/coils>, priority=200, kwargs={'calling_context': 'mode_pilot_training_mission_missiles_started', 'mode': <Mode.pilot_mission_qualifier>, 'settings': {<coil.c_mode_barrier>: {'action': 'disable', 'priority': 0, 'hold_power': None, 'pulse_power': None, 'pulse_ms': None, 'max_wait_ms': None}}}, key=UUID('4223ca05-41f0-4498-804f-7f0c4b2dc328'), condition=None, blocking_facility=None)]. The order of those handlers is not defined and they will be executed in random order. This might lead to race conditions and potential bugs.
2026-05-15 21:43:52,372 : INFO : EventManager : Unordered handler for class ConfigPlayer.event_player/events on event mode_pilot_training_mission_missiles_started with priority 200. Handlers: [RegisteredHandler(callback=<bound method ConfigPlayer.config_play_callback of ConfigPlayer.event_player/events>, priority=200, kwargs={'calling_context': 'mode_pilot_training_mission_missiles_started', 'mode': <Mode.iceman_letters>, 'settings': {'stop_all_training_pulse_shows': [{'condition': None, 'number': None, 'priority': 0, 'params': {}}]}}, key=UUID('55271904-97d8-48a2-9531-99dfa5392f7b'), condition=None, blocking_facility=None), RegisteredHandler(callback=<bound method ConfigPlayer.config_play_callback of ConfigPlayer.event_player/events>, priority=200, kwargs={'calling_context': 'mode_pilot_training_mission_missiles_started', 'mode': <Mode.pilot_mission_qualifier>, 'settings': {'ball_search_reset': [{'condition': None, 'number': None, 'priority': 0, 'params': {}}], 'ball_search_block': [{'condition': None, 'number': None, 'priority': 0, 'params': {}}]}}, key=UUID('a69f6564-db09-4f26-ae18-997be32a4225'), condition=None, blocking_facility=None)]. The order of those handlers is not defined and they will be executed in random order. This might lead to race conditions and potential bugs.
2026-05-15 21:43:52,372 : INFO : EventManager : Unordered handler for class ConfigPlayer.coil_player/coils on event mode_pilot_training_mission_afterburner_started with priority 200. Handlers: [RegisteredHandler(callback=<bound method ConfigPlayer.config_play_callback of ConfigPlayer.coil_player/coils>, priority=200, kwargs={'calling_context': 'mode_pilot_training_mission_afterburner_started', 'mode': <Mode.iceman_letters>, 'settings': {<coil.c_mode_barrier>: {'action': 'off', 'priority': 0, 'hold_power': None, 'pulse_power': None, 'pulse_ms': None, 'max_wait_ms': None}}}, key=UUID('4735ed6b-be7e-4400-b794-6f4b905ee521'), condition=None, blocking_facility=None), RegisteredHandler(callback=<bound method ConfigPlayer.config_play_callback of ConfigPlayer.coil_player/coils>, priority=200, kwargs={'calling_context': 'mode_pilot_training_mission_afterburner_started', 'mode': <Mode.pilot_mission_qualifier>, 'settings': {<coil.c_mode_barrier>: {'action': 'disable', 'priority': 0, 'hold_power': None, 'pulse_power': None, 'pulse_ms': None, 'max_wait_ms': None}}}, key=UUID('7c1f5498-78c1-4f45-8c9f-27cf07464829'), condition=None, blocking_facility=None)]. The order of those handlers is not defined and they will be executed in random order. This might lead to race conditions and potential bugs.
2026-05-15 21:43:52,372 : INFO : EventManager : Unordered handler for class ConfigPlayer.event_player/events on event mode_pilot_training_mission_afterburner_started with priority 200. Handlers: [RegisteredHandler(callback=<bound method ConfigPlayer.config_play_callback of ConfigPlayer.event_player/events>, priority=200, kwargs={'calling_context': 'mode_pilot_training_mission_afterburner_started', 'mode': <Mode.iceman_letters>, 'settings': {'stop_all_training_pulse_shows': [{'condition': None, 'number': None, 'priority': 0, 'params': {}}]}}, key=UUID('588fee5a-87e0-4e7e-a375-d1d57087e1f1'), condition=None, blocking_facility=None), RegisteredHandler(callback=<bound method ConfigPlayer.config_play_callback of ConfigPlayer.event_player/events>, priority=200, kwargs={'calling_context': 'mode_pilot_training_mission_afterburner_started', 'mode': <Mode.pilot_mission_qualifier>, 'settings': {'ball_search_reset': [{'condition': None, 'number': None, 'priority': 0, 'params': {}}], 'ball_search_block': [{'condition': None, 'number': None, 'priority': 0, 'params': {}}]}}, key=UUID('595d1e31-981f-48d5-aeb7-233c7016e8df'), condition=None, blocking_facility=None)]. The order of those handlers is not defined and they will be executed in random order. This might lead to race conditions and potential bugs.
2026-05-15 21:43:52,373 : INFO : EventManager : Unordered handler for class ConfigPlayer.coil_player/coils on event mode_pilot_training_mission_wingman_started with priority 200. Handlers: [RegisteredHandler(callback=<bound method ConfigPlayer.config_play_callback of ConfigPlayer.coil_player/coils>, priority=200, kwargs={'calling_context': 'mode_pilot_training_mission_wingman_started', 'mode': <Mode.iceman_letters>, 'settings': {<coil.c_mode_barrier>: {'action': 'off', 'priority': 0, 'hold_power': None, 'pulse_power': None, 'pulse_ms': None, 'max_wait_ms': None}}}, key=UUID('0f39ec34-50b9-4acc-876b-656888cca190'), condition=None, blocking_facility=None), RegisteredHandler(callback=<bound method ConfigPlayer.config_play_callback of ConfigPlayer.coil_player/coils>, priority=200, kwargs={'calling_context': 'mode_pilot_training_mission_wingman_started', 'mode': <Mode.pilot_mission_qualifier>, 'settings': {<coil.c_mode_barrier>: {'action': 'disable', 'priority': 0, 'hold_power': None, 'pulse_power': None, 'pulse_ms': None, 'max_wait_ms': None}}}, key=UUID('38180131-1a65-4743-95a7-954acaa58d3f'), condition=None, blocking_facility=None)]. The order of those handlers is not defined and they will be executed in random order. This might lead to race conditions and potential bugs.
2026-05-15 21:43:52,373 : INFO : EventManager : Unordered handler for class ConfigPlayer.event_player/events on event mode_pilot_training_mission_wingman_started with priority 200. Handlers: [RegisteredHandler(callback=<bound method ConfigPlayer.config_play_callback of ConfigPlayer.event_player/events>, priority=200, kwargs={'calling_context': 'mode_pilot_training_mission_wingman_started', 'mode': <Mode.iceman_letters>, 'settings': {'stop_all_training_pulse_shows': [{'condition': None, 'number': None, 'priority': 0, 'params': {}}]}}, key=UUID('51669f31-7cd4-41b7-b34b-ce5aca33add0'), condition=None, blocking_facility=None), RegisteredHandler(callback=<bound method ConfigPlayer.config_play_callback of ConfigPlayer.event_player/events>, priority=200, kwargs={'calling_context': 'mode_pilot_training_mission_wingman_started', 'mode': <Mode.pilot_mission_qualifier>, 'settings': {'ball_search_reset': [{'condition': None, 'number': None, 'priority': 0, 'params': {}}], 'ball_search_block': [{'condition': None, 'number': None, 'priority': 0, 'params': {}}]}}, key=UUID('d49c7e6d-4817-413e-8de3-03a6d93731b2'), condition=None, blocking_facility=None)]. The order of those handlers is not defined and they will be executed in random order. This might lead to race conditions and potential bugs.
2026-05-15 21:43:52,375 : INFO : EventManager : Unordered handler for class ConfigPlayer.event_player/events on event mode_no_points_for_second_place_started with priority 200. Handlers: [RegisteredHandler(callback=<bound method ConfigPlayer.config_play_callback of ConfigPlayer.event_player/events>, priority=200, kwargs={'calling_context': 'mode_no_points_for_second_place_started', 'mode': <Mode.iceman_letters>, 'settings': {'stop_all_training_pulse_shows': [{'condition': None, 'number': None, 'priority': 0, 'params': {}}]}}, key=UUID('24663366-1034-4d40-b9a4-f61ab98250ff'), condition=None, blocking_facility=None), RegisteredHandler(callback=<bound method ConfigPlayer.config_play_callback of ConfigPlayer.event_player/events>, priority=200, kwargs={'calling_context': 'mode_no_points_for_second_place_started', 'mode': <Mode.pilot_mission_qualifier>, 'settings': {'reset_topgun_letters': [{'condition': None, 'number': None, 'priority': 0, 'params': {}}], 'check_all_pilot_modes_played': [{'condition': None, 'number': None, 'priority': 0, 'params': {}}], 'ball_search_reset': [{'condition': None, 'number': None, 'priority': 0, 'params': {}}], 'ball_search_block': [{'condition': None, 'number': None, 'priority': 0, 'params': {}}]}}, key=UUID('7cc002bd-3713-48eb-84eb-43d39c8194ce'), condition=None, blocking_facility=None)]. The order of those handlers is not defined and they will be executed in random order. This might lead to race conditions and potential bugs.
2026-05-15 21:43:52,380 : INFO : EventManager : Unordered handler for class ConfigPlayer.event_player/events on event mode_rescue_cougar_started with priority 200. Handlers: [RegisteredHandler(callback=<bound method ConfigPlayer.config_play_callback of ConfigPlayer.event_player/events>, priority=200, kwargs={'calling_context': 'mode_rescue_cougar_started', 'mode': <Mode.iceman_letters>, 'settings': {'stop_all_training_pulse_shows': [{'condition': None, 'number': None, 'priority': 0, 'params': {}}]}}, key=UUID('2180ce46-e2b8-493d-9ec4-ced87fad337e'), condition=None, blocking_facility=None), RegisteredHandler(callback=<bound method ConfigPlayer.config_play_callback of ConfigPlayer.event_player/events>, priority=200, kwargs={'calling_context': 'mode_rescue_cougar_started', 'mode': <Mode.pilot_mission_qualifier>, 'settings': {'reset_topgun_letters': [{'condition': None, 'number': None, 'priority': 0, 'params': {}}], 'check_all_pilot_modes_played': [{'condition': None, 'number': None, 'priority': 0, 'params': {}}], 'ball_search_reset': [{'condition': None, 'number': None, 'priority': 0, 'params': {}}], 'ball_search_block': [{'condition': None, 'number': None, 'priority': 0, 'params': {}}]}}, key=UUID('05ae06b7-a1c5-4de1-a758-6d6d855c552d'), condition=None, blocking_facility=None)]. The order of those handlers is not defined and they will be executed in random order. This might lead to race conditions and potential bugs.
2026-05-15 21:43:52,380 : INFO : EventManager : Unordered handler for class ConfigPlayer.event_player/events on event mode_cool_under_pressure_started with priority 200. Handlers: [RegisteredHandler(callback=<bound method ConfigPlayer.config_play_callback of ConfigPlayer.event_player/events>, priority=200, kwargs={'calling_context': 'mode_cool_under_pressure_started', 'mode': <Mode.iceman_letters>, 'settings': {'stop_all_training_pulse_shows': [{'condition': None, 'number': None, 'priority': 0, 'params': {}}]}}, key=UUID('e6875da8-b37b-4456-bcf3-382a35e68fd6'), condition=None, blocking_facility=None), RegisteredHandler(callback=<bound method ConfigPlayer.config_play_callback of ConfigPlayer.event_player/events>, priority=200, kwargs={'calling_context': 'mode_cool_under_pressure_started', 'mode': <Mode.pilot_mission_qualifier>, 'settings': {'reset_topgun_letters': [{'condition': None, 'number': None, 'priority': 0, 'params': {}}], 'check_all_pilot_modes_played': [{'condition': None, 'number': None, 'priority': 0, 'params': {}}], 'ball_search_reset': [{'condition': None, 'number': None, 'priority': 0, 'params': {}}], 'ball_search_block': [{'condition': None, 'number': None, 'priority': 0, 'params': {}}]}}, key=UUID('e894b99a-2b56-47f3-a13b-7ab6b9e78c5e'), condition=None, blocking_facility=None)]. The order of those handlers is not defined and they will be executed in random order. This might lead to race conditions and potential bugs.
2026-05-15 21:43:52,380 : INFO : EventManager : Unordered handler for class ConfigPlayer.event_player/events on event mode_battle_jester_started with priority 200. Handlers: [RegisteredHandler(callback=<bound method ConfigPlayer.config_play_callback of ConfigPlayer.event_player/events>, priority=200, kwargs={'calling_context': 'mode_battle_jester_started', 'mode': <Mode.iceman_letters>, 'settings': {'stop_all_training_pulse_shows': [{'condition': None, 'number': None, 'priority': 0, 'params': {}}]}}, key=UUID('4e9baf56-e118-4ac2-a718-9ac07d44d310'), condition=None, blocking_facility=None), RegisteredHandler(callback=<bound method ConfigPlayer.config_play_callback of ConfigPlayer.event_player/events>, priority=200, kwargs={'calling_context': 'mode_battle_jester_started', 'mode': <Mode.pilot_mission_qualifier>, 'settings': {'reset_topgun_letters': [{'condition': None, 'number': None, 'priority': 0, 'params': {}}], 'check_all_pilot_modes_played': [{'condition': None, 'number': None, 'priority': 0, 'params': {}}], 'ball_search_reset': [{'condition': None, 'number': None, 'priority': 0, 'params': {}}], 'ball_search_block': [{'condition': None, 'number': None, 'priority': 0, 'params': {}}]}}, key=UUID('ba65cc04-98df-4f2a-a3b8-47c82150a92a'), condition=None, blocking_facility=None)]. The order of those handlers is not defined and they will be executed in random order. This might lead to race conditions and potential bugs.
2026-05-15 21:43:52,381 : INFO : EventManager : Unordered handler for class ConfigPlayer.event_player/events on event mode_edge_of_space_started with priority 200. Handlers: [RegisteredHandler(callback=<bound method ConfigPlayer.config_play_callback of ConfigPlayer.event_player/events>, priority=200, kwargs={'calling_context': 'mode_edge_of_space_started', 'mode': <Mode.iceman_letters>, 'settings': {'stop_all_training_pulse_shows': [{'condition': None, 'number': None, 'priority': 0, 'params': {}}]}}, key=UUID('e5439107-e6e8-4584-a95e-1cb33aeb2e19'), condition=None, blocking_facility=None), RegisteredHandler(callback=<bound method ConfigPlayer.config_play_callback of ConfigPlayer.event_player/events>, priority=200, kwargs={'calling_context': 'mode_edge_of_space_started', 'mode': <Mode.pilot_mission_qualifier>, 'settings': {'reset_topgun_letters': [{'condition': None, 'number': None, 'priority': 0, 'params': {}}], 'check_all_pilot_modes_played': [{'condition': None, 'number': None, 'priority': 0, 'params': {}}], 'ball_search_reset': [{'condition': None, 'number': None, 'priority': 0, 'params': {}}], 'ball_search_block': [{'condition': None, 'number': None, 'priority': 0, 'params': {}}]}}, key=UUID('4ec6479a-0354-46a5-ad69-2cb510e66add'), condition=None, blocking_facility=None)]. The order of those handlers is not defined and they will be executed in random order. This might lead to race conditions and potential bugs.
2026-05-15 21:43:52,381 : INFO : EventManager : Unordered handler for class ConfigPlayer.event_player/events on event mode_below_the_hard_deck_started with priority 200. Handlers: [RegisteredHandler(callback=<bound method ConfigPlayer.config_play_callback of ConfigPlayer.event_player/events>, priority=200, kwargs={'calling_context': 'mode_below_the_hard_deck_started', 'mode': <Mode.iceman_letters>, 'settings': {'stop_all_training_pulse_shows': [{'condition': None, 'number': None, 'priority': 0, 'params': {}}]}}, key=UUID('9aa94b87-3d8c-425e-be83-2b4d895f9aea'), condition=None, blocking_facility=None), RegisteredHandler(callback=<bound method ConfigPlayer.config_play_callback of ConfigPlayer.event_player/events>, priority=200, kwargs={'calling_context': 'mode_below_the_hard_deck_started', 'mode': <Mode.pilot_mission_qualifier>, 'settings': {'reset_topgun_letters': [{'condition': None, 'number': None, 'priority': 0, 'params': {}}], 'check_all_pilot_modes_played': [{'condition': None, 'number': None, 'priority': 0, 'params': {}}], 'ball_search_reset': [{'condition': None, 'number': None, 'priority': 0, 'params': {}}], 'ball_search_block': [{'condition': None, 'number': None, 'priority': 0, 'params': {}}]}}, key=UUID('19029a77-39a6-4b20-a1bb-4bd5debfe939'), condition=None, blocking_facility=None)]. The order of those handlers is not defined and they will be executed in random order. This might lead to race conditions and potential bugs.
2026-05-15 21:43:52,381 : INFO : EventManager : Unordered handler for class ConfigPlayer.event_player/events on event mode_canyon_run_started with priority 200. Handlers: [RegisteredHandler(callback=<bound method ConfigPlayer.config_play_callback of ConfigPlayer.event_player/events>, priority=200, kwargs={'calling_context': 'mode_canyon_run_started', 'mode': <Mode.iceman_letters>, 'settings': {'stop_all_training_pulse_shows': [{'condition': None, 'number': None, 'priority': 0, 'params': {}}]}}, key=UUID('589a3efe-3e25-47de-a972-11b2b31b7c4f'), condition=None, blocking_facility=None), RegisteredHandler(callback=<bound method ConfigPlayer.config_play_callback of ConfigPlayer.event_player/events>, priority=200, kwargs={'calling_context': 'mode_canyon_run_started', 'mode': <Mode.pilot_mission_qualifier>, 'settings': {'reset_topgun_letters': [{'condition': None, 'number': None, 'priority': 0, 'params': {}}], 'check_all_pilot_modes_played': [{'condition': None, 'number': None, 'priority': 0, 'params': {}}], 'ball_search_reset': [{'condition': None, 'number': None, 'priority': 0, 'params': {}}], 'ball_search_block': [{'condition': None, 'number': None, 'priority': 0, 'params': {}}]}}, key=UUID('714d3448-9598-4f9d-96b2-b5b139fce7f0'), condition=None, blocking_facility=None)]. The order of those handlers is not defined and they will be executed in random order. This might lead to race conditions and potential bugs.
2026-05-15 21:43:52,381 : INFO : EventManager : Unordered handler for class ConfigPlayer.event_player/events on event mode_rise_of_phoenix_started with priority 200. Handlers: [RegisteredHandler(callback=<bound method ConfigPlayer.config_play_callback of ConfigPlayer.event_player/events>, priority=200, kwargs={'calling_context': 'mode_rise_of_phoenix_started', 'mode': <Mode.iceman_letters>, 'settings': {'stop_all_training_pulse_shows': [{'condition': None, 'number': None, 'priority': 0, 'params': {}}]}}, key=UUID('b8b27a01-e768-49a3-9183-5ce659a84522'), condition=None, blocking_facility=None), RegisteredHandler(callback=<bound method ConfigPlayer.config_play_callback of ConfigPlayer.event_player/events>, priority=200, kwargs={'calling_context': 'mode_rise_of_phoenix_started', 'mode': <Mode.pilot_mission_qualifier>, 'settings': {'reset_topgun_letters': [{'condition': None, 'number': None, 'priority': 0, 'params': {}}], 'check_all_pilot_modes_played': [{'condition': None, 'number': None, 'priority': 0, 'params': {}}], 'ball_search_reset': [{'condition': None, 'number': None, 'priority': 0, 'params': {}}], 'ball_search_block': [{'condition': None, 'number': None, 'priority': 0, 'params': {}}]}}, key=UUID('f707fedb-1ce4-4c30-a75d-ef43b583c6e9'), condition=None, blocking_facility=None)]. The order of those handlers is not defined and they will be executed in random order. This might lead to race conditions and potential bugs.
2026-05-15 21:43:52,381 : INFO : EventManager : Unordered handler for class ConfigPlayer.event_player/events on event mode_no_margin_for_error_started with priority 200. Handlers: [RegisteredHandler(callback=<bound method ConfigPlayer.config_play_callback of ConfigPlayer.event_player/events>, priority=200, kwargs={'calling_context': 'mode_no_margin_for_error_started', 'mode': <Mode.iceman_letters>, 'settings': {'stop_all_training_pulse_shows': [{'condition': None, 'number': None, 'priority': 0, 'params': {}}]}}, key=UUID('6b1f6622-5088-4570-843d-158154583562'), condition=None, blocking_facility=None), RegisteredHandler(callback=<bound method ConfigPlayer.config_play_callback of ConfigPlayer.event_player/events>, priority=200, kwargs={'calling_context': 'mode_no_margin_for_error_started', 'mode': <Mode.pilot_mission_qualifier>, 'settings': {'reset_topgun_letters': [{'condition': None, 'number': None, 'priority': 0, 'params': {}}], 'check_all_pilot_modes_played': [{'condition': None, 'number': None, 'priority': 0, 'params': {}}], 'ball_search_reset': [{'condition': None, 'number': None, 'priority': 0, 'params': {}}], 'ball_search_block': [{'condition': None, 'number': None, 'priority': 0, 'params': {}}]}}, key=UUID('df86e7c2-c4ba-4434-b973-c8d701a291ce'), condition=None, blocking_facility=None)]. The order of those handlers is not defined and they will be executed in random order. This might lead to race conditions and potential bugs.
2026-05-15 21:43:52,385 : INFO : EventManager : Unordered handler for class ConfigPlayer.event_player/events on event mode_rescue_cougar_started with priority 200. Handlers: [RegisteredHandler(callback=<bound method ConfigPlayer.config_play_callback of ConfigPlayer.event_player/events>, priority=200, kwargs={'calling_context': 'mode_rescue_cougar_started', 'mode': <Mode.iceman_letters>, 'settings': {'stop_all_training_pulse_shows': [{'condition': None, 'number': None, 'priority': 0, 'params': {}}]}}, key=UUID('2180ce46-e2b8-493d-9ec4-ced87fad337e'), condition=None, blocking_facility=None), RegisteredHandler(callback=<bound method ConfigPlayer.config_play_callback of ConfigPlayer.event_player/events>, priority=200, kwargs={'calling_context': 'mode_rescue_cougar_started', 'mode': <Mode.pilot_mission_qualifier>, 'settings': {'reset_topgun_letters': [{'condition': None, 'number': None, 'priority': 0, 'params': {}}], 'check_all_pilot_modes_played': [{'condition': None, 'number': None, 'priority': 0, 'params': {}}], 'ball_search_reset': [{'condition': None, 'number': None, 'priority': 0, 'params': {}}], 'ball_search_block': [{'condition': None, 'number': None, 'priority': 0, 'params': {}}]}}, key=UUID('05ae06b7-a1c5-4de1-a758-6d6d855c552d'), condition=None, blocking_facility=None)]. The order of those handlers is not defined and they will be executed in random order. This might lead to race conditions and potential bugs.
2026-05-15 21:43:52,385 : INFO : EventManager : Unordered handler for class ConfigPlayer.event_player/events on event mode_cool_under_pressure_started with priority 200. Handlers: [RegisteredHandler(callback=<bound method ConfigPlayer.config_play_callback of ConfigPlayer.event_player/events>, priority=200, kwargs={'calling_context': 'mode_cool_under_pressure_started', 'mode': <Mode.iceman_letters>, 'settings': {'stop_all_training_pulse_shows': [{'condition': None, 'number': None, 'priority': 0, 'params': {}}]}}, key=UUID('e6875da8-b37b-4456-bcf3-382a35e68fd6'), condition=None, blocking_facility=None), RegisteredHandler(callback=<bound method ConfigPlayer.config_play_callback of ConfigPlayer.event_player/events>, priority=200, kwargs={'calling_context': 'mode_cool_under_pressure_started', 'mode': <Mode.pilot_mission_qualifier>, 'settings': {'reset_topgun_letters': [{'condition': None, 'number': None, 'priority': 0, 'params': {}}], 'check_all_pilot_modes_played': [{'condition': None, 'number': None, 'priority': 0, 'params': {}}], 'ball_search_reset': [{'condition': None, 'number': None, 'priority': 0, 'params': {}}], 'ball_search_block': [{'condition': None, 'number': None, 'priority': 0, 'params': {}}]}}, key=UUID('e894b99a-2b56-47f3-a13b-7ab6b9e78c5e'), condition=None, blocking_facility=None)]. The order of those handlers is not defined and they will be executed in random order. This might lead to race conditions and potential bugs.
2026-05-15 21:43:52,385 : INFO : EventManager : Unordered handler for class ConfigPlayer.event_player/events on event mode_battle_jester_started with priority 200. Handlers: [RegisteredHandler(callback=<bound method ConfigPlayer.config_play_callback of ConfigPlayer.event_player/events>, priority=200, kwargs={'calling_context': 'mode_battle_jester_started', 'mode': <Mode.iceman_letters>, 'settings': {'stop_all_training_pulse_shows': [{'condition': None, 'number': None, 'priority': 0, 'params': {}}]}}, key=UUID('4e9baf56-e118-4ac2-a718-9ac07d44d310'), condition=None, blocking_facility=None), RegisteredHandler(callback=<bound method ConfigPlayer.config_play_callback of ConfigPlayer.event_player/events>, priority=200, kwargs={'calling_context': 'mode_battle_jester_started', 'mode': <Mode.pilot_mission_qualifier>, 'settings': {'reset_topgun_letters': [{'condition': None, 'number': None, 'priority': 0, 'params': {}}], 'check_all_pilot_modes_played': [{'condition': None, 'number': None, 'priority': 0, 'params': {}}], 'ball_search_reset': [{'condition': None, 'number': None, 'priority': 0, 'params': {}}], 'ball_search_block': [{'condition': None, 'number': None, 'priority': 0, 'params': {}}]}}, key=UUID('ba65cc04-98df-4f2a-a3b8-47c82150a92a'), condition=None, blocking_facility=None)]. The order of those handlers is not defined and they will be executed in random order. This might lead to race conditions and potential bugs.
2026-05-15 21:43:52,385 : INFO : EventManager : Unordered handler for class ConfigPlayer.event_player/events on event mode_no_points_for_second_place_started with priority 200. Handlers: [RegisteredHandler(callback=<bound method ConfigPlayer.config_play_callback of ConfigPlayer.event_player/events>, priority=200, kwargs={'calling_context': 'mode_no_points_for_second_place_started', 'mode': <Mode.iceman_letters>, 'settings': {'stop_all_training_pulse_shows': [{'condition': None, 'number': None, 'priority': 0, 'params': {}}]}}, key=UUID('24663366-1034-4d40-b9a4-f61ab98250ff'), condition=None, blocking_facility=None), RegisteredHandler(callback=<bound method ConfigPlayer.config_play_callback of ConfigPlayer.event_player/events>, priority=200, kwargs={'calling_context': 'mode_no_points_for_second_place_started', 'mode': <Mode.pilot_mission_qualifier>, 'settings': {'reset_topgun_letters': [{'condition': None, 'number': None, 'priority': 0, 'params': {}}], 'check_all_pilot_modes_played': [{'condition': None, 'number': None, 'priority': 0, 'params': {}}], 'ball_search_reset': [{'condition': None, 'number': None, 'priority': 0, 'params': {}}], 'ball_search_block': [{'condition': None, 'number': None, 'priority': 0, 'params': {}}]}}, key=UUID('7cc002bd-3713-48eb-84eb-43d39c8194ce'), condition=None, blocking_facility=None)]. The order of those handlers is not defined and they will be executed in random order. This might lead to race conditions and potential bugs.
2026-05-15 21:43:52,386 : INFO : EventManager : Unordered handler for class ConfigPlayer.event_player/events on event mode_edge_of_space_started with priority 200. Handlers: [RegisteredHandler(callback=<bound method ConfigPlayer.config_play_callback of ConfigPlayer.event_player/events>, priority=200, kwargs={'calling_context': 'mode_edge_of_space_started', 'mode': <Mode.iceman_letters>, 'settings': {'stop_all_training_pulse_shows': [{'condition': None, 'number': None, 'priority': 0, 'params': {}}]}}, key=UUID('e5439107-e6e8-4584-a95e-1cb33aeb2e19'), condition=None, blocking_facility=None), RegisteredHandler(callback=<bound method ConfigPlayer.config_play_callback of ConfigPlayer.event_player/events>, priority=200, kwargs={'calling_context': 'mode_edge_of_space_started', 'mode': <Mode.pilot_mission_qualifier>, 'settings': {'reset_topgun_letters': [{'condition': None, 'number': None, 'priority': 0, 'params': {}}], 'check_all_pilot_modes_played': [{'condition': None, 'number': None, 'priority': 0, 'params': {}}], 'ball_search_reset': [{'condition': None, 'number': None, 'priority': 0, 'params': {}}], 'ball_search_block': [{'condition': None, 'number': None, 'priority': 0, 'params': {}}]}}, key=UUID('4ec6479a-0354-46a5-ad69-2cb510e66add'), condition=None, blocking_facility=None)]. The order of those handlers is not defined and they will be executed in random order. This might lead to race conditions and potential bugs.
2026-05-15 21:43:52,386 : INFO : EventManager : Unordered handler for class ConfigPlayer.event_player/events on event mode_below_the_hard_deck_started with priority 200. Handlers: [RegisteredHandler(callback=<bound method ConfigPlayer.config_play_callback of ConfigPlayer.event_player/events>, priority=200, kwargs={'calling_context': 'mode_below_the_hard_deck_started', 'mode': <Mode.iceman_letters>, 'settings': {'stop_all_training_pulse_shows': [{'condition': None, 'number': None, 'priority': 0, 'params': {}}]}}, key=UUID('9aa94b87-3d8c-425e-be83-2b4d895f9aea'), condition=None, blocking_facility=None), RegisteredHandler(callback=<bound method ConfigPlayer.config_play_callback of ConfigPlayer.event_player/events>, priority=200, kwargs={'calling_context': 'mode_below_the_hard_deck_started', 'mode': <Mode.pilot_mission_qualifier>, 'settings': {'reset_topgun_letters': [{'condition': None, 'number': None, 'priority': 0, 'params': {}}], 'check_all_pilot_modes_played': [{'condition': None, 'number': None, 'priority': 0, 'params': {}}], 'ball_search_reset': [{'condition': None, 'number': None, 'priority': 0, 'params': {}}], 'ball_search_block': [{'condition': None, 'number': None, 'priority': 0, 'params': {}}]}}, key=UUID('19029a77-39a6-4b20-a1bb-4bd5debfe939'), condition=None, blocking_facility=None)]. The order of those handlers is not defined and they will be executed in random order. This might lead to race conditions and potential bugs.
2026-05-15 21:43:52,386 : INFO : EventManager : Unordered handler for class ConfigPlayer.event_player/events on event mode_canyon_run_started with priority 200. Handlers: [RegisteredHandler(callback=<bound method ConfigPlayer.config_play_callback of ConfigPlayer.event_player/events>, priority=200, kwargs={'calling_context': 'mode_canyon_run_started', 'mode': <Mode.iceman_letters>, 'settings': {'stop_all_training_pulse_shows': [{'condition': None, 'number': None, 'priority': 0, 'params': {}}]}}, key=UUID('589a3efe-3e25-47de-a972-11b2b31b7c4f'), condition=None, blocking_facility=None), RegisteredHandler(callback=<bound method ConfigPlayer.config_play_callback of ConfigPlayer.event_player/events>, priority=200, kwargs={'calling_context': 'mode_canyon_run_started', 'mode': <Mode.pilot_mission_qualifier>, 'settings': {'reset_topgun_letters': [{'condition': None, 'number': None, 'priority': 0, 'params': {}}], 'check_all_pilot_modes_played': [{'condition': None, 'number': None, 'priority': 0, 'params': {}}], 'ball_search_reset': [{'condition': None, 'number': None, 'priority': 0, 'params': {}}], 'ball_search_block': [{'condition': None, 'number': None, 'priority': 0, 'params': {}}]}}, key=UUID('714d3448-9598-4f9d-96b2-b5b139fce7f0'), condition=None, blocking_facility=None)]. The order of those handlers is not defined and they will be executed in random order. This might lead to race conditions and potential bugs.
2026-05-15 21:43:52,386 : INFO : EventManager : Unordered handler for class ConfigPlayer.event_player/events on event mode_rise_of_phoenix_started with priority 200. Handlers: [RegisteredHandler(callback=<bound method ConfigPlayer.config_play_callback of ConfigPlayer.event_player/events>, priority=200, kwargs={'calling_context': 'mode_rise_of_phoenix_started', 'mode': <Mode.iceman_letters>, 'settings': {'stop_all_training_pulse_shows': [{'condition': None, 'number': None, 'priority': 0, 'params': {}}]}}, key=UUID('b8b27a01-e768-49a3-9183-5ce659a84522'), condition=None, blocking_facility=None), RegisteredHandler(callback=<bound method ConfigPlayer.config_play_callback of ConfigPlayer.event_player/events>, priority=200, kwargs={'calling_context': 'mode_rise_of_phoenix_started', 'mode': <Mode.pilot_mission_qualifier>, 'settings': {'reset_topgun_letters': [{'condition': None, 'number': None, 'priority': 0, 'params': {}}], 'check_all_pilot_modes_played': [{'condition': None, 'number': None, 'priority': 0, 'params': {}}], 'ball_search_reset': [{'condition': None, 'number': None, 'priority': 0, 'params': {}}], 'ball_search_block': [{'condition': None, 'number': None, 'priority': 0, 'params': {}}]}}, key=UUID('f707fedb-1ce4-4c30-a75d-ef43b583c6e9'), condition=None, blocking_facility=None)]. The order of those handlers is not defined and they will be executed in random order. This might lead to race conditions and potential bugs.
2026-05-15 21:43:52,386 : INFO : EventManager : Unordered handler for class ConfigPlayer.event_player/events on event mode_no_margin_for_error_started with priority 200. Handlers: [RegisteredHandler(callback=<bound method ConfigPlayer.config_play_callback of ConfigPlayer.event_player/events>, priority=200, kwargs={'calling_context': 'mode_no_margin_for_error_started', 'mode': <Mode.iceman_letters>, 'settings': {'stop_all_training_pulse_shows': [{'condition': None, 'number': None, 'priority': 0, 'params': {}}]}}, key=UUID('6b1f6622-5088-4570-843d-158154583562'), condition=None, blocking_facility=None), RegisteredHandler(callback=<bound method ConfigPlayer.config_play_callback of ConfigPlayer.event_player/events>, priority=200, kwargs={'calling_context': 'mode_no_margin_for_error_started', 'mode': <Mode.pilot_mission_qualifier>, 'settings': {'reset_topgun_letters': [{'condition': None, 'number': None, 'priority': 0, 'params': {}}], 'check_all_pilot_modes_played': [{'condition': None, 'number': None, 'priority': 0, 'params': {}}], 'ball_search_reset': [{'condition': None, 'number': None, 'priority': 0, 'params': {}}], 'ball_search_block': [{'condition': None, 'number': None, 'priority': 0, 'params': {}}]}}, key=UUID('df86e7c2-c4ba-4434-b973-c8d701a291ce'), condition=None, blocking_facility=None)]. The order of those handlers is not defined and they will be executed in random order. This might lead to race conditions and potential bugs.
2026-05-15 21:43:52,388 : INFO : EventManager : Unordered handler for class ConfigPlayer.variable_player/variables on event player_added with priority 200. Handlers: [RegisteredHandler(callback=<bound method ConfigPlayer.config_play_callback of ConfigPlayer.variable_player/variables>, priority=200, kwargs={'calling_context': 'player_added', 'mode': <Mode.mig_letters>, 'settings': {'mig_letter_m': {'action': 'set', 'int': <NativeTemplate 0>, 'priority': 0, 'float': None, 'string': None, 'block': False, 'player': None, 'condition': None}, 'mig_letter_i': {'action': 'set', 'int': <NativeTemplate 0>, 'priority': 0, 'float': None, 'string': None, 'block': False, 'player': None, 'condition': None}, 'mig_letter_g': {'action': 'set', 'int': <NativeTemplate 0>, 'priority': 0, 'float': None, 'string': None, 'block': False, 'player': None, 'condition': None}, 'bonus_multiplier': {'action': 'set', 'int': <NativeTemplate 1>, 'priority': 0, 'float': None, 'string': None, 'block': False, 'player': None, 'condition': None}, 'mig_completing': {'action': 'set', 'int': <NativeTemplate 0>, 'priority': 0, 'float': None, 'string': None, 'block': False, 'player': None, 'condition': None}}}, key=UUID('6311a839-da8f-4a7d-9eba-c526b59d41b2'), condition=None, blocking_facility=None), RegisteredHandler(callback=<bound method ConfigPlayer.config_play_callback of ConfigPlayer.variable_player/variables>, priority=200, kwargs={'calling_context': 'player_added', 'mode': <Mode.iceman_letters>, 'settings': {'iceman_letter_i': {'action': 'set', 'int': <NativeTemplate 0>, 'priority': 0, 'float': None, 'string': None, 'block': False, 'player': None, 'condition': None}, 'iceman_letter_c': {'action': 'set', 'int': <NativeTemplate 0>, 'priority': 0, 'float': None, 'string': None, 'block': False, 'player': None, 'condition': None}, 'iceman_letter_e': {'action': 'set', 'int': <NativeTemplate 0>, 'priority': 0, 'float': None, 'string': None, 'block': False, 'player': None, 'condition': None}, 'iceman_letter_m': {'action': 'set', 'int': <NativeTemplate 0>, 'priority': 0, 'float': None, 'string': None, 'block': False, 'player': None, 'condition': None}, 'iceman_letter_a': {'action': 'set', 'int': <NativeTemplate 0>, 'priority': 0, 'float': None, 'string': None, 'block': False, 'player': None, 'condition': None}, 'iceman_letter_n': {'action': 'set', 'int': <NativeTemplate 0>, 'priority': 0, 'float': None, 'string': None, 'block': False, 'player': None, 'condition': None}, 'iceman_completing': {'action': 'set', 'int': <NativeTemplate 0>, 'priority': 0, 'float': None, 'string': None, 'block': False, 'player': None, 'condition': None}, 'training_inverted_complete': {'action': 'set', 'int': <NativeTemplate 0>, 'priority': 0, 'float': None, 'string': None, 'block': False, 'player': None, 'condition': None}, 'training_missles_complete': {'action': 'set', 'int': <NativeTemplate 0>, 'priority': 0, 'float': None, 'string': None, 'block': False, 'player': None, 'condition': None}, 'training_afterburner_complete': {'action': 'set', 'int': <NativeTemplate 0>, 'priority': 0, 'float': None, 'string': None, 'block': False, 'player': None, 'condition': None}, 'training_wingman_complete': {'action': 'set', 'int': <NativeTemplate 0>, 'priority': 0, 'float': None, 'string': None, 'block': False, 'player': None, 'condition': None}, 'training_dogfight_complete': {'action': 'set', 'int': <NativeTemplate 0>, 'priority': 0, 'float': None, 'string': None, 'block': False, 'player': None, 'condition': None}, 'right_post_locked_out': {'action': 'set', 'int': <NativeTemplate 0>, 'priority': 0, 'float': None, 'string': None, 'block': False, 'player': None, 'condition': None}}}, key=UUID('23801f4a-b619-48dc-9ab5-bff85a68f917'), condition=None, blocking_facility=None), RegisteredHandler(callback=<bound method ConfigPlayer.config_play_callback of ConfigPlayer.variable_player/variables>, priority=200, kwargs={'calling_context': 'player_added', 'mode': <Mode.pilot_mission_qualifier>, 'settings': {'_pmq_initialized': {'action': 'set', 'int': <NativeTemplate 1>, 'priority': 0, 'float': None, 'string': None, 'block': False, 'player': None, 'condition': None}}}, key=UUID('2bcbdb53-5b1e-4bc4-87f6-4486ac716152'), condition=None, blocking_facility=None)]. The order of those handlers is not defined and they will be executed in random order. This might lead to race conditions and potential bugs.
2026-05-15 21:43:52,388 : INFO : EventManager : Unordered handler for class ConfigPlayer.variable_player/variables on event player_added with priority 200. Handlers: [RegisteredHandler(callback=<bound method ConfigPlayer.config_play_callback of ConfigPlayer.variable_player/variables>, priority=200, kwargs={'calling_context': 'player_added', 'mode': <Mode.mig_letters>, 'settings': {'mig_letter_m': {'action': 'set', 'int': <NativeTemplate 0>, 'priority': 0, 'float': None, 'string': None, 'block': False, 'player': None, 'condition': None}, 'mig_letter_i': {'action': 'set', 'int': <NativeTemplate 0>, 'priority': 0, 'float': None, 'string': None, 'block': False, 'player': None, 'condition': None}, 'mig_letter_g': {'action': 'set', 'int': <NativeTemplate 0>, 'priority': 0, 'float': None, 'string': None, 'block': False, 'player': None, 'condition': None}, 'bonus_multiplier': {'action': 'set', 'int': <NativeTemplate 1>, 'priority': 0, 'float': None, 'string': None, 'block': False, 'player': None, 'condition': None}, 'mig_completing': {'action': 'set', 'int': <NativeTemplate 0>, 'priority': 0, 'float': None, 'string': None, 'block': False, 'player': None, 'condition': None}}}, key=UUID('6311a839-da8f-4a7d-9eba-c526b59d41b2'), condition=None, blocking_facility=None), RegisteredHandler(callback=<bound method ConfigPlayer.config_play_callback of ConfigPlayer.variable_player/variables>, priority=200, kwargs={'calling_context': 'player_added', 'mode': <Mode.iceman_letters>, 'settings': {'iceman_letter_i': {'action': 'set', 'int': <NativeTemplate 0>, 'priority': 0, 'float': None, 'string': None, 'block': False, 'player': None, 'condition': None}, 'iceman_letter_c': {'action': 'set', 'int': <NativeTemplate 0>, 'priority': 0, 'float': None, 'string': None, 'block': False, 'player': None, 'condition': None}, 'iceman_letter_e': {'action': 'set', 'int': <NativeTemplate 0>, 'priority': 0, 'float': None, 'string': None, 'block': False, 'player': None, 'condition': None}, 'iceman_letter_m': {'action': 'set', 'int': <NativeTemplate 0>, 'priority': 0, 'float': None, 'string': None, 'block': False, 'player': None, 'condition': None}, 'iceman_letter_a': {'action': 'set', 'int': <NativeTemplate 0>, 'priority': 0, 'float': None, 'string': None, 'block': False, 'player': None, 'condition': None}, 'iceman_letter_n': {'action': 'set', 'int': <NativeTemplate 0>, 'priority': 0, 'float': None, 'string': None, 'block': False, 'player': None, 'condition': None}, 'iceman_completing': {'action': 'set', 'int': <NativeTemplate 0>, 'priority': 0, 'float': None, 'string': None, 'block': False, 'player': None, 'condition': None}, 'training_inverted_complete': {'action': 'set', 'int': <NativeTemplate 0>, 'priority': 0, 'float': None, 'string': None, 'block': False, 'player': None, 'condition': None}, 'training_missles_complete': {'action': 'set', 'int': <NativeTemplate 0>, 'priority': 0, 'float': None, 'string': None, 'block': False, 'player': None, 'condition': None}, 'training_afterburner_complete': {'action': 'set', 'int': <NativeTemplate 0>, 'priority': 0, 'float': None, 'string': None, 'block': False, 'player': None, 'condition': None}, 'training_wingman_complete': {'action': 'set', 'int': <NativeTemplate 0>, 'priority': 0, 'float': None, 'string': None, 'block': False, 'player': None, 'condition': None}, 'training_dogfight_complete': {'action': 'set', 'int': <NativeTemplate 0>, 'priority': 0, 'float': None, 'string': None, 'block': False, 'player': None, 'condition': None}, 'right_post_locked_out': {'action': 'set', 'int': <NativeTemplate 0>, 'priority': 0, 'float': None, 'string': None, 'block': False, 'player': None, 'condition': None}}}, key=UUID('23801f4a-b619-48dc-9ab5-bff85a68f917'), condition=None, blocking_facility=None), RegisteredHandler(callback=<bound method ConfigPlayer.config_play_callback of ConfigPlayer.variable_player/variables>, priority=200, kwargs={'calling_context': 'player_added', 'mode': <Mode.pilot_mission_qualifier>, 'settings': {'_pmq_initialized': {'action': 'set', 'int': <NativeTemplate 1>, 'priority': 0, 'float': None, 'string': None, 'block': False, 'player': None, 'condition': None}}}, key=UUID('2bcbdb53-5b1e-4bc4-87f6-4486ac716152'), condition=None, blocking_facility=None)]. The order of those handlers is not defined and they will be executed in random order. This might lead to race conditions and potential bugs.
2026-05-15 21:43:52,390 : INFO : EventManager : Unordered handler for class ConfigPlayer.variable_player/variables on event s_spinner_active with priority 200. Handlers: [RegisteredHandler(callback=<bound method ConfigPlayer.config_play_callback of ConfigPlayer.variable_player/variables>, priority=200, kwargs={'calling_context': 's_spinner_active', 'mode': <Mode.iceman_letters>, 'settings': {'right_post_locked_out': {'action': 'set', 'int': <NativeTemplate 1>, 'priority': 0, 'float': None, 'string': None, 'block': False, 'player': None, 'condition': None}}}, key=UUID('a0ed28bf-d305-4fcf-878a-40cae906d4ba'), condition=None, blocking_facility=None), RegisteredHandler(callback=<bound method ConfigPlayer.config_play_callback of ConfigPlayer.variable_player/variables>, priority=200, kwargs={'calling_context': 's_spinner_active', 'mode': <Mode.pilot_mission_qualifier>, 'settings': {'spinner_spin_count': {'action': 'add', 'int': <NativeTemplate 1>, 'priority': 0, 'float': None, 'string': None, 'block': False, 'player': None, 'condition': None}, 'previous_switch_type': {'action': 'set', 'int': <NativeTemplate 0>, 'priority': 0, 'float': None, 'string': None, 'block': False, 'player': None, 'condition': None}}}, key=UUID('913ee25e-e106-41c3-8cdb-d68692c10e1d'), condition=None, blocking_facility=None)]. The order of those handlers is not defined and they will be executed in random order. This might lead to race conditions and potential bugs.
2026-05-15 21:43:52,390 : INFO : EventManager : Unordered handler for class ConfigPlayer.variable_player/variables on event s_orbit_right_active with priority 200. Handlers: [RegisteredHandler(callback=<bound method ConfigPlayer.config_play_callback of ConfigPlayer.variable_player/variables>, priority=200, kwargs={'calling_context': 's_orbit_right_active', 'mode': <Mode.iceman_letters>, 'settings': {'right_post_locked_out': {'action': 'set', 'int': <NativeTemplate 1>, 'priority': 0, 'float': None, 'string': None, 'block': False, 'player': None, 'condition': None}}}, key=UUID('ac788e52-412a-4178-b849-6bd7968020e4'), condition=None, blocking_facility=None), RegisteredHandler(callback=<bound method ConfigPlayer.config_play_callback of ConfigPlayer.variable_player/variables>, priority=200, kwargs={'calling_context': 's_orbit_right_active', 'mode': <Mode.pilot_mission_qualifier>, 'settings': {'previous_switch_type': {'action': 'set', 'int': <NativeTemplate 0>, 'priority': 0, 'float': None, 'string': None, 'block': False, 'player': None, 'condition': None}}}, key=UUID('cc96551e-534c-4800-9e76-c46e7a5e9f51'), condition=None, blocking_facility=None)]. The order of those handlers is not defined and they will be executed in random order. This might lead to race conditions and potential bugs.
2026-05-15 21:43:52,392 : INFO : EventManager : Unordered handler for class ConfigPlayer.variable_player/variables on event s_orbit_upper_active with priority 200. Handlers: [RegisteredHandler(callback=<bound method ConfigPlayer.config_play_callback of ConfigPlayer.variable_player/variables>, priority=200, kwargs={'calling_context': 's_orbit_upper_active', 'mode': <Mode.iceman_letters>, 'settings': {'right_post_locked_out': {'action': 'set', 'int': <NativeTemplate 1>, 'priority': 0, 'float': None, 'string': None, 'block': False, 'player': None, 'condition': None}}}, key=UUID('fca5ac92-dba7-4415-b573-2d059f6ea469'), condition=None, blocking_facility=None), RegisteredHandler(callback=<bound method ConfigPlayer.config_play_callback of ConfigPlayer.variable_player/variables>, priority=200, kwargs={'calling_context': 's_orbit_upper_active', 'mode': <Mode.pilot_mission_qualifier>, 'settings': {'previous_switch_type': {'action': 'set', 'int': <NativeTemplate 0>, 'priority': 0, 'float': None, 'string': None, 'block': False, 'player': None, 'condition': None}}}, key=UUID('a24644bc-7796-4091-806d-fbc62e00d390'), condition=None, blocking_facility=None)]. The order of those handlers is not defined and they will be executed in random order. This might lead to race conditions and potential bugs.
2026-05-15 21:43:52,392 : INFO : EventManager : Unordered handler for class ConfigPlayer.variable_player/variables on event s_ramp_inner_exit_active with priority 200. Handlers: [RegisteredHandler(callback=<bound method ConfigPlayer.config_play_callback of ConfigPlayer.variable_player/variables>, priority=200, kwargs={'calling_context': 's_ramp_inner_exit_active', 'mode': <Mode.iceman_letters>, 'settings': {'right_post_locked_out': {'action': 'set', 'int': <NativeTemplate 1>, 'priority': 0, 'float': None, 'string': None, 'block': False, 'player': None, 'condition': None}}}, key=UUID('099086a0-5c40-400b-b939-f154d1ad34ed'), condition=None, blocking_facility=None), RegisteredHandler(callback=<bound method ConfigPlayer.config_play_callback of ConfigPlayer.variable_player/variables>, priority=200, kwargs={'calling_context': 's_ramp_inner_exit_active', 'mode': <Mode.pilot_mission_qualifier>, 'settings': {'previous_switch_type': {'action': 'set', 'int': <NativeTemplate 0>, 'priority': 0, 'float': None, 'string': None, 'block': False, 'player': None, 'condition': None}}}, key=UUID('fb5c238e-bceb-463b-a1a9-c325fb6f3364'), condition=None, blocking_facility=None)]. The order of those handlers is not defined and they will be executed in random order. This might lead to race conditions and potential bugs.
2026-05-15 21:43:52,393 : INFO : EventManager : Unordered handler for class ConfigPlayer.event_player/events on event mode_rescue_cougar_started with priority 200. Handlers: [RegisteredHandler(callback=<bound method ConfigPlayer.config_play_callback of ConfigPlayer.event_player/events>, priority=200, kwargs={'calling_context': 'mode_rescue_cougar_started', 'mode': <Mode.iceman_letters>, 'settings': {'stop_all_training_pulse_shows': [{'condition': None, 'number': None, 'priority': 0, 'params': {}}]}}, key=UUID('2180ce46-e2b8-493d-9ec4-ced87fad337e'), condition=None, blocking_facility=None), RegisteredHandler(callback=<bound method ConfigPlayer.config_play_callback of ConfigPlayer.event_player/events>, priority=200, kwargs={'calling_context': 'mode_rescue_cougar_started', 'mode': <Mode.pilot_mission_qualifier>, 'settings': {'reset_topgun_letters': [{'condition': None, 'number': None, 'priority': 0, 'params': {}}], 'check_all_pilot_modes_played': [{'condition': None, 'number': None, 'priority': 0, 'params': {}}], 'ball_search_reset': [{'condition': None, 'number': None, 'priority': 0, 'params': {}}], 'ball_search_block': [{'condition': None, 'number': None, 'priority': 0, 'params': {}}]}}, key=UUID('05ae06b7-a1c5-4de1-a758-6d6d855c552d'), condition=None, blocking_facility=None)]. The order of those handlers is not defined and they will be executed in random order. This might lead to race conditions and potential bugs.
2026-05-15 21:43:52,394 : INFO : EventManager : Unordered handler for class ConfigPlayer.event_player/events on event mode_rise_of_phoenix_started with priority 200. Handlers: [RegisteredHandler(callback=<bound method ConfigPlayer.config_play_callback of ConfigPlayer.event_player/events>, priority=200, kwargs={'calling_context': 'mode_rise_of_phoenix_started', 'mode': <Mode.iceman_letters>, 'settings': {'stop_all_training_pulse_shows': [{'condition': None, 'number': None, 'priority': 0, 'params': {}}]}}, key=UUID('b8b27a01-e768-49a3-9183-5ce659a84522'), condition=None, blocking_facility=None), RegisteredHandler(callback=<bound method ConfigPlayer.config_play_callback of ConfigPlayer.event_player/events>, priority=200, kwargs={'calling_context': 'mode_rise_of_phoenix_started', 'mode': <Mode.pilot_mission_qualifier>, 'settings': {'reset_topgun_letters': [{'condition': None, 'number': None, 'priority': 0, 'params': {}}], 'check_all_pilot_modes_played': [{'condition': None, 'number': None, 'priority': 0, 'params': {}}], 'ball_search_reset': [{'condition': None, 'number': None, 'priority': 0, 'params': {}}], 'ball_search_block': [{'condition': None, 'number': None, 'priority': 0, 'params': {}}]}}, key=UUID('f707fedb-1ce4-4c30-a75d-ef43b583c6e9'), condition=None, blocking_facility=None)]. The order of those handlers is not defined and they will be executed in random order. This might lead to race conditions and potential bugs.
2026-05-15 21:43:52,394 : INFO : EventManager : Unordered handler for class ConfigPlayer.event_player/events on event mode_cool_under_pressure_started with priority 200. Handlers: [RegisteredHandler(callback=<bound method ConfigPlayer.config_play_callback of ConfigPlayer.event_player/events>, priority=200, kwargs={'calling_context': 'mode_cool_under_pressure_started', 'mode': <Mode.iceman_letters>, 'settings': {'stop_all_training_pulse_shows': [{'condition': None, 'number': None, 'priority': 0, 'params': {}}]}}, key=UUID('e6875da8-b37b-4456-bcf3-382a35e68fd6'), condition=None, blocking_facility=None), RegisteredHandler(callback=<bound method ConfigPlayer.config_play_callback of ConfigPlayer.event_player/events>, priority=200, kwargs={'calling_context': 'mode_cool_under_pressure_started', 'mode': <Mode.pilot_mission_qualifier>, 'settings': {'reset_topgun_letters': [{'condition': None, 'number': None, 'priority': 0, 'params': {}}], 'check_all_pilot_modes_played': [{'condition': None, 'number': None, 'priority': 0, 'params': {}}], 'ball_search_reset': [{'condition': None, 'number': None, 'priority': 0, 'params': {}}], 'ball_search_block': [{'condition': None, 'number': None, 'priority': 0, 'params': {}}]}}, key=UUID('e894b99a-2b56-47f3-a13b-7ab6b9e78c5e'), condition=None, blocking_facility=None)]. The order of those handlers is not defined and they will be executed in random order. This might lead to race conditions and potential bugs.
2026-05-15 21:43:52,395 : INFO : EventManager : Unordered handler for class ConfigPlayer.event_player/events on event mode_battle_jester_started with priority 200. Handlers: [RegisteredHandler(callback=<bound method ConfigPlayer.config_play_callback of ConfigPlayer.event_player/events>, priority=200, kwargs={'calling_context': 'mode_battle_jester_started', 'mode': <Mode.iceman_letters>, 'settings': {'stop_all_training_pulse_shows': [{'condition': None, 'number': None, 'priority': 0, 'params': {}}]}}, key=UUID('4e9baf56-e118-4ac2-a718-9ac07d44d310'), condition=None, blocking_facility=None), RegisteredHandler(callback=<bound method ConfigPlayer.config_play_callback of ConfigPlayer.event_player/events>, priority=200, kwargs={'calling_context': 'mode_battle_jester_started', 'mode': <Mode.pilot_mission_qualifier>, 'settings': {'reset_topgun_letters': [{'condition': None, 'number': None, 'priority': 0, 'params': {}}], 'check_all_pilot_modes_played': [{'condition': None, 'number': None, 'priority': 0, 'params': {}}], 'ball_search_reset': [{'condition': None, 'number': None, 'priority': 0, 'params': {}}], 'ball_search_block': [{'condition': None, 'number': None, 'priority': 0, 'params': {}}]}}, key=UUID('ba65cc04-98df-4f2a-a3b8-47c82150a92a'), condition=None, blocking_facility=None)]. The order of those handlers is not defined and they will be executed in random order. This might lead to race conditions and potential bugs.
2026-05-15 21:43:52,395 : INFO : EventManager : Unordered handler for class ConfigPlayer.event_player/events on event mode_no_points_for_second_place_started with priority 200. Handlers: [RegisteredHandler(callback=<bound method ConfigPlayer.config_play_callback of ConfigPlayer.event_player/events>, priority=200, kwargs={'calling_context': 'mode_no_points_for_second_place_started', 'mode': <Mode.iceman_letters>, 'settings': {'stop_all_training_pulse_shows': [{'condition': None, 'number': None, 'priority': 0, 'params': {}}]}}, key=UUID('24663366-1034-4d40-b9a4-f61ab98250ff'), condition=None, blocking_facility=None), RegisteredHandler(callback=<bound method ConfigPlayer.config_play_callback of ConfigPlayer.event_player/events>, priority=200, kwargs={'calling_context': 'mode_no_points_for_second_place_started', 'mode': <Mode.pilot_mission_qualifier>, 'settings': {'reset_topgun_letters': [{'condition': None, 'number': None, 'priority': 0, 'params': {}}], 'check_all_pilot_modes_played': [{'condition': None, 'number': None, 'priority': 0, 'params': {}}], 'ball_search_reset': [{'condition': None, 'number': None, 'priority': 0, 'params': {}}], 'ball_search_block': [{'condition': None, 'number': None, 'priority': 0, 'params': {}}]}}, key=UUID('7cc002bd-3713-48eb-84eb-43d39c8194ce'), condition=None, blocking_facility=None)]. The order of those handlers is not defined and they will be executed in random order. This might lead to race conditions and potential bugs.
2026-05-15 21:43:52,395 : INFO : EventManager : Unordered handler for class ConfigPlayer.event_player/events on event mode_edge_of_space_started with priority 200. Handlers: [RegisteredHandler(callback=<bound method ConfigPlayer.config_play_callback of ConfigPlayer.event_player/events>, priority=200, kwargs={'calling_context': 'mode_edge_of_space_started', 'mode': <Mode.iceman_letters>, 'settings': {'stop_all_training_pulse_shows': [{'condition': None, 'number': None, 'priority': 0, 'params': {}}]}}, key=UUID('e5439107-e6e8-4584-a95e-1cb33aeb2e19'), condition=None, blocking_facility=None), RegisteredHandler(callback=<bound method ConfigPlayer.config_play_callback of ConfigPlayer.event_player/events>, priority=200, kwargs={'calling_context': 'mode_edge_of_space_started', 'mode': <Mode.pilot_mission_qualifier>, 'settings': {'reset_topgun_letters': [{'condition': None, 'number': None, 'priority': 0, 'params': {}}], 'check_all_pilot_modes_played': [{'condition': None, 'number': None, 'priority': 0, 'params': {}}], 'ball_search_reset': [{'condition': None, 'number': None, 'priority': 0, 'params': {}}], 'ball_search_block': [{'condition': None, 'number': None, 'priority': 0, 'params': {}}]}}, key=UUID('4ec6479a-0354-46a5-ad69-2cb510e66add'), condition=None, blocking_facility=None)]. The order of those handlers is not defined and they will be executed in random order. This might lead to race conditions and potential bugs.
2026-05-15 21:43:52,395 : INFO : EventManager : Unordered handler for class ConfigPlayer.event_player/events on event mode_below_the_hard_deck_started with priority 200. Handlers: [RegisteredHandler(callback=<bound method ConfigPlayer.config_play_callback of ConfigPlayer.event_player/events>, priority=200, kwargs={'calling_context': 'mode_below_the_hard_deck_started', 'mode': <Mode.iceman_letters>, 'settings': {'stop_all_training_pulse_shows': [{'condition': None, 'number': None, 'priority': 0, 'params': {}}]}}, key=UUID('9aa94b87-3d8c-425e-be83-2b4d895f9aea'), condition=None, blocking_facility=None), RegisteredHandler(callback=<bound method ConfigPlayer.config_play_callback of ConfigPlayer.event_player/events>, priority=200, kwargs={'calling_context': 'mode_below_the_hard_deck_started', 'mode': <Mode.pilot_mission_qualifier>, 'settings': {'reset_topgun_letters': [{'condition': None, 'number': None, 'priority': 0, 'params': {}}], 'check_all_pilot_modes_played': [{'condition': None, 'number': None, 'priority': 0, 'params': {}}], 'ball_search_reset': [{'condition': None, 'number': None, 'priority': 0, 'params': {}}], 'ball_search_block': [{'condition': None, 'number': None, 'priority': 0, 'params': {}}]}}, key=UUID('19029a77-39a6-4b20-a1bb-4bd5debfe939'), condition=None, blocking_facility=None)]. The order of those handlers is not defined and they will be executed in random order. This might lead to race conditions and potential bugs.
2026-05-15 21:43:52,396 : INFO : EventManager : Unordered handler for class ConfigPlayer.event_player/events on event mode_canyon_run_started with priority 200. Handlers: [RegisteredHandler(callback=<bound method ConfigPlayer.config_play_callback of ConfigPlayer.event_player/events>, priority=200, kwargs={'calling_context': 'mode_canyon_run_started', 'mode': <Mode.iceman_letters>, 'settings': {'stop_all_training_pulse_shows': [{'condition': None, 'number': None, 'priority': 0, 'params': {}}]}}, key=UUID('589a3efe-3e25-47de-a972-11b2b31b7c4f'), condition=None, blocking_facility=None), RegisteredHandler(callback=<bound method ConfigPlayer.config_play_callback of ConfigPlayer.event_player/events>, priority=200, kwargs={'calling_context': 'mode_canyon_run_started', 'mode': <Mode.pilot_mission_qualifier>, 'settings': {'reset_topgun_letters': [{'condition': None, 'number': None, 'priority': 0, 'params': {}}], 'check_all_pilot_modes_played': [{'condition': None, 'number': None, 'priority': 0, 'params': {}}], 'ball_search_reset': [{'condition': None, 'number': None, 'priority': 0, 'params': {}}], 'ball_search_block': [{'condition': None, 'number': None, 'priority': 0, 'params': {}}]}}, key=UUID('714d3448-9598-4f9d-96b2-b5b139fce7f0'), condition=None, blocking_facility=None)]. The order of those handlers is not defined and they will be executed in random order. This might lead to race conditions and potential bugs.
2026-05-15 21:43:52,396 : INFO : EventManager : Unordered handler for class ConfigPlayer.event_player/events on event mode_no_margin_for_error_started with priority 200. Handlers: [RegisteredHandler(callback=<bound method ConfigPlayer.config_play_callback of ConfigPlayer.event_player/events>, priority=200, kwargs={'calling_context': 'mode_no_margin_for_error_started', 'mode': <Mode.iceman_letters>, 'settings': {'stop_all_training_pulse_shows': [{'condition': None, 'number': None, 'priority': 0, 'params': {}}]}}, key=UUID('6b1f6622-5088-4570-843d-158154583562'), condition=None, blocking_facility=None), RegisteredHandler(callback=<bound method ConfigPlayer.config_play_callback of ConfigPlayer.event_player/events>, priority=200, kwargs={'calling_context': 'mode_no_margin_for_error_started', 'mode': <Mode.pilot_mission_qualifier>, 'settings': {'reset_topgun_letters': [{'condition': None, 'number': None, 'priority': 0, 'params': {}}], 'check_all_pilot_modes_played': [{'condition': None, 'number': None, 'priority': 0, 'params': {}}], 'ball_search_reset': [{'condition': None, 'number': None, 'priority': 0, 'params': {}}], 'ball_search_block': [{'condition': None, 'number': None, 'priority': 0, 'params': {}}]}}, key=UUID('df86e7c2-c4ba-4434-b973-c8d701a291ce'), condition=None, blocking_facility=None)]. The order of those handlers is not defined and they will be executed in random order. This might lead to race conditions and potential bugs.
2026-05-15 21:43:52,397 : INFO : EventManager : Unordered handler for class ConfigPlayer.variable_player/variables on event ball_will_end with priority 200. Handlers: [RegisteredHandler(callback=<bound method ConfigPlayer.config_play_callback of ConfigPlayer.variable_player/variables>, priority=200, kwargs={'calling_context': 'ball_will_end', 'mode': <Mode.mig_letters>, 'settings': {'mig_letter_m': {'action': 'set', 'int': <NativeTemplate 0>, 'priority': 0, 'float': None, 'string': None, 'block': False, 'player': None, 'condition': None}, 'mig_letter_i': {'action': 'set', 'int': <NativeTemplate 0>, 'priority': 0, 'float': None, 'string': None, 'block': False, 'player': None, 'condition': None}, 'mig_letter_g': {'action': 'set', 'int': <NativeTemplate 0>, 'priority': 0, 'float': None, 'string': None, 'block': False, 'player': None, 'condition': None}, 'mig_completing': {'action': 'set', 'int': <NativeTemplate 0>, 'priority': 0, 'float': None, 'string': None, 'block': False, 'player': None, 'condition': None}}}, key=UUID('7e892d49-8ab3-4e88-9c92-2b2333fc755b'), condition=None, blocking_facility=None), RegisteredHandler(callback=<bound method ConfigPlayer.config_play_callback of ConfigPlayer.variable_player/variables>, priority=200, kwargs={'calling_context': 'ball_will_end', 'mode': <Mode.pilot_mission_qualifier>, 'settings': {'mystery_just_lit_pilot': {'action': 'set', 'int': <NativeTemplate 0>, 'priority': 0, 'float': None, 'string': None, 'block': False, 'player': None, 'condition': None}, 'scoop_release_pending': {'action': 'set', 'int': <NativeTemplate 0>, 'priority': 0, 'float': None, 'string': None, 'block': False, 'player': None, 'condition': None}}}, key=UUID('15ca51f1-79ef-4191-af6f-5b5ff7e6a36b'), condition=None, blocking_facility=None)]. The order of those handlers is not defined and they will be executed in random order. This might lead to race conditions and potential bugs.
2026-05-15 21:43:52,399 : INFO : EventManager : Event: ======'mode_pilot_mission_qualifier_starting'====== Args={'queue': <QueuedEvent>, 'player': 1, 'ball': 1, 'balls_remaining': 2, 'is_extra_ball': False}
2026-05-15 21:43:52,399 : INFO : EventManager : Event: ======'mode_top_gun_multiball_locks_will_start'====== Args={'queue': <QueuedEvent>, 'player': 1, 'ball': 1, 'balls_remaining': 2, 'is_extra_ball': False}
2026-05-15 21:43:52,399 : INFO : EventManager : Event: ======'player_top_gun_multiball_locks_lock_diverter_timeout_tick'====== Args={'value': 0, 'prev_value': 0, 'change': 0, 'player_num': 1}
2026-05-15 21:43:52,400 : INFO : EventManager : Event: ======'player_top_gun_multiball_locks_lock_mb_barrier_delay_tick'====== Args={'value': 0, 'prev_value': 0, 'change': 0, 'player_num': 1}
2026-05-15 21:43:52,400 : INFO : EventManager : Event: ======'player_top_gun_multiball_locks_lock_mb_eject_debounce_tick'====== Args={'value': 0, 'prev_value': 0, 'change': 0, 'player_num': 1}
2026-05-15 21:43:52,400 : INFO : EventManager : Event: ======'player_top_gun_multiball_locks_lock_mb_release_delay_tick'====== Args={'value': 0, 'prev_value': 0, 'change': 0, 'player_num': 1}
2026-05-15 21:43:52,401 : INFO : EventManager : Event: ======'player_top_gun_multiball_locks_lock_partial_callout_cooldown_tick'====== Args={'value': 0, 'prev_value': 0, 'change': 0, 'player_num': 1}
2026-05-15 21:43:52,401 : INFO : EventManager : Event: ======'player_top_gun_multiball_locks_mb_mode_choice_timer_tick'====== Args={'value': 15, 'prev_value': 0, 'change': 15, 'player_num': 1}
2026-05-15 21:43:52,401 : INFO : EventManager : Event: ======'player_top_gun_multiball_locks_lock_letter_sound_delay_tick'====== Args={'value': 0, 'prev_value': 0, 'change': 0, 'player_num': 1}
2026-05-15 21:43:52,402 : INFO : EventManager : Event: ======'player_top_gun_multiball_locks_lock_goose_debounce_tick'====== Args={'value': 0, 'prev_value': 0, 'change': 0, 'player_num': 1}
2026-05-15 21:43:52,402 : INFO : EventManager : Event: ======'player_top_gun_multiball_locks_lock_mav_debounce_tick'====== Args={'value': 0, 'prev_value': 0, 'change': 0, 'player_num': 1}
2026-05-15 21:43:52,403 : INFO : EventManager : Event: ======'player_top_gun_multiball_locks_lock_goose_callout_delay_tick'====== Args={'value': 0, 'prev_value': 0, 'change': 0, 'player_num': 1}
2026-05-15 21:43:52,403 : INFO : EventManager : Event: ======'player_top_gun_multiball_locks_lock_goose_serve_delay_tick'====== Args={'value': 0, 'prev_value': 0, 'change': 0, 'player_num': 1}
2026-05-15 21:43:52,403 : INFO : EventManager : Event: ======'player_top_gun_multiball_locks_lock_mav_mb_lit_callout_delay_tick'====== Args={'value': 0, 'prev_value': 0, 'change': 0, 'player_num': 1}
2026-05-15 21:43:52,403 : INFO : EventManager : Event: ======'player_top_gun_multiball_locks_lock_mav_serve_delay_tick'====== Args={'value': 0, 'prev_value': 0, 'change': 0, 'player_num': 1}
2026-05-15 21:43:52,403 : INFO : EventManager : Event: ======'player_top_gun_multiball_locks_lock_resume_arm_tick'====== Args={'value': 0, 'prev_value': 0, 'change': 0, 'player_num': 1}
2026-05-15 21:43:52,409 : INFO : EventManager : Unordered handler for class ConfigPlayer.variable_player/variables on event s_ramp_inner_exit_active with priority 200. Handlers: [RegisteredHandler(callback=<bound method ConfigPlayer.config_play_callback of ConfigPlayer.variable_player/variables>, priority=200, kwargs={'calling_context': 's_ramp_inner_exit_active', 'mode': <Mode.iceman_letters>, 'settings': {'right_post_locked_out': {'action': 'set', 'int': <NativeTemplate 1>, 'priority': 0, 'float': None, 'string': None, 'block': False, 'player': None, 'condition': None}}}, key=UUID('099086a0-5c40-400b-b939-f154d1ad34ed'), condition=None, blocking_facility=None), RegisteredHandler(callback=<bound method ConfigPlayer.config_play_callback of ConfigPlayer.variable_player/variables>, priority=200, kwargs={'calling_context': 's_ramp_inner_exit_active', 'mode': <Mode.pilot_mission_qualifier>, 'settings': {'previous_switch_type': {'action': 'set', 'int': <NativeTemplate 0>, 'priority': 0, 'float': None, 'string': None, 'block': False, 'player': None, 'condition': None}}}, key=UUID('fb5c238e-bceb-463b-a1a9-c325fb6f3364'), condition=None, blocking_facility=None)]. The order of those handlers is not defined and they will be executed in random order. This might lead to race conditions and potential bugs.
2026-05-15 21:43:52,410 : INFO : EventManager : Unordered handler for class ConfigPlayer.variable_player/variables on event s_ramp_inner_exit_active with priority 200. Handlers: [RegisteredHandler(callback=<bound method ConfigPlayer.config_play_callback of ConfigPlayer.variable_player/variables>, priority=200, kwargs={'calling_context': 's_ramp_inner_exit_active', 'mode': <Mode.iceman_letters>, 'settings': {'right_post_locked_out': {'action': 'set', 'int': <NativeTemplate 1>, 'priority': 0, 'float': None, 'string': None, 'block': False, 'player': None, 'condition': None}}}, key=UUID('099086a0-5c40-400b-b939-f154d1ad34ed'), condition=None, blocking_facility=None), RegisteredHandler(callback=<bound method ConfigPlayer.config_play_callback of ConfigPlayer.variable_player/variables>, priority=200, kwargs={'calling_context': 's_ramp_inner_exit_active', 'mode': <Mode.pilot_mission_qualifier>, 'settings': {'previous_switch_type': {'action': 'set', 'int': <NativeTemplate 0>, 'priority': 0, 'float': None, 'string': None, 'block': False, 'player': None, 'condition': None}}}, key=UUID('fb5c238e-bceb-463b-a1a9-c325fb6f3364'), condition=None, blocking_facility=None)]. The order of those handlers is not defined and they will be executed in random order. This might lead to race conditions and potential bugs.
2026-05-15 21:43:52,410 : INFO : EventManager : Unordered handler for class ConfigPlayer.variable_player/variables on event s_ramp_inner_exit_active with priority 200. Handlers: [RegisteredHandler(callback=<bound method ConfigPlayer.config_play_callback of ConfigPlayer.variable_player/variables>, priority=200, kwargs={'calling_context': 's_ramp_inner_exit_active', 'mode': <Mode.iceman_letters>, 'settings': {'right_post_locked_out': {'action': 'set', 'int': <NativeTemplate 1>, 'priority': 0, 'float': None, 'string': None, 'block': False, 'player': None, 'condition': None}}}, key=UUID('099086a0-5c40-400b-b939-f154d1ad34ed'), condition=None, blocking_facility=None), RegisteredHandler(callback=<bound method ConfigPlayer.config_play_callback of ConfigPlayer.variable_player/variables>, priority=200, kwargs={'calling_context': 's_ramp_inner_exit_active', 'mode': <Mode.pilot_mission_qualifier>, 'settings': {'previous_switch_type': {'action': 'set', 'int': <NativeTemplate 0>, 'priority': 0, 'float': None, 'string': None, 'block': False, 'player': None, 'condition': None}}}, key=UUID('fb5c238e-bceb-463b-a1a9-c325fb6f3364'), condition=None, blocking_facility=None)]. The order of those handlers is not defined and they will be executed in random order. This might lead to race conditions and potential bugs.
2026-05-15 21:43:52,410 : INFO : EventManager : Unordered handler for class ConfigPlayer.variable_player/variables on event s_ramp_inner_exit_active with priority 200. Handlers: [RegisteredHandler(callback=<bound method ConfigPlayer.config_play_callback of ConfigPlayer.variable_player/variables>, priority=200, kwargs={'calling_context': 's_ramp_inner_exit_active', 'mode': <Mode.iceman_letters>, 'settings': {'right_post_locked_out': {'action': 'set', 'int': <NativeTemplate 1>, 'priority': 0, 'float': None, 'string': None, 'block': False, 'player': None, 'condition': None}}}, key=UUID('099086a0-5c40-400b-b939-f154d1ad34ed'), condition=None, blocking_facility=None), RegisteredHandler(callback=<bound method ConfigPlayer.config_play_callback of ConfigPlayer.variable_player/variables>, priority=200, kwargs={'calling_context': 's_ramp_inner_exit_active', 'mode': <Mode.pilot_mission_qualifier>, 'settings': {'previous_switch_type': {'action': 'set', 'int': <NativeTemplate 0>, 'priority': 0, 'float': None, 'string': None, 'block': False, 'player': None, 'condition': None}}}, key=UUID('fb5c238e-bceb-463b-a1a9-c325fb6f3364'), condition=None, blocking_facility=None)]. The order of those handlers is not defined and they will be executed in random order. This might lead to race conditions and potential bugs.
2026-05-15 21:43:52,417 : INFO : EventManager : Unordered handler for class ConfigPlayer.variable_player/variables on event mode_top_gun_multiball_stopped with priority 200. Handlers: [RegisteredHandler(callback=<bound method ConfigPlayer.config_play_callback of ConfigPlayer.variable_player/variables>, priority=200, kwargs={'calling_context': 'mode_top_gun_multiball_stopped', 'mode': <Mode.pilot_mission_qualifier>, 'settings': {'letter_collection_paused': {'action': 'set', 'int': <NativeTemplate 0>, 'priority': 0, 'float': None, 'string': None, 'block': False, 'player': None, 'condition': None}, 'pilot_qualifier_paused': {'action': 'set', 'int': <NativeTemplate 0>, 'priority': 0, 'float': None, 'string': None, 'block': False, 'player': None, 'condition': None}, 'lock_collection_paused': {'action': 'set', 'int': <NativeTemplate 0>, 'priority': 0, 'float': None, 'string': None, 'block': False, 'player': None, 'condition': None}, 'multiball_active': {'action': 'set', 'int': <NativeTemplate 0>, 'priority': 0, 'float': None, 'string': None, 'block': False, 'player': None, 'condition': None}}}, key=UUID('9fa2c9f3-44f9-4b2b-b543-fc95e32e3799'), condition=None, blocking_facility=None), RegisteredHandler(callback=<bound method ConfigPlayer.config_play_callback of ConfigPlayer.variable_player/variables>, priority=200, kwargs={'calling_context': 'mode_top_gun_multiball_stopped', 'mode': <Mode.top_gun_multiball_locks>, 'settings': {'lock_goose_lit': {'action': 'set', 'int': <NativeTemplate 0>, 'priority': 0, 'float': None, 'string': None, 'block': False, 'player': None, 'condition': None}, 'lock_mav_lit': {'action': 'set', 'int': <NativeTemplate 0>, 'priority': 0, 'float': None, 'string': None, 'block': False, 'player': None, 'condition': None}, 'lock_goose_locked': {'action': 'set', 'int': <NativeTemplate 0>, 'priority': 0, 'float': None, 'string': None, 'block': False, 'player': None, 'condition': None}, 'lock_mav_locked': {'action': 'set', 'int': <NativeTemplate 0>, 'priority': 0, 'float': None, 'string': None, 'block': False, 'player': None, 'condition': None}, 'multiball_qualified': {'action': 'set', 'int': <NativeTemplate 0>, 'priority': 0, 'float': None, 'string': None, 'block': False, 'player': None, 'condition': None}, 'multiball_starting': {'action': 'set', 'int': <NativeTemplate 0>, 'priority': 0, 'float': None, 'string': None, 'block': False, 'player': None, 'condition': None}, 'lock_completions': {'action': 'set', 'int': <NativeTemplate 0>, 'priority': 0, 'float': None, 'string': None, 'block': False, 'player': None, 'condition': None}, 'multiball_active': {'action': 'set', 'int': <NativeTemplate 0>, 'priority': 0, 'float': None, 'string': None, 'block': False, 'player': None, 'condition': None}, 'letter_collection_paused': {'action': 'set', 'int': <NativeTemplate 0>, 'priority': 0, 'float': None, 'string': None, 'block': False, 'player': None, 'condition': None}, 'pilot_qualifier_paused': {'action': 'set', 'int': <NativeTemplate 0>, 'priority': 0, 'float': None, 'string': None, 'block': False, 'player': None, 'condition': None}, 'lock_collection_paused': {'action': 'set', 'int': <NativeTemplate 0>, 'priority': 0, 'float': None, 'string': None, 'block': False, 'player': None, 'condition': None}, 'mb_mode_choice_active': {'action': 'set', 'int': <NativeTemplate 0>, 'priority': 0, 'float': None, 'string': None, 'block': False, 'player': None, 'condition': None}, 'lock_timer_paused': {'action': 'set', 'int': <NativeTemplate 0>, 'priority': 0, 'float': None, 'string': None, 'block': False, 'player': None, 'condition': None}}}, key=UUID('0305b02a-4b98-4f20-b371-bb51febd5a3e'), condition=None, blocking_facility=None)]. The order of those handlers is not defined and they will be executed in random order. This might lead to race conditions and potential bugs.
2026-05-15 21:43:52,420 : INFO : EventManager : Unordered handler for class ConfigPlayer.variable_player/variables on event ball_will_end with priority 200. Handlers: [RegisteredHandler(callback=<bound method ConfigPlayer.config_play_callback of ConfigPlayer.variable_player/variables>, priority=200, kwargs={'calling_context': 'ball_will_end', 'mode': <Mode.mig_letters>, 'settings': {'mig_letter_m': {'action': 'set', 'int': <NativeTemplate 0>, 'priority': 0, 'float': None, 'string': None, 'block': False, 'player': None, 'condition': None}, 'mig_letter_i': {'action': 'set', 'int': <NativeTemplate 0>, 'priority': 0, 'float': None, 'string': None, 'block': False, 'player': None, 'condition': None}, 'mig_letter_g': {'action': 'set', 'int': <NativeTemplate 0>, 'priority': 0, 'float': None, 'string': None, 'block': False, 'player': None, 'condition': None}, 'mig_completing': {'action': 'set', 'int': <NativeTemplate 0>, 'priority': 0, 'float': None, 'string': None, 'block': False, 'player': None, 'condition': None}}}, key=UUID('7e892d49-8ab3-4e88-9c92-2b2333fc755b'), condition=None, blocking_facility=None), RegisteredHandler(callback=<bound method ConfigPlayer.config_play_callback of ConfigPlayer.variable_player/variables>, priority=200, kwargs={'calling_context': 'ball_will_end', 'mode': <Mode.pilot_mission_qualifier>, 'settings': {'mystery_just_lit_pilot': {'action': 'set', 'int': <NativeTemplate 0>, 'priority': 0, 'float': None, 'string': None, 'block': False, 'player': None, 'condition': None}, 'scoop_release_pending': {'action': 'set', 'int': <NativeTemplate 0>, 'priority': 0, 'float': None, 'string': None, 'block': False, 'player': None, 'condition': None}}}, key=UUID('15ca51f1-79ef-4191-af6f-5b5ff7e6a36b'), condition=None, blocking_facility=None)]. The order of those handlers is not defined and they will be executed in random order. This might lead to race conditions and potential bugs.
2026-05-15 21:43:52,420 : INFO : EventManager : Event: ======'mode_top_gun_multiball_locks_starting'====== Args={'queue': <QueuedEvent>, 'player': 1, 'ball': 1, 'balls_remaining': 2, 'is_extra_ball': False}
2026-05-15 21:43:52,420 : INFO : EventManager : Event: ======'mode_hard_deck_qualifiers_will_start'====== Args={'queue': <QueuedEvent>, 'player': 1, 'ball': 1, 'balls_remaining': 2, 'is_extra_ball': False}
2026-05-15 21:43:52,420 : INFO : EventManager : Event: ======'player_hard_deck_qualifiers_hd_training_choice_timer_tick'====== Args={'value': 15, 'prev_value': 0, 'change': 15, 'player_num': 1}
2026-05-15 21:43:52,422 : INFO : EventManager : Unordered handler for class ConfigPlayer.variable_player/variables on event s_orbit_upper_active with priority 200. Handlers: [RegisteredHandler(callback=<bound method ConfigPlayer.config_play_callback of ConfigPlayer.variable_player/variables>, priority=200, kwargs={'calling_context': 's_orbit_upper_active', 'mode': <Mode.iceman_letters>, 'settings': {'right_post_locked_out': {'action': 'set', 'int': <NativeTemplate 1>, 'priority': 0, 'float': None, 'string': None, 'block': False, 'player': None, 'condition': None}}}, key=UUID('fca5ac92-dba7-4415-b573-2d059f6ea469'), condition=None, blocking_facility=None), RegisteredHandler(callback=<bound method ConfigPlayer.config_play_callback of ConfigPlayer.variable_player/variables>, priority=200, kwargs={'calling_context': 's_orbit_upper_active', 'mode': <Mode.pilot_mission_qualifier>, 'settings': {'previous_switch_type': {'action': 'set', 'int': <NativeTemplate 0>, 'priority': 0, 'float': None, 'string': None, 'block': False, 'player': None, 'condition': None}}}, key=UUID('a24644bc-7796-4091-806d-fbc62e00d390'), condition=None, blocking_facility=None)]. The order of those handlers is not defined and they will be executed in random order. This might lead to race conditions and potential bugs.
2026-05-15 21:43:52,423 : INFO : EventManager : Unordered handler for class ConfigPlayer.variable_player/variables on event mode_top_gun_multiball_stopped with priority 200. Handlers: [RegisteredHandler(callback=<bound method ConfigPlayer.config_play_callback of ConfigPlayer.variable_player/variables>, priority=200, kwargs={'calling_context': 'mode_top_gun_multiball_stopped', 'mode': <Mode.pilot_mission_qualifier>, 'settings': {'letter_collection_paused': {'action': 'set', 'int': <NativeTemplate 0>, 'priority': 0, 'float': None, 'string': None, 'block': False, 'player': None, 'condition': None}, 'pilot_qualifier_paused': {'action': 'set', 'int': <NativeTemplate 0>, 'priority': 0, 'float': None, 'string': None, 'block': False, 'player': None, 'condition': None}, 'lock_collection_paused': {'action': 'set', 'int': <NativeTemplate 0>, 'priority': 0, 'float': None, 'string': None, 'block': False, 'player': None, 'condition': None}, 'multiball_active': {'action': 'set', 'int': <NativeTemplate 0>, 'priority': 0, 'float': None, 'string': None, 'block': False, 'player': None, 'condition': None}}}, key=UUID('9fa2c9f3-44f9-4b2b-b543-fc95e32e3799'), condition=None, blocking_facility=None), RegisteredHandler(callback=<bound method ConfigPlayer.config_play_callback of ConfigPlayer.variable_player/variables>, priority=200, kwargs={'calling_context': 'mode_top_gun_multiball_stopped', 'mode': <Mode.top_gun_multiball_locks>, 'settings': {'lock_goose_lit': {'action': 'set', 'int': <NativeTemplate 0>, 'priority': 0, 'float': None, 'string': None, 'block': False, 'player': None, 'condition': None}, 'lock_mav_lit': {'action': 'set', 'int': <NativeTemplate 0>, 'priority': 0, 'float': None, 'string': None, 'block': False, 'player': None, 'condition': None}, 'lock_goose_locked': {'action': 'set', 'int': <NativeTemplate 0>, 'priority': 0, 'float': None, 'string': None, 'block': False, 'player': None, 'condition': None}, 'lock_mav_locked': {'action': 'set', 'int': <NativeTemplate 0>, 'priority': 0, 'float': None, 'string': None, 'block': False, 'player': None, 'condition': None}, 'multiball_qualified': {'action': 'set', 'int': <NativeTemplate 0>, 'priority': 0, 'float': None, 'string': None, 'block': False, 'player': None, 'condition': None}, 'multiball_starting': {'action': 'set', 'int': <NativeTemplate 0>, 'priority': 0, 'float': None, 'string': None, 'block': False, 'player': None, 'condition': None}, 'lock_completions': {'action': 'set', 'int': <NativeTemplate 0>, 'priority': 0, 'float': None, 'string': None, 'block': False, 'player': None, 'condition': None}, 'multiball_active': {'action': 'set', 'int': <NativeTemplate 0>, 'priority': 0, 'float': None, 'string': None, 'block': False, 'player': None, 'condition': None}, 'letter_collection_paused': {'action': 'set', 'int': <NativeTemplate 0>, 'priority': 0, 'float': None, 'string': None, 'block': False, 'player': None, 'condition': None}, 'pilot_qualifier_paused': {'action': 'set', 'int': <NativeTemplate 0>, 'priority': 0, 'float': None, 'string': None, 'block': False, 'player': None, 'condition': None}, 'lock_collection_paused': {'action': 'set', 'int': <NativeTemplate 0>, 'priority': 0, 'float': None, 'string': None, 'block': False, 'player': None, 'condition': None}, 'mb_mode_choice_active': {'action': 'set', 'int': <NativeTemplate 0>, 'priority': 0, 'float': None, 'string': None, 'block': False, 'player': None, 'condition': None}, 'lock_timer_paused': {'action': 'set', 'int': <NativeTemplate 0>, 'priority': 0, 'float': None, 'string': None, 'block': False, 'player': None, 'condition': None}}}, key=UUID('0305b02a-4b98-4f20-b371-bb51febd5a3e'), condition=None, blocking_facility=None)]. The order of those handlers is not defined and they will be executed in random order. This might lead to race conditions and potential bugs.
2026-05-15 21:43:52,425 : INFO : EventManager : Unordered handler for class ConfigPlayer.event_player/events on event mode_hard_deck_maverick_and_charlie_started with priority 200. Handlers: [RegisteredHandler(callback=<bound method ConfigPlayer.config_play_callback of ConfigPlayer.event_player/events>, priority=200, kwargs={'calling_context': 'mode_hard_deck_maverick_and_charlie_started', 'mode': <Mode.iceman_letters>, 'settings': {'stop_all_training_pulse_shows': [{'condition': None, 'number': None, 'priority': 0, 'params': {}}]}}, key=UUID('285dba3a-2793-4458-b336-b314e429795f'), condition=None, blocking_facility=None), RegisteredHandler(callback=<bound method ConfigPlayer.config_play_callback of ConfigPlayer.event_player/events>, priority=200, kwargs={'calling_context': 'mode_hard_deck_maverick_and_charlie_started', 'mode': <Mode.pilot_mission_qualifier>, 'settings': {'ball_search_reset': [{'condition': None, 'number': None, 'priority': 0, 'params': {}}], 'ball_search_block': [{'condition': None, 'number': None, 'priority': 0, 'params': {}}]}}, key=UUID('43fce495-126a-414e-94e5-652551c63faa'), condition=None, blocking_facility=None), RegisteredHandler(callback=<bound method ConfigPlayer.config_play_callback of ConfigPlayer.event_player/events>, priority=200, kwargs={'calling_context': 'mode_hard_deck_maverick_and_charlie_started', 'mode': <Mode.hard_deck_qualifiers>, 'settings': {'hd_stop_pulse_show': [{'condition': None, 'number': None, 'priority': 0, 'params': {}}]}}, key=UUID('66ccea58-f6b0-4602-a8d2-fe3768bca7a8'), condition=None, blocking_facility=None)]. The order of those handlers is not defined and they will be executed in random order. This might lead to race conditions and potential bugs.
2026-05-15 21:43:52,425 : INFO : EventManager : Unordered handler for class ConfigPlayer.event_player/events on event mode_hard_deck_maverick_and_charlie_started with priority 200. Handlers: [RegisteredHandler(callback=<bound method ConfigPlayer.config_play_callback of ConfigPlayer.event_player/events>, priority=200, kwargs={'calling_context': 'mode_hard_deck_maverick_and_charlie_started', 'mode': <Mode.iceman_letters>, 'settings': {'stop_all_training_pulse_shows': [{'condition': None, 'number': None, 'priority': 0, 'params': {}}]}}, key=UUID('285dba3a-2793-4458-b336-b314e429795f'), condition=None, blocking_facility=None), RegisteredHandler(callback=<bound method ConfigPlayer.config_play_callback of ConfigPlayer.event_player/events>, priority=200, kwargs={'calling_context': 'mode_hard_deck_maverick_and_charlie_started', 'mode': <Mode.pilot_mission_qualifier>, 'settings': {'ball_search_reset': [{'condition': None, 'number': None, 'priority': 0, 'params': {}}], 'ball_search_block': [{'condition': None, 'number': None, 'priority': 0, 'params': {}}]}}, key=UUID('43fce495-126a-414e-94e5-652551c63faa'), condition=None, blocking_facility=None), RegisteredHandler(callback=<bound method ConfigPlayer.config_play_callback of ConfigPlayer.event_player/events>, priority=200, kwargs={'calling_context': 'mode_hard_deck_maverick_and_charlie_started', 'mode': <Mode.hard_deck_qualifiers>, 'settings': {'hd_stop_pulse_show': [{'condition': None, 'number': None, 'priority': 0, 'params': {}}]}}, key=UUID('66ccea58-f6b0-4602-a8d2-fe3768bca7a8'), condition=None, blocking_facility=None)]. The order of those handlers is not defined and they will be executed in random order. This might lead to race conditions and potential bugs.
2026-05-15 21:43:52,425 : INFO : EventManager : Unordered handler for class ConfigPlayer.event_player/events on event mode_hard_deck_playing_with_the_boys_started with priority 200. Handlers: [RegisteredHandler(callback=<bound method ConfigPlayer.config_play_callback of ConfigPlayer.event_player/events>, priority=200, kwargs={'calling_context': 'mode_hard_deck_playing_with_the_boys_started', 'mode': <Mode.iceman_letters>, 'settings': {'stop_all_training_pulse_shows': [{'condition': None, 'number': None, 'priority': 0, 'params': {}}]}}, key=UUID('bb351333-8412-4552-a4b9-7e10096947fa'), condition=None, blocking_facility=None), RegisteredHandler(callback=<bound method ConfigPlayer.config_play_callback of ConfigPlayer.event_player/events>, priority=200, kwargs={'calling_context': 'mode_hard_deck_playing_with_the_boys_started', 'mode': <Mode.pilot_mission_qualifier>, 'settings': {'ball_search_reset': [{'condition': None, 'number': None, 'priority': 0, 'params': {}}], 'ball_search_block': [{'condition': None, 'number': None, 'priority': 0, 'params': {}}]}}, key=UUID('332a1bff-14dc-47d8-bd46-5a3a1409c3d6'), condition=None, blocking_facility=None), RegisteredHandler(callback=<bound method ConfigPlayer.config_play_callback of ConfigPlayer.event_player/events>, priority=200, kwargs={'calling_context': 'mode_hard_deck_playing_with_the_boys_started', 'mode': <Mode.hard_deck_qualifiers>, 'settings': {'hd_stop_pulse_show': [{'condition': None, 'number': None, 'priority': 0, 'params': {}}]}}, key=UUID('2df79a1a-75d7-45a1-afa3-b60a55a62742'), condition=None, blocking_facility=None)]. The order of those handlers is not defined and they will be executed in random order. This might lead to race conditions and potential bugs.
2026-05-15 21:43:52,425 : INFO : EventManager : Unordered handler for class ConfigPlayer.event_player/events on event mode_hard_deck_playing_with_the_boys_started with priority 200. Handlers: [RegisteredHandler(callback=<bound method ConfigPlayer.config_play_callback of ConfigPlayer.event_player/events>, priority=200, kwargs={'calling_context': 'mode_hard_deck_playing_with_the_boys_started', 'mode': <Mode.iceman_letters>, 'settings': {'stop_all_training_pulse_shows': [{'condition': None, 'number': None, 'priority': 0, 'params': {}}]}}, key=UUID('bb351333-8412-4552-a4b9-7e10096947fa'), condition=None, blocking_facility=None), RegisteredHandler(callback=<bound method ConfigPlayer.config_play_callback of ConfigPlayer.event_player/events>, priority=200, kwargs={'calling_context': 'mode_hard_deck_playing_with_the_boys_started', 'mode': <Mode.pilot_mission_qualifier>, 'settings': {'ball_search_reset': [{'condition': None, 'number': None, 'priority': 0, 'params': {}}], 'ball_search_block': [{'condition': None, 'number': None, 'priority': 0, 'params': {}}]}}, key=UUID('332a1bff-14dc-47d8-bd46-5a3a1409c3d6'), condition=None, blocking_facility=None), RegisteredHandler(callback=<bound method ConfigPlayer.config_play_callback of ConfigPlayer.event_player/events>, priority=200, kwargs={'calling_context': 'mode_hard_deck_playing_with_the_boys_started', 'mode': <Mode.hard_deck_qualifiers>, 'settings': {'hd_stop_pulse_show': [{'condition': None, 'number': None, 'priority': 0, 'params': {}}]}}, key=UUID('2df79a1a-75d7-45a1-afa3-b60a55a62742'), condition=None, blocking_facility=None)]. The order of those handlers is not defined and they will be executed in random order. This might lead to race conditions and potential bugs.
2026-05-15 21:43:52,425 : INFO : EventManager : Unordered handler for class ConfigPlayer.event_player/events on event mode_hard_deck_maverick_and_penny_started with priority 200. Handlers: [RegisteredHandler(callback=<bound method ConfigPlayer.config_play_callback of ConfigPlayer.event_player/events>, priority=200, kwargs={'calling_context': 'mode_hard_deck_maverick_and_penny_started', 'mode': <Mode.iceman_letters>, 'settings': {'stop_all_training_pulse_shows': [{'condition': None, 'number': None, 'priority': 0, 'params': {}}]}}, key=UUID('f835579c-9550-4c6e-8d24-c7c5b85870c8'), condition=None, blocking_facility=None), RegisteredHandler(callback=<bound method ConfigPlayer.config_play_callback of ConfigPlayer.event_player/events>, priority=200, kwargs={'calling_context': 'mode_hard_deck_maverick_and_penny_started', 'mode': <Mode.pilot_mission_qualifier>, 'settings': {'ball_search_reset': [{'condition': None, 'number': None, 'priority': 0, 'params': {}}], 'ball_search_block': [{'condition': None, 'number': None, 'priority': 0, 'params': {}}]}}, key=UUID('5f2da154-76be-44ca-9856-7c38035a2fe2'), condition=None, blocking_facility=None), RegisteredHandler(callback=<bound method ConfigPlayer.config_play_callback of ConfigPlayer.event_player/events>, priority=200, kwargs={'calling_context': 'mode_hard_deck_maverick_and_penny_started', 'mode': <Mode.hard_deck_qualifiers>, 'settings': {'hd_stop_pulse_show': [{'condition': None, 'number': None, 'priority': 0, 'params': {}}]}}, key=UUID('51410abf-219e-4b58-a835-5bd7a5f49161'), condition=None, blocking_facility=None)]. The order of those handlers is not defined and they will be executed in random order. This might lead to race conditions and potential bugs.
2026-05-15 21:43:52,425 : INFO : EventManager : Unordered handler for class ConfigPlayer.event_player/events on event mode_hard_deck_maverick_and_penny_started with priority 200. Handlers: [RegisteredHandler(callback=<bound method ConfigPlayer.config_play_callback of ConfigPlayer.event_player/events>, priority=200, kwargs={'calling_context': 'mode_hard_deck_maverick_and_penny_started', 'mode': <Mode.iceman_letters>, 'settings': {'stop_all_training_pulse_shows': [{'condition': None, 'number': None, 'priority': 0, 'params': {}}]}}, key=UUID('f835579c-9550-4c6e-8d24-c7c5b85870c8'), condition=None, blocking_facility=None), RegisteredHandler(callback=<bound method ConfigPlayer.config_play_callback of ConfigPlayer.event_player/events>, priority=200, kwargs={'calling_context': 'mode_hard_deck_maverick_and_penny_started', 'mode': <Mode.pilot_mission_qualifier>, 'settings': {'ball_search_reset': [{'condition': None, 'number': None, 'priority': 0, 'params': {}}], 'ball_search_block': [{'condition': None, 'number': None, 'priority': 0, 'params': {}}]}}, key=UUID('5f2da154-76be-44ca-9856-7c38035a2fe2'), condition=None, blocking_facility=None), RegisteredHandler(callback=<bound method ConfigPlayer.config_play_callback of ConfigPlayer.event_player/events>, priority=200, kwargs={'calling_context': 'mode_hard_deck_maverick_and_penny_started', 'mode': <Mode.hard_deck_qualifiers>, 'settings': {'hd_stop_pulse_show': [{'condition': None, 'number': None, 'priority': 0, 'params': {}}]}}, key=UUID('51410abf-219e-4b58-a835-5bd7a5f49161'), condition=None, blocking_facility=None)]. The order of those handlers is not defined and they will be executed in random order. This might lead to race conditions and potential bugs.
2026-05-15 21:43:52,425 : INFO : EventManager : Unordered handler for class ConfigPlayer.event_player/events on event mode_hard_deck_honoring_iceman_started with priority 200. Handlers: [RegisteredHandler(callback=<bound method ConfigPlayer.config_play_callback of ConfigPlayer.event_player/events>, priority=200, kwargs={'calling_context': 'mode_hard_deck_honoring_iceman_started', 'mode': <Mode.iceman_letters>, 'settings': {'stop_all_training_pulse_shows': [{'condition': None, 'number': None, 'priority': 0, 'params': {}}]}}, key=UUID('66042d2f-f477-4049-9f4f-df726ee40a36'), condition=None, blocking_facility=None), RegisteredHandler(callback=<bound method ConfigPlayer.config_play_callback of ConfigPlayer.event_player/events>, priority=200, kwargs={'calling_context': 'mode_hard_deck_honoring_iceman_started', 'mode': <Mode.pilot_mission_qualifier>, 'settings': {'ball_search_reset': [{'condition': None, 'number': None, 'priority': 0, 'params': {}}], 'ball_search_block': [{'condition': None, 'number': None, 'priority': 0, 'params': {}}]}}, key=UUID('0dfd99f0-4ac8-4374-a566-f849c5e9d798'), condition=None, blocking_facility=None), RegisteredHandler(callback=<bound method ConfigPlayer.config_play_callback of ConfigPlayer.event_player/events>, priority=200, kwargs={'calling_context': 'mode_hard_deck_honoring_iceman_started', 'mode': <Mode.hard_deck_qualifiers>, 'settings': {'hd_stop_pulse_show': [{'condition': None, 'number': None, 'priority': 0, 'params': {}}]}}, key=UUID('c1b658b0-419d-4939-bb94-d166ce854f13'), condition=None, blocking_facility=None)]. The order of those handlers is not defined and they will be executed in random order. This might lead to race conditions and potential bugs.
2026-05-15 21:43:52,425 : INFO : EventManager : Unordered handler for class ConfigPlayer.event_player/events on event mode_hard_deck_honoring_iceman_started with priority 200. Handlers: [RegisteredHandler(callback=<bound method ConfigPlayer.config_play_callback of ConfigPlayer.event_player/events>, priority=200, kwargs={'calling_context': 'mode_hard_deck_honoring_iceman_started', 'mode': <Mode.iceman_letters>, 'settings': {'stop_all_training_pulse_shows': [{'condition': None, 'number': None, 'priority': 0, 'params': {}}]}}, key=UUID('66042d2f-f477-4049-9f4f-df726ee40a36'), condition=None, blocking_facility=None), RegisteredHandler(callback=<bound method ConfigPlayer.config_play_callback of ConfigPlayer.event_player/events>, priority=200, kwargs={'calling_context': 'mode_hard_deck_honoring_iceman_started', 'mode': <Mode.pilot_mission_qualifier>, 'settings': {'ball_search_reset': [{'condition': None, 'number': None, 'priority': 0, 'params': {}}], 'ball_search_block': [{'condition': None, 'number': None, 'priority': 0, 'params': {}}]}}, key=UUID('0dfd99f0-4ac8-4374-a566-f849c5e9d798'), condition=None, blocking_facility=None), RegisteredHandler(callback=<bound method ConfigPlayer.config_play_callback of ConfigPlayer.event_player/events>, priority=200, kwargs={'calling_context': 'mode_hard_deck_honoring_iceman_started', 'mode': <Mode.hard_deck_qualifiers>, 'settings': {'hd_stop_pulse_show': [{'condition': None, 'number': None, 'priority': 0, 'params': {}}]}}, key=UUID('c1b658b0-419d-4939-bb94-d166ce854f13'), condition=None, blocking_facility=None)]. The order of those handlers is not defined and they will be executed in random order. This might lead to race conditions and potential bugs.
2026-05-15 21:43:52,427 : INFO : EventManager : Unordered handler for class ConfigPlayer.variable_player/variables on event s_spinner_active with priority 200. Handlers: [RegisteredHandler(callback=<bound method ConfigPlayer.config_play_callback of ConfigPlayer.variable_player/variables>, priority=200, kwargs={'calling_context': 's_spinner_active', 'mode': <Mode.iceman_letters>, 'settings': {'right_post_locked_out': {'action': 'set', 'int': <NativeTemplate 1>, 'priority': 0, 'float': None, 'string': None, 'block': False, 'player': None, 'condition': None}}}, key=UUID('a0ed28bf-d305-4fcf-878a-40cae906d4ba'), condition=None, blocking_facility=None), RegisteredHandler(callback=<bound method ConfigPlayer.config_play_callback of ConfigPlayer.variable_player/variables>, priority=200, kwargs={'calling_context': 's_spinner_active', 'mode': <Mode.pilot_mission_qualifier>, 'settings': {'spinner_spin_count': {'action': 'add', 'int': <NativeTemplate 1>, 'priority': 0, 'float': None, 'string': None, 'block': False, 'player': None, 'condition': None}, 'previous_switch_type': {'action': 'set', 'int': <NativeTemplate 0>, 'priority': 0, 'float': None, 'string': None, 'block': False, 'player': None, 'condition': None}}}, key=UUID('913ee25e-e106-41c3-8cdb-d68692c10e1d'), condition=None, blocking_facility=None)]. The order of those handlers is not defined and they will be executed in random order. This might lead to race conditions and potential bugs.
2026-05-15 21:43:52,427 : INFO : EventManager : Unordered handler for class ConfigPlayer.variable_player/variables on event s_orbit_upper_active with priority 200. Handlers: [RegisteredHandler(callback=<bound method ConfigPlayer.config_play_callback of ConfigPlayer.variable_player/variables>, priority=200, kwargs={'calling_context': 's_orbit_upper_active', 'mode': <Mode.iceman_letters>, 'settings': {'right_post_locked_out': {'action': 'set', 'int': <NativeTemplate 1>, 'priority': 0, 'float': None, 'string': None, 'block': False, 'player': None, 'condition': None}}}, key=UUID('fca5ac92-dba7-4415-b573-2d059f6ea469'), condition=None, blocking_facility=None), RegisteredHandler(callback=<bound method ConfigPlayer.config_play_callback of ConfigPlayer.variable_player/variables>, priority=200, kwargs={'calling_context': 's_orbit_upper_active', 'mode': <Mode.pilot_mission_qualifier>, 'settings': {'previous_switch_type': {'action': 'set', 'int': <NativeTemplate 0>, 'priority': 0, 'float': None, 'string': None, 'block': False, 'player': None, 'condition': None}}}, key=UUID('a24644bc-7796-4091-806d-fbc62e00d390'), condition=None, blocking_facility=None)]. The order of those handlers is not defined and they will be executed in random order. This might lead to race conditions and potential bugs.
2026-05-15 21:43:52,427 : INFO : EventManager : Unordered handler for class ConfigPlayer.variable_player/variables on event s_ramp_inner_exit_active with priority 200. Handlers: [RegisteredHandler(callback=<bound method ConfigPlayer.config_play_callback of ConfigPlayer.variable_player/variables>, priority=200, kwargs={'calling_context': 's_ramp_inner_exit_active', 'mode': <Mode.iceman_letters>, 'settings': {'right_post_locked_out': {'action': 'set', 'int': <NativeTemplate 1>, 'priority': 0, 'float': None, 'string': None, 'block': False, 'player': None, 'condition': None}}}, key=UUID('099086a0-5c40-400b-b939-f154d1ad34ed'), condition=None, blocking_facility=None), RegisteredHandler(callback=<bound method ConfigPlayer.config_play_callback of ConfigPlayer.variable_player/variables>, priority=200, kwargs={'calling_context': 's_ramp_inner_exit_active', 'mode': <Mode.pilot_mission_qualifier>, 'settings': {'previous_switch_type': {'action': 'set', 'int': <NativeTemplate 0>, 'priority': 0, 'float': None, 'string': None, 'block': False, 'player': None, 'condition': None}}}, key=UUID('fb5c238e-bceb-463b-a1a9-c325fb6f3364'), condition=None, blocking_facility=None)]. The order of those handlers is not defined and they will be executed in random order. This might lead to race conditions and potential bugs.
2026-05-15 21:43:52,427 : INFO : EventManager : Unordered handler for class ConfigPlayer.variable_player/variables on event s_orbit_right_active with priority 200. Handlers: [RegisteredHandler(callback=<bound method ConfigPlayer.config_play_callback of ConfigPlayer.variable_player/variables>, priority=200, kwargs={'calling_context': 's_orbit_right_active', 'mode': <Mode.iceman_letters>, 'settings': {'right_post_locked_out': {'action': 'set', 'int': <NativeTemplate 1>, 'priority': 0, 'float': None, 'string': None, 'block': False, 'player': None, 'condition': None}}}, key=UUID('ac788e52-412a-4178-b849-6bd7968020e4'), condition=None, blocking_facility=None), RegisteredHandler(callback=<bound method ConfigPlayer.config_play_callback of ConfigPlayer.variable_player/variables>, priority=200, kwargs={'calling_context': 's_orbit_right_active', 'mode': <Mode.pilot_mission_qualifier>, 'settings': {'previous_switch_type': {'action': 'set', 'int': <NativeTemplate 0>, 'priority': 0, 'float': None, 'string': None, 'block': False, 'player': None, 'condition': None}}}, key=UUID('cc96551e-534c-4800-9e76-c46e7a5e9f51'), condition=None, blocking_facility=None)]. The order of those handlers is not defined and they will be executed in random order. This might lead to race conditions and potential bugs.
2026-05-15 21:43:52,431 : INFO : EventManager : Unordered handler for class ConfigPlayer.event_player/events on event mode_hard_deck_maverick_and_charlie_started with priority 200. Handlers: [RegisteredHandler(callback=<bound method ConfigPlayer.config_play_callback of ConfigPlayer.event_player/events>, priority=200, kwargs={'calling_context': 'mode_hard_deck_maverick_and_charlie_started', 'mode': <Mode.iceman_letters>, 'settings': {'stop_all_training_pulse_shows': [{'condition': None, 'number': None, 'priority': 0, 'params': {}}]}}, key=UUID('285dba3a-2793-4458-b336-b314e429795f'), condition=None, blocking_facility=None), RegisteredHandler(callback=<bound method ConfigPlayer.config_play_callback of ConfigPlayer.event_player/events>, priority=200, kwargs={'calling_context': 'mode_hard_deck_maverick_and_charlie_started', 'mode': <Mode.pilot_mission_qualifier>, 'settings': {'ball_search_reset': [{'condition': None, 'number': None, 'priority': 0, 'params': {}}], 'ball_search_block': [{'condition': None, 'number': None, 'priority': 0, 'params': {}}]}}, key=UUID('43fce495-126a-414e-94e5-652551c63faa'), condition=None, blocking_facility=None), RegisteredHandler(callback=<bound method ConfigPlayer.config_play_callback of ConfigPlayer.event_player/events>, priority=200, kwargs={'calling_context': 'mode_hard_deck_maverick_and_charlie_started', 'mode': <Mode.hard_deck_qualifiers>, 'settings': {'hd_stop_pulse_show': [{'condition': None, 'number': None, 'priority': 0, 'params': {}}]}}, key=UUID('66ccea58-f6b0-4602-a8d2-fe3768bca7a8'), condition=None, blocking_facility=None)]. The order of those handlers is not defined and they will be executed in random order. This might lead to race conditions and potential bugs.
2026-05-15 21:43:52,431 : INFO : EventManager : Unordered handler for class ConfigPlayer.event_player/events on event mode_hard_deck_maverick_and_charlie_started with priority 200. Handlers: [RegisteredHandler(callback=<bound method ConfigPlayer.config_play_callback of ConfigPlayer.event_player/events>, priority=200, kwargs={'calling_context': 'mode_hard_deck_maverick_and_charlie_started', 'mode': <Mode.iceman_letters>, 'settings': {'stop_all_training_pulse_shows': [{'condition': None, 'number': None, 'priority': 0, 'params': {}}]}}, key=UUID('285dba3a-2793-4458-b336-b314e429795f'), condition=None, blocking_facility=None), RegisteredHandler(callback=<bound method ConfigPlayer.config_play_callback of ConfigPlayer.event_player/events>, priority=200, kwargs={'calling_context': 'mode_hard_deck_maverick_and_charlie_started', 'mode': <Mode.pilot_mission_qualifier>, 'settings': {'ball_search_reset': [{'condition': None, 'number': None, 'priority': 0, 'params': {}}], 'ball_search_block': [{'condition': None, 'number': None, 'priority': 0, 'params': {}}]}}, key=UUID('43fce495-126a-414e-94e5-652551c63faa'), condition=None, blocking_facility=None), RegisteredHandler(callback=<bound method ConfigPlayer.config_play_callback of ConfigPlayer.event_player/events>, priority=200, kwargs={'calling_context': 'mode_hard_deck_maverick_and_charlie_started', 'mode': <Mode.hard_deck_qualifiers>, 'settings': {'hd_stop_pulse_show': [{'condition': None, 'number': None, 'priority': 0, 'params': {}}]}}, key=UUID('66ccea58-f6b0-4602-a8d2-fe3768bca7a8'), condition=None, blocking_facility=None)]. The order of those handlers is not defined and they will be executed in random order. This might lead to race conditions and potential bugs.
2026-05-15 21:43:52,431 : INFO : EventManager : Unordered handler for class ConfigPlayer.event_player/events on event mode_hard_deck_playing_with_the_boys_started with priority 200. Handlers: [RegisteredHandler(callback=<bound method ConfigPlayer.config_play_callback of ConfigPlayer.event_player/events>, priority=200, kwargs={'calling_context': 'mode_hard_deck_playing_with_the_boys_started', 'mode': <Mode.iceman_letters>, 'settings': {'stop_all_training_pulse_shows': [{'condition': None, 'number': None, 'priority': 0, 'params': {}}]}}, key=UUID('bb351333-8412-4552-a4b9-7e10096947fa'), condition=None, blocking_facility=None), RegisteredHandler(callback=<bound method ConfigPlayer.config_play_callback of ConfigPlayer.event_player/events>, priority=200, kwargs={'calling_context': 'mode_hard_deck_playing_with_the_boys_started', 'mode': <Mode.pilot_mission_qualifier>, 'settings': {'ball_search_reset': [{'condition': None, 'number': None, 'priority': 0, 'params': {}}], 'ball_search_block': [{'condition': None, 'number': None, 'priority': 0, 'params': {}}]}}, key=UUID('332a1bff-14dc-47d8-bd46-5a3a1409c3d6'), condition=None, blocking_facility=None), RegisteredHandler(callback=<bound method ConfigPlayer.config_play_callback of ConfigPlayer.event_player/events>, priority=200, kwargs={'calling_context': 'mode_hard_deck_playing_with_the_boys_started', 'mode': <Mode.hard_deck_qualifiers>, 'settings': {'hd_stop_pulse_show': [{'condition': None, 'number': None, 'priority': 0, 'params': {}}]}}, key=UUID('2df79a1a-75d7-45a1-afa3-b60a55a62742'), condition=None, blocking_facility=None)]. The order of those handlers is not defined and they will be executed in random order. This might lead to race conditions and potential bugs.
2026-05-15 21:43:52,431 : INFO : EventManager : Unordered handler for class ConfigPlayer.event_player/events on event mode_hard_deck_playing_with_the_boys_started with priority 200. Handlers: [RegisteredHandler(callback=<bound method ConfigPlayer.config_play_callback of ConfigPlayer.event_player/events>, priority=200, kwargs={'calling_context': 'mode_hard_deck_playing_with_the_boys_started', 'mode': <Mode.iceman_letters>, 'settings': {'stop_all_training_pulse_shows': [{'condition': None, 'number': None, 'priority': 0, 'params': {}}]}}, key=UUID('bb351333-8412-4552-a4b9-7e10096947fa'), condition=None, blocking_facility=None), RegisteredHandler(callback=<bound method ConfigPlayer.config_play_callback of ConfigPlayer.event_player/events>, priority=200, kwargs={'calling_context': 'mode_hard_deck_playing_with_the_boys_started', 'mode': <Mode.pilot_mission_qualifier>, 'settings': {'ball_search_reset': [{'condition': None, 'number': None, 'priority': 0, 'params': {}}], 'ball_search_block': [{'condition': None, 'number': None, 'priority': 0, 'params': {}}]}}, key=UUID('332a1bff-14dc-47d8-bd46-5a3a1409c3d6'), condition=None, blocking_facility=None), RegisteredHandler(callback=<bound method ConfigPlayer.config_play_callback of ConfigPlayer.event_player/events>, priority=200, kwargs={'calling_context': 'mode_hard_deck_playing_with_the_boys_started', 'mode': <Mode.hard_deck_qualifiers>, 'settings': {'hd_stop_pulse_show': [{'condition': None, 'number': None, 'priority': 0, 'params': {}}]}}, key=UUID('2df79a1a-75d7-45a1-afa3-b60a55a62742'), condition=None, blocking_facility=None)]. The order of those handlers is not defined and they will be executed in random order. This might lead to race conditions and potential bugs.
2026-05-15 21:43:52,431 : INFO : EventManager : Unordered handler for class ConfigPlayer.event_player/events on event mode_hard_deck_maverick_and_penny_started with priority 200. Handlers: [RegisteredHandler(callback=<bound method ConfigPlayer.config_play_callback of ConfigPlayer.event_player/events>, priority=200, kwargs={'calling_context': 'mode_hard_deck_maverick_and_penny_started', 'mode': <Mode.iceman_letters>, 'settings': {'stop_all_training_pulse_shows': [{'condition': None, 'number': None, 'priority': 0, 'params': {}}]}}, key=UUID('f835579c-9550-4c6e-8d24-c7c5b85870c8'), condition=None, blocking_facility=None), RegisteredHandler(callback=<bound method ConfigPlayer.config_play_callback of ConfigPlayer.event_player/events>, priority=200, kwargs={'calling_context': 'mode_hard_deck_maverick_and_penny_started', 'mode': <Mode.pilot_mission_qualifier>, 'settings': {'ball_search_reset': [{'condition': None, 'number': None, 'priority': 0, 'params': {}}], 'ball_search_block': [{'condition': None, 'number': None, 'priority': 0, 'params': {}}]}}, key=UUID('5f2da154-76be-44ca-9856-7c38035a2fe2'), condition=None, blocking_facility=None), RegisteredHandler(callback=<bound method ConfigPlayer.config_play_callback of ConfigPlayer.event_player/events>, priority=200, kwargs={'calling_context': 'mode_hard_deck_maverick_and_penny_started', 'mode': <Mode.hard_deck_qualifiers>, 'settings': {'hd_stop_pulse_show': [{'condition': None, 'number': None, 'priority': 0, 'params': {}}]}}, key=UUID('51410abf-219e-4b58-a835-5bd7a5f49161'), condition=None, blocking_facility=None)]. The order of those handlers is not defined and they will be executed in random order. This might lead to race conditions and potential bugs.
2026-05-15 21:43:52,431 : INFO : EventManager : Unordered handler for class ConfigPlayer.event_player/events on event mode_hard_deck_maverick_and_penny_started with priority 200. Handlers: [RegisteredHandler(callback=<bound method ConfigPlayer.config_play_callback of ConfigPlayer.event_player/events>, priority=200, kwargs={'calling_context': 'mode_hard_deck_maverick_and_penny_started', 'mode': <Mode.iceman_letters>, 'settings': {'stop_all_training_pulse_shows': [{'condition': None, 'number': None, 'priority': 0, 'params': {}}]}}, key=UUID('f835579c-9550-4c6e-8d24-c7c5b85870c8'), condition=None, blocking_facility=None), RegisteredHandler(callback=<bound method ConfigPlayer.config_play_callback of ConfigPlayer.event_player/events>, priority=200, kwargs={'calling_context': 'mode_hard_deck_maverick_and_penny_started', 'mode': <Mode.pilot_mission_qualifier>, 'settings': {'ball_search_reset': [{'condition': None, 'number': None, 'priority': 0, 'params': {}}], 'ball_search_block': [{'condition': None, 'number': None, 'priority': 0, 'params': {}}]}}, key=UUID('5f2da154-76be-44ca-9856-7c38035a2fe2'), condition=None, blocking_facility=None), RegisteredHandler(callback=<bound method ConfigPlayer.config_play_callback of ConfigPlayer.event_player/events>, priority=200, kwargs={'calling_context': 'mode_hard_deck_maverick_and_penny_started', 'mode': <Mode.hard_deck_qualifiers>, 'settings': {'hd_stop_pulse_show': [{'condition': None, 'number': None, 'priority': 0, 'params': {}}]}}, key=UUID('51410abf-219e-4b58-a835-5bd7a5f49161'), condition=None, blocking_facility=None)]. The order of those handlers is not defined and they will be executed in random order. This might lead to race conditions and potential bugs.
2026-05-15 21:43:52,432 : INFO : EventManager : Unordered handler for class ConfigPlayer.event_player/events on event mode_hard_deck_honoring_iceman_started with priority 200. Handlers: [RegisteredHandler(callback=<bound method ConfigPlayer.config_play_callback of ConfigPlayer.event_player/events>, priority=200, kwargs={'calling_context': 'mode_hard_deck_honoring_iceman_started', 'mode': <Mode.iceman_letters>, 'settings': {'stop_all_training_pulse_shows': [{'condition': None, 'number': None, 'priority': 0, 'params': {}}]}}, key=UUID('66042d2f-f477-4049-9f4f-df726ee40a36'), condition=None, blocking_facility=None), RegisteredHandler(callback=<bound method ConfigPlayer.config_play_callback of ConfigPlayer.event_player/events>, priority=200, kwargs={'calling_context': 'mode_hard_deck_honoring_iceman_started', 'mode': <Mode.pilot_mission_qualifier>, 'settings': {'ball_search_reset': [{'condition': None, 'number': None, 'priority': 0, 'params': {}}], 'ball_search_block': [{'condition': None, 'number': None, 'priority': 0, 'params': {}}]}}, key=UUID('0dfd99f0-4ac8-4374-a566-f849c5e9d798'), condition=None, blocking_facility=None), RegisteredHandler(callback=<bound method ConfigPlayer.config_play_callback of ConfigPlayer.event_player/events>, priority=200, kwargs={'calling_context': 'mode_hard_deck_honoring_iceman_started', 'mode': <Mode.hard_deck_qualifiers>, 'settings': {'hd_stop_pulse_show': [{'condition': None, 'number': None, 'priority': 0, 'params': {}}]}}, key=UUID('c1b658b0-419d-4939-bb94-d166ce854f13'), condition=None, blocking_facility=None)]. The order of those handlers is not defined and they will be executed in random order. This might lead to race conditions and potential bugs.
2026-05-15 21:43:52,432 : INFO : EventManager : Unordered handler for class ConfigPlayer.event_player/events on event mode_hard_deck_honoring_iceman_started with priority 200. Handlers: [RegisteredHandler(callback=<bound method ConfigPlayer.config_play_callback of ConfigPlayer.event_player/events>, priority=200, kwargs={'calling_context': 'mode_hard_deck_honoring_iceman_started', 'mode': <Mode.iceman_letters>, 'settings': {'stop_all_training_pulse_shows': [{'condition': None, 'number': None, 'priority': 0, 'params': {}}]}}, key=UUID('66042d2f-f477-4049-9f4f-df726ee40a36'), condition=None, blocking_facility=None), RegisteredHandler(callback=<bound method ConfigPlayer.config_play_callback of ConfigPlayer.event_player/events>, priority=200, kwargs={'calling_context': 'mode_hard_deck_honoring_iceman_started', 'mode': <Mode.pilot_mission_qualifier>, 'settings': {'ball_search_reset': [{'condition': None, 'number': None, 'priority': 0, 'params': {}}], 'ball_search_block': [{'condition': None, 'number': None, 'priority': 0, 'params': {}}]}}, key=UUID('0dfd99f0-4ac8-4374-a566-f849c5e9d798'), condition=None, blocking_facility=None), RegisteredHandler(callback=<bound method ConfigPlayer.config_play_callback of ConfigPlayer.event_player/events>, priority=200, kwargs={'calling_context': 'mode_hard_deck_honoring_iceman_started', 'mode': <Mode.hard_deck_qualifiers>, 'settings': {'hd_stop_pulse_show': [{'condition': None, 'number': None, 'priority': 0, 'params': {}}]}}, key=UUID('c1b658b0-419d-4939-bb94-d166ce854f13'), condition=None, blocking_facility=None)]. The order of those handlers is not defined and they will be executed in random order. This might lead to race conditions and potential bugs.
2026-05-15 21:43:52,432 : INFO : EventManager : Unordered handler for class ConfigPlayer.variable_player/variables on event mode_top_gun_multiball_stopped with priority 200. Handlers: [RegisteredHandler(callback=<bound method ConfigPlayer.config_play_callback of ConfigPlayer.variable_player/variables>, priority=200, kwargs={'calling_context': 'mode_top_gun_multiball_stopped', 'mode': <Mode.pilot_mission_qualifier>, 'settings': {'letter_collection_paused': {'action': 'set', 'int': <NativeTemplate 0>, 'priority': 0, 'float': None, 'string': None, 'block': False, 'player': None, 'condition': None}, 'pilot_qualifier_paused': {'action': 'set', 'int': <NativeTemplate 0>, 'priority': 0, 'float': None, 'string': None, 'block': False, 'player': None, 'condition': None}, 'lock_collection_paused': {'action': 'set', 'int': <NativeTemplate 0>, 'priority': 0, 'float': None, 'string': None, 'block': False, 'player': None, 'condition': None}, 'multiball_active': {'action': 'set', 'int': <NativeTemplate 0>, 'priority': 0, 'float': None, 'string': None, 'block': False, 'player': None, 'condition': None}}}, key=UUID('9fa2c9f3-44f9-4b2b-b543-fc95e32e3799'), condition=None, blocking_facility=None), RegisteredHandler(callback=<bound method ConfigPlayer.config_play_callback of ConfigPlayer.variable_player/variables>, priority=200, kwargs={'calling_context': 'mode_top_gun_multiball_stopped', 'mode': <Mode.top_gun_multiball_locks>, 'settings': {'lock_goose_lit': {'action': 'set', 'int': <NativeTemplate 0>, 'priority': 0, 'float': None, 'string': None, 'block': False, 'player': None, 'condition': None}, 'lock_mav_lit': {'action': 'set', 'int': <NativeTemplate 0>, 'priority': 0, 'float': None, 'string': None, 'block': False, 'player': None, 'condition': None}, 'lock_goose_locked': {'action': 'set', 'int': <NativeTemplate 0>, 'priority': 0, 'float': None, 'string': None, 'block': False, 'player': None, 'condition': None}, 'lock_mav_locked': {'action': 'set', 'int': <NativeTemplate 0>, 'priority': 0, 'float': None, 'string': None, 'block': False, 'player': None, 'condition': None}, 'multiball_qualified': {'action': 'set', 'int': <NativeTemplate 0>, 'priority': 0, 'float': None, 'string': None, 'block': False, 'player': None, 'condition': None}, 'multiball_starting': {'action': 'set', 'int': <NativeTemplate 0>, 'priority': 0, 'float': None, 'string': None, 'block': False, 'player': None, 'condition': None}, 'lock_completions': {'action': 'set', 'int': <NativeTemplate 0>, 'priority': 0, 'float': None, 'string': None, 'block': False, 'player': None, 'condition': None}, 'multiball_active': {'action': 'set', 'int': <NativeTemplate 0>, 'priority': 0, 'float': None, 'string': None, 'block': False, 'player': None, 'condition': None}, 'letter_collection_paused': {'action': 'set', 'int': <NativeTemplate 0>, 'priority': 0, 'float': None, 'string': None, 'block': False, 'player': None, 'condition': None}, 'pilot_qualifier_paused': {'action': 'set', 'int': <NativeTemplate 0>, 'priority': 0, 'float': None, 'string': None, 'block': False, 'player': None, 'condition': None}, 'lock_collection_paused': {'action': 'set', 'int': <NativeTemplate 0>, 'priority': 0, 'float': None, 'string': None, 'block': False, 'player': None, 'condition': None}, 'mb_mode_choice_active': {'action': 'set', 'int': <NativeTemplate 0>, 'priority': 0, 'float': None, 'string': None, 'block': False, 'player': None, 'condition': None}, 'lock_timer_paused': {'action': 'set', 'int': <NativeTemplate 0>, 'priority': 0, 'float': None, 'string': None, 'block': False, 'player': None, 'condition': None}}}, key=UUID('0305b02a-4b98-4f20-b371-bb51febd5a3e'), condition=None, blocking_facility=None)]. The order of those handlers is not defined and they will be executed in random order. This might lead to race conditions and potential bugs.
2026-05-15 21:43:52,432 : INFO : EventManager : Unordered handler for class ConfigPlayer.variable_player/variables on event mode_hard_deck_maverick_and_charlie_stopped with priority 200. Handlers: [RegisteredHandler(callback=<bound method ConfigPlayer.config_play_callback of ConfigPlayer.variable_player/variables>, priority=200, kwargs={'calling_context': 'mode_hard_deck_maverick_and_charlie_stopped', 'mode': <Mode.pilot_mission_qualifier>, 'settings': {'letter_collection_paused': {'action': 'set', 'int': <NativeTemplate 0>, 'priority': 0, 'float': None, 'string': None, 'block': False, 'player': None, 'condition': None}, 'hard_deck_active': {'action': 'set', 'int': <NativeTemplate 0>, 'priority': 0, 'float': None, 'string': None, 'block': False, 'player': None, 'condition': None}}}, key=UUID('af8d5521-f953-4d0b-beb7-282d6d0b7e42'), condition=None, blocking_facility=None), RegisteredHandler(callback=<bound method ConfigPlayer.config_play_callback of ConfigPlayer.variable_player/variables>, priority=200, kwargs={'calling_context': 'mode_hard_deck_maverick_and_charlie_stopped', 'mode': <Mode.hard_deck_qualifiers>, 'settings': {'hard_deck_active': {'action': 'set', 'int': <NativeTemplate 0>, 'priority': 0, 'float': None, 'string': None, 'block': False, 'player': None, 'condition': None}, 'letter_collection_paused': {'action': 'set', 'int': <NativeTemplate 0>, 'priority': 0, 'float': None, 'string': None, 'block': False, 'player': None, 'condition': None}}}, key=UUID('e7aaad0d-a3ff-433d-83b6-a0f87712fe04'), condition=None, blocking_facility=None)]. The order of those handlers is not defined and they will be executed in random order. This might lead to race conditions and potential bugs.
2026-05-15 21:43:52,432 : INFO : EventManager : Unordered handler for class ConfigPlayer.variable_player/variables on event mode_hard_deck_playing_with_the_boys_stopped with priority 200. Handlers: [RegisteredHandler(callback=<bound method ConfigPlayer.config_play_callback of ConfigPlayer.variable_player/variables>, priority=200, kwargs={'calling_context': 'mode_hard_deck_playing_with_the_boys_stopped', 'mode': <Mode.pilot_mission_qualifier>, 'settings': {'letter_collection_paused': {'action': 'set', 'int': <NativeTemplate 0>, 'priority': 0, 'float': None, 'string': None, 'block': False, 'player': None, 'condition': None}, 'hard_deck_active': {'action': 'set', 'int': <NativeTemplate 0>, 'priority': 0, 'float': None, 'string': None, 'block': False, 'player': None, 'condition': None}, 'multiball_active': {'action': 'set', 'int': <NativeTemplate 0>, 'priority': 0, 'float': None, 'string': None, 'block': False, 'player': None, 'condition': None}}}, key=UUID('99aa244e-1fae-4e88-a820-e458cf3ab608'), condition=None, blocking_facility=None), RegisteredHandler(callback=<bound method ConfigPlayer.config_play_callback of ConfigPlayer.variable_player/variables>, priority=200, kwargs={'calling_context': 'mode_hard_deck_playing_with_the_boys_stopped', 'mode': <Mode.hard_deck_qualifiers>, 'settings': {'hard_deck_active': {'action': 'set', 'int': <NativeTemplate 0>, 'priority': 0, 'float': None, 'string': None, 'block': False, 'player': None, 'condition': None}, 'letter_collection_paused': {'action': 'set', 'int': <NativeTemplate 0>, 'priority': 0, 'float': None, 'string': None, 'block': False, 'player': None, 'condition': None}, 'ptb_post_mode_plunge_active': {'action': 'set', 'int': <NativeTemplate 0>, 'priority': 0, 'float': None, 'string': None, 'block': False, 'player': None, 'condition': None}}}, key=UUID('aec61cba-0073-4e87-8028-9795f8054893'), condition=None, blocking_facility=None)]. The order of those handlers is not defined and they will be executed in random order. This might lead to race conditions and potential bugs.
2026-05-15 21:43:52,432 : INFO : EventManager : Unordered handler for class ConfigPlayer.variable_player/variables on event mode_hard_deck_maverick_and_penny_stopped with priority 200. Handlers: [RegisteredHandler(callback=<bound method ConfigPlayer.config_play_callback of ConfigPlayer.variable_player/variables>, priority=200, kwargs={'calling_context': 'mode_hard_deck_maverick_and_penny_stopped', 'mode': <Mode.pilot_mission_qualifier>, 'settings': {'letter_collection_paused': {'action': 'set', 'int': <NativeTemplate 0>, 'priority': 0, 'float': None, 'string': None, 'block': False, 'player': None, 'condition': None}, 'hard_deck_active': {'action': 'set', 'int': <NativeTemplate 0>, 'priority': 0, 'float': None, 'string': None, 'block': False, 'player': None, 'condition': None}}}, key=UUID('c88cfbb3-1370-4492-8189-6f56c7076cc0'), condition=None, blocking_facility=None), RegisteredHandler(callback=<bound method ConfigPlayer.config_play_callback of ConfigPlayer.variable_player/variables>, priority=200, kwargs={'calling_context': 'mode_hard_deck_maverick_and_penny_stopped', 'mode': <Mode.hard_deck_qualifiers>, 'settings': {'hard_deck_active': {'action': 'set', 'int': <NativeTemplate 0>, 'priority': 0, 'float': None, 'string': None, 'block': False, 'player': None, 'condition': None}, 'letter_collection_paused': {'action': 'set', 'int': <NativeTemplate 0>, 'priority': 0, 'float': None, 'string': None, 'block': False, 'player': None, 'condition': None}}}, key=UUID('e464e5e3-2c71-4de0-aee4-81aeb786f8b1'), condition=None, blocking_facility=None)]. The order of those handlers is not defined and they will be executed in random order. This might lead to race conditions and potential bugs.
2026-05-15 21:43:52,432 : INFO : EventManager : Unordered handler for class ConfigPlayer.variable_player/variables on event mode_hard_deck_honoring_iceman_stopped with priority 200. Handlers: [RegisteredHandler(callback=<bound method ConfigPlayer.config_play_callback of ConfigPlayer.variable_player/variables>, priority=200, kwargs={'calling_context': 'mode_hard_deck_honoring_iceman_stopped', 'mode': <Mode.pilot_mission_qualifier>, 'settings': {'letter_collection_paused': {'action': 'set', 'int': <NativeTemplate 0>, 'priority': 0, 'float': None, 'string': None, 'block': False, 'player': None, 'condition': None}, 'hard_deck_active': {'action': 'set', 'int': <NativeTemplate 0>, 'priority': 0, 'float': None, 'string': None, 'block': False, 'player': None, 'condition': None}}}, key=UUID('b9a590fd-a1dd-45ed-8b35-4fa2f6b638d3'), condition=None, blocking_facility=None), RegisteredHandler(callback=<bound method ConfigPlayer.config_play_callback of ConfigPlayer.variable_player/variables>, priority=200, kwargs={'calling_context': 'mode_hard_deck_honoring_iceman_stopped', 'mode': <Mode.hard_deck_qualifiers>, 'settings': {'hard_deck_active': {'action': 'set', 'int': <NativeTemplate 0>, 'priority': 0, 'float': None, 'string': None, 'block': False, 'player': None, 'condition': None}, 'letter_collection_paused': {'action': 'set', 'int': <NativeTemplate 0>, 'priority': 0, 'float': None, 'string': None, 'block': False, 'player': None, 'condition': None}}}, key=UUID('0d5c48c5-e2b9-4c47-9bbf-333cb884cac7'), condition=None, blocking_facility=None)]. The order of those handlers is not defined and they will be executed in random order. This might lead to race conditions and potential bugs.
2026-05-15 21:43:52,433 : INFO : EventManager : Event: ======'mode_hard_deck_qualifiers_starting'====== Args={'queue': <QueuedEvent>, 'player': 1, 'ball': 1, 'balls_remaining': 2, 'is_extra_ball': False}
2026-05-15 21:43:52,433 : INFO : EventManager : Event: ======'start_mode_bumpers'====== Args={'priority': 0}
2026-05-15 21:43:52,433 : INFO : EventManager : Event: ======'right_ramp_down'====== Args={'priority': 0}
2026-05-15 21:43:52,433 : INFO : EventManager : Event: ======'lock_released'====== Args={'priority': 0}
2026-05-15 21:43:52,435 : INFO : EventManager : Event: ======'player_total_scoring_multiplier'====== Args={'value': 1.0, 'prev_value': 0, 'change': 1.0, 'player_num': 1, 'source': 'base'}
2026-05-15 21:43:52,435 : INFO : EventManager : Event: ======'player_bonus_switches_count'====== Args={'value': 0, 'prev_value': 0, 'change': 0, 'player_num': 1, 'source': 'base'}
2026-05-15 21:43:52,436 : INFO : EventManager : Event: ======'player_bonus_ramps_count'====== Args={'value': 0, 'prev_value': 0, 'change': 0, 'player_num': 1, 'source': 'base'}
2026-05-15 21:43:52,436 : INFO : EventManager : Event: ======'player_bonus_highest_mach'====== Args={'value': 0, 'prev_value': 0, 'change': 0, 'player_num': 1, 'source': 'base'}
2026-05-15 21:43:52,436 : INFO : EventManager : Event: ======'player_bonus_multiplier'====== Args={'value': 1, 'prev_value': 0, 'change': 1, 'player_num': 1, 'source': 'base'}
2026-05-15 21:43:52,436 : INFO : EventManager : Event: ======'player_pilot_mode_drain_pending'====== Args={'value': 0, 'prev_value': 0, 'change': 0, 'player_num': 1, 'source': 'base'}
2026-05-15 21:43:52,436 : INFO : EventManager : Event: ======'player_spinner_sound_toggle'====== Args={'value': 0, 'prev_value': 0, 'change': 0, 'player_num': 1, 'source': 'base'}
2026-05-15 21:43:52,436 : INFO : EventManager : Event: ======'mode_bumpers_will_start'====== Args={'priority': 0}
2026-05-15 21:43:52,436 : INFO : EventManager : Event: ======'player_shot_bumper_left_enabled'====== Args={'value': True, 'prev_value': 0, 'change': 1, 'player_num': 1}
2026-05-15 21:43:52,437 : INFO : EventManager : Event: ======'player_shot_bumper_center_enabled'====== Args={'value': True, 'prev_value': 0, 'change': 1, 'player_num': 1}
2026-05-15 21:43:52,437 : INFO : EventManager : Event: ======'player_shot_bumper_right_enabled'====== Args={'value': True, 'prev_value': 0, 'change': 1, 'player_num': 1}
2026-05-15 21:43:52,437 : INFO : EventManager : Event: ======'bumpers_complete'====== Args={'state': 'unlit'}
2026-05-15 21:43:52,437 : INFO : EventManager : Event: ======'bumpers_unlit_complete'====== Args={}
2026-05-15 21:43:52,438 : INFO : EventManager : Event: ======'mode_bumpers_starting'====== Args={'priority': 0}
2026-05-15 21:43:52,438 : INFO : coil.c_right_orbit_diverter : Disabling Driver
2026-05-15 21:43:52,438 : INFO : Mode.bumpers : Started. Priority: 200
2026-05-15 21:43:52,438 : INFO : EventManager : Event: ======'modes_active_modes_changed'====== Args={}
2026-05-15 21:43:52,438 : INFO : EventManager : Event: ======'mode_bumpers_started'====== Args={'priority': 0}
2026-05-15 21:43:52,438 : INFO : Mode.hard_deck_qualifiers : Started. Priority: 200
2026-05-15 21:43:52,438 : INFO : EventManager : Event: ======'modes_active_modes_changed'====== Args={}
2026-05-15 21:43:52,438 : INFO : EventManager : Event: ======'mode_hard_deck_qualifiers_started'====== Args={'queue': <QueuedEvent>, 'player': 1, 'ball': 1, 'balls_remaining': 2, 'is_extra_ball': False}
2026-05-15 21:43:52,438 : INFO : Mode.top_gun_multiball_locks : Started. Priority: 200
2026-05-15 21:43:52,438 : INFO : EventManager : Event: ======'modes_active_modes_changed'====== Args={}
2026-05-15 21:43:52,438 : INFO : EventManager : Event: ======'mode_top_gun_multiball_locks_started'====== Args={'queue': <QueuedEvent>, 'player': 1, 'ball': 1, 'balls_remaining': 2, 'is_extra_ball': False}
2026-05-15 21:43:52,440 : INFO : EventManager : Event: ======'player_multiball_starting'====== Args={'value': 0, 'prev_value': 0, 'change': 0, 'player_num': 1, 'source': 'top_gun_multiball_locks'}
2026-05-15 21:43:52,440 : INFO : EventManager : Event: ======'player_lock_partial_callout_index'====== Args={'value': 0, 'prev_value': 0, 'change': 0, 'player_num': 1, 'source': 'top_gun_multiball_locks'}
2026-05-15 21:43:52,440 : INFO : EventManager : Event: ======'player_lock_pending_letter'====== Args={'value': 0, 'prev_value': 0, 'change': 0, 'player_num': 1, 'source': 'top_gun_multiball_locks'}
2026-05-15 21:43:52,440 : INFO : EventManager : Event: ======'player_lock_collection_paused'====== Args={'value': 0, 'prev_value': 0, 'change': 0, 'player_num': 1, 'source': 'top_gun_multiball_locks'}
2026-05-15 21:43:52,440 : INFO : EventManager : Event: ======'player_lock_timer_paused'====== Args={'value': 0, 'prev_value': 0, 'change': 0, 'player_num': 1, 'source': 'top_gun_multiball_locks'}
2026-05-15 21:43:52,441 : INFO : Mode.pilot_mission_qualifier : Started. Priority: 200
2026-05-15 21:43:52,441 : INFO : EventManager : Event: ======'modes_active_modes_changed'====== Args={}
2026-05-15 21:43:52,441 : INFO : EventManager : Event: ======'mode_pilot_mission_qualifier_started'====== Args={'queue': <QueuedEvent>, 'player': 1, 'ball': 1, 'balls_remaining': 2, 'is_extra_ball': False}
2026-05-15 21:43:52,441 : INFO : EventManager : Event: ======'check_all_pilot_modes_played'====== Args={'priority': 0}
2026-05-15 21:43:52,441 : INFO : EventManager : Event: ======'update_training_qual_lights'====== Args={'priority': 0}
2026-05-15 21:43:52,441 : INFO : EventManager : Event: ======'spot_topgun_letter'====== Args={'priority': 0}
2026-05-15 21:43:52,442 : INFO : EventManager : Event: ======'update_qualifying_show'====== Args={'priority': 0}
2026-05-15 21:43:52,442 : INFO : EventManager : Event: ======'update_training_qual_lights'====== Args={'priority': 0}
2026-05-15 21:43:52,443 : INFO : EventManager : Event: ======'player_topgun_shots_collected'====== Args={'value': 1, 'prev_value': 0, 'change': 1, 'player_num': 1, 'source': 'pilot_mission_qualifier'}
2026-05-15 21:43:52,443 : INFO : EventManager : Event: ======'topgun_letter_t_lit'====== Args={'priority': 0}
2026-05-15 21:43:52,445 : INFO : Mode.iceman_letters : Started. Priority: 200
2026-05-15 21:43:52,445 : INFO : EventManager : Event: ======'modes_active_modes_changed'====== Args={}
2026-05-15 21:43:52,445 : INFO : EventManager : Event: ======'mode_iceman_letters_started'====== Args={'queue': <QueuedEvent>, 'player': 1, 'ball': 1, 'balls_remaining': 2, 'is_extra_ball': False}
2026-05-15 21:43:52,445 : INFO : EventManager : Event: ======'restore_training_mission_light'====== Args={'priority': 0}
2026-05-15 21:43:52,445 : INFO : Mode.mig_letters : Started. Priority: 200
2026-05-15 21:43:52,445 : INFO : EventManager : Event: ======'modes_active_modes_changed'====== Args={}
2026-05-15 21:43:52,445 : INFO : EventManager : Event: ======'mode_mig_letters_started'====== Args={'queue': <QueuedEvent>, 'player': 1, 'ball': 1, 'balls_remaining': 2, 'is_extra_ball': False}
2026-05-15 21:43:52,446 : INFO : Mode.goose_letters : Started. Priority: 210
2026-05-15 21:43:52,446 : INFO : EventManager : Event: ======'modes_active_modes_changed'====== Args={}
2026-05-15 21:43:52,446 : INFO : EventManager : Event: ======'mode_goose_letters_started'====== Args={'queue': <QueuedEvent>, 'player': 1, 'ball': 1, 'balls_remaining': 2, 'is_extra_ball': False}
2026-05-15 21:43:52,446 : INFO : EventManager : Event: ======'player_ejection_shots_completed'====== Args={'value': 0, 'prev_value': 0, 'change': 0, 'player_num': 1, 'source': 'goose_letters'}
2026-05-15 21:43:52,446 : INFO : EventManager : Event: ======'player_ejection_shots_needed'====== Args={'value': 3, 'prev_value': 0, 'change': 3, 'player_num': 1, 'source': 'goose_letters'}
2026-05-15 21:43:52,446 : INFO : EventManager : Event: ======'player_goose_milestone'====== Args={'value': 3, 'prev_value': 0, 'change': 3, 'player_num': 1, 'source': 'goose_letters'}
2026-05-15 21:43:52,446 : INFO : EventManager : Event: ======'player_goose_next_award_name'====== Args={'value': 'Extra Ball', 'prev_value': 0, 'change': True, 'player_num': 1, 'source': 'goose_letters'}
2026-05-15 21:43:52,446 : INFO : EventManager : Event: ======'player_goose_next_eject_target'====== Args={'value': 3, 'prev_value': 0, 'change': 3, 'player_num': 1, 'source': 'goose_letters'}
2026-05-15 21:43:52,446 : INFO : EventManager : Event: ======'player_goose_next_mystery_target'====== Args={'value': 5, 'prev_value': 0, 'change': 5, 'player_num': 1, 'source': 'goose_letters'}
2026-05-15 21:43:52,447 : INFO : Mode.2x_playfield : Started. Priority: 250
2026-05-15 21:43:52,447 : INFO : EventManager : Event: ======'modes_active_modes_changed'====== Args={}
2026-05-15 21:43:52,447 : INFO : EventManager : Event: ======'mode_2x_playfield_started'====== Args={'queue': <QueuedEvent>, 'player': 1, 'ball': 1, 'balls_remaining': 2, 'is_extra_ball': False}
2026-05-15 21:43:52,447 : INFO : EventManager : Event: ======'x2_update_display'====== Args={'priority': 0}
2026-05-15 21:43:52,447 : INFO : EventManager : Event: ======'x2_show_progress_slides'====== Args={'priority': 0}
2026-05-15 21:43:52,447 : INFO : EventManager : Event: ======'player_x2_completions_needed'====== Args={'value': 2, 'prev_value': 0, 'change': 2, 'player_num': 1, 'source': '2x_playfield'}
2026-05-15 21:43:52,447 : INFO : EventManager : Event: ======'player_x2_rounds_complete'====== Args={'value': 0, 'prev_value': 0, 'change': 0, 'player_num': 1, 'source': '2x_playfield'}
2026-05-15 21:43:52,447 : INFO : Mode.mach_scoring : Started. Priority: 500
2026-05-15 21:43:52,447 : INFO : EventManager : Event: ======'modes_active_modes_changed'====== Args={}
2026-05-15 21:43:52,447 : INFO : EventManager : Event: ======'mode_mach_scoring_started'====== Args={'queue': <QueuedEvent>, 'player': 1, 'ball': 1, 'balls_remaining': 2, 'is_extra_ball': False}
2026-05-15 21:43:52,448 : INFO : Mode.shot_missed_callout_randomizer : Started. Priority: 150
2026-05-15 21:43:52,448 : INFO : EventManager : Event: ======'modes_active_modes_changed'====== Args={}
2026-05-15 21:43:52,448 : INFO : EventManager : Event: ======'mode_shot_missed_callout_randomizer_started'====== Args={'queue': <QueuedEvent>, 'player': 1, 'ball': 1, 'balls_remaining': 2, 'is_extra_ball': False}
2026-05-15 21:43:52,448 : INFO : Mode.shot_made_callout_randomizer : Started. Priority: 150
2026-05-15 21:43:52,448 : INFO : EventManager : Event: ======'modes_active_modes_changed'====== Args={}
2026-05-15 21:43:52,448 : INFO : EventManager : Event: ======'mode_shot_made_callout_randomizer_started'====== Args={'queue': <QueuedEvent>, 'player': 1, 'ball': 1, 'balls_remaining': 2, 'is_extra_ball': False}
2026-05-15 21:43:52,448 : INFO : Mode.ball_save : Started. Priority: 150
2026-05-15 21:43:52,448 : INFO : EventManager : Event: ======'modes_active_modes_changed'====== Args={}
2026-05-15 21:43:52,448 : INFO : EventManager : Event: ======'mode_ball_save_started'====== Args={'queue': <QueuedEvent>, 'player': 1, 'ball': 1, 'balls_remaining': 2, 'is_extra_ball': False}
2026-05-15 21:43:52,448 : INFO : EventManager : Event: ======'ball_save_new_ball_enable'====== Args={'priority': 0}
2026-05-15 21:43:52,448 : INFO : EventManager : Event: ======'player_consecutive_ball_saves'====== Args={'value': 0, 'prev_value': 0, 'change': 0, 'player_num': 1, 'source': 'ball_save'}
2026-05-15 21:43:52,448 : INFO : EventManager : Event: ======'ball_save_new_ball_save_enabled'====== Args={}
2026-05-15 21:43:52,449 : INFO : EventManager : Event: ======'player_ball_save_active'====== Args={'value': 1, 'prev_value': 0, 'change': 1, 'player_num': 1, 'source': 'ball_save'}
2026-05-15 21:43:52,449 : INFO : Mode.tilt : Started. Priority: 10000
2026-05-15 21:43:52,449 : INFO : EventManager : Event: ======'modes_active_modes_changed'====== Args={}
2026-05-15 21:43:52,449 : INFO : EventManager : Event: ======'mode_tilt_started'====== Args={'queue': <QueuedEvent>, 'player': 1, 'ball': 1, 'balls_remaining': 2, 'is_extra_ball': False}
2026-05-15 21:43:52,449 : INFO : EventManager : Unordered handler for class ConfigPlayer.variable_player/variables on event ball_will_end with priority 200. Handlers: [RegisteredHandler(callback=<bound method ConfigPlayer.config_play_callback of ConfigPlayer.variable_player/variables>, priority=200, kwargs={'calling_context': 'ball_will_end', 'mode': <Mode.mig_letters>, 'settings': {'mig_letter_m': {'action': 'set', 'int': <NativeTemplate 0>, 'priority': 0, 'float': None, 'string': None, 'block': False, 'player': None, 'condition': None}, 'mig_letter_i': {'action': 'set', 'int': <NativeTemplate 0>, 'priority': 0, 'float': None, 'string': None, 'block': False, 'player': None, 'condition': None}, 'mig_letter_g': {'action': 'set', 'int': <NativeTemplate 0>, 'priority': 0, 'float': None, 'string': None, 'block': False, 'player': None, 'condition': None}, 'mig_completing': {'action': 'set', 'int': <NativeTemplate 0>, 'priority': 0, 'float': None, 'string': None, 'block': False, 'player': None, 'condition': None}}}, key=UUID('7e892d49-8ab3-4e88-9c92-2b2333fc755b'), condition=None, blocking_facility=None), RegisteredHandler(callback=<bound method ConfigPlayer.config_play_callback of ConfigPlayer.variable_player/variables>, priority=200, kwargs={'calling_context': 'ball_will_end', 'mode': <Mode.pilot_mission_qualifier>, 'settings': {'mystery_just_lit_pilot': {'action': 'set', 'int': <NativeTemplate 0>, 'priority': 0, 'float': None, 'string': None, 'block': False, 'player': None, 'condition': None}, 'scoop_release_pending': {'action': 'set', 'int': <NativeTemplate 0>, 'priority': 0, 'float': None, 'string': None, 'block': False, 'player': None, 'condition': None}}}, key=UUID('15ca51f1-79ef-4191-af6f-5b5ff7e6a36b'), condition=None, blocking_facility=None)]. The order of those handlers is not defined and they will be executed in random order. This might lead to race conditions and potential bugs.
2026-05-15 21:43:52,449 : INFO : EventManager : Event: ======'balls_in_play'====== Args={'balls': 1}
2026-05-15 21:43:52,449 : INFO : EventManager : Event: ======'ball_started'====== Args={'player': 1, 'ball': 1, 'balls_remaining': 2, 'is_extra_ball': False}
2026-05-15 21:43:52,451 : INFO : EventManager : Event: ======'player_left_orbit_diverter_active'====== Args={'value': 0, 'prev_value': 0, 'change': 0, 'player_num': 1, 'source': 'pilot_mission_qualifier'}
2026-05-15 21:43:52,451 : INFO : EventManager : Event: ======'player_previous_switch_type'====== Args={'value': 0, 'prev_value': 0, 'change': 0, 'player_num': 1, 'source': 'pilot_mission_qualifier'}
2026-05-15 21:43:52,451 : INFO : EventManager : Event: ======'player_topgun_skip_video'====== Args={'value': 0, 'prev_value': 0, 'change': 0, 'player_num': 1, 'source': 'pilot_mission_qualifier'}
2026-05-15 21:43:52,451 : INFO : EventManager : Event: ======'player_topgun_ll_sixth_letter'====== Args={'value': 0, 'prev_value': 0, 'change': 0, 'player_num': 1, 'source': 'pilot_mission_qualifier'}
2026-05-15 21:43:52,451 : INFO : EventManager : Event: ======'mode_extra_ball_will_start'====== Args={'player': 1, 'ball': 1, 'balls_remaining': 2, 'is_extra_ball': False}
2026-05-15 21:43:52,451 : INFO : EventManager : Event: ======'player_extra_ball_main_num_awarded'====== Args={'value': 0, 'prev_value': 0, 'change': 0, 'player_num': 1}
2026-05-15 21:43:52,451 : INFO : EventManager : Event: ======'player_extra_ball_extra_ball_hold_tick'====== Args={'value': 5, 'prev_value': 0, 'change': 5, 'player_num': 1}
2026-05-15 21:43:52,452 : INFO : EventManager : Unordered handler for class ConfigPlayer.variable_player/variables on event ball_will_end with priority 200. Handlers: [RegisteredHandler(callback=<bound method ConfigPlayer.config_play_callback of ConfigPlayer.variable_player/variables>, priority=200, kwargs={'calling_context': 'ball_will_end', 'mode': <Mode.mig_letters>, 'settings': {'mig_letter_m': {'action': 'set', 'int': <NativeTemplate 0>, 'priority': 0, 'float': None, 'string': None, 'block': False, 'player': None, 'condition': None}, 'mig_letter_i': {'action': 'set', 'int': <NativeTemplate 0>, 'priority': 0, 'float': None, 'string': None, 'block': False, 'player': None, 'condition': None}, 'mig_letter_g': {'action': 'set', 'int': <NativeTemplate 0>, 'priority': 0, 'float': None, 'string': None, 'block': False, 'player': None, 'condition': None}, 'mig_completing': {'action': 'set', 'int': <NativeTemplate 0>, 'priority': 0, 'float': None, 'string': None, 'block': False, 'player': None, 'condition': None}}}, key=UUID('7e892d49-8ab3-4e88-9c92-2b2333fc755b'), condition=None, blocking_facility=None), RegisteredHandler(callback=<bound method ConfigPlayer.config_play_callback of ConfigPlayer.variable_player/variables>, priority=200, kwargs={'calling_context': 'ball_will_end', 'mode': <Mode.pilot_mission_qualifier>, 'settings': {'mystery_just_lit_pilot': {'action': 'set', 'int': <NativeTemplate 0>, 'priority': 0, 'float': None, 'string': None, 'block': False, 'player': None, 'condition': None}, 'scoop_release_pending': {'action': 'set', 'int': <NativeTemplate 0>, 'priority': 0, 'float': None, 'string': None, 'block': False, 'player': None, 'condition': None}}}, key=UUID('15ca51f1-79ef-4191-af6f-5b5ff7e6a36b'), condition=None, blocking_facility=None)]. The order of those handlers is not defined and they will be executed in random order. This might lead to race conditions and potential bugs.
2026-05-15 21:43:52,452 : INFO : EventManager : Unordered handler for class ConfigPlayer.variable_player/variables on event ball_will_end with priority 200. Handlers: [RegisteredHandler(callback=<bound method ConfigPlayer.config_play_callback of ConfigPlayer.variable_player/variables>, priority=200, kwargs={'calling_context': 'ball_will_end', 'mode': <Mode.mig_letters>, 'settings': {'mig_letter_m': {'action': 'set', 'int': <NativeTemplate 0>, 'priority': 0, 'float': None, 'string': None, 'block': False, 'player': None, 'condition': None}, 'mig_letter_i': {'action': 'set', 'int': <NativeTemplate 0>, 'priority': 0, 'float': None, 'string': None, 'block': False, 'player': None, 'condition': None}, 'mig_letter_g': {'action': 'set', 'int': <NativeTemplate 0>, 'priority': 0, 'float': None, 'string': None, 'block': False, 'player': None, 'condition': None}, 'mig_completing': {'action': 'set', 'int': <NativeTemplate 0>, 'priority': 0, 'float': None, 'string': None, 'block': False, 'player': None, 'condition': None}}}, key=UUID('7e892d49-8ab3-4e88-9c92-2b2333fc755b'), condition=None, blocking_facility=None), RegisteredHandler(callback=<bound method ConfigPlayer.config_play_callback of ConfigPlayer.variable_player/variables>, priority=200, kwargs={'calling_context': 'ball_will_end', 'mode': <Mode.pilot_mission_qualifier>, 'settings': {'mystery_just_lit_pilot': {'action': 'set', 'int': <NativeTemplate 0>, 'priority': 0, 'float': None, 'string': None, 'block': False, 'player': None, 'condition': None}, 'scoop_release_pending': {'action': 'set', 'int': <NativeTemplate 0>, 'priority': 0, 'float': None, 'string': None, 'block': False, 'player': None, 'condition': None}}}, key=UUID('15ca51f1-79ef-4191-af6f-5b5ff7e6a36b'), condition=None, blocking_facility=None)]. The order of those handlers is not defined and they will be executed in random order. This might lead to race conditions and potential bugs.
2026-05-15 21:43:52,454 : INFO : EventManager : Event: ======'mode_extra_ball_starting'====== Args={'player': 1, 'ball': 1, 'balls_remaining': 2, 'is_extra_ball': False}
2026-05-15 21:43:52,455 : INFO : Timer.lock_letter_sound_delay : Stopping Timer
2026-05-15 21:43:52,455 : INFO : EventManager : Event: ======'timer_lock_letter_sound_delay_stopped'====== Args={'ticks': 0, 'ticks_remaining': 0}
2026-05-15 21:43:52,455 : INFO : Mode.extra_ball : Started. Priority: 150
2026-05-15 21:43:52,455 : INFO : EventManager : Event: ======'modes_active_modes_changed'====== Args={}
2026-05-15 21:43:52,455 : INFO : EventManager : Event: ======'mode_extra_ball_started'====== Args={'player': 1, 'ball': 1, 'balls_remaining': 2, 'is_extra_ball': False}
2026-05-15 21:43:52,455 : INFO : EventManager : Event: ======'player_extra_ball_collecting'====== Args={'value': 0, 'prev_value': 0, 'change': 0, 'player_num': 1, 'source': 'extra_ball'}
2026-05-15 21:43:52,456 : INFO : EventManager : Event: ======'single_player_ball_started'====== Args={}
2026-05-15 21:43:52,460 : INFO : EventManager : Event: ======'ball_start_target'====== Args={'target': 'playfield'}
2026-05-15 21:43:52,460 : INFO : ball_device.bd_plunger : Setting up player-controlled eject. Balls: 1, Target: <playfield.playfield>, player_controlled_eject_event: None
2026-05-15 21:43:52,460 : INFO : EventManager : Event: ======'balldevice_balls_available'====== Args={}
2026-05-15 21:43:52,463 : INFO : ball_device.bd_trough : State: waiting_for_target_ready
2026-05-15 21:43:52,463 : INFO : EventManager : Event: ======'balldevice_bd_trough_ball_eject_attempt'====== Args={'balls': 1, 'target': <ball_device.bd_plunger>, 'source': <ball_device.bd_trough>, 'mechanical_eject': True, 'num_attempts': 0}
2026-05-15 21:43:52,463 : INFO : ball_device.bd_plunger : State: waiting_for_ball
2026-05-15 21:43:52,464 : INFO : ball_device.bd_trough : State: ejecting
2026-05-15 21:43:52,464 : INFO : ball_device.bd_trough : Ejecting ball to <ball_device.bd_plunger>
2026-05-15 21:43:52,464 : INFO : EventManager : Event: ======'balldevice_bd_trough_ejecting_ball'====== Args={'balls': 1, 'target': <ball_device.bd_plunger>, 'source': <ball_device.bd_trough>, 'mechanical_eject': True, 'num_attempts': 0}
2026-05-15 21:43:52,466 : INFO : ball_device.bd_trough : Wait for ball to leave device
2026-05-15 21:43:52,466 : INFO : coil.c_trough_eject : Pulsing Driver for 25ms (0.75 pulse_power)
2026-05-15 21:43:52,502 : INFO : SwitchController : <<<<<<< 's_trough_1' inactive >>>>>>>
2026-05-15 21:43:52,503 : INFO : SwitchController : <<<<<<< 's_jam' active >>>>>>>
2026-05-15 21:43:52,503 : INFO : EventManager : Event: ======'machine_var_audits_switches_s_jam'====== Args={'value': 5612, 'prev_value': 5611, 'change': 1}
2026-05-15 21:43:52,504 : INFO : ball_device.bd_trough : State: ball_left
2026-05-15 21:43:52,504 : INFO : ball_device.bd_trough : Ball left
2026-05-15 21:43:52,504 : INFO : ball_device.bd_trough : Wait for confirm with timeout 3.0
2026-05-15 21:43:52,517 : INFO : SwitchController : <<<<<<< 's_jam' inactive >>>>>>>
2026-05-15 21:43:52,525 : INFO : EventManager : Unordered handler for class <BCP Interface> on event player_turn_started with priority 1. Handlers: [RegisteredHandler(callback=<bound method BcpInterface._player_turn_start of <BCP Interface>>, priority=1, kwargs={}, key=UUID('50ea4f9e-11b4-485e-918b-d71ef0295860'), condition=None, blocking_facility=None), RegisteredHandler(callback=<bound method BcpInterface.bcp_trigger of <BCP Interface>>, priority=1, kwargs={'name': 'player_turn_started'}, key=UUID('54f6f14b-f6d7-4fc4-895b-eec0ed21bfa3'), condition=None, blocking_facility=None)]. The order of those handlers is not defined and they will be executed in random order. This might lead to race conditions and potential bugs.
2026-05-15 21:43:52,525 : INFO : EventManager : Event: ======'slide_base_slide_created'====== Args={'_from_bcp': True}
2026-05-15 21:43:52,526 : INFO : EventManager : Event: ======'slide_attract_inactive'====== Args={'is_removing': True, '_from_bcp': True}
2026-05-15 21:43:52,526 : INFO : EventManager : Event: ======'slide_base_slide_active'====== Args={'original_context': 'base', 'original_calling_context': 'mode_base_started', 'priority': 100.0, 'queue': '<QueuedEvent>', 'player': 1.0, 'ball': 1.0, 'balls_remaining': 2.0, 'is_extra_ball': False, 'cmd': 'slides_play', '_from_bcp': True}
2026-05-15 21:43:52,528 : INFO : EventManager : Event: ======'slide_attract_removed'====== Args={'_from_bcp': True}
2026-05-15 21:43:52,539 : INFO : EventManager : Event: ======'slide_topgun_0_created'====== Args={'_from_bcp': True}
2026-05-15 21:43:52,539 : INFO : EventManager : Event: ======'slide_base_slide_inactive'====== Args={'is_removing': False, '_from_bcp': True}
2026-05-15 21:43:52,540 : INFO : EventManager : Event: ======'slide_topgun_0_active'====== Args={'original_context': 'pilot_mission_qualifier', 'original_calling_context': 'mode_pilot_mission_qualifier_started{current_player.topgun_shots_collected==0 and current_player.qualified_mode_number==0}', 'priority': 200.0, 'queue': '<QueuedEvent>', 'player': 1.0, 'ball': 1.0, 'balls_remaining': 2.0, 'is_extra_ball': False, 'cmd': 'slides_play', '_from_bcp': True}
2026-05-15 21:43:52,540 : INFO : EventManager : Event: ======'slide_topgun_0_inactive'====== Args={'is_removing': True, '_from_bcp': True}
2026-05-15 21:43:52,541 : INFO : EventManager : Event: ======'slide_base_slide_active'====== Args={'_from_bcp': True}
2026-05-15 21:43:52,541 : INFO : EventManager : Event: ======'slide_topgun_0_removed'====== Args={'_from_bcp': True}
2026-05-15 21:43:52,552 : INFO : EventManager : Event: ======'slide_topgun_1_created'====== Args={'_from_bcp': True}
2026-05-15 21:43:52,552 : INFO : EventManager : Event: ======'slide_base_slide_inactive'====== Args={'is_removing': False, '_from_bcp': True}
2026-05-15 21:43:52,552 : INFO : EventManager : Event: ======'slide_topgun_1_active'====== Args={'original_context': 'pilot_mission_qualifier', 'original_calling_context': 'topgun_letter_t_lit', 'priority': 200.0, 'cmd': 'slides_play', '_from_bcp': True}
2026-05-15 21:43:52,553 : INFO : EventManager : Event: ======'slide_ejection_shots_completed_created'====== Args={'_from_bcp': True}
2026-05-15 21:43:52,555 : INFO : EventManager : Event: ======'slide_ejection_shots_needed_created'====== Args={'_from_bcp': True}
2026-05-15 21:43:52,556 : INFO : EventManager : Event: ======'slide_topgun_1_inactive'====== Args={'is_removing': False, '_from_bcp': True}
2026-05-15 21:43:52,556 : INFO : EventManager : Event: ======'slide_ejection_shots_needed_active'====== Args={'original_context': 'goose_letters', 'original_calling_context': 'mode_goose_letters_started{current_player.eject_mode_qualified==0}', 'priority': 210.0, 'queue': '<QueuedEvent>', 'player': 1.0, 'ball': 1.0, 'balls_remaining': 2.0, 'is_extra_ball': False, 'cmd': 'slides_play', '_from_bcp': True}
2026-05-15 21:43:52,557 : INFO : EventManager : Event: ======'slide_2x_playfield_completions_needed_created'====== Args={'_from_bcp': True}
2026-05-15 21:43:52,558 : INFO : EventManager : Event: ======'slide_2x_playfied_completions_done_created'====== Args={'_from_bcp': True}
2026-05-15 21:43:52,559 : INFO : EventManager : Event: ======'slide_ejection_shots_needed_inactive'====== Args={'is_removing': False, '_from_bcp': True}
2026-05-15 21:43:52,559 : INFO : EventManager : Event: ======'slide_2x_playfied_completions_done_active'====== Args={'original_context': '2x_playfield', 'original_calling_context': 'x2_show_progress_slides{current_player.x2_qualified==0 and current_player.x2_active==0}', 'priority': 250.0, 'cmd': 'slides_play', '_from_bcp': True}
2026-05-15 21:43:52,563 : INFO : EventManager : Event: ======'slide_mach_1_created'====== Args={'_from_bcp': True}
2026-05-15 21:43:52,565 : INFO : EventManager : Event: ======'slide_2x_playfied_completions_done_inactive'====== Args={'is_removing': False, '_from_bcp': True}
2026-05-15 21:43:52,565 : INFO : EventManager : Event: ======'slide_mach_1_active'====== Args={'original_context': 'mach_scoring', 'original_calling_context': 'mode_mach_scoring_started', 'priority': 500.0, 'queue': '<QueuedEvent>', 'player': 1.0, 'ball': 1.0, 'balls_remaining': 2.0, 'is_extra_ball': False, 'cmd': 'slides_play', '_from_bcp': True}
2026-05-15 21:43:52,628 : INFO : EventManager : Event: ======'set_uncoded_mode_lights'====== Args={'priority': 0}
2026-05-15 21:43:52,629 : INFO : EventManager : Event: ======'spot_topgun_letter'====== Args={'priority': 0}
2026-05-15 21:43:52,629 : INFO : EventManager : Event: ======'player_topgun_shots_collected'====== Args={'value': 2, 'prev_value': 1, 'change': 1, 'player_num': 1, 'source': 'pilot_mission_qualifier'}
2026-05-15 21:43:52,629 : INFO : EventManager : Event: ======'topgun_letter_o_lit'====== Args={'priority': 0}
2026-05-15 21:43:52,636 : INFO : EventManager : Event: ======'slide_topgun_1_removed'====== Args={'_from_bcp': True}
2026-05-15 21:43:52,649 : INFO : EventManager : Event: ======'slide_topgun_2_created'====== Args={'_from_bcp': True}
2026-05-15 21:43:52,753 : INFO : SwitchController : <<<<<<< 's_shooter_lane' active >>>>>>>
2026-05-15 21:43:52,753 : INFO : EventManager : Event: ======'s_shooter_lane_active'====== Args={}
2026-05-15 21:43:52,753 : INFO : EventManager : Event: ======'machine_var_audits_switches_s_shooter_lane'====== Args={'value': 6496, 'prev_value': 6495, 'change': 1}
2026-05-15 21:43:52,755 : INFO : EventManager : Event: ======'mode_skillshot_will_start'====== Args={}
2026-05-15 21:43:52,755 : INFO : EventManager : Event: ======'player_shot_mig_lane_left_enabled'====== Args={'value': True, 'prev_value': 0, 'change': 1, 'player_num': 1}
2026-05-15 21:43:52,755 : INFO : EventManager : Event: ======'player_shot_mig_lane_right_enabled'====== Args={'value': True, 'prev_value': 0, 'change': 1, 'player_num': 1}
2026-05-15 21:43:52,756 : INFO : EventManager : Unordered handler for class ConfigPlayer.variable_player/variables on event s_spinner_active with priority 200. Handlers: [RegisteredHandler(callback=<bound method ConfigPlayer.config_play_callback of ConfigPlayer.variable_player/variables>, priority=200, kwargs={'calling_context': 's_spinner_active', 'mode': <Mode.iceman_letters>, 'settings': {'right_post_locked_out': {'action': 'set', 'int': <NativeTemplate 1>, 'priority': 0, 'float': None, 'string': None, 'block': False, 'player': None, 'condition': None}}}, key=UUID('a0ed28bf-d305-4fcf-878a-40cae906d4ba'), condition=None, blocking_facility=None), RegisteredHandler(callback=<bound method ConfigPlayer.config_play_callback of ConfigPlayer.variable_player/variables>, priority=200, kwargs={'calling_context': 's_spinner_active', 'mode': <Mode.pilot_mission_qualifier>, 'settings': {'spinner_spin_count': {'action': 'add', 'int': <NativeTemplate 1>, 'priority': 0, 'float': None, 'string': None, 'block': False, 'player': None, 'condition': None}, 'previous_switch_type': {'action': 'set', 'int': <NativeTemplate 0>, 'priority': 0, 'float': None, 'string': None, 'block': False, 'player': None, 'condition': None}}}, key=UUID('913ee25e-e106-41c3-8cdb-d68692c10e1d'), condition=None, blocking_facility=None)]. The order of those handlers is not defined and they will be executed in random order. This might lead to race conditions and potential bugs.
2026-05-15 21:43:52,756 : INFO : EventManager : Event: ======'player_shot_spinner_enabled'====== Args={'value': True, 'prev_value': 0, 'change': 1, 'player_num': 1}
2026-05-15 21:43:52,756 : INFO : EventManager : Unordered handler for class ConfigPlayer.variable_player/variables on event s_orbit_upper_active with priority 200. Handlers: [RegisteredHandler(callback=<bound method ConfigPlayer.config_play_callback of ConfigPlayer.variable_player/variables>, priority=200, kwargs={'calling_context': 's_orbit_upper_active', 'mode': <Mode.iceman_letters>, 'settings': {'right_post_locked_out': {'action': 'set', 'int': <NativeTemplate 1>, 'priority': 0, 'float': None, 'string': None, 'block': False, 'player': None, 'condition': None}}}, key=UUID('fca5ac92-dba7-4415-b573-2d059f6ea469'), condition=None, blocking_facility=None), RegisteredHandler(callback=<bound method ConfigPlayer.config_play_callback of ConfigPlayer.variable_player/variables>, priority=200, kwargs={'calling_context': 's_orbit_upper_active', 'mode': <Mode.pilot_mission_qualifier>, 'settings': {'previous_switch_type': {'action': 'set', 'int': <NativeTemplate 0>, 'priority': 0, 'float': None, 'string': None, 'block': False, 'player': None, 'condition': None}}}, key=UUID('a24644bc-7796-4091-806d-fbc62e00d390'), condition=None, blocking_facility=None)]. The order of those handlers is not defined and they will be executed in random order. This might lead to race conditions and potential bugs.
2026-05-15 21:43:52,756 : INFO : EventManager : Event: ======'player_shot_orbit_upper_enabled'====== Args={'value': True, 'prev_value': 0, 'change': 1, 'player_num': 1}
2026-05-15 21:43:52,757 : INFO : EventManager : Unordered handler for class ConfigPlayer.variable_player/variables on event s_ramp_inner_exit_active with priority 200. Handlers: [RegisteredHandler(callback=<bound method ConfigPlayer.config_play_callback of ConfigPlayer.variable_player/variables>, priority=200, kwargs={'calling_context': 's_ramp_inner_exit_active', 'mode': <Mode.iceman_letters>, 'settings': {'right_post_locked_out': {'action': 'set', 'int': <NativeTemplate 1>, 'priority': 0, 'float': None, 'string': None, 'block': False, 'player': None, 'condition': None}}}, key=UUID('099086a0-5c40-400b-b939-f154d1ad34ed'), condition=None, blocking_facility=None), RegisteredHandler(callback=<bound method ConfigPlayer.config_play_callback of ConfigPlayer.variable_player/variables>, priority=200, kwargs={'calling_context': 's_ramp_inner_exit_active', 'mode': <Mode.pilot_mission_qualifier>, 'settings': {'previous_switch_type': {'action': 'set', 'int': <NativeTemplate 0>, 'priority': 0, 'float': None, 'string': None, 'block': False, 'player': None, 'condition': None}}}, key=UUID('fb5c238e-bceb-463b-a1a9-c325fb6f3364'), condition=None, blocking_facility=None)]. The order of those handlers is not defined and they will be executed in random order. This might lead to race conditions and potential bugs.
2026-05-15 21:43:52,757 : INFO : EventManager : Event: ======'player_shot_ramp_inner_enabled'====== Args={'value': True, 'prev_value': 0, 'change': 1, 'player_num': 1}
2026-05-15 21:43:52,757 : INFO : EventManager : Event: ======'skillshot_group_complete'====== Args={'state': 'off'}
2026-05-15 21:43:52,757 : INFO : EventManager : Event: ======'skillshot_group_off_complete'====== Args={}
2026-05-15 21:43:52,758 : INFO : EventManager : Event: ======'player_skillshot_skillshot_tick'====== Args={'value': 9, 'prev_value': 0, 'change': 9, 'player_num': 1}
2026-05-15 21:43:52,758 : INFO : EventManager : Event: ======'player_skillshot_skillshot_sound_loop_tick'====== Args={'value': 0, 'prev_value': 0, 'change': 0, 'player_num': 1}
2026-05-15 21:43:52,758 : INFO : EventManager : Event: ======'player_skillshot_skillshot_shaker_pulse_tick'====== Args={'value': 0, 'prev_value': 0, 'change': 0, 'player_num': 1}
2026-05-15 21:43:52,759 : INFO : EventManager : Event: ======'player_skillshot_skillshot_shaker_idle_tick'====== Args={'value': 0, 'prev_value': 0, 'change': 0, 'player_num': 1}
2026-05-15 21:43:52,759 : INFO : EventManager : Event: ======'player_skillshot_skillshot_left_mig_post_timer_tick'====== Args={'value': 0, 'prev_value': 0, 'change': 0, 'player_num': 1}
2026-05-15 21:43:52,765 : INFO : EventManager : Event: ======'mode_skillshot_starting'====== Args={}
2026-05-15 21:43:52,765 : INFO : Mode.skillshot : Started. Priority: 300
2026-05-15 21:43:52,765 : INFO : EventManager : Event: ======'modes_active_modes_changed'====== Args={}
2026-05-15 21:43:52,765 : INFO : EventManager : Event: ======'mode_skillshot_started'====== Args={}
2026-05-15 21:43:52,765 : INFO : EventManager : Event: ======'player_shot_spinner'====== Args={'value': 1, 'prev_value': 0, 'change': 1, 'player_num': 1}
2026-05-15 21:43:52,765 : INFO : EventManager : Event: ======'player_shot_orbit_upper'====== Args={'value': 1, 'prev_value': 0, 'change': 1, 'player_num': 1}
2026-05-15 21:43:52,766 : INFO : EventManager : Event: ======'player_shot_ramp_inner'====== Args={'value': 1, 'prev_value': 0, 'change': 1, 'player_num': 1}
2026-05-15 21:43:52,766 : INFO : EventManager : Event: ======'skillshot_mig_position_m'====== Args={'priority': 0}
2026-05-15 21:43:52,766 : INFO : EventManager : Event: ======'shaker_shooter_lane_pulse'====== Args={'priority': 0}
2026-05-15 21:43:52,766 : INFO : EventManager : Event: ======'player_pilot_qualifier_paused'====== Args={'value': 1, 'prev_value': 0, 'change': 1, 'player_num': 1, 'source': 'pilot_mission_qualifier'}
2026-05-15 21:43:52,766 : INFO : Timer.skillshot_sound_loop : Starting Timer.
2026-05-15 21:43:52,766 : INFO : EventManager : Event: ======'timer_skillshot_sound_loop_started'====== Args={'ticks': 0, 'ticks_remaining': 999}
2026-05-15 21:43:52,766 : INFO : EventManager : Event: ======'timer_skillshot_sound_loop_tick'====== Args={'ticks': 0, 'ticks_remaining': 999}
2026-05-15 21:43:52,766 : INFO : Timer.skillshot_shaker_pulse : Starting Timer.
2026-05-15 21:43:52,766 : INFO : EventManager : Event: ======'timer_skillshot_shaker_pulse_started'====== Args={'ticks': 0, 'ticks_remaining': 999}
2026-05-15 21:43:52,766 : INFO : EventManager : Event: ======'timer_skillshot_shaker_pulse_tick'====== Args={'ticks': 0, 'ticks_remaining': 999}
2026-05-15 21:43:52,766 : INFO : Timer.skillshot_shaker_idle : Starting Timer.
2026-05-15 21:43:52,767 : INFO : EventManager : Event: ======'timer_skillshot_shaker_idle_started'====== Args={'ticks': 0, 'ticks_remaining': 20}
2026-05-15 21:43:52,767 : INFO : EventManager : Event: ======'timer_skillshot_shaker_idle_tick'====== Args={'ticks': 0, 'ticks_remaining': 20}
2026-05-15 21:43:52,767 : INFO : EventManager : Event: ======'player_shot_mig_lane_left'====== Args={'value': 1, 'prev_value': 0, 'change': 1, 'player_num': 1}
2026-05-15 21:43:52,767 : INFO : EventManager : Event: ======'player_skillshot_mig_position'====== Args={'value': 0, 'prev_value': 0, 'change': 0, 'player_num': 1, 'source': 'skillshot'}
2026-05-15 21:43:52,767 : INFO : EventManager : Event: ======'shaker_shooter_lane_pulse'====== Args={'priority': 0}
2026-05-15 21:43:52,785 : INFO : SwitchController : <<<<<<< 's_trough_2' inactive >>>>>>>
2026-05-15 21:43:52,801 : INFO : SwitchController : <<<<<<< 's_trough_4' inactive >>>>>>>
2026-05-15 21:43:52,801 : INFO : SwitchController : <<<<<<< 's_trough_1' active >>>>>>>
2026-05-15 21:43:52,801 : INFO : EventManager : Event: ======'machine_var_audits_switches_s_trough_1'====== Args={'value': 5667, 'prev_value': 5666, 'change': 1}
2026-05-15 21:43:52,802 : INFO : SwitchController : <<<<<<< 's_trough_3' inactive >>>>>>>
2026-05-15 21:43:52,804 : INFO : EventManager : Event: ======'slide_skillshot_ball_in_shooter_lane_created'====== Args={'_from_bcp': True}
2026-05-15 21:43:52,817 : INFO : SwitchController : <<<<<<< 's_trough_5' inactive >>>>>>>
2026-05-15 21:43:52,833 : INFO : EventManager : Event: ======'spot_topgun_letter'====== Args={'priority': 0}
2026-05-15 21:43:52,833 : INFO : EventManager : Event: ======'player_topgun_shots_collected'====== Args={'value': 3, 'prev_value': 2, 'change': 1, 'player_num': 1, 'source': 'pilot_mission_qualifier'}
2026-05-15 21:43:52,834 : INFO : EventManager : Event: ======'topgun_letter_p_lit'====== Args={'priority': 0}
2026-05-15 21:43:52,834 : INFO : SwitchController : <<<<<<< 's_trough_3' active >>>>>>>
2026-05-15 21:43:52,834 : INFO : EventManager : Event: ======'machine_var_audits_switches_s_trough_3'====== Args={'value': 5735, 'prev_value': 5734, 'change': 1}
2026-05-15 21:43:52,834 : INFO : SwitchController : <<<<<<< 's_trough_2' active >>>>>>>
2026-05-15 21:43:52,834 : INFO : EventManager : Event: ======'machine_var_audits_switches_s_trough_2'====== Args={'value': 5709, 'prev_value': 5708, 'change': 1}
2026-05-15 21:43:52,835 : INFO : SwitchController : <<<<<<< 's_trough_6' inactive >>>>>>>
2026-05-15 21:43:52,843 : INFO : EventManager : Event: ======'slide_topgun_2_removed'====== Args={'_from_bcp': True}
2026-05-15 21:43:52,843 : INFO : SwitchController : <<<<<<< 's_trough_4' active >>>>>>>
2026-05-15 21:43:52,843 : INFO : EventManager : Event: ======'machine_var_audits_switches_s_trough_4'====== Args={'value': 5729, 'prev_value': 5728, 'change': 1}
2026-05-15 21:43:52,856 : INFO : EventManager : Event: ======'slide_topgun_3_created'====== Args={'_from_bcp': True}
2026-05-15 21:43:52,878 : INFO : SwitchController : <<<<<<< 's_trough_5' active >>>>>>>
2026-05-15 21:43:52,878 : INFO : EventManager : Event: ======'machine_var_audits_switches_s_trough_5'====== Args={'value': 5723, 'prev_value': 5722, 'change': 1}
2026-05-15 21:43:52,926 : INFO : EventManager : Event: ======'top_ramp_down'====== Args={'priority': 0}
2026-05-15 21:43:53,068 : INFO : ball_device.bd_plunger : Received ball from <ball_device.bd_trough>
2026-05-15 21:43:53,068 : INFO : EventManager : Event: ======'balldevice_bd_plunger_ball_enter'====== Args={'new_balls': 1, 'unclaimed_balls': 0, 'new_available_balls': 0, 'device': <ball_device.bd_plunger>}
2026-05-15 21:43:53,069 : INFO : EventManager : Event: ======'balldevice_bd_plunger_ball_entered'====== Args={'new_balls': 0, 'device': <ball_device.bd_plunger>}
2026-05-15 21:43:53,069 : INFO : EventManager : Event: ======'balldevice_bd_plunger_ball_count_changed'====== Args={'balls': 1}
2026-05-15 21:43:53,070 : INFO : ball_device.bd_trough : Got eject confirm
2026-05-15 21:43:53,070 : INFO : ball_device.bd_trough : Eject successful
2026-05-15 21:43:53,070 : INFO : EventManager : Event: ======'balldevice_bd_trough_ball_eject_success'====== Args={'balls': 1, 'target': <ball_device.bd_plunger>}
2026-05-15 21:43:53,071 : INFO : ball_device.bd_plunger : State: waiting_for_target_ready
2026-05-15 21:43:53,071 : INFO : EventManager : Event: ======'balldevice_bd_plunger_ball_eject_attempt'====== Args={'balls': 1, 'target': <playfield.playfield>, 'source': <ball_device.bd_plunger>, 'mechanical_eject': True, 'num_attempts': 0}
2026-05-15 21:43:53,071 : INFO : EventManager : Event: ======'balldevice_bd_trough_ball_count_changed'====== Args={'balls': 5}
2026-05-15 21:43:53,071 : INFO : ball_device.bd_trough : State: idle
2026-05-15 21:43:53,072 : INFO : ball_device.bd_plunger : State: ejecting
2026-05-15 21:43:53,072 : INFO : ball_device.bd_plunger : Ejecting ball to <playfield.playfield>
2026-05-15 21:43:53,072 : INFO : EventManager : Event: ======'balldevice_bd_plunger_ejecting_ball'====== Args={'balls': 1, 'target': <playfield.playfield>, 'source': <ball_device.bd_plunger>, 'mechanical_eject': True, 'num_attempts': 0}
2026-05-15 21:43:53,073 : INFO : EventManager : Event: ======'video_idle_start'====== Args={'priority': 0}
2026-05-15 21:43:53,073 : INFO : ball_device.bd_plunger : Wait for ball to leave device
2026-05-15 21:43:53,365 : INFO : SwitchController : <<<<<<< 's_shooter_lane' inactive >>>>>>>
2026-05-15 21:43:53,365 : INFO : EventManager : Event: ======'s_shooter_lane_inactive'====== Args={}
2026-05-15 21:43:53,365 : INFO : EventManager : Event: ======'skillshot_shaker_stop'====== Args={'priority': 0}
2026-05-15 21:43:53,366 : INFO : EventManager : Event: ======'skillshot_activate_left_mig_post'====== Args={'priority': 0}
2026-05-15 21:43:53,366 : INFO : EventManager : Event: ======'ball_save_new_ball_timer_start'====== Args={'priority': 0}
2026-05-15 21:43:53,366 : INFO : Timer.ball_save_auto_plunger_delay : Stopping Timer
2026-05-15 21:43:53,366 : INFO : EventManager : Event: ======'timer_ball_save_auto_plunger_delay_stopped'====== Args={'ticks': 0, 'ticks_remaining': 0}
2026-05-15 21:43:53,366 : INFO : Timer.post_plunge_orbit_lockout : Starting Timer.
2026-05-15 21:43:53,367 : INFO : EventManager : Event: ======'timer_post_plunge_orbit_lockout_started'====== Args={'ticks': 0, 'ticks_remaining': 3}
2026-05-15 21:43:53,367 : INFO : EventManager : Event: ======'timer_post_plunge_orbit_lockout_tick'====== Args={'ticks': 0, 'ticks_remaining': 3}
2026-05-15 21:43:53,367 : INFO : Timer.skillshot : Starting Timer.
2026-05-15 21:43:53,367 : INFO : EventManager : Event: ======'timer_skillshot_started'====== Args={'ticks': 9, 'ticks_remaining': 9}
2026-05-15 21:43:53,367 : INFO : EventManager : Event: ======'timer_skillshot_tick'====== Args={'ticks': 9, 'ticks_remaining': 9}
2026-05-15 21:43:53,367 : INFO : Timer.skillshot_sound_loop : Stopping Timer
2026-05-15 21:43:53,367 : INFO : EventManager : Event: ======'timer_skillshot_sound_loop_stopped'====== Args={'ticks': 0, 'ticks_remaining': 999}
2026-05-15 21:43:53,367 : INFO : Timer.skillshot_shaker_pulse : Stopping Timer
2026-05-15 21:43:53,367 : INFO : EventManager : Event: ======'timer_skillshot_shaker_pulse_stopped'====== Args={'ticks': 0, 'ticks_remaining': 999}
2026-05-15 21:43:53,367 : INFO : Timer.skillshot_shaker_idle : Stopping Timer
2026-05-15 21:43:53,367 : INFO : EventManager : Event: ======'timer_skillshot_shaker_idle_stopped'====== Args={'ticks': 0, 'ticks_remaining': 20}
2026-05-15 21:43:53,367 : INFO : EventManager : Event: ======'video_launch_start'====== Args={'priority': 0}
2026-05-15 21:43:53,367 : INFO : coil.c_left_mig_up_post : Enabling Driver with power 0.25 (pulse_ms 20ms and pulse_power 0.75)
2026-05-15 21:43:53,368 : INFO : Timer.skillshot_left_mig_post_timer : Starting Timer.
2026-05-15 21:43:53,368 : INFO : EventManager : Event: ======'timer_skillshot_left_mig_post_timer_started'====== Args={'ticks': 0, 'ticks_remaining': 3}
2026-05-15 21:43:53,368 : INFO : EventManager : Event: ======'timer_skillshot_left_mig_post_timer_tick'====== Args={'ticks': 0, 'ticks_remaining': 3}
2026-05-15 21:43:53,368 : INFO : EventManager : Event: ======'ball_save_new_ball_save_timer_start'====== Args={}
2026-05-15 21:43:53,368 : INFO : Timer.ball_save_countdown : Starting Timer.
2026-05-15 21:43:53,369 : INFO : EventManager : Event: ======'timer_ball_save_countdown_started'====== Args={'ticks': 20, 'ticks_remaining': 20}
2026-05-15 21:43:53,369 : INFO : EventManager : Event: ======'timer_ball_save_countdown_tick'====== Args={'ticks': 20, 'ticks_remaining': 20}
2026-05-15 21:43:53,369 : INFO : EventManager : Event: ======'ball_save_flash_slow'====== Args={'priority': 0}
2026-05-15 21:43:53,369 : INFO : EventManager : Event: ======'player_ball_save_time_remaining'====== Args={'value': 20, 'prev_value': 0, 'change': 20, 'player_num': 1, 'source': 'ball_save'}
2026-05-15 21:43:53,373 : INFO : ball_device.bd_plunger : State: ball_left
2026-05-15 21:43:53,373 : INFO : ball_device.bd_plunger : Ball left
2026-05-15 21:43:53,373 : INFO : ball_device.bd_plunger : Wait for confirm with timeout 3.0
2026-05-15 21:43:53,376 : INFO : EventManager : Event: ======'slide_skillshot_ball_in_shooter_lane_removed'====== Args={'_from_bcp': True}
2026-05-15 21:43:53,393 : INFO : EventManager : Event: ======'slide_skillshot_ball_launched_created'====== Args={'_from_bcp': True}
2026-05-15 21:43:54,179 : INFO : SwitchController : <<<<<<< 's_orbit_right' active >>>>>>>
2026-05-15 21:43:54,179 : INFO : EventManager : Event: ======'s_orbit_right_active'====== Args={}
2026-05-15 21:43:54,179 : INFO : EventManager : Event: ======'sw_playfield_active'====== Args={}
2026-05-15 21:43:54,179 : INFO : EventManager : Event: ======'machine_var_audits_switches_s_orbit_right'====== Args={'value': 7068, 'prev_value': 7067, 'change': 1}
2026-05-15 21:43:54,180 : INFO : EventManager : Event: ======'restart_right_orbit_lockout_timer'====== Args={'priority': 0}
2026-05-15 21:43:54,180 : INFO : EventManager : Event: ======'player_right_post_locked_out'====== Args={'value': 1, 'prev_value': 0, 'change': 1, 'player_num': 1, 'source': 'iceman_letters'}
2026-05-15 21:43:54,180 : INFO : EventManager : Event: ======'player_hd_sw_orbit_right'====== Args={'value': 1, 'prev_value': 0, 'change': 1, 'player_num': 1, 'source': 'hard_deck_qualifiers'}
2026-05-15 21:43:54,180 : INFO : EventManager : Event: ======'player_score'====== Args={'value': 8000, 'prev_value': 0, 'change': 8000, 'player_num': 1, 'source': 'base'}
2026-05-15 21:43:54,180 : INFO : EventManager : Event: ======'player_bonus_switches_count'====== Args={'value': 1, 'prev_value': 0, 'change': 1, 'player_num': 1, 'source': 'base'}
2026-05-15 21:43:54,181 : INFO : Timer.right_orbit_shot_timeout : Starting Timer.
2026-05-15 21:43:54,181 : INFO : EventManager : Event: ======'timer_right_orbit_shot_timeout_started'====== Args={'ticks': 0, 'ticks_remaining': 3}
2026-05-15 21:43:54,181 : INFO : EventManager : Event: ======'timer_right_orbit_shot_timeout_tick'====== Args={'ticks': 0, 'ticks_remaining': 3}
2026-05-15 21:43:54,181 : INFO : Timer.right_orbit_lockout_timer : Starting Timer.
2026-05-15 21:43:54,181 : INFO : EventManager : Event: ======'timer_right_orbit_lockout_timer_started'====== Args={'ticks': 0, 'ticks_remaining': 3}
2026-05-15 21:43:54,181 : INFO : EventManager : Event: ======'timer_right_orbit_lockout_timer_tick'====== Args={'ticks': 0, 'ticks_remaining': 3}
2026-05-15 21:43:54,181 : INFO : EventManager : Event: ======'playfield_active'====== Args={'source': None}
2026-05-15 21:43:54,288 : INFO : SwitchController : <<<<<<< 's_orbit_right' inactive >>>>>>>
2026-05-15 21:43:54,352 : INFO : EventManager : Event: ======'player_skillshot_skillshot_tick'====== Args={'value': 8, 'prev_value': 9, 'change': -1, 'player_num': 1}
2026-05-15 21:43:54,353 : INFO : EventManager : Event: ======'timer_skillshot_tick'====== Args={'ticks': 8, 'ticks_remaining': 8}
2026-05-15 21:43:54,353 : INFO : EventManager : Event: ======'player_ball_save_ball_save_countdown_tick'====== Args={'value': 19, 'prev_value': 20, 'change': -1, 'player_num': 1}
2026-05-15 21:43:54,353 : INFO : EventManager : Event: ======'timer_ball_save_countdown_tick'====== Args={'ticks': 19, 'ticks_remaining': 19}
2026-05-15 21:43:54,353 : INFO : EventManager : Event: ======'player_skillshot_skillshot_left_mig_post_timer_tick'====== Args={'value': 1, 'prev_value': 0, 'change': 1, 'player_num': 1}
2026-05-15 21:43:54,353 : INFO : EventManager : Event: ======'timer_skillshot_left_mig_post_timer_tick'====== Args={'ticks': 1, 'ticks_remaining': 2}
2026-05-15 21:43:54,354 : INFO : EventManager : Event: ======'player_pilot_mission_qualifier_post_plunge_orbit_lockout_tick'====== Args={'value': 1, 'prev_value': 0, 'change': 1, 'player_num': 1}
2026-05-15 21:43:54,354 : INFO : EventManager : Event: ======'timer_post_plunge_orbit_lockout_tick'====== Args={'ticks': 1, 'ticks_remaining': 2}
2026-05-15 21:43:54,354 : INFO : EventManager : Event: ======'ball_save_flash_slow'====== Args={'priority': 0}
2026-05-15 21:43:54,355 : INFO : EventManager : Event: ======'player_ball_save_time_remaining'====== Args={'value': 19, 'prev_value': 20, 'change': -1, 'player_num': 1, 'source': 'ball_save'}
2026-05-15 21:43:55,181 : INFO : EventManager : Event: ======'player_iceman_letters_right_orbit_lockout_timer_tick'====== Args={'value': 1, 'prev_value': 0, 'change': 1, 'player_num': 1}
2026-05-15 21:43:55,181 : INFO : EventManager : Event: ======'timer_right_orbit_lockout_timer_tick'====== Args={'ticks': 1, 'ticks_remaining': 2}
2026-05-15 21:43:55,181 : INFO : EventManager : Event: ======'player_pilot_mission_qualifier_right_orbit_shot_timeout_tick'====== Args={'value': 1, 'prev_value': 0, 'change': 1, 'player_num': 1}
2026-05-15 21:43:55,182 : INFO : EventManager : Event: ======'timer_right_orbit_shot_timeout_tick'====== Args={'ticks': 1, 'ticks_remaining': 2}
2026-05-15 21:43:55,353 : INFO : EventManager : Event: ======'player_ball_save_ball_save_countdown_tick'====== Args={'value': 18, 'prev_value': 19, 'change': -1, 'player_num': 1}
2026-05-15 21:43:55,353 : INFO : EventManager : Event: ======'timer_ball_save_countdown_tick'====== Args={'ticks': 18, 'ticks_remaining': 18}
2026-05-15 21:43:55,354 : INFO : EventManager : Event: ======'player_pilot_mission_qualifier_post_plunge_orbit_lockout_tick'====== Args={'value': 2, 'prev_value': 1, 'change': 1, 'player_num': 1}
2026-05-15 21:43:55,354 : INFO : EventManager : Event: ======'timer_post_plunge_orbit_lockout_tick'====== Args={'ticks': 2, 'ticks_remaining': 1}
2026-05-15 21:43:55,354 : INFO : EventManager : Event: ======'player_skillshot_skillshot_left_mig_post_timer_tick'====== Args={'value': 2, 'prev_value': 1, 'change': 1, 'player_num': 1}
2026-05-15 21:43:55,354 : INFO : EventManager : Event: ======'timer_skillshot_left_mig_post_timer_tick'====== Args={'ticks': 2, 'ticks_remaining': 1}
2026-05-15 21:43:55,354 : INFO : EventManager : Event: ======'player_skillshot_skillshot_tick'====== Args={'value': 7, 'prev_value': 8, 'change': -1, 'player_num': 1}
2026-05-15 21:43:55,354 : INFO : EventManager : Event: ======'timer_skillshot_tick'====== Args={'ticks': 7, 'ticks_remaining': 7}
2026-05-15 21:43:55,355 : INFO : EventManager : Event: ======'ball_save_flash_slow'====== Args={'priority': 0}
2026-05-15 21:43:55,355 : INFO : EventManager : Event: ======'player_ball_save_time_remaining'====== Args={'value': 18, 'prev_value': 19, 'change': -1, 'player_num': 1, 'source': 'ball_save'}
2026-05-15 21:43:56,184 : INFO : EventManager : Event: ======'player_iceman_letters_right_orbit_lockout_timer_tick'====== Args={'value': 2, 'prev_value': 1, 'change': 1, 'player_num': 1}
2026-05-15 21:43:56,184 : INFO : EventManager : Event: ======'timer_right_orbit_lockout_timer_tick'====== Args={'ticks': 2, 'ticks_remaining': 1}
2026-05-15 21:43:56,184 : INFO : EventManager : Event: ======'player_pilot_mission_qualifier_right_orbit_shot_timeout_tick'====== Args={'value': 2, 'prev_value': 1, 'change': 1, 'player_num': 1}
2026-05-15 21:43:56,185 : INFO : EventManager : Event: ======'timer_right_orbit_shot_timeout_tick'====== Args={'ticks': 2, 'ticks_remaining': 1}
2026-05-15 21:43:56,215 : INFO : SwitchController : <<<<<<< 's_spinner' active >>>>>>>
2026-05-15 21:43:56,215 : INFO : EventManager : Event: ======'playfield_active'====== Args={'source': 'spinner'}
2026-05-15 21:43:56,215 : INFO : EventManager : Event: ======'s_spinner_active'====== Args={}
2026-05-15 21:43:56,215 : INFO : EventManager : Event: ======'sw_playfield_active'====== Args={}
2026-05-15 21:43:56,215 : INFO : EventManager : Event: ======'sw_playfield_active'====== Args={}
2026-05-15 21:43:56,215 : INFO : EventManager : Event: ======'machine_var_audits_switches_s_spinner'====== Args={'value': 66291, 'prev_value': 66290, 'change': 1}
2026-05-15 21:43:56,216 : INFO : EventManager : Event: ======'machine_var_audits_shots_spinner'====== Args={'value': 253, 'prev_value': 252, 'change': 1}
2026-05-15 21:43:56,216 : INFO : EventManager : Event: ======'spinner_hit'====== Args={'profile': 'skill', 'state': 'lit', 'advancing': False}
2026-05-15 21:43:56,216 : INFO : EventManager : Event: ======'spinner_skill_hit'====== Args={'profile': 'skill', 'state': 'lit', 'advancing': False}
2026-05-15 21:43:56,216 : INFO : EventManager : Event: ======'spinner_skill_lit_hit'====== Args={'profile': 'skill', 'state': 'lit', 'advancing': False}
2026-05-15 21:43:56,216 : INFO : EventManager : Event: ======'spinner_lit_hit'====== Args={'profile': 'skill', 'state': 'lit', 'advancing': False}
2026-05-15 21:43:56,216 : INFO : EventManager : Event: ======'player_spinner_spin_count'====== Args={'value': 1, 'prev_value': 0, 'change': 1, 'player_num': 1, 'source': 'pilot_mission_qualifier'}
2026-05-15 21:43:56,216 : INFO : EventManager : Event: ======'player_hd_sw_spinner'====== Args={'value': 1, 'prev_value': 0, 'change': 1, 'player_num': 1, 'source': 'hard_deck_qualifiers'}
2026-05-15 21:43:56,216 : INFO : EventManager : Event: ======'player_score'====== Args={'value': 9000, 'prev_value': 8000, 'change': 1000, 'player_num': 1, 'source': 'base'}
2026-05-15 21:43:56,216 : INFO : EventManager : Event: ======'player_bonus_switches_count'====== Args={'value': 2, 'prev_value': 1, 'change': 1, 'player_num': 1, 'source': 'base'}
2026-05-15 21:43:56,216 : INFO : EventManager : Event: ======'player_spinner_count'====== Args={'value': 1, 'prev_value': 0, 'change': 1, 'player_num': 1, 'source': 'base'}
2026-05-15 21:43:56,218 : INFO : Timer.spinner_inactivity : Starting Timer.
2026-05-15 21:43:56,218 : INFO : EventManager : Event: ======'timer_spinner_inactivity_started'====== Args={'ticks': 2, 'ticks_remaining': 2}
2026-05-15 21:43:56,218 : INFO : EventManager : Event: ======'timer_spinner_inactivity_tick'====== Args={'ticks': 2, 'ticks_remaining': 2}
2026-05-15 21:43:56,218 : INFO : Timer.spinner_shot_timeout : Starting Timer.
2026-05-15 21:43:56,218 : INFO : EventManager : Event: ======'timer_spinner_shot_timeout_started'====== Args={'ticks': 0, 'ticks_remaining': 2}
2026-05-15 21:43:56,218 : INFO : EventManager : Event: ======'timer_spinner_shot_timeout_tick'====== Args={'ticks': 0, 'ticks_remaining': 2}
2026-05-15 21:43:56,218 : INFO : EventManager : Event: ======'skillshot_group_hit'====== Args={'shot': 'spinner'}
2026-05-15 21:43:56,218 : INFO : EventManager : Event: ======'skillshot_group_lit_hit'====== Args={'shot': 'spinner'}
2026-05-15 21:43:56,218 : INFO : EventManager : Event: ======'mode_skillshot_will_stop'====== Args={}
2026-05-15 21:43:56,218 : INFO : EventManager : Event: ======'mode_skillshot_stopping'====== Args={}
2026-05-15 21:43:56,218 : INFO : EventManager : Event: ======'show_skillshot_miramar_video'====== Args={'priority': 0}
2026-05-15 21:43:56,218 : INFO : EventManager : Event: ======'skillshot_show_points'====== Args={'priority': 0}
2026-05-15 21:43:56,218 : INFO : EventManager : Event: ======'skillshot_add_topgun_letter'====== Args={'priority': 0}
2026-05-15 21:43:56,218 : INFO : EventManager : Event: ======'player_score'====== Args={'value': 209000, 'prev_value': 9000, 'change': 200000, 'player_num': 1, 'source': 'skillshot'}
2026-05-15 21:43:56,219 : INFO : EventManager : Event: ======'player_mode_points_scored'====== Args={'value': 200000, 'prev_value': 0, 'change': 200000, 'player_num': 1, 'source': 'skillshot'}
2026-05-15 21:43:56,219 : INFO : EventManager : Event: ======'player_skillshot_count'====== Args={'value': 1, 'prev_value': 0, 'change': 1, 'player_num': 1, 'source': 'skillshot'}
2026-05-15 21:43:56,219 : INFO : EventManager : Event: ======'player_priority'====== Args={'value': 600, 'prev_value': 0, 'change': 600, 'player_num': 1, 'source': 'skillshot'}
2026-05-15 21:43:56,219 : INFO : EventManager : Event: ======'eject_mode_qualified_event'====== Args={'priority': 0}
2026-05-15 21:43:56,219 : INFO : EventManager : Event: ======'player_first_skillshot_made'====== Args={'value': 1, 'prev_value': 0, 'change': 1, 'player_num': 1, 'source': 'goose_letters'}
2026-05-15 21:43:56,219 : INFO : Timer.skillshot_video_running : Starting Timer.
2026-05-15 21:43:56,219 : INFO : EventManager : Event: ======'timer_skillshot_video_running_started'====== Args={'ticks': 0, 'ticks_remaining': 1}
2026-05-15 21:43:56,219 : INFO : EventManager : Event: ======'timer_skillshot_video_running_tick'====== Args={'ticks': 0, 'ticks_remaining': 1}
2026-05-15 21:43:56,219 : INFO : coil.c_left_mig_up_post : Disabling Driver
2026-05-15 21:43:56,219 : INFO : Timer.skillshot : Stopping Timer
2026-05-15 21:43:56,219 : INFO : EventManager : Event: ======'timer_skillshot_stopped'====== Args={'ticks': 7, 'ticks_remaining': 7}
2026-05-15 21:43:56,219 : INFO : Timer.skillshot_sound_loop : Stopping Timer
2026-05-15 21:43:56,219 : INFO : EventManager : Event: ======'timer_skillshot_sound_loop_stopped'====== Args={'ticks': 0, 'ticks_remaining': 999}
2026-05-15 21:43:56,220 : INFO : Timer.skillshot_shaker_pulse : Stopping Timer
2026-05-15 21:43:56,220 : INFO : EventManager : Event: ======'timer_skillshot_shaker_pulse_stopped'====== Args={'ticks': 0, 'ticks_remaining': 999}
2026-05-15 21:43:56,220 : INFO : Timer.skillshot_shaker_idle : Stopping Timer
2026-05-15 21:43:56,220 : INFO : EventManager : Event: ======'timer_skillshot_shaker_idle_stopped'====== Args={'ticks': 0, 'ticks_remaining': 20}
2026-05-15 21:43:56,220 : INFO : Timer.skillshot_left_mig_post_timer : Stopping Timer
2026-05-15 21:43:56,220 : INFO : EventManager : Event: ======'timer_skillshot_left_mig_post_timer_stopped'====== Args={'ticks': 2, 'ticks_remaining': 1}
2026-05-15 21:43:56,220 : INFO : EventManager : Event: ======'player_topgun_shots_collected'====== Args={'value': 4, 'prev_value': 3, 'change': 1, 'player_num': 1, 'source': 'pilot_mission_qualifier'}
2026-05-15 21:43:56,220 : INFO : EventManager : Event: ======'topgun_letter_g_lit'====== Args={'priority': 0}
2026-05-15 21:43:56,220 : INFO : EventManager : Event: ======'player_eject_mode_qualified'====== Args={'value': 1, 'prev_value': 0, 'change': 1, 'player_num': 1, 'source': 'goose_letters'}
2026-05-15 21:43:56,221 : INFO : EventManager : Event: ======'player_topgun_skip_video'====== Args={'value': 1, 'prev_value': 0, 'change': 1, 'player_num': 1, 'source': 'pilot_mission_qualifier'}
2026-05-15 21:43:56,221 : INFO : EventManager : Event: ======'playfield_active'====== Args={'source': None}
2026-05-15 21:43:56,221 : INFO : EventManager : Event: ======'playfield_active'====== Args={'source': None}
2026-05-15 21:43:56,221 : INFO : Mode.skillshot : Stopped.
2026-05-15 21:43:56,221 : INFO : EventManager : Event: ======'modes_active_modes_changed'====== Args={}
2026-05-15 21:43:56,222 : INFO : EventManager : Event: ======'mode_skillshot_stopped'====== Args={}
2026-05-15 21:43:56,222 : INFO : EventManager : Event: ======'clear'====== Args={'key': 'skillshot'}
2026-05-15 21:43:56,222 : INFO : EventManager : Event: ======'player_pilot_qualifier_paused'====== Args={'value': 0, 'prev_value': 1, 'change': -1, 'player_num': 1, 'source': 'pilot_mission_qualifier'}
2026-05-15 21:43:56,222 : INFO : EventManager : Event: ======'update_qualifying_show'====== Args={'priority': 0}
2026-05-15 21:43:56,222 : INFO : EventManager : Event: ======'update_training_qual_lights'====== Args={'priority': 0}
2026-05-15 21:43:56,223 : INFO : Timer.skillshot : Stopping Timer
2026-05-15 21:43:56,223 : INFO : EventManager : Event: ======'timer_skillshot_stopped'====== Args={'ticks': 7, 'ticks_remaining': 7}
2026-05-15 21:43:56,223 : INFO : Timer.skillshot_shaker_idle : Stopping Timer
2026-05-15 21:43:56,223 : INFO : EventManager : Event: ======'timer_skillshot_shaker_idle_stopped'====== Args={'ticks': 0, 'ticks_remaining': 20}
2026-05-15 21:43:56,224 : INFO : Timer.skillshot_sound_loop : Stopping Timer
2026-05-15 21:43:56,224 : INFO : EventManager : Event: ======'timer_skillshot_sound_loop_stopped'====== Args={'ticks': 0, 'ticks_remaining': 999}
2026-05-15 21:43:56,224 : INFO : Timer.skillshot_left_mig_post_timer : Stopping Timer
2026-05-15 21:43:56,224 : INFO : EventManager : Event: ======'timer_skillshot_left_mig_post_timer_stopped'====== Args={'ticks': 2, 'ticks_remaining': 1}
2026-05-15 21:43:56,225 : INFO : Timer.skillshot_shaker_pulse : Stopping Timer
2026-05-15 21:43:56,225 : INFO : EventManager : Event: ======'timer_skillshot_shaker_pulse_stopped'====== Args={'ticks': 0, 'ticks_remaining': 999}
2026-05-15 21:43:56,259 : INFO : EventManager : Event: ======'slide_skillshot_miramar_created'====== Args={'_from_bcp': True}
2026-05-15 21:43:56,278 : INFO : SwitchController : <<<<<<< 's_spinner' inactive >>>>>>>
2026-05-15 21:43:56,280 : INFO : EventManager : Event: ======'slide_mode_points_scored_created'====== Args={'_from_bcp': True}
2026-05-15 21:43:56,281 : INFO : EventManager : Event: ======'slide_mach_1_inactive'====== Args={'is_removing': False, '_from_bcp': True}
2026-05-15 21:43:56,281 : INFO : EventManager : Event: ======'slide_mode_points_scored_active'====== Args={'original_context': 'base', 'original_calling_context': 'skillshot_show_points', 'priority': 100.0, 'cmd': 'slides_play', '_from_bcp': True}
2026-05-15 21:43:56,281 : INFO : EventManager : Event: ======'slide_topgun_3_removed'====== Args={'_from_bcp': True}
2026-05-15 21:43:56,292 : INFO : EventManager : Event: ======'slide_topgun_4_created'====== Args={'_from_bcp': True}
2026-05-15 21:43:56,293 : INFO : EventManager : Event: ======'slide_ejection_shots_completed_removed'====== Args={'_from_bcp': True}
2026-05-15 21:43:56,293 : INFO : EventManager : Event: ======'slide_ejection_shots_needed_removed'====== Args={'_from_bcp': True}
2026-05-15 21:43:56,294 : INFO : EventManager : Event: ======'slide_ejection_seat_active_created'====== Args={'_from_bcp': True}
2026-05-15 21:43:56,315 : INFO : EventManager : Event: ======'slide_ejection_seat_qualified_created'====== Args={'_from_bcp': True}
2026-05-15 21:43:56,316 : INFO : EventManager : Event: ======'slide_skillshot_ball_launched_removed'====== Args={'_from_bcp': True}
2026-05-15 21:43:56,356 : INFO : EventManager : Event: ======'player_ball_save_ball_save_countdown_tick'====== Args={'value': 17, 'prev_value': 18, 'change': -1, 'player_num': 1}
2026-05-15 21:43:56,356 : INFO : EventManager : Event: ======'timer_ball_save_countdown_tick'====== Args={'ticks': 17, 'ticks_remaining': 17}
2026-05-15 21:43:56,358 : INFO : EventManager : Event: ======'player_pilot_mission_qualifier_post_plunge_orbit_lockout_tick'====== Args={'value': 3, 'prev_value': 2, 'change': 1, 'player_num': 1}
2026-05-15 21:43:56,358 : INFO : Timer.post_plunge_orbit_lockout : Timer Complete
2026-05-15 21:43:56,358 : INFO : Timer.post_plunge_orbit_lockout : Stopping Timer
2026-05-15 21:43:56,358 : INFO : EventManager : Event: ======'timer_post_plunge_orbit_lockout_stopped'====== Args={'ticks': 3, 'ticks_remaining': 1}
2026-05-15 21:43:56,358 : INFO : EventManager : Event: ======'timer_post_plunge_orbit_lockout_complete'====== Args={'ticks': 3, 'ticks_remaining': 1}
2026-05-15 21:43:56,358 : INFO : EventManager : Event: ======'ball_save_flash_slow'====== Args={'priority': 0}
2026-05-15 21:43:56,358 : INFO : EventManager : Event: ======'player_ball_save_time_remaining'====== Args={'value': 17, 'prev_value': 18, 'change': -1, 'player_num': 1, 'source': 'ball_save'}
2026-05-15 21:43:56,359 : INFO : ball_device.bd_plunger : State: failed_confirm
2026-05-15 21:43:56,359 : INFO : ball_device.bd_plunger : Got timeout (3.0s) before confirm from <playfield.playfield>
2026-05-15 21:43:56,403 : INFO : EventManager : Event: ======'skillshot_add_topgun_letter'====== Args={'priority': 0}
2026-05-15 21:43:56,403 : INFO : EventManager : Event: ======'player_topgun_shots_collected'====== Args={'value': 5, 'prev_value': 4, 'change': 1, 'player_num': 1, 'source': 'pilot_mission_qualifier'}
2026-05-15 21:43:56,403 : INFO : EventManager : Event: ======'topgun_letter_u_lit'====== Args={'priority': 0}
2026-05-15 21:43:56,418 : INFO : EventManager : Event: ======'slide_topgun_4_removed'====== Args={'_from_bcp': True}
2026-05-15 21:43:56,429 : INFO : EventManager : Event: ======'slide_topgun_5_created'====== Args={'_from_bcp': True}
2026-05-15 21:43:56,451 : INFO : ball_device.bd_plunger : Confirming eject because target is playfield and ball did not return.
2026-05-15 21:43:56,451 : INFO : ball_device.bd_plunger : Eject successful
2026-05-15 21:43:56,451 : INFO : EventManager : Event: ======'balldevice_bd_plunger_ball_eject_success'====== Args={'balls': 1, 'target': <playfield.playfield>}
2026-05-15 21:43:56,452 : INFO : EventManager : Event: ======'balldevice_playfield_ball_enter'====== Args={'new_balls': 1, 'unclaimed_balls': 1, 'device': <playfield.playfield>}
2026-05-15 21:43:56,452 : INFO : EventManager : Event: ======'playfield_ball_count_change'====== Args={'balls': 1, 'change': 1}
2026-05-15 21:43:56,453 : INFO : EventManager : Event: ======'balldevice_bd_plunger_ball_count_changed'====== Args={'balls': 0}
2026-05-15 21:43:56,453 : INFO : ball_device.bd_plunger : State: idle
2026-05-15 21:43:56,607 : INFO : EventManager : Event: ======'skillshot_add_topgun_letter'====== Args={'priority': 0}
2026-05-15 21:43:56,607 : INFO : EventManager : Event: ======'player_topgun_shots_collected'====== Args={'value': 6, 'prev_value': 5, 'change': 1, 'player_num': 1, 'source': 'pilot_mission_qualifier'}
2026-05-15 21:43:56,608 : INFO : EventManager : Event: ======'topgun_letter_n_lit'====== Args={'priority': 0}
2026-05-15 21:43:56,608 : INFO : EventManager : Event: ======'topgun_pick_start'====== Args={'priority': 0}
2026-05-15 21:43:56,608 : INFO : EventManager : Event: ======'topgun_start_no_points_for_second_place'====== Args={}
2026-05-15 21:43:56,609 : INFO : EventManager : Event: ======'qualify_no_points_for_second_place'====== Args={'priority': 0}
2026-05-15 21:43:56,609 : INFO : EventManager : Event: ======'topgun_qualified'====== Args={'priority': 0}
2026-05-15 21:43:56,609 : INFO : EventManager : Event: ======'player_qualified_mode_number'====== Args={'value': 5, 'prev_value': 0, 'change': 5, 'player_num': 1, 'source': 'pilot_mission_qualifier'}
2026-05-15 21:43:56,609 : INFO : EventManager : Event: ======'player_topgun_shots_collected'====== Args={'value': 0, 'prev_value': 6, 'change': -6, 'player_num': 1, 'source': 'pilot_mission_qualifier'}
2026-05-15 21:43:56,609 : INFO : EventManager : Event: ======'player_topgun_letter_t'====== Args={'value': 0, 'prev_value': 0, 'change': 0, 'player_num': 1, 'source': 'pilot_mission_qualifier'}
2026-05-15 21:43:56,609 : INFO : EventManager : Event: ======'player_topgun_letter_o'====== Args={'value': 0, 'prev_value': 0, 'change': 0, 'player_num': 1, 'source': 'pilot_mission_qualifier'}
2026-05-15 21:43:56,609 : INFO : EventManager : Event: ======'player_topgun_letter_p'====== Args={'value': 0, 'prev_value': 0, 'change': 0, 'player_num': 1, 'source': 'pilot_mission_qualifier'}
2026-05-15 21:43:56,610 : INFO : EventManager : Event: ======'player_topgun_letter_g'====== Args={'value': 0, 'prev_value': 0, 'change': 0, 'player_num': 1, 'source': 'pilot_mission_qualifier'}
2026-05-15 21:43:56,610 : INFO : EventManager : Event: ======'player_topgun_letter_u'====== Args={'value': 0, 'prev_value': 0, 'change': 0, 'player_num': 1, 'source': 'pilot_mission_qualifier'}
2026-05-15 21:43:56,610 : INFO : EventManager : Event: ======'player_topgun_letter_n'====== Args={'value': 0, 'prev_value': 0, 'change': 0, 'player_num': 1, 'source': 'pilot_mission_qualifier'}
2026-05-15 21:43:56,610 : INFO : EventManager : Event: ======'update_training_qual_lights'====== Args={'priority': 0}
2026-05-15 21:43:56,611 : INFO : coil.c_mode_barrier : Enabling Driver with power 0.25 (pulse_ms 45ms and pulse_power 0.75)
2026-05-15 21:43:56,611 : INFO : EventManager : Event: ======'update_training_qual_lights'====== Args={'priority': 0}
2026-05-15 21:43:56,612 : INFO : EventManager : Event: ======'player_score'====== Args={'value': 309000, 'prev_value': 209000, 'change': 100000, 'player_num': 1, 'source': 'pilot_mission_qualifier'}
2026-05-15 21:43:56,612 : INFO : EventManager : Event: ======'player_topgun_spinner_hits'====== Args={'value': 0, 'prev_value': 0, 'change': 0, 'player_num': 1, 'source': 'pilot_mission_qualifier'}
2026-05-15 21:43:56,621 : INFO : EventManager : Event: ======'slide_topgun_5_removed'====== Args={'_from_bcp': True}
2026-05-15 21:43:56,633 : INFO : EventManager : Event: ======'slide_topgun_6_created'====== Args={'_from_bcp': True}
2026-05-15 21:43:57,188 : INFO : EventManager : Event: ======'player_iceman_letters_right_orbit_lockout_timer_tick'====== Args={'value': 3, 'prev_value': 2, 'change': 1, 'player_num': 1}
2026-05-15 21:43:57,188 : INFO : Timer.right_orbit_lockout_timer : Timer Complete
2026-05-15 21:43:57,188 : INFO : Timer.right_orbit_lockout_timer : Stopping Timer
2026-05-15 21:43:57,188 : INFO : EventManager : Event: ======'timer_right_orbit_lockout_timer_stopped'====== Args={'ticks': 3, 'ticks_remaining': 1}
2026-05-15 21:43:57,189 : INFO : EventManager : Event: ======'timer_right_orbit_lockout_timer_complete'====== Args={'ticks': 3, 'ticks_remaining': 1}
2026-05-15 21:43:57,189 : INFO : EventManager : Event: ======'player_pilot_mission_qualifier_right_orbit_shot_timeout_tick'====== Args={'value': 3, 'prev_value': 2, 'change': 1, 'player_num': 1}
2026-05-15 21:43:57,189 : INFO : Timer.right_orbit_shot_timeout : Timer Complete
2026-05-15 21:43:57,189 : INFO : Timer.right_orbit_shot_timeout : Stopping Timer
2026-05-15 21:43:57,189 : INFO : EventManager : Event: ======'timer_right_orbit_shot_timeout_stopped'====== Args={'ticks': 3, 'ticks_remaining': 1}
2026-05-15 21:43:57,189 : INFO : EventManager : Event: ======'timer_right_orbit_shot_timeout_complete'====== Args={'ticks': 3, 'ticks_remaining': 1}
2026-05-15 21:43:57,190 : INFO : EventManager : Event: ======'player_right_post_locked_out'====== Args={'value': 0, 'prev_value': 1, 'change': -1, 'player_num': 1, 'source': 'iceman_letters'}
2026-05-15 21:43:57,219 : INFO : EventManager : Event: ======'player_base_spinner_inactivity_tick'====== Args={'value': 1, 'prev_value': 2, 'change': -1, 'player_num': 1}
2026-05-15 21:43:57,220 : INFO : EventManager : Event: ======'timer_spinner_inactivity_tick'====== Args={'ticks': 1, 'ticks_remaining': 1}
2026-05-15 21:43:57,220 : INFO : EventManager : Event: ======'player_pilot_mission_qualifier_spinner_shot_timeout_tick'====== Args={'value': 1, 'prev_value': 0, 'change': 1, 'player_num': 1}
2026-05-15 21:43:57,220 : INFO : EventManager : Event: ======'timer_spinner_shot_timeout_tick'====== Args={'ticks': 1, 'ticks_remaining': 1}
2026-05-15 21:43:57,361 : INFO : EventManager : Event: ======'player_ball_save_ball_save_countdown_tick'====== Args={'value': 16, 'prev_value': 17, 'change': -1, 'player_num': 1}
2026-05-15 21:43:57,363 : INFO : EventManager : Event: ======'timer_ball_save_countdown_tick'====== Args={'ticks': 16, 'ticks_remaining': 16}
2026-05-15 21:43:57,363 : INFO : EventManager : Event: ======'ball_save_flash_slow'====== Args={'priority': 0}
2026-05-15 21:43:57,363 : INFO : EventManager : Event: ======'player_ball_save_time_remaining'====== Args={'value': 16, 'prev_value': 17, 'change': -1, 'player_num': 1, 'source': 'ball_save'}
2026-05-15 21:43:58,221 : INFO : EventManager : Event: ======'player_base_spinner_inactivity_tick'====== Args={'value': 0, 'prev_value': 1, 'change': -1, 'player_num': 1}
2026-05-15 21:43:58,221 : INFO : Timer.spinner_inactivity : Timer Complete
2026-05-15 21:43:58,221 : INFO : Timer.spinner_inactivity : Stopping Timer
2026-05-15 21:43:58,221 : INFO : EventManager : Event: ======'timer_spinner_inactivity_stopped'====== Args={'ticks': 0, 'ticks_remaining': 1}
2026-05-15 21:43:58,222 : INFO : EventManager : Event: ======'timer_spinner_inactivity_complete'====== Args={'ticks': 0, 'ticks_remaining': 1}
2026-05-15 21:43:58,222 : INFO : EventManager : Event: ======'player_pilot_mission_qualifier_spinner_shot_timeout_tick'====== Args={'value': 2, 'prev_value': 1, 'change': 1, 'player_num': 1}
2026-05-15 21:43:58,222 : INFO : Timer.spinner_shot_timeout : Timer Complete
2026-05-15 21:43:58,222 : INFO : Timer.spinner_shot_timeout : Stopping Timer
2026-05-15 21:43:58,222 : INFO : EventManager : Event: ======'timer_spinner_shot_timeout_stopped'====== Args={'ticks': 2, 'ticks_remaining': 1}
2026-05-15 21:43:58,222 : INFO : EventManager : Event: ======'timer_spinner_shot_timeout_complete'====== Args={'ticks': 2, 'ticks_remaining': 1}
2026-05-15 21:43:58,222 : INFO : EventManager : Event: ======'player_spinner_count'====== Args={'value': 0, 'prev_value': 1, 'change': -1, 'player_num': 1, 'source': 'base'}
2026-05-15 21:43:58,222 : INFO : EventManager : Event: ======'player_spinner_spin_count'====== Args={'value': 0, 'prev_value': 1, 'change': -1, 'player_num': 1, 'source': 'pilot_mission_qualifier'}
2026-05-15 21:43:58,223 : INFO : EventManager : Event: ======'player_spinner_shot_locked'====== Args={'value': 0, 'prev_value': 0, 'change': 0, 'player_num': 1, 'source': 'base'}
2026-05-15 21:43:58,293 : INFO : EventManager : Event: ======'slide_mode_points_scored_inactive'====== Args={'is_removing': True, '_from_bcp': True}
2026-05-15 21:43:58,293 : INFO : EventManager : Event: ======'slide_mach_1_active'====== Args={'_from_bcp': True}
2026-05-15 21:43:58,295 : INFO : EventManager : Event: ======'slide_mode_points_scored_removed'====== Args={'_from_bcp': True}
2026-05-15 21:43:58,361 : INFO : EventManager : Event: ======'player_ball_save_ball_save_countdown_tick'====== Args={'value': 15, 'prev_value': 16, 'change': -1, 'player_num': 1}
2026-05-15 21:43:58,362 : INFO : EventManager : Event: ======'timer_ball_save_countdown_tick'====== Args={'ticks': 15, 'ticks_remaining': 15}
2026-05-15 21:43:58,362 : INFO : EventManager : Event: ======'ball_save_flash_slow'====== Args={'priority': 0}
2026-05-15 21:43:58,362 : INFO : EventManager : Event: ======'player_ball_save_time_remaining'====== Args={'value': 15, 'prev_value': 16, 'change': -1, 'player_num': 1, 'source': 'ball_save'}
2026-05-15 21:43:59,349 : INFO : EventManager : Event: ======'player_ball_save_ball_save_countdown_tick'====== Args={'value': 14, 'prev_value': 15, 'change': -1, 'player_num': 1}
2026-05-15 21:43:59,350 : INFO : EventManager : Event: ======'timer_ball_save_countdown_tick'====== Args={'ticks': 14, 'ticks_remaining': 14}
2026-05-15 21:43:59,351 : INFO : EventManager : Event: ======'ball_save_flash_slow'====== Args={'priority': 0}
2026-05-15 21:43:59,351 : INFO : EventManager : Event: ======'player_ball_save_time_remaining'====== Args={'value': 14, 'prev_value': 15, 'change': -1, 'player_num': 1, 'source': 'ball_save'}
2026-05-15 21:43:59,782 : INFO : EventManager : Event: ======'slide_skillshot_miramar_removed'====== Args={'_from_bcp': True}
2026-05-15 21:44:00,362 : INFO : EventManager : Event: ======'player_ball_save_ball_save_countdown_tick'====== Args={'value': 13, 'prev_value': 14, 'change': -1, 'player_num': 1}
2026-05-15 21:44:00,363 : INFO : EventManager : Event: ======'timer_ball_save_countdown_tick'====== Args={'ticks': 13, 'ticks_remaining': 13}
2026-05-15 21:44:00,363 : INFO : EventManager : Event: ======'ball_save_flash_slow'====== Args={'priority': 0}
2026-05-15 21:44:00,363 : INFO : EventManager : Event: ======'player_ball_save_time_remaining'====== Args={'value': 13, 'prev_value': 14, 'change': -1, 'player_num': 1, 'source': 'ball_save'}
2026-05-15 21:44:00,425 : INFO : SwitchController : <<<<<<< 's_outlane_right' active >>>>>>>
2026-05-15 21:44:00,425 : INFO : EventManager : Event: ======'s_outlane_right_active'====== Args={}
2026-05-15 21:44:00,425 : INFO : EventManager : Event: ======'sw_playfield_active'====== Args={}
2026-05-15 21:44:00,426 : INFO : EventManager : Event: ======'sw_playfield_active'====== Args={}
2026-05-15 21:44:00,426 : INFO : EventManager : Event: ======'machine_var_audits_switches_s_outlane_right'====== Args={'value': 2015, 'prev_value': 2014, 'change': 1}
2026-05-15 21:44:00,426 : INFO : EventManager : Event: ======'check_goose_complete'====== Args={'priority': 0}
2026-05-15 21:44:00,427 : INFO : EventManager : Event: ======'player_goose_letter_e'====== Args={'value': 1, 'prev_value': 0, 'change': 1, 'player_num': 1, 'source': 'goose_letters'}
2026-05-15 21:44:00,427 : INFO : EventManager : Event: ======'player_goose_last_letter_collected'====== Args={'value': 3, 'prev_value': 0, 'change': 3, 'player_num': 1, 'source': 'goose_letters'}
2026-05-15 21:44:00,427 : INFO : EventManager : Event: ======'player_score'====== Args={'value': 311000, 'prev_value': 309000, 'change': 2000, 'player_num': 1, 'source': 'base'}
2026-05-15 21:44:00,428 : INFO : EventManager : Event: ======'player_bonus_switches_count'====== Args={'value': 3, 'prev_value': 2, 'change': 1, 'player_num': 1, 'source': 'base'}
2026-05-15 21:44:00,519 : INFO : SwitchController : <<<<<<< 's_outlane_right' inactive >>>>>>>
2026-05-15 21:44:01,351 : INFO : EventManager : Event: ======'player_ball_save_ball_save_countdown_tick'====== Args={'value': 12, 'prev_value': 13, 'change': -1, 'player_num': 1}
2026-05-15 21:44:01,351 : INFO : EventManager : Event: ======'timer_ball_save_countdown_tick'====== Args={'ticks': 12, 'ticks_remaining': 12}
2026-05-15 21:44:01,352 : INFO : EventManager : Event: ======'ball_save_flash_slow'====== Args={'priority': 0}
2026-05-15 21:44:01,352 : INFO : EventManager : Event: ======'player_ball_save_time_remaining'====== Args={'value': 12, 'prev_value': 13, 'change': -1, 'player_num': 1, 'source': 'ball_save'}
2026-05-15 21:44:01,603 : INFO : EventManager : Event: ======'topgun_queue_show_1'====== Args={'priority': 0}
2026-05-15 21:44:01,603 : INFO : EventManager : Event: ======'player_topgun_skip_video'====== Args={'value': 0, 'prev_value': 1, 'change': -1, 'player_num': 1, 'source': 'pilot_mission_qualifier'}
2026-05-15 21:44:02,006 : INFO : SwitchController : <<<<<<< 's_trough_6' active >>>>>>>
2026-05-15 21:44:02,006 : INFO : EventManager : Event: ======'machine_var_audits_switches_s_trough_6'====== Args={'value': 5707, 'prev_value': 5706, 'change': 1}
2026-05-15 21:44:02,320 : INFO : EventManager : Event: ======'balldevice_bd_trough_ball_count_changed'====== Args={'balls': 6}
2026-05-15 21:44:02,321 : INFO : ball_device.bd_trough : Received unexpected ball
2026-05-15 21:44:02,321 : INFO : EventManager : Event: ======'balldevice_captured_from_playfield'====== Args={'balls': 1}
2026-05-15 21:44:02,321 : INFO : EventManager : Event: ======'sw_playfield_active'====== Args={'balls': 1}
2026-05-15 21:44:02,322 : INFO : EventManager : Event: ======'playfield_ball_count_change'====== Args={'balls': 0, 'change': -1}
2026-05-15 21:44:02,322 : INFO : EventManager : Event: ======'balldevice_bd_trough_ball_enter'====== Args={'new_balls': 1, 'unclaimed_balls': 1, 'new_available_balls': 1, 'device': <ball_device.bd_trough>}
2026-05-15 21:44:02,322 : INFO : EventManager : Event: ======'ball_drain'====== Args={'device': <ball_device.bd_trough>, 'balls': 1}
2026-05-15 21:44:02,323 : INFO : EventManager : Event: ======'ball_save_new_ball_save_saving_ball'====== Args={'balls': 1, 'early_save': False}
2026-05-15 21:44:02,323 : INFO : ball_device.bd_plunger : Setting up player-controlled eject. Balls: 1, Target: <playfield.playfield>, player_controlled_eject_event: None
2026-05-15 21:44:02,323 : INFO : EventManager : Event: ======'balldevice_balls_available'====== Args={}
2026-05-15 21:44:02,323 : INFO : EventManager : Event: ======'extra_ball_drain_cleanup'====== Args={'priority': 0}
2026-05-15 21:44:02,323 : INFO : EventManager : Event: ======'ball_saved_scene_play'====== Args={'priority': 0}
2026-05-15 21:44:02,323 : INFO : EventManager : Event: ======'consecutive_save_window_start'====== Args={'priority': 0}
2026-05-15 21:44:02,323 : INFO : EventManager : Event: ======'consecutive_save_did_count'====== Args={'priority': 0}
2026-05-15 21:44:02,323 : INFO : EventManager : Event: ======'player_ball_just_saved'====== Args={'value': 1, 'prev_value': 0, 'change': 1, 'player_num': 1, 'source': 'ball_save'}
2026-05-15 21:44:02,323 : INFO : Timer.consecutive_save_window : Starting Timer.
2026-05-15 21:44:02,323 : INFO : EventManager : Event: ======'timer_consecutive_save_window_started'====== Args={'ticks': 20, 'ticks_remaining': 20}
2026-05-15 21:44:02,323 : INFO : EventManager : Event: ======'timer_consecutive_save_window_tick'====== Args={'ticks': 20, 'ticks_remaining': 20}
2026-05-15 21:44:02,323 : INFO : EventManager : Event: ======'player_consecutive_ball_saves'====== Args={'value': 1, 'prev_value': 0, 'change': 1, 'player_num': 1, 'source': 'ball_save'}
2026-05-15 21:44:02,325 : INFO : coil.c_left_lane_up_post : Disabling Driver
2026-05-15 21:44:02,326 : INFO : EventManager : Event: ======'balldevice_balls_available'====== Args={}
2026-05-15 21:44:02,326 : INFO : EventManager : Event: ======'balldevice_bd_trough_ball_entered'====== Args={'new_balls': 1, 'device': <ball_device.bd_trough>}
2026-05-15 21:44:02,328 : INFO : ball_device.bd_trough : State: waiting_for_target_ready
2026-05-15 21:44:02,329 : INFO : EventManager : Event: ======'balldevice_bd_trough_ball_eject_attempt'====== Args={'balls': 1, 'target': <ball_device.bd_plunger>, 'source': <ball_device.bd_trough>, 'mechanical_eject': True, 'num_attempts': 0}
2026-05-15 21:44:02,329 : INFO : ball_device.bd_plunger : State: waiting_for_ball
2026-05-15 21:44:02,330 : INFO : ball_device.bd_trough : State: ejecting
2026-05-15 21:44:02,330 : INFO : ball_device.bd_trough : Ejecting ball to <ball_device.bd_plunger>
2026-05-15 21:44:02,330 : INFO : EventManager : Event: ======'balldevice_bd_trough_ejecting_ball'====== Args={'balls': 1, 'target': <ball_device.bd_plunger>, 'source': <ball_device.bd_trough>, 'mechanical_eject': True, 'num_attempts': 0}
2026-05-15 21:44:02,332 : INFO : ball_device.bd_trough : Wait for ball to leave device
2026-05-15 21:44:02,332 : INFO : coil.c_trough_eject : Pulsing Driver for 25ms (0.75 pulse_power)
2026-05-15 21:44:02,351 : INFO : EventManager : Event: ======'player_ball_save_ball_save_countdown_tick'====== Args={'value': 11, 'prev_value': 12, 'change': -1, 'player_num': 1}
2026-05-15 21:44:02,351 : INFO : EventManager : Event: ======'timer_ball_save_countdown_tick'====== Args={'ticks': 11, 'ticks_remaining': 11}
2026-05-15 21:44:02,352 : INFO : EventManager : Event: ======'ball_save_flash_slow'====== Args={'priority': 0}
2026-05-15 21:44:02,352 : INFO : EventManager : Event: ======'player_ball_save_time_remaining'====== Args={'value': 11, 'prev_value': 12, 'change': -1, 'player_num': 1, 'source': 'ball_save'}
2026-05-15 21:44:02,353 : INFO : EventManager : Event: ======'slide_ball_saved_created'====== Args={'_from_bcp': True}
2026-05-15 21:44:02,367 : INFO : SwitchController : <<<<<<< 's_trough_1' inactive >>>>>>>
2026-05-15 21:44:02,367 : INFO : SwitchController : <<<<<<< 's_jam' active >>>>>>>
2026-05-15 21:44:02,367 : INFO : EventManager : Event: ======'machine_var_audits_switches_s_jam'====== Args={'value': 5613, 'prev_value': 5612, 'change': 1}
2026-05-15 21:44:02,369 : INFO : ball_device.bd_trough : State: ball_left
2026-05-15 21:44:02,369 : INFO : ball_device.bd_trough : Ball left
2026-05-15 21:44:02,369 : INFO : ball_device.bd_trough : Wait for confirm with timeout 3.0
2026-05-15 21:44:02,398 : INFO : SwitchController : <<<<<<< 's_jam' inactive >>>>>>>
2026-05-15 21:44:02,616 : INFO : SwitchController : <<<<<<< 's_shooter_lane' active >>>>>>>
2026-05-15 21:44:02,617 : INFO : EventManager : Event: ======'s_shooter_lane_active'====== Args={}
2026-05-15 21:44:02,617 : INFO : EventManager : Event: ======'machine_var_audits_switches_s_shooter_lane'====== Args={'value': 6497, 'prev_value': 6496, 'change': 1}
2026-05-15 21:44:02,618 : INFO : Timer.ball_save_auto_plunger_delay : Starting Timer.
2026-05-15 21:44:02,618 : INFO : EventManager : Event: ======'timer_ball_save_auto_plunger_delay_started'====== Args={'ticks': 0, 'ticks_remaining': 5}
2026-05-15 21:44:02,618 : INFO : EventManager : Event: ======'timer_ball_save_auto_plunger_delay_tick'====== Args={'ticks': 0, 'ticks_remaining': 5}
2026-05-15 21:44:02,663 : INFO : SwitchController : <<<<<<< 's_trough_2' inactive >>>>>>>
2026-05-15 21:44:02,679 : INFO : SwitchController : <<<<<<< 's_trough_3' inactive >>>>>>>
2026-05-15 21:44:02,679 : INFO : SwitchController : <<<<<<< 's_trough_4' inactive >>>>>>>
2026-05-15 21:44:02,695 : INFO : SwitchController : <<<<<<< 's_trough_1' active >>>>>>>
2026-05-15 21:44:02,695 : INFO : EventManager : Event: ======'machine_var_audits_switches_s_trough_1'====== Args={'value': 5668, 'prev_value': 5667, 'change': 1}
2026-05-15 21:44:02,696 : INFO : SwitchController : <<<<<<< 's_trough_2' active >>>>>>>
2026-05-15 21:44:02,697 : INFO : EventManager : Event: ======'machine_var_audits_switches_s_trough_2'====== Args={'value': 5710, 'prev_value': 5709, 'change': 1}
2026-05-15 21:44:02,697 : INFO : SwitchController : <<<<<<< 's_trough_5' inactive >>>>>>>
2026-05-15 21:44:02,709 : INFO : EventManager : Event: ======'slide_ejection_seat_qualified_removed'====== Args={'_from_bcp': True}
2026-05-15 21:44:02,710 : INFO : SwitchController : <<<<<<< 's_trough_6' inactive >>>>>>>
2026-05-15 21:44:02,710 : INFO : SwitchController : <<<<<<< 's_trough_3' active >>>>>>>
2026-05-15 21:44:02,710 : INFO : EventManager : Event: ======'machine_var_audits_switches_s_trough_3'====== Args={'value': 5736, 'prev_value': 5735, 'change': 1}
2026-05-15 21:44:02,719 : INFO : EventManager : Event: ======'start_bg_video'====== Args={'_from_bcp': True}
2026-05-15 21:44:02,719 : INFO : EventManager : Event: ======'new_video'====== Args={'_from_bcp': True}
2026-05-15 21:44:02,742 : INFO : SwitchController : <<<<<<< 's_trough_4' active >>>>>>>
2026-05-15 21:44:02,742 : INFO : EventManager : Event: ======'machine_var_audits_switches_s_trough_4'====== Args={'value': 5730, 'prev_value': 5729, 'change': 1}
2026-05-15 21:44:02,743 : INFO : SwitchController : <<<<<<< 's_trough_5' active >>>>>>>
2026-05-15 21:44:02,743 : INFO : EventManager : Event: ======'machine_var_audits_switches_s_trough_5'====== Args={'value': 5724, 'prev_value': 5723, 'change': 1}
2026-05-15 21:44:02,851 : INFO : EventManager : Event: ======'player_ball_save_ball_save_auto_plunger_delay_tick'====== Args={'value': 1, 'prev_value': 0, 'change': 1, 'player_num': 1}
2026-05-15 21:44:02,852 : INFO : EventManager : Event: ======'timer_ball_save_auto_plunger_delay_tick'====== Args={'ticks': 1, 'ticks_remaining': 4}
2026-05-15 21:44:02,929 : INFO : ball_device.bd_plunger : Received ball from <ball_device.bd_trough>
2026-05-15 21:44:02,929 : INFO : EventManager : Event: ======'balldevice_bd_plunger_ball_enter'====== Args={'new_balls': 1, 'unclaimed_balls': 0, 'new_available_balls': 0, 'device': <ball_device.bd_plunger>}
2026-05-15 21:44:02,930 : INFO : EventManager : Event: ======'balldevice_bd_plunger_ball_entered'====== Args={'new_balls': 0, 'device': <ball_device.bd_plunger>}
2026-05-15 21:44:02,931 : INFO : EventManager : Event: ======'balldevice_bd_plunger_ball_count_changed'====== Args={'balls': 1}
2026-05-15 21:44:02,931 : INFO : ball_device.bd_trough : Got eject confirm
2026-05-15 21:44:02,931 : INFO : ball_device.bd_trough : Eject successful
2026-05-15 21:44:02,931 : INFO : EventManager : Event: ======'balldevice_bd_trough_ball_eject_success'====== Args={'balls': 1, 'target': <ball_device.bd_plunger>}
2026-05-15 21:44:02,932 : INFO : ball_device.bd_plunger : State: waiting_for_target_ready
2026-05-15 21:44:02,932 : INFO : EventManager : Event: ======'balldevice_bd_plunger_ball_eject_attempt'====== Args={'balls': 1, 'target': <playfield.playfield>, 'source': <ball_device.bd_plunger>, 'mechanical_eject': True, 'num_attempts': 0}
2026-05-15 21:44:02,933 : INFO : EventManager : Event: ======'balldevice_bd_trough_ball_count_changed'====== Args={'balls': 5}
2026-05-15 21:44:02,933 : INFO : ball_device.bd_trough : State: idle
2026-05-15 21:44:02,933 : INFO : ball_device.bd_plunger : State: ejecting
2026-05-15 21:44:02,933 : INFO : ball_device.bd_plunger : Ejecting ball to <playfield.playfield>
2026-05-15 21:44:02,933 : INFO : EventManager : Event: ======'balldevice_bd_plunger_ejecting_ball'====== Args={'balls': 1, 'target': <playfield.playfield>, 'source': <ball_device.bd_plunger>, 'mechanical_eject': True, 'num_attempts': 0}
2026-05-15 21:44:02,935 : INFO : EventManager : Event: ======'video_idle_start'====== Args={'priority': 0}
2026-05-15 21:44:02,935 : INFO : ball_device.bd_plunger : Wait for ball to leave device
2026-05-15 21:44:03,102 : INFO : EventManager : Event: ======'player_ball_save_ball_save_auto_plunger_delay_tick'====== Args={'value': 2, 'prev_value': 1, 'change': 1, 'player_num': 1}
2026-05-15 21:44:03,103 : INFO : EventManager : Event: ======'timer_ball_save_auto_plunger_delay_tick'====== Args={'ticks': 2, 'ticks_remaining': 3}
2026-05-15 21:44:03,211 : INFO : EventManager : Event: ======'player_pilot_mission_qualifier_skillshot_video_running_tick'====== Args={'value': 1, 'prev_value': 0, 'change': 1, 'player_num': 1}
2026-05-15 21:44:03,211 : INFO : Timer.skillshot_video_running : Timer Complete
2026-05-15 21:44:03,211 : INFO : Timer.skillshot_video_running : Stopping Timer
2026-05-15 21:44:03,213 : INFO : EventManager : Event: ======'timer_skillshot_video_running_stopped'====== Args={'ticks': 1, 'ticks_remaining': 1}
2026-05-15 21:44:03,213 : INFO : EventManager : Event: ======'timer_skillshot_video_running_complete'====== Args={'ticks': 1, 'ticks_remaining': 1}
2026-05-15 21:44:03,307 : INFO : EventManager : Event: ======'player_ball_save_consecutive_save_window_tick'====== Args={'value': 19, 'prev_value': 20, 'change': -1, 'player_num': 1}
2026-05-15 21:44:03,307 : INFO : EventManager : Event: ======'timer_consecutive_save_window_tick'====== Args={'ticks': 19, 'ticks_remaining': 19}
2026-05-15 21:44:03,354 : INFO : EventManager : Event: ======'player_ball_save_ball_save_auto_plunger_delay_tick'====== Args={'value': 3, 'prev_value': 2, 'change': 1, 'player_num': 1}
2026-05-15 21:44:03,355 : INFO : EventManager : Event: ======'timer_ball_save_auto_plunger_delay_tick'====== Args={'ticks': 3, 'ticks_remaining': 2}
2026-05-15 21:44:03,355 : INFO : EventManager : Event: ======'player_ball_save_ball_save_countdown_tick'====== Args={'value': 10, 'prev_value': 11, 'change': -1, 'player_num': 1}
2026-05-15 21:44:03,355 : INFO : EventManager : Event: ======'timer_ball_save_countdown_tick'====== Args={'ticks': 10, 'ticks_remaining': 10}
2026-05-15 21:44:03,356 : INFO : EventManager : Event: ======'ball_save_flash_slow'====== Args={'priority': 0}
2026-05-15 21:44:03,356 : INFO : EventManager : Event: ======'player_ball_save_time_remaining'====== Args={'value': 10, 'prev_value': 11, 'change': -1, 'player_num': 1, 'source': 'ball_save'}
2026-05-15 21:44:03,603 : INFO : EventManager : Event: ======'player_ball_save_ball_save_auto_plunger_delay_tick'====== Args={'value': 4, 'prev_value': 3, 'change': 1, 'player_num': 1}
2026-05-15 21:44:03,604 : INFO : EventManager : Event: ======'timer_ball_save_auto_plunger_delay_tick'====== Args={'ticks': 4, 'ticks_remaining': 1}
2026-05-15 21:44:03,854 : INFO : EventManager : Event: ======'player_ball_save_ball_save_auto_plunger_delay_tick'====== Args={'value': 5, 'prev_value': 4, 'change': 1, 'player_num': 1}
2026-05-15 21:44:03,854 : INFO : Timer.ball_save_auto_plunger_delay : Timer Complete
2026-05-15 21:44:03,855 : INFO : Timer.ball_save_auto_plunger_delay : Stopping Timer
2026-05-15 21:44:03,855 : INFO : EventManager : Event: ======'timer_ball_save_auto_plunger_delay_stopped'====== Args={'ticks': 5, 'ticks_remaining': 1}
2026-05-15 21:44:03,855 : INFO : EventManager : Event: ======'timer_ball_save_auto_plunger_delay_complete'====== Args={'ticks': 5, 'ticks_remaining': 1}
2026-05-15 21:44:03,855 : INFO : coil.c_plunger : Pulsing Driver for 26ms (0.5 pulse_power)
2026-05-15 21:44:04,040 : INFO : SwitchController : <<<<<<< 's_shooter_lane' inactive >>>>>>>
2026-05-15 21:44:04,040 : INFO : EventManager : Event: ======'s_shooter_lane_inactive'====== Args={}
2026-05-15 21:44:04,040 : INFO : EventManager : Event: ======'ball_save_new_ball_timer_start'====== Args={'priority': 0}
2026-05-15 21:44:04,040 : INFO : EventManager : Event: ======'player_ball_just_saved'====== Args={'value': 0, 'prev_value': 1, 'change': -1, 'player_num': 1, 'source': 'ball_save'}
2026-05-15 21:44:04,041 : INFO : Timer.ball_save_auto_plunger_delay : Stopping Timer
2026-05-15 21:44:04,041 : INFO : EventManager : Event: ======'timer_ball_save_auto_plunger_delay_stopped'====== Args={'ticks': 5, 'ticks_remaining': 1}
2026-05-15 21:44:04,041 : INFO : EventManager : Event: ======'player_pilot_mission_qualifier_post_plunge_orbit_lockout_tick'====== Args={'value': 0, 'prev_value': 3, 'change': -3, 'player_num': 1}
2026-05-15 21:44:04,041 : INFO : Timer.post_plunge_orbit_lockout : Starting Timer.
2026-05-15 21:44:04,041 : INFO : EventManager : Event: ======'timer_post_plunge_orbit_lockout_started'====== Args={'ticks': 0, 'ticks_remaining': 3}
2026-05-15 21:44:04,041 : INFO : EventManager : Event: ======'timer_post_plunge_orbit_lockout_tick'====== Args={'ticks': 0, 'ticks_remaining': 3}
2026-05-15 21:44:04,041 : INFO : EventManager : Event: ======'video_launch_start'====== Args={'priority': 0}
2026-05-15 21:44:04,044 : INFO : ball_device.bd_plunger : State: ball_left
2026-05-15 21:44:04,044 : INFO : ball_device.bd_plunger : Ball left
2026-05-15 21:44:04,044 : INFO : ball_device.bd_plunger : Wait for confirm with timeout 3.0
2026-05-15 21:44:04,305 : INFO : EventManager : Event: ======'player_ball_save_consecutive_save_window_tick'====== Args={'value': 18, 'prev_value': 19, 'change': -1, 'player_num': 1}
2026-05-15 21:44:04,305 : INFO : EventManager : Event: ======'timer_consecutive_save_window_tick'====== Args={'ticks': 18, 'ticks_remaining': 18}
2026-05-15 21:44:04,352 : INFO : EventManager : Event: ======'player_ball_save_ball_save_countdown_tick'====== Args={'value': 9, 'prev_value': 10, 'change': -1, 'player_num': 1}
2026-05-15 21:44:04,353 : INFO : EventManager : Event: ======'timer_ball_save_countdown_tick'====== Args={'ticks': 9, 'ticks_remaining': 9}
2026-05-15 21:44:04,353 : INFO : EventManager : Event: ======'ball_save_flash_slow'====== Args={'priority': 0}
2026-05-15 21:44:04,353 : INFO : EventManager : Event: ======'player_ball_save_time_remaining'====== Args={'value': 9, 'prev_value': 10, 'change': -1, 'player_num': 1, 'source': 'ball_save'}
2026-05-15 21:44:04,462 : INFO : SwitchController : <<<<<<< 's_lane_right' active >>>>>>>
2026-05-15 21:44:04,462 : INFO : EventManager : Event: ======'s_lane_right_active'====== Args={}
2026-05-15 21:44:04,462 : INFO : EventManager : Event: ======'sw_playfield_active'====== Args={}
2026-05-15 21:44:04,462 : INFO : EventManager : Event: ======'machine_var_audits_switches_s_lane_right'====== Args={'value': 4780, 'prev_value': 4779, 'change': 1}
2026-05-15 21:44:04,463 : INFO : EventManager : Event: ======'player_score'====== Args={'value': 316000, 'prev_value': 311000, 'change': 5000, 'player_num': 1, 'source': 'base'}
2026-05-15 21:44:04,464 : INFO : EventManager : Event: ======'player_bonus_switches_count'====== Args={'value': 4, 'prev_value': 3, 'change': 1, 'player_num': 1, 'source': 'base'}
2026-05-15 21:44:04,464 : INFO : EventManager : Event: ======'playfield_active'====== Args={'source': None}
2026-05-15 21:44:04,618 : INFO : SwitchController : <<<<<<< 's_lane_right' inactive >>>>>>>
2026-05-15 21:44:05,029 : INFO : EventManager : Event: ======'player_pilot_mission_qualifier_post_plunge_orbit_lockout_tick'====== Args={'value': 1, 'prev_value': 0, 'change': 1, 'player_num': 1}
2026-05-15 21:44:05,029 : INFO : EventManager : Event: ======'timer_post_plunge_orbit_lockout_tick'====== Args={'ticks': 1, 'ticks_remaining': 2}
2026-05-15 21:44:05,045 : INFO : SwitchController : <<<<<<< 's_lane_right' active >>>>>>>
2026-05-15 21:44:05,045 : INFO : EventManager : Event: ======'s_lane_right_active'====== Args={}
2026-05-15 21:44:05,045 : INFO : EventManager : Event: ======'sw_playfield_active'====== Args={}
2026-05-15 21:44:05,045 : INFO : EventManager : Event: ======'machine_var_audits_switches_s_lane_right'====== Args={'value': 4781, 'prev_value': 4780, 'change': 1}
2026-05-15 21:44:05,045 : INFO : EventManager : Event: ======'player_score'====== Args={'value': 321000, 'prev_value': 316000, 'change': 5000, 'player_num': 1, 'source': 'base'}
2026-05-15 21:44:05,045 : INFO : EventManager : Event: ======'player_bonus_switches_count'====== Args={'value': 5, 'prev_value': 4, 'change': 1, 'player_num': 1, 'source': 'base'}
2026-05-15 21:44:05,046 : INFO : EventManager : Event: ======'playfield_active'====== Args={'source': None}
2026-05-15 21:44:05,173 : INFO : EventManager : Event: ======'slide_ball_saved_removed'====== Args={'_from_bcp': True}
2026-05-15 21:44:05,178 : INFO : EventManager : Event: ======'start_bg_video'====== Args={'_from_bcp': True}
2026-05-15 21:44:05,179 : INFO : EventManager : Event: ======'new_video'====== Args={'_from_bcp': True}
2026-05-15 21:44:05,220 : INFO : SwitchController : <<<<<<< 's_lane_right' inactive >>>>>>>
2026-05-15 21:44:05,313 : INFO : EventManager : Event: ======'player_ball_save_consecutive_save_window_tick'====== Args={'value': 17, 'prev_value': 18, 'change': -1, 'player_num': 1}
2026-05-15 21:44:05,313 : INFO : EventManager : Event: ======'timer_consecutive_save_window_tick'====== Args={'ticks': 17, 'ticks_remaining': 17}
2026-05-15 21:44:05,361 : INFO : EventManager : Event: ======'player_ball_save_ball_save_countdown_tick'====== Args={'value': 8, 'prev_value': 9, 'change': -1, 'player_num': 1}
2026-05-15 21:44:05,361 : INFO : EventManager : Event: ======'timer_ball_save_countdown_tick'====== Args={'ticks': 8, 'ticks_remaining': 8}
2026-05-15 21:44:05,362 : INFO : EventManager : Event: ======'ball_save_flash_medium_slow'====== Args={'priority': 0}
2026-05-15 21:44:05,362 : INFO : EventManager : Event: ======'player_ball_save_time_remaining'====== Args={'value': 8, 'prev_value': 9, 'change': -1, 'player_num': 1, 'source': 'ball_save'}
2026-05-15 21:44:05,987 : INFO : SwitchController : <<<<<<< 's_flipper_right' active >>>>>>>
2026-05-15 21:44:05,987 : INFO : EventManager : Event: ======'s_flipper_right_active'====== Args={}
2026-05-15 21:44:05,987 : INFO : EventManager : Event: ======'machine_var_audits_switches_s_flipper_right'====== Args={'value': 55626, 'prev_value': 55625, 'change': 1}
2026-05-15 21:44:05,988 : INFO : EventManager : Event: ======'goose_rotate_right_execute'====== Args={'priority': 0}
2026-05-15 21:44:05,988 : INFO : EventManager : Event: ======'player_goose_temp_g'====== Args={'value': 0, 'prev_value': 0, 'change': 0, 'player_num': 1, 'source': 'goose_letters'}
2026-05-15 21:44:05,989 : INFO : EventManager : Event: ======'player_goose_temp_o_left'====== Args={'value': 0, 'prev_value': 0, 'change': 0, 'player_num': 1, 'source': 'goose_letters'}
2026-05-15 21:44:05,989 : INFO : EventManager : Event: ======'player_goose_temp_e'====== Args={'value': 1, 'prev_value': 0, 'change': 1, 'player_num': 1, 'source': 'goose_letters'}
2026-05-15 21:44:05,989 : INFO : EventManager : Event: ======'player_goose_temp_o_right'====== Args={'value': 0, 'prev_value': 0, 'change': 0, 'player_num': 1, 'source': 'goose_letters'}
2026-05-15 21:44:05,989 : INFO : EventManager : Event: ======'player_goose_temp_s'====== Args={'value': 0, 'prev_value': 0, 'change': 0, 'player_num': 1, 'source': 'goose_letters'}
2026-05-15 21:44:05,989 : INFO : EventManager : Event: ======'player_missile_temp_g'====== Args={'value': 0, 'prev_value': 0, 'change': 0, 'player_num': 1, 'source': 'goose_letters'}
2026-05-15 21:44:05,989 : INFO : EventManager : Event: ======'player_missile_temp_o_left'====== Args={'value': 0, 'prev_value': 0, 'change': 0, 'player_num': 1, 'source': 'goose_letters'}
2026-05-15 21:44:05,989 : INFO : EventManager : Event: ======'player_missile_temp_e'====== Args={'value': 0, 'prev_value': 0, 'change': 0, 'player_num': 1, 'source': 'goose_letters'}
2026-05-15 21:44:05,989 : INFO : EventManager : Event: ======'player_missile_temp_o_right'====== Args={'value': 0, 'prev_value': 0, 'change': 0, 'player_num': 1, 'source': 'goose_letters'}
2026-05-15 21:44:05,989 : INFO : EventManager : Event: ======'player_missile_temp_s'====== Args={'value': 0, 'prev_value': 0, 'change': 0, 'player_num': 1, 'source': 'goose_letters'}
2026-05-15 21:44:05,990 : INFO : EventManager : Event: ======'mig_rotate_right_execute'====== Args={'priority': 0}
2026-05-15 21:44:05,990 : INFO : EventManager : Event: ======'player_mig_temp_m'====== Args={'value': 0, 'prev_value': 0, 'change': 0, 'player_num': 1, 'source': 'mig_letters'}
2026-05-15 21:44:05,990 : INFO : EventManager : Event: ======'player_mig_temp_i'====== Args={'value': 0, 'prev_value': 0, 'change': 0, 'player_num': 1, 'source': 'mig_letters'}
2026-05-15 21:44:05,990 : INFO : EventManager : Event: ======'player_mig_temp_g'====== Args={'value': 0, 'prev_value': 0, 'change': 0, 'player_num': 1, 'source': 'mig_letters'}
2026-05-15 21:44:05,990 : INFO : EventManager : Event: ======'ball_search_reset'====== Args={'priority': 0}
2026-05-15 21:44:05,990 : INFO : EventManager : Event: ======'player_goose_letter_g'====== Args={'value': 1, 'prev_value': 0, 'change': 1, 'player_num': 1, 'source': 'goose_letters'}
2026-05-15 21:44:05,990 : INFO : EventManager : Event: ======'player_goose_letter_e'====== Args={'value': 0, 'prev_value': 1, 'change': -1, 'player_num': 1, 'source': 'goose_letters'}
2026-05-15 21:44:05,990 : INFO : EventManager : Event: ======'player_goose_letter_s'====== Args={'value': 0, 'prev_value': 0, 'change': 0, 'player_num': 1, 'source': 'goose_letters'}
2026-05-15 21:44:05,991 : INFO : EventManager : Event: ======'player_goose_letter_o_right'====== Args={'value': 0, 'prev_value': 0, 'change': 0, 'player_num': 1, 'source': 'goose_letters'}
2026-05-15 21:44:05,991 : INFO : EventManager : Event: ======'player_goose_letter_o_left'====== Args={'value': 0, 'prev_value': 0, 'change': 0, 'player_num': 1, 'source': 'goose_letters'}
2026-05-15 21:44:05,991 : INFO : EventManager : Event: ======'player_missile_pos_g'====== Args={'value': 0, 'prev_value': 0, 'change': 0, 'player_num': 1, 'source': 'goose_letters'}
2026-05-15 21:44:05,991 : INFO : EventManager : Event: ======'player_missile_pos_e'====== Args={'value': 0, 'prev_value': 0, 'change': 0, 'player_num': 1, 'source': 'goose_letters'}
2026-05-15 21:44:05,991 : INFO : EventManager : Event: ======'player_missile_pos_s'====== Args={'value': 0, 'prev_value': 0, 'change': 0, 'player_num': 1, 'source': 'goose_letters'}
2026-05-15 21:44:05,991 : INFO : EventManager : Event: ======'player_missile_pos_o_right'====== Args={'value': 0, 'prev_value': 0, 'change': 0, 'player_num': 1, 'source': 'goose_letters'}
2026-05-15 21:44:05,991 : INFO : EventManager : Event: ======'player_missile_pos_o_left'====== Args={'value': 0, 'prev_value': 0, 'change': 0, 'player_num': 1, 'source': 'goose_letters'}
2026-05-15 21:44:05,992 : INFO : EventManager : Event: ======'player_mig_letter_m'====== Args={'value': 0, 'prev_value': 0, 'change': 0, 'player_num': 1, 'source': 'mig_letters'}
2026-05-15 21:44:05,992 : INFO : EventManager : Event: ======'player_mig_letter_g'====== Args={'value': 0, 'prev_value': 0, 'change': 0, 'player_num': 1, 'source': 'mig_letters'}
2026-05-15 21:44:05,992 : INFO : EventManager : Event: ======'player_mig_letter_i'====== Args={'value': 0, 'prev_value': 0, 'change': 0, 'player_num': 1, 'source': 'mig_letters'}
2026-05-15 21:44:06,003 : INFO : SwitchController : <<<<<<< 's_flipper_right_eos' active >>>>>>>
2026-05-15 21:44:06,003 : INFO : EventManager : Event: ======'machine_var_audits_switches_s_flipper_right_eos'====== Args={'value': 50043, 'prev_value': 50042, 'change': 1}
2026-05-15 21:44:06,018 : INFO : EventManager : Event: ======'player_pilot_mission_qualifier_post_plunge_orbit_lockout_tick'====== Args={'value': 2, 'prev_value': 1, 'change': 1, 'player_num': 1}
2026-05-15 21:44:06,018 : INFO : EventManager : Event: ======'timer_post_plunge_orbit_lockout_tick'====== Args={'ticks': 2, 'ticks_remaining': 1}
2026-05-15 21:44:06,113 : INFO : SwitchController : <<<<<<< 's_flipper_right' inactive >>>>>>>
2026-05-15 21:44:06,113 : INFO : EventManager : Event: ======'s_flipper_right_inactive'====== Args={}
2026-05-15 21:44:06,207 : INFO : SwitchController : <<<<<<< 's_flipper_right_eos' inactive >>>>>>>
2026-05-15 21:44:06,303 : INFO : EventManager : Event: ======'player_ball_save_consecutive_save_window_tick'====== Args={'value': 16, 'prev_value': 17, 'change': -1, 'player_num': 1}
2026-05-15 21:44:06,303 : INFO : EventManager : Event: ======'timer_consecutive_save_window_tick'====== Args={'ticks': 16, 'ticks_remaining': 16}
2026-05-15 21:44:06,350 : INFO : EventManager : Event: ======'player_ball_save_ball_save_countdown_tick'====== Args={'value': 7, 'prev_value': 8, 'change': -1, 'player_num': 1}
2026-05-15 21:44:06,350 : INFO : EventManager : Event: ======'timer_ball_save_countdown_tick'====== Args={'ticks': 7, 'ticks_remaining': 7}
2026-05-15 21:44:06,351 : INFO : EventManager : Event: ======'ball_save_flash_medium_slow'====== Args={'priority': 0}
2026-05-15 21:44:06,351 : INFO : EventManager : Event: ======'player_ball_save_time_remaining'====== Args={'value': 7, 'prev_value': 8, 'change': -1, 'player_num': 1, 'source': 'ball_save'}
2026-05-15 21:44:06,382 : INFO : SwitchController : <<<<<<< 's_slingshot_left' active >>>>>>>
2026-05-15 21:44:06,382 : INFO : EventManager : Event: ======'s_slingshot_left_active'====== Args={}
2026-05-15 21:44:06,382 : INFO : EventManager : Event: ======'sw_playfield_active'====== Args={}
2026-05-15 21:44:06,383 : INFO : EventManager : Event: ======'playfield_active'====== Args={'source': 'sling_left'}
2026-05-15 21:44:06,383 : INFO : EventManager : Event: ======'machine_var_audits_switches_s_slingshot_left'====== Args={'value': 6398, 'prev_value': 6397, 'change': 1}
2026-05-15 21:44:06,384 : INFO : EventManager : Event: ======'player_hd_sw_sling_left'====== Args={'value': 1, 'prev_value': 0, 'change': 1, 'player_num': 1, 'source': 'hard_deck_qualifiers'}
2026-05-15 21:44:06,384 : INFO : EventManager : Event: ======'player_score'====== Args={'value': 321500, 'prev_value': 321000, 'change': 500, 'player_num': 1, 'source': 'base'}
2026-05-15 21:44:06,384 : INFO : EventManager : Event: ======'player_bonus_switches_count'====== Args={'value': 6, 'prev_value': 5, 'change': 1, 'player_num': 1, 'source': 'base'}
2026-05-15 21:44:06,385 : INFO : EventManager : Event: ======'playfield_active'====== Args={'source': None}
2026-05-15 21:44:06,397 : INFO : SwitchController : <<<<<<< 's_slingshot_left' inactive >>>>>>>
2026-05-15 21:44:06,745 : INFO : SwitchController : <<<<<<< 's_slingshot_left' active >>>>>>>
2026-05-15 21:44:06,745 : INFO : EventManager : Event: ======'s_slingshot_left_active'====== Args={}
2026-05-15 21:44:06,745 : INFO : EventManager : Event: ======'sw_playfield_active'====== Args={}
2026-05-15 21:44:06,745 : INFO : EventManager : Event: ======'playfield_active'====== Args={'source': 'sling_left'}
2026-05-15 21:44:06,745 : INFO : EventManager : Event: ======'machine_var_audits_switches_s_slingshot_left'====== Args={'value': 6399, 'prev_value': 6398, 'change': 1}
2026-05-15 21:44:06,746 : INFO : SwitchController : <<<<<<< 's_slingshot_left' inactive >>>>>>>
2026-05-15 21:44:06,747 : INFO : EventManager : Event: ======'player_hd_sw_sling_left'====== Args={'value': 2, 'prev_value': 1, 'change': 1, 'player_num': 1, 'source': 'hard_deck_qualifiers'}
2026-05-15 21:44:06,747 : INFO : EventManager : Event: ======'player_score'====== Args={'value': 322000, 'prev_value': 321500, 'change': 500, 'player_num': 1, 'source': 'base'}
2026-05-15 21:44:06,747 : INFO : EventManager : Event: ======'player_bonus_switches_count'====== Args={'value': 7, 'prev_value': 6, 'change': 1, 'player_num': 1, 'source': 'base'}
2026-05-15 21:44:06,747 : INFO : EventManager : Event: ======'player_hd_switches_completed'====== Args={'value': 1, 'prev_value': 0, 'change': 1, 'player_num': 1, 'source': 'hard_deck_qualifiers'}
2026-05-15 21:44:06,747 : INFO : EventManager : Event: ======'playfield_active'====== Args={'source': None}
2026-05-15 21:44:07,026 : INFO : EventManager : Event: ======'player_pilot_mission_qualifier_post_plunge_orbit_lockout_tick'====== Args={'value': 3, 'prev_value': 2, 'change': 1, 'player_num': 1}
2026-05-15 21:44:07,026 : INFO : Timer.post_plunge_orbit_lockout : Timer Complete
2026-05-15 21:44:07,026 : INFO : Timer.post_plunge_orbit_lockout : Stopping Timer
2026-05-15 21:44:07,026 : INFO : EventManager : Event: ======'timer_post_plunge_orbit_lockout_stopped'====== Args={'ticks': 3, 'ticks_remaining': 1}
2026-05-15 21:44:07,026 : INFO : EventManager : Event: ======'timer_post_plunge_orbit_lockout_complete'====== Args={'ticks': 3, 'ticks_remaining': 1}
2026-05-15 21:44:07,027 : INFO : ball_device.bd_plunger : State: failed_confirm
2026-05-15 21:44:07,027 : INFO : ball_device.bd_plunger : Got timeout (3.0s) before confirm from <playfield.playfield>
2026-05-15 21:44:07,041 : INFO : SwitchController : <<<<<<< 's_slingshot_right' active >>>>>>>
2026-05-15 21:44:07,041 : INFO : EventManager : Event: ======'s_slingshot_right_active'====== Args={}
2026-05-15 21:44:07,041 : INFO : EventManager : Event: ======'sw_playfield_active'====== Args={}
2026-05-15 21:44:07,041 : INFO : EventManager : Event: ======'playfield_active'====== Args={'source': 'sling_right'}
2026-05-15 21:44:07,041 : INFO : EventManager : Event: ======'machine_var_audits_switches_s_slingshot_right'====== Args={'value': 4558, 'prev_value': 4557, 'change': 1}
2026-05-15 21:44:07,042 : INFO : SwitchController : <<<<<<< 's_slingshot_right' inactive >>>>>>>
2026-05-15 21:44:07,042 : INFO : EventManager : Event: ======'player_hd_sw_sling_right'====== Args={'value': 1, 'prev_value': 0, 'change': 1, 'player_num': 1, 'source': 'hard_deck_qualifiers'}
2026-05-15 21:44:07,042 : INFO : EventManager : Event: ======'player_score'====== Args={'value': 322500, 'prev_value': 322000, 'change': 500, 'player_num': 1, 'source': 'base'}
2026-05-15 21:44:07,042 : INFO : EventManager : Event: ======'player_bonus_switches_count'====== Args={'value': 8, 'prev_value': 7, 'change': 1, 'player_num': 1, 'source': 'base'}
2026-05-15 21:44:07,042 : INFO : EventManager : Event: ======'playfield_active'====== Args={'source': None}
2026-05-15 21:44:07,120 : INFO : ball_device.bd_plunger : Confirming eject because target is playfield and ball did not return.
2026-05-15 21:44:07,120 : INFO : ball_device.bd_plunger : Eject successful
2026-05-15 21:44:07,120 : INFO : EventManager : Event: ======'balldevice_bd_plunger_ball_eject_success'====== Args={'balls': 1, 'target': <playfield.playfield>}
2026-05-15 21:44:07,121 : INFO : EventManager : Event: ======'balldevice_playfield_ball_enter'====== Args={'new_balls': 1, 'unclaimed_balls': 1, 'device': <playfield.playfield>}
2026-05-15 21:44:07,121 : INFO : EventManager : Event: ======'playfield_ball_count_change'====== Args={'balls': 1, 'change': 1}
2026-05-15 21:44:07,123 : INFO : EventManager : Event: ======'balldevice_bd_plunger_ball_count_changed'====== Args={'balls': 0}
2026-05-15 21:44:07,123 : INFO : ball_device.bd_plunger : State: idle
2026-05-15 21:44:07,309 : INFO : EventManager : Event: ======'player_ball_save_consecutive_save_window_tick'====== Args={'value': 15, 'prev_value': 16, 'change': -1, 'player_num': 1}
2026-05-15 21:44:07,309 : INFO : EventManager : Event: ======'timer_consecutive_save_window_tick'====== Args={'ticks': 15, 'ticks_remaining': 15}
2026-05-15 21:44:07,355 : INFO : EventManager : Event: ======'player_ball_save_ball_save_countdown_tick'====== Args={'value': 6, 'prev_value': 7, 'change': -1, 'player_num': 1}
2026-05-15 21:44:07,355 : INFO : EventManager : Event: ======'timer_ball_save_countdown_tick'====== Args={'ticks': 6, 'ticks_remaining': 6}
2026-05-15 21:44:07,357 : INFO : EventManager : Event: ======'ball_save_flash_medium'====== Args={'priority': 0}
2026-05-15 21:44:07,357 : INFO : EventManager : Event: ======'player_ball_save_time_remaining'====== Args={'value': 6, 'prev_value': 7, 'change': -1, 'player_num': 1, 'source': 'ball_save'}
2026-05-15 21:44:08,313 : INFO : EventManager : Event: ======'player_ball_save_consecutive_save_window_tick'====== Args={'value': 14, 'prev_value': 15, 'change': -1, 'player_num': 1}
2026-05-15 21:44:08,313 : INFO : EventManager : Event: ======'timer_consecutive_save_window_tick'====== Args={'ticks': 14, 'ticks_remaining': 14}
2026-05-15 21:44:08,361 : INFO : EventManager : Event: ======'player_ball_save_ball_save_countdown_tick'====== Args={'value': 5, 'prev_value': 6, 'change': -1, 'player_num': 1}
2026-05-15 21:44:08,361 : INFO : EventManager : Event: ======'timer_ball_save_countdown_tick'====== Args={'ticks': 5, 'ticks_remaining': 5}
2026-05-15 21:44:08,362 : INFO : EventManager : Event: ======'ball_save_flash_medium'====== Args={'priority': 0}
2026-05-15 21:44:08,362 : INFO : EventManager : Event: ======'player_ball_save_time_remaining'====== Args={'value': 5, 'prev_value': 6, 'change': -1, 'player_num': 1, 'source': 'ball_save'}
2026-05-15 21:44:09,115 : INFO : SwitchController : <<<<<<< 's_outlane_left' active >>>>>>>
2026-05-15 21:44:09,115 : INFO : EventManager : Event: ======'s_outlane_left_active'====== Args={}
2026-05-15 21:44:09,115 : INFO : EventManager : Event: ======'sw_playfield_active'====== Args={}
2026-05-15 21:44:09,115 : INFO : EventManager : Event: ======'sw_playfield_active'====== Args={}
2026-05-15 21:44:09,115 : INFO : EventManager : Event: ======'machine_var_audits_switches_s_outlane_left'====== Args={'value': 1809, 'prev_value': 1808, 'change': 1}
2026-05-15 21:44:09,117 : INFO : EventManager : Event: ======'start_mode_ejection_seat'====== Args={'priority': 0}
2026-05-15 21:44:09,117 : INFO : EventManager : Event: ======'player_score'====== Args={'value': 324500, 'prev_value': 322500, 'change': 2000, 'player_num': 1, 'source': 'base'}
2026-05-15 21:44:09,117 : INFO : EventManager : Event: ======'player_bonus_switches_count'====== Args={'value': 9, 'prev_value': 8, 'change': 1, 'player_num': 1, 'source': 'base'}
2026-05-15 21:44:09,117 : INFO : EventManager : Event: ======'mode_ejection_seat_will_start'====== Args={'priority': 0}
2026-05-15 21:44:09,118 : INFO : EventManager : Event: ======'player_ejection_seat_ejection_activation_delay_tick'====== Args={'value': 0, 'prev_value': 0, 'change': 0, 'player_num': 1}
2026-05-15 21:44:09,118 : INFO : EventManager : Event: ======'player_ejection_seat_ejection_flipper_window_tick'====== Args={'value': 0, 'prev_value': 0, 'change': 0, 'player_num': 1}
2026-05-15 21:44:09,119 : INFO : EventManager : Event: ======'player_ejection_seat_ejection_safety_timeout_tick'====== Args={'value': 0, 'prev_value': 0, 'change': 0, 'player_num': 1}
2026-05-15 21:44:09,119 : INFO : EventManager : Event: ======'player_ejection_seat_ejection_fling_drop_delay_tick'====== Args={'value': 0, 'prev_value': 0, 'change': 0, 'player_num': 1}
2026-05-15 21:44:09,119 : INFO : EventManager : Event: ======'player_ejection_seat_ejection_fling_pull_duration_tick'====== Args={'value': 0, 'prev_value': 0, 'change': 0, 'player_num': 1}
2026-05-15 21:44:09,119 : INFO : EventManager : Event: ======'player_ejection_seat_ejection_success_cleanup_delay_tick'====== Args={'value': 0, 'prev_value': 0, 'change': 0, 'player_num': 1}
2026-05-15 21:44:09,120 : INFO : EventManager : Event: ======'player_ejection_seat_ejection_failed_cleanup_delay_tick'====== Args={'value': 0, 'prev_value': 0, 'change': 0, 'player_num': 1}
2026-05-15 21:44:09,120 : INFO : EventManager : Event: ======'player_ejection_seat_ejection_seat_drain_delay_tick'====== Args={'value': 0, 'prev_value': 0, 'change': 0, 'player_num': 1}
2026-05-15 21:44:09,123 : INFO : EventManager : Event: ======'mode_ejection_seat_starting'====== Args={'priority': 0}
2026-05-15 21:44:09,123 : INFO : Mode.ejection_seat : Started. Priority: 600
2026-05-15 21:44:09,123 : INFO : EventManager : Event: ======'modes_active_modes_changed'====== Args={}
2026-05-15 21:44:09,123 : INFO : EventManager : Event: ======'mode_ejection_seat_started'====== Args={'priority': 0}
2026-05-15 21:44:09,123 : INFO : EventManager : Event: ======'ejection_seat_ball_save_blocked'====== Args={'priority': 0}
2026-05-15 21:44:09,123 : INFO : EventManager : Event: ======'ejection_seat_cleanup_complete'====== Args={'priority': 0}
2026-05-15 21:44:09,123 : INFO : EventManager : Event: ======'player_eject_mode_qualified'====== Args={'value': 0, 'prev_value': 1, 'change': -1, 'player_num': 1, 'source': 'goose_letters'}
2026-05-15 21:44:09,123 : INFO : Timer.ejection_activation_delay : Starting Timer.
2026-05-15 21:44:09,123 : INFO : EventManager : Event: ======'timer_ejection_activation_delay_started'====== Args={'ticks': 0, 'ticks_remaining': 500}
2026-05-15 21:44:09,123 : INFO : EventManager : Event: ======'timer_ejection_activation_delay_tick'====== Args={'ticks': 0, 'ticks_remaining': 500}
2026-05-15 21:44:09,123 : INFO : EventManager : Event: ======'player_eject_mode_qualified'====== Args={'value': 1, 'prev_value': 0, 'change': 1, 'player_num': 1, 'source': 'ejection_seat'}
2026-05-15 21:44:09,124 : INFO : EventManager : Event: ======'mode_ejection_seat_will_stop'====== Args={}
2026-05-15 21:44:09,124 : INFO : EventManager : Event: ======'mode_ejection_seat_stopping'====== Args={}
2026-05-15 21:44:09,124 : INFO : Mode.ejection_seat : Stopped.
2026-05-15 21:44:09,124 : INFO : EventManager : Event: ======'modes_active_modes_changed'====== Args={}
2026-05-15 21:44:09,124 : INFO : EventManager : Event: ======'mode_ejection_seat_stopped'====== Args={}
2026-05-15 21:44:09,124 : INFO : EventManager : Event: ======'clear'====== Args={'key': 'ejection_seat'}
2026-05-15 21:44:09,124 : INFO : Timer.ejection_safety_timeout : Stopping Timer
2026-05-15 21:44:09,124 : INFO : EventManager : Event: ======'timer_ejection_safety_timeout_stopped'====== Args={'ticks': 0, 'ticks_remaining': 0}
2026-05-15 21:44:09,124 : INFO : Timer.ejection_success_cleanup_delay : Stopping Timer
2026-05-15 21:44:09,124 : INFO : EventManager : Event: ======'timer_ejection_success_cleanup_delay_stopped'====== Args={'ticks': 0, 'ticks_remaining': 0}
2026-05-15 21:44:09,124 : INFO : Timer.ejection_activation_delay : Stopping Timer
2026-05-15 21:44:09,124 : INFO : EventManager : Event: ======'timer_ejection_activation_delay_stopped'====== Args={'ticks': 0, 'ticks_remaining': 500}
2026-05-15 21:44:09,124 : INFO : Timer.ejection_fling_drop_delay : Stopping Timer
2026-05-15 21:44:09,124 : INFO : EventManager : Event: ======'timer_ejection_fling_drop_delay_stopped'====== Args={'ticks': 0, 'ticks_remaining': 0}
2026-05-15 21:44:09,126 : INFO : Timer.ejection_failed_cleanup_delay : Stopping Timer
2026-05-15 21:44:09,126 : INFO : EventManager : Event: ======'timer_ejection_failed_cleanup_delay_stopped'====== Args={'ticks': 0, 'ticks_remaining': 0}
2026-05-15 21:44:09,126 : INFO : Timer.ejection_flipper_window : Stopping Timer
2026-05-15 21:44:09,126 : INFO : EventManager : Event: ======'timer_ejection_flipper_window_stopped'====== Args={'ticks': 0, 'ticks_remaining': 0}
2026-05-15 21:44:09,126 : INFO : Timer.ejection_fling_pull_duration : Stopping Timer
2026-05-15 21:44:09,126 : INFO : EventManager : Event: ======'timer_ejection_fling_pull_duration_stopped'====== Args={'ticks': 0, 'ticks_remaining': 0}
2026-05-15 21:44:09,126 : INFO : Timer.ejection_seat_drain_delay : Stopping Timer
2026-05-15 21:44:09,126 : INFO : EventManager : Event: ======'timer_ejection_seat_drain_delay_stopped'====== Args={'ticks': 0, 'ticks_remaining': 0}
2026-05-15 21:44:09,157 : INFO : EventManager : Event: ======'slide_eject_created'====== Args={'_from_bcp': True}
2026-05-15 21:44:09,157 : INFO : EventManager : Event: ======'slide_mach_1_inactive'====== Args={'is_removing': False, '_from_bcp': True}
2026-05-15 21:44:09,158 : INFO : EventManager : Event: ======'slide_eject_active'====== Args={'original_context': 'ejection_seat', 'original_calling_context': 'mode_ejection_seat_started', 'priority': 600.0, 'cmd': 'slides_play', '_from_bcp': True}
2026-05-15 21:44:09,158 : INFO : EventManager : Event: ======'slide_ejection_seat_active_removed'====== Args={'_from_bcp': True}
2026-05-15 21:44:09,158 : INFO : EventManager : Event: ======'slide_ejection_shots_completed_created'====== Args={'_from_bcp': True}
2026-05-15 21:44:09,159 : INFO : EventManager : Event: ======'slide_ejection_shots_needed_created'====== Args={'_from_bcp': True}
2026-05-15 21:44:09,159 : INFO : EventManager : Event: ======'slide_eject_inactive'====== Args={'is_removing': True, '_from_bcp': True}
2026-05-15 21:44:09,159 : INFO : EventManager : Event: ======'slide_mach_1_active'====== Args={'_from_bcp': True}
2026-05-15 21:44:09,169 : INFO : EventManager : Event: ======'slide_eject_removed'====== Args={'_from_bcp': True}
2026-05-15 21:44:09,210 : INFO : SwitchController : <<<<<<< 's_outlane_left' inactive >>>>>>>
2026-05-15 21:44:09,304 : INFO : EventManager : Event: ======'player_ball_save_consecutive_save_window_tick'====== Args={'value': 13, 'prev_value': 14, 'change': -1, 'player_num': 1}
2026-05-15 21:44:09,304 : INFO : EventManager : Event: ======'timer_consecutive_save_window_tick'====== Args={'ticks': 13, 'ticks_remaining': 13}
2026-05-15 21:44:09,351 : INFO : EventManager : Event: ======'player_ball_save_ball_save_countdown_tick'====== Args={'value': 4, 'prev_value': 5, 'change': -1, 'player_num': 1}
2026-05-15 21:44:09,352 : INFO : EventManager : Event: ======'timer_ball_save_countdown_tick'====== Args={'ticks': 4, 'ticks_remaining': 4}
2026-05-15 21:44:09,352 : INFO : EventManager : Event: ======'ball_save_flash_fast'====== Args={'priority': 0}
2026-05-15 21:44:09,352 : INFO : EventManager : Event: ======'player_ball_save_time_remaining'====== Args={'value': 4, 'prev_value': 5, 'change': -1, 'player_num': 1, 'source': 'ball_save'}
2026-05-15 21:44:10,097 : INFO : SwitchController : <<<<<<< 's_trough_6' active >>>>>>>
2026-05-15 21:44:10,097 : INFO : EventManager : Event: ======'machine_var_audits_switches_s_trough_6'====== Args={'value': 5708, 'prev_value': 5707, 'change': 1}
2026-05-15 21:44:10,300 : INFO : EventManager : Event: ======'player_ball_save_consecutive_save_window_tick'====== Args={'value': 12, 'prev_value': 13, 'change': -1, 'player_num': 1}
2026-05-15 21:44:10,300 : INFO : EventManager : Event: ======'timer_consecutive_save_window_tick'====== Args={'ticks': 12, 'ticks_remaining': 12}
2026-05-15 21:44:10,346 : INFO : EventManager : Event: ======'player_ball_save_ball_save_countdown_tick'====== Args={'value': 3, 'prev_value': 4, 'change': -1, 'player_num': 1}
2026-05-15 21:44:10,346 : INFO : EventManager : Event: ======'timer_ball_save_countdown_tick'====== Args={'ticks': 3, 'ticks_remaining': 3}
2026-05-15 21:44:10,347 : INFO : EventManager : Event: ======'ball_save_flash_fast'====== Args={'priority': 0}
2026-05-15 21:44:10,347 : INFO : EventManager : Event: ======'player_ball_save_time_remaining'====== Args={'value': 3, 'prev_value': 4, 'change': -1, 'player_num': 1, 'source': 'ball_save'}
2026-05-15 21:44:10,409 : INFO : EventManager : Event: ======'balldevice_bd_trough_ball_count_changed'====== Args={'balls': 6}
2026-05-15 21:44:10,410 : INFO : ball_device.bd_trough : Received unexpected ball
2026-05-15 21:44:10,410 : INFO : EventManager : Event: ======'balldevice_captured_from_playfield'====== Args={'balls': 1}
2026-05-15 21:44:10,410 : INFO : EventManager : Event: ======'sw_playfield_active'====== Args={'balls': 1}
2026-05-15 21:44:10,410 : INFO : EventManager : Event: ======'playfield_ball_count_change'====== Args={'balls': 0, 'change': -1}
2026-05-15 21:44:10,411 : INFO : EventManager : Event: ======'balldevice_bd_trough_ball_enter'====== Args={'new_balls': 1, 'unclaimed_balls': 1, 'new_available_balls': 1, 'device': <ball_device.bd_trough>}
2026-05-15 21:44:10,411 : INFO : EventManager : Event: ======'ball_drain'====== Args={'device': <ball_device.bd_trough>, 'balls': 1}
2026-05-15 21:44:10,412 : INFO : EventManager : Event: ======'ball_save_new_ball_save_saving_ball'====== Args={'balls': 1, 'early_save': False}
2026-05-15 21:44:10,412 : INFO : ball_device.bd_plunger : Setting up player-controlled eject. Balls: 1, Target: <playfield.playfield>, player_controlled_eject_event: None
2026-05-15 21:44:10,412 : INFO : EventManager : Event: ======'balldevice_balls_available'====== Args={}
2026-05-15 21:44:10,412 : INFO : EventManager : Event: ======'extra_ball_drain_cleanup'====== Args={'priority': 0}
2026-05-15 21:44:10,412 : INFO : EventManager : Event: ======'ball_saved_2_scene_play'====== Args={'priority': 0}
2026-05-15 21:44:10,412 : INFO : EventManager : Event: ======'consecutive_save_did_count'====== Args={'priority': 0}
2026-05-15 21:44:10,412 : INFO : EventManager : Event: ======'player_ball_just_saved'====== Args={'value': 1, 'prev_value': 0, 'change': 1, 'player_num': 1, 'source': 'ball_save'}
2026-05-15 21:44:10,413 : INFO : EventManager : Event: ======'player_consecutive_ball_saves'====== Args={'value': 2, 'prev_value': 1, 'change': 1, 'player_num': 1, 'source': 'ball_save'}
2026-05-15 21:44:10,413 : INFO : coil.c_left_lane_up_post : Disabling Driver
2026-05-15 21:44:10,413 : INFO : EventManager : Event: ======'balldevice_balls_available'====== Args={}
2026-05-15 21:44:10,413 : INFO : EventManager : Event: ======'balldevice_bd_trough_ball_entered'====== Args={'new_balls': 1, 'device': <ball_device.bd_trough>}
2026-05-15 21:44:10,416 : INFO : ball_device.bd_trough : State: waiting_for_target_ready
2026-05-15 21:44:10,416 : INFO : EventManager : Event: ======'balldevice_bd_trough_ball_eject_attempt'====== Args={'balls': 1, 'target': <ball_device.bd_plunger>, 'source': <ball_device.bd_trough>, 'mechanical_eject': True, 'num_attempts': 0}
2026-05-15 21:44:10,416 : INFO : ball_device.bd_plunger : State: waiting_for_ball
2026-05-15 21:44:10,417 : INFO : ball_device.bd_trough : State: ejecting
2026-05-15 21:44:10,418 : INFO : ball_device.bd_trough : Ejecting ball to <ball_device.bd_plunger>
2026-05-15 21:44:10,418 : INFO : EventManager : Event: ======'balldevice_bd_trough_ejecting_ball'====== Args={'balls': 1, 'target': <ball_device.bd_plunger>, 'source': <ball_device.bd_trough>, 'mechanical_eject': True, 'num_attempts': 0}
2026-05-15 21:44:10,419 : INFO : ball_device.bd_trough : Wait for ball to leave device
2026-05-15 21:44:10,419 : INFO : coil.c_trough_eject : Pulsing Driver for 25ms (0.75 pulse_power)
2026-05-15 21:44:10,455 : INFO : SwitchController : <<<<<<< 's_trough_1' inactive >>>>>>>
2026-05-15 21:44:10,455 : INFO : SwitchController : <<<<<<< 's_jam' active >>>>>>>
2026-05-15 21:44:10,455 : INFO : EventManager : Event: ======'machine_var_audits_switches_s_jam'====== Args={'value': 5614, 'prev_value': 5613, 'change': 1}
2026-05-15 21:44:10,457 : INFO : ball_device.bd_trough : State: ball_left
2026-05-15 21:44:10,457 : INFO : ball_device.bd_trough : Ball left
2026-05-15 21:44:10,457 : INFO : ball_device.bd_trough : Wait for confirm with timeout 3.0
2026-05-15 21:44:10,471 : INFO : SwitchController : <<<<<<< 's_jam' inactive >>>>>>>
2026-05-15 21:44:10,489 : INFO : EventManager : Event: ======'slide_ball_saved_2_created'====== Args={'_from_bcp': True}
2026-05-15 21:44:10,706 : INFO : SwitchController : <<<<<<< 's_shooter_lane' active >>>>>>>
2026-05-15 21:44:10,706 : INFO : EventManager : Event: ======'s_shooter_lane_active'====== Args={}
2026-05-15 21:44:10,706 : INFO : EventManager : Event: ======'machine_var_audits_switches_s_shooter_lane'====== Args={'value': 6498, 'prev_value': 6497, 'change': 1}
2026-05-15 21:44:10,708 : INFO : EventManager : Event: ======'player_ball_save_ball_save_auto_plunger_delay_tick'====== Args={'value': 0, 'prev_value': 5, 'change': -5, 'player_num': 1}
2026-05-15 21:44:10,708 : INFO : Timer.ball_save_auto_plunger_delay : Starting Timer.
2026-05-15 21:44:10,708 : INFO : EventManager : Event: ======'timer_ball_save_auto_plunger_delay_started'====== Args={'ticks': 0, 'ticks_remaining': 5}
2026-05-15 21:44:10,708 : INFO : EventManager : Event: ======'timer_ball_save_auto_plunger_delay_tick'====== Args={'ticks': 0, 'ticks_remaining': 5}
2026-05-15 21:44:10,752 : INFO : SwitchController : <<<<<<< 's_trough_5' inactive >>>>>>>
2026-05-15 21:44:10,752 : INFO : SwitchController : <<<<<<< 's_trough_3' inactive >>>>>>>
2026-05-15 21:44:10,753 : INFO : SwitchController : <<<<<<< 's_trough_4' inactive >>>>>>>
2026-05-15 21:44:10,753 : INFO : SwitchController : <<<<<<< 's_trough_2' inactive >>>>>>>
2026-05-15 21:44:10,768 : INFO : SwitchController : <<<<<<< 's_trough_6' inactive >>>>>>>
2026-05-15 21:44:10,768 : INFO : SwitchController : <<<<<<< 's_trough_1' active >>>>>>>
2026-05-15 21:44:10,768 : INFO : EventManager : Event: ======'machine_var_audits_switches_s_trough_1'====== Args={'value': 5669, 'prev_value': 5668, 'change': 1}
2026-05-15 21:44:10,784 : INFO : SwitchController : <<<<<<< 's_trough_2' active >>>>>>>
2026-05-15 21:44:10,784 : INFO : EventManager : Event: ======'machine_var_audits_switches_s_trough_2'====== Args={'value': 5711, 'prev_value': 5710, 'change': 1}
2026-05-15 21:44:10,785 : INFO : SwitchController : <<<<<<< 's_trough_4' active >>>>>>>
2026-05-15 21:44:10,785 : INFO : EventManager : Event: ======'machine_var_audits_switches_s_trough_4'====== Args={'value': 5731, 'prev_value': 5730, 'change': 1}
2026-05-15 21:44:10,785 : INFO : SwitchController : <<<<<<< 's_trough_3' active >>>>>>>
2026-05-15 21:44:10,785 : INFO : EventManager : Event: ======'machine_var_audits_switches_s_trough_3'====== Args={'value': 5737, 'prev_value': 5736, 'change': 1}
2026-05-15 21:44:10,800 : INFO : SwitchController : <<<<<<< 's_trough_5' active >>>>>>>
2026-05-15 21:44:10,800 : INFO : EventManager : Event: ======'machine_var_audits_switches_s_trough_5'====== Args={'value': 5725, 'prev_value': 5724, 'change': 1}
2026-05-15 21:44:10,958 : INFO : EventManager : Event: ======'player_ball_save_ball_save_auto_plunger_delay_tick'====== Args={'value': 1, 'prev_value': 0, 'change': 1, 'player_num': 1}
2026-05-15 21:44:10,959 : INFO : EventManager : Event: ======'timer_ball_save_auto_plunger_delay_tick'====== Args={'ticks': 1, 'ticks_remaining': 4}
2026-05-15 21:44:11,022 : INFO : ball_device.bd_plunger : Received ball from <ball_device.bd_trough>
2026-05-15 21:44:11,022 : INFO : EventManager : Event: ======'balldevice_bd_plunger_ball_enter'====== Args={'new_balls': 1, 'unclaimed_balls': 0, 'new_available_balls': 0, 'device': <ball_device.bd_plunger>}
2026-05-15 21:44:11,023 : INFO : EventManager : Event: ======'balldevice_bd_plunger_ball_entered'====== Args={'new_balls': 0, 'device': <ball_device.bd_plunger>}
2026-05-15 21:44:11,023 : INFO : EventManager : Event: ======'balldevice_bd_plunger_ball_count_changed'====== Args={'balls': 1}
2026-05-15 21:44:11,023 : INFO : ball_device.bd_trough : Got eject confirm
2026-05-15 21:44:11,024 : INFO : ball_device.bd_trough : Eject successful
2026-05-15 21:44:11,024 : INFO : EventManager : Event: ======'balldevice_bd_trough_ball_eject_success'====== Args={'balls': 1, 'target': <ball_device.bd_plunger>}
2026-05-15 21:44:11,024 : INFO : ball_device.bd_plunger : State: waiting_for_target_ready
2026-05-15 21:44:11,024 : INFO : EventManager : Event: ======'balldevice_bd_plunger_ball_eject_attempt'====== Args={'balls': 1, 'target': <playfield.playfield>, 'source': <ball_device.bd_plunger>, 'mechanical_eject': True, 'num_attempts': 0}
2026-05-15 21:44:11,026 : INFO : EventManager : Event: ======'balldevice_bd_trough_ball_count_changed'====== Args={'balls': 5}
2026-05-15 21:44:11,026 : INFO : ball_device.bd_trough : State: idle
2026-05-15 21:44:11,026 : INFO : ball_device.bd_plunger : State: ejecting
2026-05-15 21:44:11,027 : INFO : ball_device.bd_plunger : Ejecting ball to <playfield.playfield>
2026-05-15 21:44:11,027 : INFO : EventManager : Event: ======'balldevice_bd_plunger_ejecting_ball'====== Args={'balls': 1, 'target': <playfield.playfield>, 'source': <ball_device.bd_plunger>, 'mechanical_eject': True, 'num_attempts': 0}
2026-05-15 21:44:11,027 : INFO : EventManager : Event: ======'video_idle_start'====== Args={'priority': 0}
2026-05-15 21:44:11,028 : INFO : ball_device.bd_plunger : Wait for ball to leave device
2026-05-15 21:44:11,207 : INFO : EventManager : Event: ======'player_ball_save_ball_save_auto_plunger_delay_tick'====== Args={'value': 2, 'prev_value': 1, 'change': 1, 'player_num': 1}
2026-05-15 21:44:11,208 : INFO : EventManager : Event: ======'timer_ball_save_auto_plunger_delay_tick'====== Args={'ticks': 2, 'ticks_remaining': 3}
2026-05-15 21:44:11,301 : INFO : EventManager : Event: ======'player_ball_save_consecutive_save_window_tick'====== Args={'value': 11, 'prev_value': 12, 'change': -1, 'player_num': 1}
2026-05-15 21:44:11,301 : INFO : EventManager : Event: ======'timer_consecutive_save_window_tick'====== Args={'ticks': 11, 'ticks_remaining': 11}
2026-05-15 21:44:11,348 : INFO : EventManager : Event: ======'player_ball_save_ball_save_countdown_tick'====== Args={'value': 2, 'prev_value': 3, 'change': -1, 'player_num': 1}
2026-05-15 21:44:11,348 : INFO : EventManager : Event: ======'timer_ball_save_countdown_tick'====== Args={'ticks': 2, 'ticks_remaining': 2}
2026-05-15 21:44:11,348 : INFO : EventManager : Event: ======'ball_save_new_ball_save_hurry_up'====== Args={}
2026-05-15 21:44:11,349 : INFO : EventManager : Event: ======'ball_save_flash_off'====== Args={'priority': 0}
2026-05-15 21:44:11,349 : INFO : EventManager : Event: ======'player_ball_save_time_remaining'====== Args={'value': 2, 'prev_value': 3, 'change': -1, 'player_num': 1, 'source': 'ball_save'}
2026-05-15 21:44:11,458 : INFO : EventManager : Event: ======'player_ball_save_ball_save_auto_plunger_delay_tick'====== Args={'value': 3, 'prev_value': 2, 'change': 1, 'player_num': 1}
2026-05-15 21:44:11,458 : INFO : EventManager : Event: ======'timer_ball_save_auto_plunger_delay_tick'====== Args={'ticks': 3, 'ticks_remaining': 2}
2026-05-15 21:44:11,708 : INFO : EventManager : Event: ======'player_ball_save_ball_save_auto_plunger_delay_tick'====== Args={'value': 4, 'prev_value': 3, 'change': 1, 'player_num': 1}
2026-05-15 21:44:11,709 : INFO : EventManager : Event: ======'timer_ball_save_auto_plunger_delay_tick'====== Args={'ticks': 4, 'ticks_remaining': 1}
2026-05-15 21:44:11,957 : INFO : EventManager : Event: ======'player_ball_save_ball_save_auto_plunger_delay_tick'====== Args={'value': 5, 'prev_value': 4, 'change': 1, 'player_num': 1}
2026-05-15 21:44:11,957 : INFO : Timer.ball_save_auto_plunger_delay : Timer Complete
2026-05-15 21:44:11,959 : INFO : Timer.ball_save_auto_plunger_delay : Stopping Timer
2026-05-15 21:44:11,959 : INFO : EventManager : Event: ======'timer_ball_save_auto_plunger_delay_stopped'====== Args={'ticks': 5, 'ticks_remaining': 1}
2026-05-15 21:44:11,959 : INFO : EventManager : Event: ======'timer_ball_save_auto_plunger_delay_complete'====== Args={'ticks': 5, 'ticks_remaining': 1}
2026-05-15 21:44:11,959 : INFO : coil.c_plunger : Pulsing Driver for 26ms (0.5 pulse_power)
2026-05-15 21:44:12,146 : INFO : SwitchController : <<<<<<< 's_shooter_lane' inactive >>>>>>>
2026-05-15 21:44:12,146 : INFO : EventManager : Event: ======'s_shooter_lane_inactive'====== Args={}
2026-05-15 21:44:12,147 : INFO : EventManager : Event: ======'ball_save_new_ball_timer_start'====== Args={'priority': 0}
2026-05-15 21:44:12,147 : INFO : EventManager : Event: ======'player_ball_just_saved'====== Args={'value': 0, 'prev_value': 1, 'change': -1, 'player_num': 1, 'source': 'ball_save'}
2026-05-15 21:44:12,147 : INFO : Timer.ball_save_auto_plunger_delay : Stopping Timer
2026-05-15 21:44:12,147 : INFO : EventManager : Event: ======'timer_ball_save_auto_plunger_delay_stopped'====== Args={'ticks': 5, 'ticks_remaining': 1}
2026-05-15 21:44:12,147 : INFO : EventManager : Event: ======'player_pilot_mission_qualifier_post_plunge_orbit_lockout_tick'====== Args={'value': 0, 'prev_value': 3, 'change': -3, 'player_num': 1}
2026-05-15 21:44:12,147 : INFO : Timer.post_plunge_orbit_lockout : Starting Timer.
2026-05-15 21:44:12,147 : INFO : EventManager : Event: ======'timer_post_plunge_orbit_lockout_started'====== Args={'ticks': 0, 'ticks_remaining': 3}
2026-05-15 21:44:12,147 : INFO : EventManager : Event: ======'timer_post_plunge_orbit_lockout_tick'====== Args={'ticks': 0, 'ticks_remaining': 3}
2026-05-15 21:44:12,148 : INFO : EventManager : Event: ======'video_launch_start'====== Args={'priority': 0}
2026-05-15 21:44:12,149 : INFO : ball_device.bd_plunger : State: ball_left
2026-05-15 21:44:12,149 : INFO : ball_device.bd_plunger : Ball left
2026-05-15 21:44:12,149 : INFO : ball_device.bd_plunger : Wait for confirm with timeout 3.0
2026-05-15 21:44:12,302 : INFO : EventManager : Event: ======'player_ball_save_consecutive_save_window_tick'====== Args={'value': 10, 'prev_value': 11, 'change': -1, 'player_num': 1}
2026-05-15 21:44:12,302 : INFO : EventManager : Event: ======'timer_consecutive_save_window_tick'====== Args={'ticks': 10, 'ticks_remaining': 10}
2026-05-15 21:44:12,349 : INFO : EventManager : Event: ======'player_ball_save_ball_save_countdown_tick'====== Args={'value': 1, 'prev_value': 2, 'change': -1, 'player_num': 1}
2026-05-15 21:44:12,349 : INFO : EventManager : Event: ======'timer_ball_save_countdown_tick'====== Args={'ticks': 1, 'ticks_remaining': 1}
2026-05-15 21:44:12,350 : INFO : EventManager : Event: ======'ball_save_flash_off'====== Args={'priority': 0}
2026-05-15 21:44:12,350 : INFO : EventManager : Event: ======'player_ball_save_time_remaining'====== Args={'value': 1, 'prev_value': 2, 'change': -1, 'player_num': 1, 'source': 'ball_save'}
2026-05-15 21:44:12,491 : INFO : SwitchController : <<<<<<< 's_lane_right' active >>>>>>>
2026-05-15 21:44:12,491 : INFO : EventManager : Event: ======'s_lane_right_active'====== Args={}
2026-05-15 21:44:12,491 : INFO : EventManager : Event: ======'sw_playfield_active'====== Args={}
2026-05-15 21:44:12,491 : INFO : EventManager : Event: ======'machine_var_audits_switches_s_lane_right'====== Args={'value': 4782, 'prev_value': 4781, 'change': 1}
2026-05-15 21:44:12,493 : INFO : EventManager : Event: ======'player_score'====== Args={'value': 329500, 'prev_value': 324500, 'change': 5000, 'player_num': 1, 'source': 'base'}
2026-05-15 21:44:12,493 : INFO : EventManager : Event: ======'player_bonus_switches_count'====== Args={'value': 10, 'prev_value': 9, 'change': 1, 'player_num': 1, 'source': 'base'}
2026-05-15 21:44:12,493 : INFO : EventManager : Event: ======'playfield_active'====== Args={'source': None}
2026-05-15 21:44:12,553 : INFO : SwitchController : <<<<<<< 's_lane_right' inactive >>>>>>>
2026-05-15 21:44:13,147 : INFO : EventManager : Event: ======'player_pilot_mission_qualifier_post_plunge_orbit_lockout_tick'====== Args={'value': 1, 'prev_value': 0, 'change': 1, 'player_num': 1}
2026-05-15 21:44:13,147 : INFO : EventManager : Event: ======'timer_post_plunge_orbit_lockout_tick'====== Args={'ticks': 1, 'ticks_remaining': 2}
2026-05-15 21:44:13,234 : INFO : EventManager : Event: ======'slide_ball_saved_2_removed'====== Args={'_from_bcp': True}
2026-05-15 21:44:13,241 : INFO : EventManager : Event: ======'start_bg_video'====== Args={'_from_bcp': True}
2026-05-15 21:44:13,242 : INFO : EventManager : Event: ======'new_video'====== Args={'_from_bcp': True}
2026-05-15 21:44:13,303 : INFO : EventManager : Event: ======'player_ball_save_consecutive_save_window_tick'====== Args={'value': 9, 'prev_value': 10, 'change': -1, 'player_num': 1}
2026-05-15 21:44:13,303 : INFO : EventManager : Event: ======'timer_consecutive_save_window_tick'====== Args={'ticks': 9, 'ticks_remaining': 9}
2026-05-15 21:44:13,351 : INFO : EventManager : Event: ======'player_ball_save_ball_save_countdown_tick'====== Args={'value': 0, 'prev_value': 1, 'change': -1, 'player_num': 1}
2026-05-15 21:44:13,351 : INFO : Timer.ball_save_countdown : Timer Complete
2026-05-15 21:44:13,351 : INFO : Timer.ball_save_countdown : Stopping Timer
2026-05-15 21:44:13,351 : INFO : EventManager : Event: ======'timer_ball_save_countdown_stopped'====== Args={'ticks': 0, 'ticks_remaining': 1}
2026-05-15 21:44:13,352 : INFO : EventManager : Event: ======'timer_ball_save_countdown_complete'====== Args={'ticks': 0, 'ticks_remaining': 1}
2026-05-15 21:44:13,352 : INFO : EventManager : Event: ======'ball_save_new_ball_save_grace_period'====== Args={}
2026-05-15 21:44:13,352 : INFO : EventManager : Event: ======'ball_save_flash_stop'====== Args={'priority': 0}
2026-05-15 21:44:13,615 : INFO : SwitchController : <<<<<<< 's_lane_right' active >>>>>>>
2026-05-15 21:44:13,615 : INFO : EventManager : Event: ======'s_lane_right_active'====== Args={}
2026-05-15 21:44:13,615 : INFO : EventManager : Event: ======'sw_playfield_active'====== Args={}
2026-05-15 21:44:13,615 : INFO : EventManager : Event: ======'machine_var_audits_switches_s_lane_right'====== Args={'value': 4783, 'prev_value': 4782, 'change': 1}
2026-05-15 21:44:13,616 : INFO : EventManager : Event: ======'player_score'====== Args={'value': 334500, 'prev_value': 329500, 'change': 5000, 'player_num': 1, 'source': 'base'}
2026-05-15 21:44:13,617 : INFO : EventManager : Event: ======'player_bonus_switches_count'====== Args={'value': 11, 'prev_value': 10, 'change': 1, 'player_num': 1, 'source': 'base'}
2026-05-15 21:44:13,617 : INFO : EventManager : Event: ======'playfield_active'====== Args={'source': None}
2026-05-15 21:44:13,692 : INFO : SwitchController : <<<<<<< 's_lane_right' inactive >>>>>>>
2026-05-15 21:44:13,848 : INFO : EventManager : Event: ======'ball_save_new_ball_save_disabled'====== Args={}
2026-05-15 21:44:13,848 : INFO : EventManager : Event: ======'player_ball_save_active'====== Args={'value': 0, 'prev_value': 1, 'change': -1, 'player_num': 1, 'source': 'ball_save'}
2026-05-15 21:44:13,849 : INFO : Timer.ball_save_countdown : Stopping Timer
2026-05-15 21:44:13,849 : INFO : EventManager : Event: ======'timer_ball_save_countdown_stopped'====== Args={'ticks': 0, 'ticks_remaining': 1}
2026-05-15 21:44:14,145 : INFO : EventManager : Event: ======'player_pilot_mission_qualifier_post_plunge_orbit_lockout_tick'====== Args={'value': 2, 'prev_value': 1, 'change': 1, 'player_num': 1}
2026-05-15 21:44:14,145 : INFO : EventManager : Event: ======'timer_post_plunge_orbit_lockout_tick'====== Args={'ticks': 2, 'ticks_remaining': 1}
2026-05-15 21:44:14,301 : INFO : EventManager : Event: ======'player_ball_save_consecutive_save_window_tick'====== Args={'value': 8, 'prev_value': 9, 'change': -1, 'player_num': 1}
2026-05-15 21:44:14,301 : INFO : EventManager : Event: ======'timer_consecutive_save_window_tick'====== Args={'ticks': 8, 'ticks_remaining': 8}
2026-05-15 21:44:14,458 : INFO : SwitchController : <<<<<<< 's_flipper_left' active >>>>>>>
2026-05-15 21:44:14,458 : INFO : EventManager : Event: ======'s_flipper_left_active'====== Args={}
2026-05-15 21:44:14,459 : INFO : EventManager : Event: ======'machine_var_audits_switches_s_flipper_left'====== Args={'value': 57369, 'prev_value': 57368, 'change': 1}
2026-05-15 21:44:14,459 : INFO : SwitchController : <<<<<<< 's_flipper_left_upper' active >>>>>>>
2026-05-15 21:44:14,459 : INFO : EventManager : Event: ======'machine_var_audits_switches_s_flipper_left_upper'====== Args={'value': 56680, 'prev_value': 56679, 'change': 1}
2026-05-15 21:44:14,460 : INFO : EventManager : Event: ======'goose_rotate_left_execute'====== Args={'priority': 0}
2026-05-15 21:44:14,460 : INFO : EventManager : Event: ======'player_goose_temp_g'====== Args={'value': 1, 'prev_value': 0, 'change': 1, 'player_num': 1, 'source': 'goose_letters'}
2026-05-15 21:44:14,460 : INFO : EventManager : Event: ======'player_goose_temp_e'====== Args={'value': 0, 'prev_value': 1, 'change': -1, 'player_num': 1, 'source': 'goose_letters'}
2026-05-15 21:44:14,460 : INFO : EventManager : Event: ======'mig_rotate_left_execute'====== Args={'priority': 0}
2026-05-15 21:44:14,460 : INFO : EventManager : Event: ======'ball_search_reset'====== Args={'priority': 0}
2026-05-15 21:44:14,461 : INFO : EventManager : Event: ======'player_goose_letter_g'====== Args={'value': 0, 'prev_value': 1, 'change': -1, 'player_num': 1, 'source': 'goose_letters'}
2026-05-15 21:44:14,461 : INFO : EventManager : Event: ======'player_goose_letter_e'====== Args={'value': 1, 'prev_value': 0, 'change': 1, 'player_num': 1, 'source': 'goose_letters'}
2026-05-15 21:44:14,489 : INFO : SwitchController : <<<<<<< 's_flipper_left_upper_eos' active >>>>>>>
2026-05-15 21:44:14,489 : INFO : EventManager : Event: ======'s_flipper_left_upper_eos_active'====== Args={}
2026-05-15 21:44:14,489 : INFO : EventManager : Event: ======'machine_var_audits_switches_s_flipper_left_upper_eos'====== Args={'value': 63815, 'prev_value': 63814, 'change': 1}
2026-05-15 21:44:14,490 : INFO : SwitchController : <<<<<<< 's_flipper_left_eos' active >>>>>>>
2026-05-15 21:44:14,490 : INFO : EventManager : Event: ======'machine_var_audits_switches_s_flipper_left_eos'====== Args={'value': 52095, 'prev_value': 52094, 'change': 1}
2026-05-15 21:44:14,491 : INFO : EventManager : Event: ======'player_previous_switch_type'====== Args={'value': 2, 'prev_value': 0, 'change': 2, 'player_num': 1, 'source': 'pilot_mission_qualifier'}
2026-05-15 21:44:14,613 : INFO : SwitchController : <<<<<<< 's_flipper_left_upper' inactive >>>>>>>
2026-05-15 21:44:14,613 : INFO : SwitchController : <<<<<<< 's_flipper_left' inactive >>>>>>>
2026-05-15 21:44:14,613 : INFO : EventManager : Event: ======'s_flipper_left_inactive'====== Args={}
2026-05-15 21:44:14,708 : INFO : SwitchController : <<<<<<< 's_flipper_left_eos' inactive >>>>>>>
2026-05-15 21:44:14,708 : INFO : SwitchController : <<<<<<< 's_flipper_left_upper_eos' inactive >>>>>>>
2026-05-15 21:44:14,817 : INFO : SwitchController : <<<<<<< 's_flipper_right' active >>>>>>>
2026-05-15 21:44:14,817 : INFO : EventManager : Event: ======'s_flipper_right_active'====== Args={}
2026-05-15 21:44:14,817 : INFO : EventManager : Event: ======'machine_var_audits_switches_s_flipper_right'====== Args={'value': 55627, 'prev_value': 55626, 'change': 1}
2026-05-15 21:44:14,818 : INFO : EventManager : Event: ======'goose_rotate_right_execute'====== Args={'priority': 0}
2026-05-15 21:44:14,818 : INFO : EventManager : Event: ======'player_goose_temp_g'====== Args={'value': 0, 'prev_value': 1, 'change': -1, 'player_num': 1, 'source': 'goose_letters'}
2026-05-15 21:44:14,818 : INFO : EventManager : Event: ======'player_goose_temp_e'====== Args={'value': 1, 'prev_value': 0, 'change': 1, 'player_num': 1, 'source': 'goose_letters'}
2026-05-15 21:44:14,818 : INFO : EventManager : Event: ======'mig_rotate_right_execute'====== Args={'priority': 0}
2026-05-15 21:44:14,819 : INFO : EventManager : Event: ======'ball_search_reset'====== Args={'priority': 0}
2026-05-15 21:44:14,819 : INFO : EventManager : Event: ======'player_goose_letter_g'====== Args={'value': 1, 'prev_value': 0, 'change': 1, 'player_num': 1, 'source': 'goose_letters'}
2026-05-15 21:44:14,819 : INFO : EventManager : Event: ======'player_goose_letter_e'====== Args={'value': 0, 'prev_value': 1, 'change': -1, 'player_num': 1, 'source': 'goose_letters'}
2026-05-15 21:44:14,832 : INFO : SwitchController : <<<<<<< 's_flipper_right_eos' active >>>>>>>
2026-05-15 21:44:14,832 : INFO : EventManager : Event: ======'machine_var_audits_switches_s_flipper_right_eos'====== Args={'value': 50044, 'prev_value': 50043, 'change': 1}
2026-05-15 21:44:14,940 : INFO : SwitchController : <<<<<<< 's_outer_inlane_right' active >>>>>>>
2026-05-15 21:44:14,940 : INFO : EventManager : Event: ======'s_outer_inlane_right_active'====== Args={}
2026-05-15 21:44:14,940 : INFO : EventManager : Event: ======'sw_playfield_active'====== Args={}
2026-05-15 21:44:14,940 : INFO : EventManager : Event: ======'sw_playfield_active'====== Args={}
2026-05-15 21:44:14,941 : INFO : EventManager : Event: ======'machine_var_audits_switches_s_outer_inlane_right'====== Args={'value': 4746, 'prev_value': 4745, 'change': 1}
2026-05-15 21:44:14,942 : INFO : EventManager : Event: ======'check_goose_complete'====== Args={'priority': 0}
2026-05-15 21:44:14,942 : INFO : EventManager : Event: ======'player_goose_letter_s'====== Args={'value': 1, 'prev_value': 0, 'change': 1, 'player_num': 1, 'source': 'goose_letters'}
2026-05-15 21:44:14,942 : INFO : EventManager : Event: ======'player_goose_last_letter_collected'====== Args={'value': 5, 'prev_value': 3, 'change': 2, 'player_num': 1, 'source': 'goose_letters'}
2026-05-15 21:44:14,942 : INFO : EventManager : Event: ======'player_hd_sw_inlane_outer_r'====== Args={'value': 1, 'prev_value': 0, 'change': 1, 'player_num': 1, 'source': 'hard_deck_qualifiers'}
2026-05-15 21:44:14,942 : INFO : EventManager : Event: ======'player_score'====== Args={'value': 336500, 'prev_value': 334500, 'change': 2000, 'player_num': 1, 'source': 'base'}
2026-05-15 21:44:14,943 : INFO : EventManager : Event: ======'player_bonus_switches_count'====== Args={'value': 12, 'prev_value': 11, 'change': 1, 'player_num': 1, 'source': 'base'}
2026-05-15 21:44:14,943 : INFO : EventManager : Event: ======'playfield_active'====== Args={'source': None}
2026-05-15 21:44:14,943 : INFO : EventManager : Event: ======'playfield_active'====== Args={'source': None}
2026-05-15 21:44:15,017 : INFO : SwitchController : <<<<<<< 's_flipper_right' inactive >>>>>>>
2026-05-15 21:44:15,017 : INFO : EventManager : Event: ======'s_flipper_right_inactive'====== Args={}
2026-05-15 21:44:15,063 : INFO : SwitchController : <<<<<<< 's_outer_inlane_right' inactive >>>>>>>
2026-05-15 21:44:15,094 : INFO : SwitchController : <<<<<<< 's_flipper_right_eos' inactive >>>>>>>
2026-05-15 21:44:15,158 : INFO : EventManager : Event: ======'player_pilot_mission_qualifier_post_plunge_orbit_lockout_tick'====== Args={'value': 3, 'prev_value': 2, 'change': 1, 'player_num': 1}
2026-05-15 21:44:15,158 : INFO : Timer.post_plunge_orbit_lockout : Timer Complete
2026-05-15 21:44:15,158 : INFO : Timer.post_plunge_orbit_lockout : Stopping Timer
2026-05-15 21:44:15,159 : INFO : EventManager : Event: ======'timer_post_plunge_orbit_lockout_stopped'====== Args={'ticks': 3, 'ticks_remaining': 1}
2026-05-15 21:44:15,159 : INFO : EventManager : Event: ======'timer_post_plunge_orbit_lockout_complete'====== Args={'ticks': 3, 'ticks_remaining': 1}
2026-05-15 21:44:15,159 : INFO : ball_device.bd_plunger : State: failed_confirm
2026-05-15 21:44:15,159 : INFO : ball_device.bd_plunger : Got timeout (3.0s) before confirm from <playfield.playfield>
2026-05-15 21:44:15,267 : INFO : ball_device.bd_plunger : Confirming eject because target is playfield and ball did not return.
2026-05-15 21:44:15,267 : INFO : ball_device.bd_plunger : Eject successful
2026-05-15 21:44:15,267 : INFO : EventManager : Event: ======'balldevice_bd_plunger_ball_eject_success'====== Args={'balls': 1, 'target': <playfield.playfield>}
2026-05-15 21:44:15,268 : INFO : EventManager : Event: ======'balldevice_playfield_ball_enter'====== Args={'new_balls': 1, 'unclaimed_balls': 1, 'device': <playfield.playfield>}
2026-05-15 21:44:15,268 : INFO : EventManager : Event: ======'playfield_ball_count_change'====== Args={'balls': 1, 'change': 1}
2026-05-15 21:44:15,268 : INFO : EventManager : Event: ======'balldevice_bd_plunger_ball_count_changed'====== Args={'balls': 0}
2026-05-15 21:44:15,268 : INFO : ball_device.bd_plunger : State: idle
2026-05-15 21:44:15,315 : INFO : EventManager : Event: ======'player_ball_save_consecutive_save_window_tick'====== Args={'value': 7, 'prev_value': 8, 'change': -1, 'player_num': 1}
2026-05-15 21:44:15,315 : INFO : EventManager : Event: ======'timer_consecutive_save_window_tick'====== Args={'ticks': 7, 'ticks_remaining': 7}
2026-05-15 21:44:16,302 : INFO : EventManager : Event: ======'player_ball_save_consecutive_save_window_tick'====== Args={'value': 6, 'prev_value': 7, 'change': -1, 'player_num': 1}
2026-05-15 21:44:16,302 : INFO : EventManager : Event: ======'timer_consecutive_save_window_tick'====== Args={'ticks': 6, 'ticks_remaining': 6}
2026-05-15 21:44:16,991 : INFO : SwitchController : <<<<<<< 's_inner_inlane_right' active >>>>>>>
2026-05-15 21:44:16,991 : INFO : EventManager : Event: ======'s_inner_inlane_right_active'====== Args={}
2026-05-15 21:44:16,991 : INFO : EventManager : Event: ======'sw_playfield_active'====== Args={}
2026-05-15 21:44:16,991 : INFO : EventManager : Event: ======'sw_playfield_active'====== Args={}
2026-05-15 21:44:16,991 : INFO : EventManager : Event: ======'machine_var_audits_switches_s_inner_inlane_right'====== Args={'value': 3235, 'prev_value': 3234, 'change': 1}
2026-05-15 21:44:16,993 : INFO : EventManager : Event: ======'check_goose_complete'====== Args={'priority': 0}
2026-05-15 21:44:16,993 : INFO : EventManager : Event: ======'player_goose_letter_o_right'====== Args={'value': 1, 'prev_value': 0, 'change': 1, 'player_num': 1, 'source': 'goose_letters'}
2026-05-15 21:44:16,993 : INFO : EventManager : Event: ======'player_goose_last_letter_collected'====== Args={'value': 4, 'prev_value': 5, 'change': -1, 'player_num': 1, 'source': 'goose_letters'}
2026-05-15 21:44:16,993 : INFO : EventManager : Event: ======'player_hd_sw_inlane_inner_r'====== Args={'value': 1, 'prev_value': 0, 'change': 1, 'player_num': 1, 'source': 'hard_deck_qualifiers'}
2026-05-15 21:44:16,995 : INFO : EventManager : Event: ======'player_score'====== Args={'value': 338500, 'prev_value': 336500, 'change': 2000, 'player_num': 1, 'source': 'base'}
2026-05-15 21:44:16,995 : INFO : EventManager : Event: ======'player_bonus_switches_count'====== Args={'value': 13, 'prev_value': 12, 'change': 1, 'player_num': 1, 'source': 'base'}
2026-05-15 21:44:17,133 : INFO : SwitchController : <<<<<<< 's_inner_inlane_right' inactive >>>>>>>
2026-05-15 21:44:17,305 : INFO : EventManager : Event: ======'player_ball_save_consecutive_save_window_tick'====== Args={'value': 5, 'prev_value': 6, 'change': -1, 'player_num': 1}
2026-05-15 21:44:17,305 : INFO : EventManager : Event: ======'timer_consecutive_save_window_tick'====== Args={'ticks': 5, 'ticks_remaining': 5}
2026-05-15 21:44:18,303 : INFO : EventManager : Event: ======'player_ball_save_consecutive_save_window_tick'====== Args={'value': 4, 'prev_value': 5, 'change': -1, 'player_num': 1}
2026-05-15 21:44:18,303 : INFO : EventManager : Event: ======'timer_consecutive_save_window_tick'====== Args={'ticks': 4, 'ticks_remaining': 4}
2026-05-15 21:44:19,056 : INFO : SwitchController : <<<<<<< 's_trough_6' active >>>>>>>
2026-05-15 21:44:19,056 : INFO : EventManager : Event: ======'machine_var_audits_switches_s_trough_6'====== Args={'value': 5709, 'prev_value': 5708, 'change': 1}
2026-05-15 21:44:19,244 : INFO : SwitchController : <<<<<<< 's_trough_6' inactive >>>>>>>
2026-05-15 21:44:19,306 : INFO : EventManager : Event: ======'player_ball_save_consecutive_save_window_tick'====== Args={'value': 3, 'prev_value': 4, 'change': -1, 'player_num': 1}
2026-05-15 21:44:19,306 : INFO : EventManager : Event: ======'timer_consecutive_save_window_tick'====== Args={'ticks': 3, 'ticks_remaining': 3}
2026-05-15 21:44:19,463 : INFO : SwitchController : <<<<<<< 's_trough_6' active >>>>>>>
2026-05-15 21:44:19,463 : INFO : EventManager : Event: ======'machine_var_audits_switches_s_trough_6'====== Args={'value': 5710, 'prev_value': 5709, 'change': 1}
2026-05-15 21:44:19,776 : INFO : EventManager : Event: ======'balldevice_bd_trough_ball_count_changed'====== Args={'balls': 6}
2026-05-15 21:44:19,776 : INFO : ball_device.bd_trough : Received unexpected ball
2026-05-15 21:44:19,776 : INFO : EventManager : Event: ======'balldevice_captured_from_playfield'====== Args={'balls': 1}
2026-05-15 21:44:19,777 : INFO : EventManager : Event: ======'sw_playfield_active'====== Args={'balls': 1}
2026-05-15 21:44:19,777 : INFO : EventManager : Event: ======'playfield_ball_count_change'====== Args={'balls': 0, 'change': -1}
2026-05-15 21:44:19,778 : INFO : EventManager : Event: ======'balldevice_bd_trough_ball_enter'====== Args={'new_balls': 1, 'unclaimed_balls': 1, 'new_available_balls': 1, 'device': <ball_device.bd_trough>}
2026-05-15 21:44:19,778 : INFO : EventManager : Event: ======'ball_drain'====== Args={'device': <ball_device.bd_trough>, 'balls': 1}
2026-05-15 21:44:19,778 : INFO : EventManager : Event: ======'extra_ball_drain_cleanup'====== Args={'priority': 0}
2026-05-15 21:44:19,779 : INFO : coil.c_left_lane_up_post : Disabling Driver
2026-05-15 21:44:19,781 : INFO : EventManager : Event: ======'ball_will_end'====== Args={}
2026-05-15 21:44:19,781 : INFO : EventManager : Event: ======'balldevice_balls_available'====== Args={}
2026-05-15 21:44:19,781 : INFO : EventManager : Event: ======'balldevice_bd_trough_ball_entered'====== Args={'new_balls': 1, 'device': <ball_device.bd_trough>}
2026-05-15 21:44:19,781 : INFO : EventManager : Event: ======'mode_tilt_will_stop'====== Args={}
2026-05-15 21:44:19,782 : INFO : EventManager : Event: ======'mode_tilt_stopping'====== Args={}
2026-05-15 21:44:19,782 : INFO : EventManager : Event: ======'player_mig_completing'====== Args={'value': 0, 'prev_value': 0, 'change': 0, 'player_num': 1, 'source': 'mig_letters'}
2026-05-15 21:44:19,782 : INFO : EventManager : Event: ======'topgun_letters_reset'====== Args={'priority': 0}
2026-05-15 21:44:19,782 : INFO : EventManager : Event: ======'player_mystery_just_lit_pilot'====== Args={'value': 0, 'prev_value': 0, 'change': 0, 'player_num': 1, 'source': 'pilot_mission_qualifier'}
2026-05-15 21:44:19,782 : INFO : EventManager : Event: ======'player_scoop_release_pending'====== Args={'value': 0, 'prev_value': 0, 'change': 0, 'player_num': 1, 'source': 'pilot_mission_qualifier'}
2026-05-15 21:44:19,782 : INFO : EventManager : Event: ======'mode_extra_ball_will_stop'====== Args={}
2026-05-15 21:44:19,782 : INFO : EventManager : Event: ======'mode_extra_ball_stopping'====== Args={}
2026-05-15 21:44:19,783 : INFO : coil.c_left_lane_up_post : Disabling Driver
2026-05-15 21:44:19,783 : INFO : Timer.x2_playfield : Stopping Timer
2026-05-15 21:44:19,783 : INFO : EventManager : Event: ======'timer_x2_playfield_stopped'====== Args={'ticks': 90, 'ticks_remaining': 0}
2026-05-15 21:44:19,783 : INFO : Mode.extra_ball : Stopped.
2026-05-15 21:44:19,783 : INFO : EventManager : Event: ======'modes_active_modes_changed'====== Args={}
2026-05-15 21:44:19,783 : INFO : EventManager : Event: ======'mode_extra_ball_stopped'====== Args={}
2026-05-15 21:44:19,783 : INFO : EventManager : Event: ======'clear'====== Args={'key': 'extra_ball'}
2026-05-15 21:44:19,783 : INFO : Timer.extra_ball_hold : Stopping Timer
2026-05-15 21:44:19,783 : INFO : EventManager : Event: ======'timer_extra_ball_hold_stopped'====== Args={'ticks': 5, 'ticks_remaining': 0}
2026-05-15 21:44:19,783 : INFO : Mode.tilt : Stopped.
2026-05-15 21:44:19,783 : INFO : EventManager : Event: ======'modes_active_modes_changed'====== Args={}
2026-05-15 21:44:19,785 : INFO : EventManager : Event: ======'mode_tilt_stopped'====== Args={}
2026-05-15 21:44:19,785 : INFO : EventManager : Event: ======'clear'====== Args={'key': 'tilt'}
2026-05-15 21:44:19,785 : INFO : Timer.tilt_video_delay : Stopping Timer
2026-05-15 21:44:19,785 : INFO : EventManager : Event: ======'timer_tilt_video_delay_stopped'====== Args={'ticks': 0, 'ticks_remaining': 0}
2026-05-15 21:44:19,786 : INFO : EventManager : Event: ======'ball_ending'====== Args={}
2026-05-15 21:44:19,788 : INFO : EventManager : Event: ======'mode_bonus_will_start'====== Args={'queue': <QueuedEvent>}
2026-05-15 21:44:19,790 : INFO : EventManager : Event: ======'mode_bonus_starting'====== Args={'queue': <QueuedEvent>}
2026-05-15 21:44:19,791 : INFO : Mode.bonus : Started. Priority: 500
2026-05-15 21:44:19,791 : INFO : EventManager : Event: ======'modes_active_modes_changed'====== Args={}
2026-05-15 21:44:19,791 : INFO : EventManager : Event: ======'mode_bonus_started'====== Args={'queue': <QueuedEvent>}
2026-05-15 21:44:19,791 : INFO : coil.c_mode_barrier : Disabling Driver
2026-05-15 21:44:19,791 : INFO : coil.c_left_orbit_diverter : Disabling Driver
2026-05-15 21:44:19,791 : INFO : coil.c_right_orbit_diverter : Disabling Driver
2026-05-15 21:44:19,792 : INFO : EventManager : Event: ======'bonus_start'====== Args={}
2026-05-15 21:44:19,798 : INFO : EventManager : Event: ======'slide_topgun_6_removed'====== Args={'_from_bcp': True}
2026-05-15 21:44:19,849 : INFO : EventManager : Event: ======'slide_bonus_start_created'====== Args={'_from_bcp': True}
2026-05-15 21:44:19,850 : INFO : EventManager : Event: ======'slide_mach_1_inactive'====== Args={'is_removing': False, '_from_bcp': True}
2026-05-15 21:44:19,851 : INFO : EventManager : Event: ======'slide_bonus_start_active'====== Args={'original_context': 'bonus', 'original_calling_context': 'mode_bonus_started', 'priority': 500.0, 'queue': '<QueuedEvent>', 'cmd': 'slides_play', '_from_bcp': True}
2026-05-15 21:44:20,308 : INFO : EventManager : Event: ======'player_ball_save_consecutive_save_window_tick'====== Args={'value': 2, 'prev_value': 3, 'change': -1, 'player_num': 1}
2026-05-15 21:44:20,308 : INFO : EventManager : Event: ======'timer_consecutive_save_window_tick'====== Args={'ticks': 2, 'ticks_remaining': 2}
2026-05-15 21:44:21,309 : INFO : EventManager : Event: ======'player_ball_save_consecutive_save_window_tick'====== Args={'value': 1, 'prev_value': 2, 'change': -1, 'player_num': 1}
2026-05-15 21:44:21,309 : INFO : EventManager : Event: ======'timer_consecutive_save_window_tick'====== Args={'ticks': 1, 'ticks_remaining': 1}
2026-05-15 21:44:21,778 : INFO : Mode.bonus : Bonus Entry 'switches': score: 4550 player_score_entry: bonus_switches_count=13
2026-05-15 21:44:21,778 : INFO : EventManager : Event: ======'bonus_entry'====== Args={'entry': 'switches', 'score': 4550, 'text': 'Switches Hit', 'bonus_score': 4550, 'hits': 13}
2026-05-15 21:44:21,778 : INFO : EventManager : Event: ======'player_bonus_switches_points'====== Args={'value': 4550, 'prev_value': 0, 'change': 4550, 'player_num': 1, 'source': 'bonus'}
2026-05-15 21:44:21,794 : INFO : EventManager : Event: ======'slide_bonus_switches_created'====== Args={'_from_bcp': True}
2026-05-15 21:44:21,795 : INFO : EventManager : Event: ======'slide_bonus_start_inactive'====== Args={'is_removing': False, '_from_bcp': True}
2026-05-15 21:44:21,795 : INFO : EventManager : Event: ======'slide_bonus_switches_active'====== Args={'original_context': 'bonus', 'original_calling_context': 'bonus_entry{entry=="switches"}', 'priority': 500.0, 'entry': 'switches', 'score': 4550.0, 'text': 'Switches Hit', 'bonus_score': 4550.0, 'hits': 13.0, 'cmd': 'slides_play', '_from_bcp': True}
2026-05-15 21:44:22,308 : INFO : EventManager : Event: ======'player_ball_save_consecutive_save_window_tick'====== Args={'value': 0, 'prev_value': 1, 'change': -1, 'player_num': 1}
2026-05-15 21:44:22,309 : INFO : Timer.consecutive_save_window : Timer Complete
2026-05-15 21:44:22,309 : INFO : Timer.consecutive_save_window : Stopping Timer
2026-05-15 21:44:22,309 : INFO : EventManager : Event: ======'timer_consecutive_save_window_stopped'====== Args={'ticks': 0, 'ticks_remaining': 1}
2026-05-15 21:44:22,309 : INFO : EventManager : Event: ======'timer_consecutive_save_window_complete'====== Args={'ticks': 0, 'ticks_remaining': 1}
2026-05-15 21:44:22,309 : INFO : EventManager : Event: ======'player_consecutive_ball_saves'====== Args={'value': 0, 'prev_value': 2, 'change': -2, 'player_num': 1, 'source': 'ball_save'}
2026-05-15 21:44:23,773 : INFO : Mode.bonus : Bonus Entry 'ramps': score: 0 player_score_entry: bonus_ramps_count=0
2026-05-15 21:44:23,773 : INFO : EventManager : Event: ======'bonus_entry'====== Args={'entry': 'ramps', 'score': 0, 'text': 'Ramps Made', 'bonus_score': 4550, 'hits': 0}
2026-05-15 21:44:23,773 : INFO : EventManager : Event: ======'player_bonus_ramps_points'====== Args={'value': 0, 'prev_value': 0, 'change': 0, 'player_num': 1, 'source': 'bonus'}
2026-05-15 21:44:23,789 : INFO : EventManager : Event: ======'slide_bonus_ramps_created'====== Args={'_from_bcp': True}
2026-05-15 21:44:23,790 : INFO : EventManager : Event: ======'slide_bonus_switches_inactive'====== Args={'is_removing': False, '_from_bcp': True}
2026-05-15 21:44:23,790 : INFO : EventManager : Event: ======'slide_bonus_ramps_active'====== Args={'original_context': 'bonus', 'original_calling_context': 'bonus_entry{entry=="ramps"}', 'priority': 500.0, 'entry': 'ramps', 'score': 0.0, 'text': 'Ramps Made', 'bonus_score': 4550.0, 'hits': 0.0, 'cmd': 'slides_play', '_from_bcp': True}
2026-05-15 21:44:25,773 : INFO : Mode.bonus : Bonus Entry 'highest_mach': score: 0 player_score_entry: bonus_highest_mach=0
2026-05-15 21:44:25,773 : INFO : EventManager : Event: ======'bonus_entry'====== Args={'entry': 'highest_mach', 'score': 0, 'text': 'Highest Mach Level', 'bonus_score': 4550, 'hits': 0}
2026-05-15 21:44:25,774 : INFO : EventManager : Event: ======'player_bonus_highest_mach_points'====== Args={'value': 0, 'prev_value': 0, 'change': 0, 'player_num': 1, 'source': 'bonus'}
2026-05-15 21:44:25,788 : INFO : EventManager : Event: ======'slide_bonus_highest_mach_created'====== Args={'_from_bcp': True}
2026-05-15 21:44:25,789 : INFO : EventManager : Event: ======'slide_bonus_ramps_inactive'====== Args={'is_removing': False, '_from_bcp': True}
2026-05-15 21:44:25,789 : INFO : EventManager : Event: ======'slide_bonus_highest_mach_active'====== Args={'original_context': 'bonus', 'original_calling_context': 'bonus_entry{entry=="highest_mach"}', 'priority': 500.0, 'entry': 'highest_mach', 'score': 0.0, 'text': 'Highest Mach Level', 'bonus_score': 4550.0, 'hits': 0.0, 'cmd': 'slides_play', '_from_bcp': True}
2026-05-15 21:44:26,241 : INFO : SwitchController : <<<<<<< 's_flipper_left' active >>>>>>>
2026-05-15 21:44:26,241 : INFO : EventManager : Event: ======'s_flipper_left_active'====== Args={}
2026-05-15 21:44:26,241 : INFO : EventManager : Event: ======'machine_var_audits_switches_s_flipper_left'====== Args={'value': 57370, 'prev_value': 57369, 'change': 1}
2026-05-15 21:44:26,242 : INFO : SwitchController : <<<<<<< 's_flipper_left_upper' active >>>>>>>
2026-05-15 21:44:26,242 : INFO : EventManager : Event: ======'machine_var_audits_switches_s_flipper_left_upper'====== Args={'value': 56681, 'prev_value': 56680, 'change': 1}
2026-05-15 21:44:26,243 : INFO : EventManager : Event: ======'goose_rotate_left_execute'====== Args={'priority': 0}
2026-05-15 21:44:26,243 : INFO : EventManager : Event: ======'player_goose_temp_g'====== Args={'value': 1, 'prev_value': 0, 'change': 1, 'player_num': 1, 'source': 'goose_letters'}
2026-05-15 21:44:26,243 : INFO : EventManager : Event: ======'player_goose_temp_e'====== Args={'value': 0, 'prev_value': 1, 'change': -1, 'player_num': 1, 'source': 'goose_letters'}
2026-05-15 21:44:26,243 : INFO : EventManager : Event: ======'player_goose_temp_o_right'====== Args={'value': 1, 'prev_value': 0, 'change': 1, 'player_num': 1, 'source': 'goose_letters'}
2026-05-15 21:44:26,243 : INFO : EventManager : Event: ======'player_goose_temp_s'====== Args={'value': 1, 'prev_value': 0, 'change': 1, 'player_num': 1, 'source': 'goose_letters'}
2026-05-15 21:44:26,243 : INFO : EventManager : Event: ======'mig_rotate_left_execute'====== Args={'priority': 0}
2026-05-15 21:44:26,245 : INFO : EventManager : Event: ======'ball_search_reset'====== Args={'priority': 0}
2026-05-15 21:44:26,245 : INFO : EventManager : Event: ======'player_goose_letter_g'====== Args={'value': 0, 'prev_value': 1, 'change': -1, 'player_num': 1, 'source': 'goose_letters'}
2026-05-15 21:44:26,245 : INFO : EventManager : Event: ======'player_goose_letter_o_left'====== Args={'value': 1, 'prev_value': 0, 'change': 1, 'player_num': 1, 'source': 'goose_letters'}
2026-05-15 21:44:26,245 : INFO : EventManager : Event: ======'player_goose_letter_s'====== Args={'value': 0, 'prev_value': 1, 'change': -1, 'player_num': 1, 'source': 'goose_letters'}
2026-05-15 21:44:26,245 : INFO : EventManager : Event: ======'player_goose_letter_e'====== Args={'value': 1, 'prev_value': 0, 'change': 1, 'player_num': 1, 'source': 'goose_letters'}
2026-05-15 21:44:26,252 : INFO : SwitchController : <<<<<<< 's_flipper_right' active >>>>>>>
2026-05-15 21:44:26,252 : INFO : EventManager : Event: ======'s_flipper_right_active'====== Args={}
2026-05-15 21:44:26,252 : INFO : EventManager : Event: ======'flipper_cancel'====== Args={'triggering_group': 2, 'triggering_switch': 's_flipper_right'}
2026-05-15 21:44:26,252 : INFO : EventManager : Event: ======'machine_var_audits_switches_s_flipper_right'====== Args={'value': 55628, 'prev_value': 55627, 'change': 1}
2026-05-15 21:44:26,253 : INFO : EventManager : Event: ======'flipper_cancel'====== Args={'priority': 0}
2026-05-15 21:44:26,253 : INFO : EventManager : Event: ======'goose_rotate_right_execute'====== Args={'priority': 0}
2026-05-15 21:44:26,253 : INFO : EventManager : Event: ======'player_goose_temp_g'====== Args={'value': 0, 'prev_value': 1, 'change': -1, 'player_num': 1, 'source': 'goose_letters'}
2026-05-15 21:44:26,254 : INFO : EventManager : Event: ======'player_goose_temp_o_left'====== Args={'value': 1, 'prev_value': 0, 'change': 1, 'player_num': 1, 'source': 'goose_letters'}
2026-05-15 21:44:26,254 : INFO : EventManager : Event: ======'player_goose_temp_e'====== Args={'value': 1, 'prev_value': 0, 'change': 1, 'player_num': 1, 'source': 'goose_letters'}
2026-05-15 21:44:26,254 : INFO : EventManager : Event: ======'player_goose_temp_s'====== Args={'value': 0, 'prev_value': 1, 'change': -1, 'player_num': 1, 'source': 'goose_letters'}
2026-05-15 21:44:26,254 : INFO : EventManager : Event: ======'mig_rotate_right_execute'====== Args={'priority': 0}
2026-05-15 21:44:26,254 : INFO : EventManager : Event: ======'ball_search_reset'====== Args={'priority': 0}
2026-05-15 21:44:26,254 : INFO : Mode.bonus : Bonus Entry 'hard_deck_awards': score: 0 player_score_entry: hard_deck_awards_count=0
2026-05-15 21:44:26,254 : INFO : EventManager : Event: ======'bonus_entry'====== Args={'entry': 'hard_deck_awards', 'score': 0, 'text': 'Hard Deck Awards', 'bonus_score': 4550, 'hits': 0}
2026-05-15 21:44:26,255 : INFO : EventManager : Event: ======'player_bonus_hard_deck_awards_points'====== Args={'value': 0, 'prev_value': 0, 'change': 0, 'player_num': 1, 'source': 'bonus'}
2026-05-15 21:44:26,255 : INFO : EventManager : Event: ======'player_goose_letter_g'====== Args={'value': 1, 'prev_value': 0, 'change': 1, 'player_num': 1, 'source': 'goose_letters'}
2026-05-15 21:44:26,255 : INFO : EventManager : Event: ======'player_goose_letter_e'====== Args={'value': 0, 'prev_value': 1, 'change': -1, 'player_num': 1, 'source': 'goose_letters'}
2026-05-15 21:44:26,255 : INFO : EventManager : Event: ======'player_goose_letter_s'====== Args={'value': 1, 'prev_value': 0, 'change': 1, 'player_num': 1, 'source': 'goose_letters'}
2026-05-15 21:44:26,255 : INFO : EventManager : Event: ======'player_goose_letter_o_left'====== Args={'value': 0, 'prev_value': 1, 'change': -1, 'player_num': 1, 'source': 'goose_letters'}
2026-05-15 21:44:26,256 : INFO : Mode.bonus : Bonus Entry 'training_missions': score: 0 player_score_entry: training_missions_played=0
2026-05-15 21:44:26,256 : INFO : EventManager : Event: ======'bonus_entry'====== Args={'entry': 'training_missions', 'score': 0, 'text': 'Training Missions Played', 'bonus_score': 4550, 'hits': 0}
2026-05-15 21:44:26,256 : INFO : EventManager : Event: ======'player_bonus_training_missions_points'====== Args={'value': 0, 'prev_value': 0, 'change': 0, 'player_num': 1, 'source': 'bonus'}
2026-05-15 21:44:26,258 : INFO : Mode.bonus : Bonus Entry 'pilot_missions': score: 0 player_score_entry: pilot_missions_won=0
2026-05-15 21:44:26,258 : INFO : EventManager : Event: ======'bonus_entry'====== Args={'entry': 'pilot_missions', 'score': 0, 'text': 'Pilot Missions Won', 'bonus_score': 4550, 'hits': 0}
2026-05-15 21:44:26,258 : INFO : EventManager : Event: ======'player_bonus_pilot_missions_points'====== Args={'value': 0, 'prev_value': 0, 'change': 0, 'player_num': 1, 'source': 'bonus'}
2026-05-15 21:44:26,259 : INFO : EventManager : Event: ======'player_score'====== Args={'value': 343050, 'prev_value': 338500, 'change': 4550, 'player_num': 1, 'source': 'bonus'}
2026-05-15 21:44:26,259 : INFO : EventManager : Event: ======'bonus_entry'====== Args={'entry': 'total', 'text': 'Total Bonus', 'score': 4550}
2026-05-15 21:44:26,260 : INFO : EventManager : Event: ======'mode_bonus_will_stop'====== Args={}
2026-05-15 21:44:26,261 : INFO : EventManager : Event: ======'mode_bonus_stopping'====== Args={}
2026-05-15 21:44:26,261 : INFO : Mode.bonus : Stopped.
2026-05-15 21:44:26,261 : INFO : EventManager : Event: ======'modes_active_modes_changed'====== Args={}
2026-05-15 21:44:26,262 : INFO : EventManager : Event: ======'mode_bonus_stopped'====== Args={}
2026-05-15 21:44:26,262 : INFO : EventManager : Event: ======'clear'====== Args={'key': 'bonus'}
2026-05-15 21:44:26,263 : INFO : EventManager : Event: ======'player_goose_letter_g'====== Args={'value': 0, 'prev_value': 1, 'change': -1, 'player_num': 1, 'source': 'goose_letters'}
2026-05-15 21:44:26,263 : INFO : EventManager : Event: ======'player_goose_letter_o_right'====== Args={'value': 0, 'prev_value': 1, 'change': -1, 'player_num': 1, 'source': 'goose_letters'}
2026-05-15 21:44:26,263 : INFO : EventManager : Event: ======'player_goose_letter_s'====== Args={'value': 0, 'prev_value': 1, 'change': -1, 'player_num': 1, 'source': 'goose_letters'}
2026-05-15 21:44:26,264 : INFO : EventManager : Event: ======'player_goose_completing'====== Args={'value': 0, 'prev_value': 0, 'change': 0, 'player_num': 1, 'source': 'goose_letters'}
2026-05-15 21:44:26,264 : INFO : EventManager : Event: ======'player_missiles_remaining'====== Args={'value': 0, 'prev_value': 0, 'change': 0, 'player_num': 1, 'source': 'goose_letters'}
2026-05-15 21:44:26,264 : INFO : EventManager : Event: ======'player_missile_firing'====== Args={'value': 0, 'prev_value': 0, 'change': 0, 'player_num': 1, 'source': 'goose_letters'}
2026-05-15 21:44:26,264 : INFO : EventManager : Event: ======'player_missiles_perk_active'====== Args={'value': 0, 'prev_value': 0, 'change': 0, 'player_num': 1, 'source': 'goose_letters'}
2026-05-15 21:44:26,264 : INFO : coil.c_mode_barrier : Disabling Driver
2026-05-15 21:44:26,264 : INFO : coil.c_left_orbit_diverter : Disabling Driver
2026-05-15 21:44:26,264 : INFO : coil.c_right_orbit_diverter : Disabling Driver
2026-05-15 21:44:26,264 : INFO : EventManager : Event: ======'mode_ball_save_will_stop'====== Args={}
2026-05-15 21:44:26,264 : INFO : EventManager : Event: ======'mode_ball_save_stopping'====== Args={}
2026-05-15 21:44:26,264 : INFO : EventManager : Event: ======'mode_shot_made_callout_randomizer_will_stop'====== Args={}
2026-05-15 21:44:26,264 : INFO : EventManager : Event: ======'mode_shot_made_callout_randomizer_stopping'====== Args={}
2026-05-15 21:44:26,264 : INFO : EventManager : Event: ======'mode_shot_missed_callout_randomizer_will_stop'====== Args={}
2026-05-15 21:44:26,265 : INFO : EventManager : Event: ======'mode_shot_missed_callout_randomizer_stopping'====== Args={}
2026-05-15 21:44:26,265 : INFO : EventManager : Event: ======'mode_base_will_stop'====== Args={}
2026-05-15 21:44:26,265 : INFO : EventManager : Event: ======'mode_base_stopping'====== Args={}
2026-05-15 21:44:26,265 : INFO : EventManager : Event: ======'mode_default_sounds_will_stop'====== Args={}
2026-05-15 21:44:26,265 : INFO : EventManager : Event: ======'mode_default_sounds_stopping'====== Args={}
2026-05-15 21:44:26,265 : INFO : Timer.left_diverter_tl_hold : Stopping Timer
2026-05-15 21:44:26,265 : INFO : EventManager : Event: ======'timer_left_diverter_tl_hold_stopped'====== Args={'ticks': 0, 'ticks_remaining': 0}
2026-05-15 21:44:26,265 : INFO : EventManager : Event: ======'mode_mach_scoring_will_stop'====== Args={}
2026-05-15 21:44:26,265 : INFO : EventManager : Event: ======'mode_mach_scoring_stopping'====== Args={}
2026-05-15 21:44:26,265 : INFO : EventManager : Event: ======'mode_2x_playfield_will_stop'====== Args={}
2026-05-15 21:44:26,265 : INFO : EventManager : Event: ======'mode_2x_playfield_stopping'====== Args={}
2026-05-15 21:44:26,265 : INFO : EventManager : Event: ======'mode_goose_letters_will_stop'====== Args={}
2026-05-15 21:44:26,265 : INFO : EventManager : Event: ======'mode_goose_letters_stopping'====== Args={}
2026-05-15 21:44:26,265 : INFO : EventManager : Event: ======'mode_top_gun_multiball_locks_will_stop'====== Args={}
2026-05-15 21:44:26,265 : INFO : EventManager : Event: ======'mode_top_gun_multiball_locks_stopping'====== Args={}
2026-05-15 21:44:26,265 : INFO : EventManager : Event: ======'mode_pilot_mission_qualifier_will_stop'====== Args={}
2026-05-15 21:44:26,265 : INFO : EventManager : Event: ======'mode_pilot_mission_qualifier_stopping'====== Args={}
2026-05-15 21:44:26,265 : INFO : EventManager : Event: ======'mode_mig_letters_will_stop'====== Args={}
2026-05-15 21:44:26,265 : INFO : EventManager : Event: ======'mode_mig_letters_stopping'====== Args={}
2026-05-15 21:44:26,265 : INFO : EventManager : Event: ======'mode_iceman_letters_will_stop'====== Args={}
2026-05-15 21:44:26,265 : INFO : EventManager : Event: ======'mode_iceman_letters_stopping'====== Args={}
2026-05-15 21:44:26,265 : INFO : EventManager : Event: ======'mode_hard_deck_qualifiers_will_stop'====== Args={}
2026-05-15 21:44:26,265 : INFO : EventManager : Event: ======'mode_hard_deck_qualifiers_stopping'====== Args={}
2026-05-15 21:44:26,265 : INFO : EventManager : Event: ======'mode_bumpers_will_stop'====== Args={}
2026-05-15 21:44:26,265 : INFO : EventManager : Event: ======'mode_bumpers_stopping'====== Args={}
2026-05-15 21:44:26,267 : INFO : EventManager : Event: ======'stop_mode_bumpers'====== Args={'priority': 0}
2026-05-15 21:44:26,267 : INFO : coil.c_lock_diverter_magnet : Disabling Driver
2026-05-15 21:44:26,267 : INFO : Timer.lock_diverter_timeout : Stopping Timer
2026-05-15 21:44:26,267 : INFO : EventManager : Event: ======'timer_lock_diverter_timeout_stopped'====== Args={'ticks': 0, 'ticks_remaining': 0}
2026-05-15 21:44:26,267 : INFO : Timer.mb_mode_choice_timer : Stopping Timer
2026-05-15 21:44:26,267 : INFO : EventManager : Event: ======'timer_mb_mode_choice_timer_stopped'====== Args={'ticks': 15, 'ticks_remaining': 0}
2026-05-15 21:44:26,267 : INFO : Timer.lock_goose_debounce : Stopping Timer
2026-05-15 21:44:26,268 : INFO : EventManager : Event: ======'timer_lock_goose_debounce_stopped'====== Args={'ticks': 0, 'ticks_remaining': 0}
2026-05-15 21:44:26,268 : INFO : Timer.lock_mav_debounce : Stopping Timer
2026-05-15 21:44:26,268 : INFO : EventManager : Event: ======'timer_lock_mav_debounce_stopped'====== Args={'ticks': 0, 'ticks_remaining': 0}
2026-05-15 21:44:26,268 : INFO : Timer.lock_goose_callout_delay : Stopping Timer
2026-05-15 21:44:26,268 : INFO : EventManager : Event: ======'timer_lock_goose_callout_delay_stopped'====== Args={'ticks': 0, 'ticks_remaining': 0}
2026-05-15 21:44:26,268 : INFO : Timer.lock_goose_serve_delay : Stopping Timer
2026-05-15 21:44:26,268 : INFO : EventManager : Event: ======'timer_lock_goose_serve_delay_stopped'====== Args={'ticks': 0, 'ticks_remaining': 0}
2026-05-15 21:44:26,268 : INFO : Timer.lock_mav_mb_lit_callout_delay : Stopping Timer
2026-05-15 21:44:26,268 : INFO : EventManager : Event: ======'timer_lock_mav_mb_lit_callout_delay_stopped'====== Args={'ticks': 0, 'ticks_remaining': 0}
2026-05-15 21:44:26,268 : INFO : Timer.lock_mav_serve_delay : Stopping Timer
2026-05-15 21:44:26,268 : INFO : EventManager : Event: ======'timer_lock_mav_serve_delay_stopped'====== Args={'ticks': 0, 'ticks_remaining': 0}
2026-05-15 21:44:26,268 : INFO : Timer.lock_resume_arm : Stopping Timer
2026-05-15 21:44:26,268 : INFO : EventManager : Event: ======'timer_lock_resume_arm_stopped'====== Args={'ticks': 0, 'ticks_remaining': 0}
2026-05-15 21:44:26,269 : INFO : coil.c_left_lane_up_post : Disabling Driver
2026-05-15 21:44:26,269 : INFO : Timer.hd_training_choice_timer : Stopping Timer
2026-05-15 21:44:26,269 : INFO : EventManager : Event: ======'timer_hd_training_choice_timer_stopped'====== Args={'ticks': 15, 'ticks_remaining': 0}
2026-05-15 21:44:26,269 : INFO : Mode.bumpers : Stopped.
2026-05-15 21:44:26,269 : INFO : EventManager : Event: ======'modes_active_modes_changed'====== Args={}
2026-05-15 21:44:26,269 : INFO : EventManager : Event: ======'mode_bumpers_stopped'====== Args={}
2026-05-15 21:44:26,269 : INFO : EventManager : Event: ======'clear'====== Args={'key': 'bumpers'}
2026-05-15 21:44:26,270 : INFO : Mode.hard_deck_qualifiers : Stopped.
2026-05-15 21:44:26,270 : INFO : EventManager : Event: ======'modes_active_modes_changed'====== Args={}
2026-05-15 21:44:26,271 : INFO : EventManager : Event: ======'mode_hard_deck_qualifiers_stopped'====== Args={}
2026-05-15 21:44:26,271 : INFO : EventManager : Event: ======'clear'====== Args={'key': 'hard_deck_qualifiers'}
2026-05-15 21:44:26,271 : INFO : Timer.hd_training_choice_timer : Stopping Timer
2026-05-15 21:44:26,272 : INFO : EventManager : Event: ======'timer_hd_training_choice_timer_stopped'====== Args={'ticks': 15, 'ticks_remaining': 0}
2026-05-15 21:44:26,272 : INFO : Mode.iceman_letters : Stopped.
2026-05-15 21:44:26,272 : INFO : EventManager : Event: ======'modes_active_modes_changed'====== Args={}
2026-05-15 21:44:26,274 : INFO : EventManager : Event: ======'mode_iceman_letters_stopped'====== Args={}
2026-05-15 21:44:26,274 : INFO : EventManager : Event: ======'clear'====== Args={'key': 'iceman_letters'}
2026-05-15 21:44:26,274 : INFO : Timer.right_mig_post_timer : Stopping Timer
2026-05-15 21:44:26,274 : INFO : EventManager : Event: ======'timer_right_mig_post_timer_stopped'====== Args={'ticks': 0, 'ticks_remaining': 0}
2026-05-15 21:44:26,274 : INFO : Timer.iceman_reset : Stopping Timer
2026-05-15 21:44:26,274 : INFO : EventManager : Event: ======'timer_iceman_reset_stopped'====== Args={'ticks': 0, 'ticks_remaining': 0}
2026-05-15 21:44:26,275 : INFO : Timer.right_orbit_lockout_timer : Stopping Timer
2026-05-15 21:44:26,275 : INFO : EventManager : Event: ======'timer_right_orbit_lockout_timer_stopped'====== Args={'ticks': 3, 'ticks_remaining': 1}
2026-05-15 21:44:26,275 : INFO : Timer.left_mig_post_timer : Stopping Timer
2026-05-15 21:44:26,275 : INFO : EventManager : Event: ======'timer_left_mig_post_timer_stopped'====== Args={'ticks': 0, 'ticks_remaining': 0}
2026-05-15 21:44:26,275 : INFO : Mode.mig_letters : Stopped.
2026-05-15 21:44:26,275 : INFO : EventManager : Event: ======'modes_active_modes_changed'====== Args={}
2026-05-15 21:44:26,275 : INFO : EventManager : Event: ======'mode_mig_letters_stopped'====== Args={}
2026-05-15 21:44:26,275 : INFO : EventManager : Event: ======'clear'====== Args={'key': 'mig_letters'}
2026-05-15 21:44:26,275 : INFO : Timer.mig_reset : Stopping Timer
2026-05-15 21:44:26,275 : INFO : EventManager : Event: ======'timer_mig_reset_stopped'====== Args={'ticks': 0, 'ticks_remaining': 0}
2026-05-15 21:44:26,275 : INFO : Mode.pilot_mission_qualifier : Stopped.
2026-05-15 21:44:26,275 : INFO : EventManager : Event: ======'modes_active_modes_changed'====== Args={}
2026-05-15 21:44:26,280 : INFO : EventManager : Event: ======'mode_pilot_mission_qualifier_stopped'====== Args={}
2026-05-15 21:44:26,280 : INFO : EventManager : Event: ======'clear'====== Args={'key': 'pilot_mission_qualifier'}
2026-05-15 21:44:26,281 : INFO : Timer.left_orbit_shot_timeout : Stopping Timer
2026-05-15 21:44:26,281 : INFO : EventManager : Event: ======'timer_left_orbit_shot_timeout_stopped'====== Args={'ticks': 0, 'ticks_remaining': 0}
2026-05-15 21:44:26,281 : INFO : Timer.orbit_shot_lockout_timer : Stopping Timer
2026-05-15 21:44:26,281 : INFO : EventManager : Event: ======'timer_orbit_shot_lockout_timer_stopped'====== Args={'ticks': 0, 'ticks_remaining': 0}
2026-05-15 21:44:26,281 : INFO : Timer.left_diverter_tl_hold : Stopping Timer
2026-05-15 21:44:26,281 : INFO : EventManager : Event: ======'timer_left_diverter_tl_hold_stopped'====== Args={'ticks': 0, 'ticks_remaining': 0}
2026-05-15 21:44:26,281 : INFO : Timer.topgun_ll_qualify_window : Stopping Timer
2026-05-15 21:44:26,281 : INFO : EventManager : Event: ======'timer_topgun_ll_qualify_window_stopped'====== Args={'ticks': 0, 'ticks_remaining': 0}
2026-05-15 21:44:26,281 : INFO : Timer.spinner_shot_timeout : Stopping Timer
2026-05-15 21:44:26,281 : INFO : EventManager : Event: ======'timer_spinner_shot_timeout_stopped'====== Args={'ticks': 2, 'ticks_remaining': 1}
2026-05-15 21:44:26,281 : INFO : Timer.right_orbit_shot_timeout : Stopping Timer
2026-05-15 21:44:26,281 : INFO : EventManager : Event: ======'timer_right_orbit_shot_timeout_stopped'====== Args={'ticks': 3, 'ticks_remaining': 1}
2026-05-15 21:44:26,281 : INFO : Timer.post_plunge_orbit_lockout : Stopping Timer
2026-05-15 21:44:26,281 : INFO : EventManager : Event: ======'timer_post_plunge_orbit_lockout_stopped'====== Args={'ticks': 3, 'ticks_remaining': 1}
2026-05-15 21:44:26,281 : INFO : Timer.global_scoop_eject_delay : Stopping Timer
2026-05-15 21:44:26,281 : INFO : EventManager : Event: ======'timer_global_scoop_eject_delay_stopped'====== Args={'ticks': 0, 'ticks_remaining': 0}
2026-05-15 21:44:26,281 : INFO : Timer.spinner_shot_lockout : Stopping Timer
2026-05-15 21:44:26,281 : INFO : EventManager : Event: ======'timer_spinner_shot_lockout_stopped'====== Args={'ticks': 0, 'ticks_remaining': 0}
2026-05-15 21:44:26,281 : INFO : Timer.inverted_bonus_topgun_delay : Stopping Timer
2026-05-15 21:44:26,281 : INFO : EventManager : Event: ======'timer_inverted_bonus_topgun_delay_stopped'====== Args={'ticks': 0, 'ticks_remaining': 0}
2026-05-15 21:44:26,281 : INFO : Timer.post_mb_barrier_restore : Stopping Timer
2026-05-15 21:44:26,282 : INFO : EventManager : Event: ======'timer_post_mb_barrier_restore_stopped'====== Args={'ticks': 0, 'ticks_remaining': 0}
2026-05-15 21:44:26,282 : INFO : Timer.skillshot_video_running : Stopping Timer
2026-05-15 21:44:26,282 : INFO : EventManager : Event: ======'timer_skillshot_video_running_stopped'====== Args={'ticks': 1, 'ticks_remaining': 1}
2026-05-15 21:44:26,282 : INFO : Mode.top_gun_multiball_locks : Stopped.
2026-05-15 21:44:26,282 : INFO : EventManager : Event: ======'modes_active_modes_changed'====== Args={}
2026-05-15 21:44:26,283 : INFO : EventManager : Event: ======'mode_top_gun_multiball_locks_stopped'====== Args={}
2026-05-15 21:44:26,283 : INFO : EventManager : Event: ======'clear'====== Args={'key': 'top_gun_multiball_locks'}
2026-05-15 21:44:26,283 : INFO : Timer.lock_mb_barrier_delay : Stopping Timer
2026-05-15 21:44:26,283 : INFO : EventManager : Event: ======'timer_lock_mb_barrier_delay_stopped'====== Args={'ticks': 0, 'ticks_remaining': 0}
2026-05-15 21:44:26,283 : INFO : Timer.lock_partial_callout_cooldown : Stopping Timer
2026-05-15 21:44:26,283 : INFO : EventManager : Event: ======'timer_lock_partial_callout_cooldown_stopped'====== Args={'ticks': 0, 'ticks_remaining': 0}
2026-05-15 21:44:26,283 : INFO : Timer.lock_goose_debounce : Stopping Timer
2026-05-15 21:44:26,283 : INFO : EventManager : Event: ======'timer_lock_goose_debounce_stopped'====== Args={'ticks': 0, 'ticks_remaining': 0}
2026-05-15 21:44:26,283 : INFO : Timer.lock_goose_serve_delay : Stopping Timer
2026-05-15 21:44:26,283 : INFO : EventManager : Event: ======'timer_lock_goose_serve_delay_stopped'====== Args={'ticks': 0, 'ticks_remaining': 0}
2026-05-15 21:44:26,283 : INFO : Timer.lock_resume_arm : Stopping Timer
2026-05-15 21:44:26,283 : INFO : EventManager : Event: ======'timer_lock_resume_arm_stopped'====== Args={'ticks': 0, 'ticks_remaining': 0}
2026-05-15 21:44:26,283 : INFO : Timer.lock_mb_eject_debounce : Stopping Timer
2026-05-15 21:44:26,283 : INFO : EventManager : Event: ======'timer_lock_mb_eject_debounce_stopped'====== Args={'ticks': 0, 'ticks_remaining': 0}
2026-05-15 21:44:26,284 : INFO : Timer.mb_mode_choice_timer : Stopping Timer
2026-05-15 21:44:26,284 : INFO : EventManager : Event: ======'timer_mb_mode_choice_timer_stopped'====== Args={'ticks': 15, 'ticks_remaining': 0}
2026-05-15 21:44:26,284 : INFO : Timer.lock_mav_debounce : Stopping Timer
2026-05-15 21:44:26,284 : INFO : EventManager : Event: ======'timer_lock_mav_debounce_stopped'====== Args={'ticks': 0, 'ticks_remaining': 0}
2026-05-15 21:44:26,284 : INFO : Timer.lock_mav_mb_lit_callout_delay : Stopping Timer
2026-05-15 21:44:26,284 : INFO : EventManager : Event: ======'timer_lock_mav_mb_lit_callout_delay_stopped'====== Args={'ticks': 0, 'ticks_remaining': 0}
2026-05-15 21:44:26,285 : INFO : Timer.lock_diverter_timeout : Stopping Timer
2026-05-15 21:44:26,285 : INFO : EventManager : Event: ======'timer_lock_diverter_timeout_stopped'====== Args={'ticks': 0, 'ticks_remaining': 0}
2026-05-15 21:44:26,285 : INFO : Timer.lock_mb_release_delay : Stopping Timer
2026-05-15 21:44:26,285 : INFO : EventManager : Event: ======'timer_lock_mb_release_delay_stopped'====== Args={'ticks': 0, 'ticks_remaining': 0}
2026-05-15 21:44:26,285 : INFO : Timer.lock_letter_sound_delay : Stopping Timer
2026-05-15 21:44:26,285 : INFO : EventManager : Event: ======'timer_lock_letter_sound_delay_stopped'====== Args={'ticks': 0, 'ticks_remaining': 0}
2026-05-15 21:44:26,285 : INFO : Timer.lock_goose_callout_delay : Stopping Timer
2026-05-15 21:44:26,285 : INFO : EventManager : Event: ======'timer_lock_goose_callout_delay_stopped'====== Args={'ticks': 0, 'ticks_remaining': 0}
2026-05-15 21:44:26,285 : INFO : Timer.lock_mav_serve_delay : Stopping Timer
2026-05-15 21:44:26,286 : INFO : EventManager : Event: ======'timer_lock_mav_serve_delay_stopped'====== Args={'ticks': 0, 'ticks_remaining': 0}
2026-05-15 21:44:26,286 : INFO : Mode.goose_letters : Stopped.
2026-05-15 21:44:26,286 : INFO : EventManager : Event: ======'modes_active_modes_changed'====== Args={}
2026-05-15 21:44:26,287 : INFO : EventManager : Event: ======'mode_goose_letters_stopped'====== Args={}
2026-05-15 21:44:26,287 : INFO : EventManager : Event: ======'clear'====== Args={'key': 'goose_letters'}
2026-05-15 21:44:26,287 : INFO : Timer.goose_reset : Stopping Timer
2026-05-15 21:44:26,287 : INFO : EventManager : Event: ======'timer_goose_reset_stopped'====== Args={'ticks': 0, 'ticks_remaining': 0}
2026-05-15 21:44:26,287 : INFO : Timer.missile_fire_delay : Stopping Timer
2026-05-15 21:44:26,287 : INFO : EventManager : Event: ======'timer_missile_fire_delay_stopped'====== Args={'ticks': 0, 'ticks_remaining': 0}
2026-05-15 21:44:26,288 : INFO : Timer.extra_ball_lit_slide_dismiss : Stopping Timer
2026-05-15 21:44:26,288 : INFO : EventManager : Event: ======'timer_extra_ball_lit_slide_dismiss_stopped'====== Args={'ticks': 0, 'ticks_remaining': 0}
2026-05-15 21:44:26,288 : INFO : Mode.2x_playfield : Stopped.
2026-05-15 21:44:26,288 : INFO : EventManager : Event: ======'modes_active_modes_changed'====== Args={}
2026-05-15 21:44:26,288 : INFO : EventManager : Event: ======'mode_2x_playfield_stopped'====== Args={}
2026-05-15 21:44:26,288 : INFO : EventManager : Event: ======'clear'====== Args={'key': '2x_playfield'}
2026-05-15 21:44:26,288 : INFO : Timer.x2_playfield : Stopping Timer
2026-05-15 21:44:26,288 : INFO : EventManager : Event: ======'timer_x2_playfield_stopped'====== Args={'ticks': 90, 'ticks_remaining': 0}
2026-05-15 21:44:26,288 : INFO : Mode.mach_scoring : Stopped.
2026-05-15 21:44:26,288 : INFO : EventManager : Event: ======'modes_active_modes_changed'====== Args={}
2026-05-15 21:44:26,289 : INFO : EventManager : Event: ======'mode_mach_scoring_stopped'====== Args={}
2026-05-15 21:44:26,289 : INFO : EventManager : Event: ======'clear'====== Args={'key': 'mach_scoring'}
2026-05-15 21:44:26,290 : INFO : Timer.mach_qualify_timer : Stopping Timer
2026-05-15 21:44:26,290 : INFO : EventManager : Event: ======'timer_mach_qualify_timer_stopped'====== Args={'ticks': 10, 'ticks_remaining': 0}
2026-05-15 21:44:26,290 : INFO : Timer.mach_timer : Stopping Timer
2026-05-15 21:44:26,290 : INFO : EventManager : Event: ======'timer_mach_timer_stopped'====== Args={'ticks': 20, 'ticks_remaining': 0}
2026-05-15 21:44:26,290 : INFO : Mode.default_sounds : Stopped.
2026-05-15 21:44:26,290 : INFO : EventManager : Event: ======'modes_active_modes_changed'====== Args={}
2026-05-15 21:44:26,290 : INFO : EventManager : Event: ======'mode_default_sounds_stopped'====== Args={}
2026-05-15 21:44:26,290 : INFO : EventManager : Event: ======'clear'====== Args={'key': 'default_sounds'}
2026-05-15 21:44:26,290 : INFO : Mode.base : Stopped.
2026-05-15 21:44:26,290 : INFO : EventManager : Event: ======'modes_active_modes_changed'====== Args={}
2026-05-15 21:44:26,292 : INFO : EventManager : Event: ======'mode_base_stopped'====== Args={}
2026-05-15 21:44:26,292 : INFO : EventManager : Event: ======'clear'====== Args={'key': 'base'}
2026-05-15 21:44:26,292 : INFO : Timer.spinner_inactivity : Stopping Timer
2026-05-15 21:44:26,292 : INFO : EventManager : Event: ======'timer_spinner_inactivity_stopped'====== Args={'ticks': 0, 'ticks_remaining': 1}
2026-05-15 21:44:26,292 : INFO : Timer.wingman_post_win_mig_delay : Stopping Timer
2026-05-15 21:44:26,292 : INFO : EventManager : Event: ======'timer_wingman_post_win_mig_delay_stopped'====== Args={'ticks': 0, 'ticks_remaining': 0}
2026-05-15 21:44:26,292 : INFO : Timer.status_mode_entry : Stopping Timer
2026-05-15 21:44:26,292 : INFO : EventManager : Event: ======'timer_status_mode_entry_stopped'====== Args={'ticks': 0, 'ticks_remaining': 0}
2026-05-15 21:44:26,292 : INFO : Timer.wingman_post_win_mig_hold : Stopping Timer
2026-05-15 21:44:26,292 : INFO : EventManager : Event: ======'timer_wingman_post_win_mig_hold_stopped'====== Args={'ticks': 0, 'ticks_remaining': 0}
2026-05-15 21:44:26,292 : INFO : Timer.wingman_post_win_plunge_delay : Stopping Timer
2026-05-15 21:44:26,292 : INFO : EventManager : Event: ======'timer_wingman_post_win_plunge_delay_stopped'====== Args={'ticks': 0, 'ticks_remaining': 0}
2026-05-15 21:44:26,292 : INFO : Mode.shot_missed_callout_randomizer : Stopped.
2026-05-15 21:44:26,292 : INFO : EventManager : Event: ======'modes_active_modes_changed'====== Args={}
2026-05-15 21:44:26,293 : INFO : EventManager : Event: ======'mode_shot_missed_callout_randomizer_stopped'====== Args={}
2026-05-15 21:44:26,293 : INFO : EventManager : Event: ======'clear'====== Args={'key': 'shot_missed_callout_randomizer'}
2026-05-15 21:44:26,293 : INFO : Mode.shot_made_callout_randomizer : Stopped.
2026-05-15 21:44:26,293 : INFO : EventManager : Event: ======'modes_active_modes_changed'====== Args={}
2026-05-15 21:44:26,293 : INFO : EventManager : Event: ======'mode_shot_made_callout_randomizer_stopped'====== Args={}
2026-05-15 21:44:26,293 : INFO : EventManager : Event: ======'clear'====== Args={'key': 'shot_made_callout_randomizer'}
2026-05-15 21:44:26,293 : INFO : Mode.ball_save : Stopped.
2026-05-15 21:44:26,293 : INFO : EventManager : Event: ======'modes_active_modes_changed'====== Args={}
2026-05-15 21:44:26,293 : INFO : EventManager : Event: ======'mode_ball_save_stopped'====== Args={}
2026-05-15 21:44:26,293 : INFO : EventManager : Event: ======'clear'====== Args={'key': 'ball_save'}
2026-05-15 21:44:26,293 : INFO : Timer.scoop_save_countdown : Stopping Timer
2026-05-15 21:44:26,293 : INFO : EventManager : Event: ======'timer_scoop_save_countdown_stopped'====== Args={'ticks': 5, 'ticks_remaining': 0}
2026-05-15 21:44:26,293 : INFO : Timer.ball_save_countdown : Stopping Timer
2026-05-15 21:44:26,293 : INFO : EventManager : Event: ======'timer_ball_save_countdown_stopped'====== Args={'ticks': 0, 'ticks_remaining': 1}
2026-05-15 21:44:26,293 : INFO : Timer.ball_save_auto_plunger_delay : Stopping Timer
2026-05-15 21:44:26,293 : INFO : EventManager : Event: ======'timer_ball_save_auto_plunger_delay_stopped'====== Args={'ticks': 5, 'ticks_remaining': 1}
2026-05-15 21:44:26,293 : INFO : Timer.mode_ball_save_countdown : Stopping Timer
2026-05-15 21:44:26,293 : INFO : EventManager : Event: ======'timer_mode_ball_save_countdown_stopped'====== Args={'ticks': 30, 'ticks_remaining': 0}
2026-05-15 21:44:26,293 : INFO : Timer.consecutive_save_window : Stopping Timer
2026-05-15 21:44:26,293 : INFO : EventManager : Event: ======'timer_consecutive_save_window_stopped'====== Args={'ticks': 0, 'ticks_remaining': 1}
2026-05-15 21:44:26,297 : INFO : EventManager : Event: ======'ball_ended'====== Args={}
2026-05-15 21:44:26,297 : INFO : EventManager : Event: ======'slide_bonus_hard_deck_awards_created'====== Args={'_from_bcp': True}
2026-05-15 21:44:26,297 : INFO : EventManager : Event: ======'slide_bonus_highest_mach_inactive'====== Args={'is_removing': False, '_from_bcp': True}
2026-05-15 21:44:26,297 : INFO : EventManager : Event: ======'slide_bonus_hard_deck_awards_active'====== Args={'original_context': 'bonus', 'original_calling_context': 'bonus_entry{entry=="hard_deck_awards"}', 'priority': 500.0, 'entry': 'hard_deck_awards', 'score': 0.0, 'text': 'Hard Deck Awards', 'bonus_score': 4550.0, 'hits': 0.0, 'cmd': 'slides_play', '_from_bcp': True}
2026-05-15 21:44:26,298 : INFO : EventManager : Event: ======'slide_bonus_training_missions_created'====== Args={'_from_bcp': True}
2026-05-15 21:44:26,298 : INFO : EventManager : Event: ======'slide_bonus_hard_deck_awards_inactive'====== Args={'is_removing': False, '_from_bcp': True}
2026-05-15 21:44:26,298 : INFO : EventManager : Event: ======'slide_bonus_training_missions_active'====== Args={'original_context': 'bonus', 'original_calling_context': 'bonus_entry{entry=="training_missions"}', 'priority': 500.0, 'entry': 'training_missions', 'score': 0.0, 'text': 'Training Missions Played', 'bonus_score': 4550.0, 'hits': 0.0, 'cmd': 'slides_play', '_from_bcp': True}
2026-05-15 21:44:26,298 : INFO : EventManager : Event: ======'slide_bonus_pilot_missions_created'====== Args={'_from_bcp': True}
2026-05-15 21:44:26,298 : INFO : EventManager : Event: ======'slide_bonus_training_missions_inactive'====== Args={'is_removing': False, '_from_bcp': True}
2026-05-15 21:44:26,298 : INFO : EventManager : Event: ======'slide_bonus_pilot_missions_active'====== Args={'original_context': 'bonus', 'original_calling_context': 'bonus_entry{entry=="pilot_missions"}', 'priority': 500.0, 'entry': 'pilot_missions', 'score': 0.0, 'text': 'Pilot Missions Won', 'bonus_score': 4550.0, 'hits': 0.0, 'cmd': 'slides_play', '_from_bcp': True}
2026-05-15 21:44:26,300 : INFO : EventManager : Event: ======'player_turn_will_end'====== Args={'player': <Player 1>, 'number': 1}
2026-05-15 21:44:26,301 : INFO : EventManager : Event: ======'player_turn_ending'====== Args={'player': <Player 1>, 'number': 1}
2026-05-15 21:44:26,302 : INFO : EventManager : Event: ======'player_turn_ended'====== Args={'player': <Player 1>, 'number': 1}
2026-05-15 21:44:26,303 : INFO : EventManager : Event: ======'player_turn_will_start'====== Args={'player': <Player 1>, 'number': 1}
2026-05-15 21:44:26,304 : INFO : EventManager : Event: ======'player_turn_starting'====== Args={'player': <Player 1>, 'number': 1}
2026-05-15 21:44:26,306 : INFO : EventManager : Event: ======'player_ball'====== Args={'value': 2, 'prev_value': 1, 'change': 1, 'player_num': 1}
2026-05-15 21:44:26,306 : INFO : EventManager : Event: ======'player_turn_started'====== Args={'player': <Player 1>, 'number': 1}
2026-05-15 21:44:26,307 : INFO : EventManager : Event: ======'ui_player_1_up'====== Args={'priority': 0}
2026-05-15 21:44:26,308 : INFO : EventManager : Event: ======'ball_will_start'====== Args={'player': 1, 'ball': 2, 'balls_remaining': 1, 'is_extra_ball': False}
2026-05-15 21:44:26,309 : INFO : EventManager : Event: ======'ball_starting'====== Args={'player': 1, 'ball': 2, 'balls_remaining': 1, 'is_extra_ball': False}
2026-05-15 21:44:26,309 : INFO : EventManager : Event: ======'slide_bonus_total_created'====== Args={'_from_bcp': True}
2026-05-15 21:44:26,309 : INFO : EventManager : Event: ======'slide_bonus_pilot_missions_inactive'====== Args={'is_removing': False, '_from_bcp': True}
2026-05-15 21:44:26,310 : INFO : EventManager : Event: ======'slide_bonus_total_active'====== Args={'original_context': 'bonus', 'original_calling_context': 'bonus_entry{entry=="total"}', 'priority': 500.0, 'entry': 'total', 'text': 'Total Bonus', 'score': 4550.0, 'cmd': 'slides_play', '_from_bcp': True}
2026-05-15 21:44:26,310 : INFO : EventManager : Event: ======'slide_bonus_start_removed'====== Args={'_from_bcp': True}
2026-05-15 21:44:26,310 : INFO : EventManager : Event: ======'mode_tilt_will_start'====== Args={'queue': <QueuedEvent>, 'player': 1, 'ball': 2, 'balls_remaining': 1, 'is_extra_ball': False}
2026-05-15 21:44:26,312 : INFO : EventManager : Event: ======'mode_tilt_starting'====== Args={'queue': <QueuedEvent>, 'player': 1, 'ball': 2, 'balls_remaining': 1, 'is_extra_ball': False}
2026-05-15 21:44:26,312 : INFO : EventManager : Event: ======'mode_ball_save_will_start'====== Args={'queue': <QueuedEvent>, 'player': 1, 'ball': 2, 'balls_remaining': 1, 'is_extra_ball': False}
2026-05-15 21:44:26,312 : INFO : EventManager : Event: ======'player_ball_save_ball_save_countdown_tick'====== Args={'value': 20, 'prev_value': 0, 'change': 20, 'player_num': 1}
2026-05-15 21:44:26,312 : INFO : EventManager : Event: ======'player_ball_save_ball_save_auto_plunger_delay_tick'====== Args={'value': 0, 'prev_value': 5, 'change': -5, 'player_num': 1}
2026-05-15 21:44:26,313 : INFO : EventManager : Event: ======'player_ball_save_consecutive_save_window_tick'====== Args={'value': 20, 'prev_value': 0, 'change': 20, 'player_num': 1}
2026-05-15 21:44:26,317 : INFO : EventManager : Event: ======'mode_ball_save_starting'====== Args={'queue': <QueuedEvent>, 'player': 1, 'ball': 2, 'balls_remaining': 1, 'is_extra_ball': False}
2026-05-15 21:44:26,317 : INFO : EventManager : Event: ======'mode_shot_made_callout_randomizer_will_start'====== Args={'queue': <QueuedEvent>, 'player': 1, 'ball': 2, 'balls_remaining': 1, 'is_extra_ball': False}
2026-05-15 21:44:26,318 : INFO : EventManager : Event: ======'mode_shot_made_callout_randomizer_starting'====== Args={'queue': <QueuedEvent>, 'player': 1, 'ball': 2, 'balls_remaining': 1, 'is_extra_ball': False}
2026-05-15 21:44:26,318 : INFO : EventManager : Event: ======'mode_shot_missed_callout_randomizer_will_start'====== Args={'queue': <QueuedEvent>, 'player': 1, 'ball': 2, 'balls_remaining': 1, 'is_extra_ball': False}
2026-05-15 21:44:26,319 : INFO : EventManager : Event: ======'mode_shot_missed_callout_randomizer_starting'====== Args={'queue': <QueuedEvent>, 'player': 1, 'ball': 2, 'balls_remaining': 1, 'is_extra_ball': False}
2026-05-15 21:44:26,319 : INFO : EventManager : Event: ======'mode_base_will_start'====== Args={'queue': <QueuedEvent>, 'player': 1, 'ball': 2, 'balls_remaining': 1, 'is_extra_ball': False}
2026-05-15 21:44:26,320 : INFO : EventManager : Event: ======'player_base_spinner_inactivity_tick'====== Args={'value': 2, 'prev_value': 0, 'change': 2, 'player_num': 1}
2026-05-15 21:44:26,330 : INFO : EventManager : Event: ======'mode_base_starting'====== Args={'queue': <QueuedEvent>, 'player': 1, 'ball': 2, 'balls_remaining': 1, 'is_extra_ball': False}
2026-05-15 21:44:26,330 : INFO : EventManager : Event: ======'mode_default_sounds_will_start'====== Args={'queue': <QueuedEvent>, 'player': 1, 'ball': 2, 'balls_remaining': 1, 'is_extra_ball': False}
2026-05-15 21:44:26,331 : INFO : EventManager : Event: ======'mode_default_sounds_starting'====== Args={'queue': <QueuedEvent>, 'player': 1, 'ball': 2, 'balls_remaining': 1, 'is_extra_ball': False}
2026-05-15 21:44:26,332 : INFO : Mode.default_sounds : Started. Priority: 50
2026-05-15 21:44:26,333 : INFO : EventManager : Event: ======'modes_active_modes_changed'====== Args={}
2026-05-15 21:44:26,333 : INFO : EventManager : Event: ======'mode_default_sounds_started'====== Args={'queue': <QueuedEvent>, 'player': 1, 'ball': 2, 'balls_remaining': 1, 'is_extra_ball': False}
2026-05-15 21:44:26,333 : INFO : Mode.base : Started. Priority: 100
2026-05-15 21:44:26,333 : INFO : EventManager : Event: ======'modes_active_modes_changed'====== Args={}
2026-05-15 21:44:26,333 : INFO : EventManager : Event: ======'mode_base_started'====== Args={'queue': <QueuedEvent>, 'player': 1, 'ball': 2, 'balls_remaining': 1, 'is_extra_ball': False}
2026-05-15 21:44:26,333 : INFO : EventManager : Event: ======'mode_mach_scoring_will_start'====== Args={'queue': <QueuedEvent>, 'player': 1, 'ball': 2, 'balls_remaining': 1, 'is_extra_ball': False}
2026-05-15 21:44:26,341 : INFO : EventManager : Event: ======'mode_mach_scoring_starting'====== Args={'queue': <QueuedEvent>, 'player': 1, 'ball': 2, 'balls_remaining': 1, 'is_extra_ball': False}
2026-05-15 21:44:26,341 : INFO : EventManager : Event: ======'mode_2x_playfield_will_start'====== Args={'queue': <QueuedEvent>, 'player': 1, 'ball': 2, 'balls_remaining': 1, 'is_extra_ball': False}
2026-05-15 21:44:26,344 : INFO : EventManager : Event: ======'mode_2x_playfield_starting'====== Args={'queue': <QueuedEvent>, 'player': 1, 'ball': 2, 'balls_remaining': 1, 'is_extra_ball': False}
2026-05-15 21:44:26,344 : INFO : EventManager : Event: ======'mode_goose_letters_will_start'====== Args={'queue': <QueuedEvent>, 'player': 1, 'ball': 2, 'balls_remaining': 1, 'is_extra_ball': False}
2026-05-15 21:44:26,357 : INFO : EventManager : Event: ======'mode_goose_letters_starting'====== Args={'queue': <QueuedEvent>, 'player': 1, 'ball': 2, 'balls_remaining': 1, 'is_extra_ball': False}
2026-05-15 21:44:26,357 : INFO : EventManager : Event: ======'mode_mig_letters_will_start'====== Args={'queue': <QueuedEvent>, 'player': 1, 'ball': 2, 'balls_remaining': 1, 'is_extra_ball': False}
2026-05-15 21:44:26,359 : INFO : EventManager : Event: ======'mode_mig_letters_starting'====== Args={'queue': <QueuedEvent>, 'player': 1, 'ball': 2, 'balls_remaining': 1, 'is_extra_ball': False}
2026-05-15 21:44:26,359 : INFO : EventManager : Event: ======'mode_iceman_letters_will_start'====== Args={'queue': <QueuedEvent>, 'player': 1, 'ball': 2, 'balls_remaining': 1, 'is_extra_ball': False}
2026-05-15 21:44:26,359 : INFO : EventManager : Event: ======'player_iceman_letters_right_orbit_lockout_timer_tick'====== Args={'value': 0, 'prev_value': 3, 'change': -3, 'player_num': 1}
2026-05-15 21:44:26,380 : INFO : EventManager : Unordered handler for class ConfigPlayer.variable_player/variables on event player_added with priority 200. Handlers: [RegisteredHandler(callback=<bound method ConfigPlayer.config_play_callback of ConfigPlayer.variable_player/variables>, priority=200, kwargs={'calling_context': 'player_added', 'mode': <Mode.mig_letters>, 'settings': {'mig_letter_m': {'action': 'set', 'int': <NativeTemplate 0>, 'priority': 0, 'float': None, 'string': None, 'block': False, 'player': None, 'condition': None}, 'mig_letter_i': {'action': 'set', 'int': <NativeTemplate 0>, 'priority': 0, 'float': None, 'string': None, 'block': False, 'player': None, 'condition': None}, 'mig_letter_g': {'action': 'set', 'int': <NativeTemplate 0>, 'priority': 0, 'float': None, 'string': None, 'block': False, 'player': None, 'condition': None}, 'bonus_multiplier': {'action': 'set', 'int': <NativeTemplate 1>, 'priority': 0, 'float': None, 'string': None, 'block': False, 'player': None, 'condition': None}, 'mig_completing': {'action': 'set', 'int': <NativeTemplate 0>, 'priority': 0, 'float': None, 'string': None, 'block': False, 'player': None, 'condition': None}}}, key=UUID('d15da86c-4e60-4648-87db-534c38ce4714'), condition=None, blocking_facility=None), RegisteredHandler(callback=<bound method ConfigPlayer.config_play_callback of ConfigPlayer.variable_player/variables>, priority=200, kwargs={'calling_context': 'player_added', 'mode': <Mode.iceman_letters>, 'settings': {'iceman_letter_i': {'action': 'set', 'int': <NativeTemplate 0>, 'priority': 0, 'float': None, 'string': None, 'block': False, 'player': None, 'condition': None}, 'iceman_letter_c': {'action': 'set', 'int': <NativeTemplate 0>, 'priority': 0, 'float': None, 'string': None, 'block': False, 'player': None, 'condition': None}, 'iceman_letter_e': {'action': 'set', 'int': <NativeTemplate 0>, 'priority': 0, 'float': None, 'string': None, 'block': False, 'player': None, 'condition': None}, 'iceman_letter_m': {'action': 'set', 'int': <NativeTemplate 0>, 'priority': 0, 'float': None, 'string': None, 'block': False, 'player': None, 'condition': None}, 'iceman_letter_a': {'action': 'set', 'int': <NativeTemplate 0>, 'priority': 0, 'float': None, 'string': None, 'block': False, 'player': None, 'condition': None}, 'iceman_letter_n': {'action': 'set', 'int': <NativeTemplate 0>, 'priority': 0, 'float': None, 'string': None, 'block': False, 'player': None, 'condition': None}, 'iceman_completing': {'action': 'set', 'int': <NativeTemplate 0>, 'priority': 0, 'float': None, 'string': None, 'block': False, 'player': None, 'condition': None}, 'training_inverted_complete': {'action': 'set', 'int': <NativeTemplate 0>, 'priority': 0, 'float': None, 'string': None, 'block': False, 'player': None, 'condition': None}, 'training_missles_complete': {'action': 'set', 'int': <NativeTemplate 0>, 'priority': 0, 'float': None, 'string': None, 'block': False, 'player': None, 'condition': None}, 'training_afterburner_complete': {'action': 'set', 'int': <NativeTemplate 0>, 'priority': 0, 'float': None, 'string': None, 'block': False, 'player': None, 'condition': None}, 'training_wingman_complete': {'action': 'set', 'int': <NativeTemplate 0>, 'priority': 0, 'float': None, 'string': None, 'block': False, 'player': None, 'condition': None}, 'training_dogfight_complete': {'action': 'set', 'int': <NativeTemplate 0>, 'priority': 0, 'float': None, 'string': None, 'block': False, 'player': None, 'condition': None}, 'right_post_locked_out': {'action': 'set', 'int': <NativeTemplate 0>, 'priority': 0, 'float': None, 'string': None, 'block': False, 'player': None, 'condition': None}}}, key=UUID('c689426c-f627-4aed-ac45-43dcdc4e3b1f'), condition=None, blocking_facility=None)]. The order of those handlers is not defined and they will be executed in random order. This might lead to race conditions and potential bugs.
2026-05-15 21:44:26,383 : INFO : EventManager : Event: ======'mode_iceman_letters_starting'====== Args={'queue': <QueuedEvent>, 'player': 1, 'ball': 2, 'balls_remaining': 1, 'is_extra_ball': False}
2026-05-15 21:44:26,383 : INFO : EventManager : Event: ======'mode_pilot_mission_qualifier_will_start'====== Args={'queue': <QueuedEvent>, 'player': 1, 'ball': 2, 'balls_remaining': 1, 'is_extra_ball': False}
2026-05-15 21:44:26,383 : INFO : EventManager : Event: ======'player_pilot_mission_qualifier_spinner_shot_timeout_tick'====== Args={'value': 0, 'prev_value': 2, 'change': -2, 'player_num': 1}
2026-05-15 21:44:26,383 : INFO : EventManager : Event: ======'player_pilot_mission_qualifier_right_orbit_shot_timeout_tick'====== Args={'value': 0, 'prev_value': 3, 'change': -3, 'player_num': 1}
2026-05-15 21:44:26,384 : INFO : EventManager : Event: ======'player_pilot_mission_qualifier_post_plunge_orbit_lockout_tick'====== Args={'value': 0, 'prev_value': 3, 'change': -3, 'player_num': 1}
2026-05-15 21:44:26,384 : INFO : EventManager : Event: ======'player_pilot_mission_qualifier_skillshot_video_running_tick'====== Args={'value': 0, 'prev_value': 1, 'change': -1, 'player_num': 1}
2026-05-15 21:44:26,385 : INFO : EventManager : Unordered handler for class ConfigPlayer.coil_player/coils on event mode_pilot_training_mission_inverted_started with priority 200. Handlers: [RegisteredHandler(callback=<bound method ConfigPlayer.config_play_callback of ConfigPlayer.coil_player/coils>, priority=200, kwargs={'calling_context': 'mode_pilot_training_mission_inverted_started', 'mode': <Mode.iceman_letters>, 'settings': {<coil.c_mode_barrier>: {'action': 'off', 'priority': 0, 'hold_power': None, 'pulse_power': None, 'pulse_ms': None, 'max_wait_ms': None}}}, key=UUID('3dae2cec-1c17-45ad-a0d2-be9516ff4c85'), condition=None, blocking_facility=None), RegisteredHandler(callback=<bound method ConfigPlayer.config_play_callback of ConfigPlayer.coil_player/coils>, priority=200, kwargs={'calling_context': 'mode_pilot_training_mission_inverted_started', 'mode': <Mode.pilot_mission_qualifier>, 'settings': {<coil.c_mode_barrier>: {'action': 'disable', 'priority': 0, 'hold_power': None, 'pulse_power': None, 'pulse_ms': None, 'max_wait_ms': None}}}, key=UUID('03e6684e-4699-4a10-a309-bf0b7a9137f5'), condition=None, blocking_facility=None)]. The order of those handlers is not defined and they will be executed in random order. This might lead to race conditions and potential bugs.
2026-05-15 21:44:26,385 : INFO : EventManager : Unordered handler for class ConfigPlayer.coil_player/coils on event mode_pilot_training_mission_missiles_started with priority 200. Handlers: [RegisteredHandler(callback=<bound method ConfigPlayer.config_play_callback of ConfigPlayer.coil_player/coils>, priority=200, kwargs={'calling_context': 'mode_pilot_training_mission_missiles_started', 'mode': <Mode.iceman_letters>, 'settings': {<coil.c_mode_barrier>: {'action': 'off', 'priority': 0, 'hold_power': None, 'pulse_power': None, 'pulse_ms': None, 'max_wait_ms': None}}}, key=UUID('121b03bc-c7ea-49d7-bdef-321c8f6da8e8'), condition=None, blocking_facility=None), RegisteredHandler(callback=<bound method ConfigPlayer.config_play_callback of ConfigPlayer.coil_player/coils>, priority=200, kwargs={'calling_context': 'mode_pilot_training_mission_missiles_started', 'mode': <Mode.pilot_mission_qualifier>, 'settings': {<coil.c_mode_barrier>: {'action': 'disable', 'priority': 0, 'hold_power': None, 'pulse_power': None, 'pulse_ms': None, 'max_wait_ms': None}}}, key=UUID('54dfb94f-84d3-4297-b9aa-d5daa5ea1329'), condition=None, blocking_facility=None)]. The order of those handlers is not defined and they will be executed in random order. This might lead to race conditions and potential bugs.
2026-05-15 21:44:26,385 : INFO : EventManager : Unordered handler for class ConfigPlayer.coil_player/coils on event mode_pilot_training_mission_afterburner_started with priority 200. Handlers: [RegisteredHandler(callback=<bound method ConfigPlayer.config_play_callback of ConfigPlayer.coil_player/coils>, priority=200, kwargs={'calling_context': 'mode_pilot_training_mission_afterburner_started', 'mode': <Mode.iceman_letters>, 'settings': {<coil.c_mode_barrier>: {'action': 'off', 'priority': 0, 'hold_power': None, 'pulse_power': None, 'pulse_ms': None, 'max_wait_ms': None}}}, key=UUID('2a5bdd8c-4c85-4349-893c-f82ae48e72c9'), condition=None, blocking_facility=None), RegisteredHandler(callback=<bound method ConfigPlayer.config_play_callback of ConfigPlayer.coil_player/coils>, priority=200, kwargs={'calling_context': 'mode_pilot_training_mission_afterburner_started', 'mode': <Mode.pilot_mission_qualifier>, 'settings': {<coil.c_mode_barrier>: {'action': 'disable', 'priority': 0, 'hold_power': None, 'pulse_power': None, 'pulse_ms': None, 'max_wait_ms': None}}}, key=UUID('24f1c7e7-2828-4bc6-8779-4a43d9256ca2'), condition=None, blocking_facility=None)]. The order of those handlers is not defined and they will be executed in random order. This might lead to race conditions and potential bugs.
2026-05-15 21:44:26,386 : INFO : EventManager : Unordered handler for class ConfigPlayer.coil_player/coils on event mode_pilot_training_mission_wingman_started with priority 200. Handlers: [RegisteredHandler(callback=<bound method ConfigPlayer.config_play_callback of ConfigPlayer.coil_player/coils>, priority=200, kwargs={'calling_context': 'mode_pilot_training_mission_wingman_started', 'mode': <Mode.iceman_letters>, 'settings': {<coil.c_mode_barrier>: {'action': 'off', 'priority': 0, 'hold_power': None, 'pulse_power': None, 'pulse_ms': None, 'max_wait_ms': None}}}, key=UUID('eedef05c-a2cf-4c89-8d60-d8fa8737c9d3'), condition=None, blocking_facility=None), RegisteredHandler(callback=<bound method ConfigPlayer.config_play_callback of ConfigPlayer.coil_player/coils>, priority=200, kwargs={'calling_context': 'mode_pilot_training_mission_wingman_started', 'mode': <Mode.pilot_mission_qualifier>, 'settings': {<coil.c_mode_barrier>: {'action': 'disable', 'priority': 0, 'hold_power': None, 'pulse_power': None, 'pulse_ms': None, 'max_wait_ms': None}}}, key=UUID('4f80ddce-4b0f-42b4-aa70-85101d982202'), condition=None, blocking_facility=None)]. The order of those handlers is not defined and they will be executed in random order. This might lead to race conditions and potential bugs.
2026-05-15 21:44:26,424 : INFO : EventManager : Unordered handler for class ConfigPlayer.event_player/events on event mode_rescue_cougar_started with priority 200. Handlers: [RegisteredHandler(callback=<bound method ConfigPlayer.config_play_callback of ConfigPlayer.event_player/events>, priority=200, kwargs={'calling_context': 'mode_rescue_cougar_started', 'mode': <Mode.iceman_letters>, 'settings': {'stop_all_training_pulse_shows': [{'condition': None, 'number': None, 'priority': 0, 'params': {}}]}}, key=UUID('52c25843-64d8-4ed8-8013-743574738e3d'), condition=None, blocking_facility=None), RegisteredHandler(callback=<bound method ConfigPlayer.config_play_callback of ConfigPlayer.event_player/events>, priority=200, kwargs={'calling_context': 'mode_rescue_cougar_started', 'mode': <Mode.pilot_mission_qualifier>, 'settings': {'reset_topgun_letters': [{'condition': None, 'number': None, 'priority': 0, 'params': {}}], 'check_all_pilot_modes_played': [{'condition': None, 'number': None, 'priority': 0, 'params': {}}], 'ball_search_reset': [{'condition': None, 'number': None, 'priority': 0, 'params': {}}], 'ball_search_block': [{'condition': None, 'number': None, 'priority': 0, 'params': {}}]}}, key=UUID('fe690ef9-b828-48a1-a2e9-6f2dd1899fa7'), condition=None, blocking_facility=None)]. The order of those handlers is not defined and they will be executed in random order. This might lead to race conditions and potential bugs.
2026-05-15 21:44:26,425 : INFO : EventManager : Unordered handler for class ConfigPlayer.event_player/events on event mode_cool_under_pressure_started with priority 200. Handlers: [RegisteredHandler(callback=<bound method ConfigPlayer.config_play_callback of ConfigPlayer.event_player/events>, priority=200, kwargs={'calling_context': 'mode_cool_under_pressure_started', 'mode': <Mode.iceman_letters>, 'settings': {'stop_all_training_pulse_shows': [{'condition': None, 'number': None, 'priority': 0, 'params': {}}]}}, key=UUID('752f6290-de03-452e-a676-10f57b6dd68b'), condition=None, blocking_facility=None), RegisteredHandler(callback=<bound method ConfigPlayer.config_play_callback of ConfigPlayer.event_player/events>, priority=200, kwargs={'calling_context': 'mode_cool_under_pressure_started', 'mode': <Mode.pilot_mission_qualifier>, 'settings': {'reset_topgun_letters': [{'condition': None, 'number': None, 'priority': 0, 'params': {}}], 'check_all_pilot_modes_played': [{'condition': None, 'number': None, 'priority': 0, 'params': {}}], 'ball_search_reset': [{'condition': None, 'number': None, 'priority': 0, 'params': {}}], 'ball_search_block': [{'condition': None, 'number': None, 'priority': 0, 'params': {}}]}}, key=UUID('c52466c5-623f-4a4e-99ee-fb63e80011bf'), condition=None, blocking_facility=None)]. The order of those handlers is not defined and they will be executed in random order. This might lead to race conditions and potential bugs.
2026-05-15 21:44:26,425 : INFO : EventManager : Unordered handler for class ConfigPlayer.event_player/events on event mode_battle_jester_started with priority 200. Handlers: [RegisteredHandler(callback=<bound method ConfigPlayer.config_play_callback of ConfigPlayer.event_player/events>, priority=200, kwargs={'calling_context': 'mode_battle_jester_started', 'mode': <Mode.iceman_letters>, 'settings': {'stop_all_training_pulse_shows': [{'condition': None, 'number': None, 'priority': 0, 'params': {}}]}}, key=UUID('6a8b3a42-62e7-4c79-b931-8f0073816640'), condition=None, blocking_facility=None), RegisteredHandler(callback=<bound method ConfigPlayer.config_play_callback of ConfigPlayer.event_player/events>, priority=200, kwargs={'calling_context': 'mode_battle_jester_started', 'mode': <Mode.pilot_mission_qualifier>, 'settings': {'reset_topgun_letters': [{'condition': None, 'number': None, 'priority': 0, 'params': {}}], 'check_all_pilot_modes_played': [{'condition': None, 'number': None, 'priority': 0, 'params': {}}], 'ball_search_reset': [{'condition': None, 'number': None, 'priority': 0, 'params': {}}], 'ball_search_block': [{'condition': None, 'number': None, 'priority': 0, 'params': {}}]}}, key=UUID('ce7e1479-5ced-4398-a41b-0e35abdb673a'), condition=None, blocking_facility=None)]. The order of those handlers is not defined and they will be executed in random order. This might lead to race conditions and potential bugs.
2026-05-15 21:44:26,425 : INFO : EventManager : Unordered handler for class ConfigPlayer.event_player/events on event mode_no_points_for_second_place_started with priority 200. Handlers: [RegisteredHandler(callback=<bound method ConfigPlayer.config_play_callback of ConfigPlayer.event_player/events>, priority=200, kwargs={'calling_context': 'mode_no_points_for_second_place_started', 'mode': <Mode.iceman_letters>, 'settings': {'stop_all_training_pulse_shows': [{'condition': None, 'number': None, 'priority': 0, 'params': {}}]}}, key=UUID('78e19a97-3406-4158-8a89-068139ae31fa'), condition=None, blocking_facility=None), RegisteredHandler(callback=<bound method ConfigPlayer.config_play_callback of ConfigPlayer.event_player/events>, priority=200, kwargs={'calling_context': 'mode_no_points_for_second_place_started', 'mode': <Mode.pilot_mission_qualifier>, 'settings': {'reset_topgun_letters': [{'condition': None, 'number': None, 'priority': 0, 'params': {}}], 'check_all_pilot_modes_played': [{'condition': None, 'number': None, 'priority': 0, 'params': {}}], 'ball_search_reset': [{'condition': None, 'number': None, 'priority': 0, 'params': {}}], 'ball_search_block': [{'condition': None, 'number': None, 'priority': 0, 'params': {}}]}}, key=UUID('76e86ed8-f0aa-47dd-94a2-18af95bcf281'), condition=None, blocking_facility=None)]. The order of those handlers is not defined and they will be executed in random order. This might lead to race conditions and potential bugs.
2026-05-15 21:44:26,425 : INFO : EventManager : Unordered handler for class ConfigPlayer.event_player/events on event mode_edge_of_space_started with priority 200. Handlers: [RegisteredHandler(callback=<bound method ConfigPlayer.config_play_callback of ConfigPlayer.event_player/events>, priority=200, kwargs={'calling_context': 'mode_edge_of_space_started', 'mode': <Mode.iceman_letters>, 'settings': {'stop_all_training_pulse_shows': [{'condition': None, 'number': None, 'priority': 0, 'params': {}}]}}, key=UUID('97550074-60b6-4aa4-8e44-25cd3282910c'), condition=None, blocking_facility=None), RegisteredHandler(callback=<bound method ConfigPlayer.config_play_callback of ConfigPlayer.event_player/events>, priority=200, kwargs={'calling_context': 'mode_edge_of_space_started', 'mode': <Mode.pilot_mission_qualifier>, 'settings': {'reset_topgun_letters': [{'condition': None, 'number': None, 'priority': 0, 'params': {}}], 'check_all_pilot_modes_played': [{'condition': None, 'number': None, 'priority': 0, 'params': {}}], 'ball_search_reset': [{'condition': None, 'number': None, 'priority': 0, 'params': {}}], 'ball_search_block': [{'condition': None, 'number': None, 'priority': 0, 'params': {}}]}}, key=UUID('c9b060e4-67be-4d7f-9c57-1da34c3bcb16'), condition=None, blocking_facility=None)]. The order of those handlers is not defined and they will be executed in random order. This might lead to race conditions and potential bugs.
2026-05-15 21:44:26,425 : INFO : EventManager : Unordered handler for class ConfigPlayer.event_player/events on event mode_below_the_hard_deck_started with priority 200. Handlers: [RegisteredHandler(callback=<bound method ConfigPlayer.config_play_callback of ConfigPlayer.event_player/events>, priority=200, kwargs={'calling_context': 'mode_below_the_hard_deck_started', 'mode': <Mode.iceman_letters>, 'settings': {'stop_all_training_pulse_shows': [{'condition': None, 'number': None, 'priority': 0, 'params': {}}]}}, key=UUID('61786813-0438-4797-b989-30efa59e69e9'), condition=None, blocking_facility=None), RegisteredHandler(callback=<bound method ConfigPlayer.config_play_callback of ConfigPlayer.event_player/events>, priority=200, kwargs={'calling_context': 'mode_below_the_hard_deck_started', 'mode': <Mode.pilot_mission_qualifier>, 'settings': {'reset_topgun_letters': [{'condition': None, 'number': None, 'priority': 0, 'params': {}}], 'check_all_pilot_modes_played': [{'condition': None, 'number': None, 'priority': 0, 'params': {}}], 'ball_search_reset': [{'condition': None, 'number': None, 'priority': 0, 'params': {}}], 'ball_search_block': [{'condition': None, 'number': None, 'priority': 0, 'params': {}}]}}, key=UUID('bb4e90f3-9169-4a2d-8801-00c4382d4d5d'), condition=None, blocking_facility=None)]. The order of those handlers is not defined and they will be executed in random order. This might lead to race conditions and potential bugs.
2026-05-15 21:44:26,425 : INFO : EventManager : Unordered handler for class ConfigPlayer.event_player/events on event mode_canyon_run_started with priority 200. Handlers: [RegisteredHandler(callback=<bound method ConfigPlayer.config_play_callback of ConfigPlayer.event_player/events>, priority=200, kwargs={'calling_context': 'mode_canyon_run_started', 'mode': <Mode.iceman_letters>, 'settings': {'stop_all_training_pulse_shows': [{'condition': None, 'number': None, 'priority': 0, 'params': {}}]}}, key=UUID('d71705ed-3ada-421b-b075-5ab374252c88'), condition=None, blocking_facility=None), RegisteredHandler(callback=<bound method ConfigPlayer.config_play_callback of ConfigPlayer.event_player/events>, priority=200, kwargs={'calling_context': 'mode_canyon_run_started', 'mode': <Mode.pilot_mission_qualifier>, 'settings': {'reset_topgun_letters': [{'condition': None, 'number': None, 'priority': 0, 'params': {}}], 'check_all_pilot_modes_played': [{'condition': None, 'number': None, 'priority': 0, 'params': {}}], 'ball_search_reset': [{'condition': None, 'number': None, 'priority': 0, 'params': {}}], 'ball_search_block': [{'condition': None, 'number': None, 'priority': 0, 'params': {}}]}}, key=UUID('f2433548-c085-482d-a391-cbf2f260241e'), condition=None, blocking_facility=None)]. The order of those handlers is not defined and they will be executed in random order. This might lead to race conditions and potential bugs.
2026-05-15 21:44:26,425 : INFO : EventManager : Unordered handler for class ConfigPlayer.event_player/events on event mode_rise_of_phoenix_started with priority 200. Handlers: [RegisteredHandler(callback=<bound method ConfigPlayer.config_play_callback of ConfigPlayer.event_player/events>, priority=200, kwargs={'calling_context': 'mode_rise_of_phoenix_started', 'mode': <Mode.iceman_letters>, 'settings': {'stop_all_training_pulse_shows': [{'condition': None, 'number': None, 'priority': 0, 'params': {}}]}}, key=UUID('55cc88b7-cf88-4be2-986c-7d9372f24888'), condition=None, blocking_facility=None), RegisteredHandler(callback=<bound method ConfigPlayer.config_play_callback of ConfigPlayer.event_player/events>, priority=200, kwargs={'calling_context': 'mode_rise_of_phoenix_started', 'mode': <Mode.pilot_mission_qualifier>, 'settings': {'reset_topgun_letters': [{'condition': None, 'number': None, 'priority': 0, 'params': {}}], 'check_all_pilot_modes_played': [{'condition': None, 'number': None, 'priority': 0, 'params': {}}], 'ball_search_reset': [{'condition': None, 'number': None, 'priority': 0, 'params': {}}], 'ball_search_block': [{'condition': None, 'number': None, 'priority': 0, 'params': {}}]}}, key=UUID('a32d32c9-7ec4-4994-a313-0d3b5d748b64'), condition=None, blocking_facility=None)]. The order of those handlers is not defined and they will be executed in random order. This might lead to race conditions and potential bugs.
2026-05-15 21:44:26,425 : INFO : EventManager : Unordered handler for class ConfigPlayer.event_player/events on event mode_no_margin_for_error_started with priority 200. Handlers: [RegisteredHandler(callback=<bound method ConfigPlayer.config_play_callback of ConfigPlayer.event_player/events>, priority=200, kwargs={'calling_context': 'mode_no_margin_for_error_started', 'mode': <Mode.iceman_letters>, 'settings': {'stop_all_training_pulse_shows': [{'condition': None, 'number': None, 'priority': 0, 'params': {}}]}}, key=UUID('66b43f32-924e-49a5-b562-abfca8c8807b'), condition=None, blocking_facility=None), RegisteredHandler(callback=<bound method ConfigPlayer.config_play_callback of ConfigPlayer.event_player/events>, priority=200, kwargs={'calling_context': 'mode_no_margin_for_error_started', 'mode': <Mode.pilot_mission_qualifier>, 'settings': {'reset_topgun_letters': [{'condition': None, 'number': None, 'priority': 0, 'params': {}}], 'check_all_pilot_modes_played': [{'condition': None, 'number': None, 'priority': 0, 'params': {}}], 'ball_search_reset': [{'condition': None, 'number': None, 'priority': 0, 'params': {}}], 'ball_search_block': [{'condition': None, 'number': None, 'priority': 0, 'params': {}}]}}, key=UUID('c4b76be2-a839-43f9-9281-cea82e56e984'), condition=None, blocking_facility=None)]. The order of those handlers is not defined and they will be executed in random order. This might lead to race conditions and potential bugs.
2026-05-15 21:44:26,425 : INFO : EventManager : Unordered handler for class ConfigPlayer.event_player/events on event mode_hard_deck_maverick_and_charlie_started with priority 200. Handlers: [RegisteredHandler(callback=<bound method ConfigPlayer.config_play_callback of ConfigPlayer.event_player/events>, priority=200, kwargs={'calling_context': 'mode_hard_deck_maverick_and_charlie_started', 'mode': <Mode.iceman_letters>, 'settings': {'stop_all_training_pulse_shows': [{'condition': None, 'number': None, 'priority': 0, 'params': {}}]}}, key=UUID('d3ea4053-6f09-4b7b-97be-4c07d794cdc9'), condition=None, blocking_facility=None), RegisteredHandler(callback=<bound method ConfigPlayer.config_play_callback of ConfigPlayer.event_player/events>, priority=200, kwargs={'calling_context': 'mode_hard_deck_maverick_and_charlie_started', 'mode': <Mode.pilot_mission_qualifier>, 'settings': {'ball_search_reset': [{'condition': None, 'number': None, 'priority': 0, 'params': {}}], 'ball_search_block': [{'condition': None, 'number': None, 'priority': 0, 'params': {}}]}}, key=UUID('8c6aa572-3833-4454-b60e-042046f0aed3'), condition=None, blocking_facility=None)]. The order of those handlers is not defined and they will be executed in random order. This might lead to race conditions and potential bugs.
2026-05-15 21:44:26,425 : INFO : EventManager : Unordered handler for class ConfigPlayer.event_player/events on event mode_hard_deck_playing_with_the_boys_started with priority 200. Handlers: [RegisteredHandler(callback=<bound method ConfigPlayer.config_play_callback of ConfigPlayer.event_player/events>, priority=200, kwargs={'calling_context': 'mode_hard_deck_playing_with_the_boys_started', 'mode': <Mode.iceman_letters>, 'settings': {'stop_all_training_pulse_shows': [{'condition': None, 'number': None, 'priority': 0, 'params': {}}]}}, key=UUID('43859bd7-51ac-455c-bcc4-f94b2a5f6f70'), condition=None, blocking_facility=None), RegisteredHandler(callback=<bound method ConfigPlayer.config_play_callback of ConfigPlayer.event_player/events>, priority=200, kwargs={'calling_context': 'mode_hard_deck_playing_with_the_boys_started', 'mode': <Mode.pilot_mission_qualifier>, 'settings': {'ball_search_reset': [{'condition': None, 'number': None, 'priority': 0, 'params': {}}], 'ball_search_block': [{'condition': None, 'number': None, 'priority': 0, 'params': {}}]}}, key=UUID('b2ebbe59-27e3-4005-921c-e924fb1521e8'), condition=None, blocking_facility=None)]. The order of those handlers is not defined and they will be executed in random order. This might lead to race conditions and potential bugs.
2026-05-15 21:44:26,426 : INFO : EventManager : Unordered handler for class ConfigPlayer.event_player/events on event mode_hard_deck_maverick_and_penny_started with priority 200. Handlers: [RegisteredHandler(callback=<bound method ConfigPlayer.config_play_callback of ConfigPlayer.event_player/events>, priority=200, kwargs={'calling_context': 'mode_hard_deck_maverick_and_penny_started', 'mode': <Mode.iceman_letters>, 'settings': {'stop_all_training_pulse_shows': [{'condition': None, 'number': None, 'priority': 0, 'params': {}}]}}, key=UUID('53e79a6b-2e04-4cc2-b13f-28a5f55d5e2c'), condition=None, blocking_facility=None), RegisteredHandler(callback=<bound method ConfigPlayer.config_play_callback of ConfigPlayer.event_player/events>, priority=200, kwargs={'calling_context': 'mode_hard_deck_maverick_and_penny_started', 'mode': <Mode.pilot_mission_qualifier>, 'settings': {'ball_search_reset': [{'condition': None, 'number': None, 'priority': 0, 'params': {}}], 'ball_search_block': [{'condition': None, 'number': None, 'priority': 0, 'params': {}}]}}, key=UUID('144bc4f8-c535-43a0-9e5a-00d3b66f5db4'), condition=None, blocking_facility=None)]. The order of those handlers is not defined and they will be executed in random order. This might lead to race conditions and potential bugs.
2026-05-15 21:44:26,426 : INFO : EventManager : Unordered handler for class ConfigPlayer.event_player/events on event mode_hard_deck_honoring_iceman_started with priority 200. Handlers: [RegisteredHandler(callback=<bound method ConfigPlayer.config_play_callback of ConfigPlayer.event_player/events>, priority=200, kwargs={'calling_context': 'mode_hard_deck_honoring_iceman_started', 'mode': <Mode.iceman_letters>, 'settings': {'stop_all_training_pulse_shows': [{'condition': None, 'number': None, 'priority': 0, 'params': {}}]}}, key=UUID('5c9e050a-e185-49d0-a30e-91ace29dc4d2'), condition=None, blocking_facility=None), RegisteredHandler(callback=<bound method ConfigPlayer.config_play_callback of ConfigPlayer.event_player/events>, priority=200, kwargs={'calling_context': 'mode_hard_deck_honoring_iceman_started', 'mode': <Mode.pilot_mission_qualifier>, 'settings': {'ball_search_reset': [{'condition': None, 'number': None, 'priority': 0, 'params': {}}], 'ball_search_block': [{'condition': None, 'number': None, 'priority': 0, 'params': {}}]}}, key=UUID('d0fcafa7-1339-472b-848a-c5935e391edc'), condition=None, blocking_facility=None)]. The order of those handlers is not defined and they will be executed in random order. This might lead to race conditions and potential bugs.
2026-05-15 21:44:26,426 : INFO : EventManager : Unordered handler for class ConfigPlayer.coil_player/coils on event mode_pilot_training_mission_inverted_started with priority 200. Handlers: [RegisteredHandler(callback=<bound method ConfigPlayer.config_play_callback of ConfigPlayer.coil_player/coils>, priority=200, kwargs={'calling_context': 'mode_pilot_training_mission_inverted_started', 'mode': <Mode.iceman_letters>, 'settings': {<coil.c_mode_barrier>: {'action': 'off', 'priority': 0, 'hold_power': None, 'pulse_power': None, 'pulse_ms': None, 'max_wait_ms': None}}}, key=UUID('3dae2cec-1c17-45ad-a0d2-be9516ff4c85'), condition=None, blocking_facility=None), RegisteredHandler(callback=<bound method ConfigPlayer.config_play_callback of ConfigPlayer.coil_player/coils>, priority=200, kwargs={'calling_context': 'mode_pilot_training_mission_inverted_started', 'mode': <Mode.pilot_mission_qualifier>, 'settings': {<coil.c_mode_barrier>: {'action': 'disable', 'priority': 0, 'hold_power': None, 'pulse_power': None, 'pulse_ms': None, 'max_wait_ms': None}}}, key=UUID('03e6684e-4699-4a10-a309-bf0b7a9137f5'), condition=None, blocking_facility=None)]. The order of those handlers is not defined and they will be executed in random order. This might lead to race conditions and potential bugs.
2026-05-15 21:44:26,426 : INFO : EventManager : Unordered handler for class ConfigPlayer.event_player/events on event mode_pilot_training_mission_inverted_started with priority 200. Handlers: [RegisteredHandler(callback=<bound method ConfigPlayer.config_play_callback of ConfigPlayer.event_player/events>, priority=200, kwargs={'calling_context': 'mode_pilot_training_mission_inverted_started', 'mode': <Mode.iceman_letters>, 'settings': {'stop_all_training_pulse_shows': [{'condition': None, 'number': None, 'priority': 0, 'params': {}}]}}, key=UUID('a2e92aca-a6f8-47cc-b2e4-3597c1555ae8'), condition=None, blocking_facility=None), RegisteredHandler(callback=<bound method ConfigPlayer.config_play_callback of ConfigPlayer.event_player/events>, priority=200, kwargs={'calling_context': 'mode_pilot_training_mission_inverted_started', 'mode': <Mode.pilot_mission_qualifier>, 'settings': {'ball_search_reset': [{'condition': None, 'number': None, 'priority': 0, 'params': {}}], 'ball_search_block': [{'condition': None, 'number': None, 'priority': 0, 'params': {}}]}}, key=UUID('18cbd739-0039-47aa-a16e-ad29a8fa9a13'), condition=None, blocking_facility=None)]. The order of those handlers is not defined and they will be executed in random order. This might lead to race conditions and potential bugs.
2026-05-15 21:44:26,426 : INFO : EventManager : Unordered handler for class ConfigPlayer.coil_player/coils on event mode_pilot_training_mission_missiles_started with priority 200. Handlers: [RegisteredHandler(callback=<bound method ConfigPlayer.config_play_callback of ConfigPlayer.coil_player/coils>, priority=200, kwargs={'calling_context': 'mode_pilot_training_mission_missiles_started', 'mode': <Mode.iceman_letters>, 'settings': {<coil.c_mode_barrier>: {'action': 'off', 'priority': 0, 'hold_power': None, 'pulse_power': None, 'pulse_ms': None, 'max_wait_ms': None}}}, key=UUID('121b03bc-c7ea-49d7-bdef-321c8f6da8e8'), condition=None, blocking_facility=None), RegisteredHandler(callback=<bound method ConfigPlayer.config_play_callback of ConfigPlayer.coil_player/coils>, priority=200, kwargs={'calling_context': 'mode_pilot_training_mission_missiles_started', 'mode': <Mode.pilot_mission_qualifier>, 'settings': {<coil.c_mode_barrier>: {'action': 'disable', 'priority': 0, 'hold_power': None, 'pulse_power': None, 'pulse_ms': None, 'max_wait_ms': None}}}, key=UUID('54dfb94f-84d3-4297-b9aa-d5daa5ea1329'), condition=None, blocking_facility=None)]. The order of those handlers is not defined and they will be executed in random order. This might lead to race conditions and potential bugs.
2026-05-15 21:44:26,426 : INFO : EventManager : Unordered handler for class ConfigPlayer.event_player/events on event mode_pilot_training_mission_missiles_started with priority 200. Handlers: [RegisteredHandler(callback=<bound method ConfigPlayer.config_play_callback of ConfigPlayer.event_player/events>, priority=200, kwargs={'calling_context': 'mode_pilot_training_mission_missiles_started', 'mode': <Mode.iceman_letters>, 'settings': {'stop_all_training_pulse_shows': [{'condition': None, 'number': None, 'priority': 0, 'params': {}}]}}, key=UUID('fedf5ef9-d0f7-4492-978f-2cd459f33838'), condition=None, blocking_facility=None), RegisteredHandler(callback=<bound method ConfigPlayer.config_play_callback of ConfigPlayer.event_player/events>, priority=200, kwargs={'calling_context': 'mode_pilot_training_mission_missiles_started', 'mode': <Mode.pilot_mission_qualifier>, 'settings': {'ball_search_reset': [{'condition': None, 'number': None, 'priority': 0, 'params': {}}], 'ball_search_block': [{'condition': None, 'number': None, 'priority': 0, 'params': {}}]}}, key=UUID('0a46608b-007e-439e-b06f-f747dd3b3dba'), condition=None, blocking_facility=None)]. The order of those handlers is not defined and they will be executed in random order. This might lead to race conditions and potential bugs.
2026-05-15 21:44:26,426 : INFO : EventManager : Unordered handler for class ConfigPlayer.coil_player/coils on event mode_pilot_training_mission_afterburner_started with priority 200. Handlers: [RegisteredHandler(callback=<bound method ConfigPlayer.config_play_callback of ConfigPlayer.coil_player/coils>, priority=200, kwargs={'calling_context': 'mode_pilot_training_mission_afterburner_started', 'mode': <Mode.iceman_letters>, 'settings': {<coil.c_mode_barrier>: {'action': 'off', 'priority': 0, 'hold_power': None, 'pulse_power': None, 'pulse_ms': None, 'max_wait_ms': None}}}, key=UUID('2a5bdd8c-4c85-4349-893c-f82ae48e72c9'), condition=None, blocking_facility=None), RegisteredHandler(callback=<bound method ConfigPlayer.config_play_callback of ConfigPlayer.coil_player/coils>, priority=200, kwargs={'calling_context': 'mode_pilot_training_mission_afterburner_started', 'mode': <Mode.pilot_mission_qualifier>, 'settings': {<coil.c_mode_barrier>: {'action': 'disable', 'priority': 0, 'hold_power': None, 'pulse_power': None, 'pulse_ms': None, 'max_wait_ms': None}}}, key=UUID('24f1c7e7-2828-4bc6-8779-4a43d9256ca2'), condition=None, blocking_facility=None)]. The order of those handlers is not defined and they will be executed in random order. This might lead to race conditions and potential bugs.
2026-05-15 21:44:26,426 : INFO : EventManager : Unordered handler for class ConfigPlayer.event_player/events on event mode_pilot_training_mission_afterburner_started with priority 200. Handlers: [RegisteredHandler(callback=<bound method ConfigPlayer.config_play_callback of ConfigPlayer.event_player/events>, priority=200, kwargs={'calling_context': 'mode_pilot_training_mission_afterburner_started', 'mode': <Mode.iceman_letters>, 'settings': {'stop_all_training_pulse_shows': [{'condition': None, 'number': None, 'priority': 0, 'params': {}}]}}, key=UUID('e273e97d-079b-4503-917a-2102393ef80b'), condition=None, blocking_facility=None), RegisteredHandler(callback=<bound method ConfigPlayer.config_play_callback of ConfigPlayer.event_player/events>, priority=200, kwargs={'calling_context': 'mode_pilot_training_mission_afterburner_started', 'mode': <Mode.pilot_mission_qualifier>, 'settings': {'ball_search_reset': [{'condition': None, 'number': None, 'priority': 0, 'params': {}}], 'ball_search_block': [{'condition': None, 'number': None, 'priority': 0, 'params': {}}]}}, key=UUID('c9742cd7-f0d8-4013-9ff1-533c0235ca74'), condition=None, blocking_facility=None)]. The order of those handlers is not defined and they will be executed in random order. This might lead to race conditions and potential bugs.
2026-05-15 21:44:26,427 : INFO : EventManager : Unordered handler for class ConfigPlayer.coil_player/coils on event mode_pilot_training_mission_wingman_started with priority 200. Handlers: [RegisteredHandler(callback=<bound method ConfigPlayer.config_play_callback of ConfigPlayer.coil_player/coils>, priority=200, kwargs={'calling_context': 'mode_pilot_training_mission_wingman_started', 'mode': <Mode.iceman_letters>, 'settings': {<coil.c_mode_barrier>: {'action': 'off', 'priority': 0, 'hold_power': None, 'pulse_power': None, 'pulse_ms': None, 'max_wait_ms': None}}}, key=UUID('eedef05c-a2cf-4c89-8d60-d8fa8737c9d3'), condition=None, blocking_facility=None), RegisteredHandler(callback=<bound method ConfigPlayer.config_play_callback of ConfigPlayer.coil_player/coils>, priority=200, kwargs={'calling_context': 'mode_pilot_training_mission_wingman_started', 'mode': <Mode.pilot_mission_qualifier>, 'settings': {<coil.c_mode_barrier>: {'action': 'disable', 'priority': 0, 'hold_power': None, 'pulse_power': None, 'pulse_ms': None, 'max_wait_ms': None}}}, key=UUID('4f80ddce-4b0f-42b4-aa70-85101d982202'), condition=None, blocking_facility=None)]. The order of those handlers is not defined and they will be executed in random order. This might lead to race conditions and potential bugs.
2026-05-15 21:44:26,427 : INFO : EventManager : Unordered handler for class ConfigPlayer.event_player/events on event mode_pilot_training_mission_wingman_started with priority 200. Handlers: [RegisteredHandler(callback=<bound method ConfigPlayer.config_play_callback of ConfigPlayer.event_player/events>, priority=200, kwargs={'calling_context': 'mode_pilot_training_mission_wingman_started', 'mode': <Mode.iceman_letters>, 'settings': {'stop_all_training_pulse_shows': [{'condition': None, 'number': None, 'priority': 0, 'params': {}}]}}, key=UUID('cfc81aa6-ca83-4c3c-ace8-d570971a7c18'), condition=None, blocking_facility=None), RegisteredHandler(callback=<bound method ConfigPlayer.config_play_callback of ConfigPlayer.event_player/events>, priority=200, kwargs={'calling_context': 'mode_pilot_training_mission_wingman_started', 'mode': <Mode.pilot_mission_qualifier>, 'settings': {'ball_search_reset': [{'condition': None, 'number': None, 'priority': 0, 'params': {}}], 'ball_search_block': [{'condition': None, 'number': None, 'priority': 0, 'params': {}}]}}, key=UUID('3eb9e15c-6d99-40ba-81cb-657e53b3c6d1'), condition=None, blocking_facility=None)]. The order of those handlers is not defined and they will be executed in random order. This might lead to race conditions and potential bugs.
2026-05-15 21:44:26,429 : INFO : EventManager : Unordered handler for class ConfigPlayer.event_player/events on event mode_no_points_for_second_place_started with priority 200. Handlers: [RegisteredHandler(callback=<bound method ConfigPlayer.config_play_callback of ConfigPlayer.event_player/events>, priority=200, kwargs={'calling_context': 'mode_no_points_for_second_place_started', 'mode': <Mode.iceman_letters>, 'settings': {'stop_all_training_pulse_shows': [{'condition': None, 'number': None, 'priority': 0, 'params': {}}]}}, key=UUID('78e19a97-3406-4158-8a89-068139ae31fa'), condition=None, blocking_facility=None), RegisteredHandler(callback=<bound method ConfigPlayer.config_play_callback of ConfigPlayer.event_player/events>, priority=200, kwargs={'calling_context': 'mode_no_points_for_second_place_started', 'mode': <Mode.pilot_mission_qualifier>, 'settings': {'reset_topgun_letters': [{'condition': None, 'number': None, 'priority': 0, 'params': {}}], 'check_all_pilot_modes_played': [{'condition': None, 'number': None, 'priority': 0, 'params': {}}], 'ball_search_reset': [{'condition': None, 'number': None, 'priority': 0, 'params': {}}], 'ball_search_block': [{'condition': None, 'number': None, 'priority': 0, 'params': {}}]}}, key=UUID('76e86ed8-f0aa-47dd-94a2-18af95bcf281'), condition=None, blocking_facility=None)]. The order of those handlers is not defined and they will be executed in random order. This might lead to race conditions and potential bugs.
2026-05-15 21:44:26,432 : INFO : EventManager : Unordered handler for class ConfigPlayer.event_player/events on event mode_rescue_cougar_started with priority 200. Handlers: [RegisteredHandler(callback=<bound method ConfigPlayer.config_play_callback of ConfigPlayer.event_player/events>, priority=200, kwargs={'calling_context': 'mode_rescue_cougar_started', 'mode': <Mode.iceman_letters>, 'settings': {'stop_all_training_pulse_shows': [{'condition': None, 'number': None, 'priority': 0, 'params': {}}]}}, key=UUID('52c25843-64d8-4ed8-8013-743574738e3d'), condition=None, blocking_facility=None), RegisteredHandler(callback=<bound method ConfigPlayer.config_play_callback of ConfigPlayer.event_player/events>, priority=200, kwargs={'calling_context': 'mode_rescue_cougar_started', 'mode': <Mode.pilot_mission_qualifier>, 'settings': {'reset_topgun_letters': [{'condition': None, 'number': None, 'priority': 0, 'params': {}}], 'check_all_pilot_modes_played': [{'condition': None, 'number': None, 'priority': 0, 'params': {}}], 'ball_search_reset': [{'condition': None, 'number': None, 'priority': 0, 'params': {}}], 'ball_search_block': [{'condition': None, 'number': None, 'priority': 0, 'params': {}}]}}, key=UUID('fe690ef9-b828-48a1-a2e9-6f2dd1899fa7'), condition=None, blocking_facility=None)]. The order of those handlers is not defined and they will be executed in random order. This might lead to race conditions and potential bugs.
2026-05-15 21:44:26,432 : INFO : EventManager : Unordered handler for class ConfigPlayer.event_player/events on event mode_cool_under_pressure_started with priority 200. Handlers: [RegisteredHandler(callback=<bound method ConfigPlayer.config_play_callback of ConfigPlayer.event_player/events>, priority=200, kwargs={'calling_context': 'mode_cool_under_pressure_started', 'mode': <Mode.iceman_letters>, 'settings': {'stop_all_training_pulse_shows': [{'condition': None, 'number': None, 'priority': 0, 'params': {}}]}}, key=UUID('752f6290-de03-452e-a676-10f57b6dd68b'), condition=None, blocking_facility=None), RegisteredHandler(callback=<bound method ConfigPlayer.config_play_callback of ConfigPlayer.event_player/events>, priority=200, kwargs={'calling_context': 'mode_cool_under_pressure_started', 'mode': <Mode.pilot_mission_qualifier>, 'settings': {'reset_topgun_letters': [{'condition': None, 'number': None, 'priority': 0, 'params': {}}], 'check_all_pilot_modes_played': [{'condition': None, 'number': None, 'priority': 0, 'params': {}}], 'ball_search_reset': [{'condition': None, 'number': None, 'priority': 0, 'params': {}}], 'ball_search_block': [{'condition': None, 'number': None, 'priority': 0, 'params': {}}]}}, key=UUID('c52466c5-623f-4a4e-99ee-fb63e80011bf'), condition=None, blocking_facility=None)]. The order of those handlers is not defined and they will be executed in random order. This might lead to race conditions and potential bugs.
2026-05-15 21:44:26,433 : INFO : EventManager : Unordered handler for class ConfigPlayer.event_player/events on event mode_battle_jester_started with priority 200. Handlers: [RegisteredHandler(callback=<bound method ConfigPlayer.config_play_callback of ConfigPlayer.event_player/events>, priority=200, kwargs={'calling_context': 'mode_battle_jester_started', 'mode': <Mode.iceman_letters>, 'settings': {'stop_all_training_pulse_shows': [{'condition': None, 'number': None, 'priority': 0, 'params': {}}]}}, key=UUID('6a8b3a42-62e7-4c79-b931-8f0073816640'), condition=None, blocking_facility=None), RegisteredHandler(callback=<bound method ConfigPlayer.config_play_callback of ConfigPlayer.event_player/events>, priority=200, kwargs={'calling_context': 'mode_battle_jester_started', 'mode': <Mode.pilot_mission_qualifier>, 'settings': {'reset_topgun_letters': [{'condition': None, 'number': None, 'priority': 0, 'params': {}}], 'check_all_pilot_modes_played': [{'condition': None, 'number': None, 'priority': 0, 'params': {}}], 'ball_search_reset': [{'condition': None, 'number': None, 'priority': 0, 'params': {}}], 'ball_search_block': [{'condition': None, 'number': None, 'priority': 0, 'params': {}}]}}, key=UUID('ce7e1479-5ced-4398-a41b-0e35abdb673a'), condition=None, blocking_facility=None)]. The order of those handlers is not defined and they will be executed in random order. This might lead to race conditions and potential bugs.
2026-05-15 21:44:26,433 : INFO : EventManager : Unordered handler for class ConfigPlayer.event_player/events on event mode_edge_of_space_started with priority 200. Handlers: [RegisteredHandler(callback=<bound method ConfigPlayer.config_play_callback of ConfigPlayer.event_player/events>, priority=200, kwargs={'calling_context': 'mode_edge_of_space_started', 'mode': <Mode.iceman_letters>, 'settings': {'stop_all_training_pulse_shows': [{'condition': None, 'number': None, 'priority': 0, 'params': {}}]}}, key=UUID('97550074-60b6-4aa4-8e44-25cd3282910c'), condition=None, blocking_facility=None), RegisteredHandler(callback=<bound method ConfigPlayer.config_play_callback of ConfigPlayer.event_player/events>, priority=200, kwargs={'calling_context': 'mode_edge_of_space_started', 'mode': <Mode.pilot_mission_qualifier>, 'settings': {'reset_topgun_letters': [{'condition': None, 'number': None, 'priority': 0, 'params': {}}], 'check_all_pilot_modes_played': [{'condition': None, 'number': None, 'priority': 0, 'params': {}}], 'ball_search_reset': [{'condition': None, 'number': None, 'priority': 0, 'params': {}}], 'ball_search_block': [{'condition': None, 'number': None, 'priority': 0, 'params': {}}]}}, key=UUID('c9b060e4-67be-4d7f-9c57-1da34c3bcb16'), condition=None, blocking_facility=None)]. The order of those handlers is not defined and they will be executed in random order. This might lead to race conditions and potential bugs.
2026-05-15 21:44:26,433 : INFO : EventManager : Unordered handler for class ConfigPlayer.event_player/events on event mode_below_the_hard_deck_started with priority 200. Handlers: [RegisteredHandler(callback=<bound method ConfigPlayer.config_play_callback of ConfigPlayer.event_player/events>, priority=200, kwargs={'calling_context': 'mode_below_the_hard_deck_started', 'mode': <Mode.iceman_letters>, 'settings': {'stop_all_training_pulse_shows': [{'condition': None, 'number': None, 'priority': 0, 'params': {}}]}}, key=UUID('61786813-0438-4797-b989-30efa59e69e9'), condition=None, blocking_facility=None), RegisteredHandler(callback=<bound method ConfigPlayer.config_play_callback of ConfigPlayer.event_player/events>, priority=200, kwargs={'calling_context': 'mode_below_the_hard_deck_started', 'mode': <Mode.pilot_mission_qualifier>, 'settings': {'reset_topgun_letters': [{'condition': None, 'number': None, 'priority': 0, 'params': {}}], 'check_all_pilot_modes_played': [{'condition': None, 'number': None, 'priority': 0, 'params': {}}], 'ball_search_reset': [{'condition': None, 'number': None, 'priority': 0, 'params': {}}], 'ball_search_block': [{'condition': None, 'number': None, 'priority': 0, 'params': {}}]}}, key=UUID('bb4e90f3-9169-4a2d-8801-00c4382d4d5d'), condition=None, blocking_facility=None)]. The order of those handlers is not defined and they will be executed in random order. This might lead to race conditions and potential bugs.
2026-05-15 21:44:26,433 : INFO : EventManager : Unordered handler for class ConfigPlayer.event_player/events on event mode_canyon_run_started with priority 200. Handlers: [RegisteredHandler(callback=<bound method ConfigPlayer.config_play_callback of ConfigPlayer.event_player/events>, priority=200, kwargs={'calling_context': 'mode_canyon_run_started', 'mode': <Mode.iceman_letters>, 'settings': {'stop_all_training_pulse_shows': [{'condition': None, 'number': None, 'priority': 0, 'params': {}}]}}, key=UUID('d71705ed-3ada-421b-b075-5ab374252c88'), condition=None, blocking_facility=None), RegisteredHandler(callback=<bound method ConfigPlayer.config_play_callback of ConfigPlayer.event_player/events>, priority=200, kwargs={'calling_context': 'mode_canyon_run_started', 'mode': <Mode.pilot_mission_qualifier>, 'settings': {'reset_topgun_letters': [{'condition': None, 'number': None, 'priority': 0, 'params': {}}], 'check_all_pilot_modes_played': [{'condition': None, 'number': None, 'priority': 0, 'params': {}}], 'ball_search_reset': [{'condition': None, 'number': None, 'priority': 0, 'params': {}}], 'ball_search_block': [{'condition': None, 'number': None, 'priority': 0, 'params': {}}]}}, key=UUID('f2433548-c085-482d-a391-cbf2f260241e'), condition=None, blocking_facility=None)]. The order of those handlers is not defined and they will be executed in random order. This might lead to race conditions and potential bugs.
2026-05-15 21:44:26,433 : INFO : EventManager : Unordered handler for class ConfigPlayer.event_player/events on event mode_rise_of_phoenix_started with priority 200. Handlers: [RegisteredHandler(callback=<bound method ConfigPlayer.config_play_callback of ConfigPlayer.event_player/events>, priority=200, kwargs={'calling_context': 'mode_rise_of_phoenix_started', 'mode': <Mode.iceman_letters>, 'settings': {'stop_all_training_pulse_shows': [{'condition': None, 'number': None, 'priority': 0, 'params': {}}]}}, key=UUID('55cc88b7-cf88-4be2-986c-7d9372f24888'), condition=None, blocking_facility=None), RegisteredHandler(callback=<bound method ConfigPlayer.config_play_callback of ConfigPlayer.event_player/events>, priority=200, kwargs={'calling_context': 'mode_rise_of_phoenix_started', 'mode': <Mode.pilot_mission_qualifier>, 'settings': {'reset_topgun_letters': [{'condition': None, 'number': None, 'priority': 0, 'params': {}}], 'check_all_pilot_modes_played': [{'condition': None, 'number': None, 'priority': 0, 'params': {}}], 'ball_search_reset': [{'condition': None, 'number': None, 'priority': 0, 'params': {}}], 'ball_search_block': [{'condition': None, 'number': None, 'priority': 0, 'params': {}}]}}, key=UUID('a32d32c9-7ec4-4994-a313-0d3b5d748b64'), condition=None, blocking_facility=None)]. The order of those handlers is not defined and they will be executed in random order. This might lead to race conditions and potential bugs.
2026-05-15 21:44:26,434 : INFO : EventManager : Unordered handler for class ConfigPlayer.event_player/events on event mode_no_margin_for_error_started with priority 200. Handlers: [RegisteredHandler(callback=<bound method ConfigPlayer.config_play_callback of ConfigPlayer.event_player/events>, priority=200, kwargs={'calling_context': 'mode_no_margin_for_error_started', 'mode': <Mode.iceman_letters>, 'settings': {'stop_all_training_pulse_shows': [{'condition': None, 'number': None, 'priority': 0, 'params': {}}]}}, key=UUID('66b43f32-924e-49a5-b562-abfca8c8807b'), condition=None, blocking_facility=None), RegisteredHandler(callback=<bound method ConfigPlayer.config_play_callback of ConfigPlayer.event_player/events>, priority=200, kwargs={'calling_context': 'mode_no_margin_for_error_started', 'mode': <Mode.pilot_mission_qualifier>, 'settings': {'reset_topgun_letters': [{'condition': None, 'number': None, 'priority': 0, 'params': {}}], 'check_all_pilot_modes_played': [{'condition': None, 'number': None, 'priority': 0, 'params': {}}], 'ball_search_reset': [{'condition': None, 'number': None, 'priority': 0, 'params': {}}], 'ball_search_block': [{'condition': None, 'number': None, 'priority': 0, 'params': {}}]}}, key=UUID('c4b76be2-a839-43f9-9281-cea82e56e984'), condition=None, blocking_facility=None)]. The order of those handlers is not defined and they will be executed in random order. This might lead to race conditions and potential bugs.
2026-05-15 21:44:26,438 : INFO : EventManager : Unordered handler for class ConfigPlayer.event_player/events on event mode_rescue_cougar_started with priority 200. Handlers: [RegisteredHandler(callback=<bound method ConfigPlayer.config_play_callback of ConfigPlayer.event_player/events>, priority=200, kwargs={'calling_context': 'mode_rescue_cougar_started', 'mode': <Mode.iceman_letters>, 'settings': {'stop_all_training_pulse_shows': [{'condition': None, 'number': None, 'priority': 0, 'params': {}}]}}, key=UUID('52c25843-64d8-4ed8-8013-743574738e3d'), condition=None, blocking_facility=None), RegisteredHandler(callback=<bound method ConfigPlayer.config_play_callback of ConfigPlayer.event_player/events>, priority=200, kwargs={'calling_context': 'mode_rescue_cougar_started', 'mode': <Mode.pilot_mission_qualifier>, 'settings': {'reset_topgun_letters': [{'condition': None, 'number': None, 'priority': 0, 'params': {}}], 'check_all_pilot_modes_played': [{'condition': None, 'number': None, 'priority': 0, 'params': {}}], 'ball_search_reset': [{'condition': None, 'number': None, 'priority': 0, 'params': {}}], 'ball_search_block': [{'condition': None, 'number': None, 'priority': 0, 'params': {}}]}}, key=UUID('fe690ef9-b828-48a1-a2e9-6f2dd1899fa7'), condition=None, blocking_facility=None)]. The order of those handlers is not defined and they will be executed in random order. This might lead to race conditions and potential bugs.
2026-05-15 21:44:26,438 : INFO : EventManager : Unordered handler for class ConfigPlayer.event_player/events on event mode_cool_under_pressure_started with priority 200. Handlers: [RegisteredHandler(callback=<bound method ConfigPlayer.config_play_callback of ConfigPlayer.event_player/events>, priority=200, kwargs={'calling_context': 'mode_cool_under_pressure_started', 'mode': <Mode.iceman_letters>, 'settings': {'stop_all_training_pulse_shows': [{'condition': None, 'number': None, 'priority': 0, 'params': {}}]}}, key=UUID('752f6290-de03-452e-a676-10f57b6dd68b'), condition=None, blocking_facility=None), RegisteredHandler(callback=<bound method ConfigPlayer.config_play_callback of ConfigPlayer.event_player/events>, priority=200, kwargs={'calling_context': 'mode_cool_under_pressure_started', 'mode': <Mode.pilot_mission_qualifier>, 'settings': {'reset_topgun_letters': [{'condition': None, 'number': None, 'priority': 0, 'params': {}}], 'check_all_pilot_modes_played': [{'condition': None, 'number': None, 'priority': 0, 'params': {}}], 'ball_search_reset': [{'condition': None, 'number': None, 'priority': 0, 'params': {}}], 'ball_search_block': [{'condition': None, 'number': None, 'priority': 0, 'params': {}}]}}, key=UUID('c52466c5-623f-4a4e-99ee-fb63e80011bf'), condition=None, blocking_facility=None)]. The order of those handlers is not defined and they will be executed in random order. This might lead to race conditions and potential bugs.
2026-05-15 21:44:26,438 : INFO : EventManager : Unordered handler for class ConfigPlayer.event_player/events on event mode_battle_jester_started with priority 200. Handlers: [RegisteredHandler(callback=<bound method ConfigPlayer.config_play_callback of ConfigPlayer.event_player/events>, priority=200, kwargs={'calling_context': 'mode_battle_jester_started', 'mode': <Mode.iceman_letters>, 'settings': {'stop_all_training_pulse_shows': [{'condition': None, 'number': None, 'priority': 0, 'params': {}}]}}, key=UUID('6a8b3a42-62e7-4c79-b931-8f0073816640'), condition=None, blocking_facility=None), RegisteredHandler(callback=<bound method ConfigPlayer.config_play_callback of ConfigPlayer.event_player/events>, priority=200, kwargs={'calling_context': 'mode_battle_jester_started', 'mode': <Mode.pilot_mission_qualifier>, 'settings': {'reset_topgun_letters': [{'condition': None, 'number': None, 'priority': 0, 'params': {}}], 'check_all_pilot_modes_played': [{'condition': None, 'number': None, 'priority': 0, 'params': {}}], 'ball_search_reset': [{'condition': None, 'number': None, 'priority': 0, 'params': {}}], 'ball_search_block': [{'condition': None, 'number': None, 'priority': 0, 'params': {}}]}}, key=UUID('ce7e1479-5ced-4398-a41b-0e35abdb673a'), condition=None, blocking_facility=None)]. The order of those handlers is not defined and they will be executed in random order. This might lead to race conditions and potential bugs.
2026-05-15 21:44:26,438 : INFO : EventManager : Unordered handler for class ConfigPlayer.event_player/events on event mode_no_points_for_second_place_started with priority 200. Handlers: [RegisteredHandler(callback=<bound method ConfigPlayer.config_play_callback of ConfigPlayer.event_player/events>, priority=200, kwargs={'calling_context': 'mode_no_points_for_second_place_started', 'mode': <Mode.iceman_letters>, 'settings': {'stop_all_training_pulse_shows': [{'condition': None, 'number': None, 'priority': 0, 'params': {}}]}}, key=UUID('78e19a97-3406-4158-8a89-068139ae31fa'), condition=None, blocking_facility=None), RegisteredHandler(callback=<bound method ConfigPlayer.config_play_callback of ConfigPlayer.event_player/events>, priority=200, kwargs={'calling_context': 'mode_no_points_for_second_place_started', 'mode': <Mode.pilot_mission_qualifier>, 'settings': {'reset_topgun_letters': [{'condition': None, 'number': None, 'priority': 0, 'params': {}}], 'check_all_pilot_modes_played': [{'condition': None, 'number': None, 'priority': 0, 'params': {}}], 'ball_search_reset': [{'condition': None, 'number': None, 'priority': 0, 'params': {}}], 'ball_search_block': [{'condition': None, 'number': None, 'priority': 0, 'params': {}}]}}, key=UUID('76e86ed8-f0aa-47dd-94a2-18af95bcf281'), condition=None, blocking_facility=None)]. The order of those handlers is not defined and they will be executed in random order. This might lead to race conditions and potential bugs.
2026-05-15 21:44:26,438 : INFO : EventManager : Unordered handler for class ConfigPlayer.event_player/events on event mode_edge_of_space_started with priority 200. Handlers: [RegisteredHandler(callback=<bound method ConfigPlayer.config_play_callback of ConfigPlayer.event_player/events>, priority=200, kwargs={'calling_context': 'mode_edge_of_space_started', 'mode': <Mode.iceman_letters>, 'settings': {'stop_all_training_pulse_shows': [{'condition': None, 'number': None, 'priority': 0, 'params': {}}]}}, key=UUID('97550074-60b6-4aa4-8e44-25cd3282910c'), condition=None, blocking_facility=None), RegisteredHandler(callback=<bound method ConfigPlayer.config_play_callback of ConfigPlayer.event_player/events>, priority=200, kwargs={'calling_context': 'mode_edge_of_space_started', 'mode': <Mode.pilot_mission_qualifier>, 'settings': {'reset_topgun_letters': [{'condition': None, 'number': None, 'priority': 0, 'params': {}}], 'check_all_pilot_modes_played': [{'condition': None, 'number': None, 'priority': 0, 'params': {}}], 'ball_search_reset': [{'condition': None, 'number': None, 'priority': 0, 'params': {}}], 'ball_search_block': [{'condition': None, 'number': None, 'priority': 0, 'params': {}}]}}, key=UUID('c9b060e4-67be-4d7f-9c57-1da34c3bcb16'), condition=None, blocking_facility=None)]. The order of those handlers is not defined and they will be executed in random order. This might lead to race conditions and potential bugs.
2026-05-15 21:44:26,438 : INFO : EventManager : Unordered handler for class ConfigPlayer.event_player/events on event mode_below_the_hard_deck_started with priority 200. Handlers: [RegisteredHandler(callback=<bound method ConfigPlayer.config_play_callback of ConfigPlayer.event_player/events>, priority=200, kwargs={'calling_context': 'mode_below_the_hard_deck_started', 'mode': <Mode.iceman_letters>, 'settings': {'stop_all_training_pulse_shows': [{'condition': None, 'number': None, 'priority': 0, 'params': {}}]}}, key=UUID('61786813-0438-4797-b989-30efa59e69e9'), condition=None, blocking_facility=None), RegisteredHandler(callback=<bound method ConfigPlayer.config_play_callback of ConfigPlayer.event_player/events>, priority=200, kwargs={'calling_context': 'mode_below_the_hard_deck_started', 'mode': <Mode.pilot_mission_qualifier>, 'settings': {'reset_topgun_letters': [{'condition': None, 'number': None, 'priority': 0, 'params': {}}], 'check_all_pilot_modes_played': [{'condition': None, 'number': None, 'priority': 0, 'params': {}}], 'ball_search_reset': [{'condition': None, 'number': None, 'priority': 0, 'params': {}}], 'ball_search_block': [{'condition': None, 'number': None, 'priority': 0, 'params': {}}]}}, key=UUID('bb4e90f3-9169-4a2d-8801-00c4382d4d5d'), condition=None, blocking_facility=None)]. The order of those handlers is not defined and they will be executed in random order. This might lead to race conditions and potential bugs.
2026-05-15 21:44:26,439 : INFO : EventManager : Unordered handler for class ConfigPlayer.event_player/events on event mode_canyon_run_started with priority 200. Handlers: [RegisteredHandler(callback=<bound method ConfigPlayer.config_play_callback of ConfigPlayer.event_player/events>, priority=200, kwargs={'calling_context': 'mode_canyon_run_started', 'mode': <Mode.iceman_letters>, 'settings': {'stop_all_training_pulse_shows': [{'condition': None, 'number': None, 'priority': 0, 'params': {}}]}}, key=UUID('d71705ed-3ada-421b-b075-5ab374252c88'), condition=None, blocking_facility=None), RegisteredHandler(callback=<bound method ConfigPlayer.config_play_callback of ConfigPlayer.event_player/events>, priority=200, kwargs={'calling_context': 'mode_canyon_run_started', 'mode': <Mode.pilot_mission_qualifier>, 'settings': {'reset_topgun_letters': [{'condition': None, 'number': None, 'priority': 0, 'params': {}}], 'check_all_pilot_modes_played': [{'condition': None, 'number': None, 'priority': 0, 'params': {}}], 'ball_search_reset': [{'condition': None, 'number': None, 'priority': 0, 'params': {}}], 'ball_search_block': [{'condition': None, 'number': None, 'priority': 0, 'params': {}}]}}, key=UUID('f2433548-c085-482d-a391-cbf2f260241e'), condition=None, blocking_facility=None)]. The order of those handlers is not defined and they will be executed in random order. This might lead to race conditions and potential bugs.
2026-05-15 21:44:26,439 : INFO : EventManager : Unordered handler for class ConfigPlayer.event_player/events on event mode_rise_of_phoenix_started with priority 200. Handlers: [RegisteredHandler(callback=<bound method ConfigPlayer.config_play_callback of ConfigPlayer.event_player/events>, priority=200, kwargs={'calling_context': 'mode_rise_of_phoenix_started', 'mode': <Mode.iceman_letters>, 'settings': {'stop_all_training_pulse_shows': [{'condition': None, 'number': None, 'priority': 0, 'params': {}}]}}, key=UUID('55cc88b7-cf88-4be2-986c-7d9372f24888'), condition=None, blocking_facility=None), RegisteredHandler(callback=<bound method ConfigPlayer.config_play_callback of ConfigPlayer.event_player/events>, priority=200, kwargs={'calling_context': 'mode_rise_of_phoenix_started', 'mode': <Mode.pilot_mission_qualifier>, 'settings': {'reset_topgun_letters': [{'condition': None, 'number': None, 'priority': 0, 'params': {}}], 'check_all_pilot_modes_played': [{'condition': None, 'number': None, 'priority': 0, 'params': {}}], 'ball_search_reset': [{'condition': None, 'number': None, 'priority': 0, 'params': {}}], 'ball_search_block': [{'condition': None, 'number': None, 'priority': 0, 'params': {}}]}}, key=UUID('a32d32c9-7ec4-4994-a313-0d3b5d748b64'), condition=None, blocking_facility=None)]. The order of those handlers is not defined and they will be executed in random order. This might lead to race conditions and potential bugs.
2026-05-15 21:44:26,439 : INFO : EventManager : Unordered handler for class ConfigPlayer.event_player/events on event mode_no_margin_for_error_started with priority 200. Handlers: [RegisteredHandler(callback=<bound method ConfigPlayer.config_play_callback of ConfigPlayer.event_player/events>, priority=200, kwargs={'calling_context': 'mode_no_margin_for_error_started', 'mode': <Mode.iceman_letters>, 'settings': {'stop_all_training_pulse_shows': [{'condition': None, 'number': None, 'priority': 0, 'params': {}}]}}, key=UUID('66b43f32-924e-49a5-b562-abfca8c8807b'), condition=None, blocking_facility=None), RegisteredHandler(callback=<bound method ConfigPlayer.config_play_callback of ConfigPlayer.event_player/events>, priority=200, kwargs={'calling_context': 'mode_no_margin_for_error_started', 'mode': <Mode.pilot_mission_qualifier>, 'settings': {'reset_topgun_letters': [{'condition': None, 'number': None, 'priority': 0, 'params': {}}], 'check_all_pilot_modes_played': [{'condition': None, 'number': None, 'priority': 0, 'params': {}}], 'ball_search_reset': [{'condition': None, 'number': None, 'priority': 0, 'params': {}}], 'ball_search_block': [{'condition': None, 'number': None, 'priority': 0, 'params': {}}]}}, key=UUID('c4b76be2-a839-43f9-9281-cea82e56e984'), condition=None, blocking_facility=None)]. The order of those handlers is not defined and they will be executed in random order. This might lead to race conditions and potential bugs.
2026-05-15 21:44:26,440 : INFO : EventManager : Unordered handler for class ConfigPlayer.variable_player/variables on event player_added with priority 200. Handlers: [RegisteredHandler(callback=<bound method ConfigPlayer.config_play_callback of ConfigPlayer.variable_player/variables>, priority=200, kwargs={'calling_context': 'player_added', 'mode': <Mode.mig_letters>, 'settings': {'mig_letter_m': {'action': 'set', 'int': <NativeTemplate 0>, 'priority': 0, 'float': None, 'string': None, 'block': False, 'player': None, 'condition': None}, 'mig_letter_i': {'action': 'set', 'int': <NativeTemplate 0>, 'priority': 0, 'float': None, 'string': None, 'block': False, 'player': None, 'condition': None}, 'mig_letter_g': {'action': 'set', 'int': <NativeTemplate 0>, 'priority': 0, 'float': None, 'string': None, 'block': False, 'player': None, 'condition': None}, 'bonus_multiplier': {'action': 'set', 'int': <NativeTemplate 1>, 'priority': 0, 'float': None, 'string': None, 'block': False, 'player': None, 'condition': None}, 'mig_completing': {'action': 'set', 'int': <NativeTemplate 0>, 'priority': 0, 'float': None, 'string': None, 'block': False, 'player': None, 'condition': None}}}, key=UUID('d15da86c-4e60-4648-87db-534c38ce4714'), condition=None, blocking_facility=None), RegisteredHandler(callback=<bound method ConfigPlayer.config_play_callback of ConfigPlayer.variable_player/variables>, priority=200, kwargs={'calling_context': 'player_added', 'mode': <Mode.iceman_letters>, 'settings': {'iceman_letter_i': {'action': 'set', 'int': <NativeTemplate 0>, 'priority': 0, 'float': None, 'string': None, 'block': False, 'player': None, 'condition': None}, 'iceman_letter_c': {'action': 'set', 'int': <NativeTemplate 0>, 'priority': 0, 'float': None, 'string': None, 'block': False, 'player': None, 'condition': None}, 'iceman_letter_e': {'action': 'set', 'int': <NativeTemplate 0>, 'priority': 0, 'float': None, 'string': None, 'block': False, 'player': None, 'condition': None}, 'iceman_letter_m': {'action': 'set', 'int': <NativeTemplate 0>, 'priority': 0, 'float': None, 'string': None, 'block': False, 'player': None, 'condition': None}, 'iceman_letter_a': {'action': 'set', 'int': <NativeTemplate 0>, 'priority': 0, 'float': None, 'string': None, 'block': False, 'player': None, 'condition': None}, 'iceman_letter_n': {'action': 'set', 'int': <NativeTemplate 0>, 'priority': 0, 'float': None, 'string': None, 'block': False, 'player': None, 'condition': None}, 'iceman_completing': {'action': 'set', 'int': <NativeTemplate 0>, 'priority': 0, 'float': None, 'string': None, 'block': False, 'player': None, 'condition': None}, 'training_inverted_complete': {'action': 'set', 'int': <NativeTemplate 0>, 'priority': 0, 'float': None, 'string': None, 'block': False, 'player': None, 'condition': None}, 'training_missles_complete': {'action': 'set', 'int': <NativeTemplate 0>, 'priority': 0, 'float': None, 'string': None, 'block': False, 'player': None, 'condition': None}, 'training_afterburner_complete': {'action': 'set', 'int': <NativeTemplate 0>, 'priority': 0, 'float': None, 'string': None, 'block': False, 'player': None, 'condition': None}, 'training_wingman_complete': {'action': 'set', 'int': <NativeTemplate 0>, 'priority': 0, 'float': None, 'string': None, 'block': False, 'player': None, 'condition': None}, 'training_dogfight_complete': {'action': 'set', 'int': <NativeTemplate 0>, 'priority': 0, 'float': None, 'string': None, 'block': False, 'player': None, 'condition': None}, 'right_post_locked_out': {'action': 'set', 'int': <NativeTemplate 0>, 'priority': 0, 'float': None, 'string': None, 'block': False, 'player': None, 'condition': None}}}, key=UUID('c689426c-f627-4aed-ac45-43dcdc4e3b1f'), condition=None, blocking_facility=None), RegisteredHandler(callback=<bound method ConfigPlayer.config_play_callback of ConfigPlayer.variable_player/variables>, priority=200, kwargs={'calling_context': 'player_added', 'mode': <Mode.pilot_mission_qualifier>, 'settings': {'_pmq_initialized': {'action': 'set', 'int': <NativeTemplate 1>, 'priority': 0, 'float': None, 'string': None, 'block': False, 'player': None, 'condition': None}}}, key=UUID('9083d2d4-bb2b-445e-902d-d06dd336d162'), condition=None, blocking_facility=None)]. The order of those handlers is not defined and they will be executed in random order. This might lead to race conditions and potential bugs.
2026-05-15 21:44:26,440 : INFO : EventManager : Unordered handler for class ConfigPlayer.variable_player/variables on event player_added with priority 200. Handlers: [RegisteredHandler(callback=<bound method ConfigPlayer.config_play_callback of ConfigPlayer.variable_player/variables>, priority=200, kwargs={'calling_context': 'player_added', 'mode': <Mode.mig_letters>, 'settings': {'mig_letter_m': {'action': 'set', 'int': <NativeTemplate 0>, 'priority': 0, 'float': None, 'string': None, 'block': False, 'player': None, 'condition': None}, 'mig_letter_i': {'action': 'set', 'int': <NativeTemplate 0>, 'priority': 0, 'float': None, 'string': None, 'block': False, 'player': None, 'condition': None}, 'mig_letter_g': {'action': 'set', 'int': <NativeTemplate 0>, 'priority': 0, 'float': None, 'string': None, 'block': False, 'player': None, 'condition': None}, 'bonus_multiplier': {'action': 'set', 'int': <NativeTemplate 1>, 'priority': 0, 'float': None, 'string': None, 'block': False, 'player': None, 'condition': None}, 'mig_completing': {'action': 'set', 'int': <NativeTemplate 0>, 'priority': 0, 'float': None, 'string': None, 'block': False, 'player': None, 'condition': None}}}, key=UUID('d15da86c-4e60-4648-87db-534c38ce4714'), condition=None, blocking_facility=None), RegisteredHandler(callback=<bound method ConfigPlayer.config_play_callback of ConfigPlayer.variable_player/variables>, priority=200, kwargs={'calling_context': 'player_added', 'mode': <Mode.iceman_letters>, 'settings': {'iceman_letter_i': {'action': 'set', 'int': <NativeTemplate 0>, 'priority': 0, 'float': None, 'string': None, 'block': False, 'player': None, 'condition': None}, 'iceman_letter_c': {'action': 'set', 'int': <NativeTemplate 0>, 'priority': 0, 'float': None, 'string': None, 'block': False, 'player': None, 'condition': None}, 'iceman_letter_e': {'action': 'set', 'int': <NativeTemplate 0>, 'priority': 0, 'float': None, 'string': None, 'block': False, 'player': None, 'condition': None}, 'iceman_letter_m': {'action': 'set', 'int': <NativeTemplate 0>, 'priority': 0, 'float': None, 'string': None, 'block': False, 'player': None, 'condition': None}, 'iceman_letter_a': {'action': 'set', 'int': <NativeTemplate 0>, 'priority': 0, 'float': None, 'string': None, 'block': False, 'player': None, 'condition': None}, 'iceman_letter_n': {'action': 'set', 'int': <NativeTemplate 0>, 'priority': 0, 'float': None, 'string': None, 'block': False, 'player': None, 'condition': None}, 'iceman_completing': {'action': 'set', 'int': <NativeTemplate 0>, 'priority': 0, 'float': None, 'string': None, 'block': False, 'player': None, 'condition': None}, 'training_inverted_complete': {'action': 'set', 'int': <NativeTemplate 0>, 'priority': 0, 'float': None, 'string': None, 'block': False, 'player': None, 'condition': None}, 'training_missles_complete': {'action': 'set', 'int': <NativeTemplate 0>, 'priority': 0, 'float': None, 'string': None, 'block': False, 'player': None, 'condition': None}, 'training_afterburner_complete': {'action': 'set', 'int': <NativeTemplate 0>, 'priority': 0, 'float': None, 'string': None, 'block': False, 'player': None, 'condition': None}, 'training_wingman_complete': {'action': 'set', 'int': <NativeTemplate 0>, 'priority': 0, 'float': None, 'string': None, 'block': False, 'player': None, 'condition': None}, 'training_dogfight_complete': {'action': 'set', 'int': <NativeTemplate 0>, 'priority': 0, 'float': None, 'string': None, 'block': False, 'player': None, 'condition': None}, 'right_post_locked_out': {'action': 'set', 'int': <NativeTemplate 0>, 'priority': 0, 'float': None, 'string': None, 'block': False, 'player': None, 'condition': None}}}, key=UUID('c689426c-f627-4aed-ac45-43dcdc4e3b1f'), condition=None, blocking_facility=None), RegisteredHandler(callback=<bound method ConfigPlayer.config_play_callback of ConfigPlayer.variable_player/variables>, priority=200, kwargs={'calling_context': 'player_added', 'mode': <Mode.pilot_mission_qualifier>, 'settings': {'_pmq_initialized': {'action': 'set', 'int': <NativeTemplate 1>, 'priority': 0, 'float': None, 'string': None, 'block': False, 'player': None, 'condition': None}}}, key=UUID('9083d2d4-bb2b-445e-902d-d06dd336d162'), condition=None, blocking_facility=None)]. The order of those handlers is not defined and they will be executed in random order. This might lead to race conditions and potential bugs.
2026-05-15 21:44:26,442 : INFO : EventManager : Unordered handler for class ConfigPlayer.variable_player/variables on event s_spinner_active with priority 200. Handlers: [RegisteredHandler(callback=<bound method ConfigPlayer.config_play_callback of ConfigPlayer.variable_player/variables>, priority=200, kwargs={'calling_context': 's_spinner_active', 'mode': <Mode.iceman_letters>, 'settings': {'right_post_locked_out': {'action': 'set', 'int': <NativeTemplate 1>, 'priority': 0, 'float': None, 'string': None, 'block': False, 'player': None, 'condition': None}}}, key=UUID('bcfd80f0-3fd8-41ac-8fdd-1bb602c21ae4'), condition=None, blocking_facility=None), RegisteredHandler(callback=<bound method ConfigPlayer.config_play_callback of ConfigPlayer.variable_player/variables>, priority=200, kwargs={'calling_context': 's_spinner_active', 'mode': <Mode.pilot_mission_qualifier>, 'settings': {'spinner_spin_count': {'action': 'add', 'int': <NativeTemplate 1>, 'priority': 0, 'float': None, 'string': None, 'block': False, 'player': None, 'condition': None}, 'previous_switch_type': {'action': 'set', 'int': <NativeTemplate 0>, 'priority': 0, 'float': None, 'string': None, 'block': False, 'player': None, 'condition': None}}}, key=UUID('399bfdba-c9d9-4be9-ba6e-a6bcfd15538b'), condition=None, blocking_facility=None)]. The order of those handlers is not defined and they will be executed in random order. This might lead to race conditions and potential bugs.
2026-05-15 21:44:26,442 : INFO : EventManager : Unordered handler for class ConfigPlayer.variable_player/variables on event s_orbit_right_active with priority 200. Handlers: [RegisteredHandler(callback=<bound method ConfigPlayer.config_play_callback of ConfigPlayer.variable_player/variables>, priority=200, kwargs={'calling_context': 's_orbit_right_active', 'mode': <Mode.iceman_letters>, 'settings': {'right_post_locked_out': {'action': 'set', 'int': <NativeTemplate 1>, 'priority': 0, 'float': None, 'string': None, 'block': False, 'player': None, 'condition': None}}}, key=UUID('a12ab233-b364-492b-a4ef-eedf7a36f37b'), condition=None, blocking_facility=None), RegisteredHandler(callback=<bound method ConfigPlayer.config_play_callback of ConfigPlayer.variable_player/variables>, priority=200, kwargs={'calling_context': 's_orbit_right_active', 'mode': <Mode.pilot_mission_qualifier>, 'settings': {'previous_switch_type': {'action': 'set', 'int': <NativeTemplate 0>, 'priority': 0, 'float': None, 'string': None, 'block': False, 'player': None, 'condition': None}}}, key=UUID('4265a084-d906-48fe-a05c-8440c93d33f3'), condition=None, blocking_facility=None)]. The order of those handlers is not defined and they will be executed in random order. This might lead to race conditions and potential bugs.
2026-05-15 21:44:26,443 : INFO : EventManager : Unordered handler for class ConfigPlayer.variable_player/variables on event s_orbit_upper_active with priority 200. Handlers: [RegisteredHandler(callback=<bound method ConfigPlayer.config_play_callback of ConfigPlayer.variable_player/variables>, priority=200, kwargs={'calling_context': 's_orbit_upper_active', 'mode': <Mode.iceman_letters>, 'settings': {'right_post_locked_out': {'action': 'set', 'int': <NativeTemplate 1>, 'priority': 0, 'float': None, 'string': None, 'block': False, 'player': None, 'condition': None}}}, key=UUID('de70133d-28d6-4496-ade1-6bc00706ef6d'), condition=None, blocking_facility=None), RegisteredHandler(callback=<bound method ConfigPlayer.config_play_callback of ConfigPlayer.variable_player/variables>, priority=200, kwargs={'calling_context': 's_orbit_upper_active', 'mode': <Mode.pilot_mission_qualifier>, 'settings': {'previous_switch_type': {'action': 'set', 'int': <NativeTemplate 0>, 'priority': 0, 'float': None, 'string': None, 'block': False, 'player': None, 'condition': None}}}, key=UUID('2375119b-1d49-40b3-b7f7-195594f9dbdb'), condition=None, blocking_facility=None)]. The order of those handlers is not defined and they will be executed in random order. This might lead to race conditions and potential bugs.
2026-05-15 21:44:26,443 : INFO : EventManager : Unordered handler for class ConfigPlayer.variable_player/variables on event s_ramp_inner_exit_active with priority 200. Handlers: [RegisteredHandler(callback=<bound method ConfigPlayer.config_play_callback of ConfigPlayer.variable_player/variables>, priority=200, kwargs={'calling_context': 's_ramp_inner_exit_active', 'mode': <Mode.iceman_letters>, 'settings': {'right_post_locked_out': {'action': 'set', 'int': <NativeTemplate 1>, 'priority': 0, 'float': None, 'string': None, 'block': False, 'player': None, 'condition': None}}}, key=UUID('63aa6609-627a-4785-9dcc-a2ac31a982e9'), condition=None, blocking_facility=None), RegisteredHandler(callback=<bound method ConfigPlayer.config_play_callback of ConfigPlayer.variable_player/variables>, priority=200, kwargs={'calling_context': 's_ramp_inner_exit_active', 'mode': <Mode.pilot_mission_qualifier>, 'settings': {'previous_switch_type': {'action': 'set', 'int': <NativeTemplate 0>, 'priority': 0, 'float': None, 'string': None, 'block': False, 'player': None, 'condition': None}}}, key=UUID('a25da8a7-56e8-4c47-abb1-216719b8c612'), condition=None, blocking_facility=None)]. The order of those handlers is not defined and they will be executed in random order. This might lead to race conditions and potential bugs.
2026-05-15 21:44:26,444 : INFO : EventManager : Unordered handler for class ConfigPlayer.event_player/events on event mode_rescue_cougar_started with priority 200. Handlers: [RegisteredHandler(callback=<bound method ConfigPlayer.config_play_callback of ConfigPlayer.event_player/events>, priority=200, kwargs={'calling_context': 'mode_rescue_cougar_started', 'mode': <Mode.iceman_letters>, 'settings': {'stop_all_training_pulse_shows': [{'condition': None, 'number': None, 'priority': 0, 'params': {}}]}}, key=UUID('52c25843-64d8-4ed8-8013-743574738e3d'), condition=None, blocking_facility=None), RegisteredHandler(callback=<bound method ConfigPlayer.config_play_callback of ConfigPlayer.event_player/events>, priority=200, kwargs={'calling_context': 'mode_rescue_cougar_started', 'mode': <Mode.pilot_mission_qualifier>, 'settings': {'reset_topgun_letters': [{'condition': None, 'number': None, 'priority': 0, 'params': {}}], 'check_all_pilot_modes_played': [{'condition': None, 'number': None, 'priority': 0, 'params': {}}], 'ball_search_reset': [{'condition': None, 'number': None, 'priority': 0, 'params': {}}], 'ball_search_block': [{'condition': None, 'number': None, 'priority': 0, 'params': {}}]}}, key=UUID('fe690ef9-b828-48a1-a2e9-6f2dd1899fa7'), condition=None, blocking_facility=None)]. The order of those handlers is not defined and they will be executed in random order. This might lead to race conditions and potential bugs.
2026-05-15 21:44:26,444 : INFO : EventManager : Unordered handler for class ConfigPlayer.event_player/events on event mode_rise_of_phoenix_started with priority 200. Handlers: [RegisteredHandler(callback=<bound method ConfigPlayer.config_play_callback of ConfigPlayer.event_player/events>, priority=200, kwargs={'calling_context': 'mode_rise_of_phoenix_started', 'mode': <Mode.iceman_letters>, 'settings': {'stop_all_training_pulse_shows': [{'condition': None, 'number': None, 'priority': 0, 'params': {}}]}}, key=UUID('55cc88b7-cf88-4be2-986c-7d9372f24888'), condition=None, blocking_facility=None), RegisteredHandler(callback=<bound method ConfigPlayer.config_play_callback of ConfigPlayer.event_player/events>, priority=200, kwargs={'calling_context': 'mode_rise_of_phoenix_started', 'mode': <Mode.pilot_mission_qualifier>, 'settings': {'reset_topgun_letters': [{'condition': None, 'number': None, 'priority': 0, 'params': {}}], 'check_all_pilot_modes_played': [{'condition': None, 'number': None, 'priority': 0, 'params': {}}], 'ball_search_reset': [{'condition': None, 'number': None, 'priority': 0, 'params': {}}], 'ball_search_block': [{'condition': None, 'number': None, 'priority': 0, 'params': {}}]}}, key=UUID('a32d32c9-7ec4-4994-a313-0d3b5d748b64'), condition=None, blocking_facility=None)]. The order of those handlers is not defined and they will be executed in random order. This might lead to race conditions and potential bugs.
2026-05-15 21:44:26,445 : INFO : EventManager : Unordered handler for class ConfigPlayer.event_player/events on event mode_cool_under_pressure_started with priority 200. Handlers: [RegisteredHandler(callback=<bound method ConfigPlayer.config_play_callback of ConfigPlayer.event_player/events>, priority=200, kwargs={'calling_context': 'mode_cool_under_pressure_started', 'mode': <Mode.iceman_letters>, 'settings': {'stop_all_training_pulse_shows': [{'condition': None, 'number': None, 'priority': 0, 'params': {}}]}}, key=UUID('752f6290-de03-452e-a676-10f57b6dd68b'), condition=None, blocking_facility=None), RegisteredHandler(callback=<bound method ConfigPlayer.config_play_callback of ConfigPlayer.event_player/events>, priority=200, kwargs={'calling_context': 'mode_cool_under_pressure_started', 'mode': <Mode.pilot_mission_qualifier>, 'settings': {'reset_topgun_letters': [{'condition': None, 'number': None, 'priority': 0, 'params': {}}], 'check_all_pilot_modes_played': [{'condition': None, 'number': None, 'priority': 0, 'params': {}}], 'ball_search_reset': [{'condition': None, 'number': None, 'priority': 0, 'params': {}}], 'ball_search_block': [{'condition': None, 'number': None, 'priority': 0, 'params': {}}]}}, key=UUID('c52466c5-623f-4a4e-99ee-fb63e80011bf'), condition=None, blocking_facility=None)]. The order of those handlers is not defined and they will be executed in random order. This might lead to race conditions and potential bugs.
2026-05-15 21:44:26,445 : INFO : EventManager : Unordered handler for class ConfigPlayer.event_player/events on event mode_battle_jester_started with priority 200. Handlers: [RegisteredHandler(callback=<bound method ConfigPlayer.config_play_callback of ConfigPlayer.event_player/events>, priority=200, kwargs={'calling_context': 'mode_battle_jester_started', 'mode': <Mode.iceman_letters>, 'settings': {'stop_all_training_pulse_shows': [{'condition': None, 'number': None, 'priority': 0, 'params': {}}]}}, key=UUID('6a8b3a42-62e7-4c79-b931-8f0073816640'), condition=None, blocking_facility=None), RegisteredHandler(callback=<bound method ConfigPlayer.config_play_callback of ConfigPlayer.event_player/events>, priority=200, kwargs={'calling_context': 'mode_battle_jester_started', 'mode': <Mode.pilot_mission_qualifier>, 'settings': {'reset_topgun_letters': [{'condition': None, 'number': None, 'priority': 0, 'params': {}}], 'check_all_pilot_modes_played': [{'condition': None, 'number': None, 'priority': 0, 'params': {}}], 'ball_search_reset': [{'condition': None, 'number': None, 'priority': 0, 'params': {}}], 'ball_search_block': [{'condition': None, 'number': None, 'priority': 0, 'params': {}}]}}, key=UUID('ce7e1479-5ced-4398-a41b-0e35abdb673a'), condition=None, blocking_facility=None)]. The order of those handlers is not defined and they will be executed in random order. This might lead to race conditions and potential bugs.
2026-05-15 21:44:26,445 : INFO : EventManager : Unordered handler for class ConfigPlayer.event_player/events on event mode_no_points_for_second_place_started with priority 200. Handlers: [RegisteredHandler(callback=<bound method ConfigPlayer.config_play_callback of ConfigPlayer.event_player/events>, priority=200, kwargs={'calling_context': 'mode_no_points_for_second_place_started', 'mode': <Mode.iceman_letters>, 'settings': {'stop_all_training_pulse_shows': [{'condition': None, 'number': None, 'priority': 0, 'params': {}}]}}, key=UUID('78e19a97-3406-4158-8a89-068139ae31fa'), condition=None, blocking_facility=None), RegisteredHandler(callback=<bound method ConfigPlayer.config_play_callback of ConfigPlayer.event_player/events>, priority=200, kwargs={'calling_context': 'mode_no_points_for_second_place_started', 'mode': <Mode.pilot_mission_qualifier>, 'settings': {'reset_topgun_letters': [{'condition': None, 'number': None, 'priority': 0, 'params': {}}], 'check_all_pilot_modes_played': [{'condition': None, 'number': None, 'priority': 0, 'params': {}}], 'ball_search_reset': [{'condition': None, 'number': None, 'priority': 0, 'params': {}}], 'ball_search_block': [{'condition': None, 'number': None, 'priority': 0, 'params': {}}]}}, key=UUID('76e86ed8-f0aa-47dd-94a2-18af95bcf281'), condition=None, blocking_facility=None)]. The order of those handlers is not defined and they will be executed in random order. This might lead to race conditions and potential bugs.
2026-05-15 21:44:26,445 : INFO : EventManager : Unordered handler for class ConfigPlayer.event_player/events on event mode_edge_of_space_started with priority 200. Handlers: [RegisteredHandler(callback=<bound method ConfigPlayer.config_play_callback of ConfigPlayer.event_player/events>, priority=200, kwargs={'calling_context': 'mode_edge_of_space_started', 'mode': <Mode.iceman_letters>, 'settings': {'stop_all_training_pulse_shows': [{'condition': None, 'number': None, 'priority': 0, 'params': {}}]}}, key=UUID('97550074-60b6-4aa4-8e44-25cd3282910c'), condition=None, blocking_facility=None), RegisteredHandler(callback=<bound method ConfigPlayer.config_play_callback of ConfigPlayer.event_player/events>, priority=200, kwargs={'calling_context': 'mode_edge_of_space_started', 'mode': <Mode.pilot_mission_qualifier>, 'settings': {'reset_topgun_letters': [{'condition': None, 'number': None, 'priority': 0, 'params': {}}], 'check_all_pilot_modes_played': [{'condition': None, 'number': None, 'priority': 0, 'params': {}}], 'ball_search_reset': [{'condition': None, 'number': None, 'priority': 0, 'params': {}}], 'ball_search_block': [{'condition': None, 'number': None, 'priority': 0, 'params': {}}]}}, key=UUID('c9b060e4-67be-4d7f-9c57-1da34c3bcb16'), condition=None, blocking_facility=None)]. The order of those handlers is not defined and they will be executed in random order. This might lead to race conditions and potential bugs.
2026-05-15 21:44:26,445 : INFO : EventManager : Unordered handler for class ConfigPlayer.event_player/events on event mode_below_the_hard_deck_started with priority 200. Handlers: [RegisteredHandler(callback=<bound method ConfigPlayer.config_play_callback of ConfigPlayer.event_player/events>, priority=200, kwargs={'calling_context': 'mode_below_the_hard_deck_started', 'mode': <Mode.iceman_letters>, 'settings': {'stop_all_training_pulse_shows': [{'condition': None, 'number': None, 'priority': 0, 'params': {}}]}}, key=UUID('61786813-0438-4797-b989-30efa59e69e9'), condition=None, blocking_facility=None), RegisteredHandler(callback=<bound method ConfigPlayer.config_play_callback of ConfigPlayer.event_player/events>, priority=200, kwargs={'calling_context': 'mode_below_the_hard_deck_started', 'mode': <Mode.pilot_mission_qualifier>, 'settings': {'reset_topgun_letters': [{'condition': None, 'number': None, 'priority': 0, 'params': {}}], 'check_all_pilot_modes_played': [{'condition': None, 'number': None, 'priority': 0, 'params': {}}], 'ball_search_reset': [{'condition': None, 'number': None, 'priority': 0, 'params': {}}], 'ball_search_block': [{'condition': None, 'number': None, 'priority': 0, 'params': {}}]}}, key=UUID('bb4e90f3-9169-4a2d-8801-00c4382d4d5d'), condition=None, blocking_facility=None)]. The order of those handlers is not defined and they will be executed in random order. This might lead to race conditions and potential bugs.
2026-05-15 21:44:26,445 : INFO : EventManager : Unordered handler for class ConfigPlayer.event_player/events on event mode_canyon_run_started with priority 200. Handlers: [RegisteredHandler(callback=<bound method ConfigPlayer.config_play_callback of ConfigPlayer.event_player/events>, priority=200, kwargs={'calling_context': 'mode_canyon_run_started', 'mode': <Mode.iceman_letters>, 'settings': {'stop_all_training_pulse_shows': [{'condition': None, 'number': None, 'priority': 0, 'params': {}}]}}, key=UUID('d71705ed-3ada-421b-b075-5ab374252c88'), condition=None, blocking_facility=None), RegisteredHandler(callback=<bound method ConfigPlayer.config_play_callback of ConfigPlayer.event_player/events>, priority=200, kwargs={'calling_context': 'mode_canyon_run_started', 'mode': <Mode.pilot_mission_qualifier>, 'settings': {'reset_topgun_letters': [{'condition': None, 'number': None, 'priority': 0, 'params': {}}], 'check_all_pilot_modes_played': [{'condition': None, 'number': None, 'priority': 0, 'params': {}}], 'ball_search_reset': [{'condition': None, 'number': None, 'priority': 0, 'params': {}}], 'ball_search_block': [{'condition': None, 'number': None, 'priority': 0, 'params': {}}]}}, key=UUID('f2433548-c085-482d-a391-cbf2f260241e'), condition=None, blocking_facility=None)]. The order of those handlers is not defined and they will be executed in random order. This might lead to race conditions and potential bugs.
2026-05-15 21:44:26,445 : INFO : EventManager : Unordered handler for class ConfigPlayer.event_player/events on event mode_no_margin_for_error_started with priority 200. Handlers: [RegisteredHandler(callback=<bound method ConfigPlayer.config_play_callback of ConfigPlayer.event_player/events>, priority=200, kwargs={'calling_context': 'mode_no_margin_for_error_started', 'mode': <Mode.iceman_letters>, 'settings': {'stop_all_training_pulse_shows': [{'condition': None, 'number': None, 'priority': 0, 'params': {}}]}}, key=UUID('66b43f32-924e-49a5-b562-abfca8c8807b'), condition=None, blocking_facility=None), RegisteredHandler(callback=<bound method ConfigPlayer.config_play_callback of ConfigPlayer.event_player/events>, priority=200, kwargs={'calling_context': 'mode_no_margin_for_error_started', 'mode': <Mode.pilot_mission_qualifier>, 'settings': {'reset_topgun_letters': [{'condition': None, 'number': None, 'priority': 0, 'params': {}}], 'check_all_pilot_modes_played': [{'condition': None, 'number': None, 'priority': 0, 'params': {}}], 'ball_search_reset': [{'condition': None, 'number': None, 'priority': 0, 'params': {}}], 'ball_search_block': [{'condition': None, 'number': None, 'priority': 0, 'params': {}}]}}, key=UUID('c4b76be2-a839-43f9-9281-cea82e56e984'), condition=None, blocking_facility=None)]. The order of those handlers is not defined and they will be executed in random order. This might lead to race conditions and potential bugs.
2026-05-15 21:44:26,446 : INFO : EventManager : Unordered handler for class ConfigPlayer.variable_player/variables on event ball_will_end with priority 200. Handlers: [RegisteredHandler(callback=<bound method ConfigPlayer.config_play_callback of ConfigPlayer.variable_player/variables>, priority=200, kwargs={'calling_context': 'ball_will_end', 'mode': <Mode.mig_letters>, 'settings': {'mig_letter_m': {'action': 'set', 'int': <NativeTemplate 0>, 'priority': 0, 'float': None, 'string': None, 'block': False, 'player': None, 'condition': None}, 'mig_letter_i': {'action': 'set', 'int': <NativeTemplate 0>, 'priority': 0, 'float': None, 'string': None, 'block': False, 'player': None, 'condition': None}, 'mig_letter_g': {'action': 'set', 'int': <NativeTemplate 0>, 'priority': 0, 'float': None, 'string': None, 'block': False, 'player': None, 'condition': None}, 'mig_completing': {'action': 'set', 'int': <NativeTemplate 0>, 'priority': 0, 'float': None, 'string': None, 'block': False, 'player': None, 'condition': None}}}, key=UUID('854db57f-9239-4171-82ef-f0fdc22d17a4'), condition=None, blocking_facility=None), RegisteredHandler(callback=<bound method ConfigPlayer.config_play_callback of ConfigPlayer.variable_player/variables>, priority=200, kwargs={'calling_context': 'ball_will_end', 'mode': <Mode.pilot_mission_qualifier>, 'settings': {'mystery_just_lit_pilot': {'action': 'set', 'int': <NativeTemplate 0>, 'priority': 0, 'float': None, 'string': None, 'block': False, 'player': None, 'condition': None}, 'scoop_release_pending': {'action': 'set', 'int': <NativeTemplate 0>, 'priority': 0, 'float': None, 'string': None, 'block': False, 'player': None, 'condition': None}}}, key=UUID('9b55fcba-aea5-49e5-91bf-02a323650f18'), condition=None, blocking_facility=None)]. The order of those handlers is not defined and they will be executed in random order. This might lead to race conditions and potential bugs.
2026-05-15 21:44:26,448 : INFO : EventManager : Event: ======'mode_pilot_mission_qualifier_starting'====== Args={'queue': <QueuedEvent>, 'player': 1, 'ball': 2, 'balls_remaining': 1, 'is_extra_ball': False}
2026-05-15 21:44:26,448 : INFO : EventManager : Event: ======'mode_top_gun_multiball_locks_will_start'====== Args={'queue': <QueuedEvent>, 'player': 1, 'ball': 2, 'balls_remaining': 1, 'is_extra_ball': False}
2026-05-15 21:44:26,455 : INFO : EventManager : Unordered handler for class ConfigPlayer.variable_player/variables on event s_ramp_inner_exit_active with priority 200. Handlers: [RegisteredHandler(callback=<bound method ConfigPlayer.config_play_callback of ConfigPlayer.variable_player/variables>, priority=200, kwargs={'calling_context': 's_ramp_inner_exit_active', 'mode': <Mode.iceman_letters>, 'settings': {'right_post_locked_out': {'action': 'set', 'int': <NativeTemplate 1>, 'priority': 0, 'float': None, 'string': None, 'block': False, 'player': None, 'condition': None}}}, key=UUID('63aa6609-627a-4785-9dcc-a2ac31a982e9'), condition=None, blocking_facility=None), RegisteredHandler(callback=<bound method ConfigPlayer.config_play_callback of ConfigPlayer.variable_player/variables>, priority=200, kwargs={'calling_context': 's_ramp_inner_exit_active', 'mode': <Mode.pilot_mission_qualifier>, 'settings': {'previous_switch_type': {'action': 'set', 'int': <NativeTemplate 0>, 'priority': 0, 'float': None, 'string': None, 'block': False, 'player': None, 'condition': None}}}, key=UUID('a25da8a7-56e8-4c47-abb1-216719b8c612'), condition=None, blocking_facility=None)]. The order of those handlers is not defined and they will be executed in random order. This might lead to race conditions and potential bugs.
2026-05-15 21:44:26,455 : INFO : EventManager : Unordered handler for class ConfigPlayer.variable_player/variables on event s_ramp_inner_exit_active with priority 200. Handlers: [RegisteredHandler(callback=<bound method ConfigPlayer.config_play_callback of ConfigPlayer.variable_player/variables>, priority=200, kwargs={'calling_context': 's_ramp_inner_exit_active', 'mode': <Mode.iceman_letters>, 'settings': {'right_post_locked_out': {'action': 'set', 'int': <NativeTemplate 1>, 'priority': 0, 'float': None, 'string': None, 'block': False, 'player': None, 'condition': None}}}, key=UUID('63aa6609-627a-4785-9dcc-a2ac31a982e9'), condition=None, blocking_facility=None), RegisteredHandler(callback=<bound method ConfigPlayer.config_play_callback of ConfigPlayer.variable_player/variables>, priority=200, kwargs={'calling_context': 's_ramp_inner_exit_active', 'mode': <Mode.pilot_mission_qualifier>, 'settings': {'previous_switch_type': {'action': 'set', 'int': <NativeTemplate 0>, 'priority': 0, 'float': None, 'string': None, 'block': False, 'player': None, 'condition': None}}}, key=UUID('a25da8a7-56e8-4c47-abb1-216719b8c612'), condition=None, blocking_facility=None)]. The order of those handlers is not defined and they will be executed in random order. This might lead to race conditions and potential bugs.
2026-05-15 21:44:26,455 : INFO : EventManager : Unordered handler for class ConfigPlayer.variable_player/variables on event s_ramp_inner_exit_active with priority 200. Handlers: [RegisteredHandler(callback=<bound method ConfigPlayer.config_play_callback of ConfigPlayer.variable_player/variables>, priority=200, kwargs={'calling_context': 's_ramp_inner_exit_active', 'mode': <Mode.iceman_letters>, 'settings': {'right_post_locked_out': {'action': 'set', 'int': <NativeTemplate 1>, 'priority': 0, 'float': None, 'string': None, 'block': False, 'player': None, 'condition': None}}}, key=UUID('63aa6609-627a-4785-9dcc-a2ac31a982e9'), condition=None, blocking_facility=None), RegisteredHandler(callback=<bound method ConfigPlayer.config_play_callback of ConfigPlayer.variable_player/variables>, priority=200, kwargs={'calling_context': 's_ramp_inner_exit_active', 'mode': <Mode.pilot_mission_qualifier>, 'settings': {'previous_switch_type': {'action': 'set', 'int': <NativeTemplate 0>, 'priority': 0, 'float': None, 'string': None, 'block': False, 'player': None, 'condition': None}}}, key=UUID('a25da8a7-56e8-4c47-abb1-216719b8c612'), condition=None, blocking_facility=None)]. The order of those handlers is not defined and they will be executed in random order. This might lead to race conditions and potential bugs.
2026-05-15 21:44:26,455 : INFO : EventManager : Unordered handler for class ConfigPlayer.variable_player/variables on event s_ramp_inner_exit_active with priority 200. Handlers: [RegisteredHandler(callback=<bound method ConfigPlayer.config_play_callback of ConfigPlayer.variable_player/variables>, priority=200, kwargs={'calling_context': 's_ramp_inner_exit_active', 'mode': <Mode.iceman_letters>, 'settings': {'right_post_locked_out': {'action': 'set', 'int': <NativeTemplate 1>, 'priority': 0, 'float': None, 'string': None, 'block': False, 'player': None, 'condition': None}}}, key=UUID('63aa6609-627a-4785-9dcc-a2ac31a982e9'), condition=None, blocking_facility=None), RegisteredHandler(callback=<bound method ConfigPlayer.config_play_callback of ConfigPlayer.variable_player/variables>, priority=200, kwargs={'calling_context': 's_ramp_inner_exit_active', 'mode': <Mode.pilot_mission_qualifier>, 'settings': {'previous_switch_type': {'action': 'set', 'int': <NativeTemplate 0>, 'priority': 0, 'float': None, 'string': None, 'block': False, 'player': None, 'condition': None}}}, key=UUID('a25da8a7-56e8-4c47-abb1-216719b8c612'), condition=None, blocking_facility=None)]. The order of those handlers is not defined and they will be executed in random order. This might lead to race conditions and potential bugs.
2026-05-15 21:44:26,463 : INFO : EventManager : Unordered handler for class ConfigPlayer.variable_player/variables on event mode_top_gun_multiball_stopped with priority 200. Handlers: [RegisteredHandler(callback=<bound method ConfigPlayer.config_play_callback of ConfigPlayer.variable_player/variables>, priority=200, kwargs={'calling_context': 'mode_top_gun_multiball_stopped', 'mode': <Mode.pilot_mission_qualifier>, 'settings': {'letter_collection_paused': {'action': 'set', 'int': <NativeTemplate 0>, 'priority': 0, 'float': None, 'string': None, 'block': False, 'player': None, 'condition': None}, 'pilot_qualifier_paused': {'action': 'set', 'int': <NativeTemplate 0>, 'priority': 0, 'float': None, 'string': None, 'block': False, 'player': None, 'condition': None}, 'lock_collection_paused': {'action': 'set', 'int': <NativeTemplate 0>, 'priority': 0, 'float': None, 'string': None, 'block': False, 'player': None, 'condition': None}, 'multiball_active': {'action': 'set', 'int': <NativeTemplate 0>, 'priority': 0, 'float': None, 'string': None, 'block': False, 'player': None, 'condition': None}}}, key=UUID('f9491a0b-f6fd-4f70-a408-c491e52bbe91'), condition=None, blocking_facility=None), RegisteredHandler(callback=<bound method ConfigPlayer.config_play_callback of ConfigPlayer.variable_player/variables>, priority=200, kwargs={'calling_context': 'mode_top_gun_multiball_stopped', 'mode': <Mode.top_gun_multiball_locks>, 'settings': {'lock_goose_lit': {'action': 'set', 'int': <NativeTemplate 0>, 'priority': 0, 'float': None, 'string': None, 'block': False, 'player': None, 'condition': None}, 'lock_mav_lit': {'action': 'set', 'int': <NativeTemplate 0>, 'priority': 0, 'float': None, 'string': None, 'block': False, 'player': None, 'condition': None}, 'lock_goose_locked': {'action': 'set', 'int': <NativeTemplate 0>, 'priority': 0, 'float': None, 'string': None, 'block': False, 'player': None, 'condition': None}, 'lock_mav_locked': {'action': 'set', 'int': <NativeTemplate 0>, 'priority': 0, 'float': None, 'string': None, 'block': False, 'player': None, 'condition': None}, 'multiball_qualified': {'action': 'set', 'int': <NativeTemplate 0>, 'priority': 0, 'float': None, 'string': None, 'block': False, 'player': None, 'condition': None}, 'multiball_starting': {'action': 'set', 'int': <NativeTemplate 0>, 'priority': 0, 'float': None, 'string': None, 'block': False, 'player': None, 'condition': None}, 'lock_completions': {'action': 'set', 'int': <NativeTemplate 0>, 'priority': 0, 'float': None, 'string': None, 'block': False, 'player': None, 'condition': None}, 'multiball_active': {'action': 'set', 'int': <NativeTemplate 0>, 'priority': 0, 'float': None, 'string': None, 'block': False, 'player': None, 'condition': None}, 'letter_collection_paused': {'action': 'set', 'int': <NativeTemplate 0>, 'priority': 0, 'float': None, 'string': None, 'block': False, 'player': None, 'condition': None}, 'pilot_qualifier_paused': {'action': 'set', 'int': <NativeTemplate 0>, 'priority': 0, 'float': None, 'string': None, 'block': False, 'player': None, 'condition': None}, 'lock_collection_paused': {'action': 'set', 'int': <NativeTemplate 0>, 'priority': 0, 'float': None, 'string': None, 'block': False, 'player': None, 'condition': None}, 'mb_mode_choice_active': {'action': 'set', 'int': <NativeTemplate 0>, 'priority': 0, 'float': None, 'string': None, 'block': False, 'player': None, 'condition': None}, 'lock_timer_paused': {'action': 'set', 'int': <NativeTemplate 0>, 'priority': 0, 'float': None, 'string': None, 'block': False, 'player': None, 'condition': None}}}, key=UUID('cdbb2575-d792-48f2-b3fd-7f4ee67e5a84'), condition=None, blocking_facility=None)]. The order of those handlers is not defined and they will be executed in random order. This might lead to race conditions and potential bugs.
2026-05-15 21:44:26,465 : INFO : EventManager : Unordered handler for class ConfigPlayer.variable_player/variables on event ball_will_end with priority 200. Handlers: [RegisteredHandler(callback=<bound method ConfigPlayer.config_play_callback of ConfigPlayer.variable_player/variables>, priority=200, kwargs={'calling_context': 'ball_will_end', 'mode': <Mode.mig_letters>, 'settings': {'mig_letter_m': {'action': 'set', 'int': <NativeTemplate 0>, 'priority': 0, 'float': None, 'string': None, 'block': False, 'player': None, 'condition': None}, 'mig_letter_i': {'action': 'set', 'int': <NativeTemplate 0>, 'priority': 0, 'float': None, 'string': None, 'block': False, 'player': None, 'condition': None}, 'mig_letter_g': {'action': 'set', 'int': <NativeTemplate 0>, 'priority': 0, 'float': None, 'string': None, 'block': False, 'player': None, 'condition': None}, 'mig_completing': {'action': 'set', 'int': <NativeTemplate 0>, 'priority': 0, 'float': None, 'string': None, 'block': False, 'player': None, 'condition': None}}}, key=UUID('854db57f-9239-4171-82ef-f0fdc22d17a4'), condition=None, blocking_facility=None), RegisteredHandler(callback=<bound method ConfigPlayer.config_play_callback of ConfigPlayer.variable_player/variables>, priority=200, kwargs={'calling_context': 'ball_will_end', 'mode': <Mode.pilot_mission_qualifier>, 'settings': {'mystery_just_lit_pilot': {'action': 'set', 'int': <NativeTemplate 0>, 'priority': 0, 'float': None, 'string': None, 'block': False, 'player': None, 'condition': None}, 'scoop_release_pending': {'action': 'set', 'int': <NativeTemplate 0>, 'priority': 0, 'float': None, 'string': None, 'block': False, 'player': None, 'condition': None}}}, key=UUID('9b55fcba-aea5-49e5-91bf-02a323650f18'), condition=None, blocking_facility=None)]. The order of those handlers is not defined and they will be executed in random order. This might lead to race conditions and potential bugs.
2026-05-15 21:44:26,465 : INFO : EventManager : Event: ======'mode_top_gun_multiball_locks_starting'====== Args={'queue': <QueuedEvent>, 'player': 1, 'ball': 2, 'balls_remaining': 1, 'is_extra_ball': False}
2026-05-15 21:44:26,465 : INFO : EventManager : Event: ======'mode_hard_deck_qualifiers_will_start'====== Args={'queue': <QueuedEvent>, 'player': 1, 'ball': 2, 'balls_remaining': 1, 'is_extra_ball': False}
2026-05-15 21:44:26,467 : INFO : EventManager : Unordered handler for class ConfigPlayer.variable_player/variables on event s_orbit_upper_active with priority 200. Handlers: [RegisteredHandler(callback=<bound method ConfigPlayer.config_play_callback of ConfigPlayer.variable_player/variables>, priority=200, kwargs={'calling_context': 's_orbit_upper_active', 'mode': <Mode.iceman_letters>, 'settings': {'right_post_locked_out': {'action': 'set', 'int': <NativeTemplate 1>, 'priority': 0, 'float': None, 'string': None, 'block': False, 'player': None, 'condition': None}}}, key=UUID('de70133d-28d6-4496-ade1-6bc00706ef6d'), condition=None, blocking_facility=None), RegisteredHandler(callback=<bound method ConfigPlayer.config_play_callback of ConfigPlayer.variable_player/variables>, priority=200, kwargs={'calling_context': 's_orbit_upper_active', 'mode': <Mode.pilot_mission_qualifier>, 'settings': {'previous_switch_type': {'action': 'set', 'int': <NativeTemplate 0>, 'priority': 0, 'float': None, 'string': None, 'block': False, 'player': None, 'condition': None}}}, key=UUID('2375119b-1d49-40b3-b7f7-195594f9dbdb'), condition=None, blocking_facility=None)]. The order of those handlers is not defined and they will be executed in random order. This might lead to race conditions and potential bugs.
2026-05-15 21:44:26,468 : INFO : EventManager : Unordered handler for class ConfigPlayer.variable_player/variables on event mode_top_gun_multiball_stopped with priority 200. Handlers: [RegisteredHandler(callback=<bound method ConfigPlayer.config_play_callback of ConfigPlayer.variable_player/variables>, priority=200, kwargs={'calling_context': 'mode_top_gun_multiball_stopped', 'mode': <Mode.pilot_mission_qualifier>, 'settings': {'letter_collection_paused': {'action': 'set', 'int': <NativeTemplate 0>, 'priority': 0, 'float': None, 'string': None, 'block': False, 'player': None, 'condition': None}, 'pilot_qualifier_paused': {'action': 'set', 'int': <NativeTemplate 0>, 'priority': 0, 'float': None, 'string': None, 'block': False, 'player': None, 'condition': None}, 'lock_collection_paused': {'action': 'set', 'int': <NativeTemplate 0>, 'priority': 0, 'float': None, 'string': None, 'block': False, 'player': None, 'condition': None}, 'multiball_active': {'action': 'set', 'int': <NativeTemplate 0>, 'priority': 0, 'float': None, 'string': None, 'block': False, 'player': None, 'condition': None}}}, key=UUID('f9491a0b-f6fd-4f70-a408-c491e52bbe91'), condition=None, blocking_facility=None), RegisteredHandler(callback=<bound method ConfigPlayer.config_play_callback of ConfigPlayer.variable_player/variables>, priority=200, kwargs={'calling_context': 'mode_top_gun_multiball_stopped', 'mode': <Mode.top_gun_multiball_locks>, 'settings': {'lock_goose_lit': {'action': 'set', 'int': <NativeTemplate 0>, 'priority': 0, 'float': None, 'string': None, 'block': False, 'player': None, 'condition': None}, 'lock_mav_lit': {'action': 'set', 'int': <NativeTemplate 0>, 'priority': 0, 'float': None, 'string': None, 'block': False, 'player': None, 'condition': None}, 'lock_goose_locked': {'action': 'set', 'int': <NativeTemplate 0>, 'priority': 0, 'float': None, 'string': None, 'block': False, 'player': None, 'condition': None}, 'lock_mav_locked': {'action': 'set', 'int': <NativeTemplate 0>, 'priority': 0, 'float': None, 'string': None, 'block': False, 'player': None, 'condition': None}, 'multiball_qualified': {'action': 'set', 'int': <NativeTemplate 0>, 'priority': 0, 'float': None, 'string': None, 'block': False, 'player': None, 'condition': None}, 'multiball_starting': {'action': 'set', 'int': <NativeTemplate 0>, 'priority': 0, 'float': None, 'string': None, 'block': False, 'player': None, 'condition': None}, 'lock_completions': {'action': 'set', 'int': <NativeTemplate 0>, 'priority': 0, 'float': None, 'string': None, 'block': False, 'player': None, 'condition': None}, 'multiball_active': {'action': 'set', 'int': <NativeTemplate 0>, 'priority': 0, 'float': None, 'string': None, 'block': False, 'player': None, 'condition': None}, 'letter_collection_paused': {'action': 'set', 'int': <NativeTemplate 0>, 'priority': 0, 'float': None, 'string': None, 'block': False, 'player': None, 'condition': None}, 'pilot_qualifier_paused': {'action': 'set', 'int': <NativeTemplate 0>, 'priority': 0, 'float': None, 'string': None, 'block': False, 'player': None, 'condition': None}, 'lock_collection_paused': {'action': 'set', 'int': <NativeTemplate 0>, 'priority': 0, 'float': None, 'string': None, 'block': False, 'player': None, 'condition': None}, 'mb_mode_choice_active': {'action': 'set', 'int': <NativeTemplate 0>, 'priority': 0, 'float': None, 'string': None, 'block': False, 'player': None, 'condition': None}, 'lock_timer_paused': {'action': 'set', 'int': <NativeTemplate 0>, 'priority': 0, 'float': None, 'string': None, 'block': False, 'player': None, 'condition': None}}}, key=UUID('cdbb2575-d792-48f2-b3fd-7f4ee67e5a84'), condition=None, blocking_facility=None)]. The order of those handlers is not defined and they will be executed in random order. This might lead to race conditions and potential bugs.
2026-05-15 21:44:26,469 : INFO : EventManager : Unordered handler for class ConfigPlayer.event_player/events on event mode_hard_deck_maverick_and_charlie_started with priority 200. Handlers: [RegisteredHandler(callback=<bound method ConfigPlayer.config_play_callback of ConfigPlayer.event_player/events>, priority=200, kwargs={'calling_context': 'mode_hard_deck_maverick_and_charlie_started', 'mode': <Mode.iceman_letters>, 'settings': {'stop_all_training_pulse_shows': [{'condition': None, 'number': None, 'priority': 0, 'params': {}}]}}, key=UUID('d3ea4053-6f09-4b7b-97be-4c07d794cdc9'), condition=None, blocking_facility=None), RegisteredHandler(callback=<bound method ConfigPlayer.config_play_callback of ConfigPlayer.event_player/events>, priority=200, kwargs={'calling_context': 'mode_hard_deck_maverick_and_charlie_started', 'mode': <Mode.pilot_mission_qualifier>, 'settings': {'ball_search_reset': [{'condition': None, 'number': None, 'priority': 0, 'params': {}}], 'ball_search_block': [{'condition': None, 'number': None, 'priority': 0, 'params': {}}]}}, key=UUID('8c6aa572-3833-4454-b60e-042046f0aed3'), condition=None, blocking_facility=None), RegisteredHandler(callback=<bound method ConfigPlayer.config_play_callback of ConfigPlayer.event_player/events>, priority=200, kwargs={'calling_context': 'mode_hard_deck_maverick_and_charlie_started', 'mode': <Mode.hard_deck_qualifiers>, 'settings': {'hd_stop_pulse_show': [{'condition': None, 'number': None, 'priority': 0, 'params': {}}]}}, key=UUID('1cadcda9-b156-4203-a6f6-f2b01bc9aaae'), condition=None, blocking_facility=None)]. The order of those handlers is not defined and they will be executed in random order. This might lead to race conditions and potential bugs.
2026-05-15 21:44:26,469 : INFO : EventManager : Unordered handler for class ConfigPlayer.event_player/events on event mode_hard_deck_maverick_and_charlie_started with priority 200. Handlers: [RegisteredHandler(callback=<bound method ConfigPlayer.config_play_callback of ConfigPlayer.event_player/events>, priority=200, kwargs={'calling_context': 'mode_hard_deck_maverick_and_charlie_started', 'mode': <Mode.iceman_letters>, 'settings': {'stop_all_training_pulse_shows': [{'condition': None, 'number': None, 'priority': 0, 'params': {}}]}}, key=UUID('d3ea4053-6f09-4b7b-97be-4c07d794cdc9'), condition=None, blocking_facility=None), RegisteredHandler(callback=<bound method ConfigPlayer.config_play_callback of ConfigPlayer.event_player/events>, priority=200, kwargs={'calling_context': 'mode_hard_deck_maverick_and_charlie_started', 'mode': <Mode.pilot_mission_qualifier>, 'settings': {'ball_search_reset': [{'condition': None, 'number': None, 'priority': 0, 'params': {}}], 'ball_search_block': [{'condition': None, 'number': None, 'priority': 0, 'params': {}}]}}, key=UUID('8c6aa572-3833-4454-b60e-042046f0aed3'), condition=None, blocking_facility=None), RegisteredHandler(callback=<bound method ConfigPlayer.config_play_callback of ConfigPlayer.event_player/events>, priority=200, kwargs={'calling_context': 'mode_hard_deck_maverick_and_charlie_started', 'mode': <Mode.hard_deck_qualifiers>, 'settings': {'hd_stop_pulse_show': [{'condition': None, 'number': None, 'priority': 0, 'params': {}}]}}, key=UUID('1cadcda9-b156-4203-a6f6-f2b01bc9aaae'), condition=None, blocking_facility=None)]. The order of those handlers is not defined and they will be executed in random order. This might lead to race conditions and potential bugs.
2026-05-15 21:44:26,470 : INFO : EventManager : Unordered handler for class ConfigPlayer.event_player/events on event mode_hard_deck_playing_with_the_boys_started with priority 200. Handlers: [RegisteredHandler(callback=<bound method ConfigPlayer.config_play_callback of ConfigPlayer.event_player/events>, priority=200, kwargs={'calling_context': 'mode_hard_deck_playing_with_the_boys_started', 'mode': <Mode.iceman_letters>, 'settings': {'stop_all_training_pulse_shows': [{'condition': None, 'number': None, 'priority': 0, 'params': {}}]}}, key=UUID('43859bd7-51ac-455c-bcc4-f94b2a5f6f70'), condition=None, blocking_facility=None), RegisteredHandler(callback=<bound method ConfigPlayer.config_play_callback of ConfigPlayer.event_player/events>, priority=200, kwargs={'calling_context': 'mode_hard_deck_playing_with_the_boys_started', 'mode': <Mode.pilot_mission_qualifier>, 'settings': {'ball_search_reset': [{'condition': None, 'number': None, 'priority': 0, 'params': {}}], 'ball_search_block': [{'condition': None, 'number': None, 'priority': 0, 'params': {}}]}}, key=UUID('b2ebbe59-27e3-4005-921c-e924fb1521e8'), condition=None, blocking_facility=None), RegisteredHandler(callback=<bound method ConfigPlayer.config_play_callback of ConfigPlayer.event_player/events>, priority=200, kwargs={'calling_context': 'mode_hard_deck_playing_with_the_boys_started', 'mode': <Mode.hard_deck_qualifiers>, 'settings': {'hd_stop_pulse_show': [{'condition': None, 'number': None, 'priority': 0, 'params': {}}]}}, key=UUID('b83112cc-854f-417d-b46e-8b1631766550'), condition=None, blocking_facility=None)]. The order of those handlers is not defined and they will be executed in random order. This might lead to race conditions and potential bugs.
2026-05-15 21:44:26,470 : INFO : EventManager : Unordered handler for class ConfigPlayer.event_player/events on event mode_hard_deck_playing_with_the_boys_started with priority 200. Handlers: [RegisteredHandler(callback=<bound method ConfigPlayer.config_play_callback of ConfigPlayer.event_player/events>, priority=200, kwargs={'calling_context': 'mode_hard_deck_playing_with_the_boys_started', 'mode': <Mode.iceman_letters>, 'settings': {'stop_all_training_pulse_shows': [{'condition': None, 'number': None, 'priority': 0, 'params': {}}]}}, key=UUID('43859bd7-51ac-455c-bcc4-f94b2a5f6f70'), condition=None, blocking_facility=None), RegisteredHandler(callback=<bound method ConfigPlayer.config_play_callback of ConfigPlayer.event_player/events>, priority=200, kwargs={'calling_context': 'mode_hard_deck_playing_with_the_boys_started', 'mode': <Mode.pilot_mission_qualifier>, 'settings': {'ball_search_reset': [{'condition': None, 'number': None, 'priority': 0, 'params': {}}], 'ball_search_block': [{'condition': None, 'number': None, 'priority': 0, 'params': {}}]}}, key=UUID('b2ebbe59-27e3-4005-921c-e924fb1521e8'), condition=None, blocking_facility=None), RegisteredHandler(callback=<bound method ConfigPlayer.config_play_callback of ConfigPlayer.event_player/events>, priority=200, kwargs={'calling_context': 'mode_hard_deck_playing_with_the_boys_started', 'mode': <Mode.hard_deck_qualifiers>, 'settings': {'hd_stop_pulse_show': [{'condition': None, 'number': None, 'priority': 0, 'params': {}}]}}, key=UUID('b83112cc-854f-417d-b46e-8b1631766550'), condition=None, blocking_facility=None)]. The order of those handlers is not defined and they will be executed in random order. This might lead to race conditions and potential bugs.
2026-05-15 21:44:26,470 : INFO : EventManager : Unordered handler for class ConfigPlayer.event_player/events on event mode_hard_deck_maverick_and_penny_started with priority 200. Handlers: [RegisteredHandler(callback=<bound method ConfigPlayer.config_play_callback of ConfigPlayer.event_player/events>, priority=200, kwargs={'calling_context': 'mode_hard_deck_maverick_and_penny_started', 'mode': <Mode.iceman_letters>, 'settings': {'stop_all_training_pulse_shows': [{'condition': None, 'number': None, 'priority': 0, 'params': {}}]}}, key=UUID('53e79a6b-2e04-4cc2-b13f-28a5f55d5e2c'), condition=None, blocking_facility=None), RegisteredHandler(callback=<bound method ConfigPlayer.config_play_callback of ConfigPlayer.event_player/events>, priority=200, kwargs={'calling_context': 'mode_hard_deck_maverick_and_penny_started', 'mode': <Mode.pilot_mission_qualifier>, 'settings': {'ball_search_reset': [{'condition': None, 'number': None, 'priority': 0, 'params': {}}], 'ball_search_block': [{'condition': None, 'number': None, 'priority': 0, 'params': {}}]}}, key=UUID('144bc4f8-c535-43a0-9e5a-00d3b66f5db4'), condition=None, blocking_facility=None), RegisteredHandler(callback=<bound method ConfigPlayer.config_play_callback of ConfigPlayer.event_player/events>, priority=200, kwargs={'calling_context': 'mode_hard_deck_maverick_and_penny_started', 'mode': <Mode.hard_deck_qualifiers>, 'settings': {'hd_stop_pulse_show': [{'condition': None, 'number': None, 'priority': 0, 'params': {}}]}}, key=UUID('4fc97f29-11f0-44d7-8d09-7a0c4e1ddb46'), condition=None, blocking_facility=None)]. The order of those handlers is not defined and they will be executed in random order. This might lead to race conditions and potential bugs.
2026-05-15 21:44:26,470 : INFO : EventManager : Unordered handler for class ConfigPlayer.event_player/events on event mode_hard_deck_maverick_and_penny_started with priority 200. Handlers: [RegisteredHandler(callback=<bound method ConfigPlayer.config_play_callback of ConfigPlayer.event_player/events>, priority=200, kwargs={'calling_context': 'mode_hard_deck_maverick_and_penny_started', 'mode': <Mode.iceman_letters>, 'settings': {'stop_all_training_pulse_shows': [{'condition': None, 'number': None, 'priority': 0, 'params': {}}]}}, key=UUID('53e79a6b-2e04-4cc2-b13f-28a5f55d5e2c'), condition=None, blocking_facility=None), RegisteredHandler(callback=<bound method ConfigPlayer.config_play_callback of ConfigPlayer.event_player/events>, priority=200, kwargs={'calling_context': 'mode_hard_deck_maverick_and_penny_started', 'mode': <Mode.pilot_mission_qualifier>, 'settings': {'ball_search_reset': [{'condition': None, 'number': None, 'priority': 0, 'params': {}}], 'ball_search_block': [{'condition': None, 'number': None, 'priority': 0, 'params': {}}]}}, key=UUID('144bc4f8-c535-43a0-9e5a-00d3b66f5db4'), condition=None, blocking_facility=None), RegisteredHandler(callback=<bound method ConfigPlayer.config_play_callback of ConfigPlayer.event_player/events>, priority=200, kwargs={'calling_context': 'mode_hard_deck_maverick_and_penny_started', 'mode': <Mode.hard_deck_qualifiers>, 'settings': {'hd_stop_pulse_show': [{'condition': None, 'number': None, 'priority': 0, 'params': {}}]}}, key=UUID('4fc97f29-11f0-44d7-8d09-7a0c4e1ddb46'), condition=None, blocking_facility=None)]. The order of those handlers is not defined and they will be executed in random order. This might lead to race conditions and potential bugs.
2026-05-15 21:44:26,470 : INFO : EventManager : Unordered handler for class ConfigPlayer.event_player/events on event mode_hard_deck_honoring_iceman_started with priority 200. Handlers: [RegisteredHandler(callback=<bound method ConfigPlayer.config_play_callback of ConfigPlayer.event_player/events>, priority=200, kwargs={'calling_context': 'mode_hard_deck_honoring_iceman_started', 'mode': <Mode.iceman_letters>, 'settings': {'stop_all_training_pulse_shows': [{'condition': None, 'number': None, 'priority': 0, 'params': {}}]}}, key=UUID('5c9e050a-e185-49d0-a30e-91ace29dc4d2'), condition=None, blocking_facility=None), RegisteredHandler(callback=<bound method ConfigPlayer.config_play_callback of ConfigPlayer.event_player/events>, priority=200, kwargs={'calling_context': 'mode_hard_deck_honoring_iceman_started', 'mode': <Mode.pilot_mission_qualifier>, 'settings': {'ball_search_reset': [{'condition': None, 'number': None, 'priority': 0, 'params': {}}], 'ball_search_block': [{'condition': None, 'number': None, 'priority': 0, 'params': {}}]}}, key=UUID('d0fcafa7-1339-472b-848a-c5935e391edc'), condition=None, blocking_facility=None), RegisteredHandler(callback=<bound method ConfigPlayer.config_play_callback of ConfigPlayer.event_player/events>, priority=200, kwargs={'calling_context': 'mode_hard_deck_honoring_iceman_started', 'mode': <Mode.hard_deck_qualifiers>, 'settings': {'hd_stop_pulse_show': [{'condition': None, 'number': None, 'priority': 0, 'params': {}}]}}, key=UUID('d3f0b278-5061-4370-96a3-50385d8f5266'), condition=None, blocking_facility=None)]. The order of those handlers is not defined and they will be executed in random order. This might lead to race conditions and potential bugs.
2026-05-15 21:44:26,470 : INFO : EventManager : Unordered handler for class ConfigPlayer.event_player/events on event mode_hard_deck_honoring_iceman_started with priority 200. Handlers: [RegisteredHandler(callback=<bound method ConfigPlayer.config_play_callback of ConfigPlayer.event_player/events>, priority=200, kwargs={'calling_context': 'mode_hard_deck_honoring_iceman_started', 'mode': <Mode.iceman_letters>, 'settings': {'stop_all_training_pulse_shows': [{'condition': None, 'number': None, 'priority': 0, 'params': {}}]}}, key=UUID('5c9e050a-e185-49d0-a30e-91ace29dc4d2'), condition=None, blocking_facility=None), RegisteredHandler(callback=<bound method ConfigPlayer.config_play_callback of ConfigPlayer.event_player/events>, priority=200, kwargs={'calling_context': 'mode_hard_deck_honoring_iceman_started', 'mode': <Mode.pilot_mission_qualifier>, 'settings': {'ball_search_reset': [{'condition': None, 'number': None, 'priority': 0, 'params': {}}], 'ball_search_block': [{'condition': None, 'number': None, 'priority': 0, 'params': {}}]}}, key=UUID('d0fcafa7-1339-472b-848a-c5935e391edc'), condition=None, blocking_facility=None), RegisteredHandler(callback=<bound method ConfigPlayer.config_play_callback of ConfigPlayer.event_player/events>, priority=200, kwargs={'calling_context': 'mode_hard_deck_honoring_iceman_started', 'mode': <Mode.hard_deck_qualifiers>, 'settings': {'hd_stop_pulse_show': [{'condition': None, 'number': None, 'priority': 0, 'params': {}}]}}, key=UUID('d3f0b278-5061-4370-96a3-50385d8f5266'), condition=None, blocking_facility=None)]. The order of those handlers is not defined and they will be executed in random order. This might lead to race conditions and potential bugs.
2026-05-15 21:44:26,472 : INFO : EventManager : Unordered handler for class ConfigPlayer.variable_player/variables on event s_spinner_active with priority 200. Handlers: [RegisteredHandler(callback=<bound method ConfigPlayer.config_play_callback of ConfigPlayer.variable_player/variables>, priority=200, kwargs={'calling_context': 's_spinner_active', 'mode': <Mode.iceman_letters>, 'settings': {'right_post_locked_out': {'action': 'set', 'int': <NativeTemplate 1>, 'priority': 0, 'float': None, 'string': None, 'block': False, 'player': None, 'condition': None}}}, key=UUID('bcfd80f0-3fd8-41ac-8fdd-1bb602c21ae4'), condition=None, blocking_facility=None), RegisteredHandler(callback=<bound method ConfigPlayer.config_play_callback of ConfigPlayer.variable_player/variables>, priority=200, kwargs={'calling_context': 's_spinner_active', 'mode': <Mode.pilot_mission_qualifier>, 'settings': {'spinner_spin_count': {'action': 'add', 'int': <NativeTemplate 1>, 'priority': 0, 'float': None, 'string': None, 'block': False, 'player': None, 'condition': None}, 'previous_switch_type': {'action': 'set', 'int': <NativeTemplate 0>, 'priority': 0, 'float': None, 'string': None, 'block': False, 'player': None, 'condition': None}}}, key=UUID('399bfdba-c9d9-4be9-ba6e-a6bcfd15538b'), condition=None, blocking_facility=None)]. The order of those handlers is not defined and they will be executed in random order. This might lead to race conditions and potential bugs.
2026-05-15 21:44:26,472 : INFO : EventManager : Unordered handler for class ConfigPlayer.variable_player/variables on event s_orbit_upper_active with priority 200. Handlers: [RegisteredHandler(callback=<bound method ConfigPlayer.config_play_callback of ConfigPlayer.variable_player/variables>, priority=200, kwargs={'calling_context': 's_orbit_upper_active', 'mode': <Mode.iceman_letters>, 'settings': {'right_post_locked_out': {'action': 'set', 'int': <NativeTemplate 1>, 'priority': 0, 'float': None, 'string': None, 'block': False, 'player': None, 'condition': None}}}, key=UUID('de70133d-28d6-4496-ade1-6bc00706ef6d'), condition=None, blocking_facility=None), RegisteredHandler(callback=<bound method ConfigPlayer.config_play_callback of ConfigPlayer.variable_player/variables>, priority=200, kwargs={'calling_context': 's_orbit_upper_active', 'mode': <Mode.pilot_mission_qualifier>, 'settings': {'previous_switch_type': {'action': 'set', 'int': <NativeTemplate 0>, 'priority': 0, 'float': None, 'string': None, 'block': False, 'player': None, 'condition': None}}}, key=UUID('2375119b-1d49-40b3-b7f7-195594f9dbdb'), condition=None, blocking_facility=None)]. The order of those handlers is not defined and they will be executed in random order. This might lead to race conditions and potential bugs.
2026-05-15 21:44:26,472 : INFO : EventManager : Unordered handler for class ConfigPlayer.variable_player/variables on event s_ramp_inner_exit_active with priority 200. Handlers: [RegisteredHandler(callback=<bound method ConfigPlayer.config_play_callback of ConfigPlayer.variable_player/variables>, priority=200, kwargs={'calling_context': 's_ramp_inner_exit_active', 'mode': <Mode.iceman_letters>, 'settings': {'right_post_locked_out': {'action': 'set', 'int': <NativeTemplate 1>, 'priority': 0, 'float': None, 'string': None, 'block': False, 'player': None, 'condition': None}}}, key=UUID('63aa6609-627a-4785-9dcc-a2ac31a982e9'), condition=None, blocking_facility=None), RegisteredHandler(callback=<bound method ConfigPlayer.config_play_callback of ConfigPlayer.variable_player/variables>, priority=200, kwargs={'calling_context': 's_ramp_inner_exit_active', 'mode': <Mode.pilot_mission_qualifier>, 'settings': {'previous_switch_type': {'action': 'set', 'int': <NativeTemplate 0>, 'priority': 0, 'float': None, 'string': None, 'block': False, 'player': None, 'condition': None}}}, key=UUID('a25da8a7-56e8-4c47-abb1-216719b8c612'), condition=None, blocking_facility=None)]. The order of those handlers is not defined and they will be executed in random order. This might lead to race conditions and potential bugs.
2026-05-15 21:44:26,472 : INFO : EventManager : Unordered handler for class ConfigPlayer.variable_player/variables on event s_orbit_right_active with priority 200. Handlers: [RegisteredHandler(callback=<bound method ConfigPlayer.config_play_callback of ConfigPlayer.variable_player/variables>, priority=200, kwargs={'calling_context': 's_orbit_right_active', 'mode': <Mode.iceman_letters>, 'settings': {'right_post_locked_out': {'action': 'set', 'int': <NativeTemplate 1>, 'priority': 0, 'float': None, 'string': None, 'block': False, 'player': None, 'condition': None}}}, key=UUID('a12ab233-b364-492b-a4ef-eedf7a36f37b'), condition=None, blocking_facility=None), RegisteredHandler(callback=<bound method ConfigPlayer.config_play_callback of ConfigPlayer.variable_player/variables>, priority=200, kwargs={'calling_context': 's_orbit_right_active', 'mode': <Mode.pilot_mission_qualifier>, 'settings': {'previous_switch_type': {'action': 'set', 'int': <NativeTemplate 0>, 'priority': 0, 'float': None, 'string': None, 'block': False, 'player': None, 'condition': None}}}, key=UUID('4265a084-d906-48fe-a05c-8440c93d33f3'), condition=None, blocking_facility=None)]. The order of those handlers is not defined and they will be executed in random order. This might lead to race conditions and potential bugs.
2026-05-15 21:44:26,478 : INFO : EventManager : Unordered handler for class ConfigPlayer.event_player/events on event mode_hard_deck_maverick_and_charlie_started with priority 200. Handlers: [RegisteredHandler(callback=<bound method ConfigPlayer.config_play_callback of ConfigPlayer.event_player/events>, priority=200, kwargs={'calling_context': 'mode_hard_deck_maverick_and_charlie_started', 'mode': <Mode.iceman_letters>, 'settings': {'stop_all_training_pulse_shows': [{'condition': None, 'number': None, 'priority': 0, 'params': {}}]}}, key=UUID('d3ea4053-6f09-4b7b-97be-4c07d794cdc9'), condition=None, blocking_facility=None), RegisteredHandler(callback=<bound method ConfigPlayer.config_play_callback of ConfigPlayer.event_player/events>, priority=200, kwargs={'calling_context': 'mode_hard_deck_maverick_and_charlie_started', 'mode': <Mode.pilot_mission_qualifier>, 'settings': {'ball_search_reset': [{'condition': None, 'number': None, 'priority': 0, 'params': {}}], 'ball_search_block': [{'condition': None, 'number': None, 'priority': 0, 'params': {}}]}}, key=UUID('8c6aa572-3833-4454-b60e-042046f0aed3'), condition=None, blocking_facility=None), RegisteredHandler(callback=<bound method ConfigPlayer.config_play_callback of ConfigPlayer.event_player/events>, priority=200, kwargs={'calling_context': 'mode_hard_deck_maverick_and_charlie_started', 'mode': <Mode.hard_deck_qualifiers>, 'settings': {'hd_stop_pulse_show': [{'condition': None, 'number': None, 'priority': 0, 'params': {}}]}}, key=UUID('1cadcda9-b156-4203-a6f6-f2b01bc9aaae'), condition=None, blocking_facility=None)]. The order of those handlers is not defined and they will be executed in random order. This might lead to race conditions and potential bugs.
2026-05-15 21:44:26,478 : INFO : EventManager : Unordered handler for class ConfigPlayer.event_player/events on event mode_hard_deck_maverick_and_charlie_started with priority 200. Handlers: [RegisteredHandler(callback=<bound method ConfigPlayer.config_play_callback of ConfigPlayer.event_player/events>, priority=200, kwargs={'calling_context': 'mode_hard_deck_maverick_and_charlie_started', 'mode': <Mode.iceman_letters>, 'settings': {'stop_all_training_pulse_shows': [{'condition': None, 'number': None, 'priority': 0, 'params': {}}]}}, key=UUID('d3ea4053-6f09-4b7b-97be-4c07d794cdc9'), condition=None, blocking_facility=None), RegisteredHandler(callback=<bound method ConfigPlayer.config_play_callback of ConfigPlayer.event_player/events>, priority=200, kwargs={'calling_context': 'mode_hard_deck_maverick_and_charlie_started', 'mode': <Mode.pilot_mission_qualifier>, 'settings': {'ball_search_reset': [{'condition': None, 'number': None, 'priority': 0, 'params': {}}], 'ball_search_block': [{'condition': None, 'number': None, 'priority': 0, 'params': {}}]}}, key=UUID('8c6aa572-3833-4454-b60e-042046f0aed3'), condition=None, blocking_facility=None), RegisteredHandler(callback=<bound method ConfigPlayer.config_play_callback of ConfigPlayer.event_player/events>, priority=200, kwargs={'calling_context': 'mode_hard_deck_maverick_and_charlie_started', 'mode': <Mode.hard_deck_qualifiers>, 'settings': {'hd_stop_pulse_show': [{'condition': None, 'number': None, 'priority': 0, 'params': {}}]}}, key=UUID('1cadcda9-b156-4203-a6f6-f2b01bc9aaae'), condition=None, blocking_facility=None)]. The order of those handlers is not defined and they will be executed in random order. This might lead to race conditions and potential bugs.
2026-05-15 21:44:26,478 : INFO : EventManager : Unordered handler for class ConfigPlayer.event_player/events on event mode_hard_deck_playing_with_the_boys_started with priority 200. Handlers: [RegisteredHandler(callback=<bound method ConfigPlayer.config_play_callback of ConfigPlayer.event_player/events>, priority=200, kwargs={'calling_context': 'mode_hard_deck_playing_with_the_boys_started', 'mode': <Mode.iceman_letters>, 'settings': {'stop_all_training_pulse_shows': [{'condition': None, 'number': None, 'priority': 0, 'params': {}}]}}, key=UUID('43859bd7-51ac-455c-bcc4-f94b2a5f6f70'), condition=None, blocking_facility=None), RegisteredHandler(callback=<bound method ConfigPlayer.config_play_callback of ConfigPlayer.event_player/events>, priority=200, kwargs={'calling_context': 'mode_hard_deck_playing_with_the_boys_started', 'mode': <Mode.pilot_mission_qualifier>, 'settings': {'ball_search_reset': [{'condition': None, 'number': None, 'priority': 0, 'params': {}}], 'ball_search_block': [{'condition': None, 'number': None, 'priority': 0, 'params': {}}]}}, key=UUID('b2ebbe59-27e3-4005-921c-e924fb1521e8'), condition=None, blocking_facility=None), RegisteredHandler(callback=<bound method ConfigPlayer.config_play_callback of ConfigPlayer.event_player/events>, priority=200, kwargs={'calling_context': 'mode_hard_deck_playing_with_the_boys_started', 'mode': <Mode.hard_deck_qualifiers>, 'settings': {'hd_stop_pulse_show': [{'condition': None, 'number': None, 'priority': 0, 'params': {}}]}}, key=UUID('b83112cc-854f-417d-b46e-8b1631766550'), condition=None, blocking_facility=None)]. The order of those handlers is not defined and they will be executed in random order. This might lead to race conditions and potential bugs.
2026-05-15 21:44:26,478 : INFO : EventManager : Unordered handler for class ConfigPlayer.event_player/events on event mode_hard_deck_playing_with_the_boys_started with priority 200. Handlers: [RegisteredHandler(callback=<bound method ConfigPlayer.config_play_callback of ConfigPlayer.event_player/events>, priority=200, kwargs={'calling_context': 'mode_hard_deck_playing_with_the_boys_started', 'mode': <Mode.iceman_letters>, 'settings': {'stop_all_training_pulse_shows': [{'condition': None, 'number': None, 'priority': 0, 'params': {}}]}}, key=UUID('43859bd7-51ac-455c-bcc4-f94b2a5f6f70'), condition=None, blocking_facility=None), RegisteredHandler(callback=<bound method ConfigPlayer.config_play_callback of ConfigPlayer.event_player/events>, priority=200, kwargs={'calling_context': 'mode_hard_deck_playing_with_the_boys_started', 'mode': <Mode.pilot_mission_qualifier>, 'settings': {'ball_search_reset': [{'condition': None, 'number': None, 'priority': 0, 'params': {}}], 'ball_search_block': [{'condition': None, 'number': None, 'priority': 0, 'params': {}}]}}, key=UUID('b2ebbe59-27e3-4005-921c-e924fb1521e8'), condition=None, blocking_facility=None), RegisteredHandler(callback=<bound method ConfigPlayer.config_play_callback of ConfigPlayer.event_player/events>, priority=200, kwargs={'calling_context': 'mode_hard_deck_playing_with_the_boys_started', 'mode': <Mode.hard_deck_qualifiers>, 'settings': {'hd_stop_pulse_show': [{'condition': None, 'number': None, 'priority': 0, 'params': {}}]}}, key=UUID('b83112cc-854f-417d-b46e-8b1631766550'), condition=None, blocking_facility=None)]. The order of those handlers is not defined and they will be executed in random order. This might lead to race conditions and potential bugs.
2026-05-15 21:44:26,478 : INFO : EventManager : Unordered handler for class ConfigPlayer.event_player/events on event mode_hard_deck_maverick_and_penny_started with priority 200. Handlers: [RegisteredHandler(callback=<bound method ConfigPlayer.config_play_callback of ConfigPlayer.event_player/events>, priority=200, kwargs={'calling_context': 'mode_hard_deck_maverick_and_penny_started', 'mode': <Mode.iceman_letters>, 'settings': {'stop_all_training_pulse_shows': [{'condition': None, 'number': None, 'priority': 0, 'params': {}}]}}, key=UUID('53e79a6b-2e04-4cc2-b13f-28a5f55d5e2c'), condition=None, blocking_facility=None), RegisteredHandler(callback=<bound method ConfigPlayer.config_play_callback of ConfigPlayer.event_player/events>, priority=200, kwargs={'calling_context': 'mode_hard_deck_maverick_and_penny_started', 'mode': <Mode.pilot_mission_qualifier>, 'settings': {'ball_search_reset': [{'condition': None, 'number': None, 'priority': 0, 'params': {}}], 'ball_search_block': [{'condition': None, 'number': None, 'priority': 0, 'params': {}}]}}, key=UUID('144bc4f8-c535-43a0-9e5a-00d3b66f5db4'), condition=None, blocking_facility=None), RegisteredHandler(callback=<bound method ConfigPlayer.config_play_callback of ConfigPlayer.event_player/events>, priority=200, kwargs={'calling_context': 'mode_hard_deck_maverick_and_penny_started', 'mode': <Mode.hard_deck_qualifiers>, 'settings': {'hd_stop_pulse_show': [{'condition': None, 'number': None, 'priority': 0, 'params': {}}]}}, key=UUID('4fc97f29-11f0-44d7-8d09-7a0c4e1ddb46'), condition=None, blocking_facility=None)]. The order of those handlers is not defined and they will be executed in random order. This might lead to race conditions and potential bugs.
2026-05-15 21:44:26,478 : INFO : EventManager : Unordered handler for class ConfigPlayer.event_player/events on event mode_hard_deck_maverick_and_penny_started with priority 200. Handlers: [RegisteredHandler(callback=<bound method ConfigPlayer.config_play_callback of ConfigPlayer.event_player/events>, priority=200, kwargs={'calling_context': 'mode_hard_deck_maverick_and_penny_started', 'mode': <Mode.iceman_letters>, 'settings': {'stop_all_training_pulse_shows': [{'condition': None, 'number': None, 'priority': 0, 'params': {}}]}}, key=UUID('53e79a6b-2e04-4cc2-b13f-28a5f55d5e2c'), condition=None, blocking_facility=None), RegisteredHandler(callback=<bound method ConfigPlayer.config_play_callback of ConfigPlayer.event_player/events>, priority=200, kwargs={'calling_context': 'mode_hard_deck_maverick_and_penny_started', 'mode': <Mode.pilot_mission_qualifier>, 'settings': {'ball_search_reset': [{'condition': None, 'number': None, 'priority': 0, 'params': {}}], 'ball_search_block': [{'condition': None, 'number': None, 'priority': 0, 'params': {}}]}}, key=UUID('144bc4f8-c535-43a0-9e5a-00d3b66f5db4'), condition=None, blocking_facility=None), RegisteredHandler(callback=<bound method ConfigPlayer.config_play_callback of ConfigPlayer.event_player/events>, priority=200, kwargs={'calling_context': 'mode_hard_deck_maverick_and_penny_started', 'mode': <Mode.hard_deck_qualifiers>, 'settings': {'hd_stop_pulse_show': [{'condition': None, 'number': None, 'priority': 0, 'params': {}}]}}, key=UUID('4fc97f29-11f0-44d7-8d09-7a0c4e1ddb46'), condition=None, blocking_facility=None)]. The order of those handlers is not defined and they will be executed in random order. This might lead to race conditions and potential bugs.
2026-05-15 21:44:26,479 : INFO : EventManager : Unordered handler for class ConfigPlayer.event_player/events on event mode_hard_deck_honoring_iceman_started with priority 200. Handlers: [RegisteredHandler(callback=<bound method ConfigPlayer.config_play_callback of ConfigPlayer.event_player/events>, priority=200, kwargs={'calling_context': 'mode_hard_deck_honoring_iceman_started', 'mode': <Mode.iceman_letters>, 'settings': {'stop_all_training_pulse_shows': [{'condition': None, 'number': None, 'priority': 0, 'params': {}}]}}, key=UUID('5c9e050a-e185-49d0-a30e-91ace29dc4d2'), condition=None, blocking_facility=None), RegisteredHandler(callback=<bound method ConfigPlayer.config_play_callback of ConfigPlayer.event_player/events>, priority=200, kwargs={'calling_context': 'mode_hard_deck_honoring_iceman_started', 'mode': <Mode.pilot_mission_qualifier>, 'settings': {'ball_search_reset': [{'condition': None, 'number': None, 'priority': 0, 'params': {}}], 'ball_search_block': [{'condition': None, 'number': None, 'priority': 0, 'params': {}}]}}, key=UUID('d0fcafa7-1339-472b-848a-c5935e391edc'), condition=None, blocking_facility=None), RegisteredHandler(callback=<bound method ConfigPlayer.config_play_callback of ConfigPlayer.event_player/events>, priority=200, kwargs={'calling_context': 'mode_hard_deck_honoring_iceman_started', 'mode': <Mode.hard_deck_qualifiers>, 'settings': {'hd_stop_pulse_show': [{'condition': None, 'number': None, 'priority': 0, 'params': {}}]}}, key=UUID('d3f0b278-5061-4370-96a3-50385d8f5266'), condition=None, blocking_facility=None)]. The order of those handlers is not defined and they will be executed in random order. This might lead to race conditions and potential bugs.
2026-05-15 21:44:26,479 : INFO : EventManager : Unordered handler for class ConfigPlayer.event_player/events on event mode_hard_deck_honoring_iceman_started with priority 200. Handlers: [RegisteredHandler(callback=<bound method ConfigPlayer.config_play_callback of ConfigPlayer.event_player/events>, priority=200, kwargs={'calling_context': 'mode_hard_deck_honoring_iceman_started', 'mode': <Mode.iceman_letters>, 'settings': {'stop_all_training_pulse_shows': [{'condition': None, 'number': None, 'priority': 0, 'params': {}}]}}, key=UUID('5c9e050a-e185-49d0-a30e-91ace29dc4d2'), condition=None, blocking_facility=None), RegisteredHandler(callback=<bound method ConfigPlayer.config_play_callback of ConfigPlayer.event_player/events>, priority=200, kwargs={'calling_context': 'mode_hard_deck_honoring_iceman_started', 'mode': <Mode.pilot_mission_qualifier>, 'settings': {'ball_search_reset': [{'condition': None, 'number': None, 'priority': 0, 'params': {}}], 'ball_search_block': [{'condition': None, 'number': None, 'priority': 0, 'params': {}}]}}, key=UUID('d0fcafa7-1339-472b-848a-c5935e391edc'), condition=None, blocking_facility=None), RegisteredHandler(callback=<bound method ConfigPlayer.config_play_callback of ConfigPlayer.event_player/events>, priority=200, kwargs={'calling_context': 'mode_hard_deck_honoring_iceman_started', 'mode': <Mode.hard_deck_qualifiers>, 'settings': {'hd_stop_pulse_show': [{'condition': None, 'number': None, 'priority': 0, 'params': {}}]}}, key=UUID('d3f0b278-5061-4370-96a3-50385d8f5266'), condition=None, blocking_facility=None)]. The order of those handlers is not defined and they will be executed in random order. This might lead to race conditions and potential bugs.
2026-05-15 21:44:26,479 : INFO : EventManager : Unordered handler for class ConfigPlayer.variable_player/variables on event mode_top_gun_multiball_stopped with priority 200. Handlers: [RegisteredHandler(callback=<bound method ConfigPlayer.config_play_callback of ConfigPlayer.variable_player/variables>, priority=200, kwargs={'calling_context': 'mode_top_gun_multiball_stopped', 'mode': <Mode.pilot_mission_qualifier>, 'settings': {'letter_collection_paused': {'action': 'set', 'int': <NativeTemplate 0>, 'priority': 0, 'float': None, 'string': None, 'block': False, 'player': None, 'condition': None}, 'pilot_qualifier_paused': {'action': 'set', 'int': <NativeTemplate 0>, 'priority': 0, 'float': None, 'string': None, 'block': False, 'player': None, 'condition': None}, 'lock_collection_paused': {'action': 'set', 'int': <NativeTemplate 0>, 'priority': 0, 'float': None, 'string': None, 'block': False, 'player': None, 'condition': None}, 'multiball_active': {'action': 'set', 'int': <NativeTemplate 0>, 'priority': 0, 'float': None, 'string': None, 'block': False, 'player': None, 'condition': None}}}, key=UUID('f9491a0b-f6fd-4f70-a408-c491e52bbe91'), condition=None, blocking_facility=None), RegisteredHandler(callback=<bound method ConfigPlayer.config_play_callback of ConfigPlayer.variable_player/variables>, priority=200, kwargs={'calling_context': 'mode_top_gun_multiball_stopped', 'mode': <Mode.top_gun_multiball_locks>, 'settings': {'lock_goose_lit': {'action': 'set', 'int': <NativeTemplate 0>, 'priority': 0, 'float': None, 'string': None, 'block': False, 'player': None, 'condition': None}, 'lock_mav_lit': {'action': 'set', 'int': <NativeTemplate 0>, 'priority': 0, 'float': None, 'string': None, 'block': False, 'player': None, 'condition': None}, 'lock_goose_locked': {'action': 'set', 'int': <NativeTemplate 0>, 'priority': 0, 'float': None, 'string': None, 'block': False, 'player': None, 'condition': None}, 'lock_mav_locked': {'action': 'set', 'int': <NativeTemplate 0>, 'priority': 0, 'float': None, 'string': None, 'block': False, 'player': None, 'condition': None}, 'multiball_qualified': {'action': 'set', 'int': <NativeTemplate 0>, 'priority': 0, 'float': None, 'string': None, 'block': False, 'player': None, 'condition': None}, 'multiball_starting': {'action': 'set', 'int': <NativeTemplate 0>, 'priority': 0, 'float': None, 'string': None, 'block': False, 'player': None, 'condition': None}, 'lock_completions': {'action': 'set', 'int': <NativeTemplate 0>, 'priority': 0, 'float': None, 'string': None, 'block': False, 'player': None, 'condition': None}, 'multiball_active': {'action': 'set', 'int': <NativeTemplate 0>, 'priority': 0, 'float': None, 'string': None, 'block': False, 'player': None, 'condition': None}, 'letter_collection_paused': {'action': 'set', 'int': <NativeTemplate 0>, 'priority': 0, 'float': None, 'string': None, 'block': False, 'player': None, 'condition': None}, 'pilot_qualifier_paused': {'action': 'set', 'int': <NativeTemplate 0>, 'priority': 0, 'float': None, 'string': None, 'block': False, 'player': None, 'condition': None}, 'lock_collection_paused': {'action': 'set', 'int': <NativeTemplate 0>, 'priority': 0, 'float': None, 'string': None, 'block': False, 'player': None, 'condition': None}, 'mb_mode_choice_active': {'action': 'set', 'int': <NativeTemplate 0>, 'priority': 0, 'float': None, 'string': None, 'block': False, 'player': None, 'condition': None}, 'lock_timer_paused': {'action': 'set', 'int': <NativeTemplate 0>, 'priority': 0, 'float': None, 'string': None, 'block': False, 'player': None, 'condition': None}}}, key=UUID('cdbb2575-d792-48f2-b3fd-7f4ee67e5a84'), condition=None, blocking_facility=None)]. The order of those handlers is not defined and they will be executed in random order. This might lead to race conditions and potential bugs.
2026-05-15 21:44:26,479 : INFO : EventManager : Unordered handler for class ConfigPlayer.variable_player/variables on event mode_hard_deck_maverick_and_charlie_stopped with priority 200. Handlers: [RegisteredHandler(callback=<bound method ConfigPlayer.config_play_callback of ConfigPlayer.variable_player/variables>, priority=200, kwargs={'calling_context': 'mode_hard_deck_maverick_and_charlie_stopped', 'mode': <Mode.pilot_mission_qualifier>, 'settings': {'letter_collection_paused': {'action': 'set', 'int': <NativeTemplate 0>, 'priority': 0, 'float': None, 'string': None, 'block': False, 'player': None, 'condition': None}, 'hard_deck_active': {'action': 'set', 'int': <NativeTemplate 0>, 'priority': 0, 'float': None, 'string': None, 'block': False, 'player': None, 'condition': None}}}, key=UUID('a1421bbd-3249-4aca-acea-3aa7a69506a6'), condition=None, blocking_facility=None), RegisteredHandler(callback=<bound method ConfigPlayer.config_play_callback of ConfigPlayer.variable_player/variables>, priority=200, kwargs={'calling_context': 'mode_hard_deck_maverick_and_charlie_stopped', 'mode': <Mode.hard_deck_qualifiers>, 'settings': {'hard_deck_active': {'action': 'set', 'int': <NativeTemplate 0>, 'priority': 0, 'float': None, 'string': None, 'block': False, 'player': None, 'condition': None}, 'letter_collection_paused': {'action': 'set', 'int': <NativeTemplate 0>, 'priority': 0, 'float': None, 'string': None, 'block': False, 'player': None, 'condition': None}}}, key=UUID('c33df8de-fb3e-4f1c-b1d7-061085b7ec02'), condition=None, blocking_facility=None)]. The order of those handlers is not defined and they will be executed in random order. This might lead to race conditions and potential bugs.
2026-05-15 21:44:26,479 : INFO : EventManager : Unordered handler for class ConfigPlayer.variable_player/variables on event mode_hard_deck_playing_with_the_boys_stopped with priority 200. Handlers: [RegisteredHandler(callback=<bound method ConfigPlayer.config_play_callback of ConfigPlayer.variable_player/variables>, priority=200, kwargs={'calling_context': 'mode_hard_deck_playing_with_the_boys_stopped', 'mode': <Mode.pilot_mission_qualifier>, 'settings': {'letter_collection_paused': {'action': 'set', 'int': <NativeTemplate 0>, 'priority': 0, 'float': None, 'string': None, 'block': False, 'player': None, 'condition': None}, 'hard_deck_active': {'action': 'set', 'int': <NativeTemplate 0>, 'priority': 0, 'float': None, 'string': None, 'block': False, 'player': None, 'condition': None}, 'multiball_active': {'action': 'set', 'int': <NativeTemplate 0>, 'priority': 0, 'float': None, 'string': None, 'block': False, 'player': None, 'condition': None}}}, key=UUID('8bb6e958-fc5c-4b82-a751-d0496505d97f'), condition=None, blocking_facility=None), RegisteredHandler(callback=<bound method ConfigPlayer.config_play_callback of ConfigPlayer.variable_player/variables>, priority=200, kwargs={'calling_context': 'mode_hard_deck_playing_with_the_boys_stopped', 'mode': <Mode.hard_deck_qualifiers>, 'settings': {'hard_deck_active': {'action': 'set', 'int': <NativeTemplate 0>, 'priority': 0, 'float': None, 'string': None, 'block': False, 'player': None, 'condition': None}, 'letter_collection_paused': {'action': 'set', 'int': <NativeTemplate 0>, 'priority': 0, 'float': None, 'string': None, 'block': False, 'player': None, 'condition': None}, 'ptb_post_mode_plunge_active': {'action': 'set', 'int': <NativeTemplate 0>, 'priority': 0, 'float': None, 'string': None, 'block': False, 'player': None, 'condition': None}}}, key=UUID('0b4e1e53-34a0-4b67-a8b0-5cc73e11db33'), condition=None, blocking_facility=None)]. The order of those handlers is not defined and they will be executed in random order. This might lead to race conditions and potential bugs.
2026-05-15 21:44:26,479 : INFO : EventManager : Unordered handler for class ConfigPlayer.variable_player/variables on event mode_hard_deck_maverick_and_penny_stopped with priority 200. Handlers: [RegisteredHandler(callback=<bound method ConfigPlayer.config_play_callback of ConfigPlayer.variable_player/variables>, priority=200, kwargs={'calling_context': 'mode_hard_deck_maverick_and_penny_stopped', 'mode': <Mode.pilot_mission_qualifier>, 'settings': {'letter_collection_paused': {'action': 'set', 'int': <NativeTemplate 0>, 'priority': 0, 'float': None, 'string': None, 'block': False, 'player': None, 'condition': None}, 'hard_deck_active': {'action': 'set', 'int': <NativeTemplate 0>, 'priority': 0, 'float': None, 'string': None, 'block': False, 'player': None, 'condition': None}}}, key=UUID('ad2d4452-c4f6-4928-954d-3ab3503e1ba8'), condition=None, blocking_facility=None), RegisteredHandler(callback=<bound method ConfigPlayer.config_play_callback of ConfigPlayer.variable_player/variables>, priority=200, kwargs={'calling_context': 'mode_hard_deck_maverick_and_penny_stopped', 'mode': <Mode.hard_deck_qualifiers>, 'settings': {'hard_deck_active': {'action': 'set', 'int': <NativeTemplate 0>, 'priority': 0, 'float': None, 'string': None, 'block': False, 'player': None, 'condition': None}, 'letter_collection_paused': {'action': 'set', 'int': <NativeTemplate 0>, 'priority': 0, 'float': None, 'string': None, 'block': False, 'player': None, 'condition': None}}}, key=UUID('42395a29-bdd5-48ed-9074-a75c85e601c1'), condition=None, blocking_facility=None)]. The order of those handlers is not defined and they will be executed in random order. This might lead to race conditions and potential bugs.
2026-05-15 21:44:26,480 : INFO : EventManager : Unordered handler for class ConfigPlayer.variable_player/variables on event mode_hard_deck_honoring_iceman_stopped with priority 200. Handlers: [RegisteredHandler(callback=<bound method ConfigPlayer.config_play_callback of ConfigPlayer.variable_player/variables>, priority=200, kwargs={'calling_context': 'mode_hard_deck_honoring_iceman_stopped', 'mode': <Mode.pilot_mission_qualifier>, 'settings': {'letter_collection_paused': {'action': 'set', 'int': <NativeTemplate 0>, 'priority': 0, 'float': None, 'string': None, 'block': False, 'player': None, 'condition': None}, 'hard_deck_active': {'action': 'set', 'int': <NativeTemplate 0>, 'priority': 0, 'float': None, 'string': None, 'block': False, 'player': None, 'condition': None}}}, key=UUID('9584b29f-88bc-4a2f-9fbd-02a54fce8e8e'), condition=None, blocking_facility=None), RegisteredHandler(callback=<bound method ConfigPlayer.config_play_callback of ConfigPlayer.variable_player/variables>, priority=200, kwargs={'calling_context': 'mode_hard_deck_honoring_iceman_stopped', 'mode': <Mode.hard_deck_qualifiers>, 'settings': {'hard_deck_active': {'action': 'set', 'int': <NativeTemplate 0>, 'priority': 0, 'float': None, 'string': None, 'block': False, 'player': None, 'condition': None}, 'letter_collection_paused': {'action': 'set', 'int': <NativeTemplate 0>, 'priority': 0, 'float': None, 'string': None, 'block': False, 'player': None, 'condition': None}}}, key=UUID('7bfb94db-dffd-4377-8f7e-df09b4e1698d'), condition=None, blocking_facility=None)]. The order of those handlers is not defined and they will be executed in random order. This might lead to race conditions and potential bugs.
2026-05-15 21:44:26,480 : INFO : EventManager : Event: ======'mode_hard_deck_qualifiers_starting'====== Args={'queue': <QueuedEvent>, 'player': 1, 'ball': 2, 'balls_remaining': 1, 'is_extra_ball': False}
2026-05-15 21:44:26,481 : INFO : EventManager : Event: ======'start_mode_bumpers'====== Args={'priority': 0}
2026-05-15 21:44:26,481 : INFO : EventManager : Event: ======'right_ramp_down'====== Args={'priority': 0}
2026-05-15 21:44:26,481 : INFO : EventManager : Event: ======'lock_released'====== Args={'priority': 0}
2026-05-15 21:44:26,482 : INFO : EventManager : Event: ======'player_bonus_switches_count'====== Args={'value': 0, 'prev_value': 13, 'change': -13, 'player_num': 1, 'source': 'base'}
2026-05-15 21:44:26,482 : INFO : EventManager : Event: ======'mode_bumpers_will_start'====== Args={'priority': 0}
2026-05-15 21:44:26,483 : INFO : EventManager : Event: ======'mode_bumpers_starting'====== Args={'priority': 0}
2026-05-15 21:44:26,483 : INFO : coil.c_right_orbit_diverter : Disabling Driver
2026-05-15 21:44:26,483 : INFO : Mode.bumpers : Started. Priority: 200
2026-05-15 21:44:26,483 : INFO : EventManager : Event: ======'modes_active_modes_changed'====== Args={}
2026-05-15 21:44:26,483 : INFO : EventManager : Event: ======'mode_bumpers_started'====== Args={'priority': 0}
2026-05-15 21:44:26,483 : INFO : Mode.hard_deck_qualifiers : Started. Priority: 200
2026-05-15 21:44:26,483 : INFO : EventManager : Event: ======'modes_active_modes_changed'====== Args={}
2026-05-15 21:44:26,483 : INFO : EventManager : Event: ======'mode_hard_deck_qualifiers_started'====== Args={'queue': <QueuedEvent>, 'player': 1, 'ball': 2, 'balls_remaining': 1, 'is_extra_ball': False}
2026-05-15 21:44:26,483 : INFO : Mode.top_gun_multiball_locks : Started. Priority: 200
2026-05-15 21:44:26,483 : INFO : EventManager : Event: ======'modes_active_modes_changed'====== Args={}
2026-05-15 21:44:26,483 : INFO : EventManager : Event: ======'mode_top_gun_multiball_locks_started'====== Args={'queue': <QueuedEvent>, 'player': 1, 'ball': 2, 'balls_remaining': 1, 'is_extra_ball': False}
2026-05-15 21:44:26,483 : INFO : Mode.pilot_mission_qualifier : Started. Priority: 200
2026-05-15 21:44:26,483 : INFO : EventManager : Event: ======'modes_active_modes_changed'====== Args={}
2026-05-15 21:44:26,483 : INFO : EventManager : Event: ======'mode_pilot_mission_qualifier_started'====== Args={'queue': <QueuedEvent>, 'player': 1, 'ball': 2, 'balls_remaining': 1, 'is_extra_ball': False}
2026-05-15 21:44:26,483 : INFO : coil.c_mode_barrier : Enabling Driver with power 0.25 (pulse_ms 45ms and pulse_power 0.75)
2026-05-15 21:44:26,485 : INFO : EventManager : Event: ======'check_all_pilot_modes_played'====== Args={'priority': 0}
2026-05-15 21:44:26,485 : INFO : EventManager : Event: ======'update_training_qual_lights'====== Args={'priority': 0}
2026-05-15 21:44:26,485 : INFO : EventManager : Event: ======'restore_qualified_mode_light'====== Args={'priority': 0}
2026-05-15 21:44:26,486 : INFO : Mode.iceman_letters : Started. Priority: 200
2026-05-15 21:44:26,486 : INFO : EventManager : Event: ======'modes_active_modes_changed'====== Args={}
2026-05-15 21:44:26,486 : INFO : EventManager : Event: ======'mode_iceman_letters_started'====== Args={'queue': <QueuedEvent>, 'player': 1, 'ball': 2, 'balls_remaining': 1, 'is_extra_ball': False}
2026-05-15 21:44:26,486 : INFO : EventManager : Event: ======'restore_training_mission_light'====== Args={'priority': 0}
2026-05-15 21:44:26,487 : INFO : Mode.mig_letters : Started. Priority: 200
2026-05-15 21:44:26,487 : INFO : EventManager : Event: ======'modes_active_modes_changed'====== Args={}
2026-05-15 21:44:26,487 : INFO : EventManager : Event: ======'mode_mig_letters_started'====== Args={'queue': <QueuedEvent>, 'player': 1, 'ball': 2, 'balls_remaining': 1, 'is_extra_ball': False}
2026-05-15 21:44:26,487 : INFO : Mode.goose_letters : Started. Priority: 210
2026-05-15 21:44:26,487 : INFO : EventManager : Event: ======'modes_active_modes_changed'====== Args={}
2026-05-15 21:44:26,487 : INFO : EventManager : Event: ======'mode_goose_letters_started'====== Args={'queue': <QueuedEvent>, 'player': 1, 'ball': 2, 'balls_remaining': 1, 'is_extra_ball': False}
2026-05-15 21:44:26,488 : INFO : Mode.2x_playfield : Started. Priority: 250
2026-05-15 21:44:26,488 : INFO : EventManager : Event: ======'modes_active_modes_changed'====== Args={}
2026-05-15 21:44:26,488 : INFO : EventManager : Event: ======'mode_2x_playfield_started'====== Args={'queue': <QueuedEvent>, 'player': 1, 'ball': 2, 'balls_remaining': 1, 'is_extra_ball': False}
2026-05-15 21:44:26,488 : INFO : EventManager : Event: ======'x2_update_display'====== Args={'priority': 0}
2026-05-15 21:44:26,488 : INFO : EventManager : Event: ======'x2_show_progress_slides'====== Args={'priority': 0}
2026-05-15 21:44:26,488 : INFO : Mode.mach_scoring : Started. Priority: 500
2026-05-15 21:44:26,488 : INFO : EventManager : Event: ======'modes_active_modes_changed'====== Args={}
2026-05-15 21:44:26,488 : INFO : EventManager : Event: ======'mode_mach_scoring_started'====== Args={'queue': <QueuedEvent>, 'player': 1, 'ball': 2, 'balls_remaining': 1, 'is_extra_ball': False}
2026-05-15 21:44:26,488 : INFO : Mode.shot_missed_callout_randomizer : Started. Priority: 150
2026-05-15 21:44:26,488 : INFO : EventManager : Event: ======'modes_active_modes_changed'====== Args={}
2026-05-15 21:44:26,489 : INFO : EventManager : Event: ======'mode_shot_missed_callout_randomizer_started'====== Args={'queue': <QueuedEvent>, 'player': 1, 'ball': 2, 'balls_remaining': 1, 'is_extra_ball': False}
2026-05-15 21:44:26,489 : INFO : Mode.shot_made_callout_randomizer : Started. Priority: 150
2026-05-15 21:44:26,489 : INFO : EventManager : Event: ======'modes_active_modes_changed'====== Args={}
2026-05-15 21:44:26,489 : INFO : EventManager : Event: ======'mode_shot_made_callout_randomizer_started'====== Args={'queue': <QueuedEvent>, 'player': 1, 'ball': 2, 'balls_remaining': 1, 'is_extra_ball': False}
2026-05-15 21:44:26,489 : INFO : Mode.ball_save : Started. Priority: 150
2026-05-15 21:44:26,489 : INFO : EventManager : Event: ======'modes_active_modes_changed'====== Args={}
2026-05-15 21:44:26,489 : INFO : EventManager : Event: ======'mode_ball_save_started'====== Args={'queue': <QueuedEvent>, 'player': 1, 'ball': 2, 'balls_remaining': 1, 'is_extra_ball': False}
2026-05-15 21:44:26,489 : INFO : EventManager : Event: ======'ball_save_new_ball_enable'====== Args={'priority': 0}
2026-05-15 21:44:26,489 : INFO : EventManager : Event: ======'ball_save_new_ball_save_enabled'====== Args={}
2026-05-15 21:44:26,489 : INFO : EventManager : Event: ======'player_ball_save_active'====== Args={'value': 1, 'prev_value': 0, 'change': 1, 'player_num': 1, 'source': 'ball_save'}
2026-05-15 21:44:26,490 : INFO : Mode.tilt : Started. Priority: 10000
2026-05-15 21:44:26,490 : INFO : EventManager : Event: ======'modes_active_modes_changed'====== Args={}
2026-05-15 21:44:26,490 : INFO : EventManager : Event: ======'mode_tilt_started'====== Args={'queue': <QueuedEvent>, 'player': 1, 'ball': 2, 'balls_remaining': 1, 'is_extra_ball': False}
2026-05-15 21:44:26,490 : INFO : EventManager : Unordered handler for class ConfigPlayer.variable_player/variables on event ball_will_end with priority 200. Handlers: [RegisteredHandler(callback=<bound method ConfigPlayer.config_play_callback of ConfigPlayer.variable_player/variables>, priority=200, kwargs={'calling_context': 'ball_will_end', 'mode': <Mode.mig_letters>, 'settings': {'mig_letter_m': {'action': 'set', 'int': <NativeTemplate 0>, 'priority': 0, 'float': None, 'string': None, 'block': False, 'player': None, 'condition': None}, 'mig_letter_i': {'action': 'set', 'int': <NativeTemplate 0>, 'priority': 0, 'float': None, 'string': None, 'block': False, 'player': None, 'condition': None}, 'mig_letter_g': {'action': 'set', 'int': <NativeTemplate 0>, 'priority': 0, 'float': None, 'string': None, 'block': False, 'player': None, 'condition': None}, 'mig_completing': {'action': 'set', 'int': <NativeTemplate 0>, 'priority': 0, 'float': None, 'string': None, 'block': False, 'player': None, 'condition': None}}}, key=UUID('854db57f-9239-4171-82ef-f0fdc22d17a4'), condition=None, blocking_facility=None), RegisteredHandler(callback=<bound method ConfigPlayer.config_play_callback of ConfigPlayer.variable_player/variables>, priority=200, kwargs={'calling_context': 'ball_will_end', 'mode': <Mode.pilot_mission_qualifier>, 'settings': {'mystery_just_lit_pilot': {'action': 'set', 'int': <NativeTemplate 0>, 'priority': 0, 'float': None, 'string': None, 'block': False, 'player': None, 'condition': None}, 'scoop_release_pending': {'action': 'set', 'int': <NativeTemplate 0>, 'priority': 0, 'float': None, 'string': None, 'block': False, 'player': None, 'condition': None}}}, key=UUID('9b55fcba-aea5-49e5-91bf-02a323650f18'), condition=None, blocking_facility=None)]. The order of those handlers is not defined and they will be executed in random order. This might lead to race conditions and potential bugs.
2026-05-15 21:44:26,490 : INFO : EventManager : Event: ======'balls_in_play'====== Args={'balls': 1}
2026-05-15 21:44:26,490 : INFO : EventManager : Event: ======'ball_started'====== Args={'player': 1, 'ball': 2, 'balls_remaining': 1, 'is_extra_ball': False}
2026-05-15 21:44:26,492 : INFO : EventManager : Event: ======'player_previous_switch_type'====== Args={'value': 0, 'prev_value': 2, 'change': -2, 'player_num': 1, 'source': 'pilot_mission_qualifier'}
2026-05-15 21:44:26,492 : INFO : EventManager : Event: ======'mode_extra_ball_will_start'====== Args={'player': 1, 'ball': 2, 'balls_remaining': 1, 'is_extra_ball': False}
2026-05-15 21:44:26,494 : INFO : EventManager : Unordered handler for class ConfigPlayer.variable_player/variables on event ball_will_end with priority 200. Handlers: [RegisteredHandler(callback=<bound method ConfigPlayer.config_play_callback of ConfigPlayer.variable_player/variables>, priority=200, kwargs={'calling_context': 'ball_will_end', 'mode': <Mode.mig_letters>, 'settings': {'mig_letter_m': {'action': 'set', 'int': <NativeTemplate 0>, 'priority': 0, 'float': None, 'string': None, 'block': False, 'player': None, 'condition': None}, 'mig_letter_i': {'action': 'set', 'int': <NativeTemplate 0>, 'priority': 0, 'float': None, 'string': None, 'block': False, 'player': None, 'condition': None}, 'mig_letter_g': {'action': 'set', 'int': <NativeTemplate 0>, 'priority': 0, 'float': None, 'string': None, 'block': False, 'player': None, 'condition': None}, 'mig_completing': {'action': 'set', 'int': <NativeTemplate 0>, 'priority': 0, 'float': None, 'string': None, 'block': False, 'player': None, 'condition': None}}}, key=UUID('854db57f-9239-4171-82ef-f0fdc22d17a4'), condition=None, blocking_facility=None), RegisteredHandler(callback=<bound method ConfigPlayer.config_play_callback of ConfigPlayer.variable_player/variables>, priority=200, kwargs={'calling_context': 'ball_will_end', 'mode': <Mode.pilot_mission_qualifier>, 'settings': {'mystery_just_lit_pilot': {'action': 'set', 'int': <NativeTemplate 0>, 'priority': 0, 'float': None, 'string': None, 'block': False, 'player': None, 'condition': None}, 'scoop_release_pending': {'action': 'set', 'int': <NativeTemplate 0>, 'priority': 0, 'float': None, 'string': None, 'block': False, 'player': None, 'condition': None}}}, key=UUID('9b55fcba-aea5-49e5-91bf-02a323650f18'), condition=None, blocking_facility=None)]. The order of those handlers is not defined and they will be executed in random order. This might lead to race conditions and potential bugs.
2026-05-15 21:44:26,494 : INFO : EventManager : Unordered handler for class ConfigPlayer.variable_player/variables on event ball_will_end with priority 200. Handlers: [RegisteredHandler(callback=<bound method ConfigPlayer.config_play_callback of ConfigPlayer.variable_player/variables>, priority=200, kwargs={'calling_context': 'ball_will_end', 'mode': <Mode.mig_letters>, 'settings': {'mig_letter_m': {'action': 'set', 'int': <NativeTemplate 0>, 'priority': 0, 'float': None, 'string': None, 'block': False, 'player': None, 'condition': None}, 'mig_letter_i': {'action': 'set', 'int': <NativeTemplate 0>, 'priority': 0, 'float': None, 'string': None, 'block': False, 'player': None, 'condition': None}, 'mig_letter_g': {'action': 'set', 'int': <NativeTemplate 0>, 'priority': 0, 'float': None, 'string': None, 'block': False, 'player': None, 'condition': None}, 'mig_completing': {'action': 'set', 'int': <NativeTemplate 0>, 'priority': 0, 'float': None, 'string': None, 'block': False, 'player': None, 'condition': None}}}, key=UUID('854db57f-9239-4171-82ef-f0fdc22d17a4'), condition=None, blocking_facility=None), RegisteredHandler(callback=<bound method ConfigPlayer.config_play_callback of ConfigPlayer.variable_player/variables>, priority=200, kwargs={'calling_context': 'ball_will_end', 'mode': <Mode.pilot_mission_qualifier>, 'settings': {'mystery_just_lit_pilot': {'action': 'set', 'int': <NativeTemplate 0>, 'priority': 0, 'float': None, 'string': None, 'block': False, 'player': None, 'condition': None}, 'scoop_release_pending': {'action': 'set', 'int': <NativeTemplate 0>, 'priority': 0, 'float': None, 'string': None, 'block': False, 'player': None, 'condition': None}}}, key=UUID('9b55fcba-aea5-49e5-91bf-02a323650f18'), condition=None, blocking_facility=None)]. The order of those handlers is not defined and they will be executed in random order. This might lead to race conditions and potential bugs.
2026-05-15 21:44:26,496 : INFO : EventManager : Event: ======'mode_extra_ball_starting'====== Args={'player': 1, 'ball': 2, 'balls_remaining': 1, 'is_extra_ball': False}
2026-05-15 21:44:26,496 : INFO : Timer.lock_letter_sound_delay : Stopping Timer
2026-05-15 21:44:26,496 : INFO : EventManager : Event: ======'timer_lock_letter_sound_delay_stopped'====== Args={'ticks': 0, 'ticks_remaining': 0}
2026-05-15 21:44:26,496 : INFO : Mode.extra_ball : Started. Priority: 150
2026-05-15 21:44:26,496 : INFO : EventManager : Event: ======'modes_active_modes_changed'====== Args={}
2026-05-15 21:44:26,496 : INFO : EventManager : Event: ======'mode_extra_ball_started'====== Args={'player': 1, 'ball': 2, 'balls_remaining': 1, 'is_extra_ball': False}
2026-05-15 21:44:26,497 : INFO : EventManager : Event: ======'slide_bonus_switches_removed'====== Args={'_from_bcp': True}
2026-05-15 21:44:26,497 : INFO : EventManager : Event: ======'slide_bonus_ramps_removed'====== Args={'_from_bcp': True}
2026-05-15 21:44:26,497 : INFO : EventManager : Event: ======'slide_bonus_highest_mach_removed'====== Args={'_from_bcp': True}
2026-05-15 21:44:26,497 : INFO : EventManager : Event: ======'slide_bonus_hard_deck_awards_removed'====== Args={'_from_bcp': True}
2026-05-15 21:44:26,498 : INFO : EventManager : Event: ======'slide_bonus_training_missions_removed'====== Args={'_from_bcp': True}
2026-05-15 21:44:26,498 : INFO : EventManager : Event: ======'slide_bonus_pilot_missions_removed'====== Args={'_from_bcp': True}
2026-05-15 21:44:26,498 : INFO : EventManager : Event: ======'slide_bonus_total_inactive'====== Args={'is_removing': True, '_from_bcp': True}
2026-05-15 21:44:26,498 : INFO : EventManager : Event: ======'slide_mach_1_active'====== Args={'_from_bcp': True}
2026-05-15 21:44:26,498 : INFO : EventManager : Event: ======'slide_bonus_total_removed'====== Args={'_from_bcp': True}
2026-05-15 21:44:26,498 : INFO : EventManager : Event: ======'slide_ejection_shots_completed_removed'====== Args={'_from_bcp': True}
2026-05-15 21:44:26,498 : INFO : EventManager : Event: ======'slide_ejection_shots_needed_removed'====== Args={'_from_bcp': True}
2026-05-15 21:44:26,498 : INFO : EventManager : Event: ======'slide_2x_playfield_completions_needed_removed'====== Args={'_from_bcp': True}
2026-05-15 21:44:26,498 : INFO : EventManager : Event: ======'slide_2x_playfied_completions_done_removed'====== Args={'_from_bcp': True}
2026-05-15 21:44:26,498 : INFO : EventManager : Event: ======'slide_mach_1_inactive'====== Args={'is_removing': True, '_from_bcp': True}
2026-05-15 21:44:26,498 : INFO : EventManager : Event: ======'slide_base_slide_active'====== Args={'_from_bcp': True}
2026-05-15 21:44:26,498 : INFO : EventManager : Event: ======'slide_mach_1_removed'====== Args={'_from_bcp': True}
2026-05-15 21:44:26,498 : INFO : SwitchController : <<<<<<< 's_flipper_left_upper' inactive >>>>>>>
2026-05-15 21:44:26,498 : INFO : SwitchController : <<<<<<< 's_flipper_left' inactive >>>>>>>
2026-05-15 21:44:26,498 : INFO : EventManager : Event: ======'s_flipper_left_inactive'====== Args={}
2026-05-15 21:44:26,498 : INFO : EventManager : Event: ======'both_flippers_one'====== Args={'triggering_group': 1, 'triggering_switch': 's_flipper_left'}
2026-05-15 21:44:26,499 : INFO : SwitchController : <<<<<<< 's_flipper_right' inactive >>>>>>>
2026-05-15 21:44:26,499 : INFO : EventManager : Event: ======'s_flipper_right_inactive'====== Args={}
2026-05-15 21:44:26,499 : INFO : EventManager : Event: ======'both_flippers_inactive'====== Args={'triggering_group': 2, 'triggering_switch': 's_flipper_right'}
2026-05-15 21:44:26,500 : INFO : EventManager : Event: ======'single_player_ball_started'====== Args={}
2026-05-15 21:44:26,502 : INFO : EventManager : Event: ======'ball_start_target'====== Args={'target': 'playfield'}
2026-05-15 21:44:26,505 : INFO : ball_device.bd_plunger : Setting up player-controlled eject. Balls: 1, Target: <playfield.playfield>, player_controlled_eject_event: None
2026-05-15 21:44:26,505 : INFO : EventManager : Event: ======'balldevice_balls_available'====== Args={}
2026-05-15 21:44:26,509 : INFO : EventManager : Event: ======'slide_base_slide_created'====== Args={'_from_bcp': True}
2026-05-15 21:44:26,509 : INFO : EventManager : Event: ======'slide_base_slide_inactive'====== Args={'is_removing': True, '_from_bcp': True}
2026-05-15 21:44:26,511 : INFO : ball_device.bd_trough : State: waiting_for_target_ready
2026-05-15 21:44:26,511 : INFO : EventManager : Event: ======'balldevice_bd_trough_ball_eject_attempt'====== Args={'balls': 1, 'target': <ball_device.bd_plunger>, 'source': <ball_device.bd_trough>, 'mechanical_eject': True, 'num_attempts': 0}
2026-05-15 21:44:26,511 : INFO : ball_device.bd_plunger : State: waiting_for_ball
2026-05-15 21:44:26,512 : INFO : EventManager : Event: ======'slide_base_slide_active'====== Args={'original_context': 'base', 'original_calling_context': 'mode_base_started', 'priority': 100.0, 'queue': '<QueuedEvent>', 'player': 1.0, 'ball': 2.0, 'balls_remaining': 1.0, 'is_extra_ball': False, 'cmd': 'slides_play', '_from_bcp': True}
2026-05-15 21:44:26,512 : INFO : EventManager : Event: ======'slide_base_slide_removed'====== Args={'_from_bcp': True}
2026-05-15 21:44:26,512 : INFO : EventManager : Event: ======'slide_topgun_6_created'====== Args={'_from_bcp': True}
2026-05-15 21:44:26,512 : INFO : EventManager : Event: ======'slide_base_slide_inactive'====== Args={'is_removing': False, '_from_bcp': True}
2026-05-15 21:44:26,512 : INFO : EventManager : Event: ======'slide_topgun_6_active'====== Args={'original_context': 'pilot_mission_qualifier', 'original_calling_context': 'mode_pilot_mission_qualifier_started{current_player.topgun_shots_collected==0 and current_player.qualified_mode_number>0}', 'priority': 200.0, 'queue': '<QueuedEvent>', 'player': 1.0, 'ball': 2.0, 'balls_remaining': 1.0, 'is_extra_ball': False, 'cmd': 'slides_play', '_from_bcp': True}
2026-05-15 21:44:26,512 : INFO : EventManager : Event: ======'slide_ejection_seat_active_created'====== Args={'_from_bcp': True}
2026-05-15 21:44:26,512 : INFO : EventManager : Event: ======'slide_topgun_6_inactive'====== Args={'is_removing': False, '_from_bcp': True}
2026-05-15 21:44:26,512 : INFO : EventManager : Event: ======'slide_ejection_seat_active_active'====== Args={'original_context': 'goose_letters', 'original_calling_context': 'mode_goose_letters_started{current_player.eject_mode_qualified==1}', 'priority': 210.0, 'queue': '<QueuedEvent>', 'player': 1.0, 'ball': 2.0, 'balls_remaining': 1.0, 'is_extra_ball': False, 'cmd': 'slides_play', '_from_bcp': True}
2026-05-15 21:44:26,513 : INFO : ball_device.bd_trough : State: ejecting
2026-05-15 21:44:26,513 : INFO : ball_device.bd_trough : Ejecting ball to <ball_device.bd_plunger>
2026-05-15 21:44:26,513 : INFO : EventManager : Event: ======'balldevice_bd_trough_ejecting_ball'====== Args={'balls': 1, 'target': <ball_device.bd_plunger>, 'source': <ball_device.bd_trough>, 'mechanical_eject': True, 'num_attempts': 0}
2026-05-15 21:44:26,515 : INFO : EventManager : Event: ======'slide_2x_playfield_completions_needed_created'====== Args={'_from_bcp': True}
2026-05-15 21:44:26,515 : INFO : EventManager : Event: ======'slide_2x_playfied_completions_done_created'====== Args={'_from_bcp': True}
2026-05-15 21:44:26,515 : INFO : EventManager : Event: ======'slide_ejection_seat_active_inactive'====== Args={'is_removing': False, '_from_bcp': True}
2026-05-15 21:44:26,515 : INFO : EventManager : Event: ======'slide_2x_playfied_completions_done_active'====== Args={'original_context': '2x_playfield', 'original_calling_context': 'x2_show_progress_slides{current_player.x2_qualified==0 and current_player.x2_active==0}', 'priority': 250.0, 'cmd': 'slides_play', '_from_bcp': True}
2026-05-15 21:44:26,515 : INFO : EventManager : Event: ======'slide_mach_1_created'====== Args={'_from_bcp': True}
2026-05-15 21:44:26,515 : INFO : EventManager : Event: ======'slide_2x_playfied_completions_done_inactive'====== Args={'is_removing': False, '_from_bcp': True}
2026-05-15 21:44:26,515 : INFO : EventManager : Event: ======'slide_mach_1_active'====== Args={'original_context': 'mach_scoring', 'original_calling_context': 'mode_mach_scoring_started', 'priority': 500.0, 'queue': '<QueuedEvent>', 'player': 1.0, 'ball': 2.0, 'balls_remaining': 1.0, 'is_extra_ball': False, 'cmd': 'slides_play', '_from_bcp': True}
2026-05-15 21:44:26,517 : INFO : ball_device.bd_trough : Wait for ball to leave device
2026-05-15 21:44:26,519 : INFO : coil.c_trough_eject : Pulsing Driver for 25ms (0.75 pulse_power)
2026-05-15 21:44:26,553 : INFO : SwitchController : <<<<<<< 's_trough_1' inactive >>>>>>>
2026-05-15 21:44:26,553 : INFO : SwitchController : <<<<<<< 's_jam' active >>>>>>>
2026-05-15 21:44:26,553 : INFO : EventManager : Event: ======'machine_var_audits_switches_s_jam'====== Args={'value': 5615, 'prev_value': 5614, 'change': 1}
2026-05-15 21:44:26,555 : INFO : ball_device.bd_trough : State: ball_left
2026-05-15 21:44:26,555 : INFO : ball_device.bd_trough : Ball left
2026-05-15 21:44:26,555 : INFO : ball_device.bd_trough : Wait for confirm with timeout 3.0
2026-05-15 21:44:26,585 : INFO : SwitchController : <<<<<<< 's_jam' inactive >>>>>>>
2026-05-15 21:44:26,662 : INFO : EventManager : Event: ======'set_uncoded_mode_lights'====== Args={'priority': 0}
2026-05-15 21:44:26,818 : INFO : SwitchController : <<<<<<< 's_shooter_lane' active >>>>>>>
2026-05-15 21:44:26,818 : INFO : EventManager : Event: ======'s_shooter_lane_active'====== Args={}
2026-05-15 21:44:26,818 : INFO : EventManager : Event: ======'machine_var_audits_switches_s_shooter_lane'====== Args={'value': 6499, 'prev_value': 6498, 'change': 1}
2026-05-15 21:44:26,821 : INFO : EventManager : Event: ======'mode_skillshot_will_start'====== Args={}
2026-05-15 21:44:26,822 : INFO : EventManager : Unordered handler for class ConfigPlayer.variable_player/variables on event s_spinner_active with priority 200. Handlers: [RegisteredHandler(callback=<bound method ConfigPlayer.config_play_callback of ConfigPlayer.variable_player/variables>, priority=200, kwargs={'calling_context': 's_spinner_active', 'mode': <Mode.iceman_letters>, 'settings': {'right_post_locked_out': {'action': 'set', 'int': <NativeTemplate 1>, 'priority': 0, 'float': None, 'string': None, 'block': False, 'player': None, 'condition': None}}}, key=UUID('bcfd80f0-3fd8-41ac-8fdd-1bb602c21ae4'), condition=None, blocking_facility=None), RegisteredHandler(callback=<bound method ConfigPlayer.config_play_callback of ConfigPlayer.variable_player/variables>, priority=200, kwargs={'calling_context': 's_spinner_active', 'mode': <Mode.pilot_mission_qualifier>, 'settings': {'spinner_spin_count': {'action': 'add', 'int': <NativeTemplate 1>, 'priority': 0, 'float': None, 'string': None, 'block': False, 'player': None, 'condition': None}, 'previous_switch_type': {'action': 'set', 'int': <NativeTemplate 0>, 'priority': 0, 'float': None, 'string': None, 'block': False, 'player': None, 'condition': None}}}, key=UUID('399bfdba-c9d9-4be9-ba6e-a6bcfd15538b'), condition=None, blocking_facility=None)]. The order of those handlers is not defined and they will be executed in random order. This might lead to race conditions and potential bugs.
2026-05-15 21:44:26,822 : INFO : EventManager : Unordered handler for class ConfigPlayer.variable_player/variables on event s_orbit_upper_active with priority 200. Handlers: [RegisteredHandler(callback=<bound method ConfigPlayer.config_play_callback of ConfigPlayer.variable_player/variables>, priority=200, kwargs={'calling_context': 's_orbit_upper_active', 'mode': <Mode.iceman_letters>, 'settings': {'right_post_locked_out': {'action': 'set', 'int': <NativeTemplate 1>, 'priority': 0, 'float': None, 'string': None, 'block': False, 'player': None, 'condition': None}}}, key=UUID('de70133d-28d6-4496-ade1-6bc00706ef6d'), condition=None, blocking_facility=None), RegisteredHandler(callback=<bound method ConfigPlayer.config_play_callback of ConfigPlayer.variable_player/variables>, priority=200, kwargs={'calling_context': 's_orbit_upper_active', 'mode': <Mode.pilot_mission_qualifier>, 'settings': {'previous_switch_type': {'action': 'set', 'int': <NativeTemplate 0>, 'priority': 0, 'float': None, 'string': None, 'block': False, 'player': None, 'condition': None}}}, key=UUID('2375119b-1d49-40b3-b7f7-195594f9dbdb'), condition=None, blocking_facility=None)]. The order of those handlers is not defined and they will be executed in random order. This might lead to race conditions and potential bugs.
2026-05-15 21:44:26,823 : INFO : EventManager : Unordered handler for class ConfigPlayer.variable_player/variables on event s_ramp_inner_exit_active with priority 200. Handlers: [RegisteredHandler(callback=<bound method ConfigPlayer.config_play_callback of ConfigPlayer.variable_player/variables>, priority=200, kwargs={'calling_context': 's_ramp_inner_exit_active', 'mode': <Mode.iceman_letters>, 'settings': {'right_post_locked_out': {'action': 'set', 'int': <NativeTemplate 1>, 'priority': 0, 'float': None, 'string': None, 'block': False, 'player': None, 'condition': None}}}, key=UUID('63aa6609-627a-4785-9dcc-a2ac31a982e9'), condition=None, blocking_facility=None), RegisteredHandler(callback=<bound method ConfigPlayer.config_play_callback of ConfigPlayer.variable_player/variables>, priority=200, kwargs={'calling_context': 's_ramp_inner_exit_active', 'mode': <Mode.pilot_mission_qualifier>, 'settings': {'previous_switch_type': {'action': 'set', 'int': <NativeTemplate 0>, 'priority': 0, 'float': None, 'string': None, 'block': False, 'player': None, 'condition': None}}}, key=UUID('a25da8a7-56e8-4c47-abb1-216719b8c612'), condition=None, blocking_facility=None)]. The order of those handlers is not defined and they will be executed in random order. This might lead to race conditions and potential bugs.
2026-05-15 21:44:26,823 : INFO : EventManager : Event: ======'player_skillshot_skillshot_tick'====== Args={'value': 9, 'prev_value': 7, 'change': 2, 'player_num': 1}
2026-05-15 21:44:26,824 : INFO : EventManager : Event: ======'player_skillshot_skillshot_left_mig_post_timer_tick'====== Args={'value': 0, 'prev_value': 2, 'change': -2, 'player_num': 1}
2026-05-15 21:44:26,831 : INFO : EventManager : Event: ======'mode_skillshot_starting'====== Args={}
2026-05-15 21:44:26,831 : INFO : Mode.skillshot : Started. Priority: 300
2026-05-15 21:44:26,831 : INFO : EventManager : Event: ======'modes_active_modes_changed'====== Args={}
2026-05-15 21:44:26,831 : INFO : EventManager : Event: ======'mode_skillshot_started'====== Args={}
2026-05-15 21:44:26,831 : INFO : EventManager : Event: ======'skillshot_mig_position_m'====== Args={'priority': 0}
2026-05-15 21:44:26,831 : INFO : EventManager : Event: ======'shaker_shooter_lane_pulse'====== Args={'priority': 0}
2026-05-15 21:44:26,831 : INFO : EventManager : Event: ======'player_pilot_qualifier_paused'====== Args={'value': 1, 'prev_value': 0, 'change': 1, 'player_num': 1, 'source': 'pilot_mission_qualifier'}
2026-05-15 21:44:26,832 : INFO : Timer.skillshot_sound_loop : Starting Timer.
2026-05-15 21:44:26,832 : INFO : EventManager : Event: ======'timer_skillshot_sound_loop_started'====== Args={'ticks': 0, 'ticks_remaining': 999}
2026-05-15 21:44:26,832 : INFO : EventManager : Event: ======'timer_skillshot_sound_loop_tick'====== Args={'ticks': 0, 'ticks_remaining': 999}
2026-05-15 21:44:26,832 : INFO : Timer.skillshot_shaker_pulse : Starting Timer.
2026-05-15 21:44:26,832 : INFO : EventManager : Event: ======'timer_skillshot_shaker_pulse_started'====== Args={'ticks': 0, 'ticks_remaining': 999}
2026-05-15 21:44:26,832 : INFO : EventManager : Event: ======'timer_skillshot_shaker_pulse_tick'====== Args={'ticks': 0, 'ticks_remaining': 999}
2026-05-15 21:44:26,832 : INFO : Timer.skillshot_shaker_idle : Starting Timer.
2026-05-15 21:44:26,832 : INFO : EventManager : Event: ======'timer_skillshot_shaker_idle_started'====== Args={'ticks': 0, 'ticks_remaining': 20}
2026-05-15 21:44:26,832 : INFO : EventManager : Event: ======'timer_skillshot_shaker_idle_tick'====== Args={'ticks': 0, 'ticks_remaining': 20}
2026-05-15 21:44:26,832 : INFO : EventManager : Event: ======'shaker_shooter_lane_pulse'====== Args={'priority': 0}
2026-05-15 21:44:26,850 : INFO : SwitchController : <<<<<<< 's_trough_2' inactive >>>>>>>
2026-05-15 21:44:26,853 : INFO : EventManager : Event: ======'slide_skillshot_ball_in_shooter_lane_created'====== Args={'_from_bcp': True}
2026-05-15 21:44:26,866 : INFO : SwitchController : <<<<<<< 's_trough_4' inactive >>>>>>>
2026-05-15 21:44:26,866 : INFO : SwitchController : <<<<<<< 's_trough_3' inactive >>>>>>>
2026-05-15 21:44:26,867 : INFO : SwitchController : <<<<<<< 's_trough_6' inactive >>>>>>>
2026-05-15 21:44:26,867 : INFO : SwitchController : <<<<<<< 's_trough_5' inactive >>>>>>>
2026-05-15 21:44:26,882 : INFO : SwitchController : <<<<<<< 's_trough_1' active >>>>>>>
2026-05-15 21:44:26,882 : INFO : EventManager : Event: ======'machine_var_audits_switches_s_trough_1'====== Args={'value': 5670, 'prev_value': 5669, 'change': 1}
2026-05-15 21:44:26,898 : INFO : SwitchController : <<<<<<< 's_trough_3' active >>>>>>>
2026-05-15 21:44:26,898 : INFO : EventManager : Event: ======'machine_var_audits_switches_s_trough_3'====== Args={'value': 5738, 'prev_value': 5737, 'change': 1}
2026-05-15 21:44:26,898 : INFO : SwitchController : <<<<<<< 's_trough_2' active >>>>>>>
2026-05-15 21:44:26,899 : INFO : EventManager : Event: ======'machine_var_audits_switches_s_trough_2'====== Args={'value': 5712, 'prev_value': 5711, 'change': 1}
2026-05-15 21:44:26,914 : INFO : SwitchController : <<<<<<< 's_trough_4' active >>>>>>>
2026-05-15 21:44:26,914 : INFO : EventManager : Event: ======'machine_var_audits_switches_s_trough_4'====== Args={'value': 5732, 'prev_value': 5731, 'change': 1}
2026-05-15 21:44:26,915 : INFO : SwitchController : <<<<<<< 's_trough_5' active >>>>>>>
2026-05-15 21:44:26,915 : INFO : EventManager : Event: ======'machine_var_audits_switches_s_trough_5'====== Args={'value': 5726, 'prev_value': 5725, 'change': 1}
2026-05-15 21:44:26,976 : INFO : EventManager : Event: ======'top_ramp_down'====== Args={'priority': 0}
2026-05-15 21:44:27,134 : INFO : ball_device.bd_plunger : Received ball from <ball_device.bd_trough>
2026-05-15 21:44:27,134 : INFO : EventManager : Event: ======'balldevice_bd_plunger_ball_enter'====== Args={'new_balls': 1, 'unclaimed_balls': 0, 'new_available_balls': 0, 'device': <ball_device.bd_plunger>}
2026-05-15 21:44:27,135 : INFO : EventManager : Event: ======'balldevice_bd_plunger_ball_entered'====== Args={'new_balls': 0, 'device': <ball_device.bd_plunger>}
2026-05-15 21:44:27,135 : INFO : EventManager : Event: ======'balldevice_bd_plunger_ball_count_changed'====== Args={'balls': 1}
2026-05-15 21:44:27,137 : INFO : ball_device.bd_trough : Got eject confirm
2026-05-15 21:44:27,137 : INFO : ball_device.bd_trough : Eject successful
2026-05-15 21:44:27,137 : INFO : EventManager : Event: ======'balldevice_bd_trough_ball_eject_success'====== Args={'balls': 1, 'target': <ball_device.bd_plunger>}
2026-05-15 21:44:27,138 : INFO : ball_device.bd_plunger : State: waiting_for_target_ready
2026-05-15 21:44:27,138 : INFO : EventManager : Event: ======'balldevice_bd_plunger_ball_eject_attempt'====== Args={'balls': 1, 'target': <playfield.playfield>, 'source': <ball_device.bd_plunger>, 'mechanical_eject': True, 'num_attempts': 0}
2026-05-15 21:44:27,139 : INFO : EventManager : Event: ======'balldevice_bd_trough_ball_count_changed'====== Args={'balls': 5}
2026-05-15 21:44:27,139 : INFO : ball_device.bd_trough : State: idle
2026-05-15 21:44:27,139 : INFO : ball_device.bd_plunger : State: ejecting
2026-05-15 21:44:27,139 : INFO : ball_device.bd_plunger : Ejecting ball to <playfield.playfield>
2026-05-15 21:44:27,139 : INFO : EventManager : Event: ======'balldevice_bd_plunger_ejecting_ball'====== Args={'balls': 1, 'target': <playfield.playfield>, 'source': <ball_device.bd_plunger>, 'mechanical_eject': True, 'num_attempts': 0}
2026-05-15 21:44:27,140 : INFO : EventManager : Event: ======'video_idle_start'====== Args={'priority': 0}
2026-05-15 21:44:27,141 : INFO : ball_device.bd_plunger : Wait for ball to leave device
2026-05-15 21:44:27,839 : INFO : EventManager : Event: ======'player_skillshot_skillshot_shaker_idle_tick'====== Args={'value': 1, 'prev_value': 0, 'change': 1, 'player_num': 1}
2026-05-15 21:44:27,839 : INFO : EventManager : Event: ======'timer_skillshot_shaker_idle_tick'====== Args={'ticks': 1, 'ticks_remaining': 19}
2026-05-15 21:44:27,840 : INFO : EventManager : Event: ======'player_skillshot_skillshot_shaker_pulse_tick'====== Args={'value': 1, 'prev_value': 0, 'change': 1, 'player_num': 1}
2026-05-15 21:44:27,840 : INFO : EventManager : Event: ======'timer_skillshot_shaker_pulse_tick'====== Args={'ticks': 1, 'ticks_remaining': 998}
2026-05-15 21:44:27,840 : INFO : EventManager : Event: ======'shaker_shooter_lane_pulse'====== Args={'priority': 0}
2026-05-15 21:44:28,843 : INFO : EventManager : Event: ======'player_skillshot_skillshot_shaker_idle_tick'====== Args={'value': 2, 'prev_value': 1, 'change': 1, 'player_num': 1}
2026-05-15 21:44:28,844 : INFO : EventManager : Event: ======'timer_skillshot_shaker_idle_tick'====== Args={'ticks': 2, 'ticks_remaining': 18}
2026-05-15 21:44:28,844 : INFO : EventManager : Event: ======'player_skillshot_skillshot_shaker_pulse_tick'====== Args={'value': 2, 'prev_value': 1, 'change': 1, 'player_num': 1}
2026-05-15 21:44:28,844 : INFO : EventManager : Event: ======'timer_skillshot_shaker_pulse_tick'====== Args={'ticks': 2, 'ticks_remaining': 997}
2026-05-15 21:44:28,844 : INFO : EventManager : Event: ======'shaker_shooter_lane_pulse'====== Args={'priority': 0}
2026-05-15 21:44:29,832 : INFO : EventManager : Event: ======'player_skillshot_skillshot_shaker_idle_tick'====== Args={'value': 3, 'prev_value': 2, 'change': 1, 'player_num': 1}
2026-05-15 21:44:29,832 : INFO : EventManager : Event: ======'timer_skillshot_shaker_idle_tick'====== Args={'ticks': 3, 'ticks_remaining': 17}
2026-05-15 21:44:29,832 : INFO : EventManager : Event: ======'player_skillshot_skillshot_sound_loop_tick'====== Args={'value': 1, 'prev_value': 0, 'change': 1, 'player_num': 1}
2026-05-15 21:44:29,832 : INFO : EventManager : Event: ======'timer_skillshot_sound_loop_tick'====== Args={'ticks': 1, 'ticks_remaining': 998}
2026-05-15 21:44:29,833 : INFO : EventManager : Event: ======'player_skillshot_skillshot_shaker_pulse_tick'====== Args={'value': 3, 'prev_value': 2, 'change': 1, 'player_num': 1}
2026-05-15 21:44:29,833 : INFO : EventManager : Event: ======'timer_skillshot_shaker_pulse_tick'====== Args={'ticks': 3, 'ticks_remaining': 996}
2026-05-15 21:44:29,833 : INFO : EventManager : Event: ======'shaker_shooter_lane_pulse'====== Args={'priority': 0}
2026-05-15 21:44:30,839 : INFO : EventManager : Event: ======'player_skillshot_skillshot_shaker_idle_tick'====== Args={'value': 4, 'prev_value': 3, 'change': 1, 'player_num': 1}
2026-05-15 21:44:30,839 : INFO : EventManager : Event: ======'timer_skillshot_shaker_idle_tick'====== Args={'ticks': 4, 'ticks_remaining': 16}
2026-05-15 21:44:30,840 : INFO : EventManager : Event: ======'player_skillshot_skillshot_shaker_pulse_tick'====== Args={'value': 4, 'prev_value': 3, 'change': 1, 'player_num': 1}
2026-05-15 21:44:30,840 : INFO : EventManager : Event: ======'timer_skillshot_shaker_pulse_tick'====== Args={'ticks': 4, 'ticks_remaining': 995}
2026-05-15 21:44:30,840 : INFO : EventManager : Event: ======'shaker_shooter_lane_pulse'====== Args={'priority': 0}
2026-05-15 21:44:31,843 : INFO : EventManager : Event: ======'player_skillshot_skillshot_shaker_pulse_tick'====== Args={'value': 5, 'prev_value': 4, 'change': 1, 'player_num': 1}
2026-05-15 21:44:31,843 : INFO : EventManager : Event: ======'timer_skillshot_shaker_pulse_tick'====== Args={'ticks': 5, 'ticks_remaining': 994}
2026-05-15 21:44:31,844 : INFO : EventManager : Event: ======'player_skillshot_skillshot_shaker_idle_tick'====== Args={'value': 5, 'prev_value': 4, 'change': 1, 'player_num': 1}
2026-05-15 21:44:31,844 : INFO : EventManager : Event: ======'timer_skillshot_shaker_idle_tick'====== Args={'ticks': 5, 'ticks_remaining': 15}
2026-05-15 21:44:31,844 : INFO : EventManager : Event: ======'shaker_shooter_lane_pulse'====== Args={'priority': 0}
2026-05-15 21:44:32,085 : INFO : Machine : Shutting down...
2026-05-15 21:44:32,085 : INFO : EventManager : Event: ======'shutdown'====== Args={}
2026-05-15 21:44:32,085 : INFO : coil.c_left_lane_up_post : Disabling Driver
2026-05-15 21:44:32,085 : INFO : coil.c_left_mig_up_post : Disabling Driver
2026-05-15 21:44:32,085 : INFO : coil.c_right_mig_up_post : Disabling Driver
2026-05-15 21:44:32,085 : INFO : coil.c_left_orbit_diverter : Disabling Driver
2026-05-15 21:44:32,085 : INFO : coil.c_right_orbit_diverter : Disabling Driver
2026-05-15 21:44:32,085 : INFO : coil.c_mode_barrier : Disabling Driver
2026-05-15 21:44:32,085 : INFO : coil.c_coin_door_led : Disabling Driver
2026-05-15 21:44:32,086 : INFO : coil.c_start_button_led : Disabling Driver
2026-05-15 21:44:32,086 : INFO : EventManager : Event: ======'right_ramp_down'====== Args={'priority': 0}
2026-05-15 21:44:32,086 : INFO : EventManager : Event: ======'lock_released'====== Args={'priority': 0}
2026-05-15 21:44:32,088 : INFO : coil.c_right_orbit_diverter : Disabling Driver
2026-05-15 21:44:32,090 : INFO : EventManager : Event: ======'mode_game_will_stop'====== Args={}
2026-05-15 21:44:32,090 : INFO : EventManager : Event: ======'mode_game_stopping'====== Args={}
2026-05-15 21:44:32,091 : INFO : EventManager : Event: ======'mode_goose_letters_will_stop'====== Args={}
2026-05-15 21:44:32,091 : INFO : EventManager : Event: ======'mode_goose_letters_stopping'====== Args={}
2026-05-15 21:44:32,091 : INFO : EventManager : Event: ======'mode_mach_scoring_will_stop'====== Args={}
2026-05-15 21:44:32,093 : INFO : EventManager : Event: ======'mode_mach_scoring_stopping'====== Args={}
2026-05-15 21:44:32,093 : INFO : EventManager : Event: ======'mode_bumpers_will_stop'====== Args={}
2026-05-15 21:44:32,093 : INFO : EventManager : Event: ======'mode_bumpers_stopping'====== Args={}
2026-05-15 21:44:32,093 : INFO : EventManager : Event: ======'mode_mig_letters_will_stop'====== Args={}
2026-05-15 21:44:32,093 : INFO : EventManager : Event: ======'mode_mig_letters_stopping'====== Args={}
2026-05-15 21:44:32,093 : INFO : EventManager : Event: ======'mode_iceman_letters_will_stop'====== Args={}
2026-05-15 21:44:32,093 : INFO : EventManager : Event: ======'mode_iceman_letters_stopping'====== Args={}
2026-05-15 21:44:32,093 : INFO : EventManager : Event: ======'mode_extra_ball_will_stop'====== Args={}
2026-05-15 21:44:32,093 : INFO : EventManager : Event: ======'mode_extra_ball_stopping'====== Args={}
2026-05-15 21:44:32,093 : INFO : EventManager : Event: ======'mode_skillshot_will_stop'====== Args={}
2026-05-15 21:44:32,093 : INFO : EventManager : Event: ======'mode_skillshot_stopping'====== Args={}
2026-05-15 21:44:32,093 : INFO : EventManager : Event: ======'mode_ball_save_will_stop'====== Args={}
2026-05-15 21:44:32,093 : INFO : EventManager : Event: ======'mode_ball_save_stopping'====== Args={}
2026-05-15 21:44:32,093 : INFO : EventManager : Event: ======'mode_2x_playfield_will_stop'====== Args={}
2026-05-15 21:44:32,093 : INFO : EventManager : Event: ======'mode_2x_playfield_stopping'====== Args={}
2026-05-15 21:44:32,093 : INFO : EventManager : Event: ======'mode_pilot_mission_qualifier_will_stop'====== Args={}
2026-05-15 21:44:32,093 : INFO : EventManager : Event: ======'mode_pilot_mission_qualifier_stopping'====== Args={}
2026-05-15 21:44:32,093 : INFO : EventManager : Event: ======'mode_shot_made_callout_randomizer_will_stop'====== Args={}
2026-05-15 21:44:32,093 : INFO : EventManager : Event: ======'mode_shot_made_callout_randomizer_stopping'====== Args={}
2026-05-15 21:44:32,093 : INFO : EventManager : Event: ======'mode_top_gun_multiball_locks_will_stop'====== Args={}
2026-05-15 21:44:32,093 : INFO : EventManager : Event: ======'mode_top_gun_multiball_locks_stopping'====== Args={}
2026-05-15 21:44:32,094 : INFO : EventManager : Event: ======'mode_base_will_stop'====== Args={}
2026-05-15 21:44:32,094 : INFO : EventManager : Event: ======'mode_base_stopping'====== Args={}
2026-05-15 21:44:32,094 : INFO : EventManager : Event: ======'mode_shot_missed_callout_randomizer_will_stop'====== Args={}
2026-05-15 21:44:32,094 : INFO : EventManager : Event: ======'mode_shot_missed_callout_randomizer_stopping'====== Args={}
2026-05-15 21:44:32,094 : INFO : EventManager : Event: ======'mode_hard_deck_qualifiers_will_stop'====== Args={}
2026-05-15 21:44:32,094 : INFO : EventManager : Event: ======'mode_hard_deck_qualifiers_stopping'====== Args={}
2026-05-15 21:44:32,094 : INFO : EventManager : Event: ======'mode_default_sounds_will_stop'====== Args={}
2026-05-15 21:44:32,094 : INFO : EventManager : Event: ======'mode_default_sounds_stopping'====== Args={}
2026-05-15 21:44:32,095 : INFO : coil.c_left_mig_up_post : Disabling Driver
2026-05-15 21:44:32,095 : INFO : Timer.skillshot : Stopping Timer
2026-05-15 21:44:32,095 : INFO : EventManager : Event: ======'timer_skillshot_stopped'====== Args={'ticks': 9, 'ticks_remaining': 7}
2026-05-15 21:44:32,095 : INFO : Timer.skillshot_sound_loop : Stopping Timer
2026-05-15 21:44:32,095 : INFO : EventManager : Event: ======'timer_skillshot_sound_loop_stopped'====== Args={'ticks': 1, 'ticks_remaining': 998}
2026-05-15 21:44:32,095 : INFO : Timer.skillshot_shaker_pulse : Stopping Timer
2026-05-15 21:44:32,095 : INFO : EventManager : Event: ======'timer_skillshot_shaker_pulse_stopped'====== Args={'ticks': 5, 'ticks_remaining': 994}
2026-05-15 21:44:32,095 : INFO : Timer.skillshot_shaker_idle : Stopping Timer
2026-05-15 21:44:32,095 : INFO : EventManager : Event: ======'timer_skillshot_shaker_idle_stopped'====== Args={'ticks': 5, 'ticks_remaining': 15}
2026-05-15 21:44:32,095 : INFO : Timer.skillshot_left_mig_post_timer : Stopping Timer
2026-05-15 21:44:32,095 : INFO : EventManager : Event: ======'timer_skillshot_left_mig_post_timer_stopped'====== Args={'ticks': 0, 'ticks_remaining': 1}
2026-05-15 21:44:32,095 : INFO : coil.c_lock_diverter_magnet : Disabling Driver
2026-05-15 21:44:32,095 : INFO : Timer.lock_diverter_timeout : Stopping Timer
2026-05-15 21:44:32,095 : INFO : EventManager : Event: ======'timer_lock_diverter_timeout_stopped'====== Args={'ticks': 0, 'ticks_remaining': 0}
2026-05-15 21:44:32,095 : INFO : Timer.mb_mode_choice_timer : Stopping Timer
2026-05-15 21:44:32,095 : INFO : EventManager : Event: ======'timer_mb_mode_choice_timer_stopped'====== Args={'ticks': 15, 'ticks_remaining': 0}
2026-05-15 21:44:32,096 : INFO : Timer.lock_goose_debounce : Stopping Timer
2026-05-15 21:44:32,096 : INFO : EventManager : Event: ======'timer_lock_goose_debounce_stopped'====== Args={'ticks': 0, 'ticks_remaining': 0}
2026-05-15 21:44:32,096 : INFO : Timer.lock_mav_debounce : Stopping Timer
2026-05-15 21:44:32,096 : INFO : EventManager : Event: ======'timer_lock_mav_debounce_stopped'====== Args={'ticks': 0, 'ticks_remaining': 0}
2026-05-15 21:44:32,096 : INFO : Timer.lock_goose_callout_delay : Stopping Timer
2026-05-15 21:44:32,096 : INFO : EventManager : Event: ======'timer_lock_goose_callout_delay_stopped'====== Args={'ticks': 0, 'ticks_remaining': 0}
2026-05-15 21:44:32,096 : INFO : Timer.lock_goose_serve_delay : Stopping Timer
2026-05-15 21:44:32,096 : INFO : EventManager : Event: ======'timer_lock_goose_serve_delay_stopped'====== Args={'ticks': 0, 'ticks_remaining': 0}
2026-05-15 21:44:32,096 : INFO : Timer.lock_mav_mb_lit_callout_delay : Stopping Timer
2026-05-15 21:44:32,096 : INFO : EventManager : Event: ======'timer_lock_mav_mb_lit_callout_delay_stopped'====== Args={'ticks': 0, 'ticks_remaining': 0}
2026-05-15 21:44:32,096 : INFO : Timer.lock_mav_serve_delay : Stopping Timer
2026-05-15 21:44:32,096 : INFO : EventManager : Event: ======'timer_lock_mav_serve_delay_stopped'====== Args={'ticks': 0, 'ticks_remaining': 0}
2026-05-15 21:44:32,096 : INFO : Timer.lock_resume_arm : Stopping Timer
2026-05-15 21:44:32,096 : INFO : EventManager : Event: ======'timer_lock_resume_arm_stopped'====== Args={'ticks': 0, 'ticks_remaining': 0}
2026-05-15 21:44:32,096 : INFO : EventManager : Event: ======'stop_mode_bumpers'====== Args={'priority': 0}
2026-05-15 21:44:32,096 : INFO : coil.c_left_lane_up_post : Disabling Driver
2026-05-15 21:44:32,096 : INFO : Timer.hd_training_choice_timer : Stopping Timer
2026-05-15 21:44:32,096 : INFO : EventManager : Event: ======'timer_hd_training_choice_timer_stopped'====== Args={'ticks': 15, 'ticks_remaining': 0}
2026-05-15 21:44:32,096 : INFO : Mode.default_sounds : Stopped.
2026-05-15 21:44:32,096 : INFO : EventManager : Event: ======'modes_active_modes_changed'====== Args={}
2026-05-15 21:44:32,097 : INFO : EventManager : Event: ======'mode_default_sounds_stopped'====== Args={}
2026-05-15 21:44:32,097 : INFO : EventManager : Event: ======'clear'====== Args={'key': 'default_sounds'}
2026-05-15 21:44:32,097 : INFO : Mode.hard_deck_qualifiers : Stopped.
2026-05-15 21:44:32,097 : INFO : EventManager : Event: ======'modes_active_modes_changed'====== Args={}
2026-05-15 21:44:32,098 : INFO : EventManager : Event: ======'mode_hard_deck_qualifiers_stopped'====== Args={}
2026-05-15 21:44:32,098 : INFO : EventManager : Event: ======'clear'====== Args={'key': 'hard_deck_qualifiers'}
2026-05-15 21:44:32,098 : INFO : Timer.hd_training_choice_timer : Stopping Timer
2026-05-15 21:44:32,098 : INFO : EventManager : Event: ======'timer_hd_training_choice_timer_stopped'====== Args={'ticks': 15, 'ticks_remaining': 0}
2026-05-15 21:44:32,098 : INFO : Mode.shot_missed_callout_randomizer : Stopped.
2026-05-15 21:44:32,098 : INFO : EventManager : Event: ======'modes_active_modes_changed'====== Args={}
2026-05-15 21:44:32,098 : INFO : EventManager : Event: ======'mode_shot_missed_callout_randomizer_stopped'====== Args={}
2026-05-15 21:44:32,098 : INFO : EventManager : Event: ======'clear'====== Args={'key': 'shot_missed_callout_randomizer'}
2026-05-15 21:44:32,098 : INFO : Mode.base : Stopped.
2026-05-15 21:44:32,098 : INFO : EventManager : Event: ======'modes_active_modes_changed'====== Args={}
2026-05-15 21:44:32,100 : INFO : EventManager : Event: ======'mode_base_stopped'====== Args={}
2026-05-15 21:44:32,100 : INFO : EventManager : Event: ======'clear'====== Args={'key': 'base'}
2026-05-15 21:44:32,100 : INFO : Timer.spinner_inactivity : Stopping Timer
2026-05-15 21:44:32,100 : INFO : EventManager : Event: ======'timer_spinner_inactivity_stopped'====== Args={'ticks': 2, 'ticks_remaining': 1}
2026-05-15 21:44:32,100 : INFO : Timer.wingman_post_win_mig_delay : Stopping Timer
2026-05-15 21:44:32,100 : INFO : EventManager : Event: ======'timer_wingman_post_win_mig_delay_stopped'====== Args={'ticks': 0, 'ticks_remaining': 0}
2026-05-15 21:44:32,100 : INFO : Timer.status_mode_entry : Stopping Timer
2026-05-15 21:44:32,100 : INFO : EventManager : Event: ======'timer_status_mode_entry_stopped'====== Args={'ticks': 0, 'ticks_remaining': 0}
2026-05-15 21:44:32,100 : INFO : Timer.wingman_post_win_mig_hold : Stopping Timer
2026-05-15 21:44:32,100 : INFO : EventManager : Event: ======'timer_wingman_post_win_mig_hold_stopped'====== Args={'ticks': 0, 'ticks_remaining': 0}
2026-05-15 21:44:32,100 : INFO : Timer.wingman_post_win_plunge_delay : Stopping Timer
2026-05-15 21:44:32,100 : INFO : EventManager : Event: ======'timer_wingman_post_win_plunge_delay_stopped'====== Args={'ticks': 0, 'ticks_remaining': 0}
2026-05-15 21:44:32,100 : INFO : Mode.top_gun_multiball_locks : Stopped.
2026-05-15 21:44:32,100 : INFO : EventManager : Event: ======'modes_active_modes_changed'====== Args={}
2026-05-15 21:44:32,101 : INFO : EventManager : Event: ======'mode_top_gun_multiball_locks_stopped'====== Args={}
2026-05-15 21:44:32,101 : INFO : EventManager : Event: ======'clear'====== Args={'key': 'top_gun_multiball_locks'}
2026-05-15 21:44:32,102 : INFO : Timer.lock_mb_barrier_delay : Stopping Timer
2026-05-15 21:44:32,102 : INFO : EventManager : Event: ======'timer_lock_mb_barrier_delay_stopped'====== Args={'ticks': 0, 'ticks_remaining': 0}
2026-05-15 21:44:32,102 : INFO : Timer.lock_partial_callout_cooldown : Stopping Timer
2026-05-15 21:44:32,102 : INFO : EventManager : Event: ======'timer_lock_partial_callout_cooldown_stopped'====== Args={'ticks': 0, 'ticks_remaining': 0}
2026-05-15 21:44:32,102 : INFO : Timer.lock_goose_debounce : Stopping Timer
2026-05-15 21:44:32,102 : INFO : EventManager : Event: ======'timer_lock_goose_debounce_stopped'====== Args={'ticks': 0, 'ticks_remaining': 0}
2026-05-15 21:44:32,102 : INFO : Timer.lock_goose_serve_delay : Stopping Timer
2026-05-15 21:44:32,102 : INFO : EventManager : Event: ======'timer_lock_goose_serve_delay_stopped'====== Args={'ticks': 0, 'ticks_remaining': 0}
2026-05-15 21:44:32,102 : INFO : Timer.lock_resume_arm : Stopping Timer
2026-05-15 21:44:32,102 : INFO : EventManager : Event: ======'timer_lock_resume_arm_stopped'====== Args={'ticks': 0, 'ticks_remaining': 0}
2026-05-15 21:44:32,102 : INFO : Timer.lock_mb_eject_debounce : Stopping Timer
2026-05-15 21:44:32,102 : INFO : EventManager : Event: ======'timer_lock_mb_eject_debounce_stopped'====== Args={'ticks': 0, 'ticks_remaining': 0}
2026-05-15 21:44:32,102 : INFO : Timer.mb_mode_choice_timer : Stopping Timer
2026-05-15 21:44:32,102 : INFO : EventManager : Event: ======'timer_mb_mode_choice_timer_stopped'====== Args={'ticks': 15, 'ticks_remaining': 0}
2026-05-15 21:44:32,102 : INFO : Timer.lock_mav_debounce : Stopping Timer
2026-05-15 21:44:32,102 : INFO : EventManager : Event: ======'timer_lock_mav_debounce_stopped'====== Args={'ticks': 0, 'ticks_remaining': 0}
2026-05-15 21:44:32,102 : INFO : Timer.lock_mav_mb_lit_callout_delay : Stopping Timer
2026-05-15 21:44:32,102 : INFO : EventManager : Event: ======'timer_lock_mav_mb_lit_callout_delay_stopped'====== Args={'ticks': 0, 'ticks_remaining': 0}
2026-05-15 21:44:32,103 : INFO : Timer.lock_diverter_timeout : Stopping Timer
2026-05-15 21:44:32,103 : INFO : EventManager : Event: ======'timer_lock_diverter_timeout_stopped'====== Args={'ticks': 0, 'ticks_remaining': 0}
2026-05-15 21:44:32,103 : INFO : Timer.lock_mb_release_delay : Stopping Timer
2026-05-15 21:44:32,103 : INFO : EventManager : Event: ======'timer_lock_mb_release_delay_stopped'====== Args={'ticks': 0, 'ticks_remaining': 0}
2026-05-15 21:44:32,103 : INFO : Timer.lock_letter_sound_delay : Stopping Timer
2026-05-15 21:44:32,103 : INFO : EventManager : Event: ======'timer_lock_letter_sound_delay_stopped'====== Args={'ticks': 0, 'ticks_remaining': 0}
2026-05-15 21:44:32,103 : INFO : Timer.lock_goose_callout_delay : Stopping Timer
2026-05-15 21:44:32,103 : INFO : EventManager : Event: ======'timer_lock_goose_callout_delay_stopped'====== Args={'ticks': 0, 'ticks_remaining': 0}
2026-05-15 21:44:32,103 : INFO : Timer.lock_mav_serve_delay : Stopping Timer
2026-05-15 21:44:32,103 : INFO : EventManager : Event: ======'timer_lock_mav_serve_delay_stopped'====== Args={'ticks': 0, 'ticks_remaining': 0}
2026-05-15 21:44:32,103 : INFO : Mode.shot_made_callout_randomizer : Stopped.
2026-05-15 21:44:32,103 : INFO : EventManager : Event: ======'modes_active_modes_changed'====== Args={}
2026-05-15 21:44:32,103 : INFO : EventManager : Event: ======'mode_shot_made_callout_randomizer_stopped'====== Args={}
2026-05-15 21:44:32,103 : INFO : EventManager : Event: ======'clear'====== Args={'key': 'shot_made_callout_randomizer'}
2026-05-15 21:44:32,105 : INFO : Mode.pilot_mission_qualifier : Stopped.
2026-05-15 21:44:32,105 : INFO : EventManager : Event: ======'modes_active_modes_changed'====== Args={}
2026-05-15 21:44:32,105 : INFO : coil.c_mode_barrier : Disabling Driver
2026-05-15 21:44:32,110 : INFO : EventManager : Event: ======'mode_pilot_mission_qualifier_stopped'====== Args={}
2026-05-15 21:44:32,110 : INFO : EventManager : Event: ======'clear'====== Args={'key': 'pilot_mission_qualifier'}
2026-05-15 21:44:32,110 : INFO : Timer.left_orbit_shot_timeout : Stopping Timer
2026-05-15 21:44:32,110 : INFO : EventManager : Event: ======'timer_left_orbit_shot_timeout_stopped'====== Args={'ticks': 0, 'ticks_remaining': 0}
2026-05-15 21:44:32,110 : INFO : Timer.orbit_shot_lockout_timer : Stopping Timer
2026-05-15 21:44:32,110 : INFO : EventManager : Event: ======'timer_orbit_shot_lockout_timer_stopped'====== Args={'ticks': 0, 'ticks_remaining': 0}
2026-05-15 21:44:32,110 : INFO : Timer.left_diverter_tl_hold : Stopping Timer
2026-05-15 21:44:32,111 : INFO : EventManager : Event: ======'timer_left_diverter_tl_hold_stopped'====== Args={'ticks': 0, 'ticks_remaining': 0}
2026-05-15 21:44:32,111 : INFO : Timer.topgun_ll_qualify_window : Stopping Timer
2026-05-15 21:44:32,111 : INFO : EventManager : Event: ======'timer_topgun_ll_qualify_window_stopped'====== Args={'ticks': 0, 'ticks_remaining': 0}
2026-05-15 21:44:32,111 : INFO : Timer.spinner_shot_timeout : Stopping Timer
2026-05-15 21:44:32,111 : INFO : EventManager : Event: ======'timer_spinner_shot_timeout_stopped'====== Args={'ticks': 0, 'ticks_remaining': 1}
2026-05-15 21:44:32,111 : INFO : Timer.right_orbit_shot_timeout : Stopping Timer
2026-05-15 21:44:32,111 : INFO : EventManager : Event: ======'timer_right_orbit_shot_timeout_stopped'====== Args={'ticks': 0, 'ticks_remaining': 1}
2026-05-15 21:44:32,111 : INFO : Timer.post_plunge_orbit_lockout : Stopping Timer
2026-05-15 21:44:32,111 : INFO : EventManager : Event: ======'timer_post_plunge_orbit_lockout_stopped'====== Args={'ticks': 0, 'ticks_remaining': 1}
2026-05-15 21:44:32,111 : INFO : Timer.global_scoop_eject_delay : Stopping Timer
2026-05-15 21:44:32,111 : INFO : EventManager : Event: ======'timer_global_scoop_eject_delay_stopped'====== Args={'ticks': 0, 'ticks_remaining': 0}
2026-05-15 21:44:32,111 : INFO : Timer.spinner_shot_lockout : Stopping Timer
2026-05-15 21:44:32,111 : INFO : EventManager : Event: ======'timer_spinner_shot_lockout_stopped'====== Args={'ticks': 0, 'ticks_remaining': 0}
2026-05-15 21:44:32,111 : INFO : Timer.inverted_bonus_topgun_delay : Stopping Timer
2026-05-15 21:44:32,111 : INFO : EventManager : Event: ======'timer_inverted_bonus_topgun_delay_stopped'====== Args={'ticks': 0, 'ticks_remaining': 0}
2026-05-15 21:44:32,111 : INFO : Timer.post_mb_barrier_restore : Stopping Timer
2026-05-15 21:44:32,111 : INFO : EventManager : Event: ======'timer_post_mb_barrier_restore_stopped'====== Args={'ticks': 0, 'ticks_remaining': 0}
2026-05-15 21:44:32,111 : INFO : Timer.skillshot_video_running : Stopping Timer
2026-05-15 21:44:32,111 : INFO : EventManager : Event: ======'timer_skillshot_video_running_stopped'====== Args={'ticks': 0, 'ticks_remaining': 1}
2026-05-15 21:44:32,112 : INFO : Mode.2x_playfield : Stopped.
2026-05-15 21:44:32,112 : INFO : EventManager : Event: ======'modes_active_modes_changed'====== Args={}
2026-05-15 21:44:32,112 : INFO : EventManager : Event: ======'mode_2x_playfield_stopped'====== Args={}
2026-05-15 21:44:32,112 : INFO : EventManager : Event: ======'clear'====== Args={'key': '2x_playfield'}
2026-05-15 21:44:32,112 : INFO : Timer.x2_playfield : Stopping Timer
2026-05-15 21:44:32,112 : INFO : EventManager : Event: ======'timer_x2_playfield_stopped'====== Args={'ticks': 90, 'ticks_remaining': 0}
2026-05-15 21:44:32,112 : INFO : Mode.ball_save : Stopped.
2026-05-15 21:44:32,112 : INFO : EventManager : Event: ======'modes_active_modes_changed'====== Args={}
2026-05-15 21:44:32,112 : INFO : EventManager : Event: ======'mode_ball_save_stopped'====== Args={}
2026-05-15 21:44:32,112 : INFO : EventManager : Event: ======'clear'====== Args={'key': 'ball_save'}
2026-05-15 21:44:32,112 : INFO : Timer.scoop_save_countdown : Stopping Timer
2026-05-15 21:44:32,113 : INFO : EventManager : Event: ======'timer_scoop_save_countdown_stopped'====== Args={'ticks': 5, 'ticks_remaining': 0}
2026-05-15 21:44:32,113 : INFO : Timer.ball_save_countdown : Stopping Timer
2026-05-15 21:44:32,113 : INFO : EventManager : Event: ======'timer_ball_save_countdown_stopped'====== Args={'ticks': 20, 'ticks_remaining': 1}
2026-05-15 21:44:32,113 : INFO : Timer.ball_save_auto_plunger_delay : Stopping Timer
2026-05-15 21:44:32,113 : INFO : EventManager : Event: ======'timer_ball_save_auto_plunger_delay_stopped'====== Args={'ticks': 0, 'ticks_remaining': 1}
2026-05-15 21:44:32,113 : INFO : Timer.mode_ball_save_countdown : Stopping Timer
2026-05-15 21:44:32,113 : INFO : EventManager : Event: ======'timer_mode_ball_save_countdown_stopped'====== Args={'ticks': 30, 'ticks_remaining': 0}
2026-05-15 21:44:32,113 : INFO : Timer.consecutive_save_window : Stopping Timer
2026-05-15 21:44:32,113 : INFO : EventManager : Event: ======'timer_consecutive_save_window_stopped'====== Args={'ticks': 20, 'ticks_remaining': 1}
2026-05-15 21:44:32,113 : INFO : Mode.skillshot : Stopped.
2026-05-15 21:44:32,113 : INFO : EventManager : Event: ======'modes_active_modes_changed'====== Args={}
2026-05-15 21:44:32,113 : INFO : EventManager : Event: ======'mode_skillshot_stopped'====== Args={}
2026-05-15 21:44:32,113 : INFO : EventManager : Event: ======'clear'====== Args={'key': 'skillshot'}
2026-05-15 21:44:32,113 : INFO : Timer.skillshot : Stopping Timer
2026-05-15 21:44:32,113 : INFO : EventManager : Event: ======'timer_skillshot_stopped'====== Args={'ticks': 9, 'ticks_remaining': 7}
2026-05-15 21:44:32,113 : INFO : Timer.skillshot_shaker_idle : Stopping Timer
2026-05-15 21:44:32,113 : INFO : EventManager : Event: ======'timer_skillshot_shaker_idle_stopped'====== Args={'ticks': 5, 'ticks_remaining': 15}
2026-05-15 21:44:32,114 : INFO : Timer.skillshot_sound_loop : Stopping Timer
2026-05-15 21:44:32,114 : INFO : EventManager : Event: ======'timer_skillshot_sound_loop_stopped'====== Args={'ticks': 1, 'ticks_remaining': 998}
2026-05-15 21:44:32,114 : INFO : Timer.skillshot_left_mig_post_timer : Stopping Timer
2026-05-15 21:44:32,114 : INFO : EventManager : Event: ======'timer_skillshot_left_mig_post_timer_stopped'====== Args={'ticks': 0, 'ticks_remaining': 1}
2026-05-15 21:44:32,114 : INFO : Timer.skillshot_shaker_pulse : Stopping Timer
2026-05-15 21:44:32,115 : INFO : EventManager : Event: ======'timer_skillshot_shaker_pulse_stopped'====== Args={'ticks': 5, 'ticks_remaining': 994}
2026-05-15 21:44:32,115 : INFO : Mode.extra_ball : Stopped.
2026-05-15 21:44:32,115 : INFO : EventManager : Event: ======'modes_active_modes_changed'====== Args={}
2026-05-15 21:44:32,115 : INFO : EventManager : Event: ======'mode_extra_ball_stopped'====== Args={}
2026-05-15 21:44:32,115 : INFO : EventManager : Event: ======'clear'====== Args={'key': 'extra_ball'}
2026-05-15 21:44:32,115 : INFO : Timer.extra_ball_hold : Stopping Timer
2026-05-15 21:44:32,115 : INFO : EventManager : Event: ======'timer_extra_ball_hold_stopped'====== Args={'ticks': 5, 'ticks_remaining': 0}
2026-05-15 21:44:32,115 : INFO : Mode.iceman_letters : Stopped.
2026-05-15 21:44:32,115 : INFO : EventManager : Event: ======'modes_active_modes_changed'====== Args={}
2026-05-15 21:44:32,117 : INFO : EventManager : Event: ======'mode_iceman_letters_stopped'====== Args={}
2026-05-15 21:44:32,117 : INFO : EventManager : Event: ======'clear'====== Args={'key': 'iceman_letters'}
2026-05-15 21:44:32,117 : INFO : Timer.right_mig_post_timer : Stopping Timer
2026-05-15 21:44:32,117 : INFO : EventManager : Event: ======'timer_right_mig_post_timer_stopped'====== Args={'ticks': 0, 'ticks_remaining': 0}
2026-05-15 21:44:32,117 : INFO : Timer.iceman_reset : Stopping Timer
2026-05-15 21:44:32,117 : INFO : EventManager : Event: ======'timer_iceman_reset_stopped'====== Args={'ticks': 0, 'ticks_remaining': 0}
2026-05-15 21:44:32,117 : INFO : Timer.right_orbit_lockout_timer : Stopping Timer
2026-05-15 21:44:32,117 : INFO : EventManager : Event: ======'timer_right_orbit_lockout_timer_stopped'====== Args={'ticks': 0, 'ticks_remaining': 1}
2026-05-15 21:44:32,117 : INFO : Timer.left_mig_post_timer : Stopping Timer
2026-05-15 21:44:32,118 : INFO : EventManager : Event: ======'timer_left_mig_post_timer_stopped'====== Args={'ticks': 0, 'ticks_remaining': 0}
2026-05-15 21:44:32,118 : INFO : Mode.mig_letters : Stopped.
2026-05-15 21:44:32,118 : INFO : EventManager : Event: ======'modes_active_modes_changed'====== Args={}
2026-05-15 21:44:32,118 : INFO : EventManager : Event: ======'mode_mig_letters_stopped'====== Args={}
2026-05-15 21:44:32,118 : INFO : EventManager : Event: ======'clear'====== Args={'key': 'mig_letters'}
2026-05-15 21:44:32,118 : INFO : Timer.mig_reset : Stopping Timer
2026-05-15 21:44:32,118 : INFO : EventManager : Event: ======'timer_mig_reset_stopped'====== Args={'ticks': 0, 'ticks_remaining': 0}
2026-05-15 21:44:32,118 : INFO : Mode.bumpers : Stopped.
2026-05-15 21:44:32,118 : INFO : EventManager : Event: ======'modes_active_modes_changed'====== Args={}
2026-05-15 21:44:32,118 : INFO : EventManager : Event: ======'mode_bumpers_stopped'====== Args={}
2026-05-15 21:44:32,118 : INFO : EventManager : Event: ======'clear'====== Args={'key': 'bumpers'}
2026-05-15 21:44:32,119 : INFO : Mode.mach_scoring : Stopped.
2026-05-15 21:44:32,119 : INFO : EventManager : Event: ======'modes_active_modes_changed'====== Args={}
2026-05-15 21:44:32,119 : INFO : EventManager : Event: ======'mode_mach_scoring_stopped'====== Args={}
2026-05-15 21:44:32,119 : INFO : EventManager : Event: ======'clear'====== Args={'key': 'mach_scoring'}
2026-05-15 21:44:32,119 : INFO : Timer.mach_qualify_timer : Stopping Timer
2026-05-15 21:44:32,121 : INFO : EventManager : Event: ======'timer_mach_qualify_timer_stopped'====== Args={'ticks': 10, 'ticks_remaining': 0}
2026-05-15 21:44:32,121 : INFO : Timer.mach_timer : Stopping Timer
2026-05-15 21:44:32,121 : INFO : EventManager : Event: ======'timer_mach_timer_stopped'====== Args={'ticks': 20, 'ticks_remaining': 0}
2026-05-15 21:44:32,121 : INFO : Mode.goose_letters : Stopped.
2026-05-15 21:44:32,121 : INFO : EventManager : Event: ======'modes_active_modes_changed'====== Args={}
2026-05-15 21:44:32,122 : INFO : EventManager : Event: ======'mode_goose_letters_stopped'====== Args={}
2026-05-15 21:44:32,122 : INFO : EventManager : Event: ======'clear'====== Args={'key': 'goose_letters'}
2026-05-15 21:44:32,122 : INFO : Timer.goose_reset : Stopping Timer
2026-05-15 21:44:32,122 : INFO : EventManager : Event: ======'timer_goose_reset_stopped'====== Args={'ticks': 0, 'ticks_remaining': 0}
2026-05-15 21:44:32,122 : INFO : Timer.missile_fire_delay : Stopping Timer
2026-05-15 21:44:32,122 : INFO : EventManager : Event: ======'timer_missile_fire_delay_stopped'====== Args={'ticks': 0, 'ticks_remaining': 0}
2026-05-15 21:44:32,122 : INFO : Timer.extra_ball_lit_slide_dismiss : Stopping Timer
2026-05-15 21:44:32,122 : INFO : EventManager : Event: ======'timer_extra_ball_lit_slide_dismiss_stopped'====== Args={'ticks': 0, 'ticks_remaining': 0}
2026-05-15 21:44:32,123 : INFO : Mode.game : Stopped.
2026-05-15 21:44:32,123 : INFO : EventManager : Event: ======'modes_active_modes_changed'====== Args={}
2026-05-15 21:44:32,123 : INFO : EventManager : Event: ======'mode_game_stopped'====== Args={}
2026-05-15 21:44:32,123 : INFO : EventManager : Event: ======'clear'====== Args={'key': 'game'}
2026-05-15 21:44:32,237 : INFO : root : MPF run loop ended.
