2026-05-17 15:20:58,100 : INFO : root : Loading config.
2026-05-17 15:20:58,104 : INFO : YamlMultifileConfigLoader : Machine config file #1: config.yaml
2026-05-17 15:20:58,104 : INFO : ConfigProcessor : Loading config from cache: C:\Users\White\AppData\Local\Temp\39c4b34018bdb564eab7cf26b7f669ee.mpf_cache
2026-05-17 15:20:58,235 : INFO : ConfigProcessor : Loading config from cache: C:\Users\White\AppData\Local\Temp\dcfa5ee5b10d64a3b94fd534c1aa451d.mpf_cache
2026-05-17 15:20:58,236 : INFO : ConfigProcessor : Loading config from cache: C:\Users\White\AppData\Local\Temp\91cc4d1c993c58dc354e34974b9cfeac.mpf_cache
2026-05-17 15:20:58,238 : INFO : ConfigProcessor : Loading config from cache: C:\Users\White\AppData\Local\Temp\35b01af7767e50eba76da865e2d7f95a.mpf_cache
2026-05-17 15:20:58,240 : INFO : ConfigProcessor : Loading config from cache: C:\Users\White\AppData\Local\Temp\954a0964095d05f049666b24b311e3e0.mpf_cache
2026-05-17 15:20:58,241 : INFO : ConfigProcessor : Loading config from cache: C:\Users\White\AppData\Local\Temp\dcfa5ee5b10d64a3b94fd534c1aa451d.mpf_cache
2026-05-17 15:20:58,242 : INFO : ConfigProcessor : Loading config from cache: C:\Users\White\AppData\Local\Temp\a9244cf73bd1b995c8229a78fecf001a.mpf_cache
2026-05-17 15:20:58,244 : INFO : ConfigProcessor : Loading config from cache: C:\Users\White\AppData\Local\Temp\45fc6500cf8fab1ef48d0c2f81501272.mpf_cache
2026-05-17 15:20:58,245 : WARNING : ConfigProcessor : Config file in cache changed: C:\Users\White\documents\top_gun_pinball\modes\base\config\base.yaml
2026-05-17 15:20:58,245 : INFO : ConfigProcessor : Loading config from file C:\Users\White\documents\top_gun_pinball\modes\base\config\base.yaml.
2026-05-17 15:20:58,292 : INFO : ConfigProcessor : Loading config: C:\Users\White\documents\top_gun_pinball\modes\base\config\base.yaml
2026-05-17 15:20:58,295 : INFO : ConfigProcessor : Config file cache created: C:\Users\White\AppData\Local\Temp\981e6839caefcab32cd6f1225f0b1dcf.mpf_cache
2026-05-17 15:20:58,296 : INFO : ConfigProcessor : Loading config from cache: C:\Users\White\AppData\Local\Temp\78ac3c6ac2705ccef0aca6223f38636a.mpf_cache
2026-05-17 15:20:58,298 : INFO : ConfigProcessor : Loading config from cache: C:\Users\White\AppData\Local\Temp\c416412e55ae5fd88a59da82f1a69a10.mpf_cache
2026-05-17 15:20:58,299 : INFO : ConfigProcessor : Loading config from cache: C:\Users\White\AppData\Local\Temp\a859aaec01fc9eda8e384946277a1be9.mpf_cache
2026-05-17 15:20:58,300 : INFO : ConfigProcessor : Loading config from cache: C:\Users\White\AppData\Local\Temp\3a2f2089f214eeb3c016e23cf6937b46.mpf_cache
2026-05-17 15:20:58,301 : INFO : ConfigProcessor : Loading config from cache: C:\Users\White\AppData\Local\Temp\6a827c2f81d5d6872a5c3d42d5788ee1.mpf_cache
2026-05-17 15:20:58,302 : INFO : ConfigProcessor : Loading config from cache: C:\Users\White\AppData\Local\Temp\d70718505753edc7bfae94d93c7e0d17.mpf_cache
2026-05-17 15:20:58,303 : INFO : ConfigProcessor : Loading config from cache: C:\Users\White\AppData\Local\Temp\824f161cac9e4c9f1443132020691281.mpf_cache
2026-05-17 15:20:58,304 : INFO : ConfigProcessor : Loading config from cache: C:\Users\White\AppData\Local\Temp\cd2c211e15a4dbebeef94e6a26e93112.mpf_cache
2026-05-17 15:20:58,306 : INFO : ConfigProcessor : Loading config from cache: C:\Users\White\AppData\Local\Temp\ba6e93360aa60032a4b7b34f9cffdce0.mpf_cache
2026-05-17 15:20:58,308 : WARNING : ConfigProcessor : Config file in cache changed: C:\Users\White\documents\top_gun_pinball\modes\hard_deck_charlie\config\hard_deck_charlie.yaml
2026-05-17 15:20:58,308 : INFO : ConfigProcessor : Loading config from file C:\Users\White\documents\top_gun_pinball\modes\hard_deck_charlie\config\hard_deck_charlie.yaml.
2026-05-17 15:20:58,337 : INFO : ConfigProcessor : Loading config: C:\Users\White\documents\top_gun_pinball\modes\hard_deck_charlie\config\hard_deck_charlie.yaml
2026-05-17 15:20:58,339 : INFO : ConfigProcessor : Config file cache created: C:\Users\White\AppData\Local\Temp\992372f28951cdccc92372849f705691.mpf_cache
2026-05-17 15:20:58,340 : INFO : ConfigProcessor : Loading config from cache: C:\Users\White\AppData\Local\Temp\4b9937c7976ed5cd1d24a4fa4018324b.mpf_cache
2026-05-17 15:20:58,341 : INFO : ConfigProcessor : Loading config from cache: C:\Users\White\AppData\Local\Temp\a41099aaa8931854bf7aeb1131eb25f5.mpf_cache
2026-05-17 15:20:58,345 : INFO : ConfigProcessor : Loading config from cache: C:\Users\White\AppData\Local\Temp\4db056afb6ae3257643d7cc331e05161.mpf_cache
2026-05-17 15:20:58,346 : INFO : ConfigProcessor : Loading config from cache: C:\Users\White\AppData\Local\Temp\a18f6718f5a170b21c37bd725ebae781.mpf_cache
2026-05-17 15:20:58,367 : INFO : ConfigProcessor : Loading config from cache: C:\Users\White\AppData\Local\Temp\8709151c8d2d3863b5fceda4c115c736.mpf_cache
2026-05-17 15:20:58,368 : INFO : ConfigProcessor : Loading config from cache: C:\Users\White\AppData\Local\Temp\769cd60133e5c0b9a985e6e3690a3631.mpf_cache
2026-05-17 15:20:58,369 : INFO : ConfigProcessor : Loading config from cache: C:\Users\White\AppData\Local\Temp\3d468c7cedf90be47a7d01e42bb936d2.mpf_cache
2026-05-17 15:20:58,370 : INFO : ConfigProcessor : Loading config from cache: C:\Users\White\AppData\Local\Temp\40a956b62e63adb1fd6230e070cc416f.mpf_cache
2026-05-17 15:20:58,371 : INFO : ConfigProcessor : Loading config from cache: C:\Users\White\AppData\Local\Temp\88387b71764ec8c6867c539ea54a2040.mpf_cache
2026-05-17 15:20:58,373 : INFO : ConfigProcessor : Loading config from cache: C:\Users\White\AppData\Local\Temp\2b752b47ed38224cd6b4953549e961ec.mpf_cache
2026-05-17 15:20:58,376 : INFO : ConfigProcessor : Loading config from cache: C:\Users\White\AppData\Local\Temp\bc5a83a7db04a21de896bef4617be537.mpf_cache
2026-05-17 15:20:58,377 : INFO : ConfigProcessor : Loading config from cache: C:\Users\White\AppData\Local\Temp\f74d72009f4dabec10fde825e0863a15.mpf_cache
2026-05-17 15:20:58,380 : INFO : ConfigProcessor : Loading config from cache: C:\Users\White\AppData\Local\Temp\66496f3db5355e441b1bd8ecccd57f05.mpf_cache
2026-05-17 15:20:58,381 : INFO : ConfigProcessor : Loading config from cache: C:\Users\White\AppData\Local\Temp\0ae832768984a3aa01ae31edc15ba990.mpf_cache
2026-05-17 15:20:58,383 : INFO : ConfigProcessor : Loading config from cache: C:\Users\White\AppData\Local\Temp\9c1b225c26aeb4cc019e2ce322947706.mpf_cache
2026-05-17 15:20:58,384 : INFO : ConfigProcessor : Loading config from cache: C:\Users\White\AppData\Local\Temp\cd7a088f79b0efe4ef0e6c248f30ea7a.mpf_cache
2026-05-17 15:20:58,386 : INFO : ConfigProcessor : Loading config from cache: C:\Users\White\AppData\Local\Temp\9ea7462f1dcba752602eb310d0ad4a44.mpf_cache
2026-05-17 15:20:58,387 : INFO : ConfigProcessor : Loading config from cache: C:\Users\White\AppData\Local\Temp\96651e0be7a1992a8a7abf26a9350bb6.mpf_cache
2026-05-17 15:20:58,389 : INFO : ConfigProcessor : Loading config from cache: C:\Users\White\AppData\Local\Temp\cbfc37a30bf6aa1a7a2aa4e455a94298.mpf_cache
2026-05-17 15:20:58,390 : INFO : ConfigProcessor : Loading config from cache: C:\Users\White\AppData\Local\Temp\fccb93411cf20b3ccac68b1dad0cbb88.mpf_cache
2026-05-17 15:20:58,392 : INFO : ConfigProcessor : Loading config from cache: C:\Users\White\AppData\Local\Temp\e16268268679c5881d2554ba916948dd.mpf_cache
2026-05-17 15:20:58,394 : INFO : ConfigProcessor : Loading config from cache: C:\Users\White\AppData\Local\Temp\81f3f7be5108efd0b69d2cf71a558028.mpf_cache
2026-05-17 15:20:58,396 : INFO : ConfigProcessor : Loading config from cache: C:\Users\White\AppData\Local\Temp\a97027ed54ab7f7f55eb3caa54f968f3.mpf_cache
2026-05-17 15:20:58,396 : WARNING : ConfigProcessor : Config file in cache changed: C:\Users\White\documents\top_gun_pinball\modes\skillshot\config\skillshot.yaml
2026-05-17 15:20:58,396 : INFO : ConfigProcessor : Loading config from file C:\Users\White\documents\top_gun_pinball\modes\skillshot\config\skillshot.yaml.
2026-05-17 15:20:58,440 : INFO : ConfigProcessor : Loading config: C:\Users\White\documents\top_gun_pinball\modes\skillshot\config\skillshot.yaml
2026-05-17 15:20:58,442 : INFO : ConfigProcessor : Config file cache created: C:\Users\White\AppData\Local\Temp\fd6f0b40037ebf84651c592cbc8bc03a.mpf_cache
2026-05-17 15:20:58,443 : INFO : ConfigProcessor : Loading config from cache: C:\Users\White\AppData\Local\Temp\e1cebbcae09bac7286b592746f768daa.mpf_cache
2026-05-17 15:20:58,444 : INFO : ConfigProcessor : Loading config from cache: C:\Users\White\AppData\Local\Temp\55d5943d63961b44af3f854c02c721ad.mpf_cache
2026-05-17 15:20:58,468 : INFO : ConfigProcessor : Loading config from cache: C:\Users\White\AppData\Local\Temp\43f523791758ce46d2ad099d1ecb5a1a.mpf_cache
2026-05-17 15:20:58,469 : INFO : ConfigProcessor : Loading config from cache: C:\Users\White\AppData\Local\Temp\be0cea2a7d47c7cf979c3644b39972ab.mpf_cache
2026-05-17 15:20:58,470 : INFO : ConfigProcessor : Loading config from cache: C:\Users\White\AppData\Local\Temp\8f22b463b668cef8fc8e91f8271e08dd.mpf_cache
2026-05-17 15:20:58,473 : INFO : ConfigProcessor : Loading config from cache: C:\Users\White\AppData\Local\Temp\9ac10604873d355c34af0d8445abb8db.mpf_cache
2026-05-17 15:20:58,475 : INFO : ConfigProcessor : Loading config from cache: C:\Users\White\AppData\Local\Temp\77e3efdaa7991fde2ded950a578d622d.mpf_cache
2026-05-17 15:20:58,479 : INFO : ConfigProcessor : Loading config from cache: C:\Users\White\AppData\Local\Temp\19da4e94fc5ce3c5f810a9c7463c1354.mpf_cache
2026-05-17 15:20:58,480 : INFO : ConfigProcessor : Loading config from cache: C:\Users\White\AppData\Local\Temp\4443efc54f3a5f57a313f4078fbddd50.mpf_cache
2026-05-17 15:20:58,483 : INFO : ConfigProcessor : Loading config from cache: C:\Users\White\AppData\Local\Temp\88f72734ea72fc22245e5b82d5a75cb6.mpf_cache
2026-05-17 15:20:58,484 : INFO : ConfigProcessor : Loading config from cache: C:\Users\White\AppData\Local\Temp\2b3f78690e4e473b8e5df94cdc0ab039.mpf_cache
2026-05-17 15:20:58,485 : INFO : ConfigProcessor : Loading config from cache: C:\Users\White\AppData\Local\Temp\fa987fd2c3266ab64543e0b64578d739.mpf_cache
2026-05-17 15:20:58,490 : INFO : ConfigProcessor : Loading config from cache: C:\Users\White\AppData\Local\Temp\f26c5a15de77ef0685e209821eddbe7d.mpf_cache
2026-05-17 15:20:58,492 : INFO : ConfigProcessor : Loading config from cache: C:\Users\White\AppData\Local\Temp\c2c1510818de090aac140fad4cc773a2.mpf_cache
2026-05-17 15:20:58,493 : INFO : ConfigProcessor : Loading config from cache: C:\Users\White\AppData\Local\Temp\98d3d7eb23a2f141af3b9c324af06e38.mpf_cache
2026-05-17 15:20:58,499 : INFO : ConfigProcessor : Loading config from cache: C:\Users\White\AppData\Local\Temp\9a3b340b295c94e005fb29d2d35803d1.mpf_cache
2026-05-17 15:20:58,505 : INFO : ConfigProcessor : Loading config from cache: C:\Users\White\AppData\Local\Temp\6a788fdfb83194d81af99a12c59a319a.mpf_cache
2026-05-17 15:20:58,509 : INFO : ConfigProcessor : Loading config from cache: C:\Users\White\AppData\Local\Temp\2fe82acdc56ea652ff3066fd375b17fa.mpf_cache
2026-05-17 15:20:58,510 : INFO : ConfigProcessor : Loading config from cache: C:\Users\White\AppData\Local\Temp\d567fbe46807f36791c9019d207c2440.mpf_cache
2026-05-17 15:20:58,514 : INFO : ConfigProcessor : Loading config from cache: C:\Users\White\AppData\Local\Temp\b81a2f9431aaa1a40681603f4f13c3d2.mpf_cache
2026-05-17 15:20:58,515 : INFO : ConfigProcessor : Loading config from cache: C:\Users\White\AppData\Local\Temp\92e144f57e074048034118dddced307a.mpf_cache
2026-05-17 15:20:58,516 : INFO : ConfigProcessor : Loading config from cache: C:\Users\White\AppData\Local\Temp\4e3068d09bb0285319ebd926b91ae940.mpf_cache
2026-05-17 15:20:58,517 : INFO : ConfigProcessor : Loading config from cache: C:\Users\White\AppData\Local\Temp\e5ea79f25cd6e043f8fb75b2032d482e.mpf_cache
2026-05-17 15:20:58,519 : INFO : ConfigProcessor : Loading config from cache: C:\Users\White\AppData\Local\Temp\9947d160cef245c9a8496495e8a78885.mpf_cache
2026-05-17 15:20:58,519 : INFO : ConfigProcessor : Loading config from cache: C:\Users\White\AppData\Local\Temp\923f5edd3096433804c151ef9ced7fb1.mpf_cache
2026-05-17 15:20:58,520 : INFO : ConfigProcessor : Loading config from cache: C:\Users\White\AppData\Local\Temp\669bfab06c6aa3a1674b0f4b50ae7a3c.mpf_cache
2026-05-17 15:20:58,522 : INFO : ConfigProcessor : Loading config from cache: C:\Users\White\AppData\Local\Temp\81e3ac1306f02cfb95eeca67698417dc.mpf_cache
2026-05-17 15:20:58,523 : INFO : ConfigProcessor : Loading config from cache: C:\Users\White\AppData\Local\Temp\a6fe037899bc77554e846472e6476319.mpf_cache
2026-05-17 15:20:58,525 : INFO : ConfigProcessor : Loading config from cache: C:\Users\White\AppData\Local\Temp\cd20ab9d6bcfc3d94797e381db389ad9.mpf_cache
2026-05-17 15:20:58,527 : INFO : ConfigProcessor : Loading config from cache: C:\Users\White\AppData\Local\Temp\d763b47a22b017336bfbe57a6af89149.mpf_cache
2026-05-17 15:20:58,528 : INFO : ConfigProcessor : Loading config from cache: C:\Users\White\AppData\Local\Temp\386baade319655b6aedfa45ddbf562f0.mpf_cache
2026-05-17 15:20:58,530 : INFO : ConfigProcessor : Loading config from cache: C:\Users\White\AppData\Local\Temp\f939ce46d02c41a03afd31c4270c8c55.mpf_cache
2026-05-17 15:20:58,532 : INFO : ConfigProcessor : Loading config from cache: C:\Users\White\AppData\Local\Temp\59ab671ab96a4594304638e27b0542c8.mpf_cache
2026-05-17 15:20:58,533 : INFO : ConfigProcessor : Loading config from cache: C:\Users\White\AppData\Local\Temp\0ba5adb65e1d75578edd80699100c28e.mpf_cache
2026-05-17 15:20:58,533 : INFO : ConfigProcessor : Loading config from cache: C:\Users\White\AppData\Local\Temp\b5471f08be9278463d25e3c2f06df8dd.mpf_cache
2026-05-17 15:20:58,535 : INFO : ConfigProcessor : Loading config from cache: C:\Users\White\AppData\Local\Temp\e9dfca965102979619879287aaffd4da.mpf_cache
2026-05-17 15:20:58,536 : INFO : ConfigProcessor : Loading config from cache: C:\Users\White\AppData\Local\Temp\ce1ea71bb3ca3937ce71fdff0b263bdb.mpf_cache
2026-05-17 15:20:58,536 : INFO : ConfigProcessor : Loading config from cache: C:\Users\White\AppData\Local\Temp\29b7b020f0513127005b35e19f0d78e3.mpf_cache
2026-05-17 15:20:58,538 : INFO : ConfigProcessor : Loading config from cache: C:\Users\White\AppData\Local\Temp\a19f4094f571d5e3f4a6bb0d76ddc2bd.mpf_cache
2026-05-17 15:20:58,540 : INFO : ConfigProcessor : Loading config from cache: C:\Users\White\AppData\Local\Temp\2df17da133132edc82ded3ea13a7f2d2.mpf_cache
2026-05-17 15:20:58,541 : INFO : ConfigProcessor : Loading config from cache: C:\Users\White\AppData\Local\Temp\6e45c09d2e2fb19b3ec22c705aafb8a5.mpf_cache
2026-05-17 15:20:58,542 : INFO : ConfigProcessor : Loading config from cache: C:\Users\White\AppData\Local\Temp\e8d87e5ea50ea035195c03c37d485b96.mpf_cache
2026-05-17 15:20:58,543 : INFO : ConfigProcessor : Loading config from cache: C:\Users\White\AppData\Local\Temp\19e4bb8a4a9bf220e72c77e0c232cd72.mpf_cache
2026-05-17 15:20:58,544 : INFO : ConfigProcessor : Loading config from cache: C:\Users\White\AppData\Local\Temp\3719082fa9c5864b8378f7ec54f99cf0.mpf_cache
2026-05-17 15:20:58,545 : INFO : ConfigProcessor : Loading config from cache: C:\Users\White\AppData\Local\Temp\49cfb4bed9324bfe32f6074e3237ab91.mpf_cache
2026-05-17 15:20:58,546 : INFO : ConfigProcessor : Loading config from cache: C:\Users\White\AppData\Local\Temp\a3c5a80388cfc77cd0b14076a224a42b.mpf_cache
2026-05-17 15:20:58,550 : INFO : ConfigProcessor : Loading config from cache: C:\Users\White\AppData\Local\Temp\a48c8ce24f2758d196071669d149efd3.mpf_cache
2026-05-17 15:20:58,551 : INFO : ConfigProcessor : Loading config from cache: C:\Users\White\AppData\Local\Temp\1ed53c621b8f6af903a3041468102589.mpf_cache
2026-05-17 15:20:58,552 : INFO : ConfigProcessor : Loading config from cache: C:\Users\White\AppData\Local\Temp\41a845a48ffaa7677954152e6e297d40.mpf_cache
2026-05-17 15:20:58,552 : INFO : ConfigProcessor : Loading config from cache: C:\Users\White\AppData\Local\Temp\45a44881320e4c811d0578688ed7af5f.mpf_cache
2026-05-17 15:20:58,553 : INFO : ConfigProcessor : Loading config from cache: C:\Users\White\AppData\Local\Temp\b17acfedfaf18761d1b243a909fa6e25.mpf_cache
2026-05-17 15:20:58,555 : INFO : ConfigProcessor : Loading config from cache: C:\Users\White\AppData\Local\Temp\0352b9b582e3dca83b90b72973f30cb3.mpf_cache
2026-05-17 15:20:58,556 : INFO : ConfigProcessor : Loading config from cache: C:\Users\White\AppData\Local\Temp\5f9963cc4a0205527c292dff60ac95bf.mpf_cache
2026-05-17 15:20:58,557 : INFO : ConfigProcessor : Loading config from cache: C:\Users\White\AppData\Local\Temp\7d9d3a879fccd9ce7a432e5bad71a77d.mpf_cache
2026-05-17 15:20:58,558 : INFO : ConfigProcessor : Loading config from cache: C:\Users\White\AppData\Local\Temp\43a2267f77020b63ca7745b7b3fb05c5.mpf_cache
2026-05-17 15:20:58,559 : INFO : ConfigProcessor : Loading config from cache: C:\Users\White\AppData\Local\Temp\37a4804cb847e12400be24a6c2bfa250.mpf_cache
2026-05-17 15:20:58,561 : INFO : ConfigProcessor : Loading config from cache: C:\Users\White\AppData\Local\Temp\63828b82b94aa94cbe7d3a7a04305cb7.mpf_cache
2026-05-17 15:20:58,562 : INFO : ConfigProcessor : Loading config from cache: C:\Users\White\AppData\Local\Temp\c6c68f34067f4d4cd8da7c0d895bd8a2.mpf_cache
2026-05-17 15:20:58,563 : INFO : ConfigProcessor : Loading config from cache: C:\Users\White\AppData\Local\Temp\0420af4d870b9d4dca0c113858eeb892.mpf_cache
2026-05-17 15:20:58,566 : INFO : ConfigProcessor : Loading config from cache: C:\Users\White\AppData\Local\Temp\29db96f2862a8d571fce5d97e7bfa998.mpf_cache
2026-05-17 15:20:58,567 : INFO : ConfigProcessor : Loading config from cache: C:\Users\White\AppData\Local\Temp\c4e65309e05241fe1ada1112ae55c9ef.mpf_cache
2026-05-17 15:20:58,568 : INFO : ConfigProcessor : Loading config from cache: C:\Users\White\AppData\Local\Temp\bcabc7c4504a6189bbb8c27e26d16460.mpf_cache
2026-05-17 15:20:58,568 : INFO : ConfigProcessor : Loading config from cache: C:\Users\White\AppData\Local\Temp\6855b42a221992257d709a7391c0c3e8.mpf_cache
2026-05-17 15:20:58,569 : INFO : Machine : Mission Pinball Framework Core Engine v0.80.0.dev11
2026-05-17 15:20:58,569 : INFO : Machine : Command line arguments: {'no_load_cache': False, 'create_config_cache': True, 'bcp': True, 'configfile': ['config.yaml'], 'force_assets_load': False, 'platform_integration_test': False, 'jsonlogging': False, 'logfile': 'logs\\2026-05-17-15-20-58-mpf-TopGunPinball.log', 'pause': False, 'production': False, 'text_ui': False, 'loglevel': 15, 'consoleloglevel': 20, 'force_platform': None, 'syslog_address': None, 'full_logfile_path': 'C:\\Users\\White\\documents\\top_gun_pinball\\logs\\2026-05-17-15-20-58-mpf-TopGunPinball.log'}
2026-05-17 15:20:58,569 : INFO : Machine : MPF path: C:\Users\White\mpf\Lib\site-packages\mpf
2026-05-17 15:20:58,569 : INFO : Machine : Machine path: C:\Users\White\documents\top_gun_pinball
2026-05-17 15:20:58,569 : INFO : Machine : Platform: win32
2026-05-17 15:20:58,569 : INFO : Machine : Python executable location: C:\Users\White\mpf\Scripts\python.exe
2026-05-17 15:20:58,569 : INFO : Machine : Python version: 3.12.7 (64-bit)
2026-05-17 15:20:58,572 : INFO : Machine : Initializing MPF...
2026-05-17 15:20:58,710 : INFO : FAST : Auto-detecting ports for the following connections: ['net', 'exp', 'aud']
2026-05-17 15:20:59,390 : INFO : FAST : Detected AUD on port COM7
2026-05-17 15:20:59,393 : INFO : FAST : Detected NET on port COM3
2026-05-17 15:20:59,410 : INFO : FAST : Detected EXP on port COM4
2026-05-17 15:20:59,520 : INFO : FAST [NET] : Trying to connect to COM3 at 921600bps
2026-05-17 15:20:59,598 : INFO : FAST [NET] : Connected to COM3 at 921600bps
2026-05-17 15:20:59,613 : INFO : FAST [NET] : Connected to FP-CPU-2000 with firmware v02.26
2026-05-17 15:20:59,644 : INFO : FAST [NET] : Registered I/O Board 0: Model: FP-I/O-0024, Firmware: 01.10, Switches: 24, Drivers: 8
2026-05-17 15:20:59,659 : INFO : FAST [NET] : Registered I/O Board 1: Model: FP-I/O-3208, Firmware: 01.10, Switches: 32, Drivers: 8
2026-05-17 15:20:59,675 : INFO : FAST [NET] : Registered I/O Board 2: Model: FP-I/O-3208, Firmware: 01.10, Switches: 32, Drivers: 8
2026-05-17 15:20:59,676 : INFO : FAST [NET] : Registered I/O Board 3: Model: FP-I/O-0804, Firmware: 01.10, Switches: 8, Drivers: 4
2026-05-17 15:20:59,691 : INFO : FAST [NET] : Registered I/O Board 4: Model: FP-I/O-0804, Firmware: 01.10, Switches: 8, Drivers: 4
2026-05-17 15:20:59,693 : INFO : FAST [EXP] : Trying to connect to COM4 at 921600bps
2026-05-17 15:20:59,772 : INFO : FAST [EXP] : Connected to COM4 at 921600bps
2026-05-17 15:20:59,785 : INFO : FAST [EXP] : Verifying hardware for EXP "neuron" (FP-EXP-2000, @48) with ID string "EXP FP-EXP-2000  0.38", board address 48
2026-05-17 15:20:59,801 : INFO : FAST [EXP] : Verifying hardware for EXP "neuron" (FP-EXP-2000, @48) with ID string "LED FP-BRK-0001  0.8", board address 480
2026-05-17 15:20:59,832 : INFO : FAST [EXP] : Verifying hardware for EXP "light_expansion_board" (FP-EXP-0071, @B4) with ID string "EXP FP-EXP-0071  0.38", board address B4
2026-05-17 15:20:59,848 : INFO : FAST [EXP] : Verifying hardware for EXP "light_expansion_board" (FP-EXP-0071, @B4) with ID string "BRK FP-EXP-0071  0.38", board address B40
2026-05-17 15:20:59,880 : INFO : FAST [EXP] : Verifying hardware for EXP "shaker_board" (FP-EXP-1313, @30) with ID string "EXP FP-EXP-1313  0.48", board address 30
2026-05-17 15:20:59,895 : INFO : FAST [EXP] : Verifying hardware for EXP "shaker_board" (FP-EXP-1313, @30) with ID string "BRK FP-EXP-1313  0.48", board address 300
2026-05-17 15:20:59,912 : INFO : FAST [AUD] : Trying to connect to COM7 at 230400bps
2026-05-17 15:21:00,066 : INFO : FAST [AUD] : Connected to COM7 at 230400bps
2026-05-17 15:21:00,068 : WARNING : FAST [AUD] : Received XX response:F
2026-05-17 15:21:00,068 : WARNING : FAST [AUD] : Received XX response:F
2026-05-17 15:21:00,068 : WARNING : FAST [AUD] : Received XX response:F
2026-05-17 15:21:00,068 : WARNING : FAST [AUD] : Received XX response:F
2026-05-17 15:21:00,068 : INFO : FAST [AUD] : Connected to FP-AUD-0099 with firmware v0.10
2026-05-17 15:21:00,070 : INFO : EventManager : Event: ======'machine_var_credits_string'====== Args={'value': 'FREE PLAY', 'prev_value': None, 'change': True}
2026-05-17 15:21:00,104 : INFO : EventManager : Event: ======'machine_var_audit_balls_played'====== Args={'value': 0, 'prev_value': None, 'change': True}
2026-05-17 15:21:00,104 : INFO : EventManager : Event: ======'machine_var_audit_games_played'====== Args={'value': 0, 'prev_value': None, 'change': True}
2026-05-17 15:21:00,104 : INFO : EventManager : Event: ======'machine_var_audit_high_score'====== Args={'value': 0, 'prev_value': None, 'change': True}
2026-05-17 15:21:00,104 : INFO : EventManager : Event: ======'machine_var_audit_total_game_time'====== Args={'value': 0, 'prev_value': None, 'change': True}
2026-05-17 15:21:00,104 : INFO : EventManager : Event: ======'machine_var_audit_total_plays'====== Args={'value': 0, 'prev_value': None, 'change': True}
2026-05-17 15:21:00,104 : INFO : EventManager : Event: ======'machine_var_fast_audio_headphones_volume'====== Args={'value': 50, 'prev_value': None, 'change': True}
2026-05-17 15:21:00,104 : INFO : EventManager : Event: ======'machine_var_fast_audio_main_volume'====== Args={'value': 38, 'prev_value': None, 'change': True}
2026-05-17 15:21:00,104 : INFO : EventManager : Event: ======'machine_var_master_volume'====== Args={'value': 0.5, 'prev_value': None, 'change': True}
2026-05-17 15:21:00,104 : INFO : EventManager : Event: ======'machine_var_player1_score'====== Args={'value': 32083965, 'prev_value': None, 'change': True}
2026-05-17 15:21:00,105 : INFO : EventManager : Event: ======'machine_var_extra_ball_award_mode'====== Args={'value': 0, 'prev_value': None, 'change': True}
2026-05-17 15:21:00,105 : INFO : EventManager : Event: ======'machine_var_service_menu_level'====== Args={'value': 0, 'prev_value': None, 'change': True}
2026-05-17 15:21:00,105 : INFO : EventManager : Event: ======'machine_var_service_main_index'====== Args={'value': 0, 'prev_value': None, 'change': True}
2026-05-17 15:21:00,105 : INFO : EventManager : Event: ======'machine_var_service_switch_index'====== Args={'value': 0, 'prev_value': None, 'change': True}
2026-05-17 15:21:00,105 : INFO : EventManager : Event: ======'machine_var_service_coil_index'====== Args={'value': 0, 'prev_value': None, 'change': True}
2026-05-17 15:21:00,105 : INFO : EventManager : Event: ======'machine_var_service_light_index'====== Args={'value': 0, 'prev_value': None, 'change': True}
2026-05-17 15:21:00,105 : INFO : EventManager : Event: ======'machine_var_service_light_color_index'====== Args={'value': 0, 'prev_value': None, 'change': True}
2026-05-17 15:21:00,105 : INFO : EventManager : Event: ======'machine_var_service_adjustment_index'====== Args={'value': 0, 'prev_value': None, 'change': True}
2026-05-17 15:21:00,105 : INFO : EventManager : Event: ======'machine_var_service_audit_index'====== Args={'value': 0, 'prev_value': None, 'change': True}
2026-05-17 15:21:00,105 : INFO : EventManager : Event: ======'machine_var_service_feature_index'====== Args={'value': 0, 'prev_value': None, 'change': True}
2026-05-17 15:21:00,105 : INFO : EventManager : Event: ======'machine_var_service_main_text'====== Args={'value': 'SWITCH TEST', 'prev_value': None, 'change': True}
2026-05-17 15:21:00,105 : INFO : EventManager : Event: ======'machine_var_service_switch_name'====== Args={'value': 'Start Button', 'prev_value': None, 'change': True}
2026-05-17 15:21:00,105 : INFO : EventManager : Event: ======'machine_var_service_switch_num'====== Args={'value': 'Switch 1/63', 'prev_value': None, 'change': True}
2026-05-17 15:21:00,105 : INFO : EventManager : Event: ======'machine_var_service_switch_state'====== Args={'value': 'OPEN', 'prev_value': None, 'change': True}
2026-05-17 15:21:00,106 : INFO : EventManager : Event: ======'machine_var_service_coil_name'====== Args={'value': 'Left Flipper', 'prev_value': None, 'change': True}
2026-05-17 15:21:00,106 : INFO : EventManager : Event: ======'machine_var_service_coil_num'====== Args={'value': 'Coil 1/22', 'prev_value': None, 'change': True}
2026-05-17 15:21:00,106 : INFO : EventManager : Event: ======'machine_var_service_light_name'====== Args={'value': 'Eject Insert', 'prev_value': None, 'change': True}
2026-05-17 15:21:00,106 : INFO : EventManager : Event: ======'machine_var_service_light_num'====== Args={'value': 'Light 1/91', 'prev_value': None, 'change': True}
2026-05-17 15:21:00,106 : INFO : EventManager : Event: ======'machine_var_service_servo_index'====== Args={'value': 0, 'prev_value': None, 'change': True}
2026-05-17 15:21:00,106 : INFO : EventManager : Event: ======'machine_var_service_servo_name'====== Args={'value': 'Right Ramp', 'prev_value': None, 'change': True}
2026-05-17 15:21:00,106 : INFO : EventManager : Event: ======'machine_var_service_servo_num'====== Args={'value': 'Servo 1/6', 'prev_value': None, 'change': True}
2026-05-17 15:21:00,106 : INFO : EventManager : Event: ======'machine_var_service_servo_position'====== Args={'value': 'Pos: 0.05', 'prev_value': None, 'change': True}
2026-05-17 15:21:00,106 : INFO : EventManager : Event: ======'machine_var_service_adjustment_name'====== Args={'value': 'Balls Per Game', 'prev_value': None, 'change': True}
2026-05-17 15:21:00,106 : INFO : EventManager : Event: ======'machine_var_service_adjustment_num'====== Args={'value': 'Setting 1/15', 'prev_value': None, 'change': True}
2026-05-17 15:21:00,106 : INFO : EventManager : Event: ======'machine_var_service_audit_name'====== Args={'value': 'Games Played', 'prev_value': None, 'change': True}
2026-05-17 15:21:00,106 : INFO : EventManager : Event: ======'machine_var_service_audit_num'====== Args={'value': 'Audit 1/10', 'prev_value': None, 'change': True}
2026-05-17 15:21:00,106 : INFO : EventManager : Event: ======'machine_var_service_feature_name'====== Args={'value': 'Pilot Mode Timer', 'prev_value': None, 'change': True}
2026-05-17 15:21:00,106 : INFO : EventManager : Event: ======'machine_var_service_feature_num'====== Args={'value': 'Feature 1/10', 'prev_value': None, 'change': True}
2026-05-17 15:21:00,106 : INFO : EventManager : Event: ======'machine_var_ball_search_servo_count'====== Args={'value': 0, 'prev_value': None, 'change': True}
2026-05-17 15:21:00,106 : INFO : EventManager : Event: ======'machine_var_hs_letter_index'====== Args={'value': 0, 'prev_value': None, 'change': True}
2026-05-17 15:21:00,106 : INFO : EventManager : Event: ======'machine_var_hs_select_trigger'====== Args={'value': 0, 'prev_value': None, 'change': True}
2026-05-17 15:21:00,106 : INFO : EventManager : Event: ======'machine_var_hs_award_text'====== Args={'value': '', 'prev_value': None, 'change': True}
2026-05-17 15:21:00,107 : INFO : EventManager : Event: ======'machine_var_hs_player_num'====== Args={'value': 1, 'prev_value': None, 'change': True}
2026-05-17 15:21:00,107 : INFO : EventManager : Event: ======'machine_var_hs_score_value'====== Args={'value': 0, 'prev_value': None, 'change': True}
2026-05-17 15:21:00,107 : INFO : EventManager : Event: ======'machine_var_hs_entry_made'====== Args={'value': 0, 'prev_value': None, 'change': True}
2026-05-17 15:21:00,107 : INFO : EventManager : Event: ======'machine_var_mpf_version'====== Args={'value': 'Mission Pinball Framework v0.80.0.dev11', 'prev_value': None, 'change': True}
2026-05-17 15:21:00,107 : INFO : EventManager : Event: ======'machine_var_mpf_extended_version'====== Args={'value': 'Mission Pinball Framework v0.80.0.dev11, Config version:6, Show version: 6, BCP version:1.1', 'prev_value': None, 'change': True}
2026-05-17 15:21:00,107 : INFO : EventManager : Event: ======'machine_var_python_version'====== Args={'value': '3.12.7', 'prev_value': None, 'change': True}
2026-05-17 15:21:00,290 : INFO : EventManager : Event: ======'machine_var_platform'====== Args={'value': 'Windows-11-10.0.26200-SP0', 'prev_value': None, 'change': True}
2026-05-17 15:21:00,290 : INFO : EventManager : Event: ======'machine_var_platform_system'====== Args={'value': 'Windows', 'prev_value': None, 'change': True}
2026-05-17 15:21:00,290 : INFO : EventManager : Event: ======'machine_var_platform_release'====== Args={'value': '11', 'prev_value': None, 'change': True}
2026-05-17 15:21:00,290 : INFO : EventManager : Event: ======'machine_var_platform_version'====== Args={'value': '10.0.26200', 'prev_value': None, 'change': True}
2026-05-17 15:21:00,290 : INFO : EventManager : Event: ======'machine_var_platform_machine'====== Args={'value': 'AMD64', 'prev_value': None, 'change': True}
2026-05-17 15:21:00,290 : INFO : EventManager : Event: ======'machine_var_log_file_path'====== Args={'value': 'C:\\Users\\White\\documents\\top_gun_pinball\\logs\\2026-05-17-15-20-58-mpf-TopGunPinball.log', 'prev_value': None, 'change': True}
2026-05-17 15:21:00,290 : INFO : EventManager : Event: ======'init_phase_1'====== Args={}
2026-05-17 15:21:03,012 : INFO : SwitchController : <<<<<<< 's_48v_disable' active >>>>>>>
2026-05-17 15:21:03,012 : INFO : SwitchController : <<<<<<< 's_trough_1' active >>>>>>>
2026-05-17 15:21:03,012 : INFO : SwitchController : <<<<<<< 's_trough_2' active >>>>>>>
2026-05-17 15:21:03,012 : INFO : SwitchController : <<<<<<< 's_trough_3' active >>>>>>>
2026-05-17 15:21:03,012 : INFO : SwitchController : <<<<<<< 's_trough_4' active >>>>>>>
2026-05-17 15:21:03,013 : INFO : SwitchController : <<<<<<< 's_trough_5' active >>>>>>>
2026-05-17 15:21:03,013 : INFO : SwitchController : <<<<<<< 's_trough_6' active >>>>>>>
2026-05-17 15:21:03,062 : INFO : EventManager : Event: ======'init_phase_2'====== Args={}
2026-05-17 15:21:03,063 : INFO : SwitchController : Found active switch: (0, [FAST Platform Interface]) <switch.s_48v_disable>
2026-05-17 15:21:03,063 : INFO : SwitchController : Found active switch: (24, [FAST Platform Interface]) <switch.s_trough_1>
2026-05-17 15:21:03,063 : INFO : SwitchController : Found active switch: (25, [FAST Platform Interface]) <switch.s_trough_2>
2026-05-17 15:21:03,063 : INFO : SwitchController : Found active switch: (26, [FAST Platform Interface]) <switch.s_trough_3>
2026-05-17 15:21:03,063 : INFO : SwitchController : Found active switch: (27, [FAST Platform Interface]) <switch.s_trough_4>
2026-05-17 15:21:03,063 : INFO : SwitchController : Found active switch: (28, [FAST Platform Interface]) <switch.s_trough_5>
2026-05-17 15:21:03,063 : INFO : SwitchController : Found active switch: (29, [FAST Platform Interface]) <switch.s_trough_6>
2026-05-17 15:21:03,514 : INFO : EventManager : Event: ======'machine_var_score1_label'====== Args={'value': "You're the new top gun!", 'prev_value': None, 'change': True}
2026-05-17 15:21:03,514 : INFO : EventManager : Event: ======'machine_var_score1_name'====== Args={'value': 'BEH', 'prev_value': None, 'change': True}
2026-05-17 15:21:03,514 : INFO : EventManager : Event: ======'machine_var_score1_value'====== Args={'value': 32083965, 'prev_value': None, 'change': True}
2026-05-17 15:21:03,514 : INFO : EventManager : Event: ======'machine_var_score2_label'====== Args={'value': 'Almost at the top!', 'prev_value': None, 'change': True}
2026-05-17 15:21:03,514 : INFO : EventManager : Event: ======'machine_var_score2_name'====== Args={'value': 'BEH', 'prev_value': None, 'change': True}
2026-05-17 15:21:03,514 : INFO : EventManager : Event: ======'machine_var_score2_value'====== Args={'value': 31315500, 'prev_value': None, 'change': True}
2026-05-17 15:21:03,514 : INFO : EventManager : Event: ======'machine_var_score3_label'====== Args={'value': 'Never Leave your Wingman!', 'prev_value': None, 'change': True}
2026-05-17 15:21:03,514 : INFO : EventManager : Event: ======'machine_var_score3_name'====== Args={'value': 'BEH', 'prev_value': None, 'change': True}
2026-05-17 15:21:03,514 : INFO : EventManager : Event: ======'machine_var_score3_value'====== Args={'value': 29522025, 'prev_value': None, 'change': True}
2026-05-17 15:21:03,514 : INFO : EventManager : Event: ======'machine_var_score4_label'====== Args={'value': 'Are you a good Pilot?', 'prev_value': None, 'change': True}
2026-05-17 15:21:03,514 : INFO : EventManager : Event: ======'machine_var_score4_name'====== Args={'value': 'BEH', 'prev_value': None, 'change': True}
2026-05-17 15:21:03,514 : INFO : EventManager : Event: ======'machine_var_score4_value'====== Args={'value': 28019671, 'prev_value': None, 'change': True}
2026-05-17 15:21:03,514 : INFO : EventManager : Event: ======'machine_var_score5_label'====== Args={'value': "It's the Cargo Plane for you!", 'prev_value': None, 'change': True}
2026-05-17 15:21:03,514 : INFO : EventManager : Event: ======'machine_var_score5_name'====== Args={'value': 'MAVERICK', 'prev_value': None, 'change': True}
2026-05-17 15:21:03,514 : INFO : EventManager : Event: ======'machine_var_score5_value'====== Args={'value': 25000000, 'prev_value': None, 'change': True}
2026-05-17 15:21:03,514 : INFO : EventManager : Event: ======'machine_var_score6_label'====== Args={'value': '6th Place', 'prev_value': None, 'change': True}
2026-05-17 15:21:03,515 : INFO : EventManager : Event: ======'machine_var_score6_name'====== Args={'value': 'BEH', 'prev_value': None, 'change': True}
2026-05-17 15:21:03,515 : INFO : EventManager : Event: ======'machine_var_score6_value'====== Args={'value': 21377200, 'prev_value': None, 'change': True}
2026-05-17 15:21:03,515 : INFO : EventManager : Event: ======'machine_var_score7_label'====== Args={'value': '7th Place', 'prev_value': None, 'change': True}
2026-05-17 15:21:03,515 : INFO : EventManager : Event: ======'machine_var_score7_name'====== Args={'value': 'ICEMAN', 'prev_value': None, 'change': True}
2026-05-17 15:21:03,515 : INFO : EventManager : Event: ======'machine_var_score7_value'====== Args={'value': 20000000, 'prev_value': None, 'change': True}
2026-05-17 15:21:03,515 : INFO : EventManager : Event: ======'machine_var_score8_label'====== Args={'value': '8th Place', 'prev_value': None, 'change': True}
2026-05-17 15:21:03,515 : INFO : EventManager : Event: ======'machine_var_score8_name'====== Args={'value': 'BEH', 'prev_value': None, 'change': True}
2026-05-17 15:21:03,515 : INFO : EventManager : Event: ======'machine_var_score8_value'====== Args={'value': 18833875, 'prev_value': None, 'change': True}
2026-05-17 15:21:03,515 : INFO : EventManager : Event: ======'machine_var_score9_label'====== Args={'value': '9th Place', 'prev_value': None, 'change': True}
2026-05-17 15:21:03,515 : INFO : EventManager : Event: ======'machine_var_score9_name'====== Args={'value': 'BEH', 'prev_value': None, 'change': True}
2026-05-17 15:21:03,515 : INFO : EventManager : Event: ======'machine_var_score9_value'====== Args={'value': 16744456, 'prev_value': None, 'change': True}
2026-05-17 15:21:03,515 : INFO : EventManager : Event: ======'machine_var_score10_label'====== Args={'value': '10th Place', 'prev_value': None, 'change': True}
2026-05-17 15:21:03,515 : INFO : EventManager : Event: ======'machine_var_score10_name'====== Args={'value': 'ROOSTER', 'prev_value': None, 'change': True}
2026-05-17 15:21:03,515 : INFO : EventManager : Event: ======'machine_var_score10_value'====== Args={'value': 15000000, 'prev_value': None, 'change': True}
2026-05-17 15:21:03,515 : INFO : EventManager : Event: ======'machine_var_score11_label'====== Args={'value': '11th Place', 'prev_value': None, 'change': True}
2026-05-17 15:21:03,515 : INFO : EventManager : Event: ======'machine_var_score11_name'====== Args={'value': 'LFS', 'prev_value': None, 'change': True}
2026-05-17 15:21:03,515 : INFO : EventManager : Event: ======'machine_var_score11_value'====== Args={'value': 14268425, 'prev_value': None, 'change': True}
2026-05-17 15:21:03,515 : INFO : EventManager : Event: ======'machine_var_score12_label'====== Args={'value': '12th Place', 'prev_value': None, 'change': True}
2026-05-17 15:21:03,515 : INFO : EventManager : Event: ======'machine_var_score12_name'====== Args={'value': 'BEH', 'prev_value': None, 'change': True}
2026-05-17 15:21:03,515 : INFO : EventManager : Event: ======'machine_var_score12_value'====== Args={'value': 14191995, 'prev_value': None, 'change': True}
2026-05-17 15:21:03,515 : INFO : EventManager : Event: ======'machine_var_score13_label'====== Args={'value': '13th Place', 'prev_value': None, 'change': True}
2026-05-17 15:21:03,515 : INFO : EventManager : Event: ======'machine_var_score13_name'====== Args={'value': 'LFS', 'prev_value': None, 'change': True}
2026-05-17 15:21:03,515 : INFO : EventManager : Event: ======'machine_var_score13_value'====== Args={'value': 13607100, 'prev_value': None, 'change': True}
2026-05-17 15:21:03,516 : INFO : EventManager : Event: ======'machine_var_score14_label'====== Args={'value': '14th Place', 'prev_value': None, 'change': True}
2026-05-17 15:21:03,516 : INFO : EventManager : Event: ======'machine_var_score14_name'====== Args={'value': 'BEH', 'prev_value': None, 'change': True}
2026-05-17 15:21:03,516 : INFO : EventManager : Event: ======'machine_var_score14_value'====== Args={'value': 12550525, 'prev_value': None, 'change': True}
2026-05-17 15:21:03,516 : INFO : EventManager : Event: ======'machine_var_score15_label'====== Args={'value': '15th Place', 'prev_value': None, 'change': True}
2026-05-17 15:21:03,516 : INFO : EventManager : Event: ======'machine_var_score15_name'====== Args={'value': 'BEH', 'prev_value': None, 'change': True}
2026-05-17 15:21:03,516 : INFO : EventManager : Event: ======'machine_var_score15_value'====== Args={'value': 12052660, 'prev_value': None, 'change': True}
2026-05-17 15:21:03,516 : INFO : EventManager : Event: ======'bcp_connection_attempt'====== Args={'name': 'local_display', 'host': 'localhost', 'port': 5050}
2026-05-17 15:21:03,525 : INFO : BCPClientSocket : Connecting BCP to 'local_display' at localhost:5050...
2026-05-17 15:21:03,536 : INFO : BCPClientSocket : Connected BCP to 'local_display' localhost:5050
2026-05-17 15:21:03,536 : INFO : EventManager : Event: ======'bcp_clients_connected'====== Args={}
2026-05-17 15:21:03,538 : INFO : ball_device.bd_plunger : BCH: Initial count: 0
2026-05-17 15:21:03,539 : INFO : ball_device.bd_plunger : State: idle
2026-05-17 15:21:03,540 : INFO : ball_device.bd_trough : BCH: Initial count: 6
2026-05-17 15:21:03,540 : INFO : ball_device.bd_trough : State: idle
2026-05-17 15:21:03,541 : INFO : ball_device.bd_lock_elevator : BCH: Initial count: 0
2026-05-17 15:21:03,541 : INFO : ball_device.bd_lock_elevator : State: idle
2026-05-17 15:21:03,542 : INFO : ball_device.bd_lock_goose : BCH: Initial count: 0
2026-05-17 15:21:03,543 : INFO : ball_device.bd_lock_goose : State: idle
2026-05-17 15:21:03,544 : INFO : ball_device.bd_lock_mav : BCH: Initial count: 0
2026-05-17 15:21:03,545 : INFO : ball_device.bd_lock_mav : State: idle
2026-05-17 15:21:03,546 : INFO : ball_device.bd_mode_scoop : BCH: Initial count: 0
2026-05-17 15:21:03,546 : INFO : ball_device.bd_mode_scoop : State: idle
2026-05-17 15:21:03,575 : INFO : EventManager : Event: ======'init_phase_3'====== Args={}
2026-05-17 15:21:06,561 : INFO : EventManager : Event: ======'init_phase_4'====== Args={}
2026-05-17 15:21:06,562 : INFO : BallController : Initial balls found: 6
2026-05-17 15:21:06,565 : INFO : EventManager : Event: ======'machine_var_audits_events_game_ended'====== Args={'value': 440, 'prev_value': None, 'change': True}
2026-05-17 15:21:06,565 : INFO : EventManager : Event: ======'machine_var_audits_events_game_started'====== Args={'value': 1893, 'prev_value': None, 'change': True}
2026-05-17 15:21:06,565 : INFO : EventManager : Event: ======'machine_var_audits_missing_switches_s_48v_disable'====== Args={'value': 1069, 'prev_value': None, 'change': True}
2026-05-17 15:21:06,565 : INFO : EventManager : Event: ======'machine_var_audits_missing_switches_s_a_iceman_target'====== Args={'value': 4, 'prev_value': None, 'change': True}
2026-05-17 15:21:06,565 : INFO : EventManager : Event: ======'machine_var_audits_missing_switches_s_barrier_target'====== Args={'value': 4, 'prev_value': None, 'change': True}
2026-05-17 15:21:06,565 : INFO : EventManager : Event: ======'machine_var_audits_missing_switches_s_bumper_center'====== Args={'value': 4, 'prev_value': None, 'change': True}
2026-05-17 15:21:06,565 : INFO : EventManager : Event: ======'machine_var_audits_missing_switches_s_bumper_left'====== Args={'value': 4, 'prev_value': None, 'change': True}
2026-05-17 15:21:06,566 : INFO : EventManager : Event: ======'machine_var_audits_missing_switches_s_bumper_right'====== Args={'value': 4, 'prev_value': None, 'change': True}
2026-05-17 15:21:06,566 : INFO : EventManager : Event: ======'machine_var_audits_missing_switches_s_c_lock_target'====== Args={'value': 4, 'prev_value': None, 'change': True}
2026-05-17 15:21:06,566 : INFO : EventManager : Event: ======'machine_var_audits_missing_switches_s_coin_door'====== Args={'value': 6, 'prev_value': None, 'change': True}
2026-05-17 15:21:06,566 : INFO : EventManager : Event: ======'machine_var_audits_missing_switches_s_coin_door_credit_left'====== Args={'value': 1684, 'prev_value': None, 'change': True}
2026-05-17 15:21:06,566 : INFO : EventManager : Event: ======'machine_var_audits_missing_switches_s_coin_door_credit_right'====== Args={'value': 1076, 'prev_value': None, 'change': True}
2026-05-17 15:21:06,566 : INFO : EventManager : Event: ======'machine_var_audits_missing_switches_s_coin_door_service_1'====== Args={'value': 202, 'prev_value': None, 'change': True}
2026-05-17 15:21:06,566 : INFO : EventManager : Event: ======'machine_var_audits_missing_switches_s_coin_door_service_2'====== Args={'value': 33, 'prev_value': None, 'change': True}
2026-05-17 15:21:06,566 : INFO : EventManager : Event: ======'machine_var_audits_missing_switches_s_coin_door_service_3'====== Args={'value': 33, 'prev_value': None, 'change': True}
2026-05-17 15:21:06,566 : INFO : EventManager : Event: ======'machine_var_audits_missing_switches_s_coin_door_service_4'====== Args={'value': 202, 'prev_value': None, 'change': True}
2026-05-17 15:21:06,566 : INFO : EventManager : Event: ======'machine_var_audits_missing_switches_s_e_iceman_target'====== Args={'value': 4, 'prev_value': None, 'change': True}
2026-05-17 15:21:06,566 : INFO : EventManager : Event: ======'machine_var_audits_missing_switches_s_flight_gear_target'====== Args={'value': 4, 'prev_value': None, 'change': True}
2026-05-17 15:21:06,566 : INFO : EventManager : Event: ======'machine_var_audits_missing_switches_s_i_iceman_target'====== Args={'value': 4, 'prev_value': None, 'change': True}
2026-05-17 15:21:06,566 : INFO : EventManager : Event: ======'machine_var_audits_missing_switches_s_inner_inlane_right'====== Args={'value': 2, 'prev_value': None, 'change': True}
2026-05-17 15:21:06,566 : INFO : EventManager : Event: ======'machine_var_audits_missing_switches_s_k_lock_target'====== Args={'value': 4, 'prev_value': None, 'change': True}
2026-05-17 15:21:06,567 : INFO : EventManager : Event: ======'machine_var_audits_missing_switches_s_lock_goose'====== Args={'value': 4, 'prev_value': None, 'change': True}
2026-05-17 15:21:06,567 : INFO : EventManager : Event: ======'machine_var_audits_missing_switches_s_lock_mav'====== Args={'value': 4, 'prev_value': None, 'change': True}
2026-05-17 15:21:06,567 : INFO : EventManager : Event: ======'machine_var_audits_missing_switches_s_lock_plunger'====== Args={'value': 4, 'prev_value': None, 'change': True}
2026-05-17 15:21:06,567 : INFO : EventManager : Event: ======'machine_var_audits_missing_switches_s_m_iceman_target'====== Args={'value': 4, 'prev_value': None, 'change': True}
2026-05-17 15:21:06,567 : INFO : EventManager : Event: ======'machine_var_audits_missing_switches_s_mig_lane_left'====== Args={'value': 4, 'prev_value': None, 'change': True}
2026-05-17 15:21:06,567 : INFO : EventManager : Event: ======'machine_var_audits_missing_switches_s_mig_lane_right'====== Args={'value': 4, 'prev_value': None, 'change': True}
2026-05-17 15:21:06,567 : INFO : EventManager : Event: ======'machine_var_audits_missing_switches_s_orbit_lower'====== Args={'value': 4, 'prev_value': None, 'change': True}
2026-05-17 15:21:06,567 : INFO : EventManager : Event: ======'machine_var_audits_missing_switches_s_orbit_upper'====== Args={'value': 4, 'prev_value': None, 'change': True}
2026-05-17 15:21:06,567 : INFO : EventManager : Event: ======'machine_var_audits_missing_switches_s_outlane_left'====== Args={'value': 2, 'prev_value': None, 'change': True}
2026-05-17 15:21:06,567 : INFO : EventManager : Event: ======'machine_var_audits_missing_switches_s_outlane_right'====== Args={'value': 2, 'prev_value': None, 'change': True}
2026-05-17 15:21:06,567 : INFO : EventManager : Event: ======'machine_var_audits_missing_switches_s_plunger_lane'====== Args={'value': 10, 'prev_value': None, 'change': True}
2026-05-17 15:21:06,567 : INFO : EventManager : Event: ======'machine_var_audits_missing_switches_s_ramp_inner_exit'====== Args={'value': 4, 'prev_value': None, 'change': True}
2026-05-17 15:21:06,567 : INFO : EventManager : Event: ======'machine_var_audits_missing_switches_s_slingshot_right'====== Args={'value': 2, 'prev_value': None, 'change': True}
2026-05-17 15:21:06,567 : INFO : EventManager : Event: ======'machine_var_audits_missing_switches_s_start'====== Args={'value': 5, 'prev_value': None, 'change': True}
2026-05-17 15:21:06,567 : INFO : EventManager : Event: ======'machine_var_audits_missing_switches_s_tilt'====== Args={'value': 4, 'prev_value': None, 'change': True}
2026-05-17 15:21:06,567 : INFO : EventManager : Event: ======'machine_var_audits_player_score'====== Args={'value': {'average': 2936997, 'top': [78940560, 42150145, 36434308, 35813075, 35351774, 33498550, 32083965, 31315500, 29522025, 29420000], 'total': 668}, 'prev_value': None, 'change': True}
2026-05-17 15:21:06,568 : INFO : EventManager : Event: ======'machine_var_audits_shots_bumper_center'====== Args={'value': 9004, 'prev_value': None, 'change': True}
2026-05-17 15:21:06,568 : INFO : EventManager : Event: ======'machine_var_audits_shots_bumper_left'====== Args={'value': 11455, 'prev_value': None, 'change': True}
2026-05-17 15:21:06,568 : INFO : EventManager : Event: ======'machine_var_audits_shots_bumper_right'====== Args={'value': 8979, 'prev_value': None, 'change': True}
2026-05-17 15:21:06,568 : INFO : EventManager : Event: ======'machine_var_audits_shots_mach_ramp'====== Args={'value': 1937, 'prev_value': None, 'change': True}
2026-05-17 15:21:06,568 : INFO : EventManager : Event: ======'machine_var_audits_shots_mig_lane_left'====== Args={'value': 863, 'prev_value': None, 'change': True}
2026-05-17 15:21:06,568 : INFO : EventManager : Event: ======'machine_var_audits_shots_mig_lane_right'====== Args={'value': 939, 'prev_value': None, 'change': True}
2026-05-17 15:21:06,568 : INFO : EventManager : Event: ======'machine_var_audits_shots_orbit_upper'====== Args={'value': 288, 'prev_value': None, 'change': True}
2026-05-17 15:21:06,568 : INFO : EventManager : Event: ======'machine_var_audits_shots_ramp_inner'====== Args={'value': 199, 'prev_value': None, 'change': True}
2026-05-17 15:21:06,568 : INFO : EventManager : Event: ======'machine_var_audits_shots_spinner'====== Args={'value': 254, 'prev_value': None, 'change': True}
2026-05-17 15:21:06,568 : INFO : EventManager : Event: ======'machine_var_audits_switches_s_48v_disable'====== Args={'value': 0, 'prev_value': None, 'change': True}
2026-05-17 15:21:06,568 : INFO : EventManager : Event: ======'machine_var_audits_switches_s_a_iceman_target'====== Args={'value': 2101, 'prev_value': None, 'change': True}
2026-05-17 15:21:06,568 : INFO : EventManager : Event: ======'machine_var_audits_switches_s_barrier_target'====== Args={'value': 1480, 'prev_value': None, 'change': True}
2026-05-17 15:21:06,568 : INFO : EventManager : Event: ======'machine_var_audits_switches_s_bumper_center'====== Args={'value': 9024, 'prev_value': None, 'change': True}
2026-05-17 15:21:06,568 : INFO : EventManager : Event: ======'machine_var_audits_switches_s_bumper_left'====== Args={'value': 11486, 'prev_value': None, 'change': True}
2026-05-17 15:21:06,568 : INFO : EventManager : Event: ======'machine_var_audits_switches_s_bumper_right'====== Args={'value': 8985, 'prev_value': None, 'change': True}
2026-05-17 15:21:06,568 : INFO : EventManager : Event: ======'machine_var_audits_switches_s_c_iceman_target'====== Args={'value': 1967, 'prev_value': None, 'change': True}
2026-05-17 15:21:06,568 : INFO : EventManager : Event: ======'machine_var_audits_switches_s_c_lock_target'====== Args={'value': 1948, 'prev_value': None, 'change': True}
2026-05-17 15:21:06,568 : INFO : EventManager : Event: ======'machine_var_audits_switches_s_coin_door'====== Args={'value': 124, 'prev_value': None, 'change': True}
2026-05-17 15:21:06,568 : INFO : EventManager : Event: ======'machine_var_audits_switches_s_coin_door_credit_left'====== Args={'value': 0, 'prev_value': None, 'change': True}
2026-05-17 15:21:06,568 : INFO : EventManager : Event: ======'machine_var_audits_switches_s_coin_door_credit_right'====== Args={'value': 1, 'prev_value': None, 'change': True}
2026-05-17 15:21:06,568 : INFO : EventManager : Event: ======'machine_var_audits_switches_s_coin_door_service_1'====== Args={'value': 24, 'prev_value': None, 'change': True}
2026-05-17 15:21:06,568 : INFO : EventManager : Event: ======'machine_var_audits_switches_s_coin_door_service_2'====== Args={'value': 182, 'prev_value': None, 'change': True}
2026-05-17 15:21:06,568 : INFO : EventManager : Event: ======'machine_var_audits_switches_s_coin_door_service_3'====== Args={'value': 98, 'prev_value': None, 'change': True}
2026-05-17 15:21:06,568 : INFO : EventManager : Event: ======'machine_var_audits_switches_s_coin_door_service_4'====== Args={'value': 47, 'prev_value': None, 'change': True}
2026-05-17 15:21:06,568 : INFO : EventManager : Event: ======'machine_var_audits_switches_s_e_iceman_target'====== Args={'value': 1666, 'prev_value': None, 'change': True}
2026-05-17 15:21:06,568 : INFO : EventManager : Event: ======'machine_var_audits_switches_s_flight_gear_target'====== Args={'value': 3810, 'prev_value': None, 'change': True}
2026-05-17 15:21:06,568 : INFO : EventManager : Event: ======'machine_var_audits_switches_s_flipper_left'====== Args={'value': 57373, 'prev_value': None, 'change': True}
2026-05-17 15:21:06,569 : INFO : EventManager : Event: ======'machine_var_audits_switches_s_flipper_left_eos'====== Args={'value': 52098, 'prev_value': None, 'change': True}
2026-05-17 15:21:06,569 : INFO : EventManager : Event: ======'machine_var_audits_switches_s_flipper_left_upper'====== Args={'value': 56684, 'prev_value': None, 'change': True}
2026-05-17 15:21:06,569 : INFO : EventManager : Event: ======'machine_var_audits_switches_s_flipper_left_upper_eos'====== Args={'value': 63819, 'prev_value': None, 'change': True}
2026-05-17 15:21:06,569 : INFO : EventManager : Event: ======'machine_var_audits_switches_s_flipper_right'====== Args={'value': 55640, 'prev_value': None, 'change': True}
2026-05-17 15:21:06,569 : INFO : EventManager : Event: ======'machine_var_audits_switches_s_flipper_right_eos'====== Args={'value': 50056, 'prev_value': None, 'change': True}
2026-05-17 15:21:06,569 : INFO : EventManager : Event: ======'machine_var_audits_switches_s_i_iceman_target'====== Args={'value': 2265, 'prev_value': None, 'change': True}
2026-05-17 15:21:06,569 : INFO : EventManager : Event: ======'machine_var_audits_switches_s_inlane_left'====== Args={'value': 4976, 'prev_value': None, 'change': True}
2026-05-17 15:21:06,569 : INFO : EventManager : Event: ======'machine_var_audits_switches_s_inner_inlane_right'====== Args={'value': 3235, 'prev_value': None, 'change': True}
2026-05-17 15:21:06,569 : INFO : EventManager : Event: ======'machine_var_audits_switches_s_jam'====== Args={'value': 5619, 'prev_value': None, 'change': True}
2026-05-17 15:21:06,569 : INFO : EventManager : Event: ======'machine_var_audits_switches_s_k_lock_target'====== Args={'value': 3170, 'prev_value': None, 'change': True}
2026-05-17 15:21:06,569 : INFO : EventManager : Event: ======'machine_var_audits_switches_s_l_lock_target'====== Args={'value': 2558, 'prev_value': None, 'change': True}
2026-05-17 15:21:06,569 : INFO : EventManager : Event: ======'machine_var_audits_switches_s_lane_left'====== Args={'value': 2640, 'prev_value': None, 'change': True}
2026-05-17 15:21:06,569 : INFO : EventManager : Event: ======'machine_var_audits_switches_s_lane_right'====== Args={'value': 4792, 'prev_value': None, 'change': True}
2026-05-17 15:21:06,569 : INFO : EventManager : Event: ======'machine_var_audits_switches_s_lock_goose'====== Args={'value': 641, 'prev_value': None, 'change': True}
2026-05-17 15:21:06,569 : INFO : EventManager : Event: ======'machine_var_audits_switches_s_lock_mav'====== Args={'value': 1040, 'prev_value': None, 'change': True}
2026-05-17 15:21:06,569 : INFO : EventManager : Event: ======'machine_var_audits_switches_s_lock_plunger'====== Args={'value': 502, 'prev_value': None, 'change': True}
2026-05-17 15:21:06,569 : INFO : EventManager : Event: ======'machine_var_audits_switches_s_m_iceman_target'====== Args={'value': 1522, 'prev_value': None, 'change': True}
2026-05-17 15:21:06,569 : INFO : EventManager : Event: ======'machine_var_audits_switches_s_mig_lane_left'====== Args={'value': 3008, 'prev_value': None, 'change': True}
2026-05-17 15:21:06,569 : INFO : EventManager : Event: ======'machine_var_audits_switches_s_mig_lane_right'====== Args={'value': 2233, 'prev_value': None, 'change': True}
2026-05-17 15:21:06,569 : INFO : EventManager : Event: ======'machine_var_audits_switches_s_mode_start'====== Args={'value': 2028, 'prev_value': None, 'change': True}
2026-05-17 15:21:06,569 : INFO : EventManager : Event: ======'machine_var_audits_switches_s_n_iceman_target'====== Args={'value': 1860, 'prev_value': None, 'change': True}
2026-05-17 15:21:06,570 : INFO : EventManager : Event: ======'machine_var_audits_switches_s_o_lock_target'====== Args={'value': 3798, 'prev_value': None, 'change': True}
2026-05-17 15:21:06,570 : INFO : EventManager : Event: ======'machine_var_audits_switches_s_orbit_left'====== Args={'value': 8611, 'prev_value': None, 'change': True}
2026-05-17 15:21:06,570 : INFO : EventManager : Event: ======'machine_var_audits_switches_s_orbit_lower'====== Args={'value': 537, 'prev_value': None, 'change': True}
2026-05-17 15:21:06,570 : INFO : EventManager : Event: ======'machine_var_audits_switches_s_orbit_right'====== Args={'value': 7069, 'prev_value': None, 'change': True}
2026-05-17 15:21:06,570 : INFO : EventManager : Event: ======'machine_var_audits_switches_s_orbit_upper'====== Args={'value': 2274, 'prev_value': None, 'change': True}
2026-05-17 15:21:06,570 : INFO : EventManager : Event: ======'machine_var_audits_switches_s_outer_inlane_right'====== Args={'value': 4747, 'prev_value': None, 'change': True}
2026-05-17 15:21:06,570 : INFO : EventManager : Event: ======'machine_var_audits_switches_s_outlane_left'====== Args={'value': 1809, 'prev_value': None, 'change': True}
2026-05-17 15:21:06,570 : INFO : EventManager : Event: ======'machine_var_audits_switches_s_outlane_right'====== Args={'value': 2015, 'prev_value': None, 'change': True}
2026-05-17 15:21:06,570 : INFO : EventManager : Event: ======'machine_var_audits_switches_s_plunger_lane'====== Args={'value': 46, 'prev_value': None, 'change': True}
2026-05-17 15:21:06,570 : INFO : EventManager : Event: ======'machine_var_audits_switches_s_ramp_inner_exit'====== Args={'value': 1983, 'prev_value': None, 'change': True}
2026-05-17 15:21:06,570 : INFO : EventManager : Event: ======'machine_var_audits_switches_s_ramp_left_exit'====== Args={'value': 3019, 'prev_value': None, 'change': True}
2026-05-17 15:21:06,570 : INFO : EventManager : Event: ======'machine_var_audits_switches_s_ramp_right_exit'====== Args={'value': 1177, 'prev_value': None, 'change': True}
2026-05-17 15:21:06,570 : INFO : EventManager : Event: ======'machine_var_audits_switches_s_ramp_tower_exit'====== Args={'value': 3046, 'prev_value': None, 'change': True}
2026-05-17 15:21:06,570 : INFO : EventManager : Event: ======'machine_var_audits_switches_s_shooter_lane'====== Args={'value': 6503, 'prev_value': None, 'change': True}
2026-05-17 15:21:06,570 : INFO : EventManager : Event: ======'machine_var_audits_switches_s_slingshot_left'====== Args={'value': 6401, 'prev_value': None, 'change': True}
2026-05-17 15:21:06,570 : INFO : EventManager : Event: ======'machine_var_audits_switches_s_slingshot_right'====== Args={'value': 4558, 'prev_value': None, 'change': True}
2026-05-17 15:21:06,570 : INFO : EventManager : Event: ======'machine_var_audits_switches_s_spinner'====== Args={'value': 66330, 'prev_value': None, 'change': True}
2026-05-17 15:21:06,570 : INFO : EventManager : Event: ======'machine_var_audits_switches_s_start'====== Args={'value': 1128, 'prev_value': None, 'change': True}
2026-05-17 15:21:06,570 : INFO : EventManager : Event: ======'machine_var_audits_switches_s_tilt'====== Args={'value': 3779, 'prev_value': None, 'change': True}
2026-05-17 15:21:06,570 : INFO : EventManager : Event: ======'machine_var_audits_switches_s_trough_1'====== Args={'value': 5674, 'prev_value': None, 'change': True}
2026-05-17 15:21:06,570 : INFO : EventManager : Event: ======'machine_var_audits_switches_s_trough_2'====== Args={'value': 5716, 'prev_value': None, 'change': True}
2026-05-17 15:21:06,570 : INFO : EventManager : Event: ======'machine_var_audits_switches_s_trough_3'====== Args={'value': 5742, 'prev_value': None, 'change': True}
2026-05-17 15:21:06,570 : INFO : EventManager : Event: ======'machine_var_audits_switches_s_trough_4'====== Args={'value': 5736, 'prev_value': None, 'change': True}
2026-05-17 15:21:06,571 : INFO : EventManager : Event: ======'machine_var_audits_switches_s_trough_5'====== Args={'value': 5730, 'prev_value': None, 'change': True}
2026-05-17 15:21:06,571 : INFO : EventManager : Event: ======'machine_var_audits_switches_s_trough_6'====== Args={'value': 5714, 'prev_value': None, 'change': True}
2026-05-17 15:21:06,571 : INFO : EventManager : Event: ======'init_phase_5'====== Args={}
2026-05-17 15:21:06,572 : INFO : EventManager : Event: ======'init_done'====== Args={}
2026-05-17 15:21:06,573 : INFO : coil.c_coin_door_led : Enabling Driver with power 1.0 (pulse_ms 10ms and pulse_power 1.0)
2026-05-17 15:21:06,573 : INFO : EventManager : Event: ======'machine_reset_phase_1'====== Args={}
2026-05-17 15:21:06,586 : INFO : EventManager : Event: ======'machine_reset_phase_2'====== Args={}
2026-05-17 15:21:06,588 : INFO : EventManager : Event: ======'machine_reset_phase_3'====== Args={}
2026-05-17 15:21:06,589 : INFO : EventManager : Event: ======'mode_attract_will_start'====== Args={'queue': <QueuedEvent>}
2026-05-17 15:21:06,589 : INFO : Timer.attract_carousel_timer : Starting Timer.
2026-05-17 15:21:06,589 : INFO : EventManager : Event: ======'timer_attract_carousel_timer_started'====== Args={'ticks': 0, 'ticks_remaining': 1}
2026-05-17 15:21:06,589 : INFO : EventManager : Event: ======'timer_attract_carousel_timer_tick'====== Args={'ticks': 0, 'ticks_remaining': 1}
2026-05-17 15:21:06,591 : INFO : EventManager : Event: ======'mode_attract_starting'====== Args={'queue': <QueuedEvent>}
2026-05-17 15:21:06,591 : INFO : EventManager : Event: ======'mode_ball_search_servos_will_start'====== Args={'queue': <QueuedEvent>}
2026-05-17 15:21:06,592 : INFO : EventManager : Event: ======'mode_ball_search_servos_starting'====== Args={'queue': <QueuedEvent>}
2026-05-17 15:21:06,593 : INFO : Mode.ball_search_servos : Started. Priority: 5
2026-05-17 15:21:06,593 : INFO : EventManager : Event: ======'modes_active_modes_changed'====== Args={}
2026-05-17 15:21:06,593 : INFO : EventManager : Event: ======'mode_ball_search_servos_started'====== Args={'queue': <QueuedEvent>}
2026-05-17 15:21:06,593 : INFO : Mode.attract : Started. Priority: 10
2026-05-17 15:21:06,594 : INFO : EventManager : Event: ======'modes_active_modes_changed'====== Args={}
2026-05-17 15:21:06,594 : INFO : EventManager : Event: ======'mode_attract_started'====== Args={'queue': <QueuedEvent>}
2026-05-17 15:21:06,594 : INFO : EventManager : Event: ======'attract_cycle_step1'====== Args={'priority': 0}
2026-05-17 15:21:06,594 : INFO : EventManager : Event: ======'right_ramp_down'====== Args={'priority': 0}
2026-05-17 15:21:06,594 : INFO : EventManager : Event: ======'top_ramp_down'====== Args={'priority': 0}
2026-05-17 15:21:06,594 : INFO : EventManager : Event: ======'lock_released'====== Args={'priority': 0}
2026-05-17 15:21:06,595 : INFO : coil.c_start_button_led : Enabling Driver with power 1.0 (pulse_ms 10ms and pulse_power 1.0)
2026-05-17 15:21:06,595 : INFO : Timer.attract_music_stop_timer : Starting Timer.
2026-05-17 15:21:06,595 : INFO : EventManager : Event: ======'timer_attract_music_stop_timer_started'====== Args={'ticks': 0, 'ticks_remaining': 120}
2026-05-17 15:21:06,595 : INFO : EventManager : Event: ======'timer_attract_music_stop_timer_tick'====== Args={'ticks': 0, 'ticks_remaining': 120}
2026-05-17 15:21:06,596 : INFO : EventManager : Event: ======'collecting_balls_complete'====== Args={}
2026-05-17 15:21:06,596 : INFO : EventManager : Event: ======'carousel_item_highlighted'====== Args={'carousel': 'attract', 'direction': None, 'item': 'title'}
2026-05-17 15:21:06,596 : INFO : EventManager : Event: ======'timer_attract_carousel_timer_tick'====== Args={'ticks': 0, 'ticks_remaining': 1}
2026-05-17 15:21:06,596 : INFO : EventManager : Event: ======'reset_complete'====== Args={}
2026-05-17 15:21:06,601 : INFO : Machine : Starting the main run loop with active modes: [<Mode.attract>, <Mode.ball_search_servos>]
2026-05-17 15:21:06,670 : INFO : EventManager : Event: ======'slide_attract_created'====== Args={'_from_bcp': True}
2026-05-17 15:21:06,671 : INFO : EventManager : Event: ======'slide__removed'====== Args={'_from_bcp': True}
2026-05-17 15:21:06,672 : INFO : EventManager : Event: ======'slide_attract_active'====== Args={'original_context': 'attract', 'original_calling_context': 'mode_attract_started', 'priority': 10.0, 'queue': '<QueuedEvent>', 'cmd': 'slides_play', '_from_bcp': True}
2026-05-17 15:21:07,565 : INFO : EventManager : Event: ======'timer_attract_music_stop_timer_tick'====== Args={'ticks': 1, 'ticks_remaining': 119}
2026-05-17 15:21:07,565 : INFO : coil.c_start_button_led : Disabling Driver
2026-05-17 15:21:08,577 : INFO : EventManager : Event: ======'timer_attract_music_stop_timer_tick'====== Args={'ticks': 2, 'ticks_remaining': 118}
2026-05-17 15:21:08,578 : INFO : coil.c_start_button_led : Enabling Driver with power 1.0 (pulse_ms 10ms and pulse_power 1.0)
2026-05-17 15:21:09,575 : INFO : EventManager : Event: ======'timer_attract_music_stop_timer_tick'====== Args={'ticks': 3, 'ticks_remaining': 117}
2026-05-17 15:21:09,575 : INFO : coil.c_start_button_led : Disabling Driver
2026-05-17 15:21:10,575 : INFO : EventManager : Event: ======'timer_attract_music_stop_timer_tick'====== Args={'ticks': 4, 'ticks_remaining': 116}
2026-05-17 15:21:10,575 : INFO : coil.c_start_button_led : Enabling Driver with power 1.0 (pulse_ms 10ms and pulse_power 1.0)
2026-05-17 15:21:10,779 : INFO : SwitchController : <<<<<<< 's_start' active >>>>>>>
2026-05-17 15:21:10,857 : INFO : SwitchController : <<<<<<< 's_start' inactive >>>>>>>
2026-05-17 15:21:10,857 : INFO : EventManager : Event: ======'request_to_start_game'====== Args={}
2026-05-17 15:21:10,857 : INFO : EventManager : Event: ======'game_start'====== Args={'buttons': [], 'hold_time': 0.07800000000133878}
2026-05-17 15:21:10,858 : INFO : EventManager : Event: ======'mode_game_will_start'====== Args={'buttons': [], 'hold_time': 0.07800000000133878}
2026-05-17 15:21:10,858 : INFO : EventManager : Event: ======'mode_game_starting'====== Args={'buttons': [], 'hold_time': 0.07800000000133878}
2026-05-17 15:21:10,858 : INFO : Mode.game : Started. Priority: 20
2026-05-17 15:21:10,858 : INFO : EventManager : Event: ======'modes_active_modes_changed'====== Args={}
2026-05-17 15:21:10,858 : INFO : EventManager : Event: ======'mode_game_started'====== Args={'buttons': [], 'hold_time': 0.07800000000133878}
2026-05-17 15:21:10,860 : INFO : EventManager : Event: ======'game_will_start'====== Args={}
2026-05-17 15:21:10,860 : INFO : EventManager : Event: ======'game_starting'====== Args={'game': <Mode.game>}
2026-05-17 15:21:10,862 : INFO : EventManager : Event: ======'mode_attract_will_stop'====== Args={}
2026-05-17 15:21:10,862 : INFO : EventManager : Event: ======'mode_attract_stopping'====== Args={}
2026-05-17 15:21:10,862 : INFO : EventManager : Unordered handler for class <Auditor> on event game_ended with priority 1. Handlers: [RegisteredHandler(callback=<bound method Auditor.disable of <Auditor>>, priority=1, kwargs={}, key=UUID('f14e98a6-5a24-4453-995f-b56ff490ae83'), condition=None, blocking_facility=None), RegisteredHandler(callback=<bound method Auditor._save_audits of <Auditor>>, priority=1, kwargs={}, key=UUID('f32cf102-a5f6-4a90-9f6b-7017ede083e5'), condition=None, blocking_facility=None)]. The order of those handlers is not defined and they will be executed in random order. This might lead to race conditions and potential bugs.
2026-05-17 15:21:10,863 : INFO : Timer.attract_music_stop_timer : Stopping Timer
2026-05-17 15:21:10,863 : INFO : EventManager : Event: ======'timer_attract_music_stop_timer_stopped'====== Args={'ticks': 4, 'ticks_remaining': 116}
2026-05-17 15:21:10,863 : INFO : Timer.attract_scoop_clear_delay : Stopping Timer
2026-05-17 15:21:10,863 : INFO : EventManager : Event: ======'timer_attract_scoop_clear_delay_stopped'====== Args={'ticks': 0, 'ticks_remaining': 0}
2026-05-17 15:21:10,863 : INFO : EventManager : Event: ======'player_add_request'====== Args={}
2026-05-17 15:21:10,864 : INFO : coil.c_start_button_led : Disabling Driver
2026-05-17 15:21:10,864 : INFO : coil.c_mode_barrier : Disabling Driver
2026-05-17 15:21:10,865 : INFO : coil.c_start_button_led : Disabling Driver
2026-05-17 15:21:10,865 : INFO : Mode.attract : Stopped.
2026-05-17 15:21:10,865 : INFO : EventManager : Event: ======'modes_active_modes_changed'====== Args={}
2026-05-17 15:21:10,866 : INFO : EventManager : Event: ======'mode_attract_stopped'====== Args={}
2026-05-17 15:21:10,866 : INFO : EventManager : Event: ======'clear'====== Args={'key': 'attract'}
2026-05-17 15:21:10,866 : INFO : Timer.attract_scoop_clear_delay : Stopping Timer
2026-05-17 15:21:10,866 : INFO : EventManager : Event: ======'timer_attract_scoop_clear_delay_stopped'====== Args={'ticks': 0, 'ticks_remaining': 0}
2026-05-17 15:21:10,866 : INFO : Timer.attract_carousel_timer : Stopping Timer
2026-05-17 15:21:10,866 : INFO : EventManager : Event: ======'timer_attract_carousel_timer_stopped'====== Args={'ticks': 0, 'ticks_remaining': 1}
2026-05-17 15:21:10,866 : INFO : Timer.attract_music_stop_timer : Stopping Timer
2026-05-17 15:21:10,866 : INFO : EventManager : Event: ======'timer_attract_music_stop_timer_stopped'====== Args={'ticks': 4, 'ticks_remaining': 116}
2026-05-17 15:21:10,866 : INFO : EventManager : Event: ======'player_will_add'====== Args={'number': 1}
2026-05-17 15:21:10,866 : INFO : EventManager : Event: ======'player_adding'====== Args={'player': <Player 1>, 'number': 1}
2026-05-17 15:21:10,866 : INFO : EventManager : Event: ======'player_added'====== Args={'player': <Player 1>, 'num': 1}
2026-05-17 15:21:10,868 : INFO : Mode.game : Player added successfully. Total players: 1
2026-05-17 15:21:10,868 : INFO : EventManager : Event: ======'player_index'====== Args={'value': 0, 'prev_value': 0, 'change': 0, 'player_num': 1}
2026-05-17 15:21:10,868 : INFO : EventManager : Event: ======'player_number'====== Args={'value': 1, 'prev_value': 1, 'change': 0, 'player_num': 1}
2026-05-17 15:21:10,868 : INFO : EventManager : Event: ======'player_mach_level'====== Args={'value': 1.0, 'prev_value': 1.0, 'change': 0, 'player_num': 1}
2026-05-17 15:21:10,868 : INFO : EventManager : Event: ======'player_mach_step'====== Args={'value': 0, 'prev_value': 0, 'change': 0, 'player_num': 1}
2026-05-17 15:21:10,868 : INFO : EventManager : Event: ======'player_tilt_warnings'====== Args={'value': 0, 'prev_value': 0, 'change': 0, 'player_num': 1}
2026-05-17 15:21:10,868 : INFO : EventManager : Event: ======'player_status_mode_page'====== Args={'value': 1, 'prev_value': 1, 'change': 0, 'player_num': 1}
2026-05-17 15:21:10,868 : INFO : EventManager : Event: ======'player_status_tilt_remaining'====== Args={'value': 3, 'prev_value': 3, 'change': 0, 'player_num': 1}
2026-05-17 15:21:10,868 : INFO : EventManager : Event: ======'player_status_bonus_preview'====== Args={'value': 0, 'prev_value': 0, 'change': 0, 'player_num': 1}
2026-05-17 15:21:10,868 : INFO : EventManager : Event: ======'player_status_rescue_cougar'====== Args={'value': 'Not Played', 'prev_value': 'Not Played', 'change': False, 'player_num': 1}
2026-05-17 15:21:10,869 : INFO : EventManager : Event: ======'player_status_balls_of_fire'====== Args={'value': 'Not Played', 'prev_value': 'Not Played', 'change': False, 'player_num': 1}
2026-05-17 15:21:10,869 : INFO : EventManager : Event: ======'player_status_cool_under_pressure'====== Args={'value': 'Not Played', 'prev_value': 'Not Played', 'change': False, 'player_num': 1}
2026-05-17 15:21:10,869 : INFO : EventManager : Event: ======'player_status_no_points_for_second_place'====== Args={'value': 'Not Played', 'prev_value': 'Not Played', 'change': False, 'player_num': 1}
2026-05-17 15:21:10,869 : INFO : EventManager : Event: ======'player_status_edge_of_space'====== Args={'value': 'Not Played', 'prev_value': 'Not Played', 'change': False, 'player_num': 1}
2026-05-17 15:21:10,869 : INFO : EventManager : Event: ======'player_status_below_the_hard_deck'====== Args={'value': 'Not Played', 'prev_value': 'Not Played', 'change': False, 'player_num': 1}
2026-05-17 15:21:10,869 : INFO : EventManager : Event: ======'player_status_canyon_run'====== Args={'value': 'Not Played', 'prev_value': 'Not Played', 'change': False, 'player_num': 1}
2026-05-17 15:21:10,869 : INFO : EventManager : Event: ======'player_status_no_margin_for_error'====== Args={'value': 'Not Played', 'prev_value': 'Not Played', 'change': False, 'player_num': 1}
2026-05-17 15:21:10,869 : INFO : EventManager : Event: ======'player_status_rise_of_phoenix'====== Args={'value': 'Not Played', 'prev_value': 'Not Played', 'change': False, 'player_num': 1}
2026-05-17 15:21:10,869 : INFO : EventManager : Event: ======'player_status_battle_jester'====== Args={'value': 'Not Played', 'prev_value': 'Not Played', 'change': False, 'player_num': 1}
2026-05-17 15:21:10,869 : INFO : EventManager : Event: ======'player_status_inverted'====== Args={'value': 'Not Played', 'prev_value': 'Not Played', 'change': False, 'player_num': 1}
2026-05-17 15:21:10,869 : INFO : EventManager : Event: ======'player_status_missiles'====== Args={'value': 'Not Played', 'prev_value': 'Not Played', 'change': False, 'player_num': 1}
2026-05-17 15:21:10,869 : INFO : EventManager : Event: ======'player_status_wingman'====== Args={'value': 'Not Played', 'prev_value': 'Not Played', 'change': False, 'player_num': 1}
2026-05-17 15:21:10,869 : INFO : EventManager : Event: ======'player_status_afterburner'====== Args={'value': 'Not Played', 'prev_value': 'Not Played', 'change': False, 'player_num': 1}
2026-05-17 15:21:10,870 : INFO : EventManager : Event: ======'player_status_dogfight'====== Args={'value': 'Not Coded Yet', 'prev_value': 'Not Coded Yet', 'change': False, 'player_num': 1}
2026-05-17 15:21:10,870 : INFO : EventManager : Event: ======'player_status_inverted_perk'====== Args={'value': 'Not Active', 'prev_value': 'Not Active', 'change': False, 'player_num': 1}
2026-05-17 15:21:10,870 : INFO : EventManager : Event: ======'player_status_missiles_perk'====== Args={'value': 'Not Active', 'prev_value': 'Not Active', 'change': False, 'player_num': 1}
2026-05-17 15:21:10,870 : INFO : EventManager : Event: ======'player_status_wingman_perk'====== Args={'value': 'Not Active', 'prev_value': 'Not Active', 'change': False, 'player_num': 1}
2026-05-17 15:21:10,870 : INFO : EventManager : Event: ======'player_status_afterburner_perk'====== Args={'value': 'Not Active', 'prev_value': 'Not Active', 'change': False, 'player_num': 1}
2026-05-17 15:21:10,870 : INFO : EventManager : Event: ======'player_status_ptb'====== Args={'value': 'Not Qualified', 'prev_value': 'Not Qualified', 'change': False, 'player_num': 1}
2026-05-17 15:21:10,870 : INFO : EventManager : Event: ======'player_status_iceman_hd'====== Args={'value': 'Not Played', 'prev_value': 'Not Played', 'change': False, 'player_num': 1}
2026-05-17 15:21:10,870 : INFO : EventManager : Event: ======'player_status_charlie_hd'====== Args={'value': 'Not Coded Yet', 'prev_value': 'Not Coded Yet', 'change': False, 'player_num': 1}
2026-05-17 15:21:10,870 : INFO : EventManager : Event: ======'player_status_penny_hd'====== Args={'value': 'Not Coded Yet', 'prev_value': 'Not Coded Yet', 'change': False, 'player_num': 1}
2026-05-17 15:21:10,870 : INFO : EventManager : Event: ======'player_status_goose_hd'====== Args={'value': 'Not Coded Yet', 'prev_value': 'Not Coded Yet', 'change': False, 'player_num': 1}
2026-05-17 15:21:10,870 : INFO : EventManager : Event: ======'player_status_final_dogfight'====== Args={'value': 'Not Coded Yet', 'prev_value': 'Not Coded Yet', 'change': False, 'player_num': 1}
2026-05-17 15:21:10,870 : INFO : EventManager : Event: ======'player_status_final_super_jackpot'====== Args={'value': 'Not Yet', 'prev_value': 'Not Yet', 'change': False, 'player_num': 1}
2026-05-17 15:21:10,870 : INFO : EventManager : Event: ======'player_ball_tilted'====== Args={'value': 0, 'prev_value': 0, 'change': 0, 'player_num': 1}
2026-05-17 15:21:10,871 : INFO : EventManager : Event: ======'player_right_orbit_diverter_requested'====== Args={'value': 0, 'prev_value': 0, 'change': 0, 'player_num': 1}
2026-05-17 15:21:10,871 : INFO : EventManager : Event: ======'player_diverter_temporarily_disabled'====== Args={'value': 0, 'prev_value': 0, 'change': 0, 'player_num': 1}
2026-05-17 15:21:10,871 : INFO : EventManager : Event: ======'player_score'====== Args={'value': 0, 'prev_value': 0, 'change': 0, 'player_num': 1}
2026-05-17 15:21:10,871 : INFO : EventManager : Event: ======'game_started'====== Args={}
2026-05-17 15:21:10,872 : INFO : coil.c_start_button_led : Enabling Driver with power 1.0 (pulse_ms 10ms and pulse_power 1.0)
2026-05-17 15:21:10,873 : INFO : EventManager : Event: ======'player_turn_will_start'====== Args={'player': <Player 1>, 'number': 1}
2026-05-17 15:21:10,883 : INFO : EventManager : Event: ======'player_turn_starting'====== Args={'player': <Player 1>, 'number': 1}
2026-05-17 15:21:10,884 : INFO : EventManager : Event: ======'player_ball'====== Args={'value': 1, 'prev_value': 0, 'change': 1, 'player_num': 1}
2026-05-17 15:21:10,884 : INFO : EventManager : Event: ======'player_turn_started'====== Args={'player': <Player 1>, 'number': 1}
2026-05-17 15:21:10,885 : INFO : EventManager : Event: ======'ui_player_1_up'====== Args={'priority': 0}
2026-05-17 15:21:10,887 : INFO : EventManager : Event: ======'ball_will_start'====== Args={'player': 1, 'ball': 1, 'balls_remaining': 2, 'is_extra_ball': False}
2026-05-17 15:21:10,889 : INFO : EventManager : Event: ======'ball_starting'====== Args={'player': 1, 'ball': 1, 'balls_remaining': 2, 'is_extra_ball': False}
2026-05-17 15:21:10,890 : INFO : EventManager : Event: ======'mode_tilt_will_start'====== Args={'queue': <QueuedEvent>, 'player': 1, 'ball': 1, 'balls_remaining': 2, 'is_extra_ball': False}
2026-05-17 15:21:10,891 : INFO : EventManager : Event: ======'mode_tilt_starting'====== Args={'queue': <QueuedEvent>, 'player': 1, 'ball': 1, 'balls_remaining': 2, 'is_extra_ball': False}
2026-05-17 15:21:10,891 : INFO : EventManager : Event: ======'mode_shot_missed_callout_randomizer_will_start'====== Args={'queue': <QueuedEvent>, 'player': 1, 'ball': 1, 'balls_remaining': 2, 'is_extra_ball': False}
2026-05-17 15:21:10,892 : INFO : EventManager : Event: ======'mode_shot_missed_callout_randomizer_starting'====== Args={'queue': <QueuedEvent>, 'player': 1, 'ball': 1, 'balls_remaining': 2, 'is_extra_ball': False}
2026-05-17 15:21:10,892 : INFO : EventManager : Event: ======'mode_ball_save_will_start'====== Args={'queue': <QueuedEvent>, 'player': 1, 'ball': 1, 'balls_remaining': 2, 'is_extra_ball': False}
2026-05-17 15:21:10,892 : INFO : EventManager : Event: ======'player_ball_save_ball_save_countdown_tick'====== Args={'value': 20, 'prev_value': 0, 'change': 20, 'player_num': 1}
2026-05-17 15:21:10,893 : INFO : EventManager : Event: ======'player_ball_save_mode_ball_save_countdown_tick'====== Args={'value': 30, 'prev_value': 0, 'change': 30, 'player_num': 1}
2026-05-17 15:21:10,893 : INFO : EventManager : Event: ======'player_ball_save_scoop_save_countdown_tick'====== Args={'value': 5, 'prev_value': 0, 'change': 5, 'player_num': 1}
2026-05-17 15:21:10,893 : INFO : EventManager : Event: ======'player_ball_save_ball_save_auto_plunger_delay_tick'====== Args={'value': 0, 'prev_value': 0, 'change': 0, 'player_num': 1}
2026-05-17 15:21:10,893 : INFO : EventManager : Event: ======'player_ball_save_consecutive_save_window_tick'====== Args={'value': 20, 'prev_value': 0, 'change': 20, 'player_num': 1}
2026-05-17 15:21:10,896 : INFO : EventManager : Event: ======'mode_ball_save_starting'====== Args={'queue': <QueuedEvent>, 'player': 1, 'ball': 1, 'balls_remaining': 2, 'is_extra_ball': False}
2026-05-17 15:21:10,897 : INFO : EventManager : Event: ======'mode_shot_made_callout_randomizer_will_start'====== Args={'queue': <QueuedEvent>, 'player': 1, 'ball': 1, 'balls_remaining': 2, 'is_extra_ball': False}
2026-05-17 15:21:10,897 : INFO : EventManager : Event: ======'mode_shot_made_callout_randomizer_starting'====== Args={'queue': <QueuedEvent>, 'player': 1, 'ball': 1, 'balls_remaining': 2, 'is_extra_ball': False}
2026-05-17 15:21:10,897 : INFO : EventManager : Event: ======'mode_base_will_start'====== Args={'queue': <QueuedEvent>, 'player': 1, 'ball': 1, 'balls_remaining': 2, 'is_extra_ball': False}
2026-05-17 15:21:10,898 : INFO : EventManager : Event: ======'player_base_status_mode_entry_tick'====== Args={'value': 0, 'prev_value': 0, 'change': 0, 'player_num': 1}
2026-05-17 15:21:10,898 : INFO : EventManager : Event: ======'player_base_wingman_post_win_plunge_delay_tick'====== Args={'value': 0, 'prev_value': 0, 'change': 0, 'player_num': 1}
2026-05-17 15:21:10,898 : INFO : EventManager : Event: ======'player_base_wingman_post_win_mig_delay_tick'====== Args={'value': 0, 'prev_value': 0, 'change': 0, 'player_num': 1}
2026-05-17 15:21:10,898 : INFO : EventManager : Event: ======'player_base_wingman_post_win_mig_hold_tick'====== Args={'value': 0, 'prev_value': 0, 'change': 0, 'player_num': 1}
2026-05-17 15:21:10,898 : INFO : EventManager : Event: ======'player_base_spinner_inactivity_tick'====== Args={'value': 2, 'prev_value': 0, 'change': 2, 'player_num': 1}
2026-05-17 15:21:10,908 : INFO : EventManager : Event: ======'mode_base_starting'====== Args={'queue': <QueuedEvent>, 'player': 1, 'ball': 1, 'balls_remaining': 2, 'is_extra_ball': False}
2026-05-17 15:21:10,908 : INFO : EventManager : Event: ======'mode_default_sounds_will_start'====== Args={'queue': <QueuedEvent>, 'player': 1, 'ball': 1, 'balls_remaining': 2, 'is_extra_ball': False}
2026-05-17 15:21:10,908 : INFO : EventManager : Event: ======'mode_default_sounds_starting'====== Args={'queue': <QueuedEvent>, 'player': 1, 'ball': 1, 'balls_remaining': 2, 'is_extra_ball': False}
2026-05-17 15:21:10,910 : INFO : Mode.default_sounds : Started. Priority: 50
2026-05-17 15:21:10,910 : INFO : EventManager : Event: ======'modes_active_modes_changed'====== Args={}
2026-05-17 15:21:10,910 : INFO : EventManager : Event: ======'mode_default_sounds_started'====== Args={'queue': <QueuedEvent>, 'player': 1, 'ball': 1, 'balls_remaining': 2, 'is_extra_ball': False}
2026-05-17 15:21:10,910 : INFO : Mode.base : Started. Priority: 100
2026-05-17 15:21:10,910 : INFO : EventManager : Event: ======'modes_active_modes_changed'====== Args={}
2026-05-17 15:21:10,910 : INFO : EventManager : Event: ======'mode_base_started'====== Args={'queue': <QueuedEvent>, 'player': 1, 'ball': 1, 'balls_remaining': 2, 'is_extra_ball': False}
2026-05-17 15:21:10,910 : INFO : EventManager : Event: ======'mode_mach_scoring_will_start'====== Args={'queue': <QueuedEvent>, 'player': 1, 'ball': 1, 'balls_remaining': 2, 'is_extra_ball': False}
2026-05-17 15:21:10,911 : INFO : EventManager : Event: ======'player_shot_mach_ramp_enabled'====== Args={'value': True, 'prev_value': 0, 'change': 1, 'player_num': 1}
2026-05-17 15:21:10,911 : INFO : EventManager : Event: ======'player_mach_scoring_mach_qualify_timer_tick'====== Args={'value': 10, 'prev_value': 0, 'change': 10, 'player_num': 1}
2026-05-17 15:21:10,911 : INFO : EventManager : Event: ======'player_mach_scoring_mach_timer_tick'====== Args={'value': 20, 'prev_value': 0, 'change': 20, 'player_num': 1}
2026-05-17 15:21:10,918 : INFO : EventManager : Event: ======'mode_mach_scoring_starting'====== Args={'queue': <QueuedEvent>, 'player': 1, 'ball': 1, 'balls_remaining': 2, 'is_extra_ball': False}
2026-05-17 15:21:10,918 : INFO : EventManager : Event: ======'mode_2x_playfield_will_start'====== Args={'queue': <QueuedEvent>, 'player': 1, 'ball': 1, 'balls_remaining': 2, 'is_extra_ball': False}
2026-05-17 15:21:10,919 : INFO : EventManager : Event: ======'player_2x_playfield_x2_playfield_tick'====== Args={'value': 90, 'prev_value': 0, 'change': 90, 'player_num': 1}
2026-05-17 15:21:10,923 : INFO : EventManager : Event: ======'mode_2x_playfield_starting'====== Args={'queue': <QueuedEvent>, 'player': 1, 'ball': 1, 'balls_remaining': 2, 'is_extra_ball': False}
2026-05-17 15:21:10,923 : INFO : EventManager : Event: ======'mode_goose_letters_will_start'====== Args={'queue': <QueuedEvent>, 'player': 1, 'ball': 1, 'balls_remaining': 2, 'is_extra_ball': False}
2026-05-17 15:21:10,924 : INFO : EventManager : Event: ======'player_goose_letters_goose_reset_tick'====== Args={'value': 0, 'prev_value': 0, 'change': 0, 'player_num': 1}
2026-05-17 15:21:10,924 : INFO : EventManager : Event: ======'player_goose_letters_missile_fire_delay_tick'====== Args={'value': 0, 'prev_value': 0, 'change': 0, 'player_num': 1}
2026-05-17 15:21:10,924 : INFO : EventManager : Event: ======'player_goose_letters_extra_ball_lit_slide_dismiss_tick'====== Args={'value': 0, 'prev_value': 0, 'change': 0, 'player_num': 1}
2026-05-17 15:21:10,934 : INFO : EventManager : Event: ======'mode_goose_letters_starting'====== Args={'queue': <QueuedEvent>, 'player': 1, 'ball': 1, 'balls_remaining': 2, 'is_extra_ball': False}
2026-05-17 15:21:10,934 : INFO : EventManager : Event: ======'mode_iceman_letters_will_start'====== Args={'queue': <QueuedEvent>, 'player': 1, 'ball': 1, 'balls_remaining': 2, 'is_extra_ball': False}
2026-05-17 15:21:10,934 : INFO : EventManager : Event: ======'player_iceman_letters_iceman_reset_tick'====== Args={'value': 0, 'prev_value': 0, 'change': 0, 'player_num': 1}
2026-05-17 15:21:10,935 : INFO : EventManager : Event: ======'player_iceman_letters_left_mig_post_timer_tick'====== Args={'value': 0, 'prev_value': 0, 'change': 0, 'player_num': 1}
2026-05-17 15:21:10,935 : INFO : EventManager : Event: ======'player_iceman_letters_right_mig_post_timer_tick'====== Args={'value': 0, 'prev_value': 0, 'change': 0, 'player_num': 1}
2026-05-17 15:21:10,935 : INFO : EventManager : Event: ======'player_iceman_letters_right_orbit_lockout_timer_tick'====== Args={'value': 0, 'prev_value': 0, 'change': 0, 'player_num': 1}
2026-05-17 15:21:11,040 : INFO : EventManager : Event: ======'mode_iceman_letters_starting'====== Args={'queue': <QueuedEvent>, 'player': 1, 'ball': 1, 'balls_remaining': 2, 'is_extra_ball': False}
2026-05-17 15:21:11,040 : INFO : EventManager : Event: ======'mode_hard_deck_qualifiers_will_start'====== Args={'queue': <QueuedEvent>, 'player': 1, 'ball': 1, 'balls_remaining': 2, 'is_extra_ball': False}
2026-05-17 15:21:11,040 : INFO : EventManager : Event: ======'player_hard_deck_qualifiers_hd_training_choice_timer_tick'====== Args={'value': 15, 'prev_value': 0, 'change': 15, 'player_num': 1}
2026-05-17 15:21:11,045 : INFO : EventManager : Unordered handler for class ConfigPlayer.event_player/events on event mode_hard_deck_charlie_started with priority 200. Handlers: [RegisteredHandler(callback=<bound method ConfigPlayer.config_play_callback of ConfigPlayer.event_player/events>, priority=200, kwargs={'calling_context': 'mode_hard_deck_charlie_started', 'mode': <Mode.iceman_letters>, 'settings': {'stop_all_training_pulse_shows': [{'condition': None, 'number': None, 'priority': 0, 'params': {}}]}}, key=UUID('4df640e1-dc59-4bcd-92cf-496a61e7b480'), condition=None, blocking_facility=None), RegisteredHandler(callback=<bound method ConfigPlayer.config_play_callback of ConfigPlayer.event_player/events>, priority=200, kwargs={'calling_context': 'mode_hard_deck_charlie_started', 'mode': <Mode.hard_deck_qualifiers>, 'settings': {'hd_stop_pulse_show': [{'condition': None, 'number': None, 'priority': 0, 'params': {}}]}}, key=UUID('8076e021-2aec-47eb-b35d-1ea491176064'), condition=None, blocking_facility=None)]. The order of those handlers is not defined and they will be executed in random order. This might lead to race conditions and potential bugs.
2026-05-17 15:21:11,045 : INFO : EventManager : Unordered handler for class ConfigPlayer.event_player/events on event mode_hard_deck_playing_with_the_boys_started with priority 200. Handlers: [RegisteredHandler(callback=<bound method ConfigPlayer.config_play_callback of ConfigPlayer.event_player/events>, priority=200, kwargs={'calling_context': 'mode_hard_deck_playing_with_the_boys_started', 'mode': <Mode.iceman_letters>, 'settings': {'stop_all_training_pulse_shows': [{'condition': None, 'number': None, 'priority': 0, 'params': {}}]}}, key=UUID('07024919-147e-41c1-8df4-d8c4328b5767'), condition=None, blocking_facility=None), RegisteredHandler(callback=<bound method ConfigPlayer.config_play_callback of ConfigPlayer.event_player/events>, priority=200, kwargs={'calling_context': 'mode_hard_deck_playing_with_the_boys_started', 'mode': <Mode.hard_deck_qualifiers>, 'settings': {'hd_stop_pulse_show': [{'condition': None, 'number': None, 'priority': 0, 'params': {}}]}}, key=UUID('2f92c791-eb3a-49b5-8ea9-23bbabfe95da'), condition=None, blocking_facility=None)]. The order of those handlers is not defined and they will be executed in random order. This might lead to race conditions and potential bugs.
2026-05-17 15:21:11,045 : INFO : EventManager : Unordered handler for class ConfigPlayer.event_player/events on event mode_hard_deck_maverick_and_penny_started with priority 200. Handlers: [RegisteredHandler(callback=<bound method ConfigPlayer.config_play_callback of ConfigPlayer.event_player/events>, priority=200, kwargs={'calling_context': 'mode_hard_deck_maverick_and_penny_started', 'mode': <Mode.iceman_letters>, 'settings': {'stop_all_training_pulse_shows': [{'condition': None, 'number': None, 'priority': 0, 'params': {}}]}}, key=UUID('ebe20ee0-a3a9-4e3b-8afc-cea644785702'), condition=None, blocking_facility=None), RegisteredHandler(callback=<bound method ConfigPlayer.config_play_callback of ConfigPlayer.event_player/events>, priority=200, kwargs={'calling_context': 'mode_hard_deck_maverick_and_penny_started', 'mode': <Mode.hard_deck_qualifiers>, 'settings': {'hd_stop_pulse_show': [{'condition': None, 'number': None, 'priority': 0, 'params': {}}]}}, key=UUID('e552ae57-63a9-493b-b8a4-2380bca0ec0c'), condition=None, blocking_facility=None)]. The order of those handlers is not defined and they will be executed in random order. This might lead to race conditions and potential bugs.
2026-05-17 15:21:11,045 : INFO : EventManager : Unordered handler for class ConfigPlayer.event_player/events on event mode_hard_deck_honoring_iceman_started with priority 200. Handlers: [RegisteredHandler(callback=<bound method ConfigPlayer.config_play_callback of ConfigPlayer.event_player/events>, priority=200, kwargs={'calling_context': 'mode_hard_deck_honoring_iceman_started', 'mode': <Mode.iceman_letters>, 'settings': {'stop_all_training_pulse_shows': [{'condition': None, 'number': None, 'priority': 0, 'params': {}}]}}, key=UUID('695edbf8-eb59-4a9e-86ab-c53e942419ed'), condition=None, blocking_facility=None), RegisteredHandler(callback=<bound method ConfigPlayer.config_play_callback of ConfigPlayer.event_player/events>, priority=200, kwargs={'calling_context': 'mode_hard_deck_honoring_iceman_started', 'mode': <Mode.hard_deck_qualifiers>, 'settings': {'hd_stop_pulse_show': [{'condition': None, 'number': None, 'priority': 0, 'params': {}}]}}, key=UUID('75681999-54ca-412b-a9da-cc963e94676f'), condition=None, blocking_facility=None)]. The order of those handlers is not defined and they will be executed in random order. This might lead to race conditions and potential bugs.
2026-05-17 15:21:11,052 : INFO : EventManager : Unordered handler for class ConfigPlayer.event_player/events on event mode_hard_deck_charlie_started with priority 200. Handlers: [RegisteredHandler(callback=<bound method ConfigPlayer.config_play_callback of ConfigPlayer.event_player/events>, priority=200, kwargs={'calling_context': 'mode_hard_deck_charlie_started', 'mode': <Mode.iceman_letters>, 'settings': {'stop_all_training_pulse_shows': [{'condition': None, 'number': None, 'priority': 0, 'params': {}}]}}, key=UUID('4df640e1-dc59-4bcd-92cf-496a61e7b480'), condition=None, blocking_facility=None), RegisteredHandler(callback=<bound method ConfigPlayer.config_play_callback of ConfigPlayer.event_player/events>, priority=200, kwargs={'calling_context': 'mode_hard_deck_charlie_started', 'mode': <Mode.hard_deck_qualifiers>, 'settings': {'hd_stop_pulse_show': [{'condition': None, 'number': None, 'priority': 0, 'params': {}}]}}, key=UUID('8076e021-2aec-47eb-b35d-1ea491176064'), condition=None, blocking_facility=None)]. The order of those handlers is not defined and they will be executed in random order. This might lead to race conditions and potential bugs.
2026-05-17 15:21:11,052 : INFO : EventManager : Unordered handler for class ConfigPlayer.event_player/events on event mode_hard_deck_playing_with_the_boys_started with priority 200. Handlers: [RegisteredHandler(callback=<bound method ConfigPlayer.config_play_callback of ConfigPlayer.event_player/events>, priority=200, kwargs={'calling_context': 'mode_hard_deck_playing_with_the_boys_started', 'mode': <Mode.iceman_letters>, 'settings': {'stop_all_training_pulse_shows': [{'condition': None, 'number': None, 'priority': 0, 'params': {}}]}}, key=UUID('07024919-147e-41c1-8df4-d8c4328b5767'), condition=None, blocking_facility=None), RegisteredHandler(callback=<bound method ConfigPlayer.config_play_callback of ConfigPlayer.event_player/events>, priority=200, kwargs={'calling_context': 'mode_hard_deck_playing_with_the_boys_started', 'mode': <Mode.hard_deck_qualifiers>, 'settings': {'hd_stop_pulse_show': [{'condition': None, 'number': None, 'priority': 0, 'params': {}}]}}, key=UUID('2f92c791-eb3a-49b5-8ea9-23bbabfe95da'), condition=None, blocking_facility=None)]. The order of those handlers is not defined and they will be executed in random order. This might lead to race conditions and potential bugs.
2026-05-17 15:21:11,052 : INFO : EventManager : Unordered handler for class ConfigPlayer.event_player/events on event mode_hard_deck_maverick_and_penny_started with priority 200. Handlers: [RegisteredHandler(callback=<bound method ConfigPlayer.config_play_callback of ConfigPlayer.event_player/events>, priority=200, kwargs={'calling_context': 'mode_hard_deck_maverick_and_penny_started', 'mode': <Mode.iceman_letters>, 'settings': {'stop_all_training_pulse_shows': [{'condition': None, 'number': None, 'priority': 0, 'params': {}}]}}, key=UUID('ebe20ee0-a3a9-4e3b-8afc-cea644785702'), condition=None, blocking_facility=None), RegisteredHandler(callback=<bound method ConfigPlayer.config_play_callback of ConfigPlayer.event_player/events>, priority=200, kwargs={'calling_context': 'mode_hard_deck_maverick_and_penny_started', 'mode': <Mode.hard_deck_qualifiers>, 'settings': {'hd_stop_pulse_show': [{'condition': None, 'number': None, 'priority': 0, 'params': {}}]}}, key=UUID('e552ae57-63a9-493b-b8a4-2380bca0ec0c'), condition=None, blocking_facility=None)]. The order of those handlers is not defined and they will be executed in random order. This might lead to race conditions and potential bugs.
2026-05-17 15:21:11,053 : INFO : EventManager : Unordered handler for class ConfigPlayer.event_player/events on event mode_hard_deck_honoring_iceman_started with priority 200. Handlers: [RegisteredHandler(callback=<bound method ConfigPlayer.config_play_callback of ConfigPlayer.event_player/events>, priority=200, kwargs={'calling_context': 'mode_hard_deck_honoring_iceman_started', 'mode': <Mode.iceman_letters>, 'settings': {'stop_all_training_pulse_shows': [{'condition': None, 'number': None, 'priority': 0, 'params': {}}]}}, key=UUID('695edbf8-eb59-4a9e-86ab-c53e942419ed'), condition=None, blocking_facility=None), RegisteredHandler(callback=<bound method ConfigPlayer.config_play_callback of ConfigPlayer.event_player/events>, priority=200, kwargs={'calling_context': 'mode_hard_deck_honoring_iceman_started', 'mode': <Mode.hard_deck_qualifiers>, 'settings': {'hd_stop_pulse_show': [{'condition': None, 'number': None, 'priority': 0, 'params': {}}]}}, key=UUID('75681999-54ca-412b-a9da-cc963e94676f'), condition=None, blocking_facility=None)]. The order of those handlers is not defined and they will be executed in random order. This might lead to race conditions and potential bugs.
2026-05-17 15:21:11,054 : INFO : EventManager : Event: ======'mode_hard_deck_qualifiers_starting'====== Args={'queue': <QueuedEvent>, 'player': 1, 'ball': 1, 'balls_remaining': 2, 'is_extra_ball': False}
2026-05-17 15:21:11,054 : INFO : EventManager : Event: ======'mode_mig_letters_will_start'====== Args={'queue': <QueuedEvent>, 'player': 1, 'ball': 1, 'balls_remaining': 2, 'is_extra_ball': False}
2026-05-17 15:21:11,054 : INFO : EventManager : Event: ======'player_mig_letters_mig_reset_tick'====== Args={'value': 0, 'prev_value': 0, 'change': 0, 'player_num': 1}
2026-05-17 15:21:11,056 : INFO : EventManager : Unordered handler for class ConfigPlayer.variable_player/variables on event player_added with priority 200. Handlers: [RegisteredHandler(callback=<bound method ConfigPlayer.config_play_callback of ConfigPlayer.variable_player/variables>, priority=200, kwargs={'calling_context': 'player_added', 'mode': <Mode.iceman_letters>, 'settings': {'iceman_letter_i': {'action': 'set', 'int': <NativeTemplate 0>, 'priority': 0, 'float': None, 'string': None, 'block': False, 'player': None, 'condition': None}, 'iceman_letter_c': {'action': 'set', 'int': <NativeTemplate 0>, 'priority': 0, 'float': None, 'string': None, 'block': False, 'player': None, 'condition': None}, 'iceman_letter_e': {'action': 'set', 'int': <NativeTemplate 0>, 'priority': 0, 'float': None, 'string': None, 'block': False, 'player': None, 'condition': None}, 'iceman_letter_m': {'action': 'set', 'int': <NativeTemplate 0>, 'priority': 0, 'float': None, 'string': None, 'block': False, 'player': None, 'condition': None}, 'iceman_letter_a': {'action': 'set', 'int': <NativeTemplate 0>, 'priority': 0, 'float': None, 'string': None, 'block': False, 'player': None, 'condition': None}, 'iceman_letter_n': {'action': 'set', 'int': <NativeTemplate 0>, 'priority': 0, 'float': None, 'string': None, 'block': False, 'player': None, 'condition': None}, 'iceman_completing': {'action': 'set', 'int': <NativeTemplate 0>, 'priority': 0, 'float': None, 'string': None, 'block': False, 'player': None, 'condition': None}, 'training_inverted_complete': {'action': 'set', 'int': <NativeTemplate 0>, 'priority': 0, 'float': None, 'string': None, 'block': False, 'player': None, 'condition': None}, 'training_missles_complete': {'action': 'set', 'int': <NativeTemplate 0>, 'priority': 0, 'float': None, 'string': None, 'block': False, 'player': None, 'condition': None}, 'training_afterburner_complete': {'action': 'set', 'int': <NativeTemplate 0>, 'priority': 0, 'float': None, 'string': None, 'block': False, 'player': None, 'condition': None}, 'training_wingman_complete': {'action': 'set', 'int': <NativeTemplate 0>, 'priority': 0, 'float': None, 'string': None, 'block': False, 'player': None, 'condition': None}, 'training_dogfight_complete': {'action': 'set', 'int': <NativeTemplate 0>, 'priority': 0, 'float': None, 'string': None, 'block': False, 'player': None, 'condition': None}, 'right_post_locked_out': {'action': 'set', 'int': <NativeTemplate 0>, 'priority': 0, 'float': None, 'string': None, 'block': False, 'player': None, 'condition': None}}}, key=UUID('5cfce788-35c2-49a4-8e97-fa8ab7b2741e'), condition=None, blocking_facility=None), RegisteredHandler(callback=<bound method ConfigPlayer.config_play_callback of ConfigPlayer.variable_player/variables>, priority=200, kwargs={'calling_context': 'player_added', 'mode': <Mode.mig_letters>, 'settings': {'mig_letter_m': {'action': 'set', 'int': <NativeTemplate 0>, 'priority': 0, 'float': None, 'string': None, 'block': False, 'player': None, 'condition': None}, 'mig_letter_i': {'action': 'set', 'int': <NativeTemplate 0>, 'priority': 0, 'float': None, 'string': None, 'block': False, 'player': None, 'condition': None}, 'mig_letter_g': {'action': 'set', 'int': <NativeTemplate 0>, 'priority': 0, 'float': None, 'string': None, 'block': False, 'player': None, 'condition': None}, 'bonus_multiplier': {'action': 'set', 'int': <NativeTemplate 1>, 'priority': 0, 'float': None, 'string': None, 'block': False, 'player': None, 'condition': None}, 'mig_completing': {'action': 'set', 'int': <NativeTemplate 0>, 'priority': 0, 'float': None, 'string': None, 'block': False, 'player': None, 'condition': None}}}, key=UUID('88f0e8ea-6bb9-432d-a7ea-d402e4e64687'), condition=None, blocking_facility=None)]. The order of those handlers is not defined and they will be executed in random order. This might lead to race conditions and potential bugs.
2026-05-17 15:21:11,056 : INFO : EventManager : Event: ======'mode_mig_letters_starting'====== Args={'queue': <QueuedEvent>, 'player': 1, 'ball': 1, 'balls_remaining': 2, 'is_extra_ball': False}
2026-05-17 15:21:11,056 : INFO : EventManager : Event: ======'mode_top_gun_multiball_locks_will_start'====== Args={'queue': <QueuedEvent>, 'player': 1, 'ball': 1, 'balls_remaining': 2, 'is_extra_ball': False}
2026-05-17 15:21:11,056 : INFO : EventManager : Event: ======'player_top_gun_multiball_locks_lock_diverter_timeout_tick'====== Args={'value': 0, 'prev_value': 0, 'change': 0, 'player_num': 1}
2026-05-17 15:21:11,057 : INFO : EventManager : Event: ======'player_top_gun_multiball_locks_lock_mb_barrier_delay_tick'====== Args={'value': 0, 'prev_value': 0, 'change': 0, 'player_num': 1}
2026-05-17 15:21:11,057 : INFO : EventManager : Event: ======'player_top_gun_multiball_locks_lock_mb_eject_debounce_tick'====== Args={'value': 0, 'prev_value': 0, 'change': 0, 'player_num': 1}
2026-05-17 15:21:11,057 : INFO : EventManager : Event: ======'player_top_gun_multiball_locks_lock_mb_release_delay_tick'====== Args={'value': 0, 'prev_value': 0, 'change': 0, 'player_num': 1}
2026-05-17 15:21:11,057 : INFO : EventManager : Event: ======'player_top_gun_multiball_locks_lock_partial_callout_cooldown_tick'====== Args={'value': 0, 'prev_value': 0, 'change': 0, 'player_num': 1}
2026-05-17 15:21:11,057 : INFO : EventManager : Event: ======'player_top_gun_multiball_locks_mb_mode_choice_timer_tick'====== Args={'value': 15, 'prev_value': 0, 'change': 15, 'player_num': 1}
2026-05-17 15:21:11,059 : INFO : EventManager : Event: ======'player_top_gun_multiball_locks_lock_letter_sound_delay_tick'====== Args={'value': 0, 'prev_value': 0, 'change': 0, 'player_num': 1}
2026-05-17 15:21:11,059 : INFO : EventManager : Event: ======'player_top_gun_multiball_locks_lock_goose_debounce_tick'====== Args={'value': 0, 'prev_value': 0, 'change': 0, 'player_num': 1}
2026-05-17 15:21:11,059 : INFO : EventManager : Event: ======'player_top_gun_multiball_locks_lock_mav_debounce_tick'====== Args={'value': 0, 'prev_value': 0, 'change': 0, 'player_num': 1}
2026-05-17 15:21:11,059 : INFO : EventManager : Event: ======'player_top_gun_multiball_locks_lock_goose_callout_delay_tick'====== Args={'value': 0, 'prev_value': 0, 'change': 0, 'player_num': 1}
2026-05-17 15:21:11,060 : INFO : EventManager : Event: ======'player_top_gun_multiball_locks_lock_goose_serve_delay_tick'====== Args={'value': 0, 'prev_value': 0, 'change': 0, 'player_num': 1}
2026-05-17 15:21:11,060 : INFO : EventManager : Event: ======'player_top_gun_multiball_locks_lock_mav_mb_lit_callout_delay_tick'====== Args={'value': 0, 'prev_value': 0, 'change': 0, 'player_num': 1}
2026-05-17 15:21:11,060 : INFO : EventManager : Event: ======'player_top_gun_multiball_locks_lock_mav_serve_delay_tick'====== Args={'value': 0, 'prev_value': 0, 'change': 0, 'player_num': 1}
2026-05-17 15:21:11,060 : INFO : EventManager : Event: ======'player_top_gun_multiball_locks_lock_resume_arm_tick'====== Args={'value': 0, 'prev_value': 0, 'change': 0, 'player_num': 1}
2026-05-17 15:21:11,074 : INFO : EventManager : Event: ======'mode_top_gun_multiball_locks_starting'====== Args={'queue': <QueuedEvent>, 'player': 1, 'ball': 1, 'balls_remaining': 2, 'is_extra_ball': False}
2026-05-17 15:21:11,074 : INFO : EventManager : Event: ======'mode_pilot_mission_qualifier_will_start'====== Args={'queue': <QueuedEvent>, 'player': 1, 'ball': 1, 'balls_remaining': 2, 'is_extra_ball': False}
2026-05-17 15:21:11,074 : INFO : EventManager : Event: ======'player_pilot_mission_qualifier_spinner_shot_timeout_tick'====== Args={'value': 0, 'prev_value': 0, 'change': 0, 'player_num': 1}
2026-05-17 15:21:11,074 : INFO : EventManager : Event: ======'player_pilot_mission_qualifier_spinner_shot_lockout_tick'====== Args={'value': 0, 'prev_value': 0, 'change': 0, 'player_num': 1}
2026-05-17 15:21:11,074 : INFO : EventManager : Event: ======'player_pilot_mission_qualifier_left_orbit_shot_timeout_tick'====== Args={'value': 0, 'prev_value': 0, 'change': 0, 'player_num': 1}
2026-05-17 15:21:11,074 : INFO : EventManager : Event: ======'player_pilot_mission_qualifier_right_orbit_shot_timeout_tick'====== Args={'value': 0, 'prev_value': 0, 'change': 0, 'player_num': 1}
2026-05-17 15:21:11,075 : INFO : EventManager : Event: ======'player_pilot_mission_qualifier_inverted_bonus_topgun_delay_tick'====== Args={'value': 0, 'prev_value': 0, 'change': 0, 'player_num': 1}
2026-05-17 15:21:11,075 : INFO : EventManager : Event: ======'player_pilot_mission_qualifier_orbit_shot_lockout_timer_tick'====== Args={'value': 0, 'prev_value': 0, 'change': 0, 'player_num': 1}
2026-05-17 15:21:11,075 : INFO : EventManager : Event: ======'player_pilot_mission_qualifier_post_plunge_orbit_lockout_tick'====== Args={'value': 0, 'prev_value': 0, 'change': 0, 'player_num': 1}
2026-05-17 15:21:11,075 : INFO : EventManager : Event: ======'player_pilot_mission_qualifier_post_mb_barrier_restore_tick'====== Args={'value': 0, 'prev_value': 0, 'change': 0, 'player_num': 1}
2026-05-17 15:21:11,075 : INFO : EventManager : Event: ======'player_pilot_mission_qualifier_left_diverter_tl_hold_tick'====== Args={'value': 0, 'prev_value': 0, 'change': 0, 'player_num': 1}
2026-05-17 15:21:11,076 : INFO : EventManager : Event: ======'player_pilot_mission_qualifier_global_scoop_eject_delay_tick'====== Args={'value': 0, 'prev_value': 0, 'change': 0, 'player_num': 1}
2026-05-17 15:21:11,076 : INFO : EventManager : Event: ======'player_pilot_mission_qualifier_skillshot_video_running_tick'====== Args={'value': 0, 'prev_value': 0, 'change': 0, 'player_num': 1}
2026-05-17 15:21:11,076 : INFO : EventManager : Event: ======'player_pilot_mission_qualifier_topgun_ll_qualify_window_tick'====== Args={'value': 0, 'prev_value': 0, 'change': 0, 'player_num': 1}
2026-05-17 15:21:11,078 : INFO : EventManager : Unordered handler for class ConfigPlayer.event_player/events on event mode_hard_deck_charlie_started with priority 200. Handlers: [RegisteredHandler(callback=<bound method ConfigPlayer.config_play_callback of ConfigPlayer.event_player/events>, priority=200, kwargs={'calling_context': 'mode_hard_deck_charlie_started', 'mode': <Mode.iceman_letters>, 'settings': {'stop_all_training_pulse_shows': [{'condition': None, 'number': None, 'priority': 0, 'params': {}}]}}, key=UUID('4df640e1-dc59-4bcd-92cf-496a61e7b480'), condition=None, blocking_facility=None), RegisteredHandler(callback=<bound method ConfigPlayer.config_play_callback of ConfigPlayer.event_player/events>, priority=200, kwargs={'calling_context': 'mode_hard_deck_charlie_started', 'mode': <Mode.hard_deck_qualifiers>, 'settings': {'hd_stop_pulse_show': [{'condition': None, 'number': None, 'priority': 0, 'params': {}}]}}, key=UUID('8076e021-2aec-47eb-b35d-1ea491176064'), condition=None, blocking_facility=None)]. The order of those handlers is not defined and they will be executed in random order. This might lead to race conditions and potential bugs.
2026-05-17 15:21:11,078 : INFO : EventManager : Unordered handler for class ConfigPlayer.event_player/events on event mode_hard_deck_playing_with_the_boys_started with priority 200. Handlers: [RegisteredHandler(callback=<bound method ConfigPlayer.config_play_callback of ConfigPlayer.event_player/events>, priority=200, kwargs={'calling_context': 'mode_hard_deck_playing_with_the_boys_started', 'mode': <Mode.iceman_letters>, 'settings': {'stop_all_training_pulse_shows': [{'condition': None, 'number': None, 'priority': 0, 'params': {}}]}}, key=UUID('07024919-147e-41c1-8df4-d8c4328b5767'), condition=None, blocking_facility=None), RegisteredHandler(callback=<bound method ConfigPlayer.config_play_callback of ConfigPlayer.event_player/events>, priority=200, kwargs={'calling_context': 'mode_hard_deck_playing_with_the_boys_started', 'mode': <Mode.hard_deck_qualifiers>, 'settings': {'hd_stop_pulse_show': [{'condition': None, 'number': None, 'priority': 0, 'params': {}}]}}, key=UUID('2f92c791-eb3a-49b5-8ea9-23bbabfe95da'), condition=None, blocking_facility=None)]. The order of those handlers is not defined and they will be executed in random order. This might lead to race conditions and potential bugs.
2026-05-17 15:21:11,078 : INFO : EventManager : Unordered handler for class ConfigPlayer.event_player/events on event mode_hard_deck_maverick_and_penny_started with priority 200. Handlers: [RegisteredHandler(callback=<bound method ConfigPlayer.config_play_callback of ConfigPlayer.event_player/events>, priority=200, kwargs={'calling_context': 'mode_hard_deck_maverick_and_penny_started', 'mode': <Mode.iceman_letters>, 'settings': {'stop_all_training_pulse_shows': [{'condition': None, 'number': None, 'priority': 0, 'params': {}}]}}, key=UUID('ebe20ee0-a3a9-4e3b-8afc-cea644785702'), condition=None, blocking_facility=None), RegisteredHandler(callback=<bound method ConfigPlayer.config_play_callback of ConfigPlayer.event_player/events>, priority=200, kwargs={'calling_context': 'mode_hard_deck_maverick_and_penny_started', 'mode': <Mode.hard_deck_qualifiers>, 'settings': {'hd_stop_pulse_show': [{'condition': None, 'number': None, 'priority': 0, 'params': {}}]}}, key=UUID('e552ae57-63a9-493b-b8a4-2380bca0ec0c'), condition=None, blocking_facility=None)]. The order of those handlers is not defined and they will be executed in random order. This might lead to race conditions and potential bugs.
2026-05-17 15:21:11,078 : INFO : EventManager : Unordered handler for class ConfigPlayer.event_player/events on event mode_hard_deck_honoring_iceman_started with priority 200. Handlers: [RegisteredHandler(callback=<bound method ConfigPlayer.config_play_callback of ConfigPlayer.event_player/events>, priority=200, kwargs={'calling_context': 'mode_hard_deck_honoring_iceman_started', 'mode': <Mode.iceman_letters>, 'settings': {'stop_all_training_pulse_shows': [{'condition': None, 'number': None, 'priority': 0, 'params': {}}]}}, key=UUID('695edbf8-eb59-4a9e-86ab-c53e942419ed'), condition=None, blocking_facility=None), RegisteredHandler(callback=<bound method ConfigPlayer.config_play_callback of ConfigPlayer.event_player/events>, priority=200, kwargs={'calling_context': 'mode_hard_deck_honoring_iceman_started', 'mode': <Mode.hard_deck_qualifiers>, 'settings': {'hd_stop_pulse_show': [{'condition': None, 'number': None, 'priority': 0, 'params': {}}]}}, key=UUID('75681999-54ca-412b-a9da-cc963e94676f'), condition=None, blocking_facility=None)]. The order of those handlers is not defined and they will be executed in random order. This might lead to race conditions and potential bugs.
2026-05-17 15:21:11,078 : INFO : EventManager : Unordered handler for class ConfigPlayer.coil_player/coils on event mode_pilot_training_mission_inverted_started with priority 200. Handlers: [RegisteredHandler(callback=<bound method ConfigPlayer.config_play_callback of ConfigPlayer.coil_player/coils>, priority=200, kwargs={'calling_context': 'mode_pilot_training_mission_inverted_started', 'mode': <Mode.iceman_letters>, 'settings': {<coil.c_mode_barrier>: {'action': 'off', 'priority': 0, 'hold_power': None, 'pulse_power': None, 'pulse_ms': None, 'max_wait_ms': None}}}, key=UUID('dc1b0d27-7316-43c2-be8b-7678e694ffc8'), condition=None, blocking_facility=None), RegisteredHandler(callback=<bound method ConfigPlayer.config_play_callback of ConfigPlayer.coil_player/coils>, priority=200, kwargs={'calling_context': 'mode_pilot_training_mission_inverted_started', 'mode': <Mode.pilot_mission_qualifier>, 'settings': {<coil.c_mode_barrier>: {'action': 'disable', 'priority': 0, 'hold_power': None, 'pulse_power': None, 'pulse_ms': None, 'max_wait_ms': None}}}, key=UUID('18441a7a-b2ad-4793-8262-81e8504df2f6'), condition=None, blocking_facility=None)]. The order of those handlers is not defined and they will be executed in random order. This might lead to race conditions and potential bugs.
2026-05-17 15:21:11,078 : INFO : EventManager : Unordered handler for class ConfigPlayer.coil_player/coils on event mode_pilot_training_mission_missiles_started with priority 200. Handlers: [RegisteredHandler(callback=<bound method ConfigPlayer.config_play_callback of ConfigPlayer.coil_player/coils>, priority=200, kwargs={'calling_context': 'mode_pilot_training_mission_missiles_started', 'mode': <Mode.iceman_letters>, 'settings': {<coil.c_mode_barrier>: {'action': 'off', 'priority': 0, 'hold_power': None, 'pulse_power': None, 'pulse_ms': None, 'max_wait_ms': None}}}, key=UUID('dac81be5-c0a3-458b-b4c6-4e721624cf65'), condition=None, blocking_facility=None), RegisteredHandler(callback=<bound method ConfigPlayer.config_play_callback of ConfigPlayer.coil_player/coils>, priority=200, kwargs={'calling_context': 'mode_pilot_training_mission_missiles_started', 'mode': <Mode.pilot_mission_qualifier>, 'settings': {<coil.c_mode_barrier>: {'action': 'disable', 'priority': 0, 'hold_power': None, 'pulse_power': None, 'pulse_ms': None, 'max_wait_ms': None}}}, key=UUID('04a5796b-336f-4fb6-9f33-1ec08e474509'), condition=None, blocking_facility=None)]. The order of those handlers is not defined and they will be executed in random order. This might lead to race conditions and potential bugs.
2026-05-17 15:21:11,079 : INFO : EventManager : Unordered handler for class ConfigPlayer.coil_player/coils on event mode_pilot_training_mission_afterburner_started with priority 200. Handlers: [RegisteredHandler(callback=<bound method ConfigPlayer.config_play_callback of ConfigPlayer.coil_player/coils>, priority=200, kwargs={'calling_context': 'mode_pilot_training_mission_afterburner_started', 'mode': <Mode.iceman_letters>, 'settings': {<coil.c_mode_barrier>: {'action': 'off', 'priority': 0, 'hold_power': None, 'pulse_power': None, 'pulse_ms': None, 'max_wait_ms': None}}}, key=UUID('3ff9bcd8-5416-43cf-8e5c-4cf9c475adcb'), condition=None, blocking_facility=None), RegisteredHandler(callback=<bound method ConfigPlayer.config_play_callback of ConfigPlayer.coil_player/coils>, priority=200, kwargs={'calling_context': 'mode_pilot_training_mission_afterburner_started', 'mode': <Mode.pilot_mission_qualifier>, 'settings': {<coil.c_mode_barrier>: {'action': 'disable', 'priority': 0, 'hold_power': None, 'pulse_power': None, 'pulse_ms': None, 'max_wait_ms': None}}}, key=UUID('5d7b0a2d-7724-4432-be7e-258379024dbb'), condition=None, blocking_facility=None)]. The order of those handlers is not defined and they will be executed in random order. This might lead to race conditions and potential bugs.
2026-05-17 15:21:11,079 : INFO : EventManager : Unordered handler for class ConfigPlayer.coil_player/coils on event mode_pilot_training_mission_wingman_started with priority 200. Handlers: [RegisteredHandler(callback=<bound method ConfigPlayer.config_play_callback of ConfigPlayer.coil_player/coils>, priority=200, kwargs={'calling_context': 'mode_pilot_training_mission_wingman_started', 'mode': <Mode.iceman_letters>, 'settings': {<coil.c_mode_barrier>: {'action': 'off', 'priority': 0, 'hold_power': None, 'pulse_power': None, 'pulse_ms': None, 'max_wait_ms': None}}}, key=UUID('5527b4fa-b81a-4fc3-943c-a42b2ea613c8'), condition=None, blocking_facility=None), RegisteredHandler(callback=<bound method ConfigPlayer.config_play_callback of ConfigPlayer.coil_player/coils>, priority=200, kwargs={'calling_context': 'mode_pilot_training_mission_wingman_started', 'mode': <Mode.pilot_mission_qualifier>, 'settings': {<coil.c_mode_barrier>: {'action': 'disable', 'priority': 0, 'hold_power': None, 'pulse_power': None, 'pulse_ms': None, 'max_wait_ms': None}}}, key=UUID('91f748ee-220d-4c5a-9fea-a4bb696ba9a7'), condition=None, blocking_facility=None)]. The order of those handlers is not defined and they will be executed in random order. This might lead to race conditions and potential bugs.
2026-05-17 15:21:11,112 : INFO : EventManager : Unordered handler for class ConfigPlayer.event_player/events on event mode_rescue_cougar_started with priority 200. Handlers: [RegisteredHandler(callback=<bound method ConfigPlayer.config_play_callback of ConfigPlayer.event_player/events>, priority=200, kwargs={'calling_context': 'mode_rescue_cougar_started', 'mode': <Mode.iceman_letters>, 'settings': {'stop_all_training_pulse_shows': [{'condition': None, 'number': None, 'priority': 0, 'params': {}}]}}, key=UUID('bf577544-2375-4116-b6c6-5836d60c46a2'), condition=None, blocking_facility=None), RegisteredHandler(callback=<bound method ConfigPlayer.config_play_callback of ConfigPlayer.event_player/events>, priority=200, kwargs={'calling_context': 'mode_rescue_cougar_started', 'mode': <Mode.pilot_mission_qualifier>, 'settings': {'reset_topgun_letters': [{'condition': None, 'number': None, 'priority': 0, 'params': {}}], 'check_all_pilot_modes_played': [{'condition': None, 'number': None, 'priority': 0, 'params': {}}], 'ball_search_reset': [{'condition': None, 'number': None, 'priority': 0, 'params': {}}], 'ball_search_block': [{'condition': None, 'number': None, 'priority': 0, 'params': {}}]}}, key=UUID('b1580a5c-23bd-4b46-9df8-3e59e931606a'), condition=None, blocking_facility=None)]. The order of those handlers is not defined and they will be executed in random order. This might lead to race conditions and potential bugs.
2026-05-17 15:21:11,112 : INFO : EventManager : Unordered handler for class ConfigPlayer.event_player/events on event mode_cool_under_pressure_started with priority 200. Handlers: [RegisteredHandler(callback=<bound method ConfigPlayer.config_play_callback of ConfigPlayer.event_player/events>, priority=200, kwargs={'calling_context': 'mode_cool_under_pressure_started', 'mode': <Mode.iceman_letters>, 'settings': {'stop_all_training_pulse_shows': [{'condition': None, 'number': None, 'priority': 0, 'params': {}}]}}, key=UUID('c32612ff-4100-4e73-95fe-21161c232c3e'), condition=None, blocking_facility=None), RegisteredHandler(callback=<bound method ConfigPlayer.config_play_callback of ConfigPlayer.event_player/events>, priority=200, kwargs={'calling_context': 'mode_cool_under_pressure_started', 'mode': <Mode.pilot_mission_qualifier>, 'settings': {'reset_topgun_letters': [{'condition': None, 'number': None, 'priority': 0, 'params': {}}], 'check_all_pilot_modes_played': [{'condition': None, 'number': None, 'priority': 0, 'params': {}}], 'ball_search_reset': [{'condition': None, 'number': None, 'priority': 0, 'params': {}}], 'ball_search_block': [{'condition': None, 'number': None, 'priority': 0, 'params': {}}]}}, key=UUID('07a4882b-05b0-4666-a0d0-575a4a502d40'), condition=None, blocking_facility=None)]. The order of those handlers is not defined and they will be executed in random order. This might lead to race conditions and potential bugs.
2026-05-17 15:21:11,112 : INFO : EventManager : Unordered handler for class ConfigPlayer.event_player/events on event mode_battle_jester_started with priority 200. Handlers: [RegisteredHandler(callback=<bound method ConfigPlayer.config_play_callback of ConfigPlayer.event_player/events>, priority=200, kwargs={'calling_context': 'mode_battle_jester_started', 'mode': <Mode.iceman_letters>, 'settings': {'stop_all_training_pulse_shows': [{'condition': None, 'number': None, 'priority': 0, 'params': {}}]}}, key=UUID('bc88abdb-350d-4d94-a406-3ea12da819da'), condition=None, blocking_facility=None), RegisteredHandler(callback=<bound method ConfigPlayer.config_play_callback of ConfigPlayer.event_player/events>, priority=200, kwargs={'calling_context': 'mode_battle_jester_started', 'mode': <Mode.pilot_mission_qualifier>, 'settings': {'reset_topgun_letters': [{'condition': None, 'number': None, 'priority': 0, 'params': {}}], 'check_all_pilot_modes_played': [{'condition': None, 'number': None, 'priority': 0, 'params': {}}], 'ball_search_reset': [{'condition': None, 'number': None, 'priority': 0, 'params': {}}], 'ball_search_block': [{'condition': None, 'number': None, 'priority': 0, 'params': {}}]}}, key=UUID('96efde86-6602-4397-a750-9a3669ccfc8d'), condition=None, blocking_facility=None)]. The order of those handlers is not defined and they will be executed in random order. This might lead to race conditions and potential bugs.
2026-05-17 15:21:11,113 : INFO : EventManager : Unordered handler for class ConfigPlayer.event_player/events on event mode_no_points_for_second_place_started with priority 200. Handlers: [RegisteredHandler(callback=<bound method ConfigPlayer.config_play_callback of ConfigPlayer.event_player/events>, priority=200, kwargs={'calling_context': 'mode_no_points_for_second_place_started', 'mode': <Mode.iceman_letters>, 'settings': {'stop_all_training_pulse_shows': [{'condition': None, 'number': None, 'priority': 0, 'params': {}}]}}, key=UUID('ce83890e-e31c-4533-b868-69f275587210'), condition=None, blocking_facility=None), RegisteredHandler(callback=<bound method ConfigPlayer.config_play_callback of ConfigPlayer.event_player/events>, priority=200, kwargs={'calling_context': 'mode_no_points_for_second_place_started', 'mode': <Mode.pilot_mission_qualifier>, 'settings': {'reset_topgun_letters': [{'condition': None, 'number': None, 'priority': 0, 'params': {}}], 'check_all_pilot_modes_played': [{'condition': None, 'number': None, 'priority': 0, 'params': {}}], 'ball_search_reset': [{'condition': None, 'number': None, 'priority': 0, 'params': {}}], 'ball_search_block': [{'condition': None, 'number': None, 'priority': 0, 'params': {}}]}}, key=UUID('a527900b-d09f-4234-89ad-5059ab31b299'), condition=None, blocking_facility=None)]. The order of those handlers is not defined and they will be executed in random order. This might lead to race conditions and potential bugs.
2026-05-17 15:21:11,113 : INFO : EventManager : Unordered handler for class ConfigPlayer.event_player/events on event mode_edge_of_space_started with priority 200. Handlers: [RegisteredHandler(callback=<bound method ConfigPlayer.config_play_callback of ConfigPlayer.event_player/events>, priority=200, kwargs={'calling_context': 'mode_edge_of_space_started', 'mode': <Mode.iceman_letters>, 'settings': {'stop_all_training_pulse_shows': [{'condition': None, 'number': None, 'priority': 0, 'params': {}}]}}, key=UUID('66f589f8-717f-45d8-9b6b-754a9c8b6ae0'), condition=None, blocking_facility=None), RegisteredHandler(callback=<bound method ConfigPlayer.config_play_callback of ConfigPlayer.event_player/events>, priority=200, kwargs={'calling_context': 'mode_edge_of_space_started', 'mode': <Mode.pilot_mission_qualifier>, 'settings': {'reset_topgun_letters': [{'condition': None, 'number': None, 'priority': 0, 'params': {}}], 'check_all_pilot_modes_played': [{'condition': None, 'number': None, 'priority': 0, 'params': {}}], 'ball_search_reset': [{'condition': None, 'number': None, 'priority': 0, 'params': {}}], 'ball_search_block': [{'condition': None, 'number': None, 'priority': 0, 'params': {}}]}}, key=UUID('ff84c46a-5365-4746-9419-e184b9ea1e8b'), condition=None, blocking_facility=None)]. The order of those handlers is not defined and they will be executed in random order. This might lead to race conditions and potential bugs.
2026-05-17 15:21:11,113 : INFO : EventManager : Unordered handler for class ConfigPlayer.event_player/events on event mode_below_the_hard_deck_started with priority 200. Handlers: [RegisteredHandler(callback=<bound method ConfigPlayer.config_play_callback of ConfigPlayer.event_player/events>, priority=200, kwargs={'calling_context': 'mode_below_the_hard_deck_started', 'mode': <Mode.iceman_letters>, 'settings': {'stop_all_training_pulse_shows': [{'condition': None, 'number': None, 'priority': 0, 'params': {}}]}}, key=UUID('e2661cef-32b3-49a1-a71d-9f720a81f724'), condition=None, blocking_facility=None), RegisteredHandler(callback=<bound method ConfigPlayer.config_play_callback of ConfigPlayer.event_player/events>, priority=200, kwargs={'calling_context': 'mode_below_the_hard_deck_started', 'mode': <Mode.pilot_mission_qualifier>, 'settings': {'reset_topgun_letters': [{'condition': None, 'number': None, 'priority': 0, 'params': {}}], 'check_all_pilot_modes_played': [{'condition': None, 'number': None, 'priority': 0, 'params': {}}], 'ball_search_reset': [{'condition': None, 'number': None, 'priority': 0, 'params': {}}], 'ball_search_block': [{'condition': None, 'number': None, 'priority': 0, 'params': {}}]}}, key=UUID('a41bdc0f-7abf-4493-b7cb-4a9040a51ec0'), condition=None, blocking_facility=None)]. The order of those handlers is not defined and they will be executed in random order. This might lead to race conditions and potential bugs.
2026-05-17 15:21:11,113 : INFO : EventManager : Unordered handler for class ConfigPlayer.event_player/events on event mode_canyon_run_started with priority 200. Handlers: [RegisteredHandler(callback=<bound method ConfigPlayer.config_play_callback of ConfigPlayer.event_player/events>, priority=200, kwargs={'calling_context': 'mode_canyon_run_started', 'mode': <Mode.iceman_letters>, 'settings': {'stop_all_training_pulse_shows': [{'condition': None, 'number': None, 'priority': 0, 'params': {}}]}}, key=UUID('1d5a3687-f0fb-4697-b124-12e3b800a2b6'), condition=None, blocking_facility=None), RegisteredHandler(callback=<bound method ConfigPlayer.config_play_callback of ConfigPlayer.event_player/events>, priority=200, kwargs={'calling_context': 'mode_canyon_run_started', 'mode': <Mode.pilot_mission_qualifier>, 'settings': {'reset_topgun_letters': [{'condition': None, 'number': None, 'priority': 0, 'params': {}}], 'check_all_pilot_modes_played': [{'condition': None, 'number': None, 'priority': 0, 'params': {}}], 'ball_search_reset': [{'condition': None, 'number': None, 'priority': 0, 'params': {}}], 'ball_search_block': [{'condition': None, 'number': None, 'priority': 0, 'params': {}}]}}, key=UUID('8a8538de-99f2-402d-97aa-894254cf59db'), condition=None, blocking_facility=None)]. The order of those handlers is not defined and they will be executed in random order. This might lead to race conditions and potential bugs.
2026-05-17 15:21:11,113 : INFO : EventManager : Unordered handler for class ConfigPlayer.event_player/events on event mode_rise_of_phoenix_started with priority 200. Handlers: [RegisteredHandler(callback=<bound method ConfigPlayer.config_play_callback of ConfigPlayer.event_player/events>, priority=200, kwargs={'calling_context': 'mode_rise_of_phoenix_started', 'mode': <Mode.iceman_letters>, 'settings': {'stop_all_training_pulse_shows': [{'condition': None, 'number': None, 'priority': 0, 'params': {}}]}}, key=UUID('ee9c1411-78ed-4125-9e01-9a6994810ba8'), condition=None, blocking_facility=None), RegisteredHandler(callback=<bound method ConfigPlayer.config_play_callback of ConfigPlayer.event_player/events>, priority=200, kwargs={'calling_context': 'mode_rise_of_phoenix_started', 'mode': <Mode.pilot_mission_qualifier>, 'settings': {'reset_topgun_letters': [{'condition': None, 'number': None, 'priority': 0, 'params': {}}], 'check_all_pilot_modes_played': [{'condition': None, 'number': None, 'priority': 0, 'params': {}}], 'ball_search_reset': [{'condition': None, 'number': None, 'priority': 0, 'params': {}}], 'ball_search_block': [{'condition': None, 'number': None, 'priority': 0, 'params': {}}]}}, key=UUID('0930b267-1d1d-4f3a-96c5-f6f968d05dc5'), condition=None, blocking_facility=None)]. The order of those handlers is not defined and they will be executed in random order. This might lead to race conditions and potential bugs.
2026-05-17 15:21:11,113 : INFO : EventManager : Unordered handler for class ConfigPlayer.event_player/events on event mode_no_margin_for_error_started with priority 200. Handlers: [RegisteredHandler(callback=<bound method ConfigPlayer.config_play_callback of ConfigPlayer.event_player/events>, priority=200, kwargs={'calling_context': 'mode_no_margin_for_error_started', 'mode': <Mode.iceman_letters>, 'settings': {'stop_all_training_pulse_shows': [{'condition': None, 'number': None, 'priority': 0, 'params': {}}]}}, key=UUID('d5a4779e-9835-40e2-af10-6404492360a7'), condition=None, blocking_facility=None), RegisteredHandler(callback=<bound method ConfigPlayer.config_play_callback of ConfigPlayer.event_player/events>, priority=200, kwargs={'calling_context': 'mode_no_margin_for_error_started', 'mode': <Mode.pilot_mission_qualifier>, 'settings': {'reset_topgun_letters': [{'condition': None, 'number': None, 'priority': 0, 'params': {}}], 'check_all_pilot_modes_played': [{'condition': None, 'number': None, 'priority': 0, 'params': {}}], 'ball_search_reset': [{'condition': None, 'number': None, 'priority': 0, 'params': {}}], 'ball_search_block': [{'condition': None, 'number': None, 'priority': 0, 'params': {}}]}}, key=UUID('bdd295fe-d0ba-44f9-86d5-d5d2a75b88e8'), condition=None, blocking_facility=None)]. The order of those handlers is not defined and they will be executed in random order. This might lead to race conditions and potential bugs.
2026-05-17 15:21:11,113 : INFO : EventManager : Unordered handler for class ConfigPlayer.event_player/events on event mode_hard_deck_charlie_started with priority 200. Handlers: [RegisteredHandler(callback=<bound method ConfigPlayer.config_play_callback of ConfigPlayer.event_player/events>, priority=200, kwargs={'calling_context': 'mode_hard_deck_charlie_started', 'mode': <Mode.iceman_letters>, 'settings': {'stop_all_training_pulse_shows': [{'condition': None, 'number': None, 'priority': 0, 'params': {}}]}}, key=UUID('4df640e1-dc59-4bcd-92cf-496a61e7b480'), condition=None, blocking_facility=None), RegisteredHandler(callback=<bound method ConfigPlayer.config_play_callback of ConfigPlayer.event_player/events>, priority=200, kwargs={'calling_context': 'mode_hard_deck_charlie_started', 'mode': <Mode.hard_deck_qualifiers>, 'settings': {'hd_stop_pulse_show': [{'condition': None, 'number': None, 'priority': 0, 'params': {}}]}}, key=UUID('8076e021-2aec-47eb-b35d-1ea491176064'), condition=None, blocking_facility=None), RegisteredHandler(callback=<bound method ConfigPlayer.config_play_callback of ConfigPlayer.event_player/events>, priority=200, kwargs={'calling_context': 'mode_hard_deck_charlie_started', 'mode': <Mode.pilot_mission_qualifier>, 'settings': {'ball_search_reset': [{'condition': None, 'number': None, 'priority': 0, 'params': {}}], 'ball_search_block': [{'condition': None, 'number': None, 'priority': 0, 'params': {}}]}}, key=UUID('30747ef6-173c-4d01-bef3-f1fb7ea8ae03'), condition=None, blocking_facility=None)]. The order of those handlers is not defined and they will be executed in random order. This might lead to race conditions and potential bugs.
2026-05-17 15:21:11,113 : INFO : EventManager : Unordered handler for class ConfigPlayer.event_player/events on event mode_hard_deck_charlie_started with priority 200. Handlers: [RegisteredHandler(callback=<bound method ConfigPlayer.config_play_callback of ConfigPlayer.event_player/events>, priority=200, kwargs={'calling_context': 'mode_hard_deck_charlie_started', 'mode': <Mode.iceman_letters>, 'settings': {'stop_all_training_pulse_shows': [{'condition': None, 'number': None, 'priority': 0, 'params': {}}]}}, key=UUID('4df640e1-dc59-4bcd-92cf-496a61e7b480'), condition=None, blocking_facility=None), RegisteredHandler(callback=<bound method ConfigPlayer.config_play_callback of ConfigPlayer.event_player/events>, priority=200, kwargs={'calling_context': 'mode_hard_deck_charlie_started', 'mode': <Mode.hard_deck_qualifiers>, 'settings': {'hd_stop_pulse_show': [{'condition': None, 'number': None, 'priority': 0, 'params': {}}]}}, key=UUID('8076e021-2aec-47eb-b35d-1ea491176064'), condition=None, blocking_facility=None), RegisteredHandler(callback=<bound method ConfigPlayer.config_play_callback of ConfigPlayer.event_player/events>, priority=200, kwargs={'calling_context': 'mode_hard_deck_charlie_started', 'mode': <Mode.pilot_mission_qualifier>, 'settings': {'ball_search_reset': [{'condition': None, 'number': None, 'priority': 0, 'params': {}}], 'ball_search_block': [{'condition': None, 'number': None, 'priority': 0, 'params': {}}]}}, key=UUID('30747ef6-173c-4d01-bef3-f1fb7ea8ae03'), condition=None, blocking_facility=None)]. The order of those handlers is not defined and they will be executed in random order. This might lead to race conditions and potential bugs.
2026-05-17 15:21:11,114 : INFO : EventManager : Unordered handler for class ConfigPlayer.event_player/events on event mode_hard_deck_playing_with_the_boys_started with priority 200. Handlers: [RegisteredHandler(callback=<bound method ConfigPlayer.config_play_callback of ConfigPlayer.event_player/events>, priority=200, kwargs={'calling_context': 'mode_hard_deck_playing_with_the_boys_started', 'mode': <Mode.iceman_letters>, 'settings': {'stop_all_training_pulse_shows': [{'condition': None, 'number': None, 'priority': 0, 'params': {}}]}}, key=UUID('07024919-147e-41c1-8df4-d8c4328b5767'), condition=None, blocking_facility=None), RegisteredHandler(callback=<bound method ConfigPlayer.config_play_callback of ConfigPlayer.event_player/events>, priority=200, kwargs={'calling_context': 'mode_hard_deck_playing_with_the_boys_started', 'mode': <Mode.hard_deck_qualifiers>, 'settings': {'hd_stop_pulse_show': [{'condition': None, 'number': None, 'priority': 0, 'params': {}}]}}, key=UUID('2f92c791-eb3a-49b5-8ea9-23bbabfe95da'), condition=None, blocking_facility=None), RegisteredHandler(callback=<bound method ConfigPlayer.config_play_callback of ConfigPlayer.event_player/events>, priority=200, kwargs={'calling_context': 'mode_hard_deck_playing_with_the_boys_started', 'mode': <Mode.pilot_mission_qualifier>, 'settings': {'ball_search_reset': [{'condition': None, 'number': None, 'priority': 0, 'params': {}}], 'ball_search_block': [{'condition': None, 'number': None, 'priority': 0, 'params': {}}]}}, key=UUID('a6990b8a-6699-4b5d-a7d3-81d4bff074bb'), condition=None, blocking_facility=None)]. The order of those handlers is not defined and they will be executed in random order. This might lead to race conditions and potential bugs.
2026-05-17 15:21:11,114 : INFO : EventManager : Unordered handler for class ConfigPlayer.event_player/events on event mode_hard_deck_playing_with_the_boys_started with priority 200. Handlers: [RegisteredHandler(callback=<bound method ConfigPlayer.config_play_callback of ConfigPlayer.event_player/events>, priority=200, kwargs={'calling_context': 'mode_hard_deck_playing_with_the_boys_started', 'mode': <Mode.iceman_letters>, 'settings': {'stop_all_training_pulse_shows': [{'condition': None, 'number': None, 'priority': 0, 'params': {}}]}}, key=UUID('07024919-147e-41c1-8df4-d8c4328b5767'), condition=None, blocking_facility=None), RegisteredHandler(callback=<bound method ConfigPlayer.config_play_callback of ConfigPlayer.event_player/events>, priority=200, kwargs={'calling_context': 'mode_hard_deck_playing_with_the_boys_started', 'mode': <Mode.hard_deck_qualifiers>, 'settings': {'hd_stop_pulse_show': [{'condition': None, 'number': None, 'priority': 0, 'params': {}}]}}, key=UUID('2f92c791-eb3a-49b5-8ea9-23bbabfe95da'), condition=None, blocking_facility=None), RegisteredHandler(callback=<bound method ConfigPlayer.config_play_callback of ConfigPlayer.event_player/events>, priority=200, kwargs={'calling_context': 'mode_hard_deck_playing_with_the_boys_started', 'mode': <Mode.pilot_mission_qualifier>, 'settings': {'ball_search_reset': [{'condition': None, 'number': None, 'priority': 0, 'params': {}}], 'ball_search_block': [{'condition': None, 'number': None, 'priority': 0, 'params': {}}]}}, key=UUID('a6990b8a-6699-4b5d-a7d3-81d4bff074bb'), condition=None, blocking_facility=None)]. The order of those handlers is not defined and they will be executed in random order. This might lead to race conditions and potential bugs.
2026-05-17 15:21:11,114 : INFO : EventManager : Unordered handler for class ConfigPlayer.event_player/events on event mode_hard_deck_maverick_and_penny_started with priority 200. Handlers: [RegisteredHandler(callback=<bound method ConfigPlayer.config_play_callback of ConfigPlayer.event_player/events>, priority=200, kwargs={'calling_context': 'mode_hard_deck_maverick_and_penny_started', 'mode': <Mode.iceman_letters>, 'settings': {'stop_all_training_pulse_shows': [{'condition': None, 'number': None, 'priority': 0, 'params': {}}]}}, key=UUID('ebe20ee0-a3a9-4e3b-8afc-cea644785702'), condition=None, blocking_facility=None), RegisteredHandler(callback=<bound method ConfigPlayer.config_play_callback of ConfigPlayer.event_player/events>, priority=200, kwargs={'calling_context': 'mode_hard_deck_maverick_and_penny_started', 'mode': <Mode.hard_deck_qualifiers>, 'settings': {'hd_stop_pulse_show': [{'condition': None, 'number': None, 'priority': 0, 'params': {}}]}}, key=UUID('e552ae57-63a9-493b-b8a4-2380bca0ec0c'), condition=None, blocking_facility=None), RegisteredHandler(callback=<bound method ConfigPlayer.config_play_callback of ConfigPlayer.event_player/events>, priority=200, kwargs={'calling_context': 'mode_hard_deck_maverick_and_penny_started', 'mode': <Mode.pilot_mission_qualifier>, 'settings': {'ball_search_reset': [{'condition': None, 'number': None, 'priority': 0, 'params': {}}], 'ball_search_block': [{'condition': None, 'number': None, 'priority': 0, 'params': {}}]}}, key=UUID('7ffb09c9-0fb2-4cf4-b0a5-7ed255e11484'), condition=None, blocking_facility=None)]. The order of those handlers is not defined and they will be executed in random order. This might lead to race conditions and potential bugs.
2026-05-17 15:21:11,114 : INFO : EventManager : Unordered handler for class ConfigPlayer.event_player/events on event mode_hard_deck_maverick_and_penny_started with priority 200. Handlers: [RegisteredHandler(callback=<bound method ConfigPlayer.config_play_callback of ConfigPlayer.event_player/events>, priority=200, kwargs={'calling_context': 'mode_hard_deck_maverick_and_penny_started', 'mode': <Mode.iceman_letters>, 'settings': {'stop_all_training_pulse_shows': [{'condition': None, 'number': None, 'priority': 0, 'params': {}}]}}, key=UUID('ebe20ee0-a3a9-4e3b-8afc-cea644785702'), condition=None, blocking_facility=None), RegisteredHandler(callback=<bound method ConfigPlayer.config_play_callback of ConfigPlayer.event_player/events>, priority=200, kwargs={'calling_context': 'mode_hard_deck_maverick_and_penny_started', 'mode': <Mode.hard_deck_qualifiers>, 'settings': {'hd_stop_pulse_show': [{'condition': None, 'number': None, 'priority': 0, 'params': {}}]}}, key=UUID('e552ae57-63a9-493b-b8a4-2380bca0ec0c'), condition=None, blocking_facility=None), RegisteredHandler(callback=<bound method ConfigPlayer.config_play_callback of ConfigPlayer.event_player/events>, priority=200, kwargs={'calling_context': 'mode_hard_deck_maverick_and_penny_started', 'mode': <Mode.pilot_mission_qualifier>, 'settings': {'ball_search_reset': [{'condition': None, 'number': None, 'priority': 0, 'params': {}}], 'ball_search_block': [{'condition': None, 'number': None, 'priority': 0, 'params': {}}]}}, key=UUID('7ffb09c9-0fb2-4cf4-b0a5-7ed255e11484'), condition=None, blocking_facility=None)]. The order of those handlers is not defined and they will be executed in random order. This might lead to race conditions and potential bugs.
2026-05-17 15:21:11,114 : INFO : EventManager : Unordered handler for class ConfigPlayer.event_player/events on event mode_hard_deck_honoring_iceman_started with priority 200. Handlers: [RegisteredHandler(callback=<bound method ConfigPlayer.config_play_callback of ConfigPlayer.event_player/events>, priority=200, kwargs={'calling_context': 'mode_hard_deck_honoring_iceman_started', 'mode': <Mode.iceman_letters>, 'settings': {'stop_all_training_pulse_shows': [{'condition': None, 'number': None, 'priority': 0, 'params': {}}]}}, key=UUID('695edbf8-eb59-4a9e-86ab-c53e942419ed'), condition=None, blocking_facility=None), RegisteredHandler(callback=<bound method ConfigPlayer.config_play_callback of ConfigPlayer.event_player/events>, priority=200, kwargs={'calling_context': 'mode_hard_deck_honoring_iceman_started', 'mode': <Mode.hard_deck_qualifiers>, 'settings': {'hd_stop_pulse_show': [{'condition': None, 'number': None, 'priority': 0, 'params': {}}]}}, key=UUID('75681999-54ca-412b-a9da-cc963e94676f'), condition=None, blocking_facility=None), RegisteredHandler(callback=<bound method ConfigPlayer.config_play_callback of ConfigPlayer.event_player/events>, priority=200, kwargs={'calling_context': 'mode_hard_deck_honoring_iceman_started', 'mode': <Mode.pilot_mission_qualifier>, 'settings': {'ball_search_reset': [{'condition': None, 'number': None, 'priority': 0, 'params': {}}], 'ball_search_block': [{'condition': None, 'number': None, 'priority': 0, 'params': {}}]}}, key=UUID('ab28af18-1cff-43c9-a810-c4cdab50f353'), condition=None, blocking_facility=None)]. The order of those handlers is not defined and they will be executed in random order. This might lead to race conditions and potential bugs.
2026-05-17 15:21:11,114 : INFO : EventManager : Unordered handler for class ConfigPlayer.event_player/events on event mode_hard_deck_honoring_iceman_started with priority 200. Handlers: [RegisteredHandler(callback=<bound method ConfigPlayer.config_play_callback of ConfigPlayer.event_player/events>, priority=200, kwargs={'calling_context': 'mode_hard_deck_honoring_iceman_started', 'mode': <Mode.iceman_letters>, 'settings': {'stop_all_training_pulse_shows': [{'condition': None, 'number': None, 'priority': 0, 'params': {}}]}}, key=UUID('695edbf8-eb59-4a9e-86ab-c53e942419ed'), condition=None, blocking_facility=None), RegisteredHandler(callback=<bound method ConfigPlayer.config_play_callback of ConfigPlayer.event_player/events>, priority=200, kwargs={'calling_context': 'mode_hard_deck_honoring_iceman_started', 'mode': <Mode.hard_deck_qualifiers>, 'settings': {'hd_stop_pulse_show': [{'condition': None, 'number': None, 'priority': 0, 'params': {}}]}}, key=UUID('75681999-54ca-412b-a9da-cc963e94676f'), condition=None, blocking_facility=None), RegisteredHandler(callback=<bound method ConfigPlayer.config_play_callback of ConfigPlayer.event_player/events>, priority=200, kwargs={'calling_context': 'mode_hard_deck_honoring_iceman_started', 'mode': <Mode.pilot_mission_qualifier>, 'settings': {'ball_search_reset': [{'condition': None, 'number': None, 'priority': 0, 'params': {}}], 'ball_search_block': [{'condition': None, 'number': None, 'priority': 0, 'params': {}}]}}, key=UUID('ab28af18-1cff-43c9-a810-c4cdab50f353'), condition=None, blocking_facility=None)]. The order of those handlers is not defined and they will be executed in random order. This might lead to race conditions and potential bugs.
2026-05-17 15:21:11,114 : INFO : EventManager : Unordered handler for class ConfigPlayer.coil_player/coils on event mode_pilot_training_mission_inverted_started with priority 200. Handlers: [RegisteredHandler(callback=<bound method ConfigPlayer.config_play_callback of ConfigPlayer.coil_player/coils>, priority=200, kwargs={'calling_context': 'mode_pilot_training_mission_inverted_started', 'mode': <Mode.iceman_letters>, 'settings': {<coil.c_mode_barrier>: {'action': 'off', 'priority': 0, 'hold_power': None, 'pulse_power': None, 'pulse_ms': None, 'max_wait_ms': None}}}, key=UUID('dc1b0d27-7316-43c2-be8b-7678e694ffc8'), condition=None, blocking_facility=None), RegisteredHandler(callback=<bound method ConfigPlayer.config_play_callback of ConfigPlayer.coil_player/coils>, priority=200, kwargs={'calling_context': 'mode_pilot_training_mission_inverted_started', 'mode': <Mode.pilot_mission_qualifier>, 'settings': {<coil.c_mode_barrier>: {'action': 'disable', 'priority': 0, 'hold_power': None, 'pulse_power': None, 'pulse_ms': None, 'max_wait_ms': None}}}, key=UUID('18441a7a-b2ad-4793-8262-81e8504df2f6'), condition=None, blocking_facility=None)]. The order of those handlers is not defined and they will be executed in random order. This might lead to race conditions and potential bugs.
2026-05-17 15:21:11,114 : INFO : EventManager : Unordered handler for class ConfigPlayer.event_player/events on event mode_pilot_training_mission_inverted_started with priority 200. Handlers: [RegisteredHandler(callback=<bound method ConfigPlayer.config_play_callback of ConfigPlayer.event_player/events>, priority=200, kwargs={'calling_context': 'mode_pilot_training_mission_inverted_started', 'mode': <Mode.iceman_letters>, 'settings': {'stop_all_training_pulse_shows': [{'condition': None, 'number': None, 'priority': 0, 'params': {}}]}}, key=UUID('66c5467e-aca2-4d9c-8862-2d6bb278a900'), condition=None, blocking_facility=None), RegisteredHandler(callback=<bound method ConfigPlayer.config_play_callback of ConfigPlayer.event_player/events>, priority=200, kwargs={'calling_context': 'mode_pilot_training_mission_inverted_started', 'mode': <Mode.pilot_mission_qualifier>, 'settings': {'ball_search_reset': [{'condition': None, 'number': None, 'priority': 0, 'params': {}}], 'ball_search_block': [{'condition': None, 'number': None, 'priority': 0, 'params': {}}]}}, key=UUID('0ae09a46-f9aa-4213-9bbb-83d0e32cf0a1'), condition=None, blocking_facility=None)]. The order of those handlers is not defined and they will be executed in random order. This might lead to race conditions and potential bugs.
2026-05-17 15:21:11,114 : INFO : EventManager : Unordered handler for class ConfigPlayer.coil_player/coils on event mode_pilot_training_mission_missiles_started with priority 200. Handlers: [RegisteredHandler(callback=<bound method ConfigPlayer.config_play_callback of ConfigPlayer.coil_player/coils>, priority=200, kwargs={'calling_context': 'mode_pilot_training_mission_missiles_started', 'mode': <Mode.iceman_letters>, 'settings': {<coil.c_mode_barrier>: {'action': 'off', 'priority': 0, 'hold_power': None, 'pulse_power': None, 'pulse_ms': None, 'max_wait_ms': None}}}, key=UUID('dac81be5-c0a3-458b-b4c6-4e721624cf65'), condition=None, blocking_facility=None), RegisteredHandler(callback=<bound method ConfigPlayer.config_play_callback of ConfigPlayer.coil_player/coils>, priority=200, kwargs={'calling_context': 'mode_pilot_training_mission_missiles_started', 'mode': <Mode.pilot_mission_qualifier>, 'settings': {<coil.c_mode_barrier>: {'action': 'disable', 'priority': 0, 'hold_power': None, 'pulse_power': None, 'pulse_ms': None, 'max_wait_ms': None}}}, key=UUID('04a5796b-336f-4fb6-9f33-1ec08e474509'), condition=None, blocking_facility=None)]. The order of those handlers is not defined and they will be executed in random order. This might lead to race conditions and potential bugs.
2026-05-17 15:21:11,114 : INFO : EventManager : Unordered handler for class ConfigPlayer.event_player/events on event mode_pilot_training_mission_missiles_started with priority 200. Handlers: [RegisteredHandler(callback=<bound method ConfigPlayer.config_play_callback of ConfigPlayer.event_player/events>, priority=200, kwargs={'calling_context': 'mode_pilot_training_mission_missiles_started', 'mode': <Mode.iceman_letters>, 'settings': {'stop_all_training_pulse_shows': [{'condition': None, 'number': None, 'priority': 0, 'params': {}}]}}, key=UUID('a48f73bb-a10c-4473-a988-26820073da2a'), condition=None, blocking_facility=None), RegisteredHandler(callback=<bound method ConfigPlayer.config_play_callback of ConfigPlayer.event_player/events>, priority=200, kwargs={'calling_context': 'mode_pilot_training_mission_missiles_started', 'mode': <Mode.pilot_mission_qualifier>, 'settings': {'ball_search_reset': [{'condition': None, 'number': None, 'priority': 0, 'params': {}}], 'ball_search_block': [{'condition': None, 'number': None, 'priority': 0, 'params': {}}]}}, key=UUID('197f0358-9780-4d49-b1a2-9bce204ca173'), condition=None, blocking_facility=None)]. The order of those handlers is not defined and they will be executed in random order. This might lead to race conditions and potential bugs.
2026-05-17 15:21:11,115 : INFO : EventManager : Unordered handler for class ConfigPlayer.coil_player/coils on event mode_pilot_training_mission_afterburner_started with priority 200. Handlers: [RegisteredHandler(callback=<bound method ConfigPlayer.config_play_callback of ConfigPlayer.coil_player/coils>, priority=200, kwargs={'calling_context': 'mode_pilot_training_mission_afterburner_started', 'mode': <Mode.iceman_letters>, 'settings': {<coil.c_mode_barrier>: {'action': 'off', 'priority': 0, 'hold_power': None, 'pulse_power': None, 'pulse_ms': None, 'max_wait_ms': None}}}, key=UUID('3ff9bcd8-5416-43cf-8e5c-4cf9c475adcb'), condition=None, blocking_facility=None), RegisteredHandler(callback=<bound method ConfigPlayer.config_play_callback of ConfigPlayer.coil_player/coils>, priority=200, kwargs={'calling_context': 'mode_pilot_training_mission_afterburner_started', 'mode': <Mode.pilot_mission_qualifier>, 'settings': {<coil.c_mode_barrier>: {'action': 'disable', 'priority': 0, 'hold_power': None, 'pulse_power': None, 'pulse_ms': None, 'max_wait_ms': None}}}, key=UUID('5d7b0a2d-7724-4432-be7e-258379024dbb'), condition=None, blocking_facility=None)]. The order of those handlers is not defined and they will be executed in random order. This might lead to race conditions and potential bugs.
2026-05-17 15:21:11,115 : INFO : EventManager : Unordered handler for class ConfigPlayer.event_player/events on event mode_pilot_training_mission_afterburner_started with priority 200. Handlers: [RegisteredHandler(callback=<bound method ConfigPlayer.config_play_callback of ConfigPlayer.event_player/events>, priority=200, kwargs={'calling_context': 'mode_pilot_training_mission_afterburner_started', 'mode': <Mode.iceman_letters>, 'settings': {'stop_all_training_pulse_shows': [{'condition': None, 'number': None, 'priority': 0, 'params': {}}]}}, key=UUID('13083755-67e8-4001-afd1-25031d911d3c'), condition=None, blocking_facility=None), RegisteredHandler(callback=<bound method ConfigPlayer.config_play_callback of ConfigPlayer.event_player/events>, priority=200, kwargs={'calling_context': 'mode_pilot_training_mission_afterburner_started', 'mode': <Mode.pilot_mission_qualifier>, 'settings': {'ball_search_reset': [{'condition': None, 'number': None, 'priority': 0, 'params': {}}], 'ball_search_block': [{'condition': None, 'number': None, 'priority': 0, 'params': {}}]}}, key=UUID('40dbc005-3d33-4253-98f9-5fadc4dad746'), condition=None, blocking_facility=None)]. The order of those handlers is not defined and they will be executed in random order. This might lead to race conditions and potential bugs.
2026-05-17 15:21:11,115 : INFO : EventManager : Unordered handler for class ConfigPlayer.coil_player/coils on event mode_pilot_training_mission_wingman_started with priority 200. Handlers: [RegisteredHandler(callback=<bound method ConfigPlayer.config_play_callback of ConfigPlayer.coil_player/coils>, priority=200, kwargs={'calling_context': 'mode_pilot_training_mission_wingman_started', 'mode': <Mode.iceman_letters>, 'settings': {<coil.c_mode_barrier>: {'action': 'off', 'priority': 0, 'hold_power': None, 'pulse_power': None, 'pulse_ms': None, 'max_wait_ms': None}}}, key=UUID('5527b4fa-b81a-4fc3-943c-a42b2ea613c8'), condition=None, blocking_facility=None), RegisteredHandler(callback=<bound method ConfigPlayer.config_play_callback of ConfigPlayer.coil_player/coils>, priority=200, kwargs={'calling_context': 'mode_pilot_training_mission_wingman_started', 'mode': <Mode.pilot_mission_qualifier>, 'settings': {<coil.c_mode_barrier>: {'action': 'disable', 'priority': 0, 'hold_power': None, 'pulse_power': None, 'pulse_ms': None, 'max_wait_ms': None}}}, key=UUID('91f748ee-220d-4c5a-9fea-a4bb696ba9a7'), condition=None, blocking_facility=None)]. The order of those handlers is not defined and they will be executed in random order. This might lead to race conditions and potential bugs.
2026-05-17 15:21:11,115 : INFO : EventManager : Unordered handler for class ConfigPlayer.event_player/events on event mode_pilot_training_mission_wingman_started with priority 200. Handlers: [RegisteredHandler(callback=<bound method ConfigPlayer.config_play_callback of ConfigPlayer.event_player/events>, priority=200, kwargs={'calling_context': 'mode_pilot_training_mission_wingman_started', 'mode': <Mode.iceman_letters>, 'settings': {'stop_all_training_pulse_shows': [{'condition': None, 'number': None, 'priority': 0, 'params': {}}]}}, key=UUID('54a232ab-cb54-49cd-87e2-2b1c7d947ea1'), condition=None, blocking_facility=None), RegisteredHandler(callback=<bound method ConfigPlayer.config_play_callback of ConfigPlayer.event_player/events>, priority=200, kwargs={'calling_context': 'mode_pilot_training_mission_wingman_started', 'mode': <Mode.pilot_mission_qualifier>, 'settings': {'ball_search_reset': [{'condition': None, 'number': None, 'priority': 0, 'params': {}}], 'ball_search_block': [{'condition': None, 'number': None, 'priority': 0, 'params': {}}]}}, key=UUID('dc7e27e7-0ffc-452b-b0da-29ce1c633f44'), condition=None, blocking_facility=None)]. The order of those handlers is not defined and they will be executed in random order. This might lead to race conditions and potential bugs.
2026-05-17 15:21:11,116 : INFO : EventManager : Unordered handler for class ConfigPlayer.event_player/events on event mode_no_points_for_second_place_started with priority 200. Handlers: [RegisteredHandler(callback=<bound method ConfigPlayer.config_play_callback of ConfigPlayer.event_player/events>, priority=200, kwargs={'calling_context': 'mode_no_points_for_second_place_started', 'mode': <Mode.iceman_letters>, 'settings': {'stop_all_training_pulse_shows': [{'condition': None, 'number': None, 'priority': 0, 'params': {}}]}}, key=UUID('ce83890e-e31c-4533-b868-69f275587210'), condition=None, blocking_facility=None), RegisteredHandler(callback=<bound method ConfigPlayer.config_play_callback of ConfigPlayer.event_player/events>, priority=200, kwargs={'calling_context': 'mode_no_points_for_second_place_started', 'mode': <Mode.pilot_mission_qualifier>, 'settings': {'reset_topgun_letters': [{'condition': None, 'number': None, 'priority': 0, 'params': {}}], 'check_all_pilot_modes_played': [{'condition': None, 'number': None, 'priority': 0, 'params': {}}], 'ball_search_reset': [{'condition': None, 'number': None, 'priority': 0, 'params': {}}], 'ball_search_block': [{'condition': None, 'number': None, 'priority': 0, 'params': {}}]}}, key=UUID('a527900b-d09f-4234-89ad-5059ab31b299'), condition=None, blocking_facility=None)]. The order of those handlers is not defined and they will be executed in random order. This might lead to race conditions and potential bugs.
2026-05-17 15:21:11,121 : INFO : EventManager : Unordered handler for class ConfigPlayer.event_player/events on event mode_rescue_cougar_started with priority 200. Handlers: [RegisteredHandler(callback=<bound method ConfigPlayer.config_play_callback of ConfigPlayer.event_player/events>, priority=200, kwargs={'calling_context': 'mode_rescue_cougar_started', 'mode': <Mode.iceman_letters>, 'settings': {'stop_all_training_pulse_shows': [{'condition': None, 'number': None, 'priority': 0, 'params': {}}]}}, key=UUID('bf577544-2375-4116-b6c6-5836d60c46a2'), condition=None, blocking_facility=None), RegisteredHandler(callback=<bound method ConfigPlayer.config_play_callback of ConfigPlayer.event_player/events>, priority=200, kwargs={'calling_context': 'mode_rescue_cougar_started', 'mode': <Mode.pilot_mission_qualifier>, 'settings': {'reset_topgun_letters': [{'condition': None, 'number': None, 'priority': 0, 'params': {}}], 'check_all_pilot_modes_played': [{'condition': None, 'number': None, 'priority': 0, 'params': {}}], 'ball_search_reset': [{'condition': None, 'number': None, 'priority': 0, 'params': {}}], 'ball_search_block': [{'condition': None, 'number': None, 'priority': 0, 'params': {}}]}}, key=UUID('b1580a5c-23bd-4b46-9df8-3e59e931606a'), condition=None, blocking_facility=None)]. The order of those handlers is not defined and they will be executed in random order. This might lead to race conditions and potential bugs.
2026-05-17 15:21:11,121 : INFO : EventManager : Unordered handler for class ConfigPlayer.event_player/events on event mode_cool_under_pressure_started with priority 200. Handlers: [RegisteredHandler(callback=<bound method ConfigPlayer.config_play_callback of ConfigPlayer.event_player/events>, priority=200, kwargs={'calling_context': 'mode_cool_under_pressure_started', 'mode': <Mode.iceman_letters>, 'settings': {'stop_all_training_pulse_shows': [{'condition': None, 'number': None, 'priority': 0, 'params': {}}]}}, key=UUID('c32612ff-4100-4e73-95fe-21161c232c3e'), condition=None, blocking_facility=None), RegisteredHandler(callback=<bound method ConfigPlayer.config_play_callback of ConfigPlayer.event_player/events>, priority=200, kwargs={'calling_context': 'mode_cool_under_pressure_started', 'mode': <Mode.pilot_mission_qualifier>, 'settings': {'reset_topgun_letters': [{'condition': None, 'number': None, 'priority': 0, 'params': {}}], 'check_all_pilot_modes_played': [{'condition': None, 'number': None, 'priority': 0, 'params': {}}], 'ball_search_reset': [{'condition': None, 'number': None, 'priority': 0, 'params': {}}], 'ball_search_block': [{'condition': None, 'number': None, 'priority': 0, 'params': {}}]}}, key=UUID('07a4882b-05b0-4666-a0d0-575a4a502d40'), condition=None, blocking_facility=None)]. The order of those handlers is not defined and they will be executed in random order. This might lead to race conditions and potential bugs.
2026-05-17 15:21:11,121 : INFO : EventManager : Unordered handler for class ConfigPlayer.event_player/events on event mode_battle_jester_started with priority 200. Handlers: [RegisteredHandler(callback=<bound method ConfigPlayer.config_play_callback of ConfigPlayer.event_player/events>, priority=200, kwargs={'calling_context': 'mode_battle_jester_started', 'mode': <Mode.iceman_letters>, 'settings': {'stop_all_training_pulse_shows': [{'condition': None, 'number': None, 'priority': 0, 'params': {}}]}}, key=UUID('bc88abdb-350d-4d94-a406-3ea12da819da'), condition=None, blocking_facility=None), RegisteredHandler(callback=<bound method ConfigPlayer.config_play_callback of ConfigPlayer.event_player/events>, priority=200, kwargs={'calling_context': 'mode_battle_jester_started', 'mode': <Mode.pilot_mission_qualifier>, 'settings': {'reset_topgun_letters': [{'condition': None, 'number': None, 'priority': 0, 'params': {}}], 'check_all_pilot_modes_played': [{'condition': None, 'number': None, 'priority': 0, 'params': {}}], 'ball_search_reset': [{'condition': None, 'number': None, 'priority': 0, 'params': {}}], 'ball_search_block': [{'condition': None, 'number': None, 'priority': 0, 'params': {}}]}}, key=UUID('96efde86-6602-4397-a750-9a3669ccfc8d'), condition=None, blocking_facility=None)]. The order of those handlers is not defined and they will be executed in random order. This might lead to race conditions and potential bugs.
2026-05-17 15:21:11,122 : INFO : EventManager : Unordered handler for class ConfigPlayer.event_player/events on event mode_edge_of_space_started with priority 200. Handlers: [RegisteredHandler(callback=<bound method ConfigPlayer.config_play_callback of ConfigPlayer.event_player/events>, priority=200, kwargs={'calling_context': 'mode_edge_of_space_started', 'mode': <Mode.iceman_letters>, 'settings': {'stop_all_training_pulse_shows': [{'condition': None, 'number': None, 'priority': 0, 'params': {}}]}}, key=UUID('66f589f8-717f-45d8-9b6b-754a9c8b6ae0'), condition=None, blocking_facility=None), RegisteredHandler(callback=<bound method ConfigPlayer.config_play_callback of ConfigPlayer.event_player/events>, priority=200, kwargs={'calling_context': 'mode_edge_of_space_started', 'mode': <Mode.pilot_mission_qualifier>, 'settings': {'reset_topgun_letters': [{'condition': None, 'number': None, 'priority': 0, 'params': {}}], 'check_all_pilot_modes_played': [{'condition': None, 'number': None, 'priority': 0, 'params': {}}], 'ball_search_reset': [{'condition': None, 'number': None, 'priority': 0, 'params': {}}], 'ball_search_block': [{'condition': None, 'number': None, 'priority': 0, 'params': {}}]}}, key=UUID('ff84c46a-5365-4746-9419-e184b9ea1e8b'), condition=None, blocking_facility=None)]. The order of those handlers is not defined and they will be executed in random order. This might lead to race conditions and potential bugs.
2026-05-17 15:21:11,122 : INFO : EventManager : Unordered handler for class ConfigPlayer.event_player/events on event mode_below_the_hard_deck_started with priority 200. Handlers: [RegisteredHandler(callback=<bound method ConfigPlayer.config_play_callback of ConfigPlayer.event_player/events>, priority=200, kwargs={'calling_context': 'mode_below_the_hard_deck_started', 'mode': <Mode.iceman_letters>, 'settings': {'stop_all_training_pulse_shows': [{'condition': None, 'number': None, 'priority': 0, 'params': {}}]}}, key=UUID('e2661cef-32b3-49a1-a71d-9f720a81f724'), condition=None, blocking_facility=None), RegisteredHandler(callback=<bound method ConfigPlayer.config_play_callback of ConfigPlayer.event_player/events>, priority=200, kwargs={'calling_context': 'mode_below_the_hard_deck_started', 'mode': <Mode.pilot_mission_qualifier>, 'settings': {'reset_topgun_letters': [{'condition': None, 'number': None, 'priority': 0, 'params': {}}], 'check_all_pilot_modes_played': [{'condition': None, 'number': None, 'priority': 0, 'params': {}}], 'ball_search_reset': [{'condition': None, 'number': None, 'priority': 0, 'params': {}}], 'ball_search_block': [{'condition': None, 'number': None, 'priority': 0, 'params': {}}]}}, key=UUID('a41bdc0f-7abf-4493-b7cb-4a9040a51ec0'), condition=None, blocking_facility=None)]. The order of those handlers is not defined and they will be executed in random order. This might lead to race conditions and potential bugs.
2026-05-17 15:21:11,123 : INFO : EventManager : Unordered handler for class ConfigPlayer.event_player/events on event mode_canyon_run_started with priority 200. Handlers: [RegisteredHandler(callback=<bound method ConfigPlayer.config_play_callback of ConfigPlayer.event_player/events>, priority=200, kwargs={'calling_context': 'mode_canyon_run_started', 'mode': <Mode.iceman_letters>, 'settings': {'stop_all_training_pulse_shows': [{'condition': None, 'number': None, 'priority': 0, 'params': {}}]}}, key=UUID('1d5a3687-f0fb-4697-b124-12e3b800a2b6'), condition=None, blocking_facility=None), RegisteredHandler(callback=<bound method ConfigPlayer.config_play_callback of ConfigPlayer.event_player/events>, priority=200, kwargs={'calling_context': 'mode_canyon_run_started', 'mode': <Mode.pilot_mission_qualifier>, 'settings': {'reset_topgun_letters': [{'condition': None, 'number': None, 'priority': 0, 'params': {}}], 'check_all_pilot_modes_played': [{'condition': None, 'number': None, 'priority': 0, 'params': {}}], 'ball_search_reset': [{'condition': None, 'number': None, 'priority': 0, 'params': {}}], 'ball_search_block': [{'condition': None, 'number': None, 'priority': 0, 'params': {}}]}}, key=UUID('8a8538de-99f2-402d-97aa-894254cf59db'), condition=None, blocking_facility=None)]. The order of those handlers is not defined and they will be executed in random order. This might lead to race conditions and potential bugs.
2026-05-17 15:21:11,123 : INFO : EventManager : Unordered handler for class ConfigPlayer.event_player/events on event mode_rise_of_phoenix_started with priority 200. Handlers: [RegisteredHandler(callback=<bound method ConfigPlayer.config_play_callback of ConfigPlayer.event_player/events>, priority=200, kwargs={'calling_context': 'mode_rise_of_phoenix_started', 'mode': <Mode.iceman_letters>, 'settings': {'stop_all_training_pulse_shows': [{'condition': None, 'number': None, 'priority': 0, 'params': {}}]}}, key=UUID('ee9c1411-78ed-4125-9e01-9a6994810ba8'), condition=None, blocking_facility=None), RegisteredHandler(callback=<bound method ConfigPlayer.config_play_callback of ConfigPlayer.event_player/events>, priority=200, kwargs={'calling_context': 'mode_rise_of_phoenix_started', 'mode': <Mode.pilot_mission_qualifier>, 'settings': {'reset_topgun_letters': [{'condition': None, 'number': None, 'priority': 0, 'params': {}}], 'check_all_pilot_modes_played': [{'condition': None, 'number': None, 'priority': 0, 'params': {}}], 'ball_search_reset': [{'condition': None, 'number': None, 'priority': 0, 'params': {}}], 'ball_search_block': [{'condition': None, 'number': None, 'priority': 0, 'params': {}}]}}, key=UUID('0930b267-1d1d-4f3a-96c5-f6f968d05dc5'), condition=None, blocking_facility=None)]. The order of those handlers is not defined and they will be executed in random order. This might lead to race conditions and potential bugs.
2026-05-17 15:21:11,123 : INFO : EventManager : Unordered handler for class ConfigPlayer.event_player/events on event mode_no_margin_for_error_started with priority 200. Handlers: [RegisteredHandler(callback=<bound method ConfigPlayer.config_play_callback of ConfigPlayer.event_player/events>, priority=200, kwargs={'calling_context': 'mode_no_margin_for_error_started', 'mode': <Mode.iceman_letters>, 'settings': {'stop_all_training_pulse_shows': [{'condition': None, 'number': None, 'priority': 0, 'params': {}}]}}, key=UUID('d5a4779e-9835-40e2-af10-6404492360a7'), condition=None, blocking_facility=None), RegisteredHandler(callback=<bound method ConfigPlayer.config_play_callback of ConfigPlayer.event_player/events>, priority=200, kwargs={'calling_context': 'mode_no_margin_for_error_started', 'mode': <Mode.pilot_mission_qualifier>, 'settings': {'reset_topgun_letters': [{'condition': None, 'number': None, 'priority': 0, 'params': {}}], 'check_all_pilot_modes_played': [{'condition': None, 'number': None, 'priority': 0, 'params': {}}], 'ball_search_reset': [{'condition': None, 'number': None, 'priority': 0, 'params': {}}], 'ball_search_block': [{'condition': None, 'number': None, 'priority': 0, 'params': {}}]}}, key=UUID('bdd295fe-d0ba-44f9-86d5-d5d2a75b88e8'), condition=None, blocking_facility=None)]. The order of those handlers is not defined and they will be executed in random order. This might lead to race conditions and potential bugs.
2026-05-17 15:21:11,127 : INFO : EventManager : Unordered handler for class ConfigPlayer.event_player/events on event mode_rescue_cougar_started with priority 200. Handlers: [RegisteredHandler(callback=<bound method ConfigPlayer.config_play_callback of ConfigPlayer.event_player/events>, priority=200, kwargs={'calling_context': 'mode_rescue_cougar_started', 'mode': <Mode.iceman_letters>, 'settings': {'stop_all_training_pulse_shows': [{'condition': None, 'number': None, 'priority': 0, 'params': {}}]}}, key=UUID('bf577544-2375-4116-b6c6-5836d60c46a2'), condition=None, blocking_facility=None), RegisteredHandler(callback=<bound method ConfigPlayer.config_play_callback of ConfigPlayer.event_player/events>, priority=200, kwargs={'calling_context': 'mode_rescue_cougar_started', 'mode': <Mode.pilot_mission_qualifier>, 'settings': {'reset_topgun_letters': [{'condition': None, 'number': None, 'priority': 0, 'params': {}}], 'check_all_pilot_modes_played': [{'condition': None, 'number': None, 'priority': 0, 'params': {}}], 'ball_search_reset': [{'condition': None, 'number': None, 'priority': 0, 'params': {}}], 'ball_search_block': [{'condition': None, 'number': None, 'priority': 0, 'params': {}}]}}, key=UUID('b1580a5c-23bd-4b46-9df8-3e59e931606a'), condition=None, blocking_facility=None)]. The order of those handlers is not defined and they will be executed in random order. This might lead to race conditions and potential bugs.
2026-05-17 15:21:11,128 : INFO : EventManager : Unordered handler for class ConfigPlayer.event_player/events on event mode_cool_under_pressure_started with priority 200. Handlers: [RegisteredHandler(callback=<bound method ConfigPlayer.config_play_callback of ConfigPlayer.event_player/events>, priority=200, kwargs={'calling_context': 'mode_cool_under_pressure_started', 'mode': <Mode.iceman_letters>, 'settings': {'stop_all_training_pulse_shows': [{'condition': None, 'number': None, 'priority': 0, 'params': {}}]}}, key=UUID('c32612ff-4100-4e73-95fe-21161c232c3e'), condition=None, blocking_facility=None), RegisteredHandler(callback=<bound method ConfigPlayer.config_play_callback of ConfigPlayer.event_player/events>, priority=200, kwargs={'calling_context': 'mode_cool_under_pressure_started', 'mode': <Mode.pilot_mission_qualifier>, 'settings': {'reset_topgun_letters': [{'condition': None, 'number': None, 'priority': 0, 'params': {}}], 'check_all_pilot_modes_played': [{'condition': None, 'number': None, 'priority': 0, 'params': {}}], 'ball_search_reset': [{'condition': None, 'number': None, 'priority': 0, 'params': {}}], 'ball_search_block': [{'condition': None, 'number': None, 'priority': 0, 'params': {}}]}}, key=UUID('07a4882b-05b0-4666-a0d0-575a4a502d40'), condition=None, blocking_facility=None)]. The order of those handlers is not defined and they will be executed in random order. This might lead to race conditions and potential bugs.
2026-05-17 15:21:11,128 : INFO : EventManager : Unordered handler for class ConfigPlayer.event_player/events on event mode_battle_jester_started with priority 200. Handlers: [RegisteredHandler(callback=<bound method ConfigPlayer.config_play_callback of ConfigPlayer.event_player/events>, priority=200, kwargs={'calling_context': 'mode_battle_jester_started', 'mode': <Mode.iceman_letters>, 'settings': {'stop_all_training_pulse_shows': [{'condition': None, 'number': None, 'priority': 0, 'params': {}}]}}, key=UUID('bc88abdb-350d-4d94-a406-3ea12da819da'), condition=None, blocking_facility=None), RegisteredHandler(callback=<bound method ConfigPlayer.config_play_callback of ConfigPlayer.event_player/events>, priority=200, kwargs={'calling_context': 'mode_battle_jester_started', 'mode': <Mode.pilot_mission_qualifier>, 'settings': {'reset_topgun_letters': [{'condition': None, 'number': None, 'priority': 0, 'params': {}}], 'check_all_pilot_modes_played': [{'condition': None, 'number': None, 'priority': 0, 'params': {}}], 'ball_search_reset': [{'condition': None, 'number': None, 'priority': 0, 'params': {}}], 'ball_search_block': [{'condition': None, 'number': None, 'priority': 0, 'params': {}}]}}, key=UUID('96efde86-6602-4397-a750-9a3669ccfc8d'), condition=None, blocking_facility=None)]. The order of those handlers is not defined and they will be executed in random order. This might lead to race conditions and potential bugs.
2026-05-17 15:21:11,128 : INFO : EventManager : Unordered handler for class ConfigPlayer.event_player/events on event mode_no_points_for_second_place_started with priority 200. Handlers: [RegisteredHandler(callback=<bound method ConfigPlayer.config_play_callback of ConfigPlayer.event_player/events>, priority=200, kwargs={'calling_context': 'mode_no_points_for_second_place_started', 'mode': <Mode.iceman_letters>, 'settings': {'stop_all_training_pulse_shows': [{'condition': None, 'number': None, 'priority': 0, 'params': {}}]}}, key=UUID('ce83890e-e31c-4533-b868-69f275587210'), condition=None, blocking_facility=None), RegisteredHandler(callback=<bound method ConfigPlayer.config_play_callback of ConfigPlayer.event_player/events>, priority=200, kwargs={'calling_context': 'mode_no_points_for_second_place_started', 'mode': <Mode.pilot_mission_qualifier>, 'settings': {'reset_topgun_letters': [{'condition': None, 'number': None, 'priority': 0, 'params': {}}], 'check_all_pilot_modes_played': [{'condition': None, 'number': None, 'priority': 0, 'params': {}}], 'ball_search_reset': [{'condition': None, 'number': None, 'priority': 0, 'params': {}}], 'ball_search_block': [{'condition': None, 'number': None, 'priority': 0, 'params': {}}]}}, key=UUID('a527900b-d09f-4234-89ad-5059ab31b299'), condition=None, blocking_facility=None)]. The order of those handlers is not defined and they will be executed in random order. This might lead to race conditions and potential bugs.
2026-05-17 15:21:11,128 : INFO : EventManager : Unordered handler for class ConfigPlayer.event_player/events on event mode_edge_of_space_started with priority 200. Handlers: [RegisteredHandler(callback=<bound method ConfigPlayer.config_play_callback of ConfigPlayer.event_player/events>, priority=200, kwargs={'calling_context': 'mode_edge_of_space_started', 'mode': <Mode.iceman_letters>, 'settings': {'stop_all_training_pulse_shows': [{'condition': None, 'number': None, 'priority': 0, 'params': {}}]}}, key=UUID('66f589f8-717f-45d8-9b6b-754a9c8b6ae0'), condition=None, blocking_facility=None), RegisteredHandler(callback=<bound method ConfigPlayer.config_play_callback of ConfigPlayer.event_player/events>, priority=200, kwargs={'calling_context': 'mode_edge_of_space_started', 'mode': <Mode.pilot_mission_qualifier>, 'settings': {'reset_topgun_letters': [{'condition': None, 'number': None, 'priority': 0, 'params': {}}], 'check_all_pilot_modes_played': [{'condition': None, 'number': None, 'priority': 0, 'params': {}}], 'ball_search_reset': [{'condition': None, 'number': None, 'priority': 0, 'params': {}}], 'ball_search_block': [{'condition': None, 'number': None, 'priority': 0, 'params': {}}]}}, key=UUID('ff84c46a-5365-4746-9419-e184b9ea1e8b'), condition=None, blocking_facility=None)]. The order of those handlers is not defined and they will be executed in random order. This might lead to race conditions and potential bugs.
2026-05-17 15:21:11,128 : INFO : EventManager : Unordered handler for class ConfigPlayer.event_player/events on event mode_below_the_hard_deck_started with priority 200. Handlers: [RegisteredHandler(callback=<bound method ConfigPlayer.config_play_callback of ConfigPlayer.event_player/events>, priority=200, kwargs={'calling_context': 'mode_below_the_hard_deck_started', 'mode': <Mode.iceman_letters>, 'settings': {'stop_all_training_pulse_shows': [{'condition': None, 'number': None, 'priority': 0, 'params': {}}]}}, key=UUID('e2661cef-32b3-49a1-a71d-9f720a81f724'), condition=None, blocking_facility=None), RegisteredHandler(callback=<bound method ConfigPlayer.config_play_callback of ConfigPlayer.event_player/events>, priority=200, kwargs={'calling_context': 'mode_below_the_hard_deck_started', 'mode': <Mode.pilot_mission_qualifier>, 'settings': {'reset_topgun_letters': [{'condition': None, 'number': None, 'priority': 0, 'params': {}}], 'check_all_pilot_modes_played': [{'condition': None, 'number': None, 'priority': 0, 'params': {}}], 'ball_search_reset': [{'condition': None, 'number': None, 'priority': 0, 'params': {}}], 'ball_search_block': [{'condition': None, 'number': None, 'priority': 0, 'params': {}}]}}, key=UUID('a41bdc0f-7abf-4493-b7cb-4a9040a51ec0'), condition=None, blocking_facility=None)]. The order of those handlers is not defined and they will be executed in random order. This might lead to race conditions and potential bugs.
2026-05-17 15:21:11,128 : INFO : EventManager : Unordered handler for class ConfigPlayer.event_player/events on event mode_canyon_run_started with priority 200. Handlers: [RegisteredHandler(callback=<bound method ConfigPlayer.config_play_callback of ConfigPlayer.event_player/events>, priority=200, kwargs={'calling_context': 'mode_canyon_run_started', 'mode': <Mode.iceman_letters>, 'settings': {'stop_all_training_pulse_shows': [{'condition': None, 'number': None, 'priority': 0, 'params': {}}]}}, key=UUID('1d5a3687-f0fb-4697-b124-12e3b800a2b6'), condition=None, blocking_facility=None), RegisteredHandler(callback=<bound method ConfigPlayer.config_play_callback of ConfigPlayer.event_player/events>, priority=200, kwargs={'calling_context': 'mode_canyon_run_started', 'mode': <Mode.pilot_mission_qualifier>, 'settings': {'reset_topgun_letters': [{'condition': None, 'number': None, 'priority': 0, 'params': {}}], 'check_all_pilot_modes_played': [{'condition': None, 'number': None, 'priority': 0, 'params': {}}], 'ball_search_reset': [{'condition': None, 'number': None, 'priority': 0, 'params': {}}], 'ball_search_block': [{'condition': None, 'number': None, 'priority': 0, 'params': {}}]}}, key=UUID('8a8538de-99f2-402d-97aa-894254cf59db'), condition=None, blocking_facility=None)]. The order of those handlers is not defined and they will be executed in random order. This might lead to race conditions and potential bugs.
2026-05-17 15:21:11,128 : INFO : EventManager : Unordered handler for class ConfigPlayer.event_player/events on event mode_rise_of_phoenix_started with priority 200. Handlers: [RegisteredHandler(callback=<bound method ConfigPlayer.config_play_callback of ConfigPlayer.event_player/events>, priority=200, kwargs={'calling_context': 'mode_rise_of_phoenix_started', 'mode': <Mode.iceman_letters>, 'settings': {'stop_all_training_pulse_shows': [{'condition': None, 'number': None, 'priority': 0, 'params': {}}]}}, key=UUID('ee9c1411-78ed-4125-9e01-9a6994810ba8'), condition=None, blocking_facility=None), RegisteredHandler(callback=<bound method ConfigPlayer.config_play_callback of ConfigPlayer.event_player/events>, priority=200, kwargs={'calling_context': 'mode_rise_of_phoenix_started', 'mode': <Mode.pilot_mission_qualifier>, 'settings': {'reset_topgun_letters': [{'condition': None, 'number': None, 'priority': 0, 'params': {}}], 'check_all_pilot_modes_played': [{'condition': None, 'number': None, 'priority': 0, 'params': {}}], 'ball_search_reset': [{'condition': None, 'number': None, 'priority': 0, 'params': {}}], 'ball_search_block': [{'condition': None, 'number': None, 'priority': 0, 'params': {}}]}}, key=UUID('0930b267-1d1d-4f3a-96c5-f6f968d05dc5'), condition=None, blocking_facility=None)]. The order of those handlers is not defined and they will be executed in random order. This might lead to race conditions and potential bugs.
2026-05-17 15:21:11,128 : INFO : EventManager : Unordered handler for class ConfigPlayer.event_player/events on event mode_no_margin_for_error_started with priority 200. Handlers: [RegisteredHandler(callback=<bound method ConfigPlayer.config_play_callback of ConfigPlayer.event_player/events>, priority=200, kwargs={'calling_context': 'mode_no_margin_for_error_started', 'mode': <Mode.iceman_letters>, 'settings': {'stop_all_training_pulse_shows': [{'condition': None, 'number': None, 'priority': 0, 'params': {}}]}}, key=UUID('d5a4779e-9835-40e2-af10-6404492360a7'), condition=None, blocking_facility=None), RegisteredHandler(callback=<bound method ConfigPlayer.config_play_callback of ConfigPlayer.event_player/events>, priority=200, kwargs={'calling_context': 'mode_no_margin_for_error_started', 'mode': <Mode.pilot_mission_qualifier>, 'settings': {'reset_topgun_letters': [{'condition': None, 'number': None, 'priority': 0, 'params': {}}], 'check_all_pilot_modes_played': [{'condition': None, 'number': None, 'priority': 0, 'params': {}}], 'ball_search_reset': [{'condition': None, 'number': None, 'priority': 0, 'params': {}}], 'ball_search_block': [{'condition': None, 'number': None, 'priority': 0, 'params': {}}]}}, key=UUID('bdd295fe-d0ba-44f9-86d5-d5d2a75b88e8'), condition=None, blocking_facility=None)]. The order of those handlers is not defined and they will be executed in random order. This might lead to race conditions and potential bugs.
2026-05-17 15:21:11,129 : INFO : EventManager : Unordered handler for class ConfigPlayer.variable_player/variables on event player_added with priority 200. Handlers: [RegisteredHandler(callback=<bound method ConfigPlayer.config_play_callback of ConfigPlayer.variable_player/variables>, priority=200, kwargs={'calling_context': 'player_added', 'mode': <Mode.iceman_letters>, 'settings': {'iceman_letter_i': {'action': 'set', 'int': <NativeTemplate 0>, 'priority': 0, 'float': None, 'string': None, 'block': False, 'player': None, 'condition': None}, 'iceman_letter_c': {'action': 'set', 'int': <NativeTemplate 0>, 'priority': 0, 'float': None, 'string': None, 'block': False, 'player': None, 'condition': None}, 'iceman_letter_e': {'action': 'set', 'int': <NativeTemplate 0>, 'priority': 0, 'float': None, 'string': None, 'block': False, 'player': None, 'condition': None}, 'iceman_letter_m': {'action': 'set', 'int': <NativeTemplate 0>, 'priority': 0, 'float': None, 'string': None, 'block': False, 'player': None, 'condition': None}, 'iceman_letter_a': {'action': 'set', 'int': <NativeTemplate 0>, 'priority': 0, 'float': None, 'string': None, 'block': False, 'player': None, 'condition': None}, 'iceman_letter_n': {'action': 'set', 'int': <NativeTemplate 0>, 'priority': 0, 'float': None, 'string': None, 'block': False, 'player': None, 'condition': None}, 'iceman_completing': {'action': 'set', 'int': <NativeTemplate 0>, 'priority': 0, 'float': None, 'string': None, 'block': False, 'player': None, 'condition': None}, 'training_inverted_complete': {'action': 'set', 'int': <NativeTemplate 0>, 'priority': 0, 'float': None, 'string': None, 'block': False, 'player': None, 'condition': None}, 'training_missles_complete': {'action': 'set', 'int': <NativeTemplate 0>, 'priority': 0, 'float': None, 'string': None, 'block': False, 'player': None, 'condition': None}, 'training_afterburner_complete': {'action': 'set', 'int': <NativeTemplate 0>, 'priority': 0, 'float': None, 'string': None, 'block': False, 'player': None, 'condition': None}, 'training_wingman_complete': {'action': 'set', 'int': <NativeTemplate 0>, 'priority': 0, 'float': None, 'string': None, 'block': False, 'player': None, 'condition': None}, 'training_dogfight_complete': {'action': 'set', 'int': <NativeTemplate 0>, 'priority': 0, 'float': None, 'string': None, 'block': False, 'player': None, 'condition': None}, 'right_post_locked_out': {'action': 'set', 'int': <NativeTemplate 0>, 'priority': 0, 'float': None, 'string': None, 'block': False, 'player': None, 'condition': None}}}, key=UUID('5cfce788-35c2-49a4-8e97-fa8ab7b2741e'), condition=None, blocking_facility=None), RegisteredHandler(callback=<bound method ConfigPlayer.config_play_callback of ConfigPlayer.variable_player/variables>, priority=200, kwargs={'calling_context': 'player_added', 'mode': <Mode.mig_letters>, 'settings': {'mig_letter_m': {'action': 'set', 'int': <NativeTemplate 0>, 'priority': 0, 'float': None, 'string': None, 'block': False, 'player': None, 'condition': None}, 'mig_letter_i': {'action': 'set', 'int': <NativeTemplate 0>, 'priority': 0, 'float': None, 'string': None, 'block': False, 'player': None, 'condition': None}, 'mig_letter_g': {'action': 'set', 'int': <NativeTemplate 0>, 'priority': 0, 'float': None, 'string': None, 'block': False, 'player': None, 'condition': None}, 'bonus_multiplier': {'action': 'set', 'int': <NativeTemplate 1>, 'priority': 0, 'float': None, 'string': None, 'block': False, 'player': None, 'condition': None}, 'mig_completing': {'action': 'set', 'int': <NativeTemplate 0>, 'priority': 0, 'float': None, 'string': None, 'block': False, 'player': None, 'condition': None}}}, key=UUID('88f0e8ea-6bb9-432d-a7ea-d402e4e64687'), condition=None, blocking_facility=None), RegisteredHandler(callback=<bound method ConfigPlayer.config_play_callback of ConfigPlayer.variable_player/variables>, priority=200, kwargs={'calling_context': 'player_added', 'mode': <Mode.pilot_mission_qualifier>, 'settings': {'_pmq_initialized': {'action': 'set', 'int': <NativeTemplate 1>, 'priority': 0, 'float': None, 'string': None, 'block': False, 'player': None, 'condition': None}}}, key=UUID('530520af-cb23-4d6f-85d5-98f897209423'), condition=None, blocking_facility=None)]. The order of those handlers is not defined and they will be executed in random order. This might lead to race conditions and potential bugs.
2026-05-17 15:21:11,129 : INFO : EventManager : Unordered handler for class ConfigPlayer.variable_player/variables on event player_added with priority 200. Handlers: [RegisteredHandler(callback=<bound method ConfigPlayer.config_play_callback of ConfigPlayer.variable_player/variables>, priority=200, kwargs={'calling_context': 'player_added', 'mode': <Mode.iceman_letters>, 'settings': {'iceman_letter_i': {'action': 'set', 'int': <NativeTemplate 0>, 'priority': 0, 'float': None, 'string': None, 'block': False, 'player': None, 'condition': None}, 'iceman_letter_c': {'action': 'set', 'int': <NativeTemplate 0>, 'priority': 0, 'float': None, 'string': None, 'block': False, 'player': None, 'condition': None}, 'iceman_letter_e': {'action': 'set', 'int': <NativeTemplate 0>, 'priority': 0, 'float': None, 'string': None, 'block': False, 'player': None, 'condition': None}, 'iceman_letter_m': {'action': 'set', 'int': <NativeTemplate 0>, 'priority': 0, 'float': None, 'string': None, 'block': False, 'player': None, 'condition': None}, 'iceman_letter_a': {'action': 'set', 'int': <NativeTemplate 0>, 'priority': 0, 'float': None, 'string': None, 'block': False, 'player': None, 'condition': None}, 'iceman_letter_n': {'action': 'set', 'int': <NativeTemplate 0>, 'priority': 0, 'float': None, 'string': None, 'block': False, 'player': None, 'condition': None}, 'iceman_completing': {'action': 'set', 'int': <NativeTemplate 0>, 'priority': 0, 'float': None, 'string': None, 'block': False, 'player': None, 'condition': None}, 'training_inverted_complete': {'action': 'set', 'int': <NativeTemplate 0>, 'priority': 0, 'float': None, 'string': None, 'block': False, 'player': None, 'condition': None}, 'training_missles_complete': {'action': 'set', 'int': <NativeTemplate 0>, 'priority': 0, 'float': None, 'string': None, 'block': False, 'player': None, 'condition': None}, 'training_afterburner_complete': {'action': 'set', 'int': <NativeTemplate 0>, 'priority': 0, 'float': None, 'string': None, 'block': False, 'player': None, 'condition': None}, 'training_wingman_complete': {'action': 'set', 'int': <NativeTemplate 0>, 'priority': 0, 'float': None, 'string': None, 'block': False, 'player': None, 'condition': None}, 'training_dogfight_complete': {'action': 'set', 'int': <NativeTemplate 0>, 'priority': 0, 'float': None, 'string': None, 'block': False, 'player': None, 'condition': None}, 'right_post_locked_out': {'action': 'set', 'int': <NativeTemplate 0>, 'priority': 0, 'float': None, 'string': None, 'block': False, 'player': None, 'condition': None}}}, key=UUID('5cfce788-35c2-49a4-8e97-fa8ab7b2741e'), condition=None, blocking_facility=None), RegisteredHandler(callback=<bound method ConfigPlayer.config_play_callback of ConfigPlayer.variable_player/variables>, priority=200, kwargs={'calling_context': 'player_added', 'mode': <Mode.mig_letters>, 'settings': {'mig_letter_m': {'action': 'set', 'int': <NativeTemplate 0>, 'priority': 0, 'float': None, 'string': None, 'block': False, 'player': None, 'condition': None}, 'mig_letter_i': {'action': 'set', 'int': <NativeTemplate 0>, 'priority': 0, 'float': None, 'string': None, 'block': False, 'player': None, 'condition': None}, 'mig_letter_g': {'action': 'set', 'int': <NativeTemplate 0>, 'priority': 0, 'float': None, 'string': None, 'block': False, 'player': None, 'condition': None}, 'bonus_multiplier': {'action': 'set', 'int': <NativeTemplate 1>, 'priority': 0, 'float': None, 'string': None, 'block': False, 'player': None, 'condition': None}, 'mig_completing': {'action': 'set', 'int': <NativeTemplate 0>, 'priority': 0, 'float': None, 'string': None, 'block': False, 'player': None, 'condition': None}}}, key=UUID('88f0e8ea-6bb9-432d-a7ea-d402e4e64687'), condition=None, blocking_facility=None), RegisteredHandler(callback=<bound method ConfigPlayer.config_play_callback of ConfigPlayer.variable_player/variables>, priority=200, kwargs={'calling_context': 'player_added', 'mode': <Mode.pilot_mission_qualifier>, 'settings': {'_pmq_initialized': {'action': 'set', 'int': <NativeTemplate 1>, 'priority': 0, 'float': None, 'string': None, 'block': False, 'player': None, 'condition': None}}}, key=UUID('530520af-cb23-4d6f-85d5-98f897209423'), condition=None, blocking_facility=None)]. The order of those handlers is not defined and they will be executed in random order. This might lead to race conditions and potential bugs.
2026-05-17 15:21:11,130 : INFO : EventManager : Unordered handler for class ConfigPlayer.variable_player/variables on event mode_hard_deck_charlie_stopped with priority 200. Handlers: [RegisteredHandler(callback=<bound method ConfigPlayer.config_play_callback of ConfigPlayer.variable_player/variables>, priority=200, kwargs={'calling_context': 'mode_hard_deck_charlie_stopped', 'mode': <Mode.hard_deck_qualifiers>, 'settings': {'hard_deck_active': {'action': 'set', 'int': <NativeTemplate 0>, 'priority': 0, 'float': None, 'string': None, 'block': False, 'player': None, 'condition': None}, 'letter_collection_paused': {'action': 'set', 'int': <NativeTemplate 0>, 'priority': 0, 'float': None, 'string': None, 'block': False, 'player': None, 'condition': None}}}, key=UUID('b8e42977-7e3d-4fd6-961f-3577aeac03ef'), condition=None, blocking_facility=None), RegisteredHandler(callback=<bound method ConfigPlayer.config_play_callback of ConfigPlayer.variable_player/variables>, priority=200, kwargs={'calling_context': 'mode_hard_deck_charlie_stopped', 'mode': <Mode.pilot_mission_qualifier>, 'settings': {'letter_collection_paused': {'action': 'set', 'int': <NativeTemplate 0>, 'priority': 0, 'float': None, 'string': None, 'block': False, 'player': None, 'condition': None}, 'hard_deck_active': {'action': 'set', 'int': <NativeTemplate 0>, 'priority': 0, 'float': None, 'string': None, 'block': False, 'player': None, 'condition': None}}}, key=UUID('7d803a22-dfe5-4722-ba3f-37970d3869ed'), condition=None, blocking_facility=None)]. The order of those handlers is not defined and they will be executed in random order. This might lead to race conditions and potential bugs.
2026-05-17 15:21:11,131 : INFO : EventManager : Unordered handler for class ConfigPlayer.variable_player/variables on event mode_hard_deck_playing_with_the_boys_stopped with priority 200. Handlers: [RegisteredHandler(callback=<bound method ConfigPlayer.config_play_callback of ConfigPlayer.variable_player/variables>, priority=200, kwargs={'calling_context': 'mode_hard_deck_playing_with_the_boys_stopped', 'mode': <Mode.hard_deck_qualifiers>, 'settings': {'hard_deck_active': {'action': 'set', 'int': <NativeTemplate 0>, 'priority': 0, 'float': None, 'string': None, 'block': False, 'player': None, 'condition': None}, 'letter_collection_paused': {'action': 'set', 'int': <NativeTemplate 0>, 'priority': 0, 'float': None, 'string': None, 'block': False, 'player': None, 'condition': None}, 'ptb_post_mode_plunge_active': {'action': 'set', 'int': <NativeTemplate 0>, 'priority': 0, 'float': None, 'string': None, 'block': False, 'player': None, 'condition': None}}}, key=UUID('a44bdd5a-bb53-4055-baa0-3acf3877b75c'), condition=None, blocking_facility=None), RegisteredHandler(callback=<bound method ConfigPlayer.config_play_callback of ConfigPlayer.variable_player/variables>, priority=200, kwargs={'calling_context': 'mode_hard_deck_playing_with_the_boys_stopped', 'mode': <Mode.pilot_mission_qualifier>, 'settings': {'letter_collection_paused': {'action': 'set', 'int': <NativeTemplate 0>, 'priority': 0, 'float': None, 'string': None, 'block': False, 'player': None, 'condition': None}, 'hard_deck_active': {'action': 'set', 'int': <NativeTemplate 0>, 'priority': 0, 'float': None, 'string': None, 'block': False, 'player': None, 'condition': None}, 'multiball_active': {'action': 'set', 'int': <NativeTemplate 0>, 'priority': 0, 'float': None, 'string': None, 'block': False, 'player': None, 'condition': None}}}, key=UUID('61536b9b-3387-4a12-aa52-3e2664ea408e'), condition=None, blocking_facility=None)]. The order of those handlers is not defined and they will be executed in random order. This might lead to race conditions and potential bugs.
2026-05-17 15:21:11,131 : INFO : EventManager : Unordered handler for class ConfigPlayer.variable_player/variables on event mode_hard_deck_maverick_and_penny_stopped with priority 200. Handlers: [RegisteredHandler(callback=<bound method ConfigPlayer.config_play_callback of ConfigPlayer.variable_player/variables>, priority=200, kwargs={'calling_context': 'mode_hard_deck_maverick_and_penny_stopped', 'mode': <Mode.hard_deck_qualifiers>, 'settings': {'hard_deck_active': {'action': 'set', 'int': <NativeTemplate 0>, 'priority': 0, 'float': None, 'string': None, 'block': False, 'player': None, 'condition': None}, 'letter_collection_paused': {'action': 'set', 'int': <NativeTemplate 0>, 'priority': 0, 'float': None, 'string': None, 'block': False, 'player': None, 'condition': None}}}, key=UUID('40b42583-c925-4c31-ac6c-b4d2772375ef'), condition=None, blocking_facility=None), RegisteredHandler(callback=<bound method ConfigPlayer.config_play_callback of ConfigPlayer.variable_player/variables>, priority=200, kwargs={'calling_context': 'mode_hard_deck_maverick_and_penny_stopped', 'mode': <Mode.pilot_mission_qualifier>, 'settings': {'letter_collection_paused': {'action': 'set', 'int': <NativeTemplate 0>, 'priority': 0, 'float': None, 'string': None, 'block': False, 'player': None, 'condition': None}, 'hard_deck_active': {'action': 'set', 'int': <NativeTemplate 0>, 'priority': 0, 'float': None, 'string': None, 'block': False, 'player': None, 'condition': None}}}, key=UUID('8366d7a3-21e1-4b21-9426-98f2a543a9c2'), condition=None, blocking_facility=None)]. The order of those handlers is not defined and they will be executed in random order. This might lead to race conditions and potential bugs.
2026-05-17 15:21:11,131 : INFO : EventManager : Unordered handler for class ConfigPlayer.variable_player/variables on event mode_hard_deck_honoring_iceman_stopped with priority 200. Handlers: [RegisteredHandler(callback=<bound method ConfigPlayer.config_play_callback of ConfigPlayer.variable_player/variables>, priority=200, kwargs={'calling_context': 'mode_hard_deck_honoring_iceman_stopped', 'mode': <Mode.hard_deck_qualifiers>, 'settings': {'hard_deck_active': {'action': 'set', 'int': <NativeTemplate 0>, 'priority': 0, 'float': None, 'string': None, 'block': False, 'player': None, 'condition': None}, 'letter_collection_paused': {'action': 'set', 'int': <NativeTemplate 0>, 'priority': 0, 'float': None, 'string': None, 'block': False, 'player': None, 'condition': None}}}, key=UUID('68d95f45-b051-4df1-b591-49d145a1df06'), condition=None, blocking_facility=None), RegisteredHandler(callback=<bound method ConfigPlayer.config_play_callback of ConfigPlayer.variable_player/variables>, priority=200, kwargs={'calling_context': 'mode_hard_deck_honoring_iceman_stopped', 'mode': <Mode.pilot_mission_qualifier>, 'settings': {'letter_collection_paused': {'action': 'set', 'int': <NativeTemplate 0>, 'priority': 0, 'float': None, 'string': None, 'block': False, 'player': None, 'condition': None}, 'hard_deck_active': {'action': 'set', 'int': <NativeTemplate 0>, 'priority': 0, 'float': None, 'string': None, 'block': False, 'player': None, 'condition': None}}}, key=UUID('7150fd7a-7a9d-4634-99a4-4602f4c2f5c4'), condition=None, blocking_facility=None)]. The order of those handlers is not defined and they will be executed in random order. This might lead to race conditions and potential bugs.
2026-05-17 15:21:11,131 : INFO : EventManager : Unordered handler for class ConfigPlayer.variable_player/variables on event mode_top_gun_multiball_stopped with priority 200. Handlers: [RegisteredHandler(callback=<bound method ConfigPlayer.config_play_callback of ConfigPlayer.variable_player/variables>, priority=200, kwargs={'calling_context': 'mode_top_gun_multiball_stopped', 'mode': <Mode.top_gun_multiball_locks>, 'settings': {'lock_goose_lit': {'action': 'set', 'int': <NativeTemplate 0>, 'priority': 0, 'float': None, 'string': None, 'block': False, 'player': None, 'condition': None}, 'lock_mav_lit': {'action': 'set', 'int': <NativeTemplate 0>, 'priority': 0, 'float': None, 'string': None, 'block': False, 'player': None, 'condition': None}, 'lock_goose_locked': {'action': 'set', 'int': <NativeTemplate 0>, 'priority': 0, 'float': None, 'string': None, 'block': False, 'player': None, 'condition': None}, 'lock_mav_locked': {'action': 'set', 'int': <NativeTemplate 0>, 'priority': 0, 'float': None, 'string': None, 'block': False, 'player': None, 'condition': None}, 'multiball_qualified': {'action': 'set', 'int': <NativeTemplate 0>, 'priority': 0, 'float': None, 'string': None, 'block': False, 'player': None, 'condition': None}, 'multiball_starting': {'action': 'set', 'int': <NativeTemplate 0>, 'priority': 0, 'float': None, 'string': None, 'block': False, 'player': None, 'condition': None}, 'lock_completions': {'action': 'set', 'int': <NativeTemplate 0>, 'priority': 0, 'float': None, 'string': None, 'block': False, 'player': None, 'condition': None}, 'multiball_active': {'action': 'set', 'int': <NativeTemplate 0>, 'priority': 0, 'float': None, 'string': None, 'block': False, 'player': None, 'condition': None}, 'letter_collection_paused': {'action': 'set', 'int': <NativeTemplate 0>, 'priority': 0, 'float': None, 'string': None, 'block': False, 'player': None, 'condition': None}, 'pilot_qualifier_paused': {'action': 'set', 'int': <NativeTemplate 0>, 'priority': 0, 'float': None, 'string': None, 'block': False, 'player': None, 'condition': None}, 'lock_collection_paused': {'action': 'set', 'int': <NativeTemplate 0>, 'priority': 0, 'float': None, 'string': None, 'block': False, 'player': None, 'condition': None}, 'mb_mode_choice_active': {'action': 'set', 'int': <NativeTemplate 0>, 'priority': 0, 'float': None, 'string': None, 'block': False, 'player': None, 'condition': None}, 'lock_timer_paused': {'action': 'set', 'int': <NativeTemplate 0>, 'priority': 0, 'float': None, 'string': None, 'block': False, 'player': None, 'condition': None}}}, key=UUID('7b26dec9-8a7e-4392-ba85-54c41e5343e6'), condition=None, blocking_facility=None), RegisteredHandler(callback=<bound method ConfigPlayer.config_play_callback of ConfigPlayer.variable_player/variables>, priority=200, kwargs={'calling_context': 'mode_top_gun_multiball_stopped', 'mode': <Mode.pilot_mission_qualifier>, 'settings': {'letter_collection_paused': {'action': 'set', 'int': <NativeTemplate 0>, 'priority': 0, 'float': None, 'string': None, 'block': False, 'player': None, 'condition': None}, 'pilot_qualifier_paused': {'action': 'set', 'int': <NativeTemplate 0>, 'priority': 0, 'float': None, 'string': None, 'block': False, 'player': None, 'condition': None}, 'lock_collection_paused': {'action': 'set', 'int': <NativeTemplate 0>, 'priority': 0, 'float': None, 'string': None, 'block': False, 'player': None, 'condition': None}, 'multiball_active': {'action': 'set', 'int': <NativeTemplate 0>, 'priority': 0, 'float': None, 'string': None, 'block': False, 'player': None, 'condition': None}}}, key=UUID('c251cddf-8f35-4e3e-ba33-acd34ca07445'), condition=None, blocking_facility=None)]. The order of those handlers is not defined and they will be executed in random order. This might lead to race conditions and potential bugs.
2026-05-17 15:21:11,132 : INFO : EventManager : Unordered handler for class ConfigPlayer.variable_player/variables on event s_spinner_active with priority 200. Handlers: [RegisteredHandler(callback=<bound method ConfigPlayer.config_play_callback of ConfigPlayer.variable_player/variables>, priority=200, kwargs={'calling_context': 's_spinner_active', 'mode': <Mode.iceman_letters>, 'settings': {'right_post_locked_out': {'action': 'set', 'int': <NativeTemplate 1>, 'priority': 0, 'float': None, 'string': None, 'block': False, 'player': None, 'condition': None}}}, key=UUID('9bcd0e4e-e9b7-43ff-99e2-81f37be86aeb'), condition=None, blocking_facility=None), RegisteredHandler(callback=<bound method ConfigPlayer.config_play_callback of ConfigPlayer.variable_player/variables>, priority=200, kwargs={'calling_context': 's_spinner_active', 'mode': <Mode.pilot_mission_qualifier>, 'settings': {'spinner_spin_count': {'action': 'add', 'int': <NativeTemplate 1>, 'priority': 0, 'float': None, 'string': None, 'block': False, 'player': None, 'condition': None}, 'previous_switch_type': {'action': 'set', 'int': <NativeTemplate 0>, 'priority': 0, 'float': None, 'string': None, 'block': False, 'player': None, 'condition': None}}}, key=UUID('9b1a9f85-dcf5-4f13-a1f6-8a6377978af2'), condition=None, blocking_facility=None)]. The order of those handlers is not defined and they will be executed in random order. This might lead to race conditions and potential bugs.
2026-05-17 15:21:11,132 : INFO : EventManager : Unordered handler for class ConfigPlayer.variable_player/variables on event s_orbit_right_active with priority 200. Handlers: [RegisteredHandler(callback=<bound method ConfigPlayer.config_play_callback of ConfigPlayer.variable_player/variables>, priority=200, kwargs={'calling_context': 's_orbit_right_active', 'mode': <Mode.iceman_letters>, 'settings': {'right_post_locked_out': {'action': 'set', 'int': <NativeTemplate 1>, 'priority': 0, 'float': None, 'string': None, 'block': False, 'player': None, 'condition': None}}}, key=UUID('5533da53-c627-436e-845d-6ee527b59072'), condition=None, blocking_facility=None), RegisteredHandler(callback=<bound method ConfigPlayer.config_play_callback of ConfigPlayer.variable_player/variables>, priority=200, kwargs={'calling_context': 's_orbit_right_active', 'mode': <Mode.pilot_mission_qualifier>, 'settings': {'previous_switch_type': {'action': 'set', 'int': <NativeTemplate 0>, 'priority': 0, 'float': None, 'string': None, 'block': False, 'player': None, 'condition': None}}}, key=UUID('e68fe7f3-19f3-4310-aefe-32bfb154a33f'), condition=None, blocking_facility=None)]. The order of those handlers is not defined and they will be executed in random order. This might lead to race conditions and potential bugs.
2026-05-17 15:21:11,133 : INFO : EventManager : Unordered handler for class ConfigPlayer.variable_player/variables on event s_orbit_upper_active with priority 200. Handlers: [RegisteredHandler(callback=<bound method ConfigPlayer.config_play_callback of ConfigPlayer.variable_player/variables>, priority=200, kwargs={'calling_context': 's_orbit_upper_active', 'mode': <Mode.iceman_letters>, 'settings': {'right_post_locked_out': {'action': 'set', 'int': <NativeTemplate 1>, 'priority': 0, 'float': None, 'string': None, 'block': False, 'player': None, 'condition': None}}}, key=UUID('a045ee22-af96-40dc-aa32-7d1e4254035f'), condition=None, blocking_facility=None), RegisteredHandler(callback=<bound method ConfigPlayer.config_play_callback of ConfigPlayer.variable_player/variables>, priority=200, kwargs={'calling_context': 's_orbit_upper_active', 'mode': <Mode.pilot_mission_qualifier>, 'settings': {'previous_switch_type': {'action': 'set', 'int': <NativeTemplate 0>, 'priority': 0, 'float': None, 'string': None, 'block': False, 'player': None, 'condition': None}}}, key=UUID('3f64b273-a4e7-4bd3-8c6c-270741cc1644'), condition=None, blocking_facility=None)]. The order of those handlers is not defined and they will be executed in random order. This might lead to race conditions and potential bugs.
2026-05-17 15:21:11,133 : INFO : EventManager : Unordered handler for class ConfigPlayer.variable_player/variables on event s_ramp_inner_exit_active with priority 200. Handlers: [RegisteredHandler(callback=<bound method ConfigPlayer.config_play_callback of ConfigPlayer.variable_player/variables>, priority=200, kwargs={'calling_context': 's_ramp_inner_exit_active', 'mode': <Mode.iceman_letters>, 'settings': {'right_post_locked_out': {'action': 'set', 'int': <NativeTemplate 1>, 'priority': 0, 'float': None, 'string': None, 'block': False, 'player': None, 'condition': None}}}, key=UUID('4b369b5d-fb90-4671-b3ba-aa7b3472976c'), condition=None, blocking_facility=None), RegisteredHandler(callback=<bound method ConfigPlayer.config_play_callback of ConfigPlayer.variable_player/variables>, priority=200, kwargs={'calling_context': 's_ramp_inner_exit_active', 'mode': <Mode.pilot_mission_qualifier>, 'settings': {'previous_switch_type': {'action': 'set', 'int': <NativeTemplate 0>, 'priority': 0, 'float': None, 'string': None, 'block': False, 'player': None, 'condition': None}}}, key=UUID('c5fde0d7-b9d5-4ca0-b420-cad058aaf405'), condition=None, blocking_facility=None)]. The order of those handlers is not defined and they will be executed in random order. This might lead to race conditions and potential bugs.
2026-05-17 15:21:11,134 : INFO : EventManager : Unordered handler for class ConfigPlayer.event_player/events on event mode_rescue_cougar_started with priority 200. Handlers: [RegisteredHandler(callback=<bound method ConfigPlayer.config_play_callback of ConfigPlayer.event_player/events>, priority=200, kwargs={'calling_context': 'mode_rescue_cougar_started', 'mode': <Mode.iceman_letters>, 'settings': {'stop_all_training_pulse_shows': [{'condition': None, 'number': None, 'priority': 0, 'params': {}}]}}, key=UUID('bf577544-2375-4116-b6c6-5836d60c46a2'), condition=None, blocking_facility=None), RegisteredHandler(callback=<bound method ConfigPlayer.config_play_callback of ConfigPlayer.event_player/events>, priority=200, kwargs={'calling_context': 'mode_rescue_cougar_started', 'mode': <Mode.pilot_mission_qualifier>, 'settings': {'reset_topgun_letters': [{'condition': None, 'number': None, 'priority': 0, 'params': {}}], 'check_all_pilot_modes_played': [{'condition': None, 'number': None, 'priority': 0, 'params': {}}], 'ball_search_reset': [{'condition': None, 'number': None, 'priority': 0, 'params': {}}], 'ball_search_block': [{'condition': None, 'number': None, 'priority': 0, 'params': {}}]}}, key=UUID('b1580a5c-23bd-4b46-9df8-3e59e931606a'), condition=None, blocking_facility=None)]. The order of those handlers is not defined and they will be executed in random order. This might lead to race conditions and potential bugs.
2026-05-17 15:21:11,134 : INFO : EventManager : Unordered handler for class ConfigPlayer.event_player/events on event mode_rise_of_phoenix_started with priority 200. Handlers: [RegisteredHandler(callback=<bound method ConfigPlayer.config_play_callback of ConfigPlayer.event_player/events>, priority=200, kwargs={'calling_context': 'mode_rise_of_phoenix_started', 'mode': <Mode.iceman_letters>, 'settings': {'stop_all_training_pulse_shows': [{'condition': None, 'number': None, 'priority': 0, 'params': {}}]}}, key=UUID('ee9c1411-78ed-4125-9e01-9a6994810ba8'), condition=None, blocking_facility=None), RegisteredHandler(callback=<bound method ConfigPlayer.config_play_callback of ConfigPlayer.event_player/events>, priority=200, kwargs={'calling_context': 'mode_rise_of_phoenix_started', 'mode': <Mode.pilot_mission_qualifier>, 'settings': {'reset_topgun_letters': [{'condition': None, 'number': None, 'priority': 0, 'params': {}}], 'check_all_pilot_modes_played': [{'condition': None, 'number': None, 'priority': 0, 'params': {}}], 'ball_search_reset': [{'condition': None, 'number': None, 'priority': 0, 'params': {}}], 'ball_search_block': [{'condition': None, 'number': None, 'priority': 0, 'params': {}}]}}, key=UUID('0930b267-1d1d-4f3a-96c5-f6f968d05dc5'), condition=None, blocking_facility=None)]. The order of those handlers is not defined and they will be executed in random order. This might lead to race conditions and potential bugs.
2026-05-17 15:21:11,136 : INFO : EventManager : Unordered handler for class ConfigPlayer.event_player/events on event mode_cool_under_pressure_started with priority 200. Handlers: [RegisteredHandler(callback=<bound method ConfigPlayer.config_play_callback of ConfigPlayer.event_player/events>, priority=200, kwargs={'calling_context': 'mode_cool_under_pressure_started', 'mode': <Mode.iceman_letters>, 'settings': {'stop_all_training_pulse_shows': [{'condition': None, 'number': None, 'priority': 0, 'params': {}}]}}, key=UUID('c32612ff-4100-4e73-95fe-21161c232c3e'), condition=None, blocking_facility=None), RegisteredHandler(callback=<bound method ConfigPlayer.config_play_callback of ConfigPlayer.event_player/events>, priority=200, kwargs={'calling_context': 'mode_cool_under_pressure_started', 'mode': <Mode.pilot_mission_qualifier>, 'settings': {'reset_topgun_letters': [{'condition': None, 'number': None, 'priority': 0, 'params': {}}], 'check_all_pilot_modes_played': [{'condition': None, 'number': None, 'priority': 0, 'params': {}}], 'ball_search_reset': [{'condition': None, 'number': None, 'priority': 0, 'params': {}}], 'ball_search_block': [{'condition': None, 'number': None, 'priority': 0, 'params': {}}]}}, key=UUID('07a4882b-05b0-4666-a0d0-575a4a502d40'), condition=None, blocking_facility=None)]. The order of those handlers is not defined and they will be executed in random order. This might lead to race conditions and potential bugs.
2026-05-17 15:21:11,136 : INFO : EventManager : Unordered handler for class ConfigPlayer.event_player/events on event mode_battle_jester_started with priority 200. Handlers: [RegisteredHandler(callback=<bound method ConfigPlayer.config_play_callback of ConfigPlayer.event_player/events>, priority=200, kwargs={'calling_context': 'mode_battle_jester_started', 'mode': <Mode.iceman_letters>, 'settings': {'stop_all_training_pulse_shows': [{'condition': None, 'number': None, 'priority': 0, 'params': {}}]}}, key=UUID('bc88abdb-350d-4d94-a406-3ea12da819da'), condition=None, blocking_facility=None), RegisteredHandler(callback=<bound method ConfigPlayer.config_play_callback of ConfigPlayer.event_player/events>, priority=200, kwargs={'calling_context': 'mode_battle_jester_started', 'mode': <Mode.pilot_mission_qualifier>, 'settings': {'reset_topgun_letters': [{'condition': None, 'number': None, 'priority': 0, 'params': {}}], 'check_all_pilot_modes_played': [{'condition': None, 'number': None, 'priority': 0, 'params': {}}], 'ball_search_reset': [{'condition': None, 'number': None, 'priority': 0, 'params': {}}], 'ball_search_block': [{'condition': None, 'number': None, 'priority': 0, 'params': {}}]}}, key=UUID('96efde86-6602-4397-a750-9a3669ccfc8d'), condition=None, blocking_facility=None)]. The order of those handlers is not defined and they will be executed in random order. This might lead to race conditions and potential bugs.
2026-05-17 15:21:11,136 : INFO : EventManager : Unordered handler for class ConfigPlayer.event_player/events on event mode_no_points_for_second_place_started with priority 200. Handlers: [RegisteredHandler(callback=<bound method ConfigPlayer.config_play_callback of ConfigPlayer.event_player/events>, priority=200, kwargs={'calling_context': 'mode_no_points_for_second_place_started', 'mode': <Mode.iceman_letters>, 'settings': {'stop_all_training_pulse_shows': [{'condition': None, 'number': None, 'priority': 0, 'params': {}}]}}, key=UUID('ce83890e-e31c-4533-b868-69f275587210'), condition=None, blocking_facility=None), RegisteredHandler(callback=<bound method ConfigPlayer.config_play_callback of ConfigPlayer.event_player/events>, priority=200, kwargs={'calling_context': 'mode_no_points_for_second_place_started', 'mode': <Mode.pilot_mission_qualifier>, 'settings': {'reset_topgun_letters': [{'condition': None, 'number': None, 'priority': 0, 'params': {}}], 'check_all_pilot_modes_played': [{'condition': None, 'number': None, 'priority': 0, 'params': {}}], 'ball_search_reset': [{'condition': None, 'number': None, 'priority': 0, 'params': {}}], 'ball_search_block': [{'condition': None, 'number': None, 'priority': 0, 'params': {}}]}}, key=UUID('a527900b-d09f-4234-89ad-5059ab31b299'), condition=None, blocking_facility=None)]. The order of those handlers is not defined and they will be executed in random order. This might lead to race conditions and potential bugs.
2026-05-17 15:21:11,136 : INFO : EventManager : Unordered handler for class ConfigPlayer.event_player/events on event mode_edge_of_space_started with priority 200. Handlers: [RegisteredHandler(callback=<bound method ConfigPlayer.config_play_callback of ConfigPlayer.event_player/events>, priority=200, kwargs={'calling_context': 'mode_edge_of_space_started', 'mode': <Mode.iceman_letters>, 'settings': {'stop_all_training_pulse_shows': [{'condition': None, 'number': None, 'priority': 0, 'params': {}}]}}, key=UUID('66f589f8-717f-45d8-9b6b-754a9c8b6ae0'), condition=None, blocking_facility=None), RegisteredHandler(callback=<bound method ConfigPlayer.config_play_callback of ConfigPlayer.event_player/events>, priority=200, kwargs={'calling_context': 'mode_edge_of_space_started', 'mode': <Mode.pilot_mission_qualifier>, 'settings': {'reset_topgun_letters': [{'condition': None, 'number': None, 'priority': 0, 'params': {}}], 'check_all_pilot_modes_played': [{'condition': None, 'number': None, 'priority': 0, 'params': {}}], 'ball_search_reset': [{'condition': None, 'number': None, 'priority': 0, 'params': {}}], 'ball_search_block': [{'condition': None, 'number': None, 'priority': 0, 'params': {}}]}}, key=UUID('ff84c46a-5365-4746-9419-e184b9ea1e8b'), condition=None, blocking_facility=None)]. The order of those handlers is not defined and they will be executed in random order. This might lead to race conditions and potential bugs.
2026-05-17 15:21:11,136 : INFO : EventManager : Unordered handler for class ConfigPlayer.event_player/events on event mode_below_the_hard_deck_started with priority 200. Handlers: [RegisteredHandler(callback=<bound method ConfigPlayer.config_play_callback of ConfigPlayer.event_player/events>, priority=200, kwargs={'calling_context': 'mode_below_the_hard_deck_started', 'mode': <Mode.iceman_letters>, 'settings': {'stop_all_training_pulse_shows': [{'condition': None, 'number': None, 'priority': 0, 'params': {}}]}}, key=UUID('e2661cef-32b3-49a1-a71d-9f720a81f724'), condition=None, blocking_facility=None), RegisteredHandler(callback=<bound method ConfigPlayer.config_play_callback of ConfigPlayer.event_player/events>, priority=200, kwargs={'calling_context': 'mode_below_the_hard_deck_started', 'mode': <Mode.pilot_mission_qualifier>, 'settings': {'reset_topgun_letters': [{'condition': None, 'number': None, 'priority': 0, 'params': {}}], 'check_all_pilot_modes_played': [{'condition': None, 'number': None, 'priority': 0, 'params': {}}], 'ball_search_reset': [{'condition': None, 'number': None, 'priority': 0, 'params': {}}], 'ball_search_block': [{'condition': None, 'number': None, 'priority': 0, 'params': {}}]}}, key=UUID('a41bdc0f-7abf-4493-b7cb-4a9040a51ec0'), condition=None, blocking_facility=None)]. The order of those handlers is not defined and they will be executed in random order. This might lead to race conditions and potential bugs.
2026-05-17 15:21:11,136 : INFO : EventManager : Unordered handler for class ConfigPlayer.event_player/events on event mode_canyon_run_started with priority 200. Handlers: [RegisteredHandler(callback=<bound method ConfigPlayer.config_play_callback of ConfigPlayer.event_player/events>, priority=200, kwargs={'calling_context': 'mode_canyon_run_started', 'mode': <Mode.iceman_letters>, 'settings': {'stop_all_training_pulse_shows': [{'condition': None, 'number': None, 'priority': 0, 'params': {}}]}}, key=UUID('1d5a3687-f0fb-4697-b124-12e3b800a2b6'), condition=None, blocking_facility=None), RegisteredHandler(callback=<bound method ConfigPlayer.config_play_callback of ConfigPlayer.event_player/events>, priority=200, kwargs={'calling_context': 'mode_canyon_run_started', 'mode': <Mode.pilot_mission_qualifier>, 'settings': {'reset_topgun_letters': [{'condition': None, 'number': None, 'priority': 0, 'params': {}}], 'check_all_pilot_modes_played': [{'condition': None, 'number': None, 'priority': 0, 'params': {}}], 'ball_search_reset': [{'condition': None, 'number': None, 'priority': 0, 'params': {}}], 'ball_search_block': [{'condition': None, 'number': None, 'priority': 0, 'params': {}}]}}, key=UUID('8a8538de-99f2-402d-97aa-894254cf59db'), condition=None, blocking_facility=None)]. The order of those handlers is not defined and they will be executed in random order. This might lead to race conditions and potential bugs.
2026-05-17 15:21:11,136 : INFO : EventManager : Unordered handler for class ConfigPlayer.event_player/events on event mode_no_margin_for_error_started with priority 200. Handlers: [RegisteredHandler(callback=<bound method ConfigPlayer.config_play_callback of ConfigPlayer.event_player/events>, priority=200, kwargs={'calling_context': 'mode_no_margin_for_error_started', 'mode': <Mode.iceman_letters>, 'settings': {'stop_all_training_pulse_shows': [{'condition': None, 'number': None, 'priority': 0, 'params': {}}]}}, key=UUID('d5a4779e-9835-40e2-af10-6404492360a7'), condition=None, blocking_facility=None), RegisteredHandler(callback=<bound method ConfigPlayer.config_play_callback of ConfigPlayer.event_player/events>, priority=200, kwargs={'calling_context': 'mode_no_margin_for_error_started', 'mode': <Mode.pilot_mission_qualifier>, 'settings': {'reset_topgun_letters': [{'condition': None, 'number': None, 'priority': 0, 'params': {}}], 'check_all_pilot_modes_played': [{'condition': None, 'number': None, 'priority': 0, 'params': {}}], 'ball_search_reset': [{'condition': None, 'number': None, 'priority': 0, 'params': {}}], 'ball_search_block': [{'condition': None, 'number': None, 'priority': 0, 'params': {}}]}}, key=UUID('bdd295fe-d0ba-44f9-86d5-d5d2a75b88e8'), condition=None, blocking_facility=None)]. The order of those handlers is not defined and they will be executed in random order. This might lead to race conditions and potential bugs.
2026-05-17 15:21:11,137 : INFO : EventManager : Unordered handler for class ConfigPlayer.variable_player/variables on event ball_will_end with priority 200. Handlers: [RegisteredHandler(callback=<bound method ConfigPlayer.config_play_callback of ConfigPlayer.variable_player/variables>, priority=200, kwargs={'calling_context': 'ball_will_end', 'mode': <Mode.mig_letters>, 'settings': {'mig_letter_m': {'action': 'set', 'int': <NativeTemplate 0>, 'priority': 0, 'float': None, 'string': None, 'block': False, 'player': None, 'condition': None}, 'mig_letter_i': {'action': 'set', 'int': <NativeTemplate 0>, 'priority': 0, 'float': None, 'string': None, 'block': False, 'player': None, 'condition': None}, 'mig_letter_g': {'action': 'set', 'int': <NativeTemplate 0>, 'priority': 0, 'float': None, 'string': None, 'block': False, 'player': None, 'condition': None}, 'mig_completing': {'action': 'set', 'int': <NativeTemplate 0>, 'priority': 0, 'float': None, 'string': None, 'block': False, 'player': None, 'condition': None}}}, key=UUID('3fc43901-5b46-4595-bb7f-8c1e91ae24bb'), condition=None, blocking_facility=None), RegisteredHandler(callback=<bound method ConfigPlayer.config_play_callback of ConfigPlayer.variable_player/variables>, priority=200, kwargs={'calling_context': 'ball_will_end', 'mode': <Mode.pilot_mission_qualifier>, 'settings': {'mystery_just_lit_pilot': {'action': 'set', 'int': <NativeTemplate 0>, 'priority': 0, 'float': None, 'string': None, 'block': False, 'player': None, 'condition': None}, 'scoop_release_pending': {'action': 'set', 'int': <NativeTemplate 0>, 'priority': 0, 'float': None, 'string': None, 'block': False, 'player': None, 'condition': None}}}, key=UUID('fc6e4c1d-673a-44ec-b6c8-0d2224321d97'), condition=None, blocking_facility=None)]. The order of those handlers is not defined and they will be executed in random order. This might lead to race conditions and potential bugs.
2026-05-17 15:21:11,141 : INFO : EventManager : Event: ======'mode_pilot_mission_qualifier_starting'====== Args={'queue': <QueuedEvent>, 'player': 1, 'ball': 1, 'balls_remaining': 2, 'is_extra_ball': False}
2026-05-17 15:21:11,141 : INFO : EventManager : Event: ======'start_mode_bumpers'====== Args={'priority': 0}
2026-05-17 15:21:11,141 : INFO : EventManager : Event: ======'right_ramp_down'====== Args={'priority': 0}
2026-05-17 15:21:11,142 : INFO : EventManager : Event: ======'lock_released'====== Args={'priority': 0}
2026-05-17 15:21:11,143 : INFO : EventManager : Event: ======'player_total_scoring_multiplier'====== Args={'value': 1.0, 'prev_value': 0, 'change': 1.0, 'player_num': 1, 'source': 'base'}
2026-05-17 15:21:11,143 : INFO : EventManager : Event: ======'player_bonus_switches_count'====== Args={'value': 0, 'prev_value': 0, 'change': 0, 'player_num': 1, 'source': 'base'}
2026-05-17 15:21:11,143 : INFO : EventManager : Event: ======'player_bonus_ramps_count'====== Args={'value': 0, 'prev_value': 0, 'change': 0, 'player_num': 1, 'source': 'base'}
2026-05-17 15:21:11,143 : INFO : EventManager : Event: ======'player_bonus_highest_mach'====== Args={'value': 0, 'prev_value': 0, 'change': 0, 'player_num': 1, 'source': 'base'}
2026-05-17 15:21:11,143 : INFO : EventManager : Event: ======'player_bonus_multiplier'====== Args={'value': 1, 'prev_value': 0, 'change': 1, 'player_num': 1, 'source': 'base'}
2026-05-17 15:21:11,143 : INFO : EventManager : Event: ======'player_pilot_mode_drain_pending'====== Args={'value': 0, 'prev_value': 0, 'change': 0, 'player_num': 1, 'source': 'base'}
2026-05-17 15:21:11,143 : INFO : EventManager : Event: ======'player_spinner_sound_toggle'====== Args={'value': 0, 'prev_value': 0, 'change': 0, 'player_num': 1, 'source': 'base'}
2026-05-17 15:21:11,143 : INFO : EventManager : Event: ======'mode_bumpers_will_start'====== Args={'priority': 0}
2026-05-17 15:21:11,144 : INFO : EventManager : Event: ======'player_shot_bumper_left_enabled'====== Args={'value': True, 'prev_value': 0, 'change': 1, 'player_num': 1}
2026-05-17 15:21:11,144 : INFO : EventManager : Event: ======'player_shot_bumper_center_enabled'====== Args={'value': True, 'prev_value': 0, 'change': 1, 'player_num': 1}
2026-05-17 15:21:11,144 : INFO : EventManager : Event: ======'player_shot_bumper_right_enabled'====== Args={'value': True, 'prev_value': 0, 'change': 1, 'player_num': 1}
2026-05-17 15:21:11,144 : INFO : EventManager : Event: ======'bumpers_complete'====== Args={'state': 'unlit'}
2026-05-17 15:21:11,144 : INFO : EventManager : Event: ======'bumpers_unlit_complete'====== Args={}
2026-05-17 15:21:11,145 : INFO : EventManager : Event: ======'mode_bumpers_starting'====== Args={'priority': 0}
2026-05-17 15:21:11,145 : INFO : coil.c_right_orbit_diverter : Disabling Driver
2026-05-17 15:21:11,145 : INFO : Mode.bumpers : Started. Priority: 200
2026-05-17 15:21:11,145 : INFO : EventManager : Event: ======'modes_active_modes_changed'====== Args={}
2026-05-17 15:21:11,145 : INFO : EventManager : Event: ======'mode_bumpers_started'====== Args={'priority': 0}
2026-05-17 15:21:11,145 : INFO : Mode.pilot_mission_qualifier : Started. Priority: 200
2026-05-17 15:21:11,145 : INFO : EventManager : Event: ======'modes_active_modes_changed'====== Args={}
2026-05-17 15:21:11,145 : INFO : EventManager : Event: ======'mode_pilot_mission_qualifier_started'====== Args={'queue': <QueuedEvent>, 'player': 1, 'ball': 1, 'balls_remaining': 2, 'is_extra_ball': False}
2026-05-17 15:21:11,146 : INFO : EventManager : Event: ======'check_all_pilot_modes_played'====== Args={'priority': 0}
2026-05-17 15:21:11,146 : INFO : EventManager : Event: ======'update_training_qual_lights'====== Args={'priority': 0}
2026-05-17 15:21:11,146 : INFO : EventManager : Event: ======'spot_topgun_letter'====== Args={'priority': 0}
2026-05-17 15:21:11,146 : INFO : EventManager : Event: ======'update_qualifying_show'====== Args={'priority': 0}
2026-05-17 15:21:11,146 : INFO : EventManager : Event: ======'update_training_qual_lights'====== Args={'priority': 0}
2026-05-17 15:21:11,147 : INFO : EventManager : Event: ======'player_topgun_shots_collected'====== Args={'value': 1, 'prev_value': 0, 'change': 1, 'player_num': 1, 'source': 'pilot_mission_qualifier'}
2026-05-17 15:21:11,147 : INFO : EventManager : Event: ======'topgun_letter_t_lit'====== Args={'priority': 0}
2026-05-17 15:21:11,148 : INFO : Mode.top_gun_multiball_locks : Started. Priority: 200
2026-05-17 15:21:11,148 : INFO : EventManager : Event: ======'modes_active_modes_changed'====== Args={}
2026-05-17 15:21:11,148 : INFO : EventManager : Event: ======'mode_top_gun_multiball_locks_started'====== Args={'queue': <QueuedEvent>, 'player': 1, 'ball': 1, 'balls_remaining': 2, 'is_extra_ball': False}
2026-05-17 15:21:11,148 : INFO : EventManager : Event: ======'player_multiball_starting'====== Args={'value': 0, 'prev_value': 0, 'change': 0, 'player_num': 1, 'source': 'top_gun_multiball_locks'}
2026-05-17 15:21:11,148 : INFO : EventManager : Event: ======'player_lock_partial_callout_index'====== Args={'value': 0, 'prev_value': 0, 'change': 0, 'player_num': 1, 'source': 'top_gun_multiball_locks'}
2026-05-17 15:21:11,148 : INFO : EventManager : Event: ======'player_lock_pending_letter'====== Args={'value': 0, 'prev_value': 0, 'change': 0, 'player_num': 1, 'source': 'top_gun_multiball_locks'}
2026-05-17 15:21:11,148 : INFO : EventManager : Event: ======'player_lock_collection_paused'====== Args={'value': 0, 'prev_value': 0, 'change': 0, 'player_num': 1, 'source': 'top_gun_multiball_locks'}
2026-05-17 15:21:11,148 : INFO : EventManager : Event: ======'player_lock_timer_paused'====== Args={'value': 0, 'prev_value': 0, 'change': 0, 'player_num': 1, 'source': 'top_gun_multiball_locks'}
2026-05-17 15:21:11,148 : INFO : EventManager : Event: ======'update_qualifying_show'====== Args={'priority': 0}
2026-05-17 15:21:11,148 : INFO : EventManager : Event: ======'update_training_qual_lights'====== Args={'priority': 0}
2026-05-17 15:21:11,149 : INFO : Mode.mig_letters : Started. Priority: 200
2026-05-17 15:21:11,149 : INFO : EventManager : Event: ======'modes_active_modes_changed'====== Args={}
2026-05-17 15:21:11,149 : INFO : EventManager : Event: ======'mode_mig_letters_started'====== Args={'queue': <QueuedEvent>, 'player': 1, 'ball': 1, 'balls_remaining': 2, 'is_extra_ball': False}
2026-05-17 15:21:11,149 : INFO : Mode.hard_deck_qualifiers : Started. Priority: 200
2026-05-17 15:21:11,149 : INFO : EventManager : Event: ======'modes_active_modes_changed'====== Args={}
2026-05-17 15:21:11,149 : INFO : EventManager : Event: ======'mode_hard_deck_qualifiers_started'====== Args={'queue': <QueuedEvent>, 'player': 1, 'ball': 1, 'balls_remaining': 2, 'is_extra_ball': False}
2026-05-17 15:21:11,149 : INFO : EventManager : Event: ======'hd_qualify_charlie'====== Args={'priority': 0}
2026-05-17 15:21:11,150 : INFO : EventManager : Event: ======'player_hd_mc_qualified'====== Args={'value': 1, 'prev_value': 0, 'change': 1, 'player_num': 1, 'source': 'hard_deck_qualifiers'}
2026-05-17 15:21:11,150 : INFO : EventManager : Event: ======'player_hard_deck_qualified_mode'====== Args={'value': 1, 'prev_value': 0, 'change': 1, 'player_num': 1, 'source': 'hard_deck_qualifiers'}
2026-05-17 15:21:11,151 : INFO : EventManager : Event: ======'update_training_qual_lights'====== Args={'priority': 0}
2026-05-17 15:21:11,152 : INFO : Mode.iceman_letters : Started. Priority: 200
2026-05-17 15:21:11,152 : INFO : EventManager : Event: ======'modes_active_modes_changed'====== Args={}
2026-05-17 15:21:11,152 : INFO : EventManager : Event: ======'mode_iceman_letters_started'====== Args={'queue': <QueuedEvent>, 'player': 1, 'ball': 1, 'balls_remaining': 2, 'is_extra_ball': False}
2026-05-17 15:21:11,153 : INFO : EventManager : Event: ======'restore_training_mission_light'====== Args={'priority': 0}
2026-05-17 15:21:11,153 : INFO : Mode.goose_letters : Started. Priority: 210
2026-05-17 15:21:11,153 : INFO : EventManager : Event: ======'modes_active_modes_changed'====== Args={}
2026-05-17 15:21:11,153 : INFO : EventManager : Event: ======'mode_goose_letters_started'====== Args={'queue': <QueuedEvent>, 'player': 1, 'ball': 1, 'balls_remaining': 2, 'is_extra_ball': False}
2026-05-17 15:21:11,153 : INFO : EventManager : Event: ======'player_ejection_shots_completed'====== Args={'value': 0, 'prev_value': 0, 'change': 0, 'player_num': 1, 'source': 'goose_letters'}
2026-05-17 15:21:11,154 : INFO : EventManager : Event: ======'player_ejection_shots_needed'====== Args={'value': 3, 'prev_value': 0, 'change': 3, 'player_num': 1, 'source': 'goose_letters'}
2026-05-17 15:21:11,154 : INFO : EventManager : Event: ======'player_goose_milestone'====== Args={'value': 3, 'prev_value': 0, 'change': 3, 'player_num': 1, 'source': 'goose_letters'}
2026-05-17 15:21:11,154 : INFO : EventManager : Event: ======'player_goose_next_award_name'====== Args={'value': 'Extra Ball', 'prev_value': 0, 'change': True, 'player_num': 1, 'source': 'goose_letters'}
2026-05-17 15:21:11,154 : INFO : EventManager : Event: ======'player_goose_next_eject_target'====== Args={'value': 3, 'prev_value': 0, 'change': 3, 'player_num': 1, 'source': 'goose_letters'}
2026-05-17 15:21:11,154 : INFO : EventManager : Event: ======'player_goose_next_mystery_target'====== Args={'value': 5, 'prev_value': 0, 'change': 5, 'player_num': 1, 'source': 'goose_letters'}
2026-05-17 15:21:11,154 : INFO : Mode.2x_playfield : Started. Priority: 250
2026-05-17 15:21:11,154 : INFO : EventManager : Event: ======'modes_active_modes_changed'====== Args={}
2026-05-17 15:21:11,154 : INFO : EventManager : Event: ======'mode_2x_playfield_started'====== Args={'queue': <QueuedEvent>, 'player': 1, 'ball': 1, 'balls_remaining': 2, 'is_extra_ball': False}
2026-05-17 15:21:11,156 : INFO : EventManager : Event: ======'x2_update_display'====== Args={'priority': 0}
2026-05-17 15:21:11,156 : INFO : EventManager : Event: ======'x2_show_progress_slides'====== Args={'priority': 0}
2026-05-17 15:21:11,156 : INFO : EventManager : Event: ======'player_x2_completions_needed'====== Args={'value': 2, 'prev_value': 0, 'change': 2, 'player_num': 1, 'source': '2x_playfield'}
2026-05-17 15:21:11,156 : INFO : EventManager : Event: ======'player_x2_rounds_complete'====== Args={'value': 0, 'prev_value': 0, 'change': 0, 'player_num': 1, 'source': '2x_playfield'}
2026-05-17 15:21:11,156 : INFO : Mode.mach_scoring : Started. Priority: 500
2026-05-17 15:21:11,156 : INFO : EventManager : Event: ======'modes_active_modes_changed'====== Args={}
2026-05-17 15:21:11,156 : INFO : EventManager : Event: ======'mode_mach_scoring_started'====== Args={'queue': <QueuedEvent>, 'player': 1, 'ball': 1, 'balls_remaining': 2, 'is_extra_ball': False}
2026-05-17 15:21:11,156 : INFO : Mode.shot_made_callout_randomizer : Started. Priority: 150
2026-05-17 15:21:11,157 : INFO : EventManager : Event: ======'modes_active_modes_changed'====== Args={}
2026-05-17 15:21:11,157 : INFO : EventManager : Event: ======'mode_shot_made_callout_randomizer_started'====== Args={'queue': <QueuedEvent>, 'player': 1, 'ball': 1, 'balls_remaining': 2, 'is_extra_ball': False}
2026-05-17 15:21:11,157 : INFO : Mode.ball_save : Started. Priority: 150
2026-05-17 15:21:11,157 : INFO : EventManager : Event: ======'modes_active_modes_changed'====== Args={}
2026-05-17 15:21:11,157 : INFO : EventManager : Event: ======'mode_ball_save_started'====== Args={'queue': <QueuedEvent>, 'player': 1, 'ball': 1, 'balls_remaining': 2, 'is_extra_ball': False}
2026-05-17 15:21:11,157 : INFO : EventManager : Event: ======'ball_save_new_ball_enable'====== Args={'priority': 0}
2026-05-17 15:21:11,157 : INFO : EventManager : Event: ======'player_consecutive_ball_saves'====== Args={'value': 0, 'prev_value': 0, 'change': 0, 'player_num': 1, 'source': 'ball_save'}
2026-05-17 15:21:11,157 : INFO : EventManager : Event: ======'ball_save_new_ball_save_enabled'====== Args={}
2026-05-17 15:21:11,157 : INFO : EventManager : Event: ======'player_ball_save_active'====== Args={'value': 1, 'prev_value': 0, 'change': 1, 'player_num': 1, 'source': 'ball_save'}
2026-05-17 15:21:11,157 : INFO : Mode.shot_missed_callout_randomizer : Started. Priority: 150
2026-05-17 15:21:11,157 : INFO : EventManager : Event: ======'modes_active_modes_changed'====== Args={}
2026-05-17 15:21:11,157 : INFO : EventManager : Event: ======'mode_shot_missed_callout_randomizer_started'====== Args={'queue': <QueuedEvent>, 'player': 1, 'ball': 1, 'balls_remaining': 2, 'is_extra_ball': False}
2026-05-17 15:21:11,158 : INFO : Mode.tilt : Started. Priority: 10000
2026-05-17 15:21:11,158 : INFO : EventManager : Event: ======'modes_active_modes_changed'====== Args={}
2026-05-17 15:21:11,158 : INFO : EventManager : Event: ======'mode_tilt_started'====== Args={'queue': <QueuedEvent>, 'player': 1, 'ball': 1, 'balls_remaining': 2, 'is_extra_ball': False}
2026-05-17 15:21:11,158 : INFO : EventManager : Unordered handler for class ConfigPlayer.variable_player/variables on event ball_will_end with priority 200. Handlers: [RegisteredHandler(callback=<bound method ConfigPlayer.config_play_callback of ConfigPlayer.variable_player/variables>, priority=200, kwargs={'calling_context': 'ball_will_end', 'mode': <Mode.mig_letters>, 'settings': {'mig_letter_m': {'action': 'set', 'int': <NativeTemplate 0>, 'priority': 0, 'float': None, 'string': None, 'block': False, 'player': None, 'condition': None}, 'mig_letter_i': {'action': 'set', 'int': <NativeTemplate 0>, 'priority': 0, 'float': None, 'string': None, 'block': False, 'player': None, 'condition': None}, 'mig_letter_g': {'action': 'set', 'int': <NativeTemplate 0>, 'priority': 0, 'float': None, 'string': None, 'block': False, 'player': None, 'condition': None}, 'mig_completing': {'action': 'set', 'int': <NativeTemplate 0>, 'priority': 0, 'float': None, 'string': None, 'block': False, 'player': None, 'condition': None}}}, key=UUID('3fc43901-5b46-4595-bb7f-8c1e91ae24bb'), condition=None, blocking_facility=None), RegisteredHandler(callback=<bound method ConfigPlayer.config_play_callback of ConfigPlayer.variable_player/variables>, priority=200, kwargs={'calling_context': 'ball_will_end', 'mode': <Mode.pilot_mission_qualifier>, 'settings': {'mystery_just_lit_pilot': {'action': 'set', 'int': <NativeTemplate 0>, 'priority': 0, 'float': None, 'string': None, 'block': False, 'player': None, 'condition': None}, 'scoop_release_pending': {'action': 'set', 'int': <NativeTemplate 0>, 'priority': 0, 'float': None, 'string': None, 'block': False, 'player': None, 'condition': None}}}, key=UUID('fc6e4c1d-673a-44ec-b6c8-0d2224321d97'), condition=None, blocking_facility=None)]. The order of those handlers is not defined and they will be executed in random order. This might lead to race conditions and potential bugs.
2026-05-17 15:21:11,158 : INFO : EventManager : Event: ======'balls_in_play'====== Args={'balls': 1}
2026-05-17 15:21:11,158 : INFO : EventManager : Event: ======'ball_started'====== Args={'player': 1, 'ball': 1, 'balls_remaining': 2, 'is_extra_ball': False}
2026-05-17 15:21:11,159 : INFO : EventManager : Event: ======'player_left_orbit_diverter_active'====== Args={'value': 0, 'prev_value': 0, 'change': 0, 'player_num': 1, 'source': 'pilot_mission_qualifier'}
2026-05-17 15:21:11,159 : INFO : EventManager : Event: ======'player_previous_switch_type'====== Args={'value': 0, 'prev_value': 0, 'change': 0, 'player_num': 1, 'source': 'pilot_mission_qualifier'}
2026-05-17 15:21:11,160 : INFO : EventManager : Event: ======'player_topgun_skip_video'====== Args={'value': 0, 'prev_value': 0, 'change': 0, 'player_num': 1, 'source': 'pilot_mission_qualifier'}
2026-05-17 15:21:11,160 : INFO : EventManager : Event: ======'player_topgun_ll_sixth_letter'====== Args={'value': 0, 'prev_value': 0, 'change': 0, 'player_num': 1, 'source': 'pilot_mission_qualifier'}
2026-05-17 15:21:11,160 : INFO : EventManager : Event: ======'mode_extra_ball_will_start'====== Args={'player': 1, 'ball': 1, 'balls_remaining': 2, 'is_extra_ball': False}
2026-05-17 15:21:11,160 : INFO : EventManager : Event: ======'player_extra_ball_main_num_awarded'====== Args={'value': 0, 'prev_value': 0, 'change': 0, 'player_num': 1}
2026-05-17 15:21:11,160 : INFO : EventManager : Event: ======'player_extra_ball_extra_ball_hold_tick'====== Args={'value': 5, 'prev_value': 0, 'change': 5, 'player_num': 1}
2026-05-17 15:21:11,161 : INFO : EventManager : Unordered handler for class ConfigPlayer.variable_player/variables on event ball_will_end with priority 200. Handlers: [RegisteredHandler(callback=<bound method ConfigPlayer.config_play_callback of ConfigPlayer.variable_player/variables>, priority=200, kwargs={'calling_context': 'ball_will_end', 'mode': <Mode.mig_letters>, 'settings': {'mig_letter_m': {'action': 'set', 'int': <NativeTemplate 0>, 'priority': 0, 'float': None, 'string': None, 'block': False, 'player': None, 'condition': None}, 'mig_letter_i': {'action': 'set', 'int': <NativeTemplate 0>, 'priority': 0, 'float': None, 'string': None, 'block': False, 'player': None, 'condition': None}, 'mig_letter_g': {'action': 'set', 'int': <NativeTemplate 0>, 'priority': 0, 'float': None, 'string': None, 'block': False, 'player': None, 'condition': None}, 'mig_completing': {'action': 'set', 'int': <NativeTemplate 0>, 'priority': 0, 'float': None, 'string': None, 'block': False, 'player': None, 'condition': None}}}, key=UUID('3fc43901-5b46-4595-bb7f-8c1e91ae24bb'), condition=None, blocking_facility=None), RegisteredHandler(callback=<bound method ConfigPlayer.config_play_callback of ConfigPlayer.variable_player/variables>, priority=200, kwargs={'calling_context': 'ball_will_end', 'mode': <Mode.pilot_mission_qualifier>, 'settings': {'mystery_just_lit_pilot': {'action': 'set', 'int': <NativeTemplate 0>, 'priority': 0, 'float': None, 'string': None, 'block': False, 'player': None, 'condition': None}, 'scoop_release_pending': {'action': 'set', 'int': <NativeTemplate 0>, 'priority': 0, 'float': None, 'string': None, 'block': False, 'player': None, 'condition': None}}}, key=UUID('fc6e4c1d-673a-44ec-b6c8-0d2224321d97'), condition=None, blocking_facility=None)]. The order of those handlers is not defined and they will be executed in random order. This might lead to race conditions and potential bugs.
2026-05-17 15:21:11,161 : INFO : EventManager : Unordered handler for class ConfigPlayer.variable_player/variables on event ball_will_end with priority 200. Handlers: [RegisteredHandler(callback=<bound method ConfigPlayer.config_play_callback of ConfigPlayer.variable_player/variables>, priority=200, kwargs={'calling_context': 'ball_will_end', 'mode': <Mode.mig_letters>, 'settings': {'mig_letter_m': {'action': 'set', 'int': <NativeTemplate 0>, 'priority': 0, 'float': None, 'string': None, 'block': False, 'player': None, 'condition': None}, 'mig_letter_i': {'action': 'set', 'int': <NativeTemplate 0>, 'priority': 0, 'float': None, 'string': None, 'block': False, 'player': None, 'condition': None}, 'mig_letter_g': {'action': 'set', 'int': <NativeTemplate 0>, 'priority': 0, 'float': None, 'string': None, 'block': False, 'player': None, 'condition': None}, 'mig_completing': {'action': 'set', 'int': <NativeTemplate 0>, 'priority': 0, 'float': None, 'string': None, 'block': False, 'player': None, 'condition': None}}}, key=UUID('3fc43901-5b46-4595-bb7f-8c1e91ae24bb'), condition=None, blocking_facility=None), RegisteredHandler(callback=<bound method ConfigPlayer.config_play_callback of ConfigPlayer.variable_player/variables>, priority=200, kwargs={'calling_context': 'ball_will_end', 'mode': <Mode.pilot_mission_qualifier>, 'settings': {'mystery_just_lit_pilot': {'action': 'set', 'int': <NativeTemplate 0>, 'priority': 0, 'float': None, 'string': None, 'block': False, 'player': None, 'condition': None}, 'scoop_release_pending': {'action': 'set', 'int': <NativeTemplate 0>, 'priority': 0, 'float': None, 'string': None, 'block': False, 'player': None, 'condition': None}}}, key=UUID('fc6e4c1d-673a-44ec-b6c8-0d2224321d97'), condition=None, blocking_facility=None)]. The order of those handlers is not defined and they will be executed in random order. This might lead to race conditions and potential bugs.
2026-05-17 15:21:11,164 : INFO : EventManager : Event: ======'mode_extra_ball_starting'====== Args={'player': 1, 'ball': 1, 'balls_remaining': 2, 'is_extra_ball': False}
2026-05-17 15:21:11,164 : INFO : Timer.lock_letter_sound_delay : Stopping Timer
2026-05-17 15:21:11,164 : INFO : EventManager : Event: ======'timer_lock_letter_sound_delay_stopped'====== Args={'ticks': 0, 'ticks_remaining': 0}
2026-05-17 15:21:11,164 : INFO : Mode.extra_ball : Started. Priority: 150
2026-05-17 15:21:11,164 : INFO : EventManager : Event: ======'modes_active_modes_changed'====== Args={}
2026-05-17 15:21:11,164 : INFO : EventManager : Event: ======'mode_extra_ball_started'====== Args={'player': 1, 'ball': 1, 'balls_remaining': 2, 'is_extra_ball': False}
2026-05-17 15:21:11,165 : INFO : EventManager : Event: ======'player_extra_ball_collecting'====== Args={'value': 0, 'prev_value': 0, 'change': 0, 'player_num': 1, 'source': 'extra_ball'}
2026-05-17 15:21:11,166 : INFO : EventManager : Event: ======'single_player_ball_started'====== Args={}
2026-05-17 15:21:11,170 : INFO : EventManager : Event: ======'ball_start_target'====== Args={'target': 'playfield'}
2026-05-17 15:21:11,171 : INFO : ball_device.bd_plunger : Setting up player-controlled eject. Balls: 1, Target: <playfield.playfield>, player_controlled_eject_event: None
2026-05-17 15:21:11,172 : INFO : EventManager : Event: ======'balldevice_balls_available'====== Args={}
2026-05-17 15:21:11,176 : INFO : ball_device.bd_trough : State: waiting_for_target_ready
2026-05-17 15:21:11,176 : INFO : EventManager : Event: ======'balldevice_bd_trough_ball_eject_attempt'====== Args={'balls': 1, 'target': <ball_device.bd_plunger>, 'source': <ball_device.bd_trough>, 'mechanical_eject': True, 'num_attempts': 0}
2026-05-17 15:21:11,176 : INFO : ball_device.bd_plunger : State: waiting_for_ball
2026-05-17 15:21:11,177 : INFO : ball_device.bd_trough : State: ejecting
2026-05-17 15:21:11,177 : INFO : ball_device.bd_trough : Ejecting ball to <ball_device.bd_plunger>
2026-05-17 15:21:11,177 : INFO : EventManager : Event: ======'balldevice_bd_trough_ejecting_ball'====== Args={'balls': 1, 'target': <ball_device.bd_plunger>, 'source': <ball_device.bd_trough>, 'mechanical_eject': True, 'num_attempts': 0}
2026-05-17 15:21:11,179 : INFO : ball_device.bd_trough : Wait for ball to leave device
2026-05-17 15:21:11,179 : INFO : coil.c_trough_eject : Pulsing Driver for 25ms (0.75 pulse_power)
2026-05-17 15:21:11,213 : INFO : SwitchController : <<<<<<< 's_trough_1' inactive >>>>>>>
2026-05-17 15:21:11,213 : INFO : SwitchController : <<<<<<< 's_jam' active >>>>>>>
2026-05-17 15:21:11,213 : INFO : EventManager : Event: ======'machine_var_audits_switches_s_jam'====== Args={'value': 5620, 'prev_value': 5619, 'change': 1}
2026-05-17 15:21:11,215 : INFO : ball_device.bd_trough : State: ball_left
2026-05-17 15:21:11,215 : INFO : ball_device.bd_trough : Ball left
2026-05-17 15:21:11,215 : INFO : ball_device.bd_trough : Wait for confirm with timeout 3.0
2026-05-17 15:21:11,228 : INFO : EventManager : Unordered handler for class <BCP Interface> on event player_turn_started with priority 1. Handlers: [RegisteredHandler(callback=<bound method BcpInterface._player_turn_start of <BCP Interface>>, priority=1, kwargs={}, key=UUID('17d124fa-9909-48e0-b23b-6632255323fc'), condition=None, blocking_facility=None), RegisteredHandler(callback=<bound method BcpInterface.bcp_trigger of <BCP Interface>>, priority=1, kwargs={'name': 'player_turn_started'}, key=UUID('1013516e-4064-4072-8c39-afa0b4edd680'), condition=None, blocking_facility=None)]. The order of those handlers is not defined and they will be executed in random order. This might lead to race conditions and potential bugs.
2026-05-17 15:21:11,228 : INFO : EventManager : Event: ======'slide_base_slide_created'====== Args={'_from_bcp': True}
2026-05-17 15:21:11,229 : INFO : EventManager : Event: ======'slide_attract_inactive'====== Args={'is_removing': True, '_from_bcp': True}
2026-05-17 15:21:11,229 : INFO : EventManager : Event: ======'slide_base_slide_active'====== Args={'original_context': 'base', 'original_calling_context': 'mode_base_started', 'priority': 100.0, 'queue': '<QueuedEvent>', 'player': 1.0, 'ball': 1.0, 'balls_remaining': 2.0, 'is_extra_ball': False, 'cmd': 'slides_play', '_from_bcp': True}
2026-05-17 15:21:11,230 : INFO : SwitchController : <<<<<<< 's_jam' inactive >>>>>>>
2026-05-17 15:21:11,231 : INFO : EventManager : Event: ======'slide_attract_removed'====== Args={'_from_bcp': True}
2026-05-17 15:21:11,244 : INFO : EventManager : Event: ======'slide_topgun_0_created'====== Args={'_from_bcp': True}
2026-05-17 15:21:11,245 : INFO : EventManager : Event: ======'slide_base_slide_inactive'====== Args={'is_removing': False, '_from_bcp': True}
2026-05-17 15:21:11,245 : INFO : EventManager : Event: ======'slide_topgun_0_active'====== Args={'original_context': 'pilot_mission_qualifier', 'original_calling_context': 'mode_pilot_mission_qualifier_started{current_player.topgun_shots_collected==0 and current_player.qualified_mode_number==0}', 'priority': 200.0, 'queue': '<QueuedEvent>', 'player': 1.0, 'ball': 1.0, 'balls_remaining': 2.0, 'is_extra_ball': False, 'cmd': 'slides_play', '_from_bcp': True}
2026-05-17 15:21:11,246 : INFO : EventManager : Event: ======'slide_topgun_0_inactive'====== Args={'is_removing': True, '_from_bcp': True}
2026-05-17 15:21:11,246 : INFO : EventManager : Event: ======'slide_base_slide_active'====== Args={'_from_bcp': True}
2026-05-17 15:21:11,246 : INFO : EventManager : Event: ======'slide_topgun_0_removed'====== Args={'_from_bcp': True}
2026-05-17 15:21:11,258 : INFO : EventManager : Event: ======'slide_topgun_1_created'====== Args={'_from_bcp': True}
2026-05-17 15:21:11,258 : INFO : EventManager : Event: ======'slide_base_slide_inactive'====== Args={'is_removing': False, '_from_bcp': True}
2026-05-17 15:21:11,258 : INFO : EventManager : Event: ======'slide_topgun_1_active'====== Args={'original_context': 'pilot_mission_qualifier', 'original_calling_context': 'topgun_letter_t_lit', 'priority': 200.0, 'cmd': 'slides_play', '_from_bcp': True}
2026-05-17 15:21:11,262 : INFO : EventManager : Event: ======'slide_ejection_shots_completed_created'====== Args={'_from_bcp': True}
2026-05-17 15:21:11,263 : INFO : EventManager : Event: ======'slide_ejection_shots_needed_created'====== Args={'_from_bcp': True}
2026-05-17 15:21:11,263 : INFO : EventManager : Event: ======'slide_topgun_1_inactive'====== Args={'is_removing': False, '_from_bcp': True}
2026-05-17 15:21:11,264 : INFO : EventManager : Event: ======'slide_ejection_shots_needed_active'====== Args={'original_context': 'goose_letters', 'original_calling_context': 'mode_goose_letters_started{current_player.eject_mode_qualified==0}', 'priority': 210.0, 'queue': '<QueuedEvent>', 'player': 1.0, 'ball': 1.0, 'balls_remaining': 2.0, 'is_extra_ball': False, 'cmd': 'slides_play', '_from_bcp': True}
2026-05-17 15:21:11,264 : INFO : EventManager : Event: ======'slide_2x_playfield_completions_needed_created'====== Args={'_from_bcp': True}
2026-05-17 15:21:11,266 : INFO : EventManager : Event: ======'slide_2x_playfied_completions_done_created'====== Args={'_from_bcp': True}
2026-05-17 15:21:11,266 : INFO : EventManager : Event: ======'slide_ejection_shots_needed_inactive'====== Args={'is_removing': False, '_from_bcp': True}
2026-05-17 15:21:11,266 : INFO : EventManager : Event: ======'slide_2x_playfied_completions_done_active'====== Args={'original_context': '2x_playfield', 'original_calling_context': 'x2_show_progress_slides{current_player.x2_qualified==0 and current_player.x2_active==0}', 'priority': 250.0, 'cmd': 'slides_play', '_from_bcp': True}
2026-05-17 15:21:11,272 : INFO : EventManager : Event: ======'slide_mach_1_created'====== Args={'_from_bcp': True}
2026-05-17 15:21:11,272 : INFO : EventManager : Event: ======'slide_2x_playfied_completions_done_inactive'====== Args={'is_removing': False, '_from_bcp': True}
2026-05-17 15:21:11,273 : INFO : EventManager : Event: ======'slide_mach_1_active'====== Args={'original_context': 'mach_scoring', 'original_calling_context': 'mode_mach_scoring_started', 'priority': 500.0, 'queue': '<QueuedEvent>', 'player': 1.0, 'ball': 1.0, 'balls_remaining': 2.0, 'is_extra_ball': False, 'cmd': 'slides_play', '_from_bcp': True}
2026-05-17 15:21:11,338 : INFO : EventManager : Event: ======'spot_topgun_letter'====== Args={'priority': 0}
2026-05-17 15:21:11,338 : INFO : EventManager : Event: ======'player_topgun_shots_collected'====== Args={'value': 2, 'prev_value': 1, 'change': 1, 'player_num': 1, 'source': 'pilot_mission_qualifier'}
2026-05-17 15:21:11,339 : INFO : EventManager : Event: ======'topgun_letter_o_lit'====== Args={'priority': 0}
2026-05-17 15:21:11,339 : INFO : EventManager : Event: ======'set_uncoded_mode_lights'====== Args={'priority': 0}
2026-05-17 15:21:11,353 : INFO : EventManager : Event: ======'slide_topgun_1_removed'====== Args={'_from_bcp': True}
2026-05-17 15:21:11,365 : INFO : EventManager : Event: ======'slide_topgun_2_created'====== Args={'_from_bcp': True}
2026-05-17 15:21:11,510 : INFO : SwitchController : <<<<<<< 's_trough_2' inactive >>>>>>>
2026-05-17 15:21:11,525 : INFO : SwitchController : <<<<<<< 's_trough_4' inactive >>>>>>>
2026-05-17 15:21:11,525 : INFO : SwitchController : <<<<<<< 's_trough_3' inactive >>>>>>>
2026-05-17 15:21:11,525 : INFO : SwitchController : <<<<<<< 's_trough_1' active >>>>>>>
2026-05-17 15:21:11,526 : INFO : EventManager : Event: ======'machine_var_audits_switches_s_trough_1'====== Args={'value': 5675, 'prev_value': 5674, 'change': 1}
2026-05-17 15:21:11,526 : INFO : SwitchController : <<<<<<< 's_trough_5' inactive >>>>>>>
2026-05-17 15:21:11,541 : INFO : EventManager : Event: ======'spot_topgun_letter'====== Args={'priority': 0}
2026-05-17 15:21:11,541 : INFO : EventManager : Event: ======'player_topgun_shots_collected'====== Args={'value': 3, 'prev_value': 2, 'change': 1, 'player_num': 1, 'source': 'pilot_mission_qualifier'}
2026-05-17 15:21:11,542 : INFO : EventManager : Event: ======'topgun_letter_p_lit'====== Args={'priority': 0}
2026-05-17 15:21:11,543 : INFO : SwitchController : <<<<<<< 's_trough_6' inactive >>>>>>>
2026-05-17 15:21:11,543 : INFO : SwitchController : <<<<<<< 's_shooter_lane' active >>>>>>>
2026-05-17 15:21:11,543 : INFO : EventManager : Event: ======'s_shooter_lane_active'====== Args={}
2026-05-17 15:21:11,543 : INFO : EventManager : Event: ======'machine_var_audits_switches_s_shooter_lane'====== Args={'value': 6504, 'prev_value': 6503, 'change': 1}
2026-05-17 15:21:11,543 : INFO : EventManager : Event: ======'mode_skillshot_will_start'====== Args={}
2026-05-17 15:21:11,544 : INFO : EventManager : Event: ======'player_shot_mig_lane_left_enabled'====== Args={'value': True, 'prev_value': 0, 'change': 1, 'player_num': 1}
2026-05-17 15:21:11,544 : INFO : EventManager : Event: ======'player_shot_mig_lane_right_enabled'====== Args={'value': True, 'prev_value': 0, 'change': 1, 'player_num': 1}
2026-05-17 15:21:11,544 : INFO : EventManager : Unordered handler for class ConfigPlayer.variable_player/variables on event s_spinner_active with priority 200. Handlers: [RegisteredHandler(callback=<bound method ConfigPlayer.config_play_callback of ConfigPlayer.variable_player/variables>, priority=200, kwargs={'calling_context': 's_spinner_active', 'mode': <Mode.iceman_letters>, 'settings': {'right_post_locked_out': {'action': 'set', 'int': <NativeTemplate 1>, 'priority': 0, 'float': None, 'string': None, 'block': False, 'player': None, 'condition': None}}}, key=UUID('9bcd0e4e-e9b7-43ff-99e2-81f37be86aeb'), condition=None, blocking_facility=None), RegisteredHandler(callback=<bound method ConfigPlayer.config_play_callback of ConfigPlayer.variable_player/variables>, priority=200, kwargs={'calling_context': 's_spinner_active', 'mode': <Mode.pilot_mission_qualifier>, 'settings': {'spinner_spin_count': {'action': 'add', 'int': <NativeTemplate 1>, 'priority': 0, 'float': None, 'string': None, 'block': False, 'player': None, 'condition': None}, 'previous_switch_type': {'action': 'set', 'int': <NativeTemplate 0>, 'priority': 0, 'float': None, 'string': None, 'block': False, 'player': None, 'condition': None}}}, key=UUID('9b1a9f85-dcf5-4f13-a1f6-8a6377978af2'), condition=None, blocking_facility=None)]. The order of those handlers is not defined and they will be executed in random order. This might lead to race conditions and potential bugs.
2026-05-17 15:21:11,544 : INFO : EventManager : Event: ======'player_shot_spinner_enabled'====== Args={'value': True, 'prev_value': 0, 'change': 1, 'player_num': 1}
2026-05-17 15:21:11,545 : INFO : EventManager : Unordered handler for class ConfigPlayer.variable_player/variables on event s_orbit_upper_active with priority 200. Handlers: [RegisteredHandler(callback=<bound method ConfigPlayer.config_play_callback of ConfigPlayer.variable_player/variables>, priority=200, kwargs={'calling_context': 's_orbit_upper_active', 'mode': <Mode.iceman_letters>, 'settings': {'right_post_locked_out': {'action': 'set', 'int': <NativeTemplate 1>, 'priority': 0, 'float': None, 'string': None, 'block': False, 'player': None, 'condition': None}}}, key=UUID('a045ee22-af96-40dc-aa32-7d1e4254035f'), condition=None, blocking_facility=None), RegisteredHandler(callback=<bound method ConfigPlayer.config_play_callback of ConfigPlayer.variable_player/variables>, priority=200, kwargs={'calling_context': 's_orbit_upper_active', 'mode': <Mode.pilot_mission_qualifier>, 'settings': {'previous_switch_type': {'action': 'set', 'int': <NativeTemplate 0>, 'priority': 0, 'float': None, 'string': None, 'block': False, 'player': None, 'condition': None}}}, key=UUID('3f64b273-a4e7-4bd3-8c6c-270741cc1644'), condition=None, blocking_facility=None)]. The order of those handlers is not defined and they will be executed in random order. This might lead to race conditions and potential bugs.
2026-05-17 15:21:11,545 : INFO : EventManager : Event: ======'player_shot_orbit_upper_enabled'====== Args={'value': True, 'prev_value': 0, 'change': 1, 'player_num': 1}
2026-05-17 15:21:11,545 : INFO : EventManager : Unordered handler for class ConfigPlayer.variable_player/variables on event s_ramp_inner_exit_active with priority 200. Handlers: [RegisteredHandler(callback=<bound method ConfigPlayer.config_play_callback of ConfigPlayer.variable_player/variables>, priority=200, kwargs={'calling_context': 's_ramp_inner_exit_active', 'mode': <Mode.iceman_letters>, 'settings': {'right_post_locked_out': {'action': 'set', 'int': <NativeTemplate 1>, 'priority': 0, 'float': None, 'string': None, 'block': False, 'player': None, 'condition': None}}}, key=UUID('4b369b5d-fb90-4671-b3ba-aa7b3472976c'), condition=None, blocking_facility=None), RegisteredHandler(callback=<bound method ConfigPlayer.config_play_callback of ConfigPlayer.variable_player/variables>, priority=200, kwargs={'calling_context': 's_ramp_inner_exit_active', 'mode': <Mode.pilot_mission_qualifier>, 'settings': {'previous_switch_type': {'action': 'set', 'int': <NativeTemplate 0>, 'priority': 0, 'float': None, 'string': None, 'block': False, 'player': None, 'condition': None}}}, key=UUID('c5fde0d7-b9d5-4ca0-b420-cad058aaf405'), condition=None, blocking_facility=None)]. The order of those handlers is not defined and they will be executed in random order. This might lead to race conditions and potential bugs.
2026-05-17 15:21:11,545 : INFO : EventManager : Event: ======'player_shot_ramp_inner_enabled'====== Args={'value': True, 'prev_value': 0, 'change': 1, 'player_num': 1}
2026-05-17 15:21:11,545 : INFO : EventManager : Event: ======'skillshot_group_complete'====== Args={'state': 'off'}
2026-05-17 15:21:11,545 : INFO : EventManager : Event: ======'skillshot_group_off_complete'====== Args={}
2026-05-17 15:21:11,546 : INFO : EventManager : Event: ======'player_skillshot_skillshot_tick'====== Args={'value': 9, 'prev_value': 0, 'change': 9, 'player_num': 1}
2026-05-17 15:21:11,546 : INFO : EventManager : Event: ======'player_skillshot_skillshot_sound_loop_tick'====== Args={'value': 0, 'prev_value': 0, 'change': 0, 'player_num': 1}
2026-05-17 15:21:11,546 : INFO : EventManager : Event: ======'player_skillshot_skillshot_shaker_pulse_tick'====== Args={'value': 0, 'prev_value': 0, 'change': 0, 'player_num': 1}
2026-05-17 15:21:11,547 : INFO : EventManager : Event: ======'player_skillshot_skillshot_shaker_idle_tick'====== Args={'value': 0, 'prev_value': 0, 'change': 0, 'player_num': 1}
2026-05-17 15:21:11,547 : INFO : EventManager : Event: ======'player_skillshot_skillshot_left_mig_post_timer_tick'====== Args={'value': 0, 'prev_value': 0, 'change': 0, 'player_num': 1}
2026-05-17 15:21:11,553 : INFO : EventManager : Event: ======'mode_skillshot_starting'====== Args={}
2026-05-17 15:21:11,553 : INFO : Mode.skillshot : Started. Priority: 300
2026-05-17 15:21:11,553 : INFO : EventManager : Event: ======'modes_active_modes_changed'====== Args={}
2026-05-17 15:21:11,553 : INFO : EventManager : Event: ======'mode_skillshot_started'====== Args={}
2026-05-17 15:21:11,554 : INFO : EventManager : Event: ======'player_shot_spinner'====== Args={'value': 1, 'prev_value': 0, 'change': 1, 'player_num': 1}
2026-05-17 15:21:11,554 : INFO : EventManager : Event: ======'player_shot_orbit_upper'====== Args={'value': 1, 'prev_value': 0, 'change': 1, 'player_num': 1}
2026-05-17 15:21:11,554 : INFO : EventManager : Event: ======'player_shot_ramp_inner'====== Args={'value': 1, 'prev_value': 0, 'change': 1, 'player_num': 1}
2026-05-17 15:21:11,554 : INFO : EventManager : Event: ======'skillshot_mig_position_m'====== Args={'priority': 0}
2026-05-17 15:21:11,554 : INFO : EventManager : Event: ======'shaker_shooter_lane_pulse'====== Args={'priority': 0}
2026-05-17 15:21:11,554 : INFO : EventManager : Event: ======'player_pilot_qualifier_paused'====== Args={'value': 1, 'prev_value': 0, 'change': 1, 'player_num': 1, 'source': 'pilot_mission_qualifier'}
2026-05-17 15:21:11,555 : INFO : Timer.skillshot_sound_loop : Starting Timer.
2026-05-17 15:21:11,555 : INFO : EventManager : Event: ======'timer_skillshot_sound_loop_started'====== Args={'ticks': 0, 'ticks_remaining': 999}
2026-05-17 15:21:11,555 : INFO : EventManager : Event: ======'timer_skillshot_sound_loop_tick'====== Args={'ticks': 0, 'ticks_remaining': 999}
2026-05-17 15:21:11,555 : INFO : Timer.skillshot_shaker_pulse : Starting Timer.
2026-05-17 15:21:11,555 : INFO : EventManager : Event: ======'timer_skillshot_shaker_pulse_started'====== Args={'ticks': 0, 'ticks_remaining': 999}
2026-05-17 15:21:11,555 : INFO : EventManager : Event: ======'timer_skillshot_shaker_pulse_tick'====== Args={'ticks': 0, 'ticks_remaining': 999}
2026-05-17 15:21:11,555 : INFO : Timer.skillshot_shaker_idle : Starting Timer.
2026-05-17 15:21:11,555 : INFO : EventManager : Event: ======'timer_skillshot_shaker_idle_started'====== Args={'ticks': 0, 'ticks_remaining': 20}
2026-05-17 15:21:11,555 : INFO : EventManager : Event: ======'timer_skillshot_shaker_idle_tick'====== Args={'ticks': 0, 'ticks_remaining': 20}
2026-05-17 15:21:11,555 : INFO : EventManager : Event: ======'player_shot_mig_lane_left'====== Args={'value': 1, 'prev_value': 0, 'change': 1, 'player_num': 1}
2026-05-17 15:21:11,555 : INFO : EventManager : Event: ======'player_skillshot_mig_position'====== Args={'value': 0, 'prev_value': 0, 'change': 0, 'player_num': 1, 'source': 'skillshot'}
2026-05-17 15:21:11,556 : INFO : EventManager : Event: ======'shaker_shooter_lane_pulse'====== Args={'priority': 0}
2026-05-17 15:21:11,559 : INFO : SwitchController : <<<<<<< 's_trough_3' active >>>>>>>
2026-05-17 15:21:11,559 : INFO : EventManager : Event: ======'machine_var_audits_switches_s_trough_3'====== Args={'value': 5743, 'prev_value': 5742, 'change': 1}
2026-05-17 15:21:11,560 : INFO : SwitchController : <<<<<<< 's_trough_2' active >>>>>>>
2026-05-17 15:21:11,560 : INFO : EventManager : Event: ======'machine_var_audits_switches_s_trough_2'====== Args={'value': 5717, 'prev_value': 5716, 'change': 1}
2026-05-17 15:21:11,569 : INFO : EventManager : Event: ======'slide_topgun_2_removed'====== Args={'_from_bcp': True}
2026-05-17 15:21:11,569 : INFO : SwitchController : <<<<<<< 's_trough_5' active >>>>>>>
2026-05-17 15:21:11,569 : INFO : EventManager : Event: ======'machine_var_audits_switches_s_trough_5'====== Args={'value': 5731, 'prev_value': 5730, 'change': 1}
2026-05-17 15:21:11,570 : INFO : SwitchController : <<<<<<< 's_trough_4' active >>>>>>>
2026-05-17 15:21:11,570 : INFO : EventManager : Event: ======'machine_var_audits_switches_s_trough_4'====== Args={'value': 5737, 'prev_value': 5736, 'change': 1}
2026-05-17 15:21:11,581 : INFO : EventManager : Event: ======'slide_topgun_3_created'====== Args={'_from_bcp': True}
2026-05-17 15:21:11,599 : INFO : EventManager : Event: ======'slide_skillshot_ball_in_shooter_lane_created'====== Args={'_from_bcp': True}
2026-05-17 15:21:11,620 : INFO : EventManager : Event: ======'top_ramp_down'====== Args={'priority': 0}
2026-05-17 15:21:11,856 : INFO : ball_device.bd_plunger : Received ball from <ball_device.bd_trough>
2026-05-17 15:21:11,856 : INFO : EventManager : Event: ======'balldevice_bd_plunger_ball_enter'====== Args={'new_balls': 1, 'unclaimed_balls': 0, 'new_available_balls': 0, 'device': <ball_device.bd_plunger>}
2026-05-17 15:21:11,858 : INFO : EventManager : Event: ======'balldevice_bd_plunger_ball_entered'====== Args={'new_balls': 0, 'device': <ball_device.bd_plunger>}
2026-05-17 15:21:11,858 : INFO : EventManager : Event: ======'balldevice_bd_plunger_ball_count_changed'====== Args={'balls': 1}
2026-05-17 15:21:11,859 : INFO : ball_device.bd_trough : Got eject confirm
2026-05-17 15:21:11,859 : INFO : ball_device.bd_trough : Eject successful
2026-05-17 15:21:11,859 : INFO : EventManager : Event: ======'balldevice_bd_trough_ball_eject_success'====== Args={'balls': 1, 'target': <ball_device.bd_plunger>}
2026-05-17 15:21:11,859 : INFO : ball_device.bd_plunger : State: waiting_for_target_ready
2026-05-17 15:21:11,859 : INFO : EventManager : Event: ======'balldevice_bd_plunger_ball_eject_attempt'====== Args={'balls': 1, 'target': <playfield.playfield>, 'source': <ball_device.bd_plunger>, 'mechanical_eject': True, 'num_attempts': 0}
2026-05-17 15:21:11,860 : INFO : ball_device.bd_plunger : State: ejecting
2026-05-17 15:21:11,860 : INFO : ball_device.bd_plunger : Ejecting ball to <playfield.playfield>
2026-05-17 15:21:11,860 : INFO : EventManager : Event: ======'balldevice_bd_plunger_ejecting_ball'====== Args={'balls': 1, 'target': <playfield.playfield>, 'source': <ball_device.bd_plunger>, 'mechanical_eject': True, 'num_attempts': 0}
2026-05-17 15:21:11,860 : INFO : EventManager : Event: ======'balldevice_bd_trough_ball_count_changed'====== Args={'balls': 5}
2026-05-17 15:21:11,860 : INFO : ball_device.bd_trough : State: idle
2026-05-17 15:21:11,861 : INFO : EventManager : Event: ======'video_idle_start'====== Args={'priority': 0}
2026-05-17 15:21:11,863 : INFO : ball_device.bd_plunger : Wait for ball to leave device
2026-05-17 15:21:12,540 : INFO : EventManager : Event: ======'player_skillshot_skillshot_shaker_pulse_tick'====== Args={'value': 1, 'prev_value': 0, 'change': 1, 'player_num': 1}
2026-05-17 15:21:12,541 : INFO : EventManager : Event: ======'timer_skillshot_shaker_pulse_tick'====== Args={'ticks': 1, 'ticks_remaining': 998}
2026-05-17 15:21:12,541 : INFO : EventManager : Event: ======'player_skillshot_skillshot_shaker_idle_tick'====== Args={'value': 1, 'prev_value': 0, 'change': 1, 'player_num': 1}
2026-05-17 15:21:12,541 : INFO : EventManager : Event: ======'timer_skillshot_shaker_idle_tick'====== Args={'ticks': 1, 'ticks_remaining': 19}
2026-05-17 15:21:12,541 : INFO : EventManager : Event: ======'shaker_shooter_lane_pulse'====== Args={'priority': 0}
2026-05-17 15:21:13,041 : INFO : SwitchController : <<<<<<< 's_shooter_lane' inactive >>>>>>>
2026-05-17 15:21:13,041 : INFO : EventManager : Event: ======'s_shooter_lane_inactive'====== Args={}
2026-05-17 15:21:13,042 : INFO : EventManager : Event: ======'skillshot_shaker_stop'====== Args={'priority': 0}
2026-05-17 15:21:13,042 : INFO : EventManager : Event: ======'skillshot_activate_left_mig_post'====== Args={'priority': 0}
2026-05-17 15:21:13,044 : INFO : EventManager : Event: ======'ball_save_new_ball_timer_start'====== Args={'priority': 0}
2026-05-17 15:21:13,044 : INFO : Timer.ball_save_auto_plunger_delay : Stopping Timer
2026-05-17 15:21:13,044 : INFO : EventManager : Event: ======'timer_ball_save_auto_plunger_delay_stopped'====== Args={'ticks': 0, 'ticks_remaining': 0}
2026-05-17 15:21:13,044 : INFO : Timer.post_plunge_orbit_lockout : Starting Timer.
2026-05-17 15:21:13,044 : INFO : EventManager : Event: ======'timer_post_plunge_orbit_lockout_started'====== Args={'ticks': 0, 'ticks_remaining': 3}
2026-05-17 15:21:13,045 : INFO : EventManager : Event: ======'timer_post_plunge_orbit_lockout_tick'====== Args={'ticks': 0, 'ticks_remaining': 3}
2026-05-17 15:21:13,045 : INFO : Timer.skillshot : Starting Timer.
2026-05-17 15:21:13,045 : INFO : EventManager : Event: ======'timer_skillshot_started'====== Args={'ticks': 9, 'ticks_remaining': 9}
2026-05-17 15:21:13,045 : INFO : EventManager : Event: ======'timer_skillshot_tick'====== Args={'ticks': 9, 'ticks_remaining': 9}
2026-05-17 15:21:13,045 : INFO : Timer.skillshot_sound_loop : Stopping Timer
2026-05-17 15:21:13,045 : INFO : EventManager : Event: ======'timer_skillshot_sound_loop_stopped'====== Args={'ticks': 0, 'ticks_remaining': 999}
2026-05-17 15:21:13,045 : INFO : Timer.skillshot_shaker_pulse : Stopping Timer
2026-05-17 15:21:13,045 : INFO : EventManager : Event: ======'timer_skillshot_shaker_pulse_stopped'====== Args={'ticks': 1, 'ticks_remaining': 998}
2026-05-17 15:21:13,045 : INFO : Timer.skillshot_shaker_idle : Stopping Timer
2026-05-17 15:21:13,045 : INFO : EventManager : Event: ======'timer_skillshot_shaker_idle_stopped'====== Args={'ticks': 1, 'ticks_remaining': 19}
2026-05-17 15:21:13,045 : INFO : EventManager : Event: ======'video_launch_start'====== Args={'priority': 0}
2026-05-17 15:21:13,045 : INFO : coil.c_left_mig_up_post : Enabling Driver with power 0.25 (pulse_ms 20ms and pulse_power 0.75)
2026-05-17 15:21:13,045 : INFO : Timer.skillshot_left_mig_post_timer : Starting Timer.
2026-05-17 15:21:13,046 : INFO : EventManager : Event: ======'timer_skillshot_left_mig_post_timer_started'====== Args={'ticks': 0, 'ticks_remaining': 3}
2026-05-17 15:21:13,046 : INFO : EventManager : Event: ======'timer_skillshot_left_mig_post_timer_tick'====== Args={'ticks': 0, 'ticks_remaining': 3}
2026-05-17 15:21:13,046 : INFO : EventManager : Event: ======'ball_save_new_ball_save_timer_start'====== Args={}
2026-05-17 15:21:13,046 : INFO : Timer.ball_save_countdown : Starting Timer.
2026-05-17 15:21:13,046 : INFO : EventManager : Event: ======'timer_ball_save_countdown_started'====== Args={'ticks': 20, 'ticks_remaining': 20}
2026-05-17 15:21:13,046 : INFO : EventManager : Event: ======'timer_ball_save_countdown_tick'====== Args={'ticks': 20, 'ticks_remaining': 20}
2026-05-17 15:21:13,046 : INFO : EventManager : Event: ======'ball_save_flash_slow'====== Args={'priority': 0}
2026-05-17 15:21:13,046 : INFO : EventManager : Event: ======'player_ball_save_time_remaining'====== Args={'value': 20, 'prev_value': 0, 'change': 20, 'player_num': 1, 'source': 'ball_save'}
2026-05-17 15:21:13,051 : INFO : ball_device.bd_plunger : State: ball_left
2026-05-17 15:21:13,051 : INFO : ball_device.bd_plunger : Ball left
2026-05-17 15:21:13,051 : INFO : ball_device.bd_plunger : Wait for confirm with timeout 3.0
2026-05-17 15:21:13,055 : INFO : EventManager : Event: ======'slide_skillshot_ball_in_shooter_lane_removed'====== Args={'_from_bcp': True}
2026-05-17 15:21:13,073 : INFO : EventManager : Event: ======'slide_skillshot_ball_launched_created'====== Args={'_from_bcp': True}
2026-05-17 15:21:13,663 : INFO : SwitchController : <<<<<<< 's_orbit_right' active >>>>>>>
2026-05-17 15:21:13,663 : INFO : EventManager : Event: ======'s_orbit_right_active'====== Args={}
2026-05-17 15:21:13,663 : INFO : EventManager : Event: ======'sw_playfield_active'====== Args={}
2026-05-17 15:21:13,663 : INFO : EventManager : Event: ======'machine_var_audits_switches_s_orbit_right'====== Args={'value': 7070, 'prev_value': 7069, 'change': 1}
2026-05-17 15:21:13,664 : INFO : EventManager : Event: ======'restart_right_orbit_lockout_timer'====== Args={'priority': 0}
2026-05-17 15:21:13,664 : INFO : EventManager : Event: ======'player_right_post_locked_out'====== Args={'value': 1, 'prev_value': 0, 'change': 1, 'player_num': 1, 'source': 'iceman_letters'}
2026-05-17 15:21:13,664 : INFO : EventManager : Event: ======'player_hd_sw_orbit_right'====== Args={'value': 1, 'prev_value': 0, 'change': 1, 'player_num': 1, 'source': 'hard_deck_qualifiers'}
2026-05-17 15:21:13,665 : INFO : EventManager : Event: ======'player_score'====== Args={'value': 8000, 'prev_value': 0, 'change': 8000, 'player_num': 1, 'source': 'base'}
2026-05-17 15:21:13,665 : INFO : EventManager : Event: ======'player_bonus_switches_count'====== Args={'value': 1, 'prev_value': 0, 'change': 1, 'player_num': 1, 'source': 'base'}
2026-05-17 15:21:13,665 : INFO : Timer.right_orbit_shot_timeout : Starting Timer.
2026-05-17 15:21:13,665 : INFO : EventManager : Event: ======'timer_right_orbit_shot_timeout_started'====== Args={'ticks': 0, 'ticks_remaining': 3}
2026-05-17 15:21:13,665 : INFO : EventManager : Event: ======'timer_right_orbit_shot_timeout_tick'====== Args={'ticks': 0, 'ticks_remaining': 3}
2026-05-17 15:21:13,665 : INFO : Timer.right_orbit_lockout_timer : Starting Timer.
2026-05-17 15:21:13,665 : INFO : EventManager : Event: ======'timer_right_orbit_lockout_timer_started'====== Args={'ticks': 0, 'ticks_remaining': 3}
2026-05-17 15:21:13,665 : INFO : EventManager : Event: ======'timer_right_orbit_lockout_timer_tick'====== Args={'ticks': 0, 'ticks_remaining': 3}
2026-05-17 15:21:13,665 : INFO : EventManager : Event: ======'playfield_active'====== Args={'source': None}
2026-05-17 15:21:13,726 : INFO : SwitchController : <<<<<<< 's_orbit_right' inactive >>>>>>>
2026-05-17 15:21:14,038 : INFO : EventManager : Event: ======'player_ball_save_ball_save_countdown_tick'====== Args={'value': 19, 'prev_value': 20, 'change': -1, 'player_num': 1}
2026-05-17 15:21:14,038 : INFO : EventManager : Event: ======'timer_ball_save_countdown_tick'====== Args={'ticks': 19, 'ticks_remaining': 19}
2026-05-17 15:21:14,039 : INFO : EventManager : Event: ======'player_skillshot_skillshot_tick'====== Args={'value': 8, 'prev_value': 9, 'change': -1, 'player_num': 1}
2026-05-17 15:21:14,039 : INFO : EventManager : Event: ======'timer_skillshot_tick'====== Args={'ticks': 8, 'ticks_remaining': 8}
2026-05-17 15:21:14,039 : INFO : EventManager : Event: ======'player_skillshot_skillshot_left_mig_post_timer_tick'====== Args={'value': 1, 'prev_value': 0, 'change': 1, 'player_num': 1}
2026-05-17 15:21:14,039 : INFO : EventManager : Event: ======'timer_skillshot_left_mig_post_timer_tick'====== Args={'ticks': 1, 'ticks_remaining': 2}
2026-05-17 15:21:14,039 : INFO : EventManager : Event: ======'player_pilot_mission_qualifier_post_plunge_orbit_lockout_tick'====== Args={'value': 1, 'prev_value': 0, 'change': 1, 'player_num': 1}
2026-05-17 15:21:14,040 : INFO : EventManager : Event: ======'timer_post_plunge_orbit_lockout_tick'====== Args={'ticks': 1, 'ticks_remaining': 2}
2026-05-17 15:21:14,040 : INFO : EventManager : Event: ======'ball_save_flash_slow'====== Args={'priority': 0}
2026-05-17 15:21:14,041 : INFO : EventManager : Event: ======'player_ball_save_time_remaining'====== Args={'value': 19, 'prev_value': 20, 'change': -1, 'player_num': 1, 'source': 'ball_save'}
2026-05-17 15:21:14,615 : INFO : SwitchController : <<<<<<< 's_mig_lane_left' active >>>>>>>
2026-05-17 15:21:14,615 : INFO : EventManager : Event: ======'playfield_active'====== Args={'source': 'mig_lane_left'}
2026-05-17 15:21:14,615 : INFO : EventManager : Event: ======'s_mig_lane_left_active'====== Args={}
2026-05-17 15:21:14,615 : INFO : EventManager : Event: ======'sw_playfield_active'====== Args={}
2026-05-17 15:21:14,615 : INFO : EventManager : Event: ======'sw_playfield_active'====== Args={}
2026-05-17 15:21:14,615 : INFO : EventManager : Event: ======'machine_var_audits_switches_s_mig_lane_left'====== Args={'value': 3009, 'prev_value': 3008, 'change': 1}
2026-05-17 15:21:14,617 : INFO : EventManager : Event: ======'machine_var_audits_shots_mig_lane_left'====== Args={'value': 864, 'prev_value': 863, 'change': 1}
2026-05-17 15:21:14,617 : INFO : EventManager : Event: ======'mig_lane_left_hit'====== Args={'profile': 'skill', 'state': 'lit', 'advancing': False}
2026-05-17 15:21:14,617 : INFO : EventManager : Event: ======'mig_lane_left_skill_hit'====== Args={'profile': 'skill', 'state': 'lit', 'advancing': False}
2026-05-17 15:21:14,617 : INFO : EventManager : Event: ======'mig_lane_left_skill_lit_hit'====== Args={'profile': 'skill', 'state': 'lit', 'advancing': False}
2026-05-17 15:21:14,617 : INFO : EventManager : Event: ======'mig_lane_left_lit_hit'====== Args={'profile': 'skill', 'state': 'lit', 'advancing': False}
2026-05-17 15:21:14,617 : INFO : EventManager : Event: ======'player_hd_sw_mig_left'====== Args={'value': 1, 'prev_value': 0, 'change': 1, 'player_num': 1, 'source': 'hard_deck_qualifiers'}
2026-05-17 15:21:14,617 : INFO : EventManager : Event: ======'check_mig_complete'====== Args={'priority': 0}
2026-05-17 15:21:14,617 : INFO : EventManager : Event: ======'player_mig_letter_m'====== Args={'value': 1, 'prev_value': 0, 'change': 1, 'player_num': 1, 'source': 'mig_letters'}
2026-05-17 15:21:14,618 : INFO : EventManager : Event: ======'player_score'====== Args={'value': 13000, 'prev_value': 8000, 'change': 5000, 'player_num': 1, 'source': 'base'}
2026-05-17 15:21:14,618 : INFO : EventManager : Event: ======'player_bonus_switches_count'====== Args={'value': 2, 'prev_value': 1, 'change': 1, 'player_num': 1, 'source': 'base'}
2026-05-17 15:21:14,618 : INFO : EventManager : Event: ======'skillshot_group_hit'====== Args={'shot': 'mig_lane_left'}
2026-05-17 15:21:14,618 : INFO : EventManager : Event: ======'skillshot_group_lit_hit'====== Args={'shot': 'mig_lane_left'}
2026-05-17 15:21:14,618 : INFO : EventManager : Event: ======'mode_skillshot_will_stop'====== Args={}
2026-05-17 15:21:14,618 : INFO : EventManager : Event: ======'mode_skillshot_stopping'====== Args={}
2026-05-17 15:21:14,618 : INFO : EventManager : Event: ======'show_skillshot_mig_video'====== Args={'priority': 0}
2026-05-17 15:21:14,618 : INFO : EventManager : Event: ======'skillshot_show_points'====== Args={'priority': 0}
2026-05-17 15:21:14,618 : INFO : EventManager : Event: ======'skillshot_add_topgun_letter'====== Args={'priority': 0}
2026-05-17 15:21:14,618 : INFO : EventManager : Event: ======'player_score'====== Args={'value': 163000, 'prev_value': 13000, 'change': 150000, 'player_num': 1, 'source': 'skillshot'}
2026-05-17 15:21:14,618 : INFO : EventManager : Event: ======'player_mode_points_scored'====== Args={'value': 150000, 'prev_value': 0, 'change': 150000, 'player_num': 1, 'source': 'skillshot'}
2026-05-17 15:21:14,618 : INFO : EventManager : Event: ======'player_skillshot_count'====== Args={'value': 1, 'prev_value': 0, 'change': 1, 'player_num': 1, 'source': 'skillshot'}
2026-05-17 15:21:14,618 : INFO : EventManager : Event: ======'player_priority'====== Args={'value': 600, 'prev_value': 0, 'change': 600, 'player_num': 1, 'source': 'skillshot'}
2026-05-17 15:21:14,618 : INFO : EventManager : Event: ======'eject_mode_qualified_event'====== Args={'priority': 0}
2026-05-17 15:21:14,619 : INFO : EventManager : Event: ======'player_first_skillshot_made'====== Args={'value': 1, 'prev_value': 0, 'change': 1, 'player_num': 1, 'source': 'goose_letters'}
2026-05-17 15:21:14,619 : INFO : Timer.skillshot_video_running : Starting Timer.
2026-05-17 15:21:14,619 : INFO : EventManager : Event: ======'timer_skillshot_video_running_started'====== Args={'ticks': 0, 'ticks_remaining': 1}
2026-05-17 15:21:14,619 : INFO : EventManager : Event: ======'timer_skillshot_video_running_tick'====== Args={'ticks': 0, 'ticks_remaining': 1}
2026-05-17 15:21:14,619 : INFO : coil.c_left_mig_up_post : Disabling Driver
2026-05-17 15:21:14,619 : INFO : Timer.skillshot : Stopping Timer
2026-05-17 15:21:14,619 : INFO : EventManager : Event: ======'timer_skillshot_stopped'====== Args={'ticks': 8, 'ticks_remaining': 8}
2026-05-17 15:21:14,619 : INFO : Timer.skillshot_sound_loop : Stopping Timer
2026-05-17 15:21:14,619 : INFO : EventManager : Event: ======'timer_skillshot_sound_loop_stopped'====== Args={'ticks': 0, 'ticks_remaining': 999}
2026-05-17 15:21:14,619 : INFO : Timer.skillshot_shaker_pulse : Stopping Timer
2026-05-17 15:21:14,619 : INFO : EventManager : Event: ======'timer_skillshot_shaker_pulse_stopped'====== Args={'ticks': 1, 'ticks_remaining': 998}
2026-05-17 15:21:14,619 : INFO : Timer.skillshot_shaker_idle : Stopping Timer
2026-05-17 15:21:14,619 : INFO : EventManager : Event: ======'timer_skillshot_shaker_idle_stopped'====== Args={'ticks': 1, 'ticks_remaining': 19}
2026-05-17 15:21:14,620 : INFO : Timer.skillshot_left_mig_post_timer : Stopping Timer
2026-05-17 15:21:14,620 : INFO : EventManager : Event: ======'timer_skillshot_left_mig_post_timer_stopped'====== Args={'ticks': 1, 'ticks_remaining': 2}
2026-05-17 15:21:14,620 : INFO : EventManager : Event: ======'player_topgun_shots_collected'====== Args={'value': 4, 'prev_value': 3, 'change': 1, 'player_num': 1, 'source': 'pilot_mission_qualifier'}
2026-05-17 15:21:14,620 : INFO : EventManager : Event: ======'topgun_letter_g_lit'====== Args={'priority': 0}
2026-05-17 15:21:14,620 : INFO : EventManager : Event: ======'player_eject_mode_qualified'====== Args={'value': 1, 'prev_value': 0, 'change': 1, 'player_num': 1, 'source': 'goose_letters'}
2026-05-17 15:21:14,620 : INFO : EventManager : Event: ======'player_topgun_skip_video'====== Args={'value': 1, 'prev_value': 0, 'change': 1, 'player_num': 1, 'source': 'pilot_mission_qualifier'}
2026-05-17 15:21:14,621 : INFO : EventManager : Event: ======'playfield_active'====== Args={'source': None}
2026-05-17 15:21:14,621 : INFO : EventManager : Event: ======'playfield_active'====== Args={'source': None}
2026-05-17 15:21:14,621 : INFO : Mode.skillshot : Stopped.
2026-05-17 15:21:14,621 : INFO : EventManager : Event: ======'modes_active_modes_changed'====== Args={}
2026-05-17 15:21:14,622 : INFO : EventManager : Event: ======'mode_skillshot_stopped'====== Args={}
2026-05-17 15:21:14,622 : INFO : EventManager : Event: ======'clear'====== Args={'key': 'skillshot'}
2026-05-17 15:21:14,622 : INFO : EventManager : Event: ======'player_pilot_qualifier_paused'====== Args={'value': 0, 'prev_value': 1, 'change': -1, 'player_num': 1, 'source': 'pilot_mission_qualifier'}
2026-05-17 15:21:14,622 : INFO : EventManager : Event: ======'update_qualifying_show'====== Args={'priority': 0}
2026-05-17 15:21:14,623 : INFO : EventManager : Event: ======'update_training_qual_lights'====== Args={'priority': 0}
2026-05-17 15:21:14,624 : INFO : Timer.skillshot_sound_loop : Stopping Timer
2026-05-17 15:21:14,624 : INFO : EventManager : Event: ======'timer_skillshot_sound_loop_stopped'====== Args={'ticks': 0, 'ticks_remaining': 999}
2026-05-17 15:21:14,626 : INFO : Timer.skillshot_left_mig_post_timer : Stopping Timer
2026-05-17 15:21:14,626 : INFO : EventManager : Event: ======'timer_skillshot_left_mig_post_timer_stopped'====== Args={'ticks': 1, 'ticks_remaining': 2}
2026-05-17 15:21:14,627 : INFO : Timer.skillshot_shaker_pulse : Stopping Timer
2026-05-17 15:21:14,627 : INFO : EventManager : Event: ======'timer_skillshot_shaker_pulse_stopped'====== Args={'ticks': 1, 'ticks_remaining': 998}
2026-05-17 15:21:14,628 : INFO : Timer.skillshot : Stopping Timer
2026-05-17 15:21:14,628 : INFO : EventManager : Event: ======'timer_skillshot_stopped'====== Args={'ticks': 8, 'ticks_remaining': 8}
2026-05-17 15:21:14,628 : INFO : Timer.skillshot_shaker_idle : Stopping Timer
2026-05-17 15:21:14,628 : INFO : EventManager : Event: ======'timer_skillshot_shaker_idle_stopped'====== Args={'ticks': 1, 'ticks_remaining': 19}
2026-05-17 15:21:14,661 : INFO : EventManager : Event: ======'player_iceman_letters_right_orbit_lockout_timer_tick'====== Args={'value': 1, 'prev_value': 0, 'change': 1, 'player_num': 1}
2026-05-17 15:21:14,661 : INFO : EventManager : Event: ======'timer_right_orbit_lockout_timer_tick'====== Args={'ticks': 1, 'ticks_remaining': 2}
2026-05-17 15:21:14,661 : INFO : EventManager : Event: ======'player_pilot_mission_qualifier_right_orbit_shot_timeout_tick'====== Args={'value': 1, 'prev_value': 0, 'change': 1, 'player_num': 1}
2026-05-17 15:21:14,662 : INFO : EventManager : Event: ======'timer_right_orbit_shot_timeout_tick'====== Args={'ticks': 1, 'ticks_remaining': 2}
2026-05-17 15:21:14,753 : INFO : EventManager : Event: ======'slide_skillshot_mig_hit_created'====== Args={'_from_bcp': True}
2026-05-17 15:21:14,787 : INFO : SwitchController : <<<<<<< 's_mig_lane_left' inactive >>>>>>>
2026-05-17 15:21:14,793 : INFO : EventManager : Event: ======'slide_mode_points_scored_created'====== Args={'_from_bcp': True}
2026-05-17 15:21:14,793 : INFO : EventManager : Event: ======'slide_mach_1_inactive'====== Args={'is_removing': False, '_from_bcp': True}
2026-05-17 15:21:14,793 : INFO : EventManager : Event: ======'slide_mode_points_scored_active'====== Args={'original_context': 'base', 'original_calling_context': 'skillshot_show_points', 'priority': 100.0, 'cmd': 'slides_play', '_from_bcp': True}
2026-05-17 15:21:14,794 : INFO : EventManager : Event: ======'slide_topgun_3_removed'====== Args={'_from_bcp': True}
2026-05-17 15:21:14,803 : INFO : EventManager : Event: ======'skillshot_add_topgun_letter'====== Args={'priority': 0}
2026-05-17 15:21:14,803 : INFO : EventManager : Event: ======'player_topgun_shots_collected'====== Args={'value': 5, 'prev_value': 4, 'change': 1, 'player_num': 1, 'source': 'pilot_mission_qualifier'}
2026-05-17 15:21:14,803 : INFO : EventManager : Event: ======'topgun_letter_u_lit'====== Args={'priority': 0}
2026-05-17 15:21:14,806 : INFO : EventManager : Event: ======'slide_topgun_4_created'====== Args={'_from_bcp': True}
2026-05-17 15:21:14,808 : INFO : EventManager : Event: ======'slide_ejection_shots_completed_removed'====== Args={'_from_bcp': True}
2026-05-17 15:21:14,808 : INFO : EventManager : Event: ======'slide_ejection_shots_needed_removed'====== Args={'_from_bcp': True}
2026-05-17 15:21:14,809 : INFO : EventManager : Event: ======'slide_ejection_seat_active_created'====== Args={'_from_bcp': True}
2026-05-17 15:21:14,830 : INFO : EventManager : Event: ======'slide_ejection_seat_qualified_created'====== Args={'_from_bcp': True}
2026-05-17 15:21:14,831 : INFO : EventManager : Event: ======'slide_skillshot_ball_launched_removed'====== Args={'_from_bcp': True}
2026-05-17 15:21:14,841 : INFO : EventManager : Event: ======'slide_topgun_4_removed'====== Args={'_from_bcp': True}
2026-05-17 15:21:14,854 : INFO : EventManager : Event: ======'slide_topgun_5_created'====== Args={'_from_bcp': True}
2026-05-17 15:21:14,928 : INFO : SwitchController : <<<<<<< 's_bumper_left' active >>>>>>>
2026-05-17 15:21:14,928 : INFO : EventManager : Event: ======'playfield_active'====== Args={'source': 'bumper_left'}
2026-05-17 15:21:14,928 : INFO : EventManager : Event: ======'s_bumper_left_active'====== Args={}
2026-05-17 15:21:14,928 : INFO : EventManager : Event: ======'sw_playfield_active'====== Args={}
2026-05-17 15:21:14,928 : INFO : EventManager : Event: ======'playfield_active'====== Args={'source': 'pop_left'}
2026-05-17 15:21:14,928 : INFO : EventManager : Event: ======'machine_var_audits_switches_s_bumper_left'====== Args={'value': 11487, 'prev_value': 11486, 'change': 1}
2026-05-17 15:21:14,929 : INFO : EventManager : Event: ======'player_shot_bumper_left'====== Args={'value': 1, 'prev_value': 0, 'change': 1, 'player_num': 1}
2026-05-17 15:21:14,930 : INFO : EventManager : Event: ======'machine_var_audits_shots_bumper_left'====== Args={'value': 11456, 'prev_value': 11455, 'change': 1}
2026-05-17 15:21:14,930 : INFO : EventManager : Event: ======'bumper_left_hit'====== Args={'profile': 'default', 'state': 'unlit', 'advancing': True}
2026-05-17 15:21:14,930 : INFO : EventManager : Event: ======'bumper_left_default_hit'====== Args={'profile': 'default', 'state': 'unlit', 'advancing': True}
2026-05-17 15:21:14,930 : INFO : EventManager : Event: ======'bumper_left_default_unlit_hit'====== Args={'profile': 'default', 'state': 'unlit', 'advancing': True}
2026-05-17 15:21:14,930 : INFO : EventManager : Event: ======'bumper_left_unlit_hit'====== Args={'profile': 'default', 'state': 'unlit', 'advancing': True}
2026-05-17 15:21:14,931 : INFO : EventManager : Event: ======'player_pop_bumper_hits_total'====== Args={'value': 1, 'prev_value': 0, 'change': 1, 'player_num': 1, 'source': 'hard_deck_qualifiers'}
2026-05-17 15:21:14,931 : INFO : EventManager : Event: ======'player_hd_sw_bump_left'====== Args={'value': 1, 'prev_value': 0, 'change': 1, 'player_num': 1, 'source': 'hard_deck_qualifiers'}
2026-05-17 15:21:14,931 : INFO : EventManager : Event: ======'player_score'====== Args={'value': 164000, 'prev_value': 163000, 'change': 1000, 'player_num': 1, 'source': 'base'}
2026-05-17 15:21:14,931 : INFO : EventManager : Event: ======'player_bonus_switches_count'====== Args={'value': 3, 'prev_value': 2, 'change': 1, 'player_num': 1, 'source': 'base'}
2026-05-17 15:21:14,931 : INFO : EventManager : Event: ======'bumpers_hit'====== Args={'shot': 'bumper_left'}
2026-05-17 15:21:14,932 : INFO : EventManager : Event: ======'bumpers_unlit_hit'====== Args={'shot': 'bumper_left'}
2026-05-17 15:21:14,932 : INFO : EventManager : Event: ======'player_score'====== Args={'value': 165000, 'prev_value': 164000, 'change': 1000, 'player_num': 1, 'source': 'bumpers'}
2026-05-17 15:21:14,932 : INFO : EventManager : Event: ======'playfield_active'====== Args={'source': None}
2026-05-17 15:21:14,943 : INFO : SwitchController : <<<<<<< 's_bumper_left' inactive >>>>>>>
2026-05-17 15:21:15,005 : INFO : SwitchController : <<<<<<< 's_bumper_right' active >>>>>>>
2026-05-17 15:21:15,005 : INFO : EventManager : Event: ======'playfield_active'====== Args={'source': 'bumper_right'}
2026-05-17 15:21:15,005 : INFO : EventManager : Event: ======'s_bumper_right_active'====== Args={}
2026-05-17 15:21:15,005 : INFO : EventManager : Event: ======'sw_playfield_active'====== Args={}
2026-05-17 15:21:15,005 : INFO : EventManager : Event: ======'playfield_active'====== Args={'source': 'pop_right'}
2026-05-17 15:21:15,006 : INFO : EventManager : Event: ======'machine_var_audits_switches_s_bumper_right'====== Args={'value': 8986, 'prev_value': 8985, 'change': 1}
2026-05-17 15:21:15,006 : INFO : SwitchController : <<<<<<< 's_bumper_right' inactive >>>>>>>
2026-05-17 15:21:15,008 : INFO : EventManager : Event: ======'player_shot_bumper_right'====== Args={'value': 1, 'prev_value': 0, 'change': 1, 'player_num': 1}
2026-05-17 15:21:15,008 : INFO : EventManager : Event: ======'machine_var_audits_shots_bumper_right'====== Args={'value': 8980, 'prev_value': 8979, 'change': 1}
2026-05-17 15:21:15,008 : INFO : EventManager : Event: ======'bumper_right_hit'====== Args={'profile': 'default', 'state': 'unlit', 'advancing': True}
2026-05-17 15:21:15,008 : INFO : EventManager : Event: ======'bumper_right_default_hit'====== Args={'profile': 'default', 'state': 'unlit', 'advancing': True}
2026-05-17 15:21:15,008 : INFO : EventManager : Event: ======'bumper_right_default_unlit_hit'====== Args={'profile': 'default', 'state': 'unlit', 'advancing': True}
2026-05-17 15:21:15,008 : INFO : EventManager : Event: ======'bumper_right_unlit_hit'====== Args={'profile': 'default', 'state': 'unlit', 'advancing': True}
2026-05-17 15:21:15,009 : INFO : EventManager : Event: ======'player_pop_bumper_hits_total'====== Args={'value': 2, 'prev_value': 1, 'change': 1, 'player_num': 1, 'source': 'hard_deck_qualifiers'}
2026-05-17 15:21:15,009 : INFO : EventManager : Event: ======'player_hd_sw_bump_right'====== Args={'value': 1, 'prev_value': 0, 'change': 1, 'player_num': 1, 'source': 'hard_deck_qualifiers'}
2026-05-17 15:21:15,009 : INFO : EventManager : Event: ======'player_score'====== Args={'value': 166000, 'prev_value': 165000, 'change': 1000, 'player_num': 1, 'source': 'base'}
2026-05-17 15:21:15,009 : INFO : EventManager : Event: ======'player_bonus_switches_count'====== Args={'value': 4, 'prev_value': 3, 'change': 1, 'player_num': 1, 'source': 'base'}
2026-05-17 15:21:15,009 : INFO : EventManager : Event: ======'bumpers_hit'====== Args={'shot': 'bumper_right'}
2026-05-17 15:21:15,009 : INFO : EventManager : Event: ======'bumpers_unlit_hit'====== Args={'shot': 'bumper_right'}
2026-05-17 15:21:15,010 : INFO : EventManager : Event: ======'player_score'====== Args={'value': 167000, 'prev_value': 166000, 'change': 1000, 'player_num': 1, 'source': 'bumpers'}
2026-05-17 15:21:15,010 : INFO : EventManager : Event: ======'playfield_active'====== Args={'source': None}
2026-05-17 15:21:15,036 : INFO : EventManager : Event: ======'player_ball_save_ball_save_countdown_tick'====== Args={'value': 18, 'prev_value': 19, 'change': -1, 'player_num': 1}
2026-05-17 15:21:15,036 : INFO : EventManager : Event: ======'timer_ball_save_countdown_tick'====== Args={'ticks': 18, 'ticks_remaining': 18}
2026-05-17 15:21:15,036 : INFO : EventManager : Event: ======'player_pilot_mission_qualifier_post_plunge_orbit_lockout_tick'====== Args={'value': 2, 'prev_value': 1, 'change': 1, 'player_num': 1}
2026-05-17 15:21:15,036 : INFO : EventManager : Event: ======'timer_post_plunge_orbit_lockout_tick'====== Args={'ticks': 2, 'ticks_remaining': 1}
2026-05-17 15:21:15,038 : INFO : EventManager : Event: ======'ball_save_flash_slow'====== Args={'priority': 0}
2026-05-17 15:21:15,038 : INFO : EventManager : Event: ======'player_ball_save_time_remaining'====== Args={'value': 18, 'prev_value': 19, 'change': -1, 'player_num': 1, 'source': 'ball_save'}
2026-05-17 15:21:15,100 : INFO : SwitchController : <<<<<<< 's_bumper_left' active >>>>>>>
2026-05-17 15:21:15,100 : INFO : EventManager : Event: ======'playfield_active'====== Args={'source': 'bumper_left'}
2026-05-17 15:21:15,100 : INFO : EventManager : Event: ======'s_bumper_left_active'====== Args={}
2026-05-17 15:21:15,100 : INFO : EventManager : Event: ======'sw_playfield_active'====== Args={}
2026-05-17 15:21:15,101 : INFO : EventManager : Event: ======'playfield_active'====== Args={'source': 'pop_left'}
2026-05-17 15:21:15,101 : INFO : EventManager : Event: ======'machine_var_audits_switches_s_bumper_left'====== Args={'value': 11488, 'prev_value': 11487, 'change': 1}
2026-05-17 15:21:15,102 : INFO : EventManager : Event: ======'machine_var_audits_shots_bumper_left'====== Args={'value': 11457, 'prev_value': 11456, 'change': 1}
2026-05-17 15:21:15,103 : INFO : EventManager : Event: ======'bumper_left_hit'====== Args={'profile': 'default', 'state': 'lit', 'advancing': False}
2026-05-17 15:21:15,103 : INFO : EventManager : Event: ======'bumper_left_default_hit'====== Args={'profile': 'default', 'state': 'lit', 'advancing': False}
2026-05-17 15:21:15,103 : INFO : EventManager : Event: ======'bumper_left_default_lit_hit'====== Args={'profile': 'default', 'state': 'lit', 'advancing': False}
2026-05-17 15:21:15,103 : INFO : EventManager : Event: ======'bumper_left_lit_hit'====== Args={'profile': 'default', 'state': 'lit', 'advancing': False}
2026-05-17 15:21:15,103 : INFO : EventManager : Event: ======'player_pop_bumper_hits_total'====== Args={'value': 3, 'prev_value': 2, 'change': 1, 'player_num': 1, 'source': 'hard_deck_qualifiers'}
2026-05-17 15:21:15,103 : INFO : EventManager : Event: ======'player_hd_sw_bump_left'====== Args={'value': 2, 'prev_value': 1, 'change': 1, 'player_num': 1, 'source': 'hard_deck_qualifiers'}
2026-05-17 15:21:15,103 : INFO : EventManager : Event: ======'player_score'====== Args={'value': 168000, 'prev_value': 167000, 'change': 1000, 'player_num': 1, 'source': 'base'}
2026-05-17 15:21:15,103 : INFO : EventManager : Event: ======'player_bonus_switches_count'====== Args={'value': 5, 'prev_value': 4, 'change': 1, 'player_num': 1, 'source': 'base'}
2026-05-17 15:21:15,104 : INFO : EventManager : Event: ======'bumpers_hit'====== Args={'shot': 'bumper_left'}
2026-05-17 15:21:15,104 : INFO : EventManager : Event: ======'bumpers_lit_hit'====== Args={'shot': 'bumper_left'}
2026-05-17 15:21:15,104 : INFO : EventManager : Event: ======'player_score'====== Args={'value': 169000, 'prev_value': 168000, 'change': 1000, 'player_num': 1, 'source': 'bumpers'}
2026-05-17 15:21:15,104 : INFO : EventManager : Event: ======'player_hd_switches_completed'====== Args={'value': 1, 'prev_value': 0, 'change': 1, 'player_num': 1, 'source': 'hard_deck_qualifiers'}
2026-05-17 15:21:15,104 : INFO : EventManager : Event: ======'playfield_active'====== Args={'source': None}
2026-05-17 15:21:15,131 : INFO : SwitchController : <<<<<<< 's_bumper_left' inactive >>>>>>>
2026-05-17 15:21:15,178 : INFO : SwitchController : <<<<<<< 's_bumper_right' active >>>>>>>
2026-05-17 15:21:15,178 : INFO : EventManager : Event: ======'playfield_active'====== Args={'source': 'bumper_right'}
2026-05-17 15:21:15,178 : INFO : EventManager : Event: ======'s_bumper_right_active'====== Args={}
2026-05-17 15:21:15,178 : INFO : EventManager : Event: ======'sw_playfield_active'====== Args={}
2026-05-17 15:21:15,179 : INFO : EventManager : Event: ======'playfield_active'====== Args={'source': 'pop_right'}
2026-05-17 15:21:15,179 : INFO : EventManager : Event: ======'machine_var_audits_switches_s_bumper_right'====== Args={'value': 8987, 'prev_value': 8986, 'change': 1}
2026-05-17 15:21:15,180 : INFO : EventManager : Event: ======'machine_var_audits_shots_bumper_right'====== Args={'value': 8981, 'prev_value': 8980, 'change': 1}
2026-05-17 15:21:15,181 : INFO : EventManager : Event: ======'bumper_right_hit'====== Args={'profile': 'default', 'state': 'lit', 'advancing': False}
2026-05-17 15:21:15,181 : INFO : EventManager : Event: ======'bumper_right_default_hit'====== Args={'profile': 'default', 'state': 'lit', 'advancing': False}
2026-05-17 15:21:15,181 : INFO : EventManager : Event: ======'bumper_right_default_lit_hit'====== Args={'profile': 'default', 'state': 'lit', 'advancing': False}
2026-05-17 15:21:15,181 : INFO : EventManager : Event: ======'bumper_right_lit_hit'====== Args={'profile': 'default', 'state': 'lit', 'advancing': False}
2026-05-17 15:21:15,181 : INFO : EventManager : Event: ======'player_pop_bumper_hits_total'====== Args={'value': 4, 'prev_value': 3, 'change': 1, 'player_num': 1, 'source': 'hard_deck_qualifiers'}
2026-05-17 15:21:15,181 : INFO : EventManager : Event: ======'player_hd_sw_bump_right'====== Args={'value': 2, 'prev_value': 1, 'change': 1, 'player_num': 1, 'source': 'hard_deck_qualifiers'}
2026-05-17 15:21:15,182 : INFO : EventManager : Event: ======'player_score'====== Args={'value': 170000, 'prev_value': 169000, 'change': 1000, 'player_num': 1, 'source': 'base'}
2026-05-17 15:21:15,182 : INFO : EventManager : Event: ======'player_bonus_switches_count'====== Args={'value': 6, 'prev_value': 5, 'change': 1, 'player_num': 1, 'source': 'base'}
2026-05-17 15:21:15,182 : INFO : EventManager : Event: ======'bumpers_hit'====== Args={'shot': 'bumper_right'}
2026-05-17 15:21:15,182 : INFO : EventManager : Event: ======'bumpers_lit_hit'====== Args={'shot': 'bumper_right'}
2026-05-17 15:21:15,182 : INFO : EventManager : Event: ======'player_score'====== Args={'value': 171000, 'prev_value': 170000, 'change': 1000, 'player_num': 1, 'source': 'bumpers'}
2026-05-17 15:21:15,183 : INFO : EventManager : Event: ======'player_hd_switches_completed'====== Args={'value': 2, 'prev_value': 1, 'change': 1, 'player_num': 1, 'source': 'hard_deck_qualifiers'}
2026-05-17 15:21:15,183 : INFO : EventManager : Event: ======'playfield_active'====== Args={'source': None}
2026-05-17 15:21:15,193 : INFO : SwitchController : <<<<<<< 's_bumper_right' inactive >>>>>>>
2026-05-17 15:21:15,256 : INFO : SwitchController : <<<<<<< 's_bumper_left' active >>>>>>>
2026-05-17 15:21:15,256 : INFO : EventManager : Event: ======'playfield_active'====== Args={'source': 'bumper_left'}
2026-05-17 15:21:15,256 : INFO : EventManager : Event: ======'s_bumper_left_active'====== Args={}
2026-05-17 15:21:15,256 : INFO : EventManager : Event: ======'sw_playfield_active'====== Args={}
2026-05-17 15:21:15,256 : INFO : EventManager : Event: ======'playfield_active'====== Args={'source': 'pop_left'}
2026-05-17 15:21:15,256 : INFO : EventManager : Event: ======'machine_var_audits_switches_s_bumper_left'====== Args={'value': 11489, 'prev_value': 11488, 'change': 1}
2026-05-17 15:21:15,258 : INFO : EventManager : Event: ======'machine_var_audits_shots_bumper_left'====== Args={'value': 11458, 'prev_value': 11457, 'change': 1}
2026-05-17 15:21:15,258 : INFO : EventManager : Event: ======'bumper_left_hit'====== Args={'profile': 'default', 'state': 'lit', 'advancing': False}
2026-05-17 15:21:15,258 : INFO : EventManager : Event: ======'bumper_left_default_hit'====== Args={'profile': 'default', 'state': 'lit', 'advancing': False}
2026-05-17 15:21:15,258 : INFO : EventManager : Event: ======'bumper_left_default_lit_hit'====== Args={'profile': 'default', 'state': 'lit', 'advancing': False}
2026-05-17 15:21:15,258 : INFO : EventManager : Event: ======'bumper_left_lit_hit'====== Args={'profile': 'default', 'state': 'lit', 'advancing': False}
2026-05-17 15:21:15,258 : INFO : EventManager : Event: ======'player_pop_bumper_hits_total'====== Args={'value': 5, 'prev_value': 4, 'change': 1, 'player_num': 1, 'source': 'hard_deck_qualifiers'}
2026-05-17 15:21:15,258 : INFO : EventManager : Event: ======'player_score'====== Args={'value': 172000, 'prev_value': 171000, 'change': 1000, 'player_num': 1, 'source': 'base'}
2026-05-17 15:21:15,258 : INFO : EventManager : Event: ======'player_bonus_switches_count'====== Args={'value': 7, 'prev_value': 6, 'change': 1, 'player_num': 1, 'source': 'base'}
2026-05-17 15:21:15,259 : INFO : EventManager : Event: ======'bumpers_hit'====== Args={'shot': 'bumper_left'}
2026-05-17 15:21:15,259 : INFO : EventManager : Event: ======'bumpers_lit_hit'====== Args={'shot': 'bumper_left'}
2026-05-17 15:21:15,259 : INFO : EventManager : Event: ======'player_score'====== Args={'value': 173000, 'prev_value': 172000, 'change': 1000, 'player_num': 1, 'source': 'bumpers'}
2026-05-17 15:21:15,259 : INFO : EventManager : Event: ======'playfield_active'====== Args={'source': None}
2026-05-17 15:21:15,272 : INFO : SwitchController : <<<<<<< 's_bumper_left' inactive >>>>>>>
2026-05-17 15:21:15,334 : INFO : SwitchController : <<<<<<< 's_bumper_right' active >>>>>>>
2026-05-17 15:21:15,334 : INFO : EventManager : Event: ======'playfield_active'====== Args={'source': 'bumper_right'}
2026-05-17 15:21:15,334 : INFO : EventManager : Event: ======'s_bumper_right_active'====== Args={}
2026-05-17 15:21:15,334 : INFO : EventManager : Event: ======'sw_playfield_active'====== Args={}
2026-05-17 15:21:15,335 : INFO : EventManager : Event: ======'playfield_active'====== Args={'source': 'pop_right'}
2026-05-17 15:21:15,335 : INFO : EventManager : Event: ======'machine_var_audits_switches_s_bumper_right'====== Args={'value': 8988, 'prev_value': 8987, 'change': 1}
2026-05-17 15:21:15,336 : INFO : EventManager : Event: ======'machine_var_audits_shots_bumper_right'====== Args={'value': 8982, 'prev_value': 8981, 'change': 1}
2026-05-17 15:21:15,336 : INFO : EventManager : Event: ======'bumper_right_hit'====== Args={'profile': 'default', 'state': 'lit', 'advancing': False}
2026-05-17 15:21:15,336 : INFO : EventManager : Event: ======'bumper_right_default_hit'====== Args={'profile': 'default', 'state': 'lit', 'advancing': False}
2026-05-17 15:21:15,336 : INFO : EventManager : Event: ======'bumper_right_default_lit_hit'====== Args={'profile': 'default', 'state': 'lit', 'advancing': False}
2026-05-17 15:21:15,336 : INFO : EventManager : Event: ======'bumper_right_lit_hit'====== Args={'profile': 'default', 'state': 'lit', 'advancing': False}
2026-05-17 15:21:15,336 : INFO : EventManager : Event: ======'player_pop_bumper_hits_total'====== Args={'value': 6, 'prev_value': 5, 'change': 1, 'player_num': 1, 'source': 'hard_deck_qualifiers'}
2026-05-17 15:21:15,337 : INFO : EventManager : Event: ======'player_score'====== Args={'value': 174000, 'prev_value': 173000, 'change': 1000, 'player_num': 1, 'source': 'base'}
2026-05-17 15:21:15,337 : INFO : EventManager : Event: ======'player_bonus_switches_count'====== Args={'value': 8, 'prev_value': 7, 'change': 1, 'player_num': 1, 'source': 'base'}
2026-05-17 15:21:15,337 : INFO : EventManager : Event: ======'bumpers_hit'====== Args={'shot': 'bumper_right'}
2026-05-17 15:21:15,337 : INFO : EventManager : Event: ======'bumpers_lit_hit'====== Args={'shot': 'bumper_right'}
2026-05-17 15:21:15,337 : INFO : EventManager : Event: ======'player_score'====== Args={'value': 175000, 'prev_value': 174000, 'change': 1000, 'player_num': 1, 'source': 'bumpers'}
2026-05-17 15:21:15,338 : INFO : EventManager : Event: ======'playfield_active'====== Args={'source': None}
2026-05-17 15:21:15,350 : INFO : SwitchController : <<<<<<< 's_bumper_right' inactive >>>>>>>
2026-05-17 15:21:15,506 : INFO : SwitchController : <<<<<<< 's_bumper_center' active >>>>>>>
2026-05-17 15:21:15,506 : INFO : EventManager : Event: ======'playfield_active'====== Args={'source': 'bumper_center'}
2026-05-17 15:21:15,506 : INFO : EventManager : Event: ======'s_bumper_center_active'====== Args={}
2026-05-17 15:21:15,506 : INFO : EventManager : Event: ======'sw_playfield_active'====== Args={}
2026-05-17 15:21:15,506 : INFO : EventManager : Event: ======'playfield_active'====== Args={'source': 'pop_center'}
2026-05-17 15:21:15,506 : INFO : EventManager : Event: ======'machine_var_audits_switches_s_bumper_center'====== Args={'value': 9025, 'prev_value': 9024, 'change': 1}
2026-05-17 15:21:15,507 : INFO : EventManager : Event: ======'player_shot_bumper_center'====== Args={'value': 1, 'prev_value': 0, 'change': 1, 'player_num': 1}
2026-05-17 15:21:15,508 : INFO : EventManager : Event: ======'machine_var_audits_shots_bumper_center'====== Args={'value': 9005, 'prev_value': 9004, 'change': 1}
2026-05-17 15:21:15,508 : INFO : EventManager : Event: ======'bumper_center_hit'====== Args={'profile': 'default', 'state': 'unlit', 'advancing': True}
2026-05-17 15:21:15,508 : INFO : EventManager : Event: ======'bumper_center_default_hit'====== Args={'profile': 'default', 'state': 'unlit', 'advancing': True}
2026-05-17 15:21:15,508 : INFO : EventManager : Event: ======'bumper_center_default_unlit_hit'====== Args={'profile': 'default', 'state': 'unlit', 'advancing': True}
2026-05-17 15:21:15,508 : INFO : EventManager : Event: ======'bumper_center_unlit_hit'====== Args={'profile': 'default', 'state': 'unlit', 'advancing': True}
2026-05-17 15:21:15,508 : INFO : EventManager : Event: ======'player_pop_bumper_hits_total'====== Args={'value': 7, 'prev_value': 6, 'change': 1, 'player_num': 1, 'source': 'hard_deck_qualifiers'}
2026-05-17 15:21:15,508 : INFO : EventManager : Event: ======'player_hd_sw_bump_center'====== Args={'value': 1, 'prev_value': 0, 'change': 1, 'player_num': 1, 'source': 'hard_deck_qualifiers'}
2026-05-17 15:21:15,508 : INFO : EventManager : Event: ======'player_score'====== Args={'value': 176000, 'prev_value': 175000, 'change': 1000, 'player_num': 1, 'source': 'base'}
2026-05-17 15:21:15,508 : INFO : EventManager : Event: ======'player_bonus_switches_count'====== Args={'value': 9, 'prev_value': 8, 'change': 1, 'player_num': 1, 'source': 'base'}
2026-05-17 15:21:15,509 : INFO : EventManager : Event: ======'bumpers_complete'====== Args={'state': 'lit'}
2026-05-17 15:21:15,509 : INFO : EventManager : Event: ======'bumpers_lit_complete'====== Args={}
2026-05-17 15:21:15,509 : INFO : EventManager : Event: ======'bumpers_hit'====== Args={'shot': 'bumper_center'}
2026-05-17 15:21:15,509 : INFO : EventManager : Event: ======'bumpers_unlit_hit'====== Args={'shot': 'bumper_center'}
2026-05-17 15:21:15,509 : INFO : EventManager : Event: ======'player_score'====== Args={'value': 177000, 'prev_value': 176000, 'change': 1000, 'player_num': 1, 'source': 'bumpers'}
2026-05-17 15:21:15,509 : INFO : EventManager : Event: ======'playfield_active'====== Args={'source': None}
2026-05-17 15:21:15,522 : INFO : SwitchController : <<<<<<< 's_bumper_center' inactive >>>>>>>
2026-05-17 15:21:15,665 : INFO : EventManager : Event: ======'player_pilot_mission_qualifier_right_orbit_shot_timeout_tick'====== Args={'value': 2, 'prev_value': 1, 'change': 1, 'player_num': 1}
2026-05-17 15:21:15,665 : INFO : EventManager : Event: ======'timer_right_orbit_shot_timeout_tick'====== Args={'ticks': 2, 'ticks_remaining': 1}
2026-05-17 15:21:15,665 : INFO : EventManager : Event: ======'player_iceman_letters_right_orbit_lockout_timer_tick'====== Args={'value': 2, 'prev_value': 1, 'change': 1, 'player_num': 1}
2026-05-17 15:21:15,665 : INFO : EventManager : Event: ======'timer_right_orbit_lockout_timer_tick'====== Args={'ticks': 2, 'ticks_remaining': 1}
2026-05-17 15:21:15,775 : INFO : SwitchController : <<<<<<< 's_bumper_left' active >>>>>>>
2026-05-17 15:21:15,775 : INFO : EventManager : Event: ======'playfield_active'====== Args={'source': 'bumper_left'}
2026-05-17 15:21:15,775 : INFO : EventManager : Event: ======'s_bumper_left_active'====== Args={}
2026-05-17 15:21:15,775 : INFO : EventManager : Event: ======'sw_playfield_active'====== Args={}
2026-05-17 15:21:15,776 : INFO : EventManager : Event: ======'playfield_active'====== Args={'source': 'pop_left'}
2026-05-17 15:21:15,776 : INFO : EventManager : Event: ======'machine_var_audits_switches_s_bumper_left'====== Args={'value': 11490, 'prev_value': 11489, 'change': 1}
2026-05-17 15:21:15,777 : INFO : EventManager : Event: ======'machine_var_audits_shots_bumper_left'====== Args={'value': 11459, 'prev_value': 11458, 'change': 1}
2026-05-17 15:21:15,777 : INFO : EventManager : Event: ======'bumper_left_hit'====== Args={'profile': 'default', 'state': 'lit', 'advancing': False}
2026-05-17 15:21:15,777 : INFO : EventManager : Event: ======'bumper_left_default_hit'====== Args={'profile': 'default', 'state': 'lit', 'advancing': False}
2026-05-17 15:21:15,778 : INFO : EventManager : Event: ======'bumper_left_default_lit_hit'====== Args={'profile': 'default', 'state': 'lit', 'advancing': False}
2026-05-17 15:21:15,778 : INFO : EventManager : Event: ======'bumper_left_lit_hit'====== Args={'profile': 'default', 'state': 'lit', 'advancing': False}
2026-05-17 15:21:15,778 : INFO : EventManager : Event: ======'player_pop_bumper_hits_total'====== Args={'value': 8, 'prev_value': 7, 'change': 1, 'player_num': 1, 'source': 'hard_deck_qualifiers'}
2026-05-17 15:21:15,778 : INFO : EventManager : Event: ======'player_score'====== Args={'value': 178000, 'prev_value': 177000, 'change': 1000, 'player_num': 1, 'source': 'base'}
2026-05-17 15:21:15,778 : INFO : EventManager : Event: ======'player_bonus_switches_count'====== Args={'value': 10, 'prev_value': 9, 'change': 1, 'player_num': 1, 'source': 'base'}
2026-05-17 15:21:15,778 : INFO : EventManager : Event: ======'bumpers_hit'====== Args={'shot': 'bumper_left'}
2026-05-17 15:21:15,778 : INFO : EventManager : Event: ======'bumpers_lit_hit'====== Args={'shot': 'bumper_left'}
2026-05-17 15:21:15,778 : INFO : EventManager : Event: ======'player_score'====== Args={'value': 179000, 'prev_value': 178000, 'change': 1000, 'player_num': 1, 'source': 'bumpers'}
2026-05-17 15:21:15,778 : INFO : EventManager : Event: ======'playfield_active'====== Args={'source': None}
2026-05-17 15:21:15,806 : INFO : SwitchController : <<<<<<< 's_bumper_left' inactive >>>>>>>
2026-05-17 15:21:15,869 : INFO : SwitchController : <<<<<<< 's_bumper_right' active >>>>>>>
2026-05-17 15:21:15,869 : INFO : EventManager : Event: ======'playfield_active'====== Args={'source': 'bumper_right'}
2026-05-17 15:21:15,869 : INFO : EventManager : Event: ======'s_bumper_right_active'====== Args={}
2026-05-17 15:21:15,869 : INFO : EventManager : Event: ======'sw_playfield_active'====== Args={}
2026-05-17 15:21:15,869 : INFO : EventManager : Event: ======'playfield_active'====== Args={'source': 'pop_right'}
2026-05-17 15:21:15,869 : INFO : EventManager : Event: ======'machine_var_audits_switches_s_bumper_right'====== Args={'value': 8989, 'prev_value': 8988, 'change': 1}
2026-05-17 15:21:15,871 : INFO : EventManager : Event: ======'machine_var_audits_shots_bumper_right'====== Args={'value': 8983, 'prev_value': 8982, 'change': 1}
2026-05-17 15:21:15,871 : INFO : EventManager : Event: ======'bumper_right_hit'====== Args={'profile': 'default', 'state': 'lit', 'advancing': False}
2026-05-17 15:21:15,871 : INFO : EventManager : Event: ======'bumper_right_default_hit'====== Args={'profile': 'default', 'state': 'lit', 'advancing': False}
2026-05-17 15:21:15,871 : INFO : EventManager : Event: ======'bumper_right_default_lit_hit'====== Args={'profile': 'default', 'state': 'lit', 'advancing': False}
2026-05-17 15:21:15,871 : INFO : EventManager : Event: ======'bumper_right_lit_hit'====== Args={'profile': 'default', 'state': 'lit', 'advancing': False}
2026-05-17 15:21:15,871 : INFO : EventManager : Event: ======'player_pop_bumper_hits_total'====== Args={'value': 9, 'prev_value': 8, 'change': 1, 'player_num': 1, 'source': 'hard_deck_qualifiers'}
2026-05-17 15:21:15,872 : INFO : EventManager : Event: ======'player_score'====== Args={'value': 180000, 'prev_value': 179000, 'change': 1000, 'player_num': 1, 'source': 'base'}
2026-05-17 15:21:15,872 : INFO : EventManager : Event: ======'player_bonus_switches_count'====== Args={'value': 11, 'prev_value': 10, 'change': 1, 'player_num': 1, 'source': 'base'}
2026-05-17 15:21:15,872 : INFO : EventManager : Event: ======'bumpers_hit'====== Args={'shot': 'bumper_right'}
2026-05-17 15:21:15,872 : INFO : EventManager : Event: ======'bumpers_lit_hit'====== Args={'shot': 'bumper_right'}
2026-05-17 15:21:15,872 : INFO : EventManager : Event: ======'player_score'====== Args={'value': 181000, 'prev_value': 180000, 'change': 1000, 'player_num': 1, 'source': 'bumpers'}
2026-05-17 15:21:15,873 : INFO : EventManager : Event: ======'playfield_active'====== Args={'source': None}
2026-05-17 15:21:15,885 : INFO : SwitchController : <<<<<<< 's_bumper_right' inactive >>>>>>>
2026-05-17 15:21:16,042 : INFO : EventManager : Event: ======'player_ball_save_ball_save_countdown_tick'====== Args={'value': 17, 'prev_value': 18, 'change': -1, 'player_num': 1}
2026-05-17 15:21:16,042 : INFO : EventManager : Event: ======'timer_ball_save_countdown_tick'====== Args={'ticks': 17, 'ticks_remaining': 17}
2026-05-17 15:21:16,043 : INFO : EventManager : Event: ======'player_pilot_mission_qualifier_post_plunge_orbit_lockout_tick'====== Args={'value': 3, 'prev_value': 2, 'change': 1, 'player_num': 1}
2026-05-17 15:21:16,043 : INFO : Timer.post_plunge_orbit_lockout : Timer Complete
2026-05-17 15:21:16,043 : INFO : Timer.post_plunge_orbit_lockout : Stopping Timer
2026-05-17 15:21:16,043 : INFO : EventManager : Event: ======'timer_post_plunge_orbit_lockout_stopped'====== Args={'ticks': 3, 'ticks_remaining': 1}
2026-05-17 15:21:16,043 : INFO : EventManager : Event: ======'timer_post_plunge_orbit_lockout_complete'====== Args={'ticks': 3, 'ticks_remaining': 1}
2026-05-17 15:21:16,043 : INFO : EventManager : Event: ======'ball_save_flash_slow'====== Args={'priority': 0}
2026-05-17 15:21:16,044 : INFO : EventManager : Event: ======'player_ball_save_time_remaining'====== Args={'value': 17, 'prev_value': 18, 'change': -1, 'player_num': 1, 'source': 'ball_save'}
2026-05-17 15:21:16,044 : INFO : ball_device.bd_plunger : State: failed_confirm
2026-05-17 15:21:16,044 : INFO : ball_device.bd_plunger : Got timeout (3.0s) before confirm from <playfield.playfield>
2026-05-17 15:21:16,135 : INFO : ball_device.bd_plunger : Confirming eject because target is playfield and ball did not return.
2026-05-17 15:21:16,135 : INFO : ball_device.bd_plunger : Eject successful
2026-05-17 15:21:16,135 : INFO : EventManager : Event: ======'balldevice_bd_plunger_ball_eject_success'====== Args={'balls': 1, 'target': <playfield.playfield>}
2026-05-17 15:21:16,136 : INFO : EventManager : Event: ======'balldevice_playfield_ball_enter'====== Args={'new_balls': 1, 'unclaimed_balls': 1, 'device': <playfield.playfield>}
2026-05-17 15:21:16,136 : INFO : EventManager : Event: ======'playfield_ball_count_change'====== Args={'balls': 1, 'change': 1}
2026-05-17 15:21:16,137 : INFO : EventManager : Event: ======'balldevice_bd_plunger_ball_count_changed'====== Args={'balls': 0}
2026-05-17 15:21:16,137 : INFO : ball_device.bd_plunger : State: idle
2026-05-17 15:21:16,587 : INFO : SwitchController : <<<<<<< 's_bumper_center' active >>>>>>>
2026-05-17 15:21:16,587 : INFO : EventManager : Event: ======'s_bumper_center_active'====== Args={}
2026-05-17 15:21:16,588 : INFO : EventManager : Event: ======'sw_playfield_active'====== Args={}
2026-05-17 15:21:16,588 : INFO : EventManager : Event: ======'machine_var_audits_switches_s_bumper_center'====== Args={'value': 9026, 'prev_value': 9025, 'change': 1}
2026-05-17 15:21:16,588 : INFO : EventManager : Event: ======'machine_var_audits_shots_bumper_center'====== Args={'value': 9006, 'prev_value': 9005, 'change': 1}
2026-05-17 15:21:16,588 : INFO : EventManager : Event: ======'bumper_center_hit'====== Args={'profile': 'default', 'state': 'lit', 'advancing': False}
2026-05-17 15:21:16,588 : INFO : EventManager : Event: ======'bumper_center_default_hit'====== Args={'profile': 'default', 'state': 'lit', 'advancing': False}
2026-05-17 15:21:16,588 : INFO : EventManager : Event: ======'bumper_center_default_lit_hit'====== Args={'profile': 'default', 'state': 'lit', 'advancing': False}
2026-05-17 15:21:16,588 : INFO : EventManager : Event: ======'bumper_center_lit_hit'====== Args={'profile': 'default', 'state': 'lit', 'advancing': False}
2026-05-17 15:21:16,588 : INFO : EventManager : Event: ======'player_pop_bumper_hits_total'====== Args={'value': 10, 'prev_value': 9, 'change': 1, 'player_num': 1, 'source': 'hard_deck_qualifiers'}
2026-05-17 15:21:16,589 : INFO : EventManager : Event: ======'player_hd_sw_bump_center'====== Args={'value': 2, 'prev_value': 1, 'change': 1, 'player_num': 1, 'source': 'hard_deck_qualifiers'}
2026-05-17 15:21:16,589 : INFO : EventManager : Event: ======'player_score'====== Args={'value': 182000, 'prev_value': 181000, 'change': 1000, 'player_num': 1, 'source': 'base'}
2026-05-17 15:21:16,589 : INFO : EventManager : Event: ======'player_bonus_switches_count'====== Args={'value': 12, 'prev_value': 11, 'change': 1, 'player_num': 1, 'source': 'base'}
2026-05-17 15:21:16,589 : INFO : EventManager : Event: ======'bumpers_hit'====== Args={'shot': 'bumper_center'}
2026-05-17 15:21:16,589 : INFO : EventManager : Event: ======'bumpers_lit_hit'====== Args={'shot': 'bumper_center'}
2026-05-17 15:21:16,589 : INFO : EventManager : Event: ======'player_score'====== Args={'value': 183000, 'prev_value': 182000, 'change': 1000, 'player_num': 1, 'source': 'bumpers'}
2026-05-17 15:21:16,589 : INFO : EventManager : Event: ======'player_hd_switches_completed'====== Args={'value': 3, 'prev_value': 2, 'change': 1, 'player_num': 1, 'source': 'hard_deck_qualifiers'}
2026-05-17 15:21:16,618 : INFO : SwitchController : <<<<<<< 's_bumper_center' inactive >>>>>>>
2026-05-17 15:21:16,663 : INFO : EventManager : Event: ======'player_iceman_letters_right_orbit_lockout_timer_tick'====== Args={'value': 3, 'prev_value': 2, 'change': 1, 'player_num': 1}
2026-05-17 15:21:16,664 : INFO : Timer.right_orbit_lockout_timer : Timer Complete
2026-05-17 15:21:16,664 : INFO : Timer.right_orbit_lockout_timer : Stopping Timer
2026-05-17 15:21:16,664 : INFO : EventManager : Event: ======'timer_right_orbit_lockout_timer_stopped'====== Args={'ticks': 3, 'ticks_remaining': 1}
2026-05-17 15:21:16,664 : INFO : EventManager : Event: ======'timer_right_orbit_lockout_timer_complete'====== Args={'ticks': 3, 'ticks_remaining': 1}
2026-05-17 15:21:16,664 : INFO : EventManager : Event: ======'player_pilot_mission_qualifier_right_orbit_shot_timeout_tick'====== Args={'value': 3, 'prev_value': 2, 'change': 1, 'player_num': 1}
2026-05-17 15:21:16,665 : INFO : Timer.right_orbit_shot_timeout : Timer Complete
2026-05-17 15:21:16,665 : INFO : Timer.right_orbit_shot_timeout : Stopping Timer
2026-05-17 15:21:16,665 : INFO : EventManager : Event: ======'timer_right_orbit_shot_timeout_stopped'====== Args={'ticks': 3, 'ticks_remaining': 1}
2026-05-17 15:21:16,665 : INFO : EventManager : Event: ======'timer_right_orbit_shot_timeout_complete'====== Args={'ticks': 3, 'ticks_remaining': 1}
2026-05-17 15:21:16,666 : INFO : SwitchController : <<<<<<< 's_bumper_left' active >>>>>>>
2026-05-17 15:21:16,666 : INFO : EventManager : Event: ======'s_bumper_left_active'====== Args={}
2026-05-17 15:21:16,666 : INFO : EventManager : Event: ======'sw_playfield_active'====== Args={}
2026-05-17 15:21:16,666 : INFO : EventManager : Event: ======'machine_var_audits_switches_s_bumper_left'====== Args={'value': 11491, 'prev_value': 11490, 'change': 1}
2026-05-17 15:21:16,666 : INFO : EventManager : Event: ======'player_right_post_locked_out'====== Args={'value': 0, 'prev_value': 1, 'change': -1, 'player_num': 1, 'source': 'iceman_letters'}
2026-05-17 15:21:16,666 : INFO : EventManager : Event: ======'machine_var_audits_shots_bumper_left'====== Args={'value': 11460, 'prev_value': 11459, 'change': 1}
2026-05-17 15:21:16,668 : INFO : EventManager : Event: ======'bumper_left_hit'====== Args={'profile': 'default', 'state': 'lit', 'advancing': False}
2026-05-17 15:21:16,668 : INFO : EventManager : Event: ======'bumper_left_default_hit'====== Args={'profile': 'default', 'state': 'lit', 'advancing': False}
2026-05-17 15:21:16,668 : INFO : EventManager : Event: ======'bumper_left_default_lit_hit'====== Args={'profile': 'default', 'state': 'lit', 'advancing': False}
2026-05-17 15:21:16,668 : INFO : EventManager : Event: ======'bumper_left_lit_hit'====== Args={'profile': 'default', 'state': 'lit', 'advancing': False}
2026-05-17 15:21:16,668 : INFO : EventManager : Event: ======'player_pop_bumper_hits_total'====== Args={'value': 11, 'prev_value': 10, 'change': 1, 'player_num': 1, 'source': 'hard_deck_qualifiers'}
2026-05-17 15:21:16,668 : INFO : EventManager : Event: ======'player_score'====== Args={'value': 184000, 'prev_value': 183000, 'change': 1000, 'player_num': 1, 'source': 'base'}
2026-05-17 15:21:16,668 : INFO : EventManager : Event: ======'player_bonus_switches_count'====== Args={'value': 13, 'prev_value': 12, 'change': 1, 'player_num': 1, 'source': 'base'}
2026-05-17 15:21:16,669 : INFO : EventManager : Event: ======'bumpers_hit'====== Args={'shot': 'bumper_left'}
2026-05-17 15:21:16,669 : INFO : EventManager : Event: ======'bumpers_lit_hit'====== Args={'shot': 'bumper_left'}
2026-05-17 15:21:16,669 : INFO : EventManager : Event: ======'player_score'====== Args={'value': 185000, 'prev_value': 184000, 'change': 1000, 'player_num': 1, 'source': 'bumpers'}
2026-05-17 15:21:16,670 : INFO : SwitchController : <<<<<<< 's_bumper_left' inactive >>>>>>>
2026-05-17 15:21:16,728 : INFO : EventManager : Event: ======'slide_mode_points_scored_inactive'====== Args={'is_removing': True, '_from_bcp': True}
2026-05-17 15:21:16,728 : INFO : EventManager : Event: ======'slide_mach_1_active'====== Args={'_from_bcp': True}
2026-05-17 15:21:16,729 : INFO : EventManager : Event: ======'slide_mode_points_scored_removed'====== Args={'_from_bcp': True}
2026-05-17 15:21:16,759 : INFO : SwitchController : <<<<<<< 's_bumper_center' active >>>>>>>
2026-05-17 15:21:16,759 : INFO : EventManager : Event: ======'s_bumper_center_active'====== Args={}
2026-05-17 15:21:16,759 : INFO : EventManager : Event: ======'sw_playfield_active'====== Args={}
2026-05-17 15:21:16,759 : INFO : EventManager : Event: ======'machine_var_audits_switches_s_bumper_center'====== Args={'value': 9027, 'prev_value': 9026, 'change': 1}
2026-05-17 15:21:16,760 : INFO : EventManager : Event: ======'machine_var_audits_shots_bumper_center'====== Args={'value': 9007, 'prev_value': 9006, 'change': 1}
2026-05-17 15:21:16,761 : INFO : EventManager : Event: ======'bumper_center_hit'====== Args={'profile': 'default', 'state': 'lit', 'advancing': False}
2026-05-17 15:21:16,761 : INFO : EventManager : Event: ======'bumper_center_default_hit'====== Args={'profile': 'default', 'state': 'lit', 'advancing': False}
2026-05-17 15:21:16,761 : INFO : EventManager : Event: ======'bumper_center_default_lit_hit'====== Args={'profile': 'default', 'state': 'lit', 'advancing': False}
2026-05-17 15:21:16,761 : INFO : EventManager : Event: ======'bumper_center_lit_hit'====== Args={'profile': 'default', 'state': 'lit', 'advancing': False}
2026-05-17 15:21:16,761 : INFO : EventManager : Event: ======'player_pop_bumper_hits_total'====== Args={'value': 12, 'prev_value': 11, 'change': 1, 'player_num': 1, 'source': 'hard_deck_qualifiers'}
2026-05-17 15:21:16,761 : INFO : EventManager : Event: ======'player_score'====== Args={'value': 186000, 'prev_value': 185000, 'change': 1000, 'player_num': 1, 'source': 'base'}
2026-05-17 15:21:16,761 : INFO : EventManager : Event: ======'player_bonus_switches_count'====== Args={'value': 14, 'prev_value': 13, 'change': 1, 'player_num': 1, 'source': 'base'}
2026-05-17 15:21:16,761 : INFO : EventManager : Event: ======'bumpers_hit'====== Args={'shot': 'bumper_center'}
2026-05-17 15:21:16,761 : INFO : EventManager : Event: ======'bumpers_lit_hit'====== Args={'shot': 'bumper_center'}
2026-05-17 15:21:16,761 : INFO : EventManager : Event: ======'player_score'====== Args={'value': 187000, 'prev_value': 186000, 'change': 1000, 'player_num': 1, 'source': 'bumpers'}
2026-05-17 15:21:16,790 : INFO : SwitchController : <<<<<<< 's_bumper_center' inactive >>>>>>>
2026-05-17 15:21:16,838 : INFO : SwitchController : <<<<<<< 's_bumper_left' active >>>>>>>
2026-05-17 15:21:16,838 : INFO : EventManager : Event: ======'s_bumper_left_active'====== Args={}
2026-05-17 15:21:16,838 : INFO : EventManager : Event: ======'sw_playfield_active'====== Args={}
2026-05-17 15:21:16,838 : INFO : EventManager : Event: ======'machine_var_audits_switches_s_bumper_left'====== Args={'value': 11492, 'prev_value': 11491, 'change': 1}
2026-05-17 15:21:16,839 : INFO : EventManager : Event: ======'machine_var_audits_shots_bumper_left'====== Args={'value': 11461, 'prev_value': 11460, 'change': 1}
2026-05-17 15:21:16,840 : INFO : EventManager : Event: ======'bumper_left_hit'====== Args={'profile': 'default', 'state': 'lit', 'advancing': False}
2026-05-17 15:21:16,840 : INFO : EventManager : Event: ======'bumper_left_default_hit'====== Args={'profile': 'default', 'state': 'lit', 'advancing': False}
2026-05-17 15:21:16,840 : INFO : EventManager : Event: ======'bumper_left_default_lit_hit'====== Args={'profile': 'default', 'state': 'lit', 'advancing': False}
2026-05-17 15:21:16,840 : INFO : EventManager : Event: ======'bumper_left_lit_hit'====== Args={'profile': 'default', 'state': 'lit', 'advancing': False}
2026-05-17 15:21:16,840 : INFO : EventManager : Event: ======'player_pop_bumper_hits_total'====== Args={'value': 13, 'prev_value': 12, 'change': 1, 'player_num': 1, 'source': 'hard_deck_qualifiers'}
2026-05-17 15:21:16,840 : INFO : EventManager : Event: ======'player_score'====== Args={'value': 188000, 'prev_value': 187000, 'change': 1000, 'player_num': 1, 'source': 'base'}
2026-05-17 15:21:16,841 : INFO : EventManager : Event: ======'player_bonus_switches_count'====== Args={'value': 15, 'prev_value': 14, 'change': 1, 'player_num': 1, 'source': 'base'}
2026-05-17 15:21:16,841 : INFO : EventManager : Event: ======'bumpers_hit'====== Args={'shot': 'bumper_left'}
2026-05-17 15:21:16,841 : INFO : EventManager : Event: ======'bumpers_lit_hit'====== Args={'shot': 'bumper_left'}
2026-05-17 15:21:16,841 : INFO : EventManager : Event: ======'player_score'====== Args={'value': 189000, 'prev_value': 188000, 'change': 1000, 'player_num': 1, 'source': 'bumpers'}
2026-05-17 15:21:16,869 : INFO : SwitchController : <<<<<<< 's_bumper_left' inactive >>>>>>>
2026-05-17 15:21:16,916 : INFO : SwitchController : <<<<<<< 's_bumper_center' active >>>>>>>
2026-05-17 15:21:16,916 : INFO : EventManager : Event: ======'s_bumper_center_active'====== Args={}
2026-05-17 15:21:16,916 : INFO : EventManager : Event: ======'sw_playfield_active'====== Args={}
2026-05-17 15:21:16,916 : INFO : EventManager : Event: ======'machine_var_audits_switches_s_bumper_center'====== Args={'value': 9028, 'prev_value': 9027, 'change': 1}
2026-05-17 15:21:16,919 : INFO : EventManager : Event: ======'machine_var_audits_shots_bumper_center'====== Args={'value': 9008, 'prev_value': 9007, 'change': 1}
2026-05-17 15:21:16,919 : INFO : EventManager : Event: ======'bumper_center_hit'====== Args={'profile': 'default', 'state': 'lit', 'advancing': False}
2026-05-17 15:21:16,919 : INFO : EventManager : Event: ======'bumper_center_default_hit'====== Args={'profile': 'default', 'state': 'lit', 'advancing': False}
2026-05-17 15:21:16,919 : INFO : EventManager : Event: ======'bumper_center_default_lit_hit'====== Args={'profile': 'default', 'state': 'lit', 'advancing': False}
2026-05-17 15:21:16,919 : INFO : EventManager : Event: ======'bumper_center_lit_hit'====== Args={'profile': 'default', 'state': 'lit', 'advancing': False}
2026-05-17 15:21:16,919 : INFO : EventManager : Event: ======'player_pop_bumper_hits_total'====== Args={'value': 14, 'prev_value': 13, 'change': 1, 'player_num': 1, 'source': 'hard_deck_qualifiers'}
2026-05-17 15:21:16,920 : INFO : EventManager : Event: ======'player_score'====== Args={'value': 190000, 'prev_value': 189000, 'change': 1000, 'player_num': 1, 'source': 'base'}
2026-05-17 15:21:16,920 : INFO : EventManager : Event: ======'player_bonus_switches_count'====== Args={'value': 16, 'prev_value': 15, 'change': 1, 'player_num': 1, 'source': 'base'}
2026-05-17 15:21:16,920 : INFO : EventManager : Event: ======'bumpers_hit'====== Args={'shot': 'bumper_center'}
2026-05-17 15:21:16,920 : INFO : EventManager : Event: ======'bumpers_lit_hit'====== Args={'shot': 'bumper_center'}
2026-05-17 15:21:16,920 : INFO : EventManager : Event: ======'player_score'====== Args={'value': 191000, 'prev_value': 190000, 'change': 1000, 'player_num': 1, 'source': 'bumpers'}
2026-05-17 15:21:16,948 : INFO : SwitchController : <<<<<<< 's_bumper_center' inactive >>>>>>>
2026-05-17 15:21:17,042 : INFO : EventManager : Event: ======'player_ball_save_ball_save_countdown_tick'====== Args={'value': 16, 'prev_value': 17, 'change': -1, 'player_num': 1}
2026-05-17 15:21:17,043 : INFO : EventManager : Event: ======'timer_ball_save_countdown_tick'====== Args={'ticks': 16, 'ticks_remaining': 16}
2026-05-17 15:21:17,044 : INFO : EventManager : Event: ======'ball_save_flash_slow'====== Args={'priority': 0}
2026-05-17 15:21:17,044 : INFO : EventManager : Event: ======'player_ball_save_time_remaining'====== Args={'value': 16, 'prev_value': 17, 'change': -1, 'player_num': 1, 'source': 'ball_save'}
2026-05-17 15:21:17,229 : INFO : SwitchController : <<<<<<< 's_bumper_center' active >>>>>>>
2026-05-17 15:21:17,230 : INFO : EventManager : Event: ======'s_bumper_center_active'====== Args={}
2026-05-17 15:21:17,230 : INFO : EventManager : Event: ======'sw_playfield_active'====== Args={}
2026-05-17 15:21:17,230 : INFO : EventManager : Event: ======'machine_var_audits_switches_s_bumper_center'====== Args={'value': 9029, 'prev_value': 9028, 'change': 1}
2026-05-17 15:21:17,231 : INFO : EventManager : Event: ======'machine_var_audits_shots_bumper_center'====== Args={'value': 9009, 'prev_value': 9008, 'change': 1}
2026-05-17 15:21:17,231 : INFO : EventManager : Event: ======'bumper_center_hit'====== Args={'profile': 'default', 'state': 'lit', 'advancing': False}
2026-05-17 15:21:17,231 : INFO : EventManager : Event: ======'bumper_center_default_hit'====== Args={'profile': 'default', 'state': 'lit', 'advancing': False}
2026-05-17 15:21:17,231 : INFO : EventManager : Event: ======'bumper_center_default_lit_hit'====== Args={'profile': 'default', 'state': 'lit', 'advancing': False}
2026-05-17 15:21:17,231 : INFO : EventManager : Event: ======'bumper_center_lit_hit'====== Args={'profile': 'default', 'state': 'lit', 'advancing': False}
2026-05-17 15:21:17,231 : INFO : EventManager : Event: ======'player_pop_bumper_hits_total'====== Args={'value': 15, 'prev_value': 14, 'change': 1, 'player_num': 1, 'source': 'hard_deck_qualifiers'}
2026-05-17 15:21:17,231 : INFO : EventManager : Event: ======'player_score'====== Args={'value': 192000, 'prev_value': 191000, 'change': 1000, 'player_num': 1, 'source': 'base'}
2026-05-17 15:21:17,233 : INFO : EventManager : Event: ======'player_bonus_switches_count'====== Args={'value': 17, 'prev_value': 16, 'change': 1, 'player_num': 1, 'source': 'base'}
2026-05-17 15:21:17,233 : INFO : EventManager : Event: ======'bumpers_hit'====== Args={'shot': 'bumper_center'}
2026-05-17 15:21:17,233 : INFO : EventManager : Event: ======'bumpers_lit_hit'====== Args={'shot': 'bumper_center'}
2026-05-17 15:21:17,233 : INFO : EventManager : Event: ======'player_score'====== Args={'value': 193000, 'prev_value': 192000, 'change': 1000, 'player_num': 1, 'source': 'bumpers'}
2026-05-17 15:21:17,260 : INFO : SwitchController : <<<<<<< 's_bumper_center' inactive >>>>>>>
2026-05-17 15:21:17,553 : INFO : EventManager : Event: ======'slide_skillshot_mig_hit_removed'====== Args={'_from_bcp': True}
2026-05-17 15:21:17,561 : INFO : EventManager : Event: ======'start_bg_video'====== Args={'_from_bcp': True}
2026-05-17 15:21:17,561 : INFO : EventManager : Event: ======'new_video'====== Args={'_from_bcp': True}
2026-05-17 15:21:17,575 : INFO : SwitchController : <<<<<<< 's_mig_lane_right' active >>>>>>>
2026-05-17 15:21:17,575 : INFO : EventManager : Event: ======'s_mig_lane_right_active'====== Args={}
2026-05-17 15:21:17,575 : INFO : EventManager : Event: ======'sw_playfield_active'====== Args={}
2026-05-17 15:21:17,575 : INFO : EventManager : Event: ======'sw_playfield_active'====== Args={}
2026-05-17 15:21:17,575 : INFO : EventManager : Event: ======'machine_var_audits_switches_s_mig_lane_right'====== Args={'value': 2234, 'prev_value': 2233, 'change': 1}
2026-05-17 15:21:17,576 : INFO : EventManager : Event: ======'player_hd_sw_mig_right'====== Args={'value': 1, 'prev_value': 0, 'change': 1, 'player_num': 1, 'source': 'hard_deck_qualifiers'}
2026-05-17 15:21:17,576 : INFO : EventManager : Event: ======'check_mig_complete'====== Args={'priority': 0}
2026-05-17 15:21:17,576 : INFO : EventManager : Event: ======'player_mig_letter_g'====== Args={'value': 1, 'prev_value': 0, 'change': 1, 'player_num': 1, 'source': 'mig_letters'}
2026-05-17 15:21:17,576 : INFO : EventManager : Event: ======'player_score'====== Args={'value': 198000, 'prev_value': 193000, 'change': 5000, 'player_num': 1, 'source': 'base'}
2026-05-17 15:21:17,576 : INFO : EventManager : Event: ======'player_bonus_switches_count'====== Args={'value': 18, 'prev_value': 17, 'change': 1, 'player_num': 1, 'source': 'base'}
2026-05-17 15:21:17,576 : INFO : EventManager : Event: ======'mig_letter_two'====== Args={'priority': 0}
2026-05-17 15:21:17,652 : INFO : SwitchController : <<<<<<< 's_mig_lane_right' inactive >>>>>>>
2026-05-17 15:21:17,653 : INFO : EventManager : Event: ======'slide_mig_letter_two_created'====== Args={'_from_bcp': True}
2026-05-17 15:21:17,808 : INFO : SwitchController : <<<<<<< 's_bumper_right' active >>>>>>>
2026-05-17 15:21:17,808 : INFO : EventManager : Event: ======'s_bumper_right_active'====== Args={}
2026-05-17 15:21:17,808 : INFO : EventManager : Event: ======'sw_playfield_active'====== Args={}
2026-05-17 15:21:17,808 : INFO : EventManager : Event: ======'machine_var_audits_switches_s_bumper_right'====== Args={'value': 8990, 'prev_value': 8989, 'change': 1}
2026-05-17 15:21:17,809 : INFO : EventManager : Event: ======'machine_var_audits_shots_bumper_right'====== Args={'value': 8984, 'prev_value': 8983, 'change': 1}
2026-05-17 15:21:17,809 : INFO : EventManager : Event: ======'bumper_right_hit'====== Args={'profile': 'default', 'state': 'lit', 'advancing': False}
2026-05-17 15:21:17,809 : INFO : EventManager : Event: ======'bumper_right_default_hit'====== Args={'profile': 'default', 'state': 'lit', 'advancing': False}
2026-05-17 15:21:17,809 : INFO : EventManager : Event: ======'bumper_right_default_lit_hit'====== Args={'profile': 'default', 'state': 'lit', 'advancing': False}
2026-05-17 15:21:17,809 : INFO : EventManager : Event: ======'bumper_right_lit_hit'====== Args={'profile': 'default', 'state': 'lit', 'advancing': False}
2026-05-17 15:21:17,810 : INFO : EventManager : Event: ======'player_pop_bumper_hits_total'====== Args={'value': 16, 'prev_value': 15, 'change': 1, 'player_num': 1, 'source': 'hard_deck_qualifiers'}
2026-05-17 15:21:17,810 : INFO : EventManager : Event: ======'player_score'====== Args={'value': 199000, 'prev_value': 198000, 'change': 1000, 'player_num': 1, 'source': 'base'}
2026-05-17 15:21:17,810 : INFO : EventManager : Event: ======'player_bonus_switches_count'====== Args={'value': 19, 'prev_value': 18, 'change': 1, 'player_num': 1, 'source': 'base'}
2026-05-17 15:21:17,810 : INFO : EventManager : Event: ======'bumpers_hit'====== Args={'shot': 'bumper_right'}
2026-05-17 15:21:17,810 : INFO : EventManager : Event: ======'bumpers_lit_hit'====== Args={'shot': 'bumper_right'}
2026-05-17 15:21:17,810 : INFO : EventManager : Event: ======'player_score'====== Args={'value': 200000, 'prev_value': 199000, 'change': 1000, 'player_num': 1, 'source': 'bumpers'}
2026-05-17 15:21:17,824 : INFO : SwitchController : <<<<<<< 's_bumper_right' inactive >>>>>>>
2026-05-17 15:21:17,888 : INFO : SwitchController : <<<<<<< 's_bumper_left' active >>>>>>>
2026-05-17 15:21:17,888 : INFO : EventManager : Event: ======'s_bumper_left_active'====== Args={}
2026-05-17 15:21:17,889 : INFO : EventManager : Event: ======'sw_playfield_active'====== Args={}
2026-05-17 15:21:17,889 : INFO : EventManager : Event: ======'machine_var_audits_switches_s_bumper_left'====== Args={'value': 11493, 'prev_value': 11492, 'change': 1}
2026-05-17 15:21:17,890 : INFO : EventManager : Event: ======'machine_var_audits_shots_bumper_left'====== Args={'value': 11462, 'prev_value': 11461, 'change': 1}
2026-05-17 15:21:17,890 : INFO : EventManager : Event: ======'bumper_left_hit'====== Args={'profile': 'default', 'state': 'lit', 'advancing': False}
2026-05-17 15:21:17,890 : INFO : EventManager : Event: ======'bumper_left_default_hit'====== Args={'profile': 'default', 'state': 'lit', 'advancing': False}
2026-05-17 15:21:17,890 : INFO : EventManager : Event: ======'bumper_left_default_lit_hit'====== Args={'profile': 'default', 'state': 'lit', 'advancing': False}
2026-05-17 15:21:17,890 : INFO : EventManager : Event: ======'bumper_left_lit_hit'====== Args={'profile': 'default', 'state': 'lit', 'advancing': False}
2026-05-17 15:21:17,890 : INFO : EventManager : Event: ======'player_pop_bumper_hits_total'====== Args={'value': 17, 'prev_value': 16, 'change': 1, 'player_num': 1, 'source': 'hard_deck_qualifiers'}
2026-05-17 15:21:17,890 : INFO : EventManager : Event: ======'player_score'====== Args={'value': 201000, 'prev_value': 200000, 'change': 1000, 'player_num': 1, 'source': 'base'}
2026-05-17 15:21:17,890 : INFO : EventManager : Event: ======'player_bonus_switches_count'====== Args={'value': 20, 'prev_value': 19, 'change': 1, 'player_num': 1, 'source': 'base'}
2026-05-17 15:21:17,890 : INFO : EventManager : Event: ======'bumpers_hit'====== Args={'shot': 'bumper_left'}
2026-05-17 15:21:17,890 : INFO : EventManager : Event: ======'bumpers_lit_hit'====== Args={'shot': 'bumper_left'}
2026-05-17 15:21:17,890 : INFO : EventManager : Event: ======'player_score'====== Args={'value': 202000, 'prev_value': 201000, 'change': 1000, 'player_num': 1, 'source': 'bumpers'}
2026-05-17 15:21:17,904 : INFO : SwitchController : <<<<<<< 's_bumper_left' inactive >>>>>>>
2026-05-17 15:21:17,966 : INFO : SwitchController : <<<<<<< 's_bumper_right' active >>>>>>>
2026-05-17 15:21:17,966 : INFO : EventManager : Event: ======'s_bumper_right_active'====== Args={}
2026-05-17 15:21:17,966 : INFO : EventManager : Event: ======'sw_playfield_active'====== Args={}
2026-05-17 15:21:17,966 : INFO : EventManager : Event: ======'machine_var_audits_switches_s_bumper_right'====== Args={'value': 8991, 'prev_value': 8990, 'change': 1}
2026-05-17 15:21:17,968 : INFO : EventManager : Event: ======'machine_var_audits_shots_bumper_right'====== Args={'value': 8985, 'prev_value': 8984, 'change': 1}
2026-05-17 15:21:17,968 : INFO : EventManager : Event: ======'bumper_right_hit'====== Args={'profile': 'default', 'state': 'lit', 'advancing': False}
2026-05-17 15:21:17,968 : INFO : EventManager : Event: ======'bumper_right_default_hit'====== Args={'profile': 'default', 'state': 'lit', 'advancing': False}
2026-05-17 15:21:17,969 : INFO : EventManager : Event: ======'bumper_right_default_lit_hit'====== Args={'profile': 'default', 'state': 'lit', 'advancing': False}
2026-05-17 15:21:17,969 : INFO : EventManager : Event: ======'bumper_right_lit_hit'====== Args={'profile': 'default', 'state': 'lit', 'advancing': False}
2026-05-17 15:21:17,969 : INFO : EventManager : Event: ======'player_pop_bumper_hits_total'====== Args={'value': 18, 'prev_value': 17, 'change': 1, 'player_num': 1, 'source': 'hard_deck_qualifiers'}
2026-05-17 15:21:17,969 : INFO : EventManager : Event: ======'player_score'====== Args={'value': 203000, 'prev_value': 202000, 'change': 1000, 'player_num': 1, 'source': 'base'}
2026-05-17 15:21:17,969 : INFO : EventManager : Event: ======'player_bonus_switches_count'====== Args={'value': 21, 'prev_value': 20, 'change': 1, 'player_num': 1, 'source': 'base'}
2026-05-17 15:21:17,969 : INFO : EventManager : Event: ======'bumpers_hit'====== Args={'shot': 'bumper_right'}
2026-05-17 15:21:17,970 : INFO : EventManager : Event: ======'bumpers_lit_hit'====== Args={'shot': 'bumper_right'}
2026-05-17 15:21:17,970 : INFO : EventManager : Event: ======'player_score'====== Args={'value': 204000, 'prev_value': 203000, 'change': 1000, 'player_num': 1, 'source': 'bumpers'}
2026-05-17 15:21:17,982 : INFO : SwitchController : <<<<<<< 's_bumper_right' inactive >>>>>>>
2026-05-17 15:21:18,045 : INFO : EventManager : Event: ======'player_ball_save_ball_save_countdown_tick'====== Args={'value': 15, 'prev_value': 16, 'change': -1, 'player_num': 1}
2026-05-17 15:21:18,045 : INFO : EventManager : Event: ======'timer_ball_save_countdown_tick'====== Args={'ticks': 15, 'ticks_remaining': 15}
2026-05-17 15:21:18,046 : INFO : EventManager : Event: ======'ball_save_flash_slow'====== Args={'priority': 0}
2026-05-17 15:21:18,046 : INFO : EventManager : Event: ======'player_ball_save_time_remaining'====== Args={'value': 15, 'prev_value': 16, 'change': -1, 'player_num': 1, 'source': 'ball_save'}
2026-05-17 15:21:18,060 : INFO : SwitchController : <<<<<<< 's_bumper_left' active >>>>>>>
2026-05-17 15:21:18,060 : INFO : EventManager : Event: ======'s_bumper_left_active'====== Args={}
2026-05-17 15:21:18,060 : INFO : EventManager : Event: ======'sw_playfield_active'====== Args={}
2026-05-17 15:21:18,060 : INFO : EventManager : Event: ======'machine_var_audits_switches_s_bumper_left'====== Args={'value': 11494, 'prev_value': 11493, 'change': 1}
2026-05-17 15:21:18,061 : INFO : EventManager : Event: ======'machine_var_audits_shots_bumper_left'====== Args={'value': 11463, 'prev_value': 11462, 'change': 1}
2026-05-17 15:21:18,061 : INFO : EventManager : Event: ======'bumper_left_hit'====== Args={'profile': 'default', 'state': 'lit', 'advancing': False}
2026-05-17 15:21:18,061 : INFO : EventManager : Event: ======'bumper_left_default_hit'====== Args={'profile': 'default', 'state': 'lit', 'advancing': False}
2026-05-17 15:21:18,061 : INFO : EventManager : Event: ======'bumper_left_default_lit_hit'====== Args={'profile': 'default', 'state': 'lit', 'advancing': False}
2026-05-17 15:21:18,061 : INFO : EventManager : Event: ======'bumper_left_lit_hit'====== Args={'profile': 'default', 'state': 'lit', 'advancing': False}
2026-05-17 15:21:18,061 : INFO : EventManager : Event: ======'player_pop_bumper_hits_total'====== Args={'value': 19, 'prev_value': 18, 'change': 1, 'player_num': 1, 'source': 'hard_deck_qualifiers'}
2026-05-17 15:21:18,063 : INFO : EventManager : Event: ======'player_score'====== Args={'value': 205000, 'prev_value': 204000, 'change': 1000, 'player_num': 1, 'source': 'base'}
2026-05-17 15:21:18,063 : INFO : EventManager : Event: ======'player_bonus_switches_count'====== Args={'value': 22, 'prev_value': 21, 'change': 1, 'player_num': 1, 'source': 'base'}
2026-05-17 15:21:18,063 : INFO : EventManager : Event: ======'bumpers_hit'====== Args={'shot': 'bumper_left'}
2026-05-17 15:21:18,063 : INFO : EventManager : Event: ======'bumpers_lit_hit'====== Args={'shot': 'bumper_left'}
2026-05-17 15:21:18,063 : INFO : EventManager : Event: ======'player_score'====== Args={'value': 206000, 'prev_value': 205000, 'change': 1000, 'player_num': 1, 'source': 'bumpers'}
2026-05-17 15:21:18,092 : INFO : SwitchController : <<<<<<< 's_bumper_left' inactive >>>>>>>
2026-05-17 15:21:18,593 : INFO : SwitchController : <<<<<<< 's_bumper_left' active >>>>>>>
2026-05-17 15:21:18,593 : INFO : EventManager : Event: ======'s_bumper_left_active'====== Args={}
2026-05-17 15:21:18,593 : INFO : EventManager : Event: ======'sw_playfield_active'====== Args={}
2026-05-17 15:21:18,593 : INFO : EventManager : Event: ======'machine_var_audits_switches_s_bumper_left'====== Args={'value': 11495, 'prev_value': 11494, 'change': 1}
2026-05-17 15:21:18,594 : INFO : EventManager : Event: ======'machine_var_audits_shots_bumper_left'====== Args={'value': 11464, 'prev_value': 11463, 'change': 1}
2026-05-17 15:21:18,594 : INFO : EventManager : Event: ======'bumper_left_hit'====== Args={'profile': 'default', 'state': 'lit', 'advancing': False}
2026-05-17 15:21:18,595 : INFO : EventManager : Event: ======'bumper_left_default_hit'====== Args={'profile': 'default', 'state': 'lit', 'advancing': False}
2026-05-17 15:21:18,595 : INFO : EventManager : Event: ======'bumper_left_default_lit_hit'====== Args={'profile': 'default', 'state': 'lit', 'advancing': False}
2026-05-17 15:21:18,595 : INFO : EventManager : Event: ======'bumper_left_lit_hit'====== Args={'profile': 'default', 'state': 'lit', 'advancing': False}
2026-05-17 15:21:18,595 : INFO : EventManager : Event: ======'player_pop_bumper_hits_total'====== Args={'value': 20, 'prev_value': 19, 'change': 1, 'player_num': 1, 'source': 'hard_deck_qualifiers'}
2026-05-17 15:21:18,595 : INFO : EventManager : Event: ======'player_score'====== Args={'value': 207000, 'prev_value': 206000, 'change': 1000, 'player_num': 1, 'source': 'base'}
2026-05-17 15:21:18,595 : INFO : EventManager : Event: ======'player_bonus_switches_count'====== Args={'value': 23, 'prev_value': 22, 'change': 1, 'player_num': 1, 'source': 'base'}
2026-05-17 15:21:18,595 : INFO : EventManager : Event: ======'bumpers_hit'====== Args={'shot': 'bumper_left'}
2026-05-17 15:21:18,595 : INFO : EventManager : Event: ======'bumpers_lit_hit'====== Args={'shot': 'bumper_left'}
2026-05-17 15:21:18,595 : INFO : EventManager : Event: ======'player_score'====== Args={'value': 208000, 'prev_value': 207000, 'change': 1000, 'player_num': 1, 'source': 'bumpers'}
2026-05-17 15:21:18,625 : INFO : SwitchController : <<<<<<< 's_bumper_left' inactive >>>>>>>
2026-05-17 15:21:19,047 : INFO : EventManager : Event: ======'player_ball_save_ball_save_countdown_tick'====== Args={'value': 14, 'prev_value': 15, 'change': -1, 'player_num': 1}
2026-05-17 15:21:19,048 : INFO : EventManager : Event: ======'timer_ball_save_countdown_tick'====== Args={'ticks': 14, 'ticks_remaining': 14}
2026-05-17 15:21:19,048 : INFO : SwitchController : <<<<<<< 's_bumper_left' active >>>>>>>
2026-05-17 15:21:19,048 : INFO : EventManager : Event: ======'s_bumper_left_active'====== Args={}
2026-05-17 15:21:19,048 : INFO : EventManager : Event: ======'sw_playfield_active'====== Args={}
2026-05-17 15:21:19,049 : INFO : EventManager : Event: ======'machine_var_audits_switches_s_bumper_left'====== Args={'value': 11496, 'prev_value': 11495, 'change': 1}
2026-05-17 15:21:19,049 : INFO : EventManager : Event: ======'ball_save_flash_slow'====== Args={'priority': 0}
2026-05-17 15:21:19,049 : INFO : EventManager : Event: ======'player_ball_save_time_remaining'====== Args={'value': 14, 'prev_value': 15, 'change': -1, 'player_num': 1, 'source': 'ball_save'}
2026-05-17 15:21:19,050 : INFO : EventManager : Event: ======'machine_var_audits_shots_bumper_left'====== Args={'value': 11465, 'prev_value': 11464, 'change': 1}
2026-05-17 15:21:19,050 : INFO : EventManager : Event: ======'bumper_left_hit'====== Args={'profile': 'default', 'state': 'lit', 'advancing': False}
2026-05-17 15:21:19,050 : INFO : EventManager : Event: ======'bumper_left_default_hit'====== Args={'profile': 'default', 'state': 'lit', 'advancing': False}
2026-05-17 15:21:19,050 : INFO : EventManager : Event: ======'bumper_left_default_lit_hit'====== Args={'profile': 'default', 'state': 'lit', 'advancing': False}
2026-05-17 15:21:19,050 : INFO : EventManager : Event: ======'bumper_left_lit_hit'====== Args={'profile': 'default', 'state': 'lit', 'advancing': False}
2026-05-17 15:21:19,050 : INFO : EventManager : Event: ======'player_pop_bumper_hits_total'====== Args={'value': 21, 'prev_value': 20, 'change': 1, 'player_num': 1, 'source': 'hard_deck_qualifiers'}
2026-05-17 15:21:19,050 : INFO : EventManager : Event: ======'player_score'====== Args={'value': 209000, 'prev_value': 208000, 'change': 1000, 'player_num': 1, 'source': 'base'}
2026-05-17 15:21:19,050 : INFO : EventManager : Event: ======'player_bonus_switches_count'====== Args={'value': 24, 'prev_value': 23, 'change': 1, 'player_num': 1, 'source': 'base'}
2026-05-17 15:21:19,051 : INFO : EventManager : Event: ======'bumpers_hit'====== Args={'shot': 'bumper_left'}
2026-05-17 15:21:19,051 : INFO : EventManager : Event: ======'bumpers_lit_hit'====== Args={'shot': 'bumper_left'}
2026-05-17 15:21:19,051 : INFO : EventManager : Event: ======'player_score'====== Args={'value': 210000, 'prev_value': 209000, 'change': 1000, 'player_num': 1, 'source': 'bumpers'}
2026-05-17 15:21:19,063 : INFO : SwitchController : <<<<<<< 's_bumper_left' inactive >>>>>>>
2026-05-17 15:21:19,125 : INFO : SwitchController : <<<<<<< 's_bumper_center' active >>>>>>>
2026-05-17 15:21:19,126 : INFO : EventManager : Event: ======'s_bumper_center_active'====== Args={}
2026-05-17 15:21:19,126 : INFO : EventManager : Event: ======'sw_playfield_active'====== Args={}
2026-05-17 15:21:19,126 : INFO : EventManager : Event: ======'machine_var_audits_switches_s_bumper_center'====== Args={'value': 9030, 'prev_value': 9029, 'change': 1}
2026-05-17 15:21:19,127 : INFO : EventManager : Event: ======'machine_var_audits_shots_bumper_center'====== Args={'value': 9010, 'prev_value': 9009, 'change': 1}
2026-05-17 15:21:19,127 : INFO : EventManager : Event: ======'bumper_center_hit'====== Args={'profile': 'default', 'state': 'lit', 'advancing': False}
2026-05-17 15:21:19,127 : INFO : EventManager : Event: ======'bumper_center_default_hit'====== Args={'profile': 'default', 'state': 'lit', 'advancing': False}
2026-05-17 15:21:19,127 : INFO : EventManager : Event: ======'bumper_center_default_lit_hit'====== Args={'profile': 'default', 'state': 'lit', 'advancing': False}
2026-05-17 15:21:19,129 : INFO : EventManager : Event: ======'bumper_center_lit_hit'====== Args={'profile': 'default', 'state': 'lit', 'advancing': False}
2026-05-17 15:21:19,129 : INFO : EventManager : Event: ======'player_pop_bumper_hits_total'====== Args={'value': 22, 'prev_value': 21, 'change': 1, 'player_num': 1, 'source': 'hard_deck_qualifiers'}
2026-05-17 15:21:19,129 : INFO : EventManager : Event: ======'player_score'====== Args={'value': 211000, 'prev_value': 210000, 'change': 1000, 'player_num': 1, 'source': 'base'}
2026-05-17 15:21:19,129 : INFO : EventManager : Event: ======'player_bonus_switches_count'====== Args={'value': 25, 'prev_value': 24, 'change': 1, 'player_num': 1, 'source': 'base'}
2026-05-17 15:21:19,129 : INFO : EventManager : Event: ======'bumpers_hit'====== Args={'shot': 'bumper_center'}
2026-05-17 15:21:19,129 : INFO : EventManager : Event: ======'bumpers_lit_hit'====== Args={'shot': 'bumper_center'}
2026-05-17 15:21:19,129 : INFO : EventManager : Event: ======'player_score'====== Args={'value': 212000, 'prev_value': 211000, 'change': 1000, 'player_num': 1, 'source': 'bumpers'}
2026-05-17 15:21:19,141 : INFO : SwitchController : <<<<<<< 's_bumper_center' inactive >>>>>>>
2026-05-17 15:21:19,203 : INFO : SwitchController : <<<<<<< 's_bumper_left' active >>>>>>>
2026-05-17 15:21:19,203 : INFO : EventManager : Event: ======'s_bumper_left_active'====== Args={}
2026-05-17 15:21:19,203 : INFO : EventManager : Event: ======'sw_playfield_active'====== Args={}
2026-05-17 15:21:19,203 : INFO : EventManager : Event: ======'machine_var_audits_switches_s_bumper_left'====== Args={'value': 11497, 'prev_value': 11496, 'change': 1}
2026-05-17 15:21:19,204 : INFO : EventManager : Event: ======'machine_var_audits_shots_bumper_left'====== Args={'value': 11466, 'prev_value': 11465, 'change': 1}
2026-05-17 15:21:19,204 : INFO : EventManager : Event: ======'bumper_left_hit'====== Args={'profile': 'default', 'state': 'lit', 'advancing': False}
2026-05-17 15:21:19,204 : INFO : EventManager : Event: ======'bumper_left_default_hit'====== Args={'profile': 'default', 'state': 'lit', 'advancing': False}
2026-05-17 15:21:19,204 : INFO : EventManager : Event: ======'bumper_left_default_lit_hit'====== Args={'profile': 'default', 'state': 'lit', 'advancing': False}
2026-05-17 15:21:19,204 : INFO : EventManager : Event: ======'bumper_left_lit_hit'====== Args={'profile': 'default', 'state': 'lit', 'advancing': False}
2026-05-17 15:21:19,204 : INFO : EventManager : Event: ======'player_pop_bumper_hits_total'====== Args={'value': 23, 'prev_value': 22, 'change': 1, 'player_num': 1, 'source': 'hard_deck_qualifiers'}
2026-05-17 15:21:19,205 : INFO : EventManager : Event: ======'player_score'====== Args={'value': 213000, 'prev_value': 212000, 'change': 1000, 'player_num': 1, 'source': 'base'}
2026-05-17 15:21:19,205 : INFO : EventManager : Event: ======'player_bonus_switches_count'====== Args={'value': 26, 'prev_value': 25, 'change': 1, 'player_num': 1, 'source': 'base'}
2026-05-17 15:21:19,205 : INFO : EventManager : Event: ======'bumpers_hit'====== Args={'shot': 'bumper_left'}
2026-05-17 15:21:19,205 : INFO : EventManager : Event: ======'bumpers_lit_hit'====== Args={'shot': 'bumper_left'}
2026-05-17 15:21:19,205 : INFO : EventManager : Event: ======'player_score'====== Args={'value': 214000, 'prev_value': 213000, 'change': 1000, 'player_num': 1, 'source': 'bumpers'}
2026-05-17 15:21:19,209 : INFO : EventManager : Event: ======'slide_mig_letter_two_removed'====== Args={'_from_bcp': True}
2026-05-17 15:21:19,218 : INFO : SwitchController : <<<<<<< 's_bumper_left' inactive >>>>>>>
2026-05-17 15:21:19,280 : INFO : SwitchController : <<<<<<< 's_bumper_center' active >>>>>>>
2026-05-17 15:21:19,280 : INFO : EventManager : Event: ======'s_bumper_center_active'====== Args={}
2026-05-17 15:21:19,280 : INFO : EventManager : Event: ======'sw_playfield_active'====== Args={}
2026-05-17 15:21:19,280 : INFO : EventManager : Event: ======'machine_var_audits_switches_s_bumper_center'====== Args={'value': 9031, 'prev_value': 9030, 'change': 1}
2026-05-17 15:21:19,281 : INFO : EventManager : Event: ======'machine_var_audits_shots_bumper_center'====== Args={'value': 9011, 'prev_value': 9010, 'change': 1}
2026-05-17 15:21:19,282 : INFO : EventManager : Event: ======'bumper_center_hit'====== Args={'profile': 'default', 'state': 'lit', 'advancing': False}
2026-05-17 15:21:19,282 : INFO : EventManager : Event: ======'bumper_center_default_hit'====== Args={'profile': 'default', 'state': 'lit', 'advancing': False}
2026-05-17 15:21:19,282 : INFO : EventManager : Event: ======'bumper_center_default_lit_hit'====== Args={'profile': 'default', 'state': 'lit', 'advancing': False}
2026-05-17 15:21:19,282 : INFO : EventManager : Event: ======'bumper_center_lit_hit'====== Args={'profile': 'default', 'state': 'lit', 'advancing': False}
2026-05-17 15:21:19,282 : INFO : EventManager : Event: ======'player_pop_bumper_hits_total'====== Args={'value': 24, 'prev_value': 23, 'change': 1, 'player_num': 1, 'source': 'hard_deck_qualifiers'}
2026-05-17 15:21:19,282 : INFO : EventManager : Event: ======'player_score'====== Args={'value': 215000, 'prev_value': 214000, 'change': 1000, 'player_num': 1, 'source': 'base'}
2026-05-17 15:21:19,282 : INFO : EventManager : Event: ======'player_bonus_switches_count'====== Args={'value': 27, 'prev_value': 26, 'change': 1, 'player_num': 1, 'source': 'base'}
2026-05-17 15:21:19,282 : INFO : EventManager : Event: ======'bumpers_hit'====== Args={'shot': 'bumper_center'}
2026-05-17 15:21:19,282 : INFO : EventManager : Event: ======'bumpers_lit_hit'====== Args={'shot': 'bumper_center'}
2026-05-17 15:21:19,284 : INFO : EventManager : Event: ======'player_score'====== Args={'value': 216000, 'prev_value': 215000, 'change': 1000, 'player_num': 1, 'source': 'bumpers'}
2026-05-17 15:21:19,312 : INFO : SwitchController : <<<<<<< 's_bumper_center' inactive >>>>>>>
2026-05-17 15:21:19,485 : INFO : SwitchController : <<<<<<< 's_bumper_left' active >>>>>>>
2026-05-17 15:21:19,485 : INFO : EventManager : Event: ======'s_bumper_left_active'====== Args={}
2026-05-17 15:21:19,485 : INFO : EventManager : Event: ======'sw_playfield_active'====== Args={}
2026-05-17 15:21:19,485 : INFO : EventManager : Event: ======'machine_var_audits_switches_s_bumper_left'====== Args={'value': 11498, 'prev_value': 11497, 'change': 1}
2026-05-17 15:21:19,486 : INFO : EventManager : Event: ======'machine_var_audits_shots_bumper_left'====== Args={'value': 11467, 'prev_value': 11466, 'change': 1}
2026-05-17 15:21:19,486 : INFO : EventManager : Event: ======'bumper_left_hit'====== Args={'profile': 'default', 'state': 'lit', 'advancing': False}
2026-05-17 15:21:19,486 : INFO : EventManager : Event: ======'bumper_left_default_hit'====== Args={'profile': 'default', 'state': 'lit', 'advancing': False}
2026-05-17 15:21:19,486 : INFO : EventManager : Event: ======'bumper_left_default_lit_hit'====== Args={'profile': 'default', 'state': 'lit', 'advancing': False}
2026-05-17 15:21:19,486 : INFO : EventManager : Event: ======'bumper_left_lit_hit'====== Args={'profile': 'default', 'state': 'lit', 'advancing': False}
2026-05-17 15:21:19,486 : INFO : EventManager : Event: ======'player_pop_bumper_hits_total'====== Args={'value': 25, 'prev_value': 24, 'change': 1, 'player_num': 1, 'source': 'hard_deck_qualifiers'}
2026-05-17 15:21:19,488 : INFO : EventManager : Event: ======'player_score'====== Args={'value': 217000, 'prev_value': 216000, 'change': 1000, 'player_num': 1, 'source': 'base'}
2026-05-17 15:21:19,488 : INFO : EventManager : Event: ======'player_bonus_switches_count'====== Args={'value': 28, 'prev_value': 27, 'change': 1, 'player_num': 1, 'source': 'base'}
2026-05-17 15:21:19,488 : INFO : EventManager : Event: ======'bumpers_hit'====== Args={'shot': 'bumper_left'}
2026-05-17 15:21:19,488 : INFO : EventManager : Event: ======'bumpers_lit_hit'====== Args={'shot': 'bumper_left'}
2026-05-17 15:21:19,488 : INFO : EventManager : Event: ======'player_score'====== Args={'value': 218000, 'prev_value': 217000, 'change': 1000, 'player_num': 1, 'source': 'bumpers'}
2026-05-17 15:21:19,488 : INFO : EventManager : Event: ======'hd_qualify_playing_with_the_boys'====== Args={'priority': 0}
2026-05-17 15:21:19,488 : INFO : EventManager : Event: ======'player_hd_ptb_qualified'====== Args={'value': 1, 'prev_value': 0, 'change': 1, 'player_num': 1, 'source': 'hard_deck_qualifiers'}
2026-05-17 15:21:19,516 : INFO : SwitchController : <<<<<<< 's_bumper_left' inactive >>>>>>>
2026-05-17 15:21:19,688 : INFO : SwitchController : <<<<<<< 's_bumper_center' active >>>>>>>
2026-05-17 15:21:19,688 : INFO : EventManager : Event: ======'s_bumper_center_active'====== Args={}
2026-05-17 15:21:19,688 : INFO : EventManager : Event: ======'sw_playfield_active'====== Args={}
2026-05-17 15:21:19,688 : INFO : EventManager : Event: ======'machine_var_audits_switches_s_bumper_center'====== Args={'value': 9032, 'prev_value': 9031, 'change': 1}
2026-05-17 15:21:19,689 : INFO : EventManager : Event: ======'machine_var_audits_shots_bumper_center'====== Args={'value': 9012, 'prev_value': 9011, 'change': 1}
2026-05-17 15:21:19,689 : INFO : EventManager : Event: ======'bumper_center_hit'====== Args={'profile': 'default', 'state': 'lit', 'advancing': False}
2026-05-17 15:21:19,689 : INFO : EventManager : Event: ======'bumper_center_default_hit'====== Args={'profile': 'default', 'state': 'lit', 'advancing': False}
2026-05-17 15:21:19,690 : INFO : EventManager : Event: ======'bumper_center_default_lit_hit'====== Args={'profile': 'default', 'state': 'lit', 'advancing': False}
2026-05-17 15:21:19,690 : INFO : EventManager : Event: ======'bumper_center_lit_hit'====== Args={'profile': 'default', 'state': 'lit', 'advancing': False}
2026-05-17 15:21:19,690 : INFO : EventManager : Event: ======'player_pop_bumper_hits_total'====== Args={'value': 26, 'prev_value': 25, 'change': 1, 'player_num': 1, 'source': 'hard_deck_qualifiers'}
2026-05-17 15:21:19,690 : INFO : EventManager : Event: ======'player_score'====== Args={'value': 219000, 'prev_value': 218000, 'change': 1000, 'player_num': 1, 'source': 'base'}
2026-05-17 15:21:19,690 : INFO : EventManager : Event: ======'player_bonus_switches_count'====== Args={'value': 29, 'prev_value': 28, 'change': 1, 'player_num': 1, 'source': 'base'}
2026-05-17 15:21:19,690 : INFO : EventManager : Event: ======'bumpers_hit'====== Args={'shot': 'bumper_center'}
2026-05-17 15:21:19,690 : INFO : EventManager : Event: ======'bumpers_lit_hit'====== Args={'shot': 'bumper_center'}
2026-05-17 15:21:19,691 : INFO : EventManager : Event: ======'player_score'====== Args={'value': 220000, 'prev_value': 219000, 'change': 1000, 'player_num': 1, 'source': 'bumpers'}
2026-05-17 15:21:19,719 : INFO : SwitchController : <<<<<<< 's_bumper_center' inactive >>>>>>>
2026-05-17 15:21:19,829 : INFO : SwitchController : <<<<<<< 's_mig_lane_left' active >>>>>>>
2026-05-17 15:21:19,829 : INFO : EventManager : Event: ======'s_mig_lane_left_active'====== Args={}
2026-05-17 15:21:19,829 : INFO : EventManager : Event: ======'sw_playfield_active'====== Args={}
2026-05-17 15:21:19,829 : INFO : EventManager : Event: ======'sw_playfield_active'====== Args={}
2026-05-17 15:21:19,829 : INFO : EventManager : Event: ======'machine_var_audits_switches_s_mig_lane_left'====== Args={'value': 3010, 'prev_value': 3009, 'change': 1}
2026-05-17 15:21:19,831 : INFO : EventManager : Event: ======'player_hd_sw_mig_left'====== Args={'value': 2, 'prev_value': 1, 'change': 1, 'player_num': 1, 'source': 'hard_deck_qualifiers'}
2026-05-17 15:21:19,831 : INFO : EventManager : Event: ======'player_score'====== Args={'value': 225000, 'prev_value': 220000, 'change': 5000, 'player_num': 1, 'source': 'base'}
2026-05-17 15:21:19,831 : INFO : EventManager : Event: ======'player_bonus_switches_count'====== Args={'value': 30, 'prev_value': 29, 'change': 1, 'player_num': 1, 'source': 'base'}
2026-05-17 15:21:19,832 : INFO : EventManager : Event: ======'player_hd_switches_completed'====== Args={'value': 4, 'prev_value': 3, 'change': 1, 'player_num': 1, 'source': 'hard_deck_qualifiers'}
2026-05-17 15:21:19,907 : INFO : SwitchController : <<<<<<< 's_mig_lane_left' inactive >>>>>>>
2026-05-17 15:21:20,048 : INFO : EventManager : Event: ======'player_ball_save_ball_save_countdown_tick'====== Args={'value': 13, 'prev_value': 14, 'change': -1, 'player_num': 1}
2026-05-17 15:21:20,048 : INFO : EventManager : Event: ======'timer_ball_save_countdown_tick'====== Args={'ticks': 13, 'ticks_remaining': 13}
2026-05-17 15:21:20,049 : INFO : EventManager : Event: ======'ball_save_flash_slow'====== Args={'priority': 0}
2026-05-17 15:21:20,049 : INFO : EventManager : Event: ======'player_ball_save_time_remaining'====== Args={'value': 13, 'prev_value': 14, 'change': -1, 'player_num': 1, 'source': 'ball_save'}
2026-05-17 15:21:20,378 : INFO : SwitchController : <<<<<<< 's_orbit_left' active >>>>>>>
2026-05-17 15:21:20,378 : INFO : EventManager : Event: ======'s_orbit_left_active'====== Args={}
2026-05-17 15:21:20,378 : INFO : EventManager : Event: ======'sw_playfield_active'====== Args={}
2026-05-17 15:21:20,378 : INFO : EventManager : Event: ======'machine_var_audits_switches_s_orbit_left'====== Args={'value': 8612, 'prev_value': 8611, 'change': 1}
2026-05-17 15:21:20,379 : INFO : EventManager : Event: ======'player_hd_sw_orbit_left'====== Args={'value': 1, 'prev_value': 0, 'change': 1, 'player_num': 1, 'source': 'hard_deck_qualifiers'}
2026-05-17 15:21:20,379 : INFO : EventManager : Event: ======'player_previous_switch_type'====== Args={'value': 1, 'prev_value': 0, 'change': 1, 'player_num': 1, 'source': 'pilot_mission_qualifier'}
2026-05-17 15:21:20,379 : INFO : EventManager : Event: ======'player_score'====== Args={'value': 233000, 'prev_value': 225000, 'change': 8000, 'player_num': 1, 'source': 'base'}
2026-05-17 15:21:20,380 : INFO : EventManager : Event: ======'player_bonus_switches_count'====== Args={'value': 31, 'prev_value': 30, 'change': 1, 'player_num': 1, 'source': 'base'}
2026-05-17 15:21:20,380 : INFO : Timer.left_orbit_shot_timeout : Starting Timer.
2026-05-17 15:21:20,380 : INFO : EventManager : Event: ======'timer_left_orbit_shot_timeout_started'====== Args={'ticks': 0, 'ticks_remaining': 3}
2026-05-17 15:21:20,380 : INFO : EventManager : Event: ======'timer_left_orbit_shot_timeout_tick'====== Args={'ticks': 0, 'ticks_remaining': 3}
2026-05-17 15:21:20,472 : INFO : SwitchController : <<<<<<< 's_orbit_left' inactive >>>>>>>
2026-05-17 15:21:21,047 : INFO : EventManager : Event: ======'player_ball_save_ball_save_countdown_tick'====== Args={'value': 12, 'prev_value': 13, 'change': -1, 'player_num': 1}
2026-05-17 15:21:21,047 : INFO : EventManager : Event: ======'timer_ball_save_countdown_tick'====== Args={'ticks': 12, 'ticks_remaining': 12}
2026-05-17 15:21:21,049 : INFO : EventManager : Event: ======'ball_save_flash_slow'====== Args={'priority': 0}
2026-05-17 15:21:21,049 : INFO : EventManager : Event: ======'player_ball_save_time_remaining'====== Args={'value': 12, 'prev_value': 13, 'change': -1, 'player_num': 1, 'source': 'ball_save'}
2026-05-17 15:21:21,094 : INFO : SwitchController : <<<<<<< 's_flipper_left' active >>>>>>>
2026-05-17 15:21:21,094 : INFO : EventManager : Event: ======'s_flipper_left_active'====== Args={}
2026-05-17 15:21:21,094 : INFO : EventManager : Event: ======'machine_var_audits_switches_s_flipper_left'====== Args={'value': 57374, 'prev_value': 57373, 'change': 1}
2026-05-17 15:21:21,095 : INFO : SwitchController : <<<<<<< 's_flipper_left_upper' active >>>>>>>
2026-05-17 15:21:21,095 : INFO : EventManager : Event: ======'machine_var_audits_switches_s_flipper_left_upper'====== Args={'value': 56685, 'prev_value': 56684, 'change': 1}
2026-05-17 15:21:21,096 : INFO : EventManager : Event: ======'goose_rotate_left_execute'====== Args={'priority': 0}
2026-05-17 15:21:21,096 : INFO : EventManager : Event: ======'player_goose_temp_g'====== Args={'value': 0, 'prev_value': 0, 'change': 0, 'player_num': 1, 'source': 'goose_letters'}
2026-05-17 15:21:21,096 : INFO : EventManager : Event: ======'player_goose_temp_o_left'====== Args={'value': 0, 'prev_value': 0, 'change': 0, 'player_num': 1, 'source': 'goose_letters'}
2026-05-17 15:21:21,096 : INFO : EventManager : Event: ======'player_goose_temp_e'====== Args={'value': 0, 'prev_value': 0, 'change': 0, 'player_num': 1, 'source': 'goose_letters'}
2026-05-17 15:21:21,096 : INFO : EventManager : Event: ======'player_goose_temp_o_right'====== Args={'value': 0, 'prev_value': 0, 'change': 0, 'player_num': 1, 'source': 'goose_letters'}
2026-05-17 15:21:21,096 : INFO : EventManager : Event: ======'player_goose_temp_s'====== Args={'value': 0, 'prev_value': 0, 'change': 0, 'player_num': 1, 'source': 'goose_letters'}
2026-05-17 15:21:21,096 : INFO : EventManager : Event: ======'player_missile_temp_g'====== Args={'value': 0, 'prev_value': 0, 'change': 0, 'player_num': 1, 'source': 'goose_letters'}
2026-05-17 15:21:21,096 : INFO : EventManager : Event: ======'player_missile_temp_o_left'====== Args={'value': 0, 'prev_value': 0, 'change': 0, 'player_num': 1, 'source': 'goose_letters'}
2026-05-17 15:21:21,096 : INFO : EventManager : Event: ======'player_missile_temp_e'====== Args={'value': 0, 'prev_value': 0, 'change': 0, 'player_num': 1, 'source': 'goose_letters'}
2026-05-17 15:21:21,097 : INFO : EventManager : Event: ======'player_missile_temp_o_right'====== Args={'value': 0, 'prev_value': 0, 'change': 0, 'player_num': 1, 'source': 'goose_letters'}
2026-05-17 15:21:21,097 : INFO : EventManager : Event: ======'player_missile_temp_s'====== Args={'value': 0, 'prev_value': 0, 'change': 0, 'player_num': 1, 'source': 'goose_letters'}
2026-05-17 15:21:21,097 : INFO : EventManager : Event: ======'mig_rotate_left_execute'====== Args={'priority': 0}
2026-05-17 15:21:21,097 : INFO : EventManager : Event: ======'player_mig_temp_m'====== Args={'value': 1, 'prev_value': 0, 'change': 1, 'player_num': 1, 'source': 'mig_letters'}
2026-05-17 15:21:21,097 : INFO : EventManager : Event: ======'player_mig_temp_i'====== Args={'value': 0, 'prev_value': 0, 'change': 0, 'player_num': 1, 'source': 'mig_letters'}
2026-05-17 15:21:21,097 : INFO : EventManager : Event: ======'player_mig_temp_g'====== Args={'value': 1, 'prev_value': 0, 'change': 1, 'player_num': 1, 'source': 'mig_letters'}
2026-05-17 15:21:21,097 : INFO : EventManager : Event: ======'ball_search_reset'====== Args={'priority': 0}
2026-05-17 15:21:21,097 : INFO : EventManager : Event: ======'player_goose_letter_g'====== Args={'value': 0, 'prev_value': 0, 'change': 0, 'player_num': 1, 'source': 'goose_letters'}
2026-05-17 15:21:21,097 : INFO : EventManager : Event: ======'player_goose_letter_o_left'====== Args={'value': 0, 'prev_value': 0, 'change': 0, 'player_num': 1, 'source': 'goose_letters'}
2026-05-17 15:21:21,098 : INFO : EventManager : Event: ======'player_goose_letter_o_right'====== Args={'value': 0, 'prev_value': 0, 'change': 0, 'player_num': 1, 'source': 'goose_letters'}
2026-05-17 15:21:21,098 : INFO : EventManager : Event: ======'player_goose_letter_s'====== Args={'value': 0, 'prev_value': 0, 'change': 0, 'player_num': 1, 'source': 'goose_letters'}
2026-05-17 15:21:21,098 : INFO : EventManager : Event: ======'player_goose_letter_e'====== Args={'value': 0, 'prev_value': 0, 'change': 0, 'player_num': 1, 'source': 'goose_letters'}
2026-05-17 15:21:21,098 : INFO : EventManager : Event: ======'player_missile_pos_g'====== Args={'value': 0, 'prev_value': 0, 'change': 0, 'player_num': 1, 'source': 'goose_letters'}
2026-05-17 15:21:21,098 : INFO : EventManager : Event: ======'player_missile_pos_o_left'====== Args={'value': 0, 'prev_value': 0, 'change': 0, 'player_num': 1, 'source': 'goose_letters'}
2026-05-17 15:21:21,098 : INFO : EventManager : Event: ======'player_missile_pos_o_right'====== Args={'value': 0, 'prev_value': 0, 'change': 0, 'player_num': 1, 'source': 'goose_letters'}
2026-05-17 15:21:21,098 : INFO : EventManager : Event: ======'player_missile_pos_s'====== Args={'value': 0, 'prev_value': 0, 'change': 0, 'player_num': 1, 'source': 'goose_letters'}
2026-05-17 15:21:21,098 : INFO : EventManager : Event: ======'player_missile_pos_e'====== Args={'value': 0, 'prev_value': 0, 'change': 0, 'player_num': 1, 'source': 'goose_letters'}
2026-05-17 15:21:21,099 : INFO : EventManager : Event: ======'player_mig_letter_m'====== Args={'value': 0, 'prev_value': 1, 'change': -1, 'player_num': 1, 'source': 'mig_letters'}
2026-05-17 15:21:21,099 : INFO : EventManager : Event: ======'player_mig_letter_i'====== Args={'value': 1, 'prev_value': 0, 'change': 1, 'player_num': 1, 'source': 'mig_letters'}
2026-05-17 15:21:21,110 : INFO : SwitchController : <<<<<<< 's_flipper_left_eos' active >>>>>>>
2026-05-17 15:21:21,110 : INFO : EventManager : Event: ======'machine_var_audits_switches_s_flipper_left_eos'====== Args={'value': 52099, 'prev_value': 52098, 'change': 1}
2026-05-17 15:21:21,126 : INFO : SwitchController : <<<<<<< 's_flipper_left_upper_eos' active >>>>>>>
2026-05-17 15:21:21,126 : INFO : EventManager : Event: ======'s_flipper_left_upper_eos_active'====== Args={}
2026-05-17 15:21:21,126 : INFO : EventManager : Event: ======'machine_var_audits_switches_s_flipper_left_upper_eos'====== Args={'value': 63820, 'prev_value': 63819, 'change': 1}
2026-05-17 15:21:21,127 : INFO : EventManager : Event: ======'player_previous_switch_type'====== Args={'value': 2, 'prev_value': 1, 'change': 1, 'player_num': 1, 'source': 'pilot_mission_qualifier'}
2026-05-17 15:21:21,157 : INFO : EventManager : Event: ======'slide_ejection_seat_qualified_removed'====== Args={'_from_bcp': True}
2026-05-17 15:21:21,166 : INFO : EventManager : Event: ======'start_bg_video'====== Args={'_from_bcp': True}
2026-05-17 15:21:21,166 : INFO : EventManager : Event: ======'new_video'====== Args={'_from_bcp': True}
2026-05-17 15:21:21,250 : INFO : SwitchController : <<<<<<< 's_flight_gear_target' active >>>>>>>
2026-05-17 15:21:21,250 : INFO : EventManager : Event: ======'s_flight_gear_target_active'====== Args={}
2026-05-17 15:21:21,250 : INFO : EventManager : Event: ======'sw_playfield_active'====== Args={}
2026-05-17 15:21:21,250 : INFO : EventManager : Event: ======'sw_playfield_active'====== Args={}
2026-05-17 15:21:21,250 : INFO : EventManager : Event: ======'machine_var_audits_switches_s_flight_gear_target'====== Args={'value': 3811, 'prev_value': 3810, 'change': 1}
2026-05-17 15:21:21,251 : INFO : SwitchController : <<<<<<< 's_flight_gear_target' inactive >>>>>>>
2026-05-17 15:21:21,252 : INFO : EventManager : Event: ======'player_hd_sw_flight_gear'====== Args={'value': 1, 'prev_value': 0, 'change': 1, 'player_num': 1, 'source': 'hard_deck_qualifiers'}
2026-05-17 15:21:21,252 : INFO : EventManager : Event: ======'player_score'====== Args={'value': 236000, 'prev_value': 233000, 'change': 3000, 'player_num': 1, 'source': 'base'}
2026-05-17 15:21:21,252 : INFO : EventManager : Event: ======'player_bonus_switches_count'====== Args={'value': 32, 'prev_value': 31, 'change': 1, 'player_num': 1, 'source': 'base'}
2026-05-17 15:21:21,374 : INFO : EventManager : Event: ======'player_pilot_mission_qualifier_left_orbit_shot_timeout_tick'====== Args={'value': 1, 'prev_value': 0, 'change': 1, 'player_num': 1}
2026-05-17 15:21:21,374 : INFO : EventManager : Event: ======'timer_left_orbit_shot_timeout_tick'====== Args={'ticks': 1, 'ticks_remaining': 2}
2026-05-17 15:21:21,375 : INFO : SwitchController : <<<<<<< 's_barrier_target' active >>>>>>>
2026-05-17 15:21:21,375 : INFO : EventManager : Event: ======'s_barrier_target_active'====== Args={}
2026-05-17 15:21:21,375 : INFO : EventManager : Event: ======'sw_playfield_active'====== Args={}
2026-05-17 15:21:21,375 : INFO : EventManager : Event: ======'sw_playfield_active'====== Args={}
2026-05-17 15:21:21,375 : INFO : EventManager : Event: ======'machine_var_audits_switches_s_barrier_target'====== Args={'value': 1481, 'prev_value': 1480, 'change': 1}
2026-05-17 15:21:21,375 : INFO : SwitchController : <<<<<<< 's_barrier_target' inactive >>>>>>>
2026-05-17 15:21:21,376 : INFO : EventManager : Event: ======'player_hd_sw_barrier'====== Args={'value': 1, 'prev_value': 0, 'change': 1, 'player_num': 1, 'source': 'hard_deck_qualifiers'}
2026-05-17 15:21:21,376 : INFO : EventManager : Event: ======'player_score'====== Args={'value': 239000, 'prev_value': 236000, 'change': 3000, 'player_num': 1, 'source': 'base'}
2026-05-17 15:21:21,376 : INFO : EventManager : Event: ======'player_bonus_switches_count'====== Args={'value': 33, 'prev_value': 32, 'change': 1, 'player_num': 1, 'source': 'base'}
2026-05-17 15:21:21,625 : INFO : EventManager : Event: ======'player_pilot_mission_qualifier_skillshot_video_running_tick'====== Args={'value': 1, 'prev_value': 0, 'change': 1, 'player_num': 1}
2026-05-17 15:21:21,625 : INFO : Timer.skillshot_video_running : Timer Complete
2026-05-17 15:21:21,625 : INFO : Timer.skillshot_video_running : Stopping Timer
2026-05-17 15:21:21,626 : INFO : EventManager : Event: ======'timer_skillshot_video_running_stopped'====== Args={'ticks': 1, 'ticks_remaining': 1}
2026-05-17 15:21:21,626 : INFO : EventManager : Event: ======'timer_skillshot_video_running_complete'====== Args={'ticks': 1, 'ticks_remaining': 1}
2026-05-17 15:21:21,656 : INFO : SwitchController : <<<<<<< 's_flipper_left_upper' inactive >>>>>>>
2026-05-17 15:21:21,656 : INFO : SwitchController : <<<<<<< 's_flipper_left' inactive >>>>>>>
2026-05-17 15:21:21,656 : INFO : EventManager : Event: ======'s_flipper_left_inactive'====== Args={}
2026-05-17 15:21:21,749 : INFO : SwitchController : <<<<<<< 's_flipper_left_eos' inactive >>>>>>>
2026-05-17 15:21:21,749 : INFO : SwitchController : <<<<<<< 's_flipper_left_upper_eos' inactive >>>>>>>
2026-05-17 15:21:21,921 : INFO : SwitchController : <<<<<<< 's_flipper_left' active >>>>>>>
2026-05-17 15:21:21,921 : INFO : EventManager : Event: ======'s_flipper_left_active'====== Args={}
2026-05-17 15:21:21,922 : INFO : EventManager : Event: ======'machine_var_audits_switches_s_flipper_left'====== Args={'value': 57375, 'prev_value': 57374, 'change': 1}
2026-05-17 15:21:21,923 : INFO : EventManager : Event: ======'goose_rotate_left_execute'====== Args={'priority': 0}
2026-05-17 15:21:21,923 : INFO : EventManager : Event: ======'mig_rotate_left_execute'====== Args={'priority': 0}
2026-05-17 15:21:21,923 : INFO : EventManager : Event: ======'player_mig_temp_m'====== Args={'value': 0, 'prev_value': 1, 'change': -1, 'player_num': 1, 'source': 'mig_letters'}
2026-05-17 15:21:21,923 : INFO : EventManager : Event: ======'player_mig_temp_i'====== Args={'value': 1, 'prev_value': 0, 'change': 1, 'player_num': 1, 'source': 'mig_letters'}
2026-05-17 15:21:21,923 : INFO : EventManager : Event: ======'ball_search_reset'====== Args={'priority': 0}
2026-05-17 15:21:21,923 : INFO : EventManager : Event: ======'player_mig_letter_m'====== Args={'value': 1, 'prev_value': 0, 'change': 1, 'player_num': 1, 'source': 'mig_letters'}
2026-05-17 15:21:21,923 : INFO : EventManager : Event: ======'player_mig_letter_g'====== Args={'value': 0, 'prev_value': 1, 'change': -1, 'player_num': 1, 'source': 'mig_letters'}
2026-05-17 15:21:21,925 : INFO : SwitchController : <<<<<<< 's_flipper_left_upper' active >>>>>>>
2026-05-17 15:21:21,925 : INFO : EventManager : Event: ======'machine_var_audits_switches_s_flipper_left_upper'====== Args={'value': 56686, 'prev_value': 56685, 'change': 1}
2026-05-17 15:21:21,952 : INFO : SwitchController : <<<<<<< 's_flipper_left_eos' active >>>>>>>
2026-05-17 15:21:21,952 : INFO : EventManager : Event: ======'machine_var_audits_switches_s_flipper_left_eos'====== Args={'value': 52100, 'prev_value': 52099, 'change': 1}
2026-05-17 15:21:21,952 : INFO : SwitchController : <<<<<<< 's_flipper_left_upper_eos' active >>>>>>>
2026-05-17 15:21:21,953 : INFO : EventManager : Event: ======'s_flipper_left_upper_eos_active'====== Args={}
2026-05-17 15:21:21,953 : INFO : EventManager : Event: ======'machine_var_audits_switches_s_flipper_left_upper_eos'====== Args={'value': 63821, 'prev_value': 63820, 'change': 1}
2026-05-17 15:21:22,046 : INFO : EventManager : Event: ======'player_ball_save_ball_save_countdown_tick'====== Args={'value': 11, 'prev_value': 12, 'change': -1, 'player_num': 1}
2026-05-17 15:21:22,047 : INFO : EventManager : Event: ======'timer_ball_save_countdown_tick'====== Args={'ticks': 11, 'ticks_remaining': 11}
2026-05-17 15:21:22,047 : INFO : EventManager : Event: ======'ball_save_flash_slow'====== Args={'priority': 0}
2026-05-17 15:21:22,047 : INFO : EventManager : Event: ======'player_ball_save_time_remaining'====== Args={'value': 11, 'prev_value': 12, 'change': -1, 'player_num': 1, 'source': 'ball_save'}
2026-05-17 15:21:22,201 : INFO : SwitchController : <<<<<<< 's_flipper_left_upper' inactive >>>>>>>
2026-05-17 15:21:22,201 : INFO : SwitchController : <<<<<<< 's_flipper_left' inactive >>>>>>>
2026-05-17 15:21:22,201 : INFO : EventManager : Event: ======'s_flipper_left_inactive'====== Args={}
2026-05-17 15:21:22,248 : INFO : SwitchController : <<<<<<< 's_flipper_right' active >>>>>>>
2026-05-17 15:21:22,248 : INFO : EventManager : Event: ======'s_flipper_right_active'====== Args={}
2026-05-17 15:21:22,249 : INFO : EventManager : Event: ======'machine_var_audits_switches_s_flipper_right'====== Args={'value': 55641, 'prev_value': 55640, 'change': 1}
2026-05-17 15:21:22,249 : INFO : EventManager : Event: ======'goose_rotate_right_execute'====== Args={'priority': 0}
2026-05-17 15:21:22,250 : INFO : EventManager : Event: ======'mig_rotate_right_execute'====== Args={'priority': 0}
2026-05-17 15:21:22,250 : INFO : EventManager : Event: ======'player_mig_temp_m'====== Args={'value': 1, 'prev_value': 0, 'change': 1, 'player_num': 1, 'source': 'mig_letters'}
2026-05-17 15:21:22,250 : INFO : EventManager : Event: ======'player_mig_temp_g'====== Args={'value': 0, 'prev_value': 1, 'change': -1, 'player_num': 1, 'source': 'mig_letters'}
2026-05-17 15:21:22,250 : INFO : EventManager : Event: ======'ball_search_reset'====== Args={'priority': 0}
2026-05-17 15:21:22,250 : INFO : EventManager : Event: ======'player_mig_letter_m'====== Args={'value': 0, 'prev_value': 1, 'change': -1, 'player_num': 1, 'source': 'mig_letters'}
2026-05-17 15:21:22,250 : INFO : EventManager : Event: ======'player_mig_letter_g'====== Args={'value': 1, 'prev_value': 0, 'change': 1, 'player_num': 1, 'source': 'mig_letters'}
2026-05-17 15:21:22,280 : INFO : SwitchController : <<<<<<< 's_flipper_left_upper_eos' inactive >>>>>>>
2026-05-17 15:21:22,281 : INFO : SwitchController : <<<<<<< 's_flipper_left_eos' inactive >>>>>>>
2026-05-17 15:21:22,281 : INFO : SwitchController : <<<<<<< 's_flipper_right_eos' active >>>>>>>
2026-05-17 15:21:22,281 : INFO : EventManager : Event: ======'machine_var_audits_switches_s_flipper_right_eos'====== Args={'value': 50057, 'prev_value': 50056, 'change': 1}
2026-05-17 15:21:22,374 : INFO : EventManager : Event: ======'player_pilot_mission_qualifier_left_orbit_shot_timeout_tick'====== Args={'value': 2, 'prev_value': 1, 'change': 1, 'player_num': 1}
2026-05-17 15:21:22,374 : INFO : EventManager : Event: ======'timer_left_orbit_shot_timeout_tick'====== Args={'ticks': 2, 'ticks_remaining': 1}
2026-05-17 15:21:22,903 : INFO : SwitchController : <<<<<<< 's_flipper_right' inactive >>>>>>>
2026-05-17 15:21:22,903 : INFO : EventManager : Event: ======'s_flipper_right_inactive'====== Args={}
2026-05-17 15:21:22,981 : INFO : SwitchController : <<<<<<< 's_flipper_right_eos' inactive >>>>>>>
2026-05-17 15:21:23,044 : INFO : EventManager : Event: ======'player_ball_save_ball_save_countdown_tick'====== Args={'value': 10, 'prev_value': 11, 'change': -1, 'player_num': 1}
2026-05-17 15:21:23,045 : INFO : EventManager : Event: ======'timer_ball_save_countdown_tick'====== Args={'ticks': 10, 'ticks_remaining': 10}
2026-05-17 15:21:23,045 : INFO : EventManager : Event: ======'ball_save_flash_slow'====== Args={'priority': 0}
2026-05-17 15:21:23,045 : INFO : EventManager : Event: ======'player_ball_save_time_remaining'====== Args={'value': 10, 'prev_value': 11, 'change': -1, 'player_num': 1, 'source': 'ball_save'}
2026-05-17 15:21:23,090 : INFO : SwitchController : <<<<<<< 's_flipper_left' active >>>>>>>
2026-05-17 15:21:23,090 : INFO : EventManager : Event: ======'s_flipper_left_active'====== Args={}
2026-05-17 15:21:23,090 : INFO : EventManager : Event: ======'machine_var_audits_switches_s_flipper_left'====== Args={'value': 57376, 'prev_value': 57375, 'change': 1}
2026-05-17 15:21:23,092 : INFO : EventManager : Event: ======'goose_rotate_left_execute'====== Args={'priority': 0}
2026-05-17 15:21:23,092 : INFO : EventManager : Event: ======'mig_rotate_left_execute'====== Args={'priority': 0}
2026-05-17 15:21:23,092 : INFO : EventManager : Event: ======'player_mig_temp_m'====== Args={'value': 0, 'prev_value': 1, 'change': -1, 'player_num': 1, 'source': 'mig_letters'}
2026-05-17 15:21:23,092 : INFO : EventManager : Event: ======'player_mig_temp_g'====== Args={'value': 1, 'prev_value': 0, 'change': 1, 'player_num': 1, 'source': 'mig_letters'}
2026-05-17 15:21:23,093 : INFO : EventManager : Event: ======'ball_search_reset'====== Args={'priority': 0}
2026-05-17 15:21:23,093 : INFO : EventManager : Event: ======'player_mig_letter_m'====== Args={'value': 1, 'prev_value': 0, 'change': 1, 'player_num': 1, 'source': 'mig_letters'}
2026-05-17 15:21:23,093 : INFO : EventManager : Event: ======'player_mig_letter_g'====== Args={'value': 0, 'prev_value': 1, 'change': -1, 'player_num': 1, 'source': 'mig_letters'}
2026-05-17 15:21:23,094 : INFO : SwitchController : <<<<<<< 's_flipper_left_upper' active >>>>>>>
2026-05-17 15:21:23,095 : INFO : EventManager : Event: ======'machine_var_audits_switches_s_flipper_left_upper'====== Args={'value': 56687, 'prev_value': 56686, 'change': 1}
2026-05-17 15:21:23,106 : INFO : SwitchController : <<<<<<< 's_i_iceman_target' active >>>>>>>
2026-05-17 15:21:23,106 : INFO : EventManager : Event: ======'s_i_iceman_target_active'====== Args={}
2026-05-17 15:21:23,106 : INFO : EventManager : Event: ======'sw_playfield_active'====== Args={}
2026-05-17 15:21:23,106 : INFO : EventManager : Event: ======'sw_playfield_active'====== Args={}
2026-05-17 15:21:23,106 : INFO : EventManager : Event: ======'machine_var_audits_switches_s_i_iceman_target'====== Args={'value': 2266, 'prev_value': 2265, 'change': 1}
2026-05-17 15:21:23,108 : INFO : EventManager : Event: ======'check_ice_man_complete'====== Args={'priority': 0}
2026-05-17 15:21:23,108 : INFO : EventManager : Event: ======'player_iceman_letter_i'====== Args={'value': 1, 'prev_value': 0, 'change': 1, 'player_num': 1, 'source': 'iceman_letters'}
2026-05-17 15:21:23,108 : INFO : EventManager : Event: ======'player_hd_sw_iceman_i'====== Args={'value': 1, 'prev_value': 0, 'change': 1, 'player_num': 1, 'source': 'hard_deck_qualifiers'}
2026-05-17 15:21:23,108 : INFO : EventManager : Event: ======'player_score'====== Args={'value': 241000, 'prev_value': 239000, 'change': 2000, 'player_num': 1, 'source': 'base'}
2026-05-17 15:21:23,109 : INFO : EventManager : Event: ======'player_bonus_switches_count'====== Args={'value': 34, 'prev_value': 33, 'change': 1, 'player_num': 1, 'source': 'base'}
2026-05-17 15:21:23,110 : INFO : SwitchController : <<<<<<< 's_i_iceman_target' inactive >>>>>>>
2026-05-17 15:21:23,122 : INFO : SwitchController : <<<<<<< 's_flipper_left_eos' active >>>>>>>
2026-05-17 15:21:23,122 : INFO : EventManager : Event: ======'machine_var_audits_switches_s_flipper_left_eos'====== Args={'value': 52101, 'prev_value': 52100, 'change': 1}
2026-05-17 15:21:23,123 : INFO : SwitchController : <<<<<<< 's_flipper_left_upper_eos' active >>>>>>>
2026-05-17 15:21:23,123 : INFO : EventManager : Event: ======'s_flipper_left_upper_eos_active'====== Args={}
2026-05-17 15:21:23,123 : INFO : EventManager : Event: ======'machine_var_audits_switches_s_flipper_left_upper_eos'====== Args={'value': 63822, 'prev_value': 63821, 'change': 1}
2026-05-17 15:21:23,374 : INFO : EventManager : Event: ======'player_pilot_mission_qualifier_left_orbit_shot_timeout_tick'====== Args={'value': 3, 'prev_value': 2, 'change': 1, 'player_num': 1}
2026-05-17 15:21:23,374 : INFO : Timer.left_orbit_shot_timeout : Timer Complete
2026-05-17 15:21:23,374 : INFO : Timer.left_orbit_shot_timeout : Stopping Timer
2026-05-17 15:21:23,375 : INFO : EventManager : Event: ======'timer_left_orbit_shot_timeout_stopped'====== Args={'ticks': 3, 'ticks_remaining': 1}
2026-05-17 15:21:23,375 : INFO : EventManager : Event: ======'timer_left_orbit_shot_timeout_complete'====== Args={'ticks': 3, 'ticks_remaining': 1}
2026-05-17 15:21:23,375 : INFO : SwitchController : <<<<<<< 's_flipper_left_upper' inactive >>>>>>>
2026-05-17 15:21:23,389 : INFO : SwitchController : <<<<<<< 's_flipper_left' inactive >>>>>>>
2026-05-17 15:21:23,389 : INFO : EventManager : Event: ======'s_flipper_left_inactive'====== Args={}
2026-05-17 15:21:23,468 : INFO : SwitchController : <<<<<<< 's_flipper_left_eos' inactive >>>>>>>
2026-05-17 15:21:23,468 : INFO : SwitchController : <<<<<<< 's_flipper_left_upper_eos' inactive >>>>>>>
2026-05-17 15:21:23,781 : INFO : SwitchController : <<<<<<< 's_slingshot_left' active >>>>>>>
2026-05-17 15:21:23,781 : INFO : EventManager : Event: ======'s_slingshot_left_active'====== Args={}
2026-05-17 15:21:23,781 : INFO : EventManager : Event: ======'sw_playfield_active'====== Args={}
2026-05-17 15:21:23,782 : INFO : EventManager : Event: ======'machine_var_audits_switches_s_slingshot_left'====== Args={'value': 6402, 'prev_value': 6401, 'change': 1}
2026-05-17 15:21:23,782 : INFO : SwitchController : <<<<<<< 's_slingshot_left' inactive >>>>>>>
2026-05-17 15:21:23,783 : INFO : EventManager : Event: ======'hd_reset_rotation_guard'====== Args={'priority': 0}
2026-05-17 15:21:23,783 : INFO : EventManager : Event: ======'rotate_hard_deck_mode'====== Args={'priority': 0}
2026-05-17 15:21:23,783 : INFO : EventManager : Event: ======'player_hd_sw_sling_left'====== Args={'value': 1, 'prev_value': 0, 'change': 1, 'player_num': 1, 'source': 'hard_deck_qualifiers'}
2026-05-17 15:21:23,783 : INFO : EventManager : Event: ======'player_score'====== Args={'value': 241500, 'prev_value': 241000, 'change': 500, 'player_num': 1, 'source': 'base'}
2026-05-17 15:21:23,783 : INFO : EventManager : Event: ======'player_bonus_switches_count'====== Args={'value': 35, 'prev_value': 34, 'change': 1, 'player_num': 1, 'source': 'base'}
2026-05-17 15:21:23,783 : INFO : EventManager : Event: ======'player_hd_rotation_attempts'====== Args={'value': 0, 'prev_value': 0, 'change': 0, 'player_num': 1, 'source': 'hard_deck_qualifiers'}
2026-05-17 15:21:23,784 : INFO : EventManager : Event: ======'player_hd_rotation_attempts'====== Args={'value': 1, 'prev_value': 0, 'change': 1, 'player_num': 1, 'source': 'hard_deck_qualifiers'}
2026-05-17 15:21:23,784 : INFO : EventManager : Event: ======'player_hard_deck_qualified_mode'====== Args={'value': 2, 'prev_value': 1, 'change': 1, 'player_num': 1, 'source': 'hard_deck_qualifiers'}
2026-05-17 15:21:23,784 : INFO : EventManager : Event: ======'update_training_qual_lights'====== Args={'priority': 0}
2026-05-17 15:21:24,044 : INFO : EventManager : Event: ======'player_ball_save_ball_save_countdown_tick'====== Args={'value': 9, 'prev_value': 10, 'change': -1, 'player_num': 1}
2026-05-17 15:21:24,045 : INFO : EventManager : Event: ======'timer_ball_save_countdown_tick'====== Args={'ticks': 9, 'ticks_remaining': 9}
2026-05-17 15:21:24,045 : INFO : EventManager : Event: ======'ball_save_flash_slow'====== Args={'priority': 0}
2026-05-17 15:21:24,045 : INFO : EventManager : Event: ======'player_ball_save_time_remaining'====== Args={'value': 9, 'prev_value': 10, 'change': -1, 'player_num': 1, 'source': 'ball_save'}
2026-05-17 15:21:24,153 : INFO : SwitchController : <<<<<<< 's_slingshot_right' active >>>>>>>
2026-05-17 15:21:24,153 : INFO : EventManager : Event: ======'s_slingshot_right_active'====== Args={}
2026-05-17 15:21:24,154 : INFO : EventManager : Event: ======'sw_playfield_active'====== Args={}
2026-05-17 15:21:24,154 : INFO : EventManager : Event: ======'machine_var_audits_switches_s_slingshot_right'====== Args={'value': 4559, 'prev_value': 4558, 'change': 1}
2026-05-17 15:21:24,156 : INFO : EventManager : Event: ======'hd_reset_rotation_guard'====== Args={'priority': 0}
2026-05-17 15:21:24,156 : INFO : EventManager : Event: ======'rotate_hard_deck_mode'====== Args={'priority': 0}
2026-05-17 15:21:24,156 : INFO : EventManager : Event: ======'player_hd_sw_sling_right'====== Args={'value': 1, 'prev_value': 0, 'change': 1, 'player_num': 1, 'source': 'hard_deck_qualifiers'}
2026-05-17 15:21:24,156 : INFO : EventManager : Event: ======'player_score'====== Args={'value': 242000, 'prev_value': 241500, 'change': 500, 'player_num': 1, 'source': 'base'}
2026-05-17 15:21:24,156 : INFO : EventManager : Event: ======'player_bonus_switches_count'====== Args={'value': 36, 'prev_value': 35, 'change': 1, 'player_num': 1, 'source': 'base'}
2026-05-17 15:21:24,156 : INFO : EventManager : Event: ======'player_hd_rotation_attempts'====== Args={'value': 0, 'prev_value': 1, 'change': -1, 'player_num': 1, 'source': 'hard_deck_qualifiers'}
2026-05-17 15:21:24,157 : INFO : EventManager : Event: ======'player_hd_rotation_attempts'====== Args={'value': 1, 'prev_value': 0, 'change': 1, 'player_num': 1, 'source': 'hard_deck_qualifiers'}
2026-05-17 15:21:24,157 : INFO : EventManager : Event: ======'player_hard_deck_qualified_mode'====== Args={'value': 3, 'prev_value': 2, 'change': 1, 'player_num': 1, 'source': 'hard_deck_qualifiers'}
2026-05-17 15:21:24,157 : INFO : EventManager : Event: ======'rotate_hard_deck_mode'====== Args={'priority': 0}
2026-05-17 15:21:24,157 : INFO : EventManager : Event: ======'update_training_qual_lights'====== Args={'priority': 0}
2026-05-17 15:21:24,157 : INFO : EventManager : Event: ======'player_hd_rotation_attempts'====== Args={'value': 2, 'prev_value': 1, 'change': 1, 'player_num': 1, 'source': 'hard_deck_qualifiers'}
2026-05-17 15:21:24,158 : INFO : EventManager : Event: ======'player_hard_deck_qualified_mode'====== Args={'value': 4, 'prev_value': 3, 'change': 1, 'player_num': 1, 'source': 'hard_deck_qualifiers'}
2026-05-17 15:21:24,158 : INFO : EventManager : Event: ======'rotate_hard_deck_mode'====== Args={'priority': 0}
2026-05-17 15:21:24,158 : INFO : EventManager : Event: ======'update_training_qual_lights'====== Args={'priority': 0}
2026-05-17 15:21:24,158 : INFO : EventManager : Event: ======'player_hd_rotation_attempts'====== Args={'value': 3, 'prev_value': 2, 'change': 1, 'player_num': 1, 'source': 'hard_deck_qualifiers'}
2026-05-17 15:21:24,158 : INFO : EventManager : Event: ======'player_hard_deck_qualified_mode'====== Args={'value': 5, 'prev_value': 4, 'change': 1, 'player_num': 1, 'source': 'hard_deck_qualifiers'}
2026-05-17 15:21:24,158 : INFO : EventManager : Event: ======'player_hard_deck_qualified_mode'====== Args={'value': 1, 'prev_value': 5, 'change': -4, 'player_num': 1, 'source': 'hard_deck_qualifiers'}
2026-05-17 15:21:24,158 : INFO : EventManager : Event: ======'update_training_qual_lights'====== Args={'priority': 0}
2026-05-17 15:21:24,159 : INFO : EventManager : Event: ======'update_training_qual_lights'====== Args={'priority': 0}
2026-05-17 15:21:24,162 : INFO : SwitchController : <<<<<<< 's_slingshot_right' inactive >>>>>>>
2026-05-17 15:21:25,044 : INFO : EventManager : Event: ======'player_ball_save_ball_save_countdown_tick'====== Args={'value': 8, 'prev_value': 9, 'change': -1, 'player_num': 1}
2026-05-17 15:21:25,044 : INFO : EventManager : Event: ======'timer_ball_save_countdown_tick'====== Args={'ticks': 8, 'ticks_remaining': 8}
2026-05-17 15:21:25,045 : INFO : EventManager : Event: ======'ball_save_flash_medium_slow'====== Args={'priority': 0}
2026-05-17 15:21:25,045 : INFO : EventManager : Event: ======'player_ball_save_time_remaining'====== Args={'value': 8, 'prev_value': 9, 'change': -1, 'player_num': 1, 'source': 'ball_save'}
2026-05-17 15:21:26,043 : INFO : EventManager : Event: ======'player_ball_save_ball_save_countdown_tick'====== Args={'value': 7, 'prev_value': 8, 'change': -1, 'player_num': 1}
2026-05-17 15:21:26,043 : INFO : EventManager : Event: ======'timer_ball_save_countdown_tick'====== Args={'ticks': 7, 'ticks_remaining': 7}
2026-05-17 15:21:26,044 : INFO : EventManager : Event: ======'ball_save_flash_medium_slow'====== Args={'priority': 0}
2026-05-17 15:21:26,044 : INFO : EventManager : Event: ======'player_ball_save_time_remaining'====== Args={'value': 7, 'prev_value': 8, 'change': -1, 'player_num': 1, 'source': 'ball_save'}
2026-05-17 15:21:27,045 : INFO : EventManager : Event: ======'player_ball_save_ball_save_countdown_tick'====== Args={'value': 6, 'prev_value': 7, 'change': -1, 'player_num': 1}
2026-05-17 15:21:27,045 : INFO : EventManager : Event: ======'timer_ball_save_countdown_tick'====== Args={'ticks': 6, 'ticks_remaining': 6}
2026-05-17 15:21:27,046 : INFO : EventManager : Event: ======'ball_save_flash_medium'====== Args={'priority': 0}
2026-05-17 15:21:27,046 : INFO : EventManager : Event: ======'player_ball_save_time_remaining'====== Args={'value': 6, 'prev_value': 7, 'change': -1, 'player_num': 1, 'source': 'ball_save'}
2026-05-17 15:21:27,484 : INFO : SwitchController : <<<<<<< 's_orbit_left' active >>>>>>>
2026-05-17 15:21:27,484 : INFO : EventManager : Event: ======'s_orbit_left_active'====== Args={}
2026-05-17 15:21:27,484 : INFO : EventManager : Event: ======'sw_playfield_active'====== Args={}
2026-05-17 15:21:27,484 : INFO : EventManager : Event: ======'machine_var_audits_switches_s_orbit_left'====== Args={'value': 8613, 'prev_value': 8612, 'change': 1}
2026-05-17 15:21:27,486 : INFO : EventManager : Event: ======'player_hd_sw_orbit_left'====== Args={'value': 2, 'prev_value': 1, 'change': 1, 'player_num': 1, 'source': 'hard_deck_qualifiers'}
2026-05-17 15:21:27,486 : INFO : EventManager : Event: ======'player_previous_switch_type'====== Args={'value': 1, 'prev_value': 2, 'change': -1, 'player_num': 1, 'source': 'pilot_mission_qualifier'}
2026-05-17 15:21:27,486 : INFO : EventManager : Event: ======'player_score'====== Args={'value': 250000, 'prev_value': 242000, 'change': 8000, 'player_num': 1, 'source': 'base'}
2026-05-17 15:21:27,487 : INFO : EventManager : Event: ======'player_bonus_switches_count'====== Args={'value': 37, 'prev_value': 36, 'change': 1, 'player_num': 1, 'source': 'base'}
2026-05-17 15:21:27,487 : INFO : EventManager : Event: ======'player_pilot_mission_qualifier_left_orbit_shot_timeout_tick'====== Args={'value': 0, 'prev_value': 3, 'change': -3, 'player_num': 1}
2026-05-17 15:21:27,487 : INFO : Timer.left_orbit_shot_timeout : Starting Timer.
2026-05-17 15:21:27,487 : INFO : EventManager : Event: ======'timer_left_orbit_shot_timeout_started'====== Args={'ticks': 0, 'ticks_remaining': 3}
2026-05-17 15:21:27,487 : INFO : EventManager : Event: ======'timer_left_orbit_shot_timeout_tick'====== Args={'ticks': 0, 'ticks_remaining': 3}
2026-05-17 15:21:27,487 : INFO : EventManager : Event: ======'player_hd_switches_completed'====== Args={'value': 5, 'prev_value': 4, 'change': 1, 'player_num': 1, 'source': 'hard_deck_qualifiers'}
2026-05-17 15:21:27,500 : INFO : SwitchController : <<<<<<< 's_orbit_left' inactive >>>>>>>
2026-05-17 15:21:27,769 : INFO : SwitchController : <<<<<<< 's_orbit_right' active >>>>>>>
2026-05-17 15:21:27,769 : INFO : EventManager : Event: ======'s_orbit_right_active'====== Args={}
2026-05-17 15:21:27,769 : INFO : EventManager : Event: ======'sw_playfield_active'====== Args={}
2026-05-17 15:21:27,769 : INFO : EventManager : Event: ======'machine_var_audits_switches_s_orbit_right'====== Args={'value': 7071, 'prev_value': 7070, 'change': 1}
2026-05-17 15:21:27,770 : INFO : EventManager : Event: ======'restart_right_orbit_lockout_timer'====== Args={'priority': 0}
2026-05-17 15:21:27,770 : INFO : EventManager : Event: ======'player_right_post_locked_out'====== Args={'value': 1, 'prev_value': 0, 'change': 1, 'player_num': 1, 'source': 'iceman_letters'}
2026-05-17 15:21:27,770 : INFO : EventManager : Event: ======'player_hd_sw_orbit_right'====== Args={'value': 2, 'prev_value': 1, 'change': 1, 'player_num': 1, 'source': 'hard_deck_qualifiers'}
2026-05-17 15:21:27,770 : INFO : EventManager : Event: ======'left_orbit_shot_hit'====== Args={'priority': 0}
2026-05-17 15:21:27,770 : INFO : EventManager : Event: ======'timer_left_orbit_shot_timeout_stop'====== Args={'priority': 0}
2026-05-17 15:21:27,770 : INFO : EventManager : Event: ======'player_previous_switch_type'====== Args={'value': 0, 'prev_value': 1, 'change': -1, 'player_num': 1, 'source': 'pilot_mission_qualifier'}
2026-05-17 15:21:27,770 : INFO : EventManager : Event: ======'player_score'====== Args={'value': 258000, 'prev_value': 250000, 'change': 8000, 'player_num': 1, 'source': 'base'}
2026-05-17 15:21:27,772 : INFO : EventManager : Event: ======'player_bonus_switches_count'====== Args={'value': 38, 'prev_value': 37, 'change': 1, 'player_num': 1, 'source': 'base'}
2026-05-17 15:21:27,772 : INFO : EventManager : Event: ======'player_pilot_mission_qualifier_right_orbit_shot_timeout_tick'====== Args={'value': 0, 'prev_value': 3, 'change': -3, 'player_num': 1}
2026-05-17 15:21:27,772 : INFO : Timer.right_orbit_shot_timeout : Starting Timer.
2026-05-17 15:21:27,772 : INFO : EventManager : Event: ======'timer_right_orbit_shot_timeout_started'====== Args={'ticks': 0, 'ticks_remaining': 3}
2026-05-17 15:21:27,772 : INFO : EventManager : Event: ======'timer_right_orbit_shot_timeout_tick'====== Args={'ticks': 0, 'ticks_remaining': 3}
2026-05-17 15:21:27,772 : INFO : EventManager : Event: ======'player_iceman_letters_right_orbit_lockout_timer_tick'====== Args={'value': 0, 'prev_value': 3, 'change': -3, 'player_num': 1}
2026-05-17 15:21:27,772 : INFO : Timer.right_orbit_lockout_timer : Starting Timer.
2026-05-17 15:21:27,772 : INFO : EventManager : Event: ======'timer_right_orbit_lockout_timer_started'====== Args={'ticks': 0, 'ticks_remaining': 3}
2026-05-17 15:21:27,772 : INFO : EventManager : Event: ======'timer_right_orbit_lockout_timer_tick'====== Args={'ticks': 0, 'ticks_remaining': 3}
2026-05-17 15:21:27,772 : INFO : EventManager : Event: ======'player_hd_switches_completed'====== Args={'value': 6, 'prev_value': 5, 'change': 1, 'player_num': 1, 'source': 'hard_deck_qualifiers'}
2026-05-17 15:21:27,772 : INFO : EventManager : Event: ======'player_orbit_shot_lockout'====== Args={'value': 1, 'prev_value': 0, 'change': 1, 'player_num': 1, 'source': 'pilot_mission_qualifier'}
2026-05-17 15:21:27,772 : INFO : EventManager : Event: ======'player_topgun_shots_collected'====== Args={'value': 6, 'prev_value': 5, 'change': 1, 'player_num': 1, 'source': 'pilot_mission_qualifier'}
2026-05-17 15:21:27,773 : INFO : Timer.orbit_shot_lockout_timer : Starting Timer.
2026-05-17 15:21:27,773 : INFO : EventManager : Event: ======'timer_orbit_shot_lockout_timer_started'====== Args={'ticks': 0, 'ticks_remaining': 1}
2026-05-17 15:21:27,773 : INFO : EventManager : Event: ======'timer_orbit_shot_lockout_timer_tick'====== Args={'ticks': 0, 'ticks_remaining': 1}
2026-05-17 15:21:27,773 : INFO : EventManager : Event: ======'topgun_letter_n_lit'====== Args={'priority': 0}
2026-05-17 15:21:27,773 : INFO : EventManager : Event: ======'topgun_pick_start'====== Args={'priority': 0}
2026-05-17 15:21:27,773 : INFO : EventManager : Event: ======'topgun_start_canyon_run'====== Args={}
2026-05-17 15:21:27,773 : INFO : EventManager : Event: ======'qualify_canyon_run'====== Args={'priority': 0}
2026-05-17 15:21:27,773 : INFO : EventManager : Event: ======'topgun_qualified'====== Args={'priority': 0}
2026-05-17 15:21:27,774 : INFO : EventManager : Event: ======'player_qualified_mode_number'====== Args={'value': 8, 'prev_value': 0, 'change': 8, 'player_num': 1, 'source': 'pilot_mission_qualifier'}
2026-05-17 15:21:27,774 : INFO : EventManager : Event: ======'player_topgun_shots_collected'====== Args={'value': 0, 'prev_value': 6, 'change': -6, 'player_num': 1, 'source': 'pilot_mission_qualifier'}
2026-05-17 15:21:27,774 : INFO : EventManager : Event: ======'player_topgun_letter_t'====== Args={'value': 0, 'prev_value': 0, 'change': 0, 'player_num': 1, 'source': 'pilot_mission_qualifier'}
2026-05-17 15:21:27,774 : INFO : EventManager : Event: ======'player_topgun_letter_o'====== Args={'value': 0, 'prev_value': 0, 'change': 0, 'player_num': 1, 'source': 'pilot_mission_qualifier'}
2026-05-17 15:21:27,774 : INFO : EventManager : Event: ======'player_topgun_letter_p'====== Args={'value': 0, 'prev_value': 0, 'change': 0, 'player_num': 1, 'source': 'pilot_mission_qualifier'}
2026-05-17 15:21:27,774 : INFO : EventManager : Event: ======'player_topgun_letter_g'====== Args={'value': 0, 'prev_value': 0, 'change': 0, 'player_num': 1, 'source': 'pilot_mission_qualifier'}
2026-05-17 15:21:27,774 : INFO : EventManager : Event: ======'player_topgun_letter_u'====== Args={'value': 0, 'prev_value': 0, 'change': 0, 'player_num': 1, 'source': 'pilot_mission_qualifier'}
2026-05-17 15:21:27,774 : INFO : EventManager : Event: ======'player_topgun_letter_n'====== Args={'value': 0, 'prev_value': 0, 'change': 0, 'player_num': 1, 'source': 'pilot_mission_qualifier'}
2026-05-17 15:21:27,774 : INFO : EventManager : Event: ======'update_training_qual_lights'====== Args={'priority': 0}
2026-05-17 15:21:27,775 : INFO : coil.c_mode_barrier : Enabling Driver with power 0.25 (pulse_ms 45ms and pulse_power 0.75)
2026-05-17 15:21:27,775 : INFO : EventManager : Event: ======'update_training_qual_lights'====== Args={'priority': 0}
2026-05-17 15:21:27,776 : INFO : EventManager : Event: ======'player_score'====== Args={'value': 358000, 'prev_value': 258000, 'change': 100000, 'player_num': 1, 'source': 'pilot_mission_qualifier'}
2026-05-17 15:21:27,776 : INFO : EventManager : Event: ======'player_topgun_spinner_hits'====== Args={'value': 0, 'prev_value': 0, 'change': 0, 'player_num': 1, 'source': 'pilot_mission_qualifier'}
2026-05-17 15:21:27,788 : INFO : EventManager : Event: ======'slide_topgun_5_removed'====== Args={'_from_bcp': True}
2026-05-17 15:21:27,799 : INFO : EventManager : Event: ======'slide_topgun_6_created'====== Args={'_from_bcp': True}
2026-05-17 15:21:27,799 : INFO : SwitchController : <<<<<<< 's_orbit_right' inactive >>>>>>>
2026-05-17 15:21:28,036 : INFO : EventManager : Event: ======'player_ball_save_ball_save_countdown_tick'====== Args={'value': 5, 'prev_value': 6, 'change': -1, 'player_num': 1}
2026-05-17 15:21:28,036 : INFO : EventManager : Event: ======'timer_ball_save_countdown_tick'====== Args={'ticks': 5, 'ticks_remaining': 5}
2026-05-17 15:21:28,038 : INFO : EventManager : Event: ======'ball_save_flash_medium'====== Args={'priority': 0}
2026-05-17 15:21:28,038 : INFO : EventManager : Event: ======'player_ball_save_time_remaining'====== Args={'value': 5, 'prev_value': 6, 'change': -1, 'player_num': 1, 'source': 'ball_save'}
2026-05-17 15:21:28,271 : INFO : EventManager : Event: ======'player_pilot_mission_qualifier_orbit_shot_lockout_timer_tick'====== Args={'value': 1, 'prev_value': 0, 'change': 1, 'player_num': 1}
2026-05-17 15:21:28,271 : INFO : Timer.orbit_shot_lockout_timer : Timer Complete
2026-05-17 15:21:28,271 : INFO : Timer.orbit_shot_lockout_timer : Stopping Timer
2026-05-17 15:21:28,272 : INFO : EventManager : Event: ======'timer_orbit_shot_lockout_timer_stopped'====== Args={'ticks': 1, 'ticks_remaining': 1}
2026-05-17 15:21:28,272 : INFO : EventManager : Event: ======'timer_orbit_shot_lockout_timer_complete'====== Args={'ticks': 1, 'ticks_remaining': 1}
2026-05-17 15:21:28,272 : INFO : EventManager : Event: ======'player_orbit_shot_lockout'====== Args={'value': 0, 'prev_value': 1, 'change': -1, 'player_num': 1, 'source': 'pilot_mission_qualifier'}
2026-05-17 15:21:28,286 : INFO : SwitchController : <<<<<<< 's_lane_right' active >>>>>>>
2026-05-17 15:21:28,286 : INFO : EventManager : Event: ======'s_lane_right_active'====== Args={}
2026-05-17 15:21:28,286 : INFO : EventManager : Event: ======'sw_playfield_active'====== Args={}
2026-05-17 15:21:28,286 : INFO : EventManager : Event: ======'machine_var_audits_switches_s_lane_right'====== Args={'value': 4793, 'prev_value': 4792, 'change': 1}
2026-05-17 15:21:28,287 : INFO : EventManager : Event: ======'player_score'====== Args={'value': 363000, 'prev_value': 358000, 'change': 5000, 'player_num': 1, 'source': 'base'}
2026-05-17 15:21:28,287 : INFO : EventManager : Event: ======'player_bonus_switches_count'====== Args={'value': 39, 'prev_value': 38, 'change': 1, 'player_num': 1, 'source': 'base'}
2026-05-17 15:21:28,317 : INFO : SwitchController : <<<<<<< 's_lane_right' inactive >>>>>>>
2026-05-17 15:21:28,490 : INFO : EventManager : Event: ======'player_pilot_mission_qualifier_left_orbit_shot_timeout_tick'====== Args={'value': 1, 'prev_value': 0, 'change': 1, 'player_num': 1}
2026-05-17 15:21:28,490 : INFO : EventManager : Event: ======'timer_left_orbit_shot_timeout_tick'====== Args={'ticks': 1, 'ticks_remaining': 2}
2026-05-17 15:21:28,769 : INFO : EventManager : Event: ======'player_pilot_mission_qualifier_right_orbit_shot_timeout_tick'====== Args={'value': 1, 'prev_value': 0, 'change': 1, 'player_num': 1}
2026-05-17 15:21:28,769 : INFO : EventManager : Event: ======'timer_right_orbit_shot_timeout_tick'====== Args={'ticks': 1, 'ticks_remaining': 2}
2026-05-17 15:21:28,770 : INFO : EventManager : Event: ======'player_iceman_letters_right_orbit_lockout_timer_tick'====== Args={'value': 1, 'prev_value': 0, 'change': 1, 'player_num': 1}
2026-05-17 15:21:28,770 : INFO : EventManager : Event: ======'timer_right_orbit_lockout_timer_tick'====== Args={'ticks': 1, 'ticks_remaining': 2}
2026-05-17 15:21:29,035 : INFO : EventManager : Event: ======'player_ball_save_ball_save_countdown_tick'====== Args={'value': 4, 'prev_value': 5, 'change': -1, 'player_num': 1}
2026-05-17 15:21:29,035 : INFO : EventManager : Event: ======'timer_ball_save_countdown_tick'====== Args={'ticks': 4, 'ticks_remaining': 4}
2026-05-17 15:21:29,036 : INFO : EventManager : Event: ======'ball_save_flash_fast'====== Args={'priority': 0}
2026-05-17 15:21:29,036 : INFO : EventManager : Event: ======'player_ball_save_time_remaining'====== Args={'value': 4, 'prev_value': 5, 'change': -1, 'player_num': 1, 'source': 'ball_save'}
2026-05-17 15:21:29,501 : INFO : EventManager : Event: ======'player_pilot_mission_qualifier_left_orbit_shot_timeout_tick'====== Args={'value': 2, 'prev_value': 1, 'change': 1, 'player_num': 1}
2026-05-17 15:21:29,501 : INFO : EventManager : Event: ======'timer_left_orbit_shot_timeout_tick'====== Args={'ticks': 2, 'ticks_remaining': 1}
2026-05-17 15:21:29,768 : INFO : EventManager : Event: ======'player_iceman_letters_right_orbit_lockout_timer_tick'====== Args={'value': 2, 'prev_value': 1, 'change': 1, 'player_num': 1}
2026-05-17 15:21:29,768 : INFO : EventManager : Event: ======'timer_right_orbit_lockout_timer_tick'====== Args={'ticks': 2, 'ticks_remaining': 1}
2026-05-17 15:21:29,768 : INFO : EventManager : Event: ======'player_pilot_mission_qualifier_right_orbit_shot_timeout_tick'====== Args={'value': 2, 'prev_value': 1, 'change': 1, 'player_num': 1}
2026-05-17 15:21:29,769 : INFO : EventManager : Event: ======'timer_right_orbit_shot_timeout_tick'====== Args={'ticks': 2, 'ticks_remaining': 1}
2026-05-17 15:21:29,769 : INFO : EventManager : Event: ======'topgun_queue_show_1'====== Args={'priority': 0}
2026-05-17 15:21:29,769 : INFO : EventManager : Event: ======'player_topgun_skip_video'====== Args={'value': 0, 'prev_value': 1, 'change': -1, 'player_num': 1, 'source': 'pilot_mission_qualifier'}
2026-05-17 15:21:30,049 : INFO : EventManager : Event: ======'player_ball_save_ball_save_countdown_tick'====== Args={'value': 3, 'prev_value': 4, 'change': -1, 'player_num': 1}
2026-05-17 15:21:30,049 : INFO : EventManager : Event: ======'timer_ball_save_countdown_tick'====== Args={'ticks': 3, 'ticks_remaining': 3}
2026-05-17 15:21:30,050 : INFO : EventManager : Event: ======'ball_save_flash_fast'====== Args={'priority': 0}
2026-05-17 15:21:30,050 : INFO : EventManager : Event: ======'player_ball_save_time_remaining'====== Args={'value': 3, 'prev_value': 4, 'change': -1, 'player_num': 1, 'source': 'ball_save'}
2026-05-17 15:21:30,487 : INFO : EventManager : Event: ======'player_pilot_mission_qualifier_left_orbit_shot_timeout_tick'====== Args={'value': 3, 'prev_value': 2, 'change': 1, 'player_num': 1}
2026-05-17 15:21:30,487 : INFO : Timer.left_orbit_shot_timeout : Timer Complete
2026-05-17 15:21:30,488 : INFO : Timer.left_orbit_shot_timeout : Stopping Timer
2026-05-17 15:21:30,488 : INFO : EventManager : Event: ======'timer_left_orbit_shot_timeout_stopped'====== Args={'ticks': 3, 'ticks_remaining': 1}
2026-05-17 15:21:30,488 : INFO : EventManager : Event: ======'timer_left_orbit_shot_timeout_complete'====== Args={'ticks': 3, 'ticks_remaining': 1}
2026-05-17 15:21:30,769 : INFO : EventManager : Event: ======'player_pilot_mission_qualifier_right_orbit_shot_timeout_tick'====== Args={'value': 3, 'prev_value': 2, 'change': 1, 'player_num': 1}
2026-05-17 15:21:30,769 : INFO : Timer.right_orbit_shot_timeout : Timer Complete
2026-05-17 15:21:30,769 : INFO : Timer.right_orbit_shot_timeout : Stopping Timer
2026-05-17 15:21:30,770 : INFO : EventManager : Event: ======'timer_right_orbit_shot_timeout_stopped'====== Args={'ticks': 3, 'ticks_remaining': 1}
2026-05-17 15:21:30,770 : INFO : EventManager : Event: ======'timer_right_orbit_shot_timeout_complete'====== Args={'ticks': 3, 'ticks_remaining': 1}
2026-05-17 15:21:30,770 : INFO : EventManager : Event: ======'player_iceman_letters_right_orbit_lockout_timer_tick'====== Args={'value': 3, 'prev_value': 2, 'change': 1, 'player_num': 1}
2026-05-17 15:21:30,770 : INFO : Timer.right_orbit_lockout_timer : Timer Complete
2026-05-17 15:21:30,770 : INFO : Timer.right_orbit_lockout_timer : Stopping Timer
2026-05-17 15:21:30,770 : INFO : EventManager : Event: ======'timer_right_orbit_lockout_timer_stopped'====== Args={'ticks': 3, 'ticks_remaining': 1}
2026-05-17 15:21:30,770 : INFO : EventManager : Event: ======'timer_right_orbit_lockout_timer_complete'====== Args={'ticks': 3, 'ticks_remaining': 1}
2026-05-17 15:21:30,771 : INFO : EventManager : Event: ======'player_right_post_locked_out'====== Args={'value': 0, 'prev_value': 1, 'change': -1, 'player_num': 1, 'source': 'iceman_letters'}
2026-05-17 15:21:31,048 : INFO : EventManager : Event: ======'ball_save_new_ball_save_hurry_up'====== Args={}
2026-05-17 15:21:31,048 : INFO : EventManager : Event: ======'player_ball_save_ball_save_countdown_tick'====== Args={'value': 2, 'prev_value': 3, 'change': -1, 'player_num': 1}
2026-05-17 15:21:31,048 : INFO : EventManager : Event: ======'timer_ball_save_countdown_tick'====== Args={'ticks': 2, 'ticks_remaining': 2}
2026-05-17 15:21:31,049 : INFO : EventManager : Event: ======'ball_save_flash_off'====== Args={'priority': 0}
2026-05-17 15:21:31,049 : INFO : EventManager : Event: ======'player_ball_save_time_remaining'====== Args={'value': 2, 'prev_value': 3, 'change': -1, 'player_num': 1, 'source': 'ball_save'}
2026-05-17 15:21:32,035 : INFO : EventManager : Event: ======'player_ball_save_ball_save_countdown_tick'====== Args={'value': 1, 'prev_value': 2, 'change': -1, 'player_num': 1}
2026-05-17 15:21:32,036 : INFO : EventManager : Event: ======'timer_ball_save_countdown_tick'====== Args={'ticks': 1, 'ticks_remaining': 1}
2026-05-17 15:21:32,036 : INFO : EventManager : Event: ======'ball_save_flash_off'====== Args={'priority': 0}
2026-05-17 15:21:32,036 : INFO : EventManager : Event: ======'player_ball_save_time_remaining'====== Args={'value': 1, 'prev_value': 2, 'change': -1, 'player_num': 1, 'source': 'ball_save'}
2026-05-17 15:21:32,972 : INFO : SwitchController : <<<<<<< 's_flipper_left_upper_eos' active >>>>>>>
2026-05-17 15:21:32,972 : INFO : EventManager : Event: ======'s_flipper_left_upper_eos_active'====== Args={}
2026-05-17 15:21:32,972 : INFO : EventManager : Event: ======'machine_var_audits_switches_s_flipper_left_upper_eos'====== Args={'value': 63823, 'prev_value': 63822, 'change': 1}
2026-05-17 15:21:32,974 : INFO : EventManager : Event: ======'player_previous_switch_type'====== Args={'value': 2, 'prev_value': 0, 'change': 2, 'player_num': 1, 'source': 'pilot_mission_qualifier'}
2026-05-17 15:21:33,035 : INFO : EventManager : Event: ======'ball_save_new_ball_save_grace_period'====== Args={}
2026-05-17 15:21:33,035 : INFO : EventManager : Event: ======'player_ball_save_ball_save_countdown_tick'====== Args={'value': 0, 'prev_value': 1, 'change': -1, 'player_num': 1}
2026-05-17 15:21:33,036 : INFO : Timer.ball_save_countdown : Timer Complete
2026-05-17 15:21:33,036 : INFO : Timer.ball_save_countdown : Stopping Timer
2026-05-17 15:21:33,036 : INFO : EventManager : Event: ======'timer_ball_save_countdown_stopped'====== Args={'ticks': 0, 'ticks_remaining': 1}
2026-05-17 15:21:33,036 : INFO : EventManager : Event: ======'timer_ball_save_countdown_complete'====== Args={'ticks': 0, 'ticks_remaining': 1}
2026-05-17 15:21:33,036 : INFO : EventManager : Event: ======'ball_save_flash_stop'====== Args={'priority': 0}
2026-05-17 15:21:33,534 : INFO : EventManager : Event: ======'ball_save_new_ball_save_disabled'====== Args={}
2026-05-17 15:21:33,534 : INFO : EventManager : Event: ======'player_ball_save_active'====== Args={'value': 0, 'prev_value': 1, 'change': -1, 'player_num': 1, 'source': 'ball_save'}
2026-05-17 15:21:33,535 : INFO : Timer.ball_save_countdown : Stopping Timer
2026-05-17 15:21:33,535 : INFO : EventManager : Event: ======'timer_ball_save_countdown_stopped'====== Args={'ticks': 0, 'ticks_remaining': 1}
2026-05-17 15:21:33,536 : INFO : SwitchController : <<<<<<< 's_flipper_left_upper_eos' inactive >>>>>>>
2026-05-17 15:21:34,108 : INFO : SwitchController : <<<<<<< 's_lane_left' active >>>>>>>
2026-05-17 15:21:34,108 : INFO : EventManager : Event: ======'s_lane_left_active'====== Args={}
2026-05-17 15:21:34,108 : INFO : EventManager : Event: ======'sw_playfield_active'====== Args={}
2026-05-17 15:21:34,108 : INFO : EventManager : Event: ======'sw_playfield_active'====== Args={}
2026-05-17 15:21:34,108 : INFO : EventManager : Event: ======'machine_var_audits_switches_s_lane_left'====== Args={'value': 2641, 'prev_value': 2640, 'change': 1}
2026-05-17 15:21:34,110 : INFO : EventManager : Event: ======'hd_start_qualified_mode'====== Args={'priority': 0}
2026-05-17 15:21:34,111 : INFO : EventManager : Event: ======'player_hd_sw_lane_left'====== Args={'value': 1, 'prev_value': 0, 'change': 1, 'player_num': 1, 'source': 'hard_deck_qualifiers'}
2026-05-17 15:21:34,111 : INFO : EventManager : Event: ======'under_flipper_shot_hit'====== Args={'priority': 0}
2026-05-17 15:21:34,111 : INFO : EventManager : Event: ======'player_previous_switch_type'====== Args={'value': 0, 'prev_value': 2, 'change': -2, 'player_num': 1, 'source': 'pilot_mission_qualifier'}
2026-05-17 15:21:34,111 : INFO : EventManager : Event: ======'player_score'====== Args={'value': 368000, 'prev_value': 363000, 'change': 5000, 'player_num': 1, 'source': 'base'}
2026-05-17 15:21:34,111 : INFO : EventManager : Event: ======'player_bonus_switches_count'====== Args={'value': 40, 'prev_value': 39, 'change': 1, 'player_num': 1, 'source': 'base'}
2026-05-17 15:21:34,111 : INFO : EventManager : Event: ======'start_mode_hard_deck_charlie'====== Args={'priority': 0}
2026-05-17 15:21:34,112 : INFO : EventManager : Event: ======'mode_hard_deck_charlie_will_start'====== Args={'priority': 0}
2026-05-17 15:21:34,112 : INFO : EventManager : Event: ======'player_hard_deck_charlie_hard_deck_charlie_intro_video_delay_tick'====== Args={'value': 0, 'prev_value': 0, 'change': 0, 'player_num': 1}
2026-05-17 15:21:34,112 : INFO : EventManager : Unordered handler for class ConfigPlayer.event_player/events on event mode_hard_deck_charlie_started with priority 200. Handlers: [RegisteredHandler(callback=<bound method ConfigPlayer.config_play_callback of ConfigPlayer.event_player/events>, priority=200, kwargs={'calling_context': 'mode_hard_deck_charlie_started', 'mode': <Mode.iceman_letters>, 'settings': {'stop_all_training_pulse_shows': [{'condition': None, 'number': None, 'priority': 0, 'params': {}}]}}, key=UUID('4df640e1-dc59-4bcd-92cf-496a61e7b480'), condition=None, blocking_facility=None), RegisteredHandler(callback=<bound method ConfigPlayer.config_play_callback of ConfigPlayer.event_player/events>, priority=200, kwargs={'calling_context': 'mode_hard_deck_charlie_started', 'mode': <Mode.hard_deck_qualifiers>, 'settings': {'hd_stop_pulse_show': [{'condition': None, 'number': None, 'priority': 0, 'params': {}}]}}, key=UUID('8076e021-2aec-47eb-b35d-1ea491176064'), condition=None, blocking_facility=None), RegisteredHandler(callback=<bound method ConfigPlayer.config_play_callback of ConfigPlayer.event_player/events>, priority=200, kwargs={'calling_context': 'mode_hard_deck_charlie_started', 'mode': <Mode.pilot_mission_qualifier>, 'settings': {'ball_search_reset': [{'condition': None, 'number': None, 'priority': 0, 'params': {}}], 'ball_search_block': [{'condition': None, 'number': None, 'priority': 0, 'params': {}}]}}, key=UUID('30747ef6-173c-4d01-bef3-f1fb7ea8ae03'), condition=None, blocking_facility=None)]. The order of those handlers is not defined and they will be executed in random order. This might lead to race conditions and potential bugs.
2026-05-17 15:21:34,112 : INFO : EventManager : Unordered handler for class ConfigPlayer.event_player/events on event mode_hard_deck_charlie_started with priority 200. Handlers: [RegisteredHandler(callback=<bound method ConfigPlayer.config_play_callback of ConfigPlayer.event_player/events>, priority=200, kwargs={'calling_context': 'mode_hard_deck_charlie_started', 'mode': <Mode.iceman_letters>, 'settings': {'stop_all_training_pulse_shows': [{'condition': None, 'number': None, 'priority': 0, 'params': {}}]}}, key=UUID('4df640e1-dc59-4bcd-92cf-496a61e7b480'), condition=None, blocking_facility=None), RegisteredHandler(callback=<bound method ConfigPlayer.config_play_callback of ConfigPlayer.event_player/events>, priority=200, kwargs={'calling_context': 'mode_hard_deck_charlie_started', 'mode': <Mode.hard_deck_qualifiers>, 'settings': {'hd_stop_pulse_show': [{'condition': None, 'number': None, 'priority': 0, 'params': {}}]}}, key=UUID('8076e021-2aec-47eb-b35d-1ea491176064'), condition=None, blocking_facility=None), RegisteredHandler(callback=<bound method ConfigPlayer.config_play_callback of ConfigPlayer.event_player/events>, priority=200, kwargs={'calling_context': 'mode_hard_deck_charlie_started', 'mode': <Mode.pilot_mission_qualifier>, 'settings': {'ball_search_reset': [{'condition': None, 'number': None, 'priority': 0, 'params': {}}], 'ball_search_block': [{'condition': None, 'number': None, 'priority': 0, 'params': {}}]}}, key=UUID('30747ef6-173c-4d01-bef3-f1fb7ea8ae03'), condition=None, blocking_facility=None)]. The order of those handlers is not defined and they will be executed in random order. This might lead to race conditions and potential bugs.
2026-05-17 15:21:34,112 : INFO : EventManager : Event: ======'player_hard_deck_charlie_hard_deck_charlie_timer_tick'====== Args={'value': 150, 'prev_value': 0, 'change': 150, 'player_num': 1}
2026-05-17 15:21:34,113 : INFO : EventManager : Event: ======'player_hard_deck_charlie_hard_deck_charlie_stage_1_decision_timer_tick'====== Args={'value': 10, 'prev_value': 0, 'change': 10, 'player_num': 1}
2026-05-17 15:21:34,113 : INFO : EventManager : Event: ======'player_hard_deck_charlie_hard_deck_charlie_stage_1_failed_delay_tick'====== Args={'value': 0, 'prev_value': 0, 'change': 0, 'player_num': 1}
2026-05-17 15:21:34,113 : INFO : EventManager : Unordered handler for class ConfigPlayer.event_player/events on event mode_hard_deck_charlie_started with priority 200. Handlers: [RegisteredHandler(callback=<bound method ConfigPlayer.config_play_callback of ConfigPlayer.event_player/events>, priority=200, kwargs={'calling_context': 'mode_hard_deck_charlie_started', 'mode': <Mode.iceman_letters>, 'settings': {'stop_all_training_pulse_shows': [{'condition': None, 'number': None, 'priority': 0, 'params': {}}]}}, key=UUID('4df640e1-dc59-4bcd-92cf-496a61e7b480'), condition=None, blocking_facility=None), RegisteredHandler(callback=<bound method ConfigPlayer.config_play_callback of ConfigPlayer.event_player/events>, priority=200, kwargs={'calling_context': 'mode_hard_deck_charlie_started', 'mode': <Mode.hard_deck_qualifiers>, 'settings': {'hd_stop_pulse_show': [{'condition': None, 'number': None, 'priority': 0, 'params': {}}]}}, key=UUID('8076e021-2aec-47eb-b35d-1ea491176064'), condition=None, blocking_facility=None), RegisteredHandler(callback=<bound method ConfigPlayer.config_play_callback of ConfigPlayer.event_player/events>, priority=200, kwargs={'calling_context': 'mode_hard_deck_charlie_started', 'mode': <Mode.pilot_mission_qualifier>, 'settings': {'ball_search_reset': [{'condition': None, 'number': None, 'priority': 0, 'params': {}}], 'ball_search_block': [{'condition': None, 'number': None, 'priority': 0, 'params': {}}]}}, key=UUID('30747ef6-173c-4d01-bef3-f1fb7ea8ae03'), condition=None, blocking_facility=None)]. The order of those handlers is not defined and they will be executed in random order. This might lead to race conditions and potential bugs.
2026-05-17 15:21:34,114 : INFO : EventManager : Unordered handler for class ConfigPlayer.event_player/events on event mode_hard_deck_charlie_started with priority 200. Handlers: [RegisteredHandler(callback=<bound method ConfigPlayer.config_play_callback of ConfigPlayer.event_player/events>, priority=200, kwargs={'calling_context': 'mode_hard_deck_charlie_started', 'mode': <Mode.iceman_letters>, 'settings': {'stop_all_training_pulse_shows': [{'condition': None, 'number': None, 'priority': 0, 'params': {}}]}}, key=UUID('4df640e1-dc59-4bcd-92cf-496a61e7b480'), condition=None, blocking_facility=None), RegisteredHandler(callback=<bound method ConfigPlayer.config_play_callback of ConfigPlayer.event_player/events>, priority=200, kwargs={'calling_context': 'mode_hard_deck_charlie_started', 'mode': <Mode.hard_deck_qualifiers>, 'settings': {'hd_stop_pulse_show': [{'condition': None, 'number': None, 'priority': 0, 'params': {}}]}}, key=UUID('8076e021-2aec-47eb-b35d-1ea491176064'), condition=None, blocking_facility=None), RegisteredHandler(callback=<bound method ConfigPlayer.config_play_callback of ConfigPlayer.event_player/events>, priority=200, kwargs={'calling_context': 'mode_hard_deck_charlie_started', 'mode': <Mode.pilot_mission_qualifier>, 'settings': {'ball_search_reset': [{'condition': None, 'number': None, 'priority': 0, 'params': {}}], 'ball_search_block': [{'condition': None, 'number': None, 'priority': 0, 'params': {}}]}}, key=UUID('30747ef6-173c-4d01-bef3-f1fb7ea8ae03'), condition=None, blocking_facility=None)]. The order of those handlers is not defined and they will be executed in random order. This might lead to race conditions and potential bugs.
2026-05-17 15:21:34,114 : INFO : EventManager : Unordered handler for class ConfigPlayer.event_player/events on event mode_hard_deck_charlie_started with priority 200. Handlers: [RegisteredHandler(callback=<bound method ConfigPlayer.config_play_callback of ConfigPlayer.event_player/events>, priority=200, kwargs={'calling_context': 'mode_hard_deck_charlie_started', 'mode': <Mode.iceman_letters>, 'settings': {'stop_all_training_pulse_shows': [{'condition': None, 'number': None, 'priority': 0, 'params': {}}]}}, key=UUID('4df640e1-dc59-4bcd-92cf-496a61e7b480'), condition=None, blocking_facility=None), RegisteredHandler(callback=<bound method ConfigPlayer.config_play_callback of ConfigPlayer.event_player/events>, priority=200, kwargs={'calling_context': 'mode_hard_deck_charlie_started', 'mode': <Mode.hard_deck_qualifiers>, 'settings': {'hd_stop_pulse_show': [{'condition': None, 'number': None, 'priority': 0, 'params': {}}]}}, key=UUID('8076e021-2aec-47eb-b35d-1ea491176064'), condition=None, blocking_facility=None), RegisteredHandler(callback=<bound method ConfigPlayer.config_play_callback of ConfigPlayer.event_player/events>, priority=200, kwargs={'calling_context': 'mode_hard_deck_charlie_started', 'mode': <Mode.pilot_mission_qualifier>, 'settings': {'ball_search_reset': [{'condition': None, 'number': None, 'priority': 0, 'params': {}}], 'ball_search_block': [{'condition': None, 'number': None, 'priority': 0, 'params': {}}]}}, key=UUID('30747ef6-173c-4d01-bef3-f1fb7ea8ae03'), condition=None, blocking_facility=None)]. The order of those handlers is not defined and they will be executed in random order. This might lead to race conditions and potential bugs.
2026-05-17 15:21:34,114 : INFO : EventManager : Unordered handler for class ConfigPlayer.event_player/events on event mode_hard_deck_charlie_started with priority 200. Handlers: [RegisteredHandler(callback=<bound method ConfigPlayer.config_play_callback of ConfigPlayer.event_player/events>, priority=200, kwargs={'calling_context': 'mode_hard_deck_charlie_started', 'mode': <Mode.iceman_letters>, 'settings': {'stop_all_training_pulse_shows': [{'condition': None, 'number': None, 'priority': 0, 'params': {}}]}}, key=UUID('4df640e1-dc59-4bcd-92cf-496a61e7b480'), condition=None, blocking_facility=None), RegisteredHandler(callback=<bound method ConfigPlayer.config_play_callback of ConfigPlayer.event_player/events>, priority=200, kwargs={'calling_context': 'mode_hard_deck_charlie_started', 'mode': <Mode.hard_deck_qualifiers>, 'settings': {'hd_stop_pulse_show': [{'condition': None, 'number': None, 'priority': 0, 'params': {}}]}}, key=UUID('8076e021-2aec-47eb-b35d-1ea491176064'), condition=None, blocking_facility=None), RegisteredHandler(callback=<bound method ConfigPlayer.config_play_callback of ConfigPlayer.event_player/events>, priority=200, kwargs={'calling_context': 'mode_hard_deck_charlie_started', 'mode': <Mode.pilot_mission_qualifier>, 'settings': {'ball_search_reset': [{'condition': None, 'number': None, 'priority': 0, 'params': {}}], 'ball_search_block': [{'condition': None, 'number': None, 'priority': 0, 'params': {}}]}}, key=UUID('30747ef6-173c-4d01-bef3-f1fb7ea8ae03'), condition=None, blocking_facility=None)]. The order of those handlers is not defined and they will be executed in random order. This might lead to race conditions and potential bugs.
2026-05-17 15:21:34,116 : INFO : EventManager : Unordered handler for class ConfigPlayer.variable_player/variables on event mode_hard_deck_charlie_stopped with priority 200. Handlers: [RegisteredHandler(callback=<bound method ConfigPlayer.config_play_callback of ConfigPlayer.variable_player/variables>, priority=200, kwargs={'calling_context': 'mode_hard_deck_charlie_stopped', 'mode': <Mode.hard_deck_qualifiers>, 'settings': {'hard_deck_active': {'action': 'set', 'int': <NativeTemplate 0>, 'priority': 0, 'float': None, 'string': None, 'block': False, 'player': None, 'condition': None}, 'letter_collection_paused': {'action': 'set', 'int': <NativeTemplate 0>, 'priority': 0, 'float': None, 'string': None, 'block': False, 'player': None, 'condition': None}}}, key=UUID('b8e42977-7e3d-4fd6-961f-3577aeac03ef'), condition=None, blocking_facility=None), RegisteredHandler(callback=<bound method ConfigPlayer.config_play_callback of ConfigPlayer.variable_player/variables>, priority=200, kwargs={'calling_context': 'mode_hard_deck_charlie_stopped', 'mode': <Mode.pilot_mission_qualifier>, 'settings': {'letter_collection_paused': {'action': 'set', 'int': <NativeTemplate 0>, 'priority': 0, 'float': None, 'string': None, 'block': False, 'player': None, 'condition': None}, 'hard_deck_active': {'action': 'set', 'int': <NativeTemplate 0>, 'priority': 0, 'float': None, 'string': None, 'block': False, 'player': None, 'condition': None}}}, key=UUID('7d803a22-dfe5-4722-ba3f-37970d3869ed'), condition=None, blocking_facility=None)]. The order of those handlers is not defined and they will be executed in random order. This might lead to race conditions and potential bugs.
2026-05-17 15:21:34,116 : INFO : EventManager : Unordered handler for class ConfigPlayer.event_player/events on event mode_hard_deck_charlie_started with priority 200. Handlers: [RegisteredHandler(callback=<bound method ConfigPlayer.config_play_callback of ConfigPlayer.event_player/events>, priority=200, kwargs={'calling_context': 'mode_hard_deck_charlie_started', 'mode': <Mode.iceman_letters>, 'settings': {'stop_all_training_pulse_shows': [{'condition': None, 'number': None, 'priority': 0, 'params': {}}]}}, key=UUID('4df640e1-dc59-4bcd-92cf-496a61e7b480'), condition=None, blocking_facility=None), RegisteredHandler(callback=<bound method ConfigPlayer.config_play_callback of ConfigPlayer.event_player/events>, priority=200, kwargs={'calling_context': 'mode_hard_deck_charlie_started', 'mode': <Mode.hard_deck_qualifiers>, 'settings': {'hd_stop_pulse_show': [{'condition': None, 'number': None, 'priority': 0, 'params': {}}]}}, key=UUID('8076e021-2aec-47eb-b35d-1ea491176064'), condition=None, blocking_facility=None), RegisteredHandler(callback=<bound method ConfigPlayer.config_play_callback of ConfigPlayer.event_player/events>, priority=200, kwargs={'calling_context': 'mode_hard_deck_charlie_started', 'mode': <Mode.pilot_mission_qualifier>, 'settings': {'ball_search_reset': [{'condition': None, 'number': None, 'priority': 0, 'params': {}}], 'ball_search_block': [{'condition': None, 'number': None, 'priority': 0, 'params': {}}]}}, key=UUID('30747ef6-173c-4d01-bef3-f1fb7ea8ae03'), condition=None, blocking_facility=None)]. The order of those handlers is not defined and they will be executed in random order. This might lead to race conditions and potential bugs.
2026-05-17 15:21:34,116 : INFO : EventManager : Unordered handler for class ConfigPlayer.event_player/events on event mode_hard_deck_charlie_started with priority 200. Handlers: [RegisteredHandler(callback=<bound method ConfigPlayer.config_play_callback of ConfigPlayer.event_player/events>, priority=200, kwargs={'calling_context': 'mode_hard_deck_charlie_started', 'mode': <Mode.iceman_letters>, 'settings': {'stop_all_training_pulse_shows': [{'condition': None, 'number': None, 'priority': 0, 'params': {}}]}}, key=UUID('4df640e1-dc59-4bcd-92cf-496a61e7b480'), condition=None, blocking_facility=None), RegisteredHandler(callback=<bound method ConfigPlayer.config_play_callback of ConfigPlayer.event_player/events>, priority=200, kwargs={'calling_context': 'mode_hard_deck_charlie_started', 'mode': <Mode.hard_deck_qualifiers>, 'settings': {'hd_stop_pulse_show': [{'condition': None, 'number': None, 'priority': 0, 'params': {}}]}}, key=UUID('8076e021-2aec-47eb-b35d-1ea491176064'), condition=None, blocking_facility=None), RegisteredHandler(callback=<bound method ConfigPlayer.config_play_callback of ConfigPlayer.event_player/events>, priority=200, kwargs={'calling_context': 'mode_hard_deck_charlie_started', 'mode': <Mode.pilot_mission_qualifier>, 'settings': {'ball_search_reset': [{'condition': None, 'number': None, 'priority': 0, 'params': {}}], 'ball_search_block': [{'condition': None, 'number': None, 'priority': 0, 'params': {}}]}}, key=UUID('30747ef6-173c-4d01-bef3-f1fb7ea8ae03'), condition=None, blocking_facility=None)]. The order of those handlers is not defined and they will be executed in random order. This might lead to race conditions and potential bugs.
2026-05-17 15:21:34,118 : INFO : EventManager : Unordered handler for class ConfigPlayer.variable_player/variables on event mode_hard_deck_charlie_stopped with priority 200. Handlers: [RegisteredHandler(callback=<bound method ConfigPlayer.config_play_callback of ConfigPlayer.variable_player/variables>, priority=200, kwargs={'calling_context': 'mode_hard_deck_charlie_stopped', 'mode': <Mode.hard_deck_qualifiers>, 'settings': {'hard_deck_active': {'action': 'set', 'int': <NativeTemplate 0>, 'priority': 0, 'float': None, 'string': None, 'block': False, 'player': None, 'condition': None}, 'letter_collection_paused': {'action': 'set', 'int': <NativeTemplate 0>, 'priority': 0, 'float': None, 'string': None, 'block': False, 'player': None, 'condition': None}}}, key=UUID('b8e42977-7e3d-4fd6-961f-3577aeac03ef'), condition=None, blocking_facility=None), RegisteredHandler(callback=<bound method ConfigPlayer.config_play_callback of ConfigPlayer.variable_player/variables>, priority=200, kwargs={'calling_context': 'mode_hard_deck_charlie_stopped', 'mode': <Mode.pilot_mission_qualifier>, 'settings': {'letter_collection_paused': {'action': 'set', 'int': <NativeTemplate 0>, 'priority': 0, 'float': None, 'string': None, 'block': False, 'player': None, 'condition': None}, 'hard_deck_active': {'action': 'set', 'int': <NativeTemplate 0>, 'priority': 0, 'float': None, 'string': None, 'block': False, 'player': None, 'condition': None}}}, key=UUID('7d803a22-dfe5-4722-ba3f-37970d3869ed'), condition=None, blocking_facility=None)]. The order of those handlers is not defined and they will be executed in random order. This might lead to race conditions and potential bugs.
2026-05-17 15:21:34,118 : INFO : EventManager : Unordered handler for class ConfigPlayer.variable_player/variables on event mode_hard_deck_charlie_stopped with priority 200. Handlers: [RegisteredHandler(callback=<bound method ConfigPlayer.config_play_callback of ConfigPlayer.variable_player/variables>, priority=200, kwargs={'calling_context': 'mode_hard_deck_charlie_stopped', 'mode': <Mode.hard_deck_qualifiers>, 'settings': {'hard_deck_active': {'action': 'set', 'int': <NativeTemplate 0>, 'priority': 0, 'float': None, 'string': None, 'block': False, 'player': None, 'condition': None}, 'letter_collection_paused': {'action': 'set', 'int': <NativeTemplate 0>, 'priority': 0, 'float': None, 'string': None, 'block': False, 'player': None, 'condition': None}}}, key=UUID('b8e42977-7e3d-4fd6-961f-3577aeac03ef'), condition=None, blocking_facility=None), RegisteredHandler(callback=<bound method ConfigPlayer.config_play_callback of ConfigPlayer.variable_player/variables>, priority=200, kwargs={'calling_context': 'mode_hard_deck_charlie_stopped', 'mode': <Mode.pilot_mission_qualifier>, 'settings': {'letter_collection_paused': {'action': 'set', 'int': <NativeTemplate 0>, 'priority': 0, 'float': None, 'string': None, 'block': False, 'player': None, 'condition': None}, 'hard_deck_active': {'action': 'set', 'int': <NativeTemplate 0>, 'priority': 0, 'float': None, 'string': None, 'block': False, 'player': None, 'condition': None}}}, key=UUID('7d803a22-dfe5-4722-ba3f-37970d3869ed'), condition=None, blocking_facility=None)]. The order of those handlers is not defined and they will be executed in random order. This might lead to race conditions and potential bugs.
2026-05-17 15:21:34,118 : INFO : EventManager : Unordered handler for class ConfigPlayer.event_player/events on event mode_hard_deck_charlie_started with priority 200. Handlers: [RegisteredHandler(callback=<bound method ConfigPlayer.config_play_callback of ConfigPlayer.event_player/events>, priority=200, kwargs={'calling_context': 'mode_hard_deck_charlie_started', 'mode': <Mode.iceman_letters>, 'settings': {'stop_all_training_pulse_shows': [{'condition': None, 'number': None, 'priority': 0, 'params': {}}]}}, key=UUID('4df640e1-dc59-4bcd-92cf-496a61e7b480'), condition=None, blocking_facility=None), RegisteredHandler(callback=<bound method ConfigPlayer.config_play_callback of ConfigPlayer.event_player/events>, priority=200, kwargs={'calling_context': 'mode_hard_deck_charlie_started', 'mode': <Mode.hard_deck_qualifiers>, 'settings': {'hd_stop_pulse_show': [{'condition': None, 'number': None, 'priority': 0, 'params': {}}]}}, key=UUID('8076e021-2aec-47eb-b35d-1ea491176064'), condition=None, blocking_facility=None), RegisteredHandler(callback=<bound method ConfigPlayer.config_play_callback of ConfigPlayer.event_player/events>, priority=200, kwargs={'calling_context': 'mode_hard_deck_charlie_started', 'mode': <Mode.pilot_mission_qualifier>, 'settings': {'ball_search_reset': [{'condition': None, 'number': None, 'priority': 0, 'params': {}}], 'ball_search_block': [{'condition': None, 'number': None, 'priority': 0, 'params': {}}]}}, key=UUID('30747ef6-173c-4d01-bef3-f1fb7ea8ae03'), condition=None, blocking_facility=None)]. The order of those handlers is not defined and they will be executed in random order. This might lead to race conditions and potential bugs.
2026-05-17 15:21:34,118 : INFO : EventManager : Unordered handler for class ConfigPlayer.event_player/events on event mode_hard_deck_charlie_started with priority 200. Handlers: [RegisteredHandler(callback=<bound method ConfigPlayer.config_play_callback of ConfigPlayer.event_player/events>, priority=200, kwargs={'calling_context': 'mode_hard_deck_charlie_started', 'mode': <Mode.iceman_letters>, 'settings': {'stop_all_training_pulse_shows': [{'condition': None, 'number': None, 'priority': 0, 'params': {}}]}}, key=UUID('4df640e1-dc59-4bcd-92cf-496a61e7b480'), condition=None, blocking_facility=None), RegisteredHandler(callback=<bound method ConfigPlayer.config_play_callback of ConfigPlayer.event_player/events>, priority=200, kwargs={'calling_context': 'mode_hard_deck_charlie_started', 'mode': <Mode.hard_deck_qualifiers>, 'settings': {'hd_stop_pulse_show': [{'condition': None, 'number': None, 'priority': 0, 'params': {}}]}}, key=UUID('8076e021-2aec-47eb-b35d-1ea491176064'), condition=None, blocking_facility=None), RegisteredHandler(callback=<bound method ConfigPlayer.config_play_callback of ConfigPlayer.event_player/events>, priority=200, kwargs={'calling_context': 'mode_hard_deck_charlie_started', 'mode': <Mode.pilot_mission_qualifier>, 'settings': {'ball_search_reset': [{'condition': None, 'number': None, 'priority': 0, 'params': {}}], 'ball_search_block': [{'condition': None, 'number': None, 'priority': 0, 'params': {}}]}}, key=UUID('30747ef6-173c-4d01-bef3-f1fb7ea8ae03'), condition=None, blocking_facility=None)]. The order of those handlers is not defined and they will be executed in random order. This might lead to race conditions and potential bugs.
2026-05-17 15:21:34,118 : INFO : EventManager : Unordered handler for class ConfigPlayer.variable_player/variables on event ball_will_end with priority 200. Handlers: [RegisteredHandler(callback=<bound method ConfigPlayer.config_play_callback of ConfigPlayer.variable_player/variables>, priority=200, kwargs={'calling_context': 'ball_will_end', 'mode': <Mode.mig_letters>, 'settings': {'mig_letter_m': {'action': 'set', 'int': <NativeTemplate 0>, 'priority': 0, 'float': None, 'string': None, 'block': False, 'player': None, 'condition': None}, 'mig_letter_i': {'action': 'set', 'int': <NativeTemplate 0>, 'priority': 0, 'float': None, 'string': None, 'block': False, 'player': None, 'condition': None}, 'mig_letter_g': {'action': 'set', 'int': <NativeTemplate 0>, 'priority': 0, 'float': None, 'string': None, 'block': False, 'player': None, 'condition': None}, 'mig_completing': {'action': 'set', 'int': <NativeTemplate 0>, 'priority': 0, 'float': None, 'string': None, 'block': False, 'player': None, 'condition': None}}}, key=UUID('3fc43901-5b46-4595-bb7f-8c1e91ae24bb'), condition=None, blocking_facility=None), RegisteredHandler(callback=<bound method ConfigPlayer.config_play_callback of ConfigPlayer.variable_player/variables>, priority=200, kwargs={'calling_context': 'ball_will_end', 'mode': <Mode.pilot_mission_qualifier>, 'settings': {'mystery_just_lit_pilot': {'action': 'set', 'int': <NativeTemplate 0>, 'priority': 0, 'float': None, 'string': None, 'block': False, 'player': None, 'condition': None}, 'scoop_release_pending': {'action': 'set', 'int': <NativeTemplate 0>, 'priority': 0, 'float': None, 'string': None, 'block': False, 'player': None, 'condition': None}}}, key=UUID('fc6e4c1d-673a-44ec-b6c8-0d2224321d97'), condition=None, blocking_facility=None)]. The order of those handlers is not defined and they will be executed in random order. This might lead to race conditions and potential bugs.
2026-05-17 15:21:34,119 : INFO : EventManager : Unordered handler for class ConfigPlayer.event_player/events on event mode_hard_deck_charlie_started with priority 200. Handlers: [RegisteredHandler(callback=<bound method ConfigPlayer.config_play_callback of ConfigPlayer.event_player/events>, priority=200, kwargs={'calling_context': 'mode_hard_deck_charlie_started', 'mode': <Mode.iceman_letters>, 'settings': {'stop_all_training_pulse_shows': [{'condition': None, 'number': None, 'priority': 0, 'params': {}}]}}, key=UUID('4df640e1-dc59-4bcd-92cf-496a61e7b480'), condition=None, blocking_facility=None), RegisteredHandler(callback=<bound method ConfigPlayer.config_play_callback of ConfigPlayer.event_player/events>, priority=200, kwargs={'calling_context': 'mode_hard_deck_charlie_started', 'mode': <Mode.hard_deck_qualifiers>, 'settings': {'hd_stop_pulse_show': [{'condition': None, 'number': None, 'priority': 0, 'params': {}}]}}, key=UUID('8076e021-2aec-47eb-b35d-1ea491176064'), condition=None, blocking_facility=None), RegisteredHandler(callback=<bound method ConfigPlayer.config_play_callback of ConfigPlayer.event_player/events>, priority=200, kwargs={'calling_context': 'mode_hard_deck_charlie_started', 'mode': <Mode.pilot_mission_qualifier>, 'settings': {'ball_search_reset': [{'condition': None, 'number': None, 'priority': 0, 'params': {}}], 'ball_search_block': [{'condition': None, 'number': None, 'priority': 0, 'params': {}}]}}, key=UUID('30747ef6-173c-4d01-bef3-f1fb7ea8ae03'), condition=None, blocking_facility=None)]. The order of those handlers is not defined and they will be executed in random order. This might lead to race conditions and potential bugs.
2026-05-17 15:21:34,119 : INFO : EventManager : Unordered handler for class ConfigPlayer.event_player/events on event mode_hard_deck_charlie_started with priority 200. Handlers: [RegisteredHandler(callback=<bound method ConfigPlayer.config_play_callback of ConfigPlayer.event_player/events>, priority=200, kwargs={'calling_context': 'mode_hard_deck_charlie_started', 'mode': <Mode.iceman_letters>, 'settings': {'stop_all_training_pulse_shows': [{'condition': None, 'number': None, 'priority': 0, 'params': {}}]}}, key=UUID('4df640e1-dc59-4bcd-92cf-496a61e7b480'), condition=None, blocking_facility=None), RegisteredHandler(callback=<bound method ConfigPlayer.config_play_callback of ConfigPlayer.event_player/events>, priority=200, kwargs={'calling_context': 'mode_hard_deck_charlie_started', 'mode': <Mode.hard_deck_qualifiers>, 'settings': {'hd_stop_pulse_show': [{'condition': None, 'number': None, 'priority': 0, 'params': {}}]}}, key=UUID('8076e021-2aec-47eb-b35d-1ea491176064'), condition=None, blocking_facility=None), RegisteredHandler(callback=<bound method ConfigPlayer.config_play_callback of ConfigPlayer.event_player/events>, priority=200, kwargs={'calling_context': 'mode_hard_deck_charlie_started', 'mode': <Mode.pilot_mission_qualifier>, 'settings': {'ball_search_reset': [{'condition': None, 'number': None, 'priority': 0, 'params': {}}], 'ball_search_block': [{'condition': None, 'number': None, 'priority': 0, 'params': {}}]}}, key=UUID('30747ef6-173c-4d01-bef3-f1fb7ea8ae03'), condition=None, blocking_facility=None)]. The order of those handlers is not defined and they will be executed in random order. This might lead to race conditions and potential bugs.
2026-05-17 15:21:34,120 : INFO : EventManager : Unordered handler for class ConfigPlayer.variable_player/variables on event mode_hard_deck_charlie_stopped with priority 200. Handlers: [RegisteredHandler(callback=<bound method ConfigPlayer.config_play_callback of ConfigPlayer.variable_player/variables>, priority=200, kwargs={'calling_context': 'mode_hard_deck_charlie_stopped', 'mode': <Mode.hard_deck_qualifiers>, 'settings': {'hard_deck_active': {'action': 'set', 'int': <NativeTemplate 0>, 'priority': 0, 'float': None, 'string': None, 'block': False, 'player': None, 'condition': None}, 'letter_collection_paused': {'action': 'set', 'int': <NativeTemplate 0>, 'priority': 0, 'float': None, 'string': None, 'block': False, 'player': None, 'condition': None}}}, key=UUID('b8e42977-7e3d-4fd6-961f-3577aeac03ef'), condition=None, blocking_facility=None), RegisteredHandler(callback=<bound method ConfigPlayer.config_play_callback of ConfigPlayer.variable_player/variables>, priority=200, kwargs={'calling_context': 'mode_hard_deck_charlie_stopped', 'mode': <Mode.pilot_mission_qualifier>, 'settings': {'letter_collection_paused': {'action': 'set', 'int': <NativeTemplate 0>, 'priority': 0, 'float': None, 'string': None, 'block': False, 'player': None, 'condition': None}, 'hard_deck_active': {'action': 'set', 'int': <NativeTemplate 0>, 'priority': 0, 'float': None, 'string': None, 'block': False, 'player': None, 'condition': None}}}, key=UUID('7d803a22-dfe5-4722-ba3f-37970d3869ed'), condition=None, blocking_facility=None)]. The order of those handlers is not defined and they will be executed in random order. This might lead to race conditions and potential bugs.
2026-05-17 15:21:34,120 : INFO : EventManager : Unordered handler for class ConfigPlayer.event_player/events on event mode_hard_deck_charlie_started with priority 200. Handlers: [RegisteredHandler(callback=<bound method ConfigPlayer.config_play_callback of ConfigPlayer.event_player/events>, priority=200, kwargs={'calling_context': 'mode_hard_deck_charlie_started', 'mode': <Mode.iceman_letters>, 'settings': {'stop_all_training_pulse_shows': [{'condition': None, 'number': None, 'priority': 0, 'params': {}}]}}, key=UUID('4df640e1-dc59-4bcd-92cf-496a61e7b480'), condition=None, blocking_facility=None), RegisteredHandler(callback=<bound method ConfigPlayer.config_play_callback of ConfigPlayer.event_player/events>, priority=200, kwargs={'calling_context': 'mode_hard_deck_charlie_started', 'mode': <Mode.hard_deck_qualifiers>, 'settings': {'hd_stop_pulse_show': [{'condition': None, 'number': None, 'priority': 0, 'params': {}}]}}, key=UUID('8076e021-2aec-47eb-b35d-1ea491176064'), condition=None, blocking_facility=None), RegisteredHandler(callback=<bound method ConfigPlayer.config_play_callback of ConfigPlayer.event_player/events>, priority=200, kwargs={'calling_context': 'mode_hard_deck_charlie_started', 'mode': <Mode.pilot_mission_qualifier>, 'settings': {'ball_search_reset': [{'condition': None, 'number': None, 'priority': 0, 'params': {}}], 'ball_search_block': [{'condition': None, 'number': None, 'priority': 0, 'params': {}}]}}, key=UUID('30747ef6-173c-4d01-bef3-f1fb7ea8ae03'), condition=None, blocking_facility=None)]. The order of those handlers is not defined and they will be executed in random order. This might lead to race conditions and potential bugs.
2026-05-17 15:21:34,120 : INFO : EventManager : Unordered handler for class ConfigPlayer.event_player/events on event mode_hard_deck_charlie_started with priority 200. Handlers: [RegisteredHandler(callback=<bound method ConfigPlayer.config_play_callback of ConfigPlayer.event_player/events>, priority=200, kwargs={'calling_context': 'mode_hard_deck_charlie_started', 'mode': <Mode.iceman_letters>, 'settings': {'stop_all_training_pulse_shows': [{'condition': None, 'number': None, 'priority': 0, 'params': {}}]}}, key=UUID('4df640e1-dc59-4bcd-92cf-496a61e7b480'), condition=None, blocking_facility=None), RegisteredHandler(callback=<bound method ConfigPlayer.config_play_callback of ConfigPlayer.event_player/events>, priority=200, kwargs={'calling_context': 'mode_hard_deck_charlie_started', 'mode': <Mode.hard_deck_qualifiers>, 'settings': {'hd_stop_pulse_show': [{'condition': None, 'number': None, 'priority': 0, 'params': {}}]}}, key=UUID('8076e021-2aec-47eb-b35d-1ea491176064'), condition=None, blocking_facility=None), RegisteredHandler(callback=<bound method ConfigPlayer.config_play_callback of ConfigPlayer.event_player/events>, priority=200, kwargs={'calling_context': 'mode_hard_deck_charlie_started', 'mode': <Mode.pilot_mission_qualifier>, 'settings': {'ball_search_reset': [{'condition': None, 'number': None, 'priority': 0, 'params': {}}], 'ball_search_block': [{'condition': None, 'number': None, 'priority': 0, 'params': {}}]}}, key=UUID('30747ef6-173c-4d01-bef3-f1fb7ea8ae03'), condition=None, blocking_facility=None)]. The order of those handlers is not defined and they will be executed in random order. This might lead to race conditions and potential bugs.
2026-05-17 15:21:34,120 : INFO : EventManager : Unordered handler for class ConfigPlayer.variable_player/variables on event ball_will_end with priority 200. Handlers: [RegisteredHandler(callback=<bound method ConfigPlayer.config_play_callback of ConfigPlayer.variable_player/variables>, priority=200, kwargs={'calling_context': 'ball_will_end', 'mode': <Mode.mig_letters>, 'settings': {'mig_letter_m': {'action': 'set', 'int': <NativeTemplate 0>, 'priority': 0, 'float': None, 'string': None, 'block': False, 'player': None, 'condition': None}, 'mig_letter_i': {'action': 'set', 'int': <NativeTemplate 0>, 'priority': 0, 'float': None, 'string': None, 'block': False, 'player': None, 'condition': None}, 'mig_letter_g': {'action': 'set', 'int': <NativeTemplate 0>, 'priority': 0, 'float': None, 'string': None, 'block': False, 'player': None, 'condition': None}, 'mig_completing': {'action': 'set', 'int': <NativeTemplate 0>, 'priority': 0, 'float': None, 'string': None, 'block': False, 'player': None, 'condition': None}}}, key=UUID('3fc43901-5b46-4595-bb7f-8c1e91ae24bb'), condition=None, blocking_facility=None), RegisteredHandler(callback=<bound method ConfigPlayer.config_play_callback of ConfigPlayer.variable_player/variables>, priority=200, kwargs={'calling_context': 'ball_will_end', 'mode': <Mode.pilot_mission_qualifier>, 'settings': {'mystery_just_lit_pilot': {'action': 'set', 'int': <NativeTemplate 0>, 'priority': 0, 'float': None, 'string': None, 'block': False, 'player': None, 'condition': None}, 'scoop_release_pending': {'action': 'set', 'int': <NativeTemplate 0>, 'priority': 0, 'float': None, 'string': None, 'block': False, 'player': None, 'condition': None}}}, key=UUID('fc6e4c1d-673a-44ec-b6c8-0d2224321d97'), condition=None, blocking_facility=None)]. The order of those handlers is not defined and they will be executed in random order. This might lead to race conditions and potential bugs.
2026-05-17 15:21:34,120 : INFO : EventManager : Event: ======'mode_hard_deck_charlie_starting'====== Args={'priority': 0}
2026-05-17 15:21:34,121 : INFO : Mode.hard_deck_charlie : Started. Priority: 600
2026-05-17 15:21:34,121 : INFO : EventManager : Event: ======'modes_active_modes_changed'====== Args={}
2026-05-17 15:21:34,121 : INFO : EventManager : Event: ======'mode_hard_deck_charlie_started'====== Args={'priority': 0}
2026-05-17 15:21:34,121 : INFO : coil.c_left_lane_up_post : Enabling Driver with power 0.25 (pulse_ms 20ms and pulse_power 0.75)
2026-05-17 15:21:34,121 : INFO : EventManager : Event: ======'barrier_raise'====== Args={'priority': 0}
2026-05-17 15:21:34,122 : INFO : EventManager : Event: ======'player_charlie_stage'====== Args={'value': 1, 'prev_value': 0, 'change': 1, 'player_num': 1, 'source': 'hard_deck_charlie'}
2026-05-17 15:21:34,122 : INFO : EventManager : Event: ======'player_charlie_complete_flag'====== Args={'value': 0, 'prev_value': 0, 'change': 0, 'player_num': 1, 'source': 'hard_deck_charlie'}
2026-05-17 15:21:34,122 : INFO : EventManager : Event: ======'player_charlie_timer_ticks'====== Args={'value': 150, 'prev_value': 0, 'change': 150, 'player_num': 1, 'source': 'hard_deck_charlie'}
2026-05-17 15:21:34,122 : INFO : EventManager : Event: ======'player_charlie_shots_remaining'====== Args={'value': 5, 'prev_value': 0, 'change': 5, 'player_num': 1, 'source': 'hard_deck_charlie'}
2026-05-17 15:21:34,122 : INFO : EventManager : Event: ======'player_charlie_stage_1_lo_hit'====== Args={'value': 0, 'prev_value': 0, 'change': 0, 'player_num': 1, 'source': 'hard_deck_charlie'}
2026-05-17 15:21:34,122 : INFO : EventManager : Event: ======'player_charlie_stage_1_lr_hit'====== Args={'value': 0, 'prev_value': 0, 'change': 0, 'player_num': 1, 'source': 'hard_deck_charlie'}
2026-05-17 15:21:34,122 : INFO : EventManager : Event: ======'player_charlie_stage_1_twr_hit'====== Args={'value': 0, 'prev_value': 0, 'change': 0, 'player_num': 1, 'source': 'hard_deck_charlie'}
2026-05-17 15:21:34,122 : INFO : EventManager : Event: ======'player_charlie_stage_1_rr_hit'====== Args={'value': 0, 'prev_value': 0, 'change': 0, 'player_num': 1, 'source': 'hard_deck_charlie'}
2026-05-17 15:21:34,122 : INFO : EventManager : Event: ======'player_charlie_stage_1_shots_made'====== Args={'value': 0, 'prev_value': 0, 'change': 0, 'player_num': 1, 'source': 'hard_deck_charlie'}
2026-05-17 15:21:34,122 : INFO : EventManager : Event: ======'player_charlie_stage_1_final_shot_lit'====== Args={'value': 0, 'prev_value': 0, 'change': 0, 'player_num': 1, 'source': 'hard_deck_charlie'}
2026-05-17 15:21:34,122 : INFO : EventManager : Event: ======'player_mode_points_scored'====== Args={'value': 0, 'prev_value': 150000, 'change': -150000, 'player_num': 1, 'source': 'hard_deck_charlie'}
2026-05-17 15:21:34,123 : INFO : EventManager : Event: ======'stop_all_training_pulse_shows'====== Args={'priority': 0}
2026-05-17 15:21:34,123 : INFO : EventManager : Event: ======'hd_stop_pulse_show'====== Args={'priority': 0}
2026-05-17 15:21:34,123 : INFO : EventManager : Event: ======'player_hard_deck_active'====== Args={'value': 1, 'prev_value': 0, 'change': 1, 'player_num': 1, 'source': 'hard_deck_qualifiers'}
2026-05-17 15:21:34,123 : INFO : EventManager : Event: ======'player_letter_collection_paused'====== Args={'value': 1, 'prev_value': 0, 'change': 1, 'player_num': 1, 'source': 'hard_deck_qualifiers'}
2026-05-17 15:21:34,123 : INFO : EventManager : Event: ======'player_hard_deck_qualified_mode'====== Args={'value': 0, 'prev_value': 1, 'change': -1, 'player_num': 1, 'source': 'hard_deck_qualifiers'}
2026-05-17 15:21:34,123 : INFO : EventManager : Event: ======'player_hd_mc_played'====== Args={'value': 1, 'prev_value': 0, 'change': 1, 'player_num': 1, 'source': 'hard_deck_qualifiers'}
2026-05-17 15:21:34,123 : INFO : EventManager : Event: ======'player_hard_deck_missions_played'====== Args={'value': 1, 'prev_value': 0, 'change': 1, 'player_num': 1, 'source': 'hard_deck_qualifiers'}
2026-05-17 15:21:34,123 : INFO : EventManager : Event: ======'player_hard_deck_awards_count'====== Args={'value': 1, 'prev_value': 0, 'change': 1, 'player_num': 1, 'source': 'hard_deck_qualifiers'}
2026-05-17 15:21:34,123 : INFO : coil.c_mode_barrier : Disabling Driver
2026-05-17 15:21:34,123 : INFO : EventManager : Event: ======'ball_search_reset'====== Args={'priority': 0}
2026-05-17 15:21:34,124 : INFO : EventManager : Event: ======'ball_search_block'====== Args={'priority': 0}
2026-05-17 15:21:34,124 : INFO : Timer.hard_deck_charlie_intro_video_delay : Starting Timer.
2026-05-17 15:21:34,124 : INFO : EventManager : Event: ======'timer_hard_deck_charlie_intro_video_delay_started'====== Args={'ticks': 0, 'ticks_remaining': 90}
2026-05-17 15:21:34,124 : INFO : EventManager : Event: ======'timer_hard_deck_charlie_intro_video_delay_tick'====== Args={'ticks': 0, 'ticks_remaining': 90}
2026-05-17 15:21:34,124 : INFO : coil.c_mode_barrier : Disabling Driver
2026-05-17 15:21:34,124 : INFO : EventManager : Event: ======'player_scoop_release_pending'====== Args={'value': 0, 'prev_value': 0, 'change': 0, 'player_num': 1, 'source': 'pilot_mission_qualifier'}
2026-05-17 15:21:34,125 : INFO : Timer.global_scoop_eject_delay : Stopping Timer
2026-05-17 15:21:34,125 : INFO : EventManager : Event: ======'timer_global_scoop_eject_delay_stopped'====== Args={'ticks': 0, 'ticks_remaining': 0}
2026-05-17 15:21:34,125 : INFO : EventManager : Event: ======'stop_all_mode_pulse_shows'====== Args={'priority': 0}
2026-05-17 15:21:34,126 : INFO : EventManager : Event: ======'update_training_qual_lights'====== Args={'priority': 0}
2026-05-17 15:21:34,164 : INFO : EventManager : Event: ======'slide_hard_deck_charlie_intro_created'====== Args={'_from_bcp': True}
2026-05-17 15:21:34,165 : INFO : EventManager : Event: ======'slide_mach_1_inactive'====== Args={'is_removing': False, '_from_bcp': True}
2026-05-17 15:21:34,165 : INFO : EventManager : Event: ======'slide_hard_deck_charlie_intro_active'====== Args={'original_context': 'hard_deck_charlie', 'original_calling_context': 'mode_hard_deck_charlie_started', 'priority': 600.0, 'cmd': 'slides_play', '_from_bcp': True}
2026-05-17 15:21:35,112 : INFO : EventManager : Event: ======'player_hard_deck_charlie_hard_deck_charlie_intro_video_delay_tick'====== Args={'value': 1, 'prev_value': 0, 'change': 1, 'player_num': 1}
2026-05-17 15:21:35,113 : INFO : EventManager : Event: ======'timer_hard_deck_charlie_intro_video_delay_tick'====== Args={'ticks': 1, 'ticks_remaining': 89}
2026-05-17 15:21:36,113 : INFO : EventManager : Event: ======'player_hard_deck_charlie_hard_deck_charlie_intro_video_delay_tick'====== Args={'value': 2, 'prev_value': 1, 'change': 1, 'player_num': 1}
2026-05-17 15:21:36,113 : INFO : EventManager : Event: ======'timer_hard_deck_charlie_intro_video_delay_tick'====== Args={'ticks': 2, 'ticks_remaining': 88}
2026-05-17 15:21:37,127 : INFO : EventManager : Event: ======'player_hard_deck_charlie_hard_deck_charlie_intro_video_delay_tick'====== Args={'value': 3, 'prev_value': 2, 'change': 1, 'player_num': 1}
2026-05-17 15:21:37,127 : INFO : EventManager : Event: ======'timer_hard_deck_charlie_intro_video_delay_tick'====== Args={'ticks': 3, 'ticks_remaining': 87}
2026-05-17 15:21:38,123 : INFO : EventManager : Event: ======'player_hard_deck_charlie_hard_deck_charlie_intro_video_delay_tick'====== Args={'value': 4, 'prev_value': 3, 'change': 1, 'player_num': 1}
2026-05-17 15:21:38,123 : INFO : EventManager : Event: ======'timer_hard_deck_charlie_intro_video_delay_tick'====== Args={'ticks': 4, 'ticks_remaining': 86}
2026-05-17 15:21:39,113 : INFO : EventManager : Event: ======'player_hard_deck_charlie_hard_deck_charlie_intro_video_delay_tick'====== Args={'value': 5, 'prev_value': 4, 'change': 1, 'player_num': 1}
2026-05-17 15:21:39,113 : INFO : EventManager : Event: ======'timer_hard_deck_charlie_intro_video_delay_tick'====== Args={'ticks': 5, 'ticks_remaining': 85}
2026-05-17 15:21:39,659 : INFO : SwitchController : <<<<<<< 's_flipper_left' active >>>>>>>
2026-05-17 15:21:39,659 : INFO : EventManager : Event: ======'s_flipper_left_active'====== Args={}
2026-05-17 15:21:39,659 : INFO : EventManager : Event: ======'machine_var_audits_switches_s_flipper_left'====== Args={'value': 57377, 'prev_value': 57376, 'change': 1}
2026-05-17 15:21:39,660 : INFO : SwitchController : <<<<<<< 's_flipper_right' active >>>>>>>
2026-05-17 15:21:39,660 : INFO : EventManager : Event: ======'s_flipper_right_active'====== Args={}
2026-05-17 15:21:39,660 : INFO : EventManager : Event: ======'flipper_cancel'====== Args={'triggering_group': 2, 'triggering_switch': 's_flipper_right'}
2026-05-17 15:21:39,660 : INFO : EventManager : Event: ======'machine_var_audits_switches_s_flipper_right'====== Args={'value': 55642, 'prev_value': 55641, 'change': 1}
2026-05-17 15:21:39,660 : INFO : SwitchController : <<<<<<< 's_flipper_left_upper' active >>>>>>>
2026-05-17 15:21:39,660 : INFO : EventManager : Event: ======'machine_var_audits_switches_s_flipper_left_upper'====== Args={'value': 56688, 'prev_value': 56687, 'change': 1}
2026-05-17 15:21:39,661 : INFO : EventManager : Event: ======'hard_deck_charlie_skip_intro'====== Args={'priority': 0}
2026-05-17 15:21:39,661 : INFO : EventManager : Event: ======'goose_rotate_left_execute'====== Args={'priority': 0}
2026-05-17 15:21:39,662 : INFO : EventManager : Event: ======'mig_rotate_left_execute'====== Args={'priority': 0}
2026-05-17 15:21:39,662 : INFO : EventManager : Event: ======'player_mig_temp_m'====== Args={'value': 1, 'prev_value': 0, 'change': 1, 'player_num': 1, 'source': 'mig_letters'}
2026-05-17 15:21:39,662 : INFO : EventManager : Event: ======'player_mig_temp_g'====== Args={'value': 0, 'prev_value': 1, 'change': -1, 'player_num': 1, 'source': 'mig_letters'}
2026-05-17 15:21:39,662 : INFO : EventManager : Event: ======'status_mode_entry_both_held'====== Args={'priority': 0}
2026-05-17 15:21:39,662 : INFO : EventManager : Event: ======'ball_search_reset'====== Args={'priority': 0}
2026-05-17 15:21:39,662 : INFO : EventManager : Event: ======'hard_deck_charlie_ball_released'====== Args={'priority': 0}
2026-05-17 15:21:39,662 : INFO : EventManager : Event: ======'charlie_stage_1_setup'====== Args={'priority': 0}
2026-05-17 15:21:39,663 : INFO : Timer.hard_deck_charlie_intro_video_delay : Stopping Timer
2026-05-17 15:21:39,663 : INFO : EventManager : Event: ======'timer_hard_deck_charlie_intro_video_delay_stopped'====== Args={'ticks': 5, 'ticks_remaining': 85}
2026-05-17 15:21:39,663 : INFO : coil.c_left_lane_up_post : Disabling Driver
2026-05-17 15:21:39,663 : INFO : EventManager : Event: ======'ball_save_mode_timer_start'====== Args={'priority': 0}
2026-05-17 15:21:39,664 : INFO : Timer.hard_deck_charlie_timer : Starting Timer.
2026-05-17 15:21:39,664 : INFO : EventManager : Event: ======'timer_hard_deck_charlie_timer_started'====== Args={'ticks': 150, 'ticks_remaining': 150}
2026-05-17 15:21:39,664 : INFO : EventManager : Event: ======'timer_hard_deck_charlie_timer_tick'====== Args={'ticks': 150, 'ticks_remaining': 150}
2026-05-17 15:21:39,665 : INFO : EventManager : Event: ======'ball_save_mode_ball_save_timer_start'====== Args={}
2026-05-17 15:21:39,665 : INFO : EventManager : Event: ======'ball_save_mode_ball_save_enabled'====== Args={}
2026-05-17 15:21:39,665 : INFO : Timer.mode_ball_save_countdown : Starting Timer.
2026-05-17 15:21:39,665 : INFO : EventManager : Event: ======'timer_mode_ball_save_countdown_started'====== Args={'ticks': 30, 'ticks_remaining': 30}
2026-05-17 15:21:39,665 : INFO : EventManager : Event: ======'timer_mode_ball_save_countdown_tick'====== Args={'ticks': 30, 'ticks_remaining': 30}
2026-05-17 15:21:39,665 : INFO : EventManager : Event: ======'ball_save_flash_slow'====== Args={'priority': 0}
2026-05-17 15:21:39,665 : INFO : EventManager : Event: ======'player_ball_save_time_remaining'====== Args={'value': 30, 'prev_value': 1, 'change': 29, 'player_num': 1, 'source': 'ball_save'}
2026-05-17 15:21:39,665 : INFO : EventManager : Event: ======'right_ramp_down'====== Args={'priority': 0}
2026-05-17 15:21:39,666 : INFO : coil.c_right_orbit_diverter : Disabling Driver
2026-05-17 15:21:39,666 : INFO : EventManager : Event: ======'player_mig_letter_i'====== Args={'value': 0, 'prev_value': 1, 'change': -1, 'player_num': 1, 'source': 'mig_letters'}
2026-05-17 15:21:39,666 : INFO : EventManager : Event: ======'player_mig_letter_g'====== Args={'value': 1, 'prev_value': 0, 'change': 1, 'player_num': 1, 'source': 'mig_letters'}
2026-05-17 15:21:39,666 : INFO : Timer.status_mode_entry : Starting Timer.
2026-05-17 15:21:39,666 : INFO : EventManager : Event: ======'timer_status_mode_entry_started'====== Args={'ticks': 0, 'ticks_remaining': 4}
2026-05-17 15:21:39,666 : INFO : EventManager : Event: ======'timer_status_mode_entry_tick'====== Args={'ticks': 0, 'ticks_remaining': 4}
2026-05-17 15:21:39,666 : INFO : EventManager : Event: ======'goose_rotate_right_execute'====== Args={'priority': 0}
2026-05-17 15:21:39,666 : INFO : EventManager : Event: ======'mig_rotate_right_execute'====== Args={'priority': 0}
2026-05-17 15:21:39,666 : INFO : EventManager : Event: ======'player_mig_temp_i'====== Args={'value': 0, 'prev_value': 1, 'change': -1, 'player_num': 1, 'source': 'mig_letters'}
2026-05-17 15:21:39,668 : INFO : EventManager : Event: ======'player_mig_temp_g'====== Args={'value': 1, 'prev_value': 0, 'change': 1, 'player_num': 1, 'source': 'mig_letters'}
2026-05-17 15:21:39,668 : INFO : EventManager : Event: ======'status_mode_entry_both_held'====== Args={'priority': 0}
2026-05-17 15:21:39,668 : INFO : EventManager : Event: ======'ball_search_reset'====== Args={'priority': 0}
2026-05-17 15:21:39,668 : INFO : EventManager : Event: ======'player_mig_letter_g'====== Args={'value': 0, 'prev_value': 1, 'change': -1, 'player_num': 1, 'source': 'mig_letters'}
2026-05-17 15:21:39,668 : INFO : EventManager : Event: ======'player_mig_letter_i'====== Args={'value': 1, 'prev_value': 0, 'change': 1, 'player_num': 1, 'source': 'mig_letters'}
2026-05-17 15:21:39,668 : INFO : EventManager : Event: ======'timer_status_mode_entry_tick'====== Args={'ticks': 0, 'ticks_remaining': 4}
2026-05-17 15:21:39,677 : INFO : EventManager : Event: ======'slide_hard_deck_charlie_intro_inactive'====== Args={'is_removing': True, '_from_bcp': True}
2026-05-17 15:21:39,677 : INFO : EventManager : Event: ======'slide_mach_1_active'====== Args={'_from_bcp': True}
2026-05-17 15:21:39,679 : INFO : SwitchController : <<<<<<< 's_flipper_left_eos' active >>>>>>>
2026-05-17 15:21:39,680 : INFO : EventManager : Event: ======'machine_var_audits_switches_s_flipper_left_eos'====== Args={'value': 52102, 'prev_value': 52101, 'change': 1}
2026-05-17 15:21:39,681 : INFO : EventManager : Event: ======'slide_hard_deck_charlie_intro_removed'====== Args={'_from_bcp': True}
2026-05-17 15:21:39,683 : INFO : SwitchController : <<<<<<< 's_flipper_right_eos' active >>>>>>>
2026-05-17 15:21:39,683 : INFO : EventManager : Event: ======'machine_var_audits_switches_s_flipper_right_eos'====== Args={'value': 50058, 'prev_value': 50057, 'change': 1}
2026-05-17 15:21:39,684 : INFO : SwitchController : <<<<<<< 's_flipper_left_upper_eos' active >>>>>>>
2026-05-17 15:21:39,685 : INFO : EventManager : Event: ======'s_flipper_left_upper_eos_active'====== Args={}
2026-05-17 15:21:39,685 : INFO : EventManager : Event: ======'machine_var_audits_switches_s_flipper_left_upper_eos'====== Args={'value': 63824, 'prev_value': 63823, 'change': 1}
2026-05-17 15:21:39,686 : INFO : EventManager : Event: ======'player_previous_switch_type'====== Args={'value': 2, 'prev_value': 0, 'change': 2, 'player_num': 1, 'source': 'pilot_mission_qualifier'}
2026-05-17 15:21:39,698 : INFO : EventManager : Event: ======'slide_hard_deck_charlie_background_created'====== Args={'_from_bcp': True}
2026-05-17 15:21:39,700 : INFO : EventManager : Event: ======'slide_hard_deck_charlie_shots_remaining_created'====== Args={'_from_bcp': True}
2026-05-17 15:21:39,701 : INFO : EventManager : Event: ======'slide_hard_deck_charlie_timer_created'====== Args={'_from_bcp': True}
2026-05-17 15:21:39,702 : INFO : EventManager : Event: ======'slide_mach_1_inactive'====== Args={'is_removing': False, '_from_bcp': True}
2026-05-17 15:21:39,702 : INFO : EventManager : Event: ======'slide_hard_deck_charlie_timer_active'====== Args={'original_context': 'hard_deck_charlie', 'original_calling_context': 'hard_deck_charlie_ball_released', 'priority': 600.0, 'cmd': 'slides_play', '_from_bcp': True}
2026-05-17 15:21:39,736 : INFO : SwitchController : <<<<<<< 's_flipper_left_upper' inactive >>>>>>>
2026-05-17 15:21:39,751 : INFO : SwitchController : <<<<<<< 's_flipper_left' inactive >>>>>>>
2026-05-17 15:21:39,752 : INFO : EventManager : Event: ======'s_flipper_left_inactive'====== Args={}
2026-05-17 15:21:39,752 : INFO : EventManager : Event: ======'both_flippers_one'====== Args={'triggering_group': 1, 'triggering_switch': 's_flipper_left'}
2026-05-17 15:21:39,753 : INFO : EventManager : Event: ======'status_mode_entry_cancel'====== Args={'priority': 0}
2026-05-17 15:21:39,753 : INFO : Timer.status_mode_entry : Stopping Timer
2026-05-17 15:21:39,753 : INFO : EventManager : Event: ======'timer_status_mode_entry_stopped'====== Args={'ticks': 0, 'ticks_remaining': 4}
2026-05-17 15:21:39,798 : INFO : SwitchController : <<<<<<< 's_flipper_right' inactive >>>>>>>
2026-05-17 15:21:39,798 : INFO : EventManager : Event: ======'s_flipper_right_inactive'====== Args={}
2026-05-17 15:21:39,798 : INFO : EventManager : Event: ======'both_flippers_inactive'====== Args={'triggering_group': 2, 'triggering_switch': 's_flipper_right'}
2026-05-17 15:21:39,799 : INFO : SwitchController : <<<<<<< 's_lane_left' inactive >>>>>>>
2026-05-17 15:21:39,799 : INFO : EventManager : Event: ======'s_lane_left_inactive'====== Args={}
2026-05-17 15:21:39,845 : INFO : SwitchController : <<<<<<< 's_flipper_left_eos' inactive >>>>>>>
2026-05-17 15:21:39,845 : INFO : SwitchController : <<<<<<< 's_flipper_left_upper_eos' inactive >>>>>>>
2026-05-17 15:21:39,892 : INFO : SwitchController : <<<<<<< 's_flipper_right_eos' inactive >>>>>>>
2026-05-17 15:21:40,671 : INFO : EventManager : Event: ======'player_hard_deck_charlie_hard_deck_charlie_timer_tick'====== Args={'value': 149, 'prev_value': 150, 'change': -1, 'player_num': 1}
2026-05-17 15:21:40,671 : INFO : EventManager : Event: ======'timer_hard_deck_charlie_timer_tick'====== Args={'ticks': 149, 'ticks_remaining': 149}
2026-05-17 15:21:40,672 : INFO : EventManager : Event: ======'player_ball_save_mode_ball_save_countdown_tick'====== Args={'value': 29, 'prev_value': 30, 'change': -1, 'player_num': 1}
2026-05-17 15:21:40,672 : INFO : EventManager : Event: ======'timer_mode_ball_save_countdown_tick'====== Args={'ticks': 29, 'ticks_remaining': 29}
2026-05-17 15:21:40,672 : INFO : EventManager : Event: ======'player_charlie_timer_ticks'====== Args={'value': 149, 'prev_value': 150, 'change': -1, 'player_num': 1, 'source': 'hard_deck_charlie'}
2026-05-17 15:21:40,672 : INFO : EventManager : Event: ======'ball_save_flash_slow'====== Args={'priority': 0}
2026-05-17 15:21:40,673 : INFO : EventManager : Event: ======'player_ball_save_time_remaining'====== Args={'value': 29, 'prev_value': 30, 'change': -1, 'player_num': 1, 'source': 'ball_save'}
2026-05-17 15:21:41,667 : INFO : EventManager : Event: ======'player_ball_save_mode_ball_save_countdown_tick'====== Args={'value': 28, 'prev_value': 29, 'change': -1, 'player_num': 1}
2026-05-17 15:21:41,667 : INFO : EventManager : Event: ======'timer_mode_ball_save_countdown_tick'====== Args={'ticks': 28, 'ticks_remaining': 28}
2026-05-17 15:21:41,668 : INFO : EventManager : Event: ======'player_hard_deck_charlie_hard_deck_charlie_timer_tick'====== Args={'value': 148, 'prev_value': 149, 'change': -1, 'player_num': 1}
2026-05-17 15:21:41,668 : INFO : EventManager : Event: ======'timer_hard_deck_charlie_timer_tick'====== Args={'ticks': 148, 'ticks_remaining': 148}
2026-05-17 15:21:41,668 : INFO : EventManager : Event: ======'ball_save_flash_slow'====== Args={'priority': 0}
2026-05-17 15:21:41,669 : INFO : EventManager : Event: ======'player_ball_save_time_remaining'====== Args={'value': 28, 'prev_value': 29, 'change': -1, 'player_num': 1, 'source': 'ball_save'}
2026-05-17 15:21:41,669 : INFO : EventManager : Event: ======'player_charlie_timer_ticks'====== Args={'value': 148, 'prev_value': 149, 'change': -1, 'player_num': 1, 'source': 'hard_deck_charlie'}
2026-05-17 15:21:42,665 : INFO : EventManager : Event: ======'player_ball_save_mode_ball_save_countdown_tick'====== Args={'value': 27, 'prev_value': 28, 'change': -1, 'player_num': 1}
2026-05-17 15:21:42,665 : INFO : EventManager : Event: ======'timer_mode_ball_save_countdown_tick'====== Args={'ticks': 27, 'ticks_remaining': 27}
2026-05-17 15:21:42,665 : INFO : EventManager : Event: ======'player_hard_deck_charlie_hard_deck_charlie_timer_tick'====== Args={'value': 147, 'prev_value': 148, 'change': -1, 'player_num': 1}
2026-05-17 15:21:42,666 : INFO : EventManager : Event: ======'timer_hard_deck_charlie_timer_tick'====== Args={'ticks': 147, 'ticks_remaining': 147}
2026-05-17 15:21:42,666 : INFO : EventManager : Event: ======'ball_save_flash_slow'====== Args={'priority': 0}
2026-05-17 15:21:42,666 : INFO : EventManager : Event: ======'player_ball_save_time_remaining'====== Args={'value': 27, 'prev_value': 28, 'change': -1, 'player_num': 1, 'source': 'ball_save'}
2026-05-17 15:21:42,667 : INFO : EventManager : Event: ======'player_charlie_timer_ticks'====== Args={'value': 147, 'prev_value': 148, 'change': -1, 'player_num': 1, 'source': 'hard_deck_charlie'}
2026-05-17 15:21:43,667 : INFO : EventManager : Event: ======'player_hard_deck_charlie_hard_deck_charlie_timer_tick'====== Args={'value': 146, 'prev_value': 147, 'change': -1, 'player_num': 1}
2026-05-17 15:21:43,668 : INFO : EventManager : Event: ======'timer_hard_deck_charlie_timer_tick'====== Args={'ticks': 146, 'ticks_remaining': 146}
2026-05-17 15:21:43,668 : INFO : EventManager : Event: ======'player_ball_save_mode_ball_save_countdown_tick'====== Args={'value': 26, 'prev_value': 27, 'change': -1, 'player_num': 1}
2026-05-17 15:21:43,668 : INFO : EventManager : Event: ======'timer_mode_ball_save_countdown_tick'====== Args={'ticks': 26, 'ticks_remaining': 26}
2026-05-17 15:21:43,668 : INFO : EventManager : Event: ======'player_charlie_timer_ticks'====== Args={'value': 146, 'prev_value': 147, 'change': -1, 'player_num': 1, 'source': 'hard_deck_charlie'}
2026-05-17 15:21:43,668 : INFO : EventManager : Event: ======'ball_save_flash_slow'====== Args={'priority': 0}
2026-05-17 15:21:43,668 : INFO : EventManager : Event: ======'player_ball_save_time_remaining'====== Args={'value': 26, 'prev_value': 27, 'change': -1, 'player_num': 1, 'source': 'ball_save'}
2026-05-17 15:21:44,666 : INFO : EventManager : Event: ======'player_ball_save_mode_ball_save_countdown_tick'====== Args={'value': 25, 'prev_value': 26, 'change': -1, 'player_num': 1}
2026-05-17 15:21:44,666 : INFO : EventManager : Event: ======'timer_mode_ball_save_countdown_tick'====== Args={'ticks': 25, 'ticks_remaining': 25}
2026-05-17 15:21:44,666 : INFO : EventManager : Event: ======'player_hard_deck_charlie_hard_deck_charlie_timer_tick'====== Args={'value': 145, 'prev_value': 146, 'change': -1, 'player_num': 1}
2026-05-17 15:21:44,667 : INFO : EventManager : Event: ======'timer_hard_deck_charlie_timer_tick'====== Args={'ticks': 145, 'ticks_remaining': 145}
2026-05-17 15:21:44,667 : INFO : EventManager : Event: ======'ball_save_flash_slow'====== Args={'priority': 0}
2026-05-17 15:21:44,667 : INFO : EventManager : Event: ======'player_ball_save_time_remaining'====== Args={'value': 25, 'prev_value': 26, 'change': -1, 'player_num': 1, 'source': 'ball_save'}
2026-05-17 15:21:44,667 : INFO : EventManager : Event: ======'player_charlie_timer_ticks'====== Args={'value': 145, 'prev_value': 146, 'change': -1, 'player_num': 1, 'source': 'hard_deck_charlie'}
2026-05-17 15:21:44,729 : INFO : SwitchController : <<<<<<< 's_trough_6' active >>>>>>>
2026-05-17 15:21:44,729 : INFO : EventManager : Event: ======'machine_var_audits_switches_s_trough_6'====== Args={'value': 5715, 'prev_value': 5714, 'change': 1}
2026-05-17 15:21:45,042 : INFO : EventManager : Event: ======'balldevice_bd_trough_ball_count_changed'====== Args={'balls': 6}
2026-05-17 15:21:45,042 : INFO : ball_device.bd_trough : Received unexpected ball
2026-05-17 15:21:45,042 : INFO : EventManager : Event: ======'balldevice_captured_from_playfield'====== Args={'balls': 1}
2026-05-17 15:21:45,043 : INFO : EventManager : Event: ======'sw_playfield_active'====== Args={'balls': 1}
2026-05-17 15:21:45,044 : INFO : EventManager : Event: ======'playfield_ball_count_change'====== Args={'balls': 0, 'change': -1}
2026-05-17 15:21:45,045 : INFO : EventManager : Event: ======'balldevice_bd_trough_ball_enter'====== Args={'new_balls': 1, 'unclaimed_balls': 1, 'new_available_balls': 1, 'device': <ball_device.bd_trough>}
2026-05-17 15:21:45,045 : INFO : EventManager : Event: ======'ball_drain'====== Args={'device': <ball_device.bd_trough>, 'balls': 1}
2026-05-17 15:21:45,045 : INFO : EventManager : Event: ======'ball_save_mode_ball_save_saving_ball'====== Args={'balls': 1, 'early_save': False}
2026-05-17 15:21:45,045 : INFO : ball_device.bd_plunger : Setting up player-controlled eject. Balls: 1, Target: <playfield.playfield>, player_controlled_eject_event: None
2026-05-17 15:21:45,045 : INFO : EventManager : Event: ======'balldevice_balls_available'====== Args={}
2026-05-17 15:21:45,046 : INFO : EventManager : Event: ======'extra_ball_drain_cleanup'====== Args={'priority': 0}
2026-05-17 15:21:45,046 : INFO : coil.c_left_lane_up_post : Disabling Driver
2026-05-17 15:21:45,046 : INFO : EventManager : Event: ======'balldevice_balls_available'====== Args={}
2026-05-17 15:21:45,048 : INFO : EventManager : Event: ======'balldevice_bd_trough_ball_entered'====== Args={'new_balls': 1, 'device': <ball_device.bd_trough>}
2026-05-17 15:21:45,049 : INFO : ball_device.bd_trough : State: waiting_for_target_ready
2026-05-17 15:21:45,049 : INFO : EventManager : Event: ======'balldevice_bd_trough_ball_eject_attempt'====== Args={'balls': 1, 'target': <ball_device.bd_plunger>, 'source': <ball_device.bd_trough>, 'mechanical_eject': True, 'num_attempts': 0}
2026-05-17 15:21:45,049 : INFO : ball_device.bd_plunger : State: waiting_for_ball
2026-05-17 15:21:45,050 : INFO : ball_device.bd_trough : State: ejecting
2026-05-17 15:21:45,050 : INFO : ball_device.bd_trough : Ejecting ball to <ball_device.bd_plunger>
2026-05-17 15:21:45,050 : INFO : EventManager : Event: ======'balldevice_bd_trough_ejecting_ball'====== Args={'balls': 1, 'target': <ball_device.bd_plunger>, 'source': <ball_device.bd_trough>, 'mechanical_eject': True, 'num_attempts': 0}
2026-05-17 15:21:45,051 : INFO : ball_device.bd_trough : Wait for ball to leave device
2026-05-17 15:21:45,052 : INFO : coil.c_trough_eject : Pulsing Driver for 25ms (0.75 pulse_power)
2026-05-17 15:21:45,087 : INFO : SwitchController : <<<<<<< 's_trough_1' inactive >>>>>>>
2026-05-17 15:21:45,089 : INFO : SwitchController : <<<<<<< 's_jam' active >>>>>>>
2026-05-17 15:21:45,089 : INFO : EventManager : Event: ======'machine_var_audits_switches_s_jam'====== Args={'value': 5621, 'prev_value': 5620, 'change': 1}
2026-05-17 15:21:45,090 : INFO : ball_device.bd_trough : State: ball_left
2026-05-17 15:21:45,091 : INFO : ball_device.bd_trough : Ball left
2026-05-17 15:21:45,091 : INFO : ball_device.bd_trough : Wait for confirm with timeout 3.0
2026-05-17 15:21:45,118 : INFO : SwitchController : <<<<<<< 's_jam' inactive >>>>>>>
2026-05-17 15:21:45,386 : INFO : SwitchController : <<<<<<< 's_trough_2' inactive >>>>>>>
2026-05-17 15:21:45,386 : INFO : SwitchController : <<<<<<< 's_trough_5' inactive >>>>>>>
2026-05-17 15:21:45,386 : INFO : SwitchController : <<<<<<< 's_trough_4' inactive >>>>>>>
2026-05-17 15:21:45,386 : INFO : SwitchController : <<<<<<< 's_trough_3' inactive >>>>>>>
2026-05-17 15:21:45,402 : INFO : SwitchController : <<<<<<< 's_trough_1' active >>>>>>>
2026-05-17 15:21:45,402 : INFO : EventManager : Event: ======'machine_var_audits_switches_s_trough_1'====== Args={'value': 5676, 'prev_value': 5675, 'change': 1}
2026-05-17 15:21:45,402 : INFO : SwitchController : <<<<<<< 's_trough_6' inactive >>>>>>>
2026-05-17 15:21:45,418 : INFO : SwitchController : <<<<<<< 's_trough_4' active >>>>>>>
2026-05-17 15:21:45,419 : INFO : EventManager : Event: ======'machine_var_audits_switches_s_trough_4'====== Args={'value': 5738, 'prev_value': 5737, 'change': 1}
2026-05-17 15:21:45,419 : INFO : SwitchController : <<<<<<< 's_trough_3' active >>>>>>>
2026-05-17 15:21:45,419 : INFO : EventManager : Event: ======'machine_var_audits_switches_s_trough_3'====== Args={'value': 5744, 'prev_value': 5743, 'change': 1}
2026-05-17 15:21:45,419 : INFO : SwitchController : <<<<<<< 's_trough_2' active >>>>>>>
2026-05-17 15:21:45,419 : INFO : EventManager : Event: ======'machine_var_audits_switches_s_trough_2'====== Args={'value': 5718, 'prev_value': 5717, 'change': 1}
2026-05-17 15:21:45,449 : INFO : SwitchController : <<<<<<< 's_trough_5' active >>>>>>>
2026-05-17 15:21:45,449 : INFO : EventManager : Event: ======'machine_var_audits_switches_s_trough_5'====== Args={'value': 5732, 'prev_value': 5731, 'change': 1}
2026-05-17 15:21:45,464 : INFO : SwitchController : <<<<<<< 's_shooter_lane' active >>>>>>>
2026-05-17 15:21:45,464 : INFO : EventManager : Event: ======'s_shooter_lane_active'====== Args={}
2026-05-17 15:21:45,464 : INFO : EventManager : Event: ======'machine_var_audits_switches_s_shooter_lane'====== Args={'value': 6505, 'prev_value': 6504, 'change': 1}
2026-05-17 15:21:45,667 : INFO : EventManager : Event: ======'player_ball_save_mode_ball_save_countdown_tick'====== Args={'value': 24, 'prev_value': 25, 'change': -1, 'player_num': 1}
2026-05-17 15:21:45,667 : INFO : EventManager : Event: ======'timer_mode_ball_save_countdown_tick'====== Args={'ticks': 24, 'ticks_remaining': 24}
2026-05-17 15:21:45,667 : INFO : EventManager : Event: ======'player_hard_deck_charlie_hard_deck_charlie_timer_tick'====== Args={'value': 144, 'prev_value': 145, 'change': -1, 'player_num': 1}
2026-05-17 15:21:45,668 : INFO : EventManager : Event: ======'timer_hard_deck_charlie_timer_tick'====== Args={'ticks': 144, 'ticks_remaining': 144}
2026-05-17 15:21:45,668 : INFO : EventManager : Event: ======'ball_save_flash_slow'====== Args={'priority': 0}
2026-05-17 15:21:45,668 : INFO : EventManager : Event: ======'player_ball_save_time_remaining'====== Args={'value': 24, 'prev_value': 25, 'change': -1, 'player_num': 1, 'source': 'ball_save'}
2026-05-17 15:21:45,668 : INFO : EventManager : Event: ======'player_charlie_timer_ticks'====== Args={'value': 144, 'prev_value': 145, 'change': -1, 'player_num': 1, 'source': 'hard_deck_charlie'}
2026-05-17 15:21:45,777 : INFO : ball_device.bd_plunger : Received ball from <ball_device.bd_trough>
2026-05-17 15:21:45,778 : INFO : EventManager : Event: ======'balldevice_bd_plunger_ball_enter'====== Args={'new_balls': 1, 'unclaimed_balls': 0, 'new_available_balls': 0, 'device': <ball_device.bd_plunger>}
2026-05-17 15:21:45,778 : INFO : EventManager : Event: ======'balldevice_bd_plunger_ball_entered'====== Args={'new_balls': 0, 'device': <ball_device.bd_plunger>}
2026-05-17 15:21:45,778 : INFO : EventManager : Event: ======'balldevice_bd_plunger_ball_count_changed'====== Args={'balls': 1}
2026-05-17 15:21:45,778 : INFO : ball_device.bd_trough : Got eject confirm
2026-05-17 15:21:45,780 : INFO : ball_device.bd_trough : Eject successful
2026-05-17 15:21:45,780 : INFO : EventManager : Event: ======'balldevice_bd_trough_ball_eject_success'====== Args={'balls': 1, 'target': <ball_device.bd_plunger>}
2026-05-17 15:21:45,780 : INFO : ball_device.bd_plunger : State: waiting_for_target_ready
2026-05-17 15:21:45,780 : INFO : EventManager : Event: ======'balldevice_bd_plunger_ball_eject_attempt'====== Args={'balls': 1, 'target': <playfield.playfield>, 'source': <ball_device.bd_plunger>, 'mechanical_eject': True, 'num_attempts': 0}
2026-05-17 15:21:45,781 : INFO : EventManager : Event: ======'balldevice_bd_trough_ball_count_changed'====== Args={'balls': 5}
2026-05-17 15:21:45,781 : INFO : ball_device.bd_trough : State: idle
2026-05-17 15:21:45,782 : INFO : ball_device.bd_plunger : State: ejecting
2026-05-17 15:21:45,782 : INFO : ball_device.bd_plunger : Ejecting ball to <playfield.playfield>
2026-05-17 15:21:45,782 : INFO : EventManager : Event: ======'balldevice_bd_plunger_ejecting_ball'====== Args={'balls': 1, 'target': <playfield.playfield>, 'source': <ball_device.bd_plunger>, 'mechanical_eject': True, 'num_attempts': 0}
2026-05-17 15:21:45,783 : INFO : EventManager : Event: ======'video_idle_start'====== Args={'priority': 0}
2026-05-17 15:21:45,783 : INFO : ball_device.bd_plunger : Wait for ball to leave device
2026-05-17 15:21:45,950 : INFO : EventManager : Event: ======'do_auto_plunge'====== Args={'priority': 0}
2026-05-17 15:21:45,950 : INFO : coil.c_plunger : Pulsing Driver for 26ms (0.5 pulse_power)
2026-05-17 15:21:46,137 : INFO : SwitchController : <<<<<<< 's_shooter_lane' inactive >>>>>>>
2026-05-17 15:21:46,137 : INFO : EventManager : Event: ======'s_shooter_lane_inactive'====== Args={}
2026-05-17 15:21:46,139 : INFO : Timer.ball_save_auto_plunger_delay : Stopping Timer
2026-05-17 15:21:46,139 : INFO : EventManager : Event: ======'timer_ball_save_auto_plunger_delay_stopped'====== Args={'ticks': 0, 'ticks_remaining': 0}
2026-05-17 15:21:46,139 : INFO : EventManager : Event: ======'player_pilot_mission_qualifier_post_plunge_orbit_lockout_tick'====== Args={'value': 0, 'prev_value': 3, 'change': -3, 'player_num': 1}
2026-05-17 15:21:46,140 : INFO : Timer.post_plunge_orbit_lockout : Starting Timer.
2026-05-17 15:21:46,140 : INFO : EventManager : Event: ======'timer_post_plunge_orbit_lockout_started'====== Args={'ticks': 0, 'ticks_remaining': 3}
2026-05-17 15:21:46,140 : INFO : EventManager : Event: ======'timer_post_plunge_orbit_lockout_tick'====== Args={'ticks': 0, 'ticks_remaining': 3}
2026-05-17 15:21:46,140 : INFO : EventManager : Event: ======'video_launch_start'====== Args={'priority': 0}
2026-05-17 15:21:46,141 : INFO : ball_device.bd_plunger : State: ball_left
2026-05-17 15:21:46,141 : INFO : ball_device.bd_plunger : Ball left
2026-05-17 15:21:46,142 : INFO : ball_device.bd_plunger : Wait for confirm with timeout 3.0
2026-05-17 15:21:46,451 : INFO : SwitchController : <<<<<<< 's_lane_right' active >>>>>>>
2026-05-17 15:21:46,451 : INFO : EventManager : Event: ======'s_lane_right_active'====== Args={}
2026-05-17 15:21:46,451 : INFO : EventManager : Event: ======'sw_playfield_active'====== Args={}
2026-05-17 15:21:46,451 : INFO : EventManager : Event: ======'machine_var_audits_switches_s_lane_right'====== Args={'value': 4794, 'prev_value': 4793, 'change': 1}
2026-05-17 15:21:46,452 : INFO : EventManager : Event: ======'player_score'====== Args={'value': 373000, 'prev_value': 368000, 'change': 5000, 'player_num': 1, 'source': 'base'}
2026-05-17 15:21:46,452 : INFO : EventManager : Event: ======'player_bonus_switches_count'====== Args={'value': 41, 'prev_value': 40, 'change': 1, 'player_num': 1, 'source': 'base'}
2026-05-17 15:21:46,453 : INFO : EventManager : Event: ======'playfield_active'====== Args={'source': None}
2026-05-17 15:21:46,499 : INFO : SwitchController : <<<<<<< 's_lane_right' inactive >>>>>>>
2026-05-17 15:21:46,672 : INFO : EventManager : Event: ======'player_ball_save_mode_ball_save_countdown_tick'====== Args={'value': 23, 'prev_value': 24, 'change': -1, 'player_num': 1}
2026-05-17 15:21:46,672 : INFO : EventManager : Event: ======'timer_mode_ball_save_countdown_tick'====== Args={'ticks': 23, 'ticks_remaining': 23}
2026-05-17 15:21:46,673 : INFO : EventManager : Event: ======'player_hard_deck_charlie_hard_deck_charlie_timer_tick'====== Args={'value': 143, 'prev_value': 144, 'change': -1, 'player_num': 1}
2026-05-17 15:21:46,673 : INFO : EventManager : Event: ======'timer_hard_deck_charlie_timer_tick'====== Args={'ticks': 143, 'ticks_remaining': 143}
2026-05-17 15:21:46,673 : INFO : EventManager : Event: ======'ball_save_flash_slow'====== Args={'priority': 0}
2026-05-17 15:21:46,673 : INFO : EventManager : Event: ======'player_ball_save_time_remaining'====== Args={'value': 23, 'prev_value': 24, 'change': -1, 'player_num': 1, 'source': 'ball_save'}
2026-05-17 15:21:46,674 : INFO : EventManager : Event: ======'player_charlie_timer_ticks'====== Args={'value': 143, 'prev_value': 144, 'change': -1, 'player_num': 1, 'source': 'hard_deck_charlie'}
2026-05-17 15:21:47,123 : INFO : EventManager : Event: ======'player_pilot_mission_qualifier_post_plunge_orbit_lockout_tick'====== Args={'value': 1, 'prev_value': 0, 'change': 1, 'player_num': 1}
2026-05-17 15:21:47,124 : INFO : EventManager : Event: ======'timer_post_plunge_orbit_lockout_tick'====== Args={'ticks': 1, 'ticks_remaining': 2}
2026-05-17 15:21:47,672 : INFO : EventManager : Event: ======'player_ball_save_mode_ball_save_countdown_tick'====== Args={'value': 22, 'prev_value': 23, 'change': -1, 'player_num': 1}
2026-05-17 15:21:47,672 : INFO : EventManager : Event: ======'timer_mode_ball_save_countdown_tick'====== Args={'ticks': 22, 'ticks_remaining': 22}
2026-05-17 15:21:47,673 : INFO : EventManager : Event: ======'player_hard_deck_charlie_hard_deck_charlie_timer_tick'====== Args={'value': 142, 'prev_value': 143, 'change': -1, 'player_num': 1}
2026-05-17 15:21:47,673 : INFO : EventManager : Event: ======'timer_hard_deck_charlie_timer_tick'====== Args={'ticks': 142, 'ticks_remaining': 142}
2026-05-17 15:21:47,673 : INFO : EventManager : Event: ======'ball_save_flash_slow'====== Args={'priority': 0}
2026-05-17 15:21:47,674 : INFO : EventManager : Event: ======'player_ball_save_time_remaining'====== Args={'value': 22, 'prev_value': 23, 'change': -1, 'player_num': 1, 'source': 'ball_save'}
2026-05-17 15:21:47,674 : INFO : EventManager : Event: ======'player_charlie_timer_ticks'====== Args={'value': 142, 'prev_value': 143, 'change': -1, 'player_num': 1, 'source': 'hard_deck_charlie'}
2026-05-17 15:21:47,846 : INFO : SwitchController : <<<<<<< 's_lane_right' active >>>>>>>
2026-05-17 15:21:47,846 : INFO : EventManager : Event: ======'s_lane_right_active'====== Args={}
2026-05-17 15:21:47,846 : INFO : EventManager : Event: ======'sw_playfield_active'====== Args={}
2026-05-17 15:21:47,846 : INFO : EventManager : Event: ======'machine_var_audits_switches_s_lane_right'====== Args={'value': 4795, 'prev_value': 4794, 'change': 1}
2026-05-17 15:21:47,849 : INFO : EventManager : Event: ======'player_score'====== Args={'value': 378000, 'prev_value': 373000, 'change': 5000, 'player_num': 1, 'source': 'base'}
2026-05-17 15:21:47,849 : INFO : EventManager : Event: ======'player_bonus_switches_count'====== Args={'value': 42, 'prev_value': 41, 'change': 1, 'player_num': 1, 'source': 'base'}
2026-05-17 15:21:47,850 : INFO : EventManager : Event: ======'playfield_active'====== Args={'source': None}
2026-05-17 15:21:47,909 : INFO : SwitchController : <<<<<<< 's_lane_right' inactive >>>>>>>
2026-05-17 15:21:48,112 : INFO : EventManager : Event: ======'player_pilot_mission_qualifier_post_plunge_orbit_lockout_tick'====== Args={'value': 2, 'prev_value': 1, 'change': 1, 'player_num': 1}
2026-05-17 15:21:48,112 : INFO : EventManager : Event: ======'timer_post_plunge_orbit_lockout_tick'====== Args={'ticks': 2, 'ticks_remaining': 1}
2026-05-17 15:21:48,658 : INFO : EventManager : Event: ======'player_ball_save_mode_ball_save_countdown_tick'====== Args={'value': 21, 'prev_value': 22, 'change': -1, 'player_num': 1}
2026-05-17 15:21:48,659 : INFO : EventManager : Event: ======'timer_mode_ball_save_countdown_tick'====== Args={'ticks': 21, 'ticks_remaining': 21}
2026-05-17 15:21:48,659 : INFO : EventManager : Event: ======'player_hard_deck_charlie_hard_deck_charlie_timer_tick'====== Args={'value': 141, 'prev_value': 142, 'change': -1, 'player_num': 1}
2026-05-17 15:21:48,659 : INFO : EventManager : Event: ======'timer_hard_deck_charlie_timer_tick'====== Args={'ticks': 141, 'ticks_remaining': 141}
2026-05-17 15:21:48,661 : INFO : EventManager : Event: ======'ball_save_flash_slow'====== Args={'priority': 0}
2026-05-17 15:21:48,661 : INFO : EventManager : Event: ======'player_ball_save_time_remaining'====== Args={'value': 21, 'prev_value': 22, 'change': -1, 'player_num': 1, 'source': 'ball_save'}
2026-05-17 15:21:48,661 : INFO : EventManager : Event: ======'player_charlie_timer_ticks'====== Args={'value': 141, 'prev_value': 142, 'change': -1, 'player_num': 1, 'source': 'hard_deck_charlie'}
2026-05-17 15:21:49,114 : INFO : EventManager : Event: ======'player_pilot_mission_qualifier_post_plunge_orbit_lockout_tick'====== Args={'value': 3, 'prev_value': 2, 'change': 1, 'player_num': 1}
2026-05-17 15:21:49,114 : INFO : Timer.post_plunge_orbit_lockout : Timer Complete
2026-05-17 15:21:49,115 : INFO : Timer.post_plunge_orbit_lockout : Stopping Timer
2026-05-17 15:21:49,115 : INFO : EventManager : Event: ======'timer_post_plunge_orbit_lockout_stopped'====== Args={'ticks': 3, 'ticks_remaining': 1}
2026-05-17 15:21:49,115 : INFO : EventManager : Event: ======'timer_post_plunge_orbit_lockout_complete'====== Args={'ticks': 3, 'ticks_remaining': 1}
2026-05-17 15:21:49,115 : INFO : ball_device.bd_plunger : State: failed_confirm
2026-05-17 15:21:49,115 : INFO : ball_device.bd_plunger : Got timeout (3.0s) before confirm from <playfield.playfield>
2026-05-17 15:21:49,208 : INFO : ball_device.bd_plunger : Confirming eject because target is playfield and ball did not return.
2026-05-17 15:21:49,208 : INFO : ball_device.bd_plunger : Eject successful
2026-05-17 15:21:49,208 : INFO : EventManager : Event: ======'balldevice_bd_plunger_ball_eject_success'====== Args={'balls': 1, 'target': <playfield.playfield>}
2026-05-17 15:21:49,209 : INFO : EventManager : Event: ======'balldevice_playfield_ball_enter'====== Args={'new_balls': 1, 'unclaimed_balls': 1, 'device': <playfield.playfield>}
2026-05-17 15:21:49,209 : INFO : EventManager : Event: ======'playfield_ball_count_change'====== Args={'balls': 1, 'change': 1}
2026-05-17 15:21:49,210 : INFO : EventManager : Event: ======'balldevice_bd_plunger_ball_count_changed'====== Args={'balls': 0}
2026-05-17 15:21:49,210 : INFO : ball_device.bd_plunger : State: idle
2026-05-17 15:21:49,660 : INFO : EventManager : Event: ======'player_hard_deck_charlie_hard_deck_charlie_timer_tick'====== Args={'value': 140, 'prev_value': 141, 'change': -1, 'player_num': 1}
2026-05-17 15:21:49,660 : INFO : EventManager : Event: ======'timer_hard_deck_charlie_timer_tick'====== Args={'ticks': 140, 'ticks_remaining': 140}
2026-05-17 15:21:49,661 : INFO : EventManager : Event: ======'player_ball_save_mode_ball_save_countdown_tick'====== Args={'value': 20, 'prev_value': 21, 'change': -1, 'player_num': 1}
2026-05-17 15:21:49,661 : INFO : EventManager : Event: ======'timer_mode_ball_save_countdown_tick'====== Args={'ticks': 20, 'ticks_remaining': 20}
2026-05-17 15:21:49,661 : INFO : EventManager : Event: ======'player_charlie_timer_ticks'====== Args={'value': 140, 'prev_value': 141, 'change': -1, 'player_num': 1, 'source': 'hard_deck_charlie'}
2026-05-17 15:21:49,662 : INFO : EventManager : Event: ======'ball_save_flash_slow'====== Args={'priority': 0}
2026-05-17 15:21:49,662 : INFO : EventManager : Event: ======'player_ball_save_time_remaining'====== Args={'value': 20, 'prev_value': 21, 'change': -1, 'player_num': 1, 'source': 'ball_save'}
2026-05-17 15:21:50,318 : INFO : SwitchController : <<<<<<< 's_orbit_left' active >>>>>>>
2026-05-17 15:21:50,318 : INFO : EventManager : Event: ======'s_orbit_left_active'====== Args={}
2026-05-17 15:21:50,318 : INFO : EventManager : Event: ======'sw_playfield_active'====== Args={}
2026-05-17 15:21:50,318 : INFO : EventManager : Event: ======'machine_var_audits_switches_s_orbit_left'====== Args={'value': 8614, 'prev_value': 8613, 'change': 1}
2026-05-17 15:21:50,320 : INFO : EventManager : Event: ======'player_previous_switch_type'====== Args={'value': 1, 'prev_value': 2, 'change': -1, 'player_num': 1, 'source': 'pilot_mission_qualifier'}
2026-05-17 15:21:50,320 : INFO : EventManager : Event: ======'player_score'====== Args={'value': 386000, 'prev_value': 378000, 'change': 8000, 'player_num': 1, 'source': 'base'}
2026-05-17 15:21:50,320 : INFO : EventManager : Event: ======'player_bonus_switches_count'====== Args={'value': 43, 'prev_value': 42, 'change': 1, 'player_num': 1, 'source': 'base'}
2026-05-17 15:21:50,320 : INFO : EventManager : Event: ======'player_pilot_mission_qualifier_left_orbit_shot_timeout_tick'====== Args={'value': 0, 'prev_value': 3, 'change': -3, 'player_num': 1}
2026-05-17 15:21:50,321 : INFO : Timer.left_orbit_shot_timeout : Starting Timer.
2026-05-17 15:21:50,321 : INFO : EventManager : Event: ======'timer_left_orbit_shot_timeout_started'====== Args={'ticks': 0, 'ticks_remaining': 3}
2026-05-17 15:21:50,321 : INFO : EventManager : Event: ======'timer_left_orbit_shot_timeout_tick'====== Args={'ticks': 0, 'ticks_remaining': 3}
2026-05-17 15:21:50,348 : INFO : SwitchController : <<<<<<< 's_orbit_left' inactive >>>>>>>
2026-05-17 15:21:50,662 : INFO : EventManager : Event: ======'player_ball_save_mode_ball_save_countdown_tick'====== Args={'value': 19, 'prev_value': 20, 'change': -1, 'player_num': 1}
2026-05-17 15:21:50,662 : INFO : EventManager : Event: ======'timer_mode_ball_save_countdown_tick'====== Args={'ticks': 19, 'ticks_remaining': 19}
2026-05-17 15:21:50,663 : INFO : EventManager : Event: ======'player_hard_deck_charlie_hard_deck_charlie_timer_tick'====== Args={'value': 139, 'prev_value': 140, 'change': -1, 'player_num': 1}
2026-05-17 15:21:50,663 : INFO : EventManager : Event: ======'timer_hard_deck_charlie_timer_tick'====== Args={'ticks': 139, 'ticks_remaining': 139}
2026-05-17 15:21:50,663 : INFO : EventManager : Event: ======'ball_save_flash_slow'====== Args={'priority': 0}
2026-05-17 15:21:50,663 : INFO : EventManager : Event: ======'player_ball_save_time_remaining'====== Args={'value': 19, 'prev_value': 20, 'change': -1, 'player_num': 1, 'source': 'ball_save'}
2026-05-17 15:21:50,663 : INFO : EventManager : Event: ======'player_charlie_timer_ticks'====== Args={'value': 139, 'prev_value': 140, 'change': -1, 'player_num': 1, 'source': 'hard_deck_charlie'}
2026-05-17 15:21:50,739 : INFO : SwitchController : <<<<<<< 's_orbit_right' active >>>>>>>
2026-05-17 15:21:50,740 : INFO : EventManager : Event: ======'s_orbit_right_active'====== Args={}
2026-05-17 15:21:50,740 : INFO : EventManager : Event: ======'sw_playfield_active'====== Args={}
2026-05-17 15:21:50,740 : INFO : EventManager : Event: ======'machine_var_audits_switches_s_orbit_right'====== Args={'value': 7072, 'prev_value': 7071, 'change': 1}
2026-05-17 15:21:50,741 : INFO : EventManager : Event: ======'restart_right_orbit_lockout_timer'====== Args={'priority': 0}
2026-05-17 15:21:50,741 : INFO : EventManager : Event: ======'player_right_post_locked_out'====== Args={'value': 1, 'prev_value': 0, 'change': 1, 'player_num': 1, 'source': 'iceman_letters'}
2026-05-17 15:21:50,741 : INFO : EventManager : Event: ======'left_orbit_shot_hit'====== Args={'priority': 0}
2026-05-17 15:21:50,741 : INFO : EventManager : Event: ======'timer_left_orbit_shot_timeout_stop'====== Args={'priority': 0}
2026-05-17 15:21:50,741 : INFO : EventManager : Event: ======'player_previous_switch_type'====== Args={'value': 0, 'prev_value': 1, 'change': -1, 'player_num': 1, 'source': 'pilot_mission_qualifier'}
2026-05-17 15:21:50,741 : INFO : EventManager : Event: ======'player_score'====== Args={'value': 394000, 'prev_value': 386000, 'change': 8000, 'player_num': 1, 'source': 'base'}
2026-05-17 15:21:50,742 : INFO : EventManager : Event: ======'player_bonus_switches_count'====== Args={'value': 44, 'prev_value': 43, 'change': 1, 'player_num': 1, 'source': 'base'}
2026-05-17 15:21:50,742 : INFO : EventManager : Event: ======'player_pilot_mission_qualifier_right_orbit_shot_timeout_tick'====== Args={'value': 0, 'prev_value': 3, 'change': -3, 'player_num': 1}
2026-05-17 15:21:50,742 : INFO : Timer.right_orbit_shot_timeout : Starting Timer.
2026-05-17 15:21:50,742 : INFO : EventManager : Event: ======'timer_right_orbit_shot_timeout_started'====== Args={'ticks': 0, 'ticks_remaining': 3}
2026-05-17 15:21:50,742 : INFO : EventManager : Event: ======'timer_right_orbit_shot_timeout_tick'====== Args={'ticks': 0, 'ticks_remaining': 3}
2026-05-17 15:21:50,742 : INFO : EventManager : Event: ======'player_iceman_letters_right_orbit_lockout_timer_tick'====== Args={'value': 0, 'prev_value': 3, 'change': -3, 'player_num': 1}
2026-05-17 15:21:50,742 : INFO : Timer.right_orbit_lockout_timer : Starting Timer.
2026-05-17 15:21:50,742 : INFO : EventManager : Event: ======'timer_right_orbit_lockout_timer_started'====== Args={'ticks': 0, 'ticks_remaining': 3}
2026-05-17 15:21:50,743 : INFO : EventManager : Event: ======'timer_right_orbit_lockout_timer_tick'====== Args={'ticks': 0, 'ticks_remaining': 3}
2026-05-17 15:21:50,743 : INFO : EventManager : Event: ======'charlie_stage_1_lo_hit'====== Args={'priority': 0}
2026-05-17 15:21:50,743 : INFO : EventManager : Event: ======'charlie_stage_1_shot_hit'====== Args={'priority': 0}
2026-05-17 15:21:50,743 : INFO : EventManager : Event: ======'player_orbit_shot_lockout'====== Args={'value': 1, 'prev_value': 0, 'change': 1, 'player_num': 1, 'source': 'pilot_mission_qualifier'}
2026-05-17 15:21:50,743 : INFO : EventManager : Event: ======'player_pilot_mission_qualifier_orbit_shot_lockout_timer_tick'====== Args={'value': 0, 'prev_value': 1, 'change': -1, 'player_num': 1}
2026-05-17 15:21:50,743 : INFO : Timer.orbit_shot_lockout_timer : Starting Timer.
2026-05-17 15:21:50,743 : INFO : EventManager : Event: ======'timer_orbit_shot_lockout_timer_started'====== Args={'ticks': 0, 'ticks_remaining': 1}
2026-05-17 15:21:50,743 : INFO : EventManager : Event: ======'timer_orbit_shot_lockout_timer_tick'====== Args={'ticks': 0, 'ticks_remaining': 1}
2026-05-17 15:21:50,744 : INFO : EventManager : Event: ======'player_charlie_stage_1_lo_hit'====== Args={'value': 1, 'prev_value': 0, 'change': 1, 'player_num': 1, 'source': 'hard_deck_charlie'}
2026-05-17 15:21:50,744 : INFO : EventManager : Event: ======'charlie_stage_1_shot_1'====== Args={'priority': 0}
2026-05-17 15:21:50,744 : INFO : EventManager : Event: ======'shaker_soft'====== Args={'priority': 0}
2026-05-17 15:21:50,744 : INFO : EventManager : Event: ======'charlie_show_points'====== Args={'priority': 0}
2026-05-17 15:21:50,744 : INFO : EventManager : Event: ======'player_score'====== Args={'value': 744000, 'prev_value': 394000, 'change': 350000, 'player_num': 1, 'source': 'hard_deck_charlie'}
2026-05-17 15:21:50,744 : INFO : EventManager : Event: ======'player_charlie_stage_1_shots_made'====== Args={'value': 1, 'prev_value': 0, 'change': 1, 'player_num': 1, 'source': 'hard_deck_charlie'}
2026-05-17 15:21:50,744 : INFO : EventManager : Event: ======'player_charlie_shots_remaining'====== Args={'value': 4, 'prev_value': 5, 'change': -1, 'player_num': 1, 'source': 'hard_deck_charlie'}
2026-05-17 15:21:50,745 : INFO : EventManager : Event: ======'player_mode_points_scored'====== Args={'value': 350000, 'prev_value': 0, 'change': 350000, 'player_num': 1, 'source': 'hard_deck_charlie'}
2026-05-17 15:21:50,770 : INFO : EventManager : Event: ======'slide_hard_deck_charlie_stage_1_step_1_created'====== Args={'_from_bcp': True}
2026-05-17 15:21:50,771 : INFO : EventManager : Event: ======'slide_mode_points_scored_created'====== Args={'_from_bcp': True}
2026-05-17 15:21:50,787 : INFO : SwitchController : <<<<<<< 's_orbit_right' inactive >>>>>>>
2026-05-17 15:21:51,241 : INFO : EventManager : Event: ======'player_pilot_mission_qualifier_orbit_shot_lockout_timer_tick'====== Args={'value': 1, 'prev_value': 0, 'change': 1, 'player_num': 1}
2026-05-17 15:21:51,241 : INFO : Timer.orbit_shot_lockout_timer : Timer Complete
2026-05-17 15:21:51,241 : INFO : Timer.orbit_shot_lockout_timer : Stopping Timer
2026-05-17 15:21:51,241 : INFO : EventManager : Event: ======'timer_orbit_shot_lockout_timer_stopped'====== Args={'ticks': 1, 'ticks_remaining': 1}
2026-05-17 15:21:51,241 : INFO : EventManager : Event: ======'timer_orbit_shot_lockout_timer_complete'====== Args={'ticks': 1, 'ticks_remaining': 1}
2026-05-17 15:21:51,243 : INFO : EventManager : Event: ======'player_orbit_shot_lockout'====== Args={'value': 0, 'prev_value': 1, 'change': -1, 'player_num': 1, 'source': 'pilot_mission_qualifier'}
2026-05-17 15:21:51,318 : INFO : EventManager : Event: ======'player_pilot_mission_qualifier_left_orbit_shot_timeout_tick'====== Args={'value': 1, 'prev_value': 0, 'change': 1, 'player_num': 1}
2026-05-17 15:21:51,319 : INFO : EventManager : Event: ======'timer_left_orbit_shot_timeout_tick'====== Args={'ticks': 1, 'ticks_remaining': 2}
2026-05-17 15:21:51,319 : INFO : SwitchController : <<<<<<< 's_lane_right' active >>>>>>>
2026-05-17 15:21:51,319 : INFO : EventManager : Event: ======'s_lane_right_active'====== Args={}
2026-05-17 15:21:51,319 : INFO : EventManager : Event: ======'sw_playfield_active'====== Args={}
2026-05-17 15:21:51,319 : INFO : EventManager : Event: ======'machine_var_audits_switches_s_lane_right'====== Args={'value': 4796, 'prev_value': 4795, 'change': 1}
2026-05-17 15:21:51,320 : INFO : EventManager : Event: ======'player_score'====== Args={'value': 749000, 'prev_value': 744000, 'change': 5000, 'player_num': 1, 'source': 'base'}
2026-05-17 15:21:51,321 : INFO : EventManager : Event: ======'player_bonus_switches_count'====== Args={'value': 45, 'prev_value': 44, 'change': 1, 'player_num': 1, 'source': 'base'}
2026-05-17 15:21:51,339 : INFO : SwitchController : <<<<<<< 's_lane_right' inactive >>>>>>>
2026-05-17 15:21:51,660 : INFO : EventManager : Event: ======'player_hard_deck_charlie_hard_deck_charlie_timer_tick'====== Args={'value': 138, 'prev_value': 139, 'change': -1, 'player_num': 1}
2026-05-17 15:21:51,660 : INFO : EventManager : Event: ======'timer_hard_deck_charlie_timer_tick'====== Args={'ticks': 138, 'ticks_remaining': 138}
2026-05-17 15:21:51,661 : INFO : EventManager : Event: ======'player_ball_save_mode_ball_save_countdown_tick'====== Args={'value': 18, 'prev_value': 19, 'change': -1, 'player_num': 1}
2026-05-17 15:21:51,661 : INFO : EventManager : Event: ======'timer_mode_ball_save_countdown_tick'====== Args={'ticks': 18, 'ticks_remaining': 18}
2026-05-17 15:21:51,661 : INFO : EventManager : Event: ======'player_charlie_timer_ticks'====== Args={'value': 138, 'prev_value': 139, 'change': -1, 'player_num': 1, 'source': 'hard_deck_charlie'}
2026-05-17 15:21:51,661 : INFO : EventManager : Event: ======'ball_save_flash_slow'====== Args={'priority': 0}
2026-05-17 15:21:51,662 : INFO : EventManager : Event: ======'player_ball_save_time_remaining'====== Args={'value': 18, 'prev_value': 19, 'change': -1, 'player_num': 1, 'source': 'ball_save'}
2026-05-17 15:21:51,738 : INFO : EventManager : Event: ======'player_iceman_letters_right_orbit_lockout_timer_tick'====== Args={'value': 1, 'prev_value': 0, 'change': 1, 'player_num': 1}
2026-05-17 15:21:51,738 : INFO : EventManager : Event: ======'timer_right_orbit_lockout_timer_tick'====== Args={'ticks': 1, 'ticks_remaining': 2}
2026-05-17 15:21:51,739 : INFO : EventManager : Event: ======'player_pilot_mission_qualifier_right_orbit_shot_timeout_tick'====== Args={'value': 1, 'prev_value': 0, 'change': 1, 'player_num': 1}
2026-05-17 15:21:51,739 : INFO : EventManager : Event: ======'timer_right_orbit_shot_timeout_tick'====== Args={'ticks': 1, 'ticks_remaining': 2}
2026-05-17 15:21:52,329 : INFO : EventManager : Event: ======'player_pilot_mission_qualifier_left_orbit_shot_timeout_tick'====== Args={'value': 2, 'prev_value': 1, 'change': 1, 'player_num': 1}
2026-05-17 15:21:52,329 : INFO : EventManager : Event: ======'timer_left_orbit_shot_timeout_tick'====== Args={'ticks': 2, 'ticks_remaining': 1}
2026-05-17 15:21:52,672 : INFO : EventManager : Event: ======'player_ball_save_mode_ball_save_countdown_tick'====== Args={'value': 17, 'prev_value': 18, 'change': -1, 'player_num': 1}
2026-05-17 15:21:52,672 : INFO : EventManager : Event: ======'timer_mode_ball_save_countdown_tick'====== Args={'ticks': 17, 'ticks_remaining': 17}
2026-05-17 15:21:52,673 : INFO : EventManager : Event: ======'player_hard_deck_charlie_hard_deck_charlie_timer_tick'====== Args={'value': 137, 'prev_value': 138, 'change': -1, 'player_num': 1}
2026-05-17 15:21:52,673 : INFO : EventManager : Event: ======'timer_hard_deck_charlie_timer_tick'====== Args={'ticks': 137, 'ticks_remaining': 137}
2026-05-17 15:21:52,673 : INFO : EventManager : Event: ======'ball_save_flash_slow'====== Args={'priority': 0}
2026-05-17 15:21:52,673 : INFO : EventManager : Event: ======'player_ball_save_time_remaining'====== Args={'value': 17, 'prev_value': 18, 'change': -1, 'player_num': 1, 'source': 'ball_save'}
2026-05-17 15:21:52,674 : INFO : EventManager : Event: ======'player_charlie_timer_ticks'====== Args={'value': 137, 'prev_value': 138, 'change': -1, 'player_num': 1, 'source': 'hard_deck_charlie'}
2026-05-17 15:21:52,750 : INFO : EventManager : Event: ======'player_iceman_letters_right_orbit_lockout_timer_tick'====== Args={'value': 2, 'prev_value': 1, 'change': 1, 'player_num': 1}
2026-05-17 15:21:52,750 : INFO : EventManager : Event: ======'timer_right_orbit_lockout_timer_tick'====== Args={'ticks': 2, 'ticks_remaining': 1}
2026-05-17 15:21:52,750 : INFO : EventManager : Event: ======'player_pilot_mission_qualifier_right_orbit_shot_timeout_tick'====== Args={'value': 2, 'prev_value': 1, 'change': 1, 'player_num': 1}
2026-05-17 15:21:52,751 : INFO : EventManager : Event: ======'timer_right_orbit_shot_timeout_tick'====== Args={'ticks': 2, 'ticks_remaining': 1}
2026-05-17 15:21:53,326 : INFO : EventManager : Event: ======'player_pilot_mission_qualifier_left_orbit_shot_timeout_tick'====== Args={'value': 3, 'prev_value': 2, 'change': 1, 'player_num': 1}
2026-05-17 15:21:53,327 : INFO : Timer.left_orbit_shot_timeout : Timer Complete
2026-05-17 15:21:53,327 : INFO : Timer.left_orbit_shot_timeout : Stopping Timer
2026-05-17 15:21:53,327 : INFO : EventManager : Event: ======'timer_left_orbit_shot_timeout_stopped'====== Args={'ticks': 3, 'ticks_remaining': 1}
2026-05-17 15:21:53,327 : INFO : EventManager : Event: ======'timer_left_orbit_shot_timeout_complete'====== Args={'ticks': 3, 'ticks_remaining': 1}
2026-05-17 15:21:53,670 : INFO : EventManager : Event: ======'player_ball_save_mode_ball_save_countdown_tick'====== Args={'value': 16, 'prev_value': 17, 'change': -1, 'player_num': 1}
2026-05-17 15:21:53,671 : INFO : EventManager : Event: ======'timer_mode_ball_save_countdown_tick'====== Args={'ticks': 16, 'ticks_remaining': 16}
2026-05-17 15:21:53,671 : INFO : EventManager : Event: ======'player_hard_deck_charlie_hard_deck_charlie_timer_tick'====== Args={'value': 136, 'prev_value': 137, 'change': -1, 'player_num': 1}
2026-05-17 15:21:53,671 : INFO : EventManager : Event: ======'timer_hard_deck_charlie_timer_tick'====== Args={'ticks': 136, 'ticks_remaining': 136}
2026-05-17 15:21:53,671 : INFO : EventManager : Event: ======'ball_save_flash_slow'====== Args={'priority': 0}
2026-05-17 15:21:53,673 : INFO : EventManager : Event: ======'player_ball_save_time_remaining'====== Args={'value': 16, 'prev_value': 17, 'change': -1, 'player_num': 1, 'source': 'ball_save'}
2026-05-17 15:21:53,673 : INFO : EventManager : Event: ======'player_charlie_timer_ticks'====== Args={'value': 136, 'prev_value': 137, 'change': -1, 'player_num': 1, 'source': 'hard_deck_charlie'}
2026-05-17 15:21:53,748 : INFO : EventManager : Event: ======'player_pilot_mission_qualifier_right_orbit_shot_timeout_tick'====== Args={'value': 3, 'prev_value': 2, 'change': 1, 'player_num': 1}
2026-05-17 15:21:53,748 : INFO : Timer.right_orbit_shot_timeout : Timer Complete
2026-05-17 15:21:53,748 : INFO : Timer.right_orbit_shot_timeout : Stopping Timer
2026-05-17 15:21:53,748 : INFO : EventManager : Event: ======'timer_right_orbit_shot_timeout_stopped'====== Args={'ticks': 3, 'ticks_remaining': 1}
2026-05-17 15:21:53,749 : INFO : EventManager : Event: ======'timer_right_orbit_shot_timeout_complete'====== Args={'ticks': 3, 'ticks_remaining': 1}
2026-05-17 15:21:53,749 : INFO : EventManager : Event: ======'player_iceman_letters_right_orbit_lockout_timer_tick'====== Args={'value': 3, 'prev_value': 2, 'change': 1, 'player_num': 1}
2026-05-17 15:21:53,749 : INFO : Timer.right_orbit_lockout_timer : Timer Complete
2026-05-17 15:21:53,749 : INFO : Timer.right_orbit_lockout_timer : Stopping Timer
2026-05-17 15:21:53,749 : INFO : EventManager : Event: ======'timer_right_orbit_lockout_timer_stopped'====== Args={'ticks': 3, 'ticks_remaining': 1}
2026-05-17 15:21:53,749 : INFO : EventManager : Event: ======'timer_right_orbit_lockout_timer_complete'====== Args={'ticks': 3, 'ticks_remaining': 1}
2026-05-17 15:21:53,750 : INFO : EventManager : Event: ======'player_right_post_locked_out'====== Args={'value': 0, 'prev_value': 1, 'change': -1, 'player_num': 1, 'source': 'iceman_letters'}
2026-05-17 15:21:53,773 : INFO : EventManager : Event: ======'slide_mode_points_scored_removed'====== Args={'_from_bcp': True}
2026-05-17 15:21:54,665 : INFO : EventManager : Event: ======'player_hard_deck_charlie_hard_deck_charlie_timer_tick'====== Args={'value': 135, 'prev_value': 136, 'change': -1, 'player_num': 1}
2026-05-17 15:21:54,666 : INFO : EventManager : Event: ======'timer_hard_deck_charlie_timer_tick'====== Args={'ticks': 135, 'ticks_remaining': 135}
2026-05-17 15:21:54,666 : INFO : EventManager : Event: ======'player_ball_save_mode_ball_save_countdown_tick'====== Args={'value': 15, 'prev_value': 16, 'change': -1, 'player_num': 1}
2026-05-17 15:21:54,666 : INFO : EventManager : Event: ======'timer_mode_ball_save_countdown_tick'====== Args={'ticks': 15, 'ticks_remaining': 15}
2026-05-17 15:21:54,666 : INFO : EventManager : Event: ======'player_charlie_timer_ticks'====== Args={'value': 135, 'prev_value': 136, 'change': -1, 'player_num': 1, 'source': 'hard_deck_charlie'}
2026-05-17 15:21:54,668 : INFO : EventManager : Event: ======'ball_save_flash_slow'====== Args={'priority': 0}
2026-05-17 15:21:54,668 : INFO : EventManager : Event: ======'player_ball_save_time_remaining'====== Args={'value': 15, 'prev_value': 16, 'change': -1, 'player_num': 1, 'source': 'ball_save'}
2026-05-17 15:21:55,380 : INFO : EventManager : Event: ======'slide_hard_deck_charlie_stage_1_step_1_removed'====== Args={'_from_bcp': True}
2026-05-17 15:21:55,663 : INFO : EventManager : Event: ======'player_ball_save_mode_ball_save_countdown_tick'====== Args={'value': 14, 'prev_value': 15, 'change': -1, 'player_num': 1}
2026-05-17 15:21:55,663 : INFO : EventManager : Event: ======'timer_mode_ball_save_countdown_tick'====== Args={'ticks': 14, 'ticks_remaining': 14}
2026-05-17 15:21:55,663 : INFO : EventManager : Event: ======'player_hard_deck_charlie_hard_deck_charlie_timer_tick'====== Args={'value': 134, 'prev_value': 135, 'change': -1, 'player_num': 1}
2026-05-17 15:21:55,664 : INFO : EventManager : Event: ======'timer_hard_deck_charlie_timer_tick'====== Args={'ticks': 134, 'ticks_remaining': 134}
2026-05-17 15:21:55,664 : INFO : EventManager : Event: ======'ball_save_flash_slow'====== Args={'priority': 0}
2026-05-17 15:21:55,664 : INFO : EventManager : Event: ======'player_ball_save_time_remaining'====== Args={'value': 14, 'prev_value': 15, 'change': -1, 'player_num': 1, 'source': 'ball_save'}
2026-05-17 15:21:55,665 : INFO : EventManager : Event: ======'player_charlie_timer_ticks'====== Args={'value': 134, 'prev_value': 135, 'change': -1, 'player_num': 1, 'source': 'hard_deck_charlie'}
2026-05-17 15:21:55,945 : INFO : SwitchController : <<<<<<< 's_ramp_left_exit' active >>>>>>>
2026-05-17 15:21:55,945 : INFO : EventManager : Event: ======'s_ramp_left_exit_active'====== Args={}
2026-05-17 15:21:55,945 : INFO : EventManager : Event: ======'sw_playfield_active'====== Args={}
2026-05-17 15:21:55,945 : INFO : EventManager : Event: ======'sw_playfield_active'====== Args={}
2026-05-17 15:21:55,946 : INFO : EventManager : Event: ======'machine_var_audits_switches_s_ramp_left_exit'====== Args={'value': 3020, 'prev_value': 3019, 'change': 1}
2026-05-17 15:21:55,946 : INFO : EventManager : Event: ======'charlie_stage_1_lr_hit'====== Args={'priority': 0}
2026-05-17 15:21:55,946 : INFO : EventManager : Event: ======'charlie_stage_1_shot_hit'====== Args={'priority': 0}
2026-05-17 15:21:55,946 : INFO : EventManager : Event: ======'player_hd_sw_ramp_left'====== Args={'value': 1, 'prev_value': 0, 'change': 1, 'player_num': 1, 'source': 'hard_deck_qualifiers'}
2026-05-17 15:21:55,948 : INFO : EventManager : Event: ======'player_score'====== Args={'value': 759000, 'prev_value': 749000, 'change': 10000, 'player_num': 1, 'source': 'base'}
2026-05-17 15:21:55,948 : INFO : EventManager : Event: ======'player_bonus_switches_count'====== Args={'value': 46, 'prev_value': 45, 'change': 1, 'player_num': 1, 'source': 'base'}
2026-05-17 15:21:55,948 : INFO : EventManager : Event: ======'player_bonus_ramps_count'====== Args={'value': 1, 'prev_value': 0, 'change': 1, 'player_num': 1, 'source': 'base'}
2026-05-17 15:21:55,948 : INFO : EventManager : Event: ======'player_charlie_stage_1_lr_hit'====== Args={'value': 1, 'prev_value': 0, 'change': 1, 'player_num': 1, 'source': 'hard_deck_charlie'}
2026-05-17 15:21:55,948 : INFO : EventManager : Event: ======'charlie_stage_1_shot_2'====== Args={'priority': 0}
2026-05-17 15:21:55,948 : INFO : EventManager : Event: ======'shaker_soft'====== Args={'priority': 0}
2026-05-17 15:21:55,949 : INFO : EventManager : Event: ======'charlie_show_points'====== Args={'priority': 0}
2026-05-17 15:21:55,949 : INFO : EventManager : Event: ======'player_score'====== Args={'value': 1359000, 'prev_value': 759000, 'change': 600000, 'player_num': 1, 'source': 'hard_deck_charlie'}
2026-05-17 15:21:55,949 : INFO : EventManager : Event: ======'player_charlie_stage_1_shots_made'====== Args={'value': 2, 'prev_value': 1, 'change': 1, 'player_num': 1, 'source': 'hard_deck_charlie'}
2026-05-17 15:21:55,949 : INFO : EventManager : Event: ======'player_charlie_shots_remaining'====== Args={'value': 3, 'prev_value': 4, 'change': -1, 'player_num': 1, 'source': 'hard_deck_charlie'}
2026-05-17 15:21:55,949 : INFO : EventManager : Event: ======'player_mode_points_scored'====== Args={'value': 600000, 'prev_value': 350000, 'change': 250000, 'player_num': 1, 'source': 'hard_deck_charlie'}
2026-05-17 15:21:55,977 : INFO : EventManager : Event: ======'slide_hard_deck_charlie_stage_1_step_2_created'====== Args={'_from_bcp': True}
2026-05-17 15:21:55,978 : INFO : EventManager : Event: ======'slide_mode_points_scored_created'====== Args={'_from_bcp': True}
2026-05-17 15:21:55,992 : INFO : SwitchController : <<<<<<< 's_ramp_left_exit' inactive >>>>>>>
2026-05-17 15:21:56,661 : INFO : EventManager : Event: ======'player_ball_save_mode_ball_save_countdown_tick'====== Args={'value': 13, 'prev_value': 14, 'change': -1, 'player_num': 1}
2026-05-17 15:21:56,661 : INFO : EventManager : Event: ======'timer_mode_ball_save_countdown_tick'====== Args={'ticks': 13, 'ticks_remaining': 13}
2026-05-17 15:21:56,661 : INFO : EventManager : Event: ======'player_hard_deck_charlie_hard_deck_charlie_timer_tick'====== Args={'value': 133, 'prev_value': 134, 'change': -1, 'player_num': 1}
2026-05-17 15:21:56,661 : INFO : EventManager : Event: ======'timer_hard_deck_charlie_timer_tick'====== Args={'ticks': 133, 'ticks_remaining': 133}
2026-05-17 15:21:56,663 : INFO : EventManager : Event: ======'ball_save_flash_slow'====== Args={'priority': 0}
2026-05-17 15:21:56,663 : INFO : EventManager : Event: ======'player_ball_save_time_remaining'====== Args={'value': 13, 'prev_value': 14, 'change': -1, 'player_num': 1, 'source': 'ball_save'}
2026-05-17 15:21:56,663 : INFO : EventManager : Event: ======'player_charlie_timer_ticks'====== Args={'value': 133, 'prev_value': 134, 'change': -1, 'player_num': 1, 'source': 'hard_deck_charlie'}
2026-05-17 15:21:57,411 : INFO : SwitchController : <<<<<<< 's_inlane_left' active >>>>>>>
2026-05-17 15:21:57,411 : INFO : EventManager : Event: ======'s_inlane_left_active'====== Args={}
2026-05-17 15:21:57,411 : INFO : EventManager : Event: ======'sw_playfield_active'====== Args={}
2026-05-17 15:21:57,412 : INFO : EventManager : Event: ======'sw_playfield_active'====== Args={}
2026-05-17 15:21:57,412 : INFO : EventManager : Event: ======'machine_var_audits_switches_s_inlane_left'====== Args={'value': 4977, 'prev_value': 4976, 'change': 1}
2026-05-17 15:21:57,413 : INFO : EventManager : Event: ======'check_goose_complete'====== Args={'priority': 0}
2026-05-17 15:21:57,413 : INFO : EventManager : Event: ======'player_goose_letter_o_left'====== Args={'value': 1, 'prev_value': 0, 'change': 1, 'player_num': 1, 'source': 'goose_letters'}
2026-05-17 15:21:57,413 : INFO : EventManager : Event: ======'player_goose_last_letter_collected'====== Args={'value': 2, 'prev_value': 0, 'change': 2, 'player_num': 1, 'source': 'goose_letters'}
2026-05-17 15:21:57,413 : INFO : EventManager : Event: ======'player_hd_sw_inlane_left'====== Args={'value': 1, 'prev_value': 0, 'change': 1, 'player_num': 1, 'source': 'hard_deck_qualifiers'}
2026-05-17 15:21:57,414 : INFO : EventManager : Event: ======'player_score'====== Args={'value': 1361000, 'prev_value': 1359000, 'change': 2000, 'player_num': 1, 'source': 'base'}
2026-05-17 15:21:57,414 : INFO : EventManager : Event: ======'player_bonus_switches_count'====== Args={'value': 47, 'prev_value': 46, 'change': 1, 'player_num': 1, 'source': 'base'}
2026-05-17 15:21:57,423 : INFO : SwitchController : <<<<<<< 's_inlane_left' inactive >>>>>>>
2026-05-17 15:21:57,673 : INFO : EventManager : Event: ======'player_hard_deck_charlie_hard_deck_charlie_timer_tick'====== Args={'value': 132, 'prev_value': 133, 'change': -1, 'player_num': 1}
2026-05-17 15:21:57,673 : INFO : EventManager : Event: ======'timer_hard_deck_charlie_timer_tick'====== Args={'ticks': 132, 'ticks_remaining': 132}
2026-05-17 15:21:57,674 : INFO : EventManager : Event: ======'player_ball_save_mode_ball_save_countdown_tick'====== Args={'value': 12, 'prev_value': 13, 'change': -1, 'player_num': 1}
2026-05-17 15:21:57,674 : INFO : EventManager : Event: ======'timer_mode_ball_save_countdown_tick'====== Args={'ticks': 12, 'ticks_remaining': 12}
2026-05-17 15:21:57,675 : INFO : EventManager : Event: ======'player_charlie_timer_ticks'====== Args={'value': 132, 'prev_value': 133, 'change': -1, 'player_num': 1, 'source': 'hard_deck_charlie'}
2026-05-17 15:21:57,675 : INFO : EventManager : Event: ======'ball_save_flash_slow'====== Args={'priority': 0}
2026-05-17 15:21:57,675 : INFO : EventManager : Event: ======'player_ball_save_time_remaining'====== Args={'value': 12, 'prev_value': 13, 'change': -1, 'player_num': 1, 'source': 'ball_save'}
2026-05-17 15:21:58,659 : INFO : EventManager : Event: ======'player_ball_save_mode_ball_save_countdown_tick'====== Args={'value': 11, 'prev_value': 12, 'change': -1, 'player_num': 1}
2026-05-17 15:21:58,660 : INFO : EventManager : Event: ======'timer_mode_ball_save_countdown_tick'====== Args={'ticks': 11, 'ticks_remaining': 11}
2026-05-17 15:21:58,660 : INFO : EventManager : Event: ======'player_hard_deck_charlie_hard_deck_charlie_timer_tick'====== Args={'value': 131, 'prev_value': 132, 'change': -1, 'player_num': 1}
2026-05-17 15:21:58,660 : INFO : EventManager : Event: ======'timer_hard_deck_charlie_timer_tick'====== Args={'ticks': 131, 'ticks_remaining': 131}
2026-05-17 15:21:58,661 : INFO : EventManager : Event: ======'ball_save_flash_slow'====== Args={'priority': 0}
2026-05-17 15:21:58,661 : INFO : EventManager : Event: ======'player_ball_save_time_remaining'====== Args={'value': 11, 'prev_value': 12, 'change': -1, 'player_num': 1, 'source': 'ball_save'}
2026-05-17 15:21:58,662 : INFO : EventManager : Event: ======'player_charlie_timer_ticks'====== Args={'value': 131, 'prev_value': 132, 'change': -1, 'player_num': 1, 'source': 'hard_deck_charlie'}
2026-05-17 15:21:58,975 : INFO : EventManager : Event: ======'slide_mode_points_scored_removed'====== Args={'_from_bcp': True}
2026-05-17 15:21:59,659 : INFO : EventManager : Event: ======'player_hard_deck_charlie_hard_deck_charlie_timer_tick'====== Args={'value': 130, 'prev_value': 131, 'change': -1, 'player_num': 1}
2026-05-17 15:21:59,660 : INFO : EventManager : Event: ======'timer_hard_deck_charlie_timer_tick'====== Args={'ticks': 130, 'ticks_remaining': 130}
2026-05-17 15:21:59,660 : INFO : EventManager : Event: ======'player_ball_save_mode_ball_save_countdown_tick'====== Args={'value': 10, 'prev_value': 11, 'change': -1, 'player_num': 1}
2026-05-17 15:21:59,660 : INFO : EventManager : Event: ======'timer_mode_ball_save_countdown_tick'====== Args={'ticks': 10, 'ticks_remaining': 10}
2026-05-17 15:21:59,661 : INFO : EventManager : Event: ======'player_charlie_timer_ticks'====== Args={'value': 130, 'prev_value': 131, 'change': -1, 'player_num': 1, 'source': 'hard_deck_charlie'}
2026-05-17 15:21:59,661 : INFO : EventManager : Event: ======'ball_save_flash_slow'====== Args={'priority': 0}
2026-05-17 15:21:59,661 : INFO : EventManager : Event: ======'player_ball_save_time_remaining'====== Args={'value': 10, 'prev_value': 11, 'change': -1, 'player_num': 1, 'source': 'ball_save'}
2026-05-17 15:21:59,939 : INFO : SwitchController : <<<<<<< 's_ramp_tower_exit' active >>>>>>>
2026-05-17 15:21:59,939 : INFO : EventManager : Event: ======'s_ramp_tower_exit_active'====== Args={}
2026-05-17 15:21:59,940 : INFO : EventManager : Event: ======'sw_playfield_active'====== Args={}
2026-05-17 15:21:59,940 : INFO : EventManager : Event: ======'sw_playfield_active'====== Args={}
2026-05-17 15:21:59,940 : INFO : EventManager : Event: ======'machine_var_audits_switches_s_ramp_tower_exit'====== Args={'value': 3047, 'prev_value': 3046, 'change': 1}
2026-05-17 15:21:59,941 : INFO : EventManager : Event: ======'charlie_stage_1_twr_hit'====== Args={'priority': 0}
2026-05-17 15:21:59,942 : INFO : EventManager : Event: ======'charlie_stage_1_shot_hit'====== Args={'priority': 0}
2026-05-17 15:21:59,942 : INFO : EventManager : Event: ======'player_hd_sw_ramp_tower'====== Args={'value': 1, 'prev_value': 0, 'change': 1, 'player_num': 1, 'source': 'hard_deck_qualifiers'}
2026-05-17 15:21:59,942 : INFO : EventManager : Event: ======'player_score'====== Args={'value': 1376000, 'prev_value': 1361000, 'change': 15000, 'player_num': 1, 'source': 'base'}
2026-05-17 15:21:59,942 : INFO : EventManager : Event: ======'player_bonus_switches_count'====== Args={'value': 48, 'prev_value': 47, 'change': 1, 'player_num': 1, 'source': 'base'}
2026-05-17 15:21:59,942 : INFO : EventManager : Event: ======'player_bonus_ramps_count'====== Args={'value': 2, 'prev_value': 1, 'change': 1, 'player_num': 1, 'source': 'base'}
2026-05-17 15:21:59,943 : INFO : EventManager : Event: ======'player_charlie_stage_1_twr_hit'====== Args={'value': 1, 'prev_value': 0, 'change': 1, 'player_num': 1, 'source': 'hard_deck_charlie'}
2026-05-17 15:21:59,943 : INFO : EventManager : Event: ======'charlie_stage_1_shot_3'====== Args={'priority': 0}
2026-05-17 15:21:59,943 : INFO : EventManager : Event: ======'shaker_soft'====== Args={'priority': 0}
2026-05-17 15:21:59,943 : INFO : EventManager : Event: ======'charlie_show_points'====== Args={'priority': 0}
2026-05-17 15:21:59,943 : INFO : EventManager : Event: ======'player_score'====== Args={'value': 2176000, 'prev_value': 1376000, 'change': 800000, 'player_num': 1, 'source': 'hard_deck_charlie'}
2026-05-17 15:21:59,943 : INFO : EventManager : Event: ======'player_charlie_stage_1_shots_made'====== Args={'value': 3, 'prev_value': 2, 'change': 1, 'player_num': 1, 'source': 'hard_deck_charlie'}
2026-05-17 15:21:59,943 : INFO : EventManager : Event: ======'player_charlie_shots_remaining'====== Args={'value': 2, 'prev_value': 3, 'change': -1, 'player_num': 1, 'source': 'hard_deck_charlie'}
2026-05-17 15:21:59,943 : INFO : EventManager : Event: ======'player_mode_points_scored'====== Args={'value': 800000, 'prev_value': 600000, 'change': 200000, 'player_num': 1, 'source': 'hard_deck_charlie'}
2026-05-17 15:21:59,964 : INFO : EventManager : Event: ======'slide_hard_deck_charlie_stage_1_step_2_removed'====== Args={'_from_bcp': True}
2026-05-17 15:21:59,985 : INFO : SwitchController : <<<<<<< 's_ramp_tower_exit' inactive >>>>>>>
2026-05-17 15:21:59,986 : INFO : SwitchController : <<<<<<< 's_ramp_tower_exit' active >>>>>>>
2026-05-17 15:21:59,986 : INFO : EventManager : Event: ======'s_ramp_tower_exit_active'====== Args={}
2026-05-17 15:21:59,986 : INFO : EventManager : Event: ======'sw_playfield_active'====== Args={}
2026-05-17 15:21:59,986 : INFO : EventManager : Event: ======'sw_playfield_active'====== Args={}
2026-05-17 15:21:59,986 : INFO : EventManager : Event: ======'machine_var_audits_switches_s_ramp_tower_exit'====== Args={'value': 3048, 'prev_value': 3047, 'change': 1}
2026-05-17 15:21:59,987 : INFO : EventManager : Event: ======'player_hd_sw_ramp_tower'====== Args={'value': 2, 'prev_value': 1, 'change': 1, 'player_num': 1, 'source': 'hard_deck_qualifiers'}
2026-05-17 15:21:59,987 : INFO : EventManager : Event: ======'player_score'====== Args={'value': 2191000, 'prev_value': 2176000, 'change': 15000, 'player_num': 1, 'source': 'base'}
2026-05-17 15:21:59,987 : INFO : EventManager : Event: ======'player_bonus_switches_count'====== Args={'value': 49, 'prev_value': 48, 'change': 1, 'player_num': 1, 'source': 'base'}
2026-05-17 15:21:59,987 : INFO : EventManager : Event: ======'player_bonus_ramps_count'====== Args={'value': 3, 'prev_value': 2, 'change': 1, 'player_num': 1, 'source': 'base'}
2026-05-17 15:21:59,988 : INFO : EventManager : Event: ======'player_hd_switches_completed'====== Args={'value': 7, 'prev_value': 6, 'change': 1, 'player_num': 1, 'source': 'hard_deck_qualifiers'}
2026-05-17 15:21:59,989 : INFO : SwitchController : <<<<<<< 's_ramp_tower_exit' inactive >>>>>>>
2026-05-17 15:22:00,007 : INFO : EventManager : Event: ======'slide_hard_deck_charlie_stage_1_step_3_created'====== Args={'_from_bcp': True}
2026-05-17 15:22:00,007 : INFO : EventManager : Event: ======'slide_mode_points_scored_created'====== Args={'_from_bcp': True}
2026-05-17 15:22:00,670 : INFO : EventManager : Event: ======'player_hard_deck_charlie_hard_deck_charlie_timer_tick'====== Args={'value': 129, 'prev_value': 130, 'change': -1, 'player_num': 1}
2026-05-17 15:22:00,670 : INFO : EventManager : Event: ======'timer_hard_deck_charlie_timer_tick'====== Args={'ticks': 129, 'ticks_remaining': 129}
2026-05-17 15:22:00,670 : INFO : EventManager : Event: ======'player_ball_save_mode_ball_save_countdown_tick'====== Args={'value': 9, 'prev_value': 10, 'change': -1, 'player_num': 1}
2026-05-17 15:22:00,670 : INFO : EventManager : Event: ======'timer_mode_ball_save_countdown_tick'====== Args={'ticks': 9, 'ticks_remaining': 9}
2026-05-17 15:22:00,671 : INFO : EventManager : Event: ======'player_charlie_timer_ticks'====== Args={'value': 129, 'prev_value': 130, 'change': -1, 'player_num': 1, 'source': 'hard_deck_charlie'}
2026-05-17 15:22:00,671 : INFO : EventManager : Event: ======'ball_save_flash_slow'====== Args={'priority': 0}
2026-05-17 15:22:00,671 : INFO : EventManager : Event: ======'player_ball_save_time_remaining'====== Args={'value': 9, 'prev_value': 10, 'change': -1, 'player_num': 1, 'source': 'ball_save'}
2026-05-17 15:22:01,343 : INFO : SwitchController : <<<<<<< 's_outer_inlane_right' active >>>>>>>
2026-05-17 15:22:01,343 : INFO : EventManager : Event: ======'s_outer_inlane_right_active'====== Args={}
2026-05-17 15:22:01,343 : INFO : EventManager : Event: ======'sw_playfield_active'====== Args={}
2026-05-17 15:22:01,343 : INFO : EventManager : Event: ======'sw_playfield_active'====== Args={}
2026-05-17 15:22:01,344 : INFO : EventManager : Event: ======'machine_var_audits_switches_s_outer_inlane_right'====== Args={'value': 4748, 'prev_value': 4747, 'change': 1}
2026-05-17 15:22:01,345 : INFO : EventManager : Event: ======'check_goose_complete'====== Args={'priority': 0}
2026-05-17 15:22:01,345 : INFO : EventManager : Event: ======'player_goose_letter_s'====== Args={'value': 1, 'prev_value': 0, 'change': 1, 'player_num': 1, 'source': 'goose_letters'}
2026-05-17 15:22:01,347 : INFO : EventManager : Event: ======'player_goose_last_letter_collected'====== Args={'value': 5, 'prev_value': 2, 'change': 3, 'player_num': 1, 'source': 'goose_letters'}
2026-05-17 15:22:01,347 : INFO : EventManager : Event: ======'player_hd_sw_inlane_outer_r'====== Args={'value': 1, 'prev_value': 0, 'change': 1, 'player_num': 1, 'source': 'hard_deck_qualifiers'}
2026-05-17 15:22:01,347 : INFO : EventManager : Event: ======'player_score'====== Args={'value': 2193000, 'prev_value': 2191000, 'change': 2000, 'player_num': 1, 'source': 'base'}
2026-05-17 15:22:01,347 : INFO : EventManager : Event: ======'player_bonus_switches_count'====== Args={'value': 50, 'prev_value': 49, 'change': 1, 'player_num': 1, 'source': 'base'}
2026-05-17 15:22:01,349 : INFO : SwitchController : <<<<<<< 's_outer_inlane_right' inactive >>>>>>>
2026-05-17 15:22:01,672 : INFO : EventManager : Event: ======'player_hard_deck_charlie_hard_deck_charlie_timer_tick'====== Args={'value': 128, 'prev_value': 129, 'change': -1, 'player_num': 1}
2026-05-17 15:22:01,673 : INFO : EventManager : Event: ======'timer_hard_deck_charlie_timer_tick'====== Args={'ticks': 128, 'ticks_remaining': 128}
2026-05-17 15:22:01,673 : INFO : EventManager : Event: ======'player_ball_save_mode_ball_save_countdown_tick'====== Args={'value': 8, 'prev_value': 9, 'change': -1, 'player_num': 1}
2026-05-17 15:22:01,673 : INFO : EventManager : Event: ======'timer_mode_ball_save_countdown_tick'====== Args={'ticks': 8, 'ticks_remaining': 8}
2026-05-17 15:22:01,673 : INFO : EventManager : Event: ======'player_charlie_timer_ticks'====== Args={'value': 128, 'prev_value': 129, 'change': -1, 'player_num': 1, 'source': 'hard_deck_charlie'}
2026-05-17 15:22:01,674 : INFO : EventManager : Event: ======'ball_save_flash_medium_slow'====== Args={'priority': 0}
2026-05-17 15:22:01,674 : INFO : EventManager : Event: ======'player_ball_save_time_remaining'====== Args={'value': 8, 'prev_value': 9, 'change': -1, 'player_num': 1, 'source': 'ball_save'}
2026-05-17 15:22:02,665 : INFO : EventManager : Event: ======'player_hard_deck_charlie_hard_deck_charlie_timer_tick'====== Args={'value': 127, 'prev_value': 128, 'change': -1, 'player_num': 1}
2026-05-17 15:22:02,665 : INFO : EventManager : Event: ======'timer_hard_deck_charlie_timer_tick'====== Args={'ticks': 127, 'ticks_remaining': 127}
2026-05-17 15:22:02,665 : INFO : EventManager : Event: ======'player_ball_save_mode_ball_save_countdown_tick'====== Args={'value': 7, 'prev_value': 8, 'change': -1, 'player_num': 1}
2026-05-17 15:22:02,667 : INFO : EventManager : Event: ======'timer_mode_ball_save_countdown_tick'====== Args={'ticks': 7, 'ticks_remaining': 7}
2026-05-17 15:22:02,667 : INFO : EventManager : Event: ======'player_charlie_timer_ticks'====== Args={'value': 127, 'prev_value': 128, 'change': -1, 'player_num': 1, 'source': 'hard_deck_charlie'}
2026-05-17 15:22:02,667 : INFO : EventManager : Event: ======'ball_save_flash_medium_slow'====== Args={'priority': 0}
2026-05-17 15:22:02,668 : INFO : EventManager : Event: ======'player_ball_save_time_remaining'====== Args={'value': 7, 'prev_value': 8, 'change': -1, 'player_num': 1, 'source': 'ball_save'}
2026-05-17 15:22:02,949 : INFO : EventManager : Event: ======'slide_mode_points_scored_removed'====== Args={'_from_bcp': True}
2026-05-17 15:22:03,663 : INFO : EventManager : Event: ======'player_hard_deck_charlie_hard_deck_charlie_timer_tick'====== Args={'value': 126, 'prev_value': 127, 'change': -1, 'player_num': 1}
2026-05-17 15:22:03,663 : INFO : EventManager : Event: ======'timer_hard_deck_charlie_timer_tick'====== Args={'ticks': 126, 'ticks_remaining': 126}
2026-05-17 15:22:03,663 : INFO : EventManager : Event: ======'player_ball_save_mode_ball_save_countdown_tick'====== Args={'value': 6, 'prev_value': 7, 'change': -1, 'player_num': 1}
2026-05-17 15:22:03,664 : INFO : EventManager : Event: ======'timer_mode_ball_save_countdown_tick'====== Args={'ticks': 6, 'ticks_remaining': 6}
2026-05-17 15:22:03,664 : INFO : EventManager : Event: ======'player_charlie_timer_ticks'====== Args={'value': 126, 'prev_value': 127, 'change': -1, 'player_num': 1, 'source': 'hard_deck_charlie'}
2026-05-17 15:22:03,664 : INFO : EventManager : Event: ======'ball_save_flash_medium'====== Args={'priority': 0}
2026-05-17 15:22:03,665 : INFO : EventManager : Event: ======'player_ball_save_time_remaining'====== Args={'value': 6, 'prev_value': 7, 'change': -1, 'player_num': 1, 'source': 'ball_save'}
2026-05-17 15:22:04,318 : INFO : SwitchController : <<<<<<< 's_ramp_right_exit' active >>>>>>>
2026-05-17 15:22:04,318 : INFO : EventManager : Event: ======'s_ramp_right_exit_active'====== Args={}
2026-05-17 15:22:04,318 : INFO : EventManager : Event: ======'sw_playfield_active'====== Args={}
2026-05-17 15:22:04,318 : INFO : EventManager : Event: ======'sw_playfield_active'====== Args={}
2026-05-17 15:22:04,318 : INFO : EventManager : Event: ======'machine_var_audits_switches_s_ramp_right_exit'====== Args={'value': 1178, 'prev_value': 1177, 'change': 1}
2026-05-17 15:22:04,320 : INFO : EventManager : Event: ======'charlie_stage_1_rr_hit'====== Args={'priority': 0}
2026-05-17 15:22:04,320 : INFO : EventManager : Event: ======'charlie_stage_1_shot_hit'====== Args={'priority': 0}
2026-05-17 15:22:04,320 : INFO : EventManager : Event: ======'player_hd_sw_ramp_right'====== Args={'value': 1, 'prev_value': 0, 'change': 1, 'player_num': 1, 'source': 'hard_deck_qualifiers'}
2026-05-17 15:22:04,320 : INFO : EventManager : Event: ======'player_score'====== Args={'value': 2203000, 'prev_value': 2193000, 'change': 10000, 'player_num': 1, 'source': 'base'}
2026-05-17 15:22:04,321 : INFO : EventManager : Event: ======'player_bonus_switches_count'====== Args={'value': 51, 'prev_value': 50, 'change': 1, 'player_num': 1, 'source': 'base'}
2026-05-17 15:22:04,321 : INFO : EventManager : Event: ======'player_bonus_ramps_count'====== Args={'value': 4, 'prev_value': 3, 'change': 1, 'player_num': 1, 'source': 'base'}
2026-05-17 15:22:04,321 : INFO : EventManager : Event: ======'player_charlie_stage_1_rr_hit'====== Args={'value': 1, 'prev_value': 0, 'change': 1, 'player_num': 1, 'source': 'hard_deck_charlie'}
2026-05-17 15:22:04,322 : INFO : EventManager : Event: ======'charlie_stage_1_shot_4'====== Args={'priority': 0}
2026-05-17 15:22:04,322 : INFO : EventManager : Event: ======'shaker_soft'====== Args={'priority': 0}
2026-05-17 15:22:04,322 : INFO : EventManager : Event: ======'charlie_show_points'====== Args={'priority': 0}
2026-05-17 15:22:04,322 : INFO : EventManager : Event: ======'player_score'====== Args={'value': 3203000, 'prev_value': 2203000, 'change': 1000000, 'player_num': 1, 'source': 'hard_deck_charlie'}
2026-05-17 15:22:04,322 : INFO : EventManager : Event: ======'player_charlie_stage_1_shots_made'====== Args={'value': 4, 'prev_value': 3, 'change': 1, 'player_num': 1, 'source': 'hard_deck_charlie'}
2026-05-17 15:22:04,322 : INFO : EventManager : Event: ======'player_charlie_shots_remaining'====== Args={'value': 1, 'prev_value': 2, 'change': -1, 'player_num': 1, 'source': 'hard_deck_charlie'}
2026-05-17 15:22:04,323 : INFO : EventManager : Event: ======'player_mode_points_scored'====== Args={'value': 1000000, 'prev_value': 800000, 'change': 200000, 'player_num': 1, 'source': 'hard_deck_charlie'}
2026-05-17 15:22:04,338 : INFO : EventManager : Event: ======'slide_hard_deck_charlie_stage_1_step_3_removed'====== Args={'_from_bcp': True}
2026-05-17 15:22:04,364 : INFO : SwitchController : <<<<<<< 's_ramp_right_exit' inactive >>>>>>>
2026-05-17 15:22:04,366 : INFO : EventManager : Event: ======'slide_hard_deck_charlie_stage_1_step_4_created'====== Args={'_from_bcp': True}
2026-05-17 15:22:04,366 : INFO : EventManager : Event: ======'slide_mode_points_scored_created'====== Args={'_from_bcp': True}
2026-05-17 15:22:04,505 : INFO : EventManager : Event: ======'charlie_stage_1_final_shot_setup'====== Args={'priority': 0}
2026-05-17 15:22:04,505 : INFO : EventManager : Event: ======'barrier_drop'====== Args={'priority': 0}
2026-05-17 15:22:04,505 : INFO : EventManager : Event: ======'player_charlie_stage_1_final_shot_lit'====== Args={'value': 1, 'prev_value': 0, 'change': 1, 'player_num': 1, 'source': 'hard_deck_charlie'}
2026-05-17 15:22:04,506 : INFO : coil.c_mode_barrier : Enabling Driver with power 0.25 (pulse_ms 45ms and pulse_power 0.75)
2026-05-17 15:22:04,662 : INFO : EventManager : Event: ======'player_hard_deck_charlie_hard_deck_charlie_timer_tick'====== Args={'value': 125, 'prev_value': 126, 'change': -1, 'player_num': 1}
2026-05-17 15:22:04,662 : INFO : EventManager : Event: ======'timer_hard_deck_charlie_timer_tick'====== Args={'ticks': 125, 'ticks_remaining': 125}
2026-05-17 15:22:04,662 : INFO : EventManager : Event: ======'player_ball_save_mode_ball_save_countdown_tick'====== Args={'value': 5, 'prev_value': 6, 'change': -1, 'player_num': 1}
2026-05-17 15:22:04,663 : INFO : EventManager : Event: ======'timer_mode_ball_save_countdown_tick'====== Args={'ticks': 5, 'ticks_remaining': 5}
2026-05-17 15:22:04,663 : INFO : EventManager : Event: ======'player_charlie_timer_ticks'====== Args={'value': 125, 'prev_value': 126, 'change': -1, 'player_num': 1, 'source': 'hard_deck_charlie'}
2026-05-17 15:22:04,664 : INFO : EventManager : Event: ======'ball_save_flash_medium'====== Args={'priority': 0}
2026-05-17 15:22:04,664 : INFO : EventManager : Event: ======'player_ball_save_time_remaining'====== Args={'value': 5, 'prev_value': 6, 'change': -1, 'player_num': 1, 'source': 'ball_save'}
2026-05-17 15:22:05,569 : INFO : SwitchController : <<<<<<< 's_outer_inlane_right' active >>>>>>>
2026-05-17 15:22:05,569 : INFO : EventManager : Event: ======'s_outer_inlane_right_active'====== Args={}
2026-05-17 15:22:05,569 : INFO : EventManager : Event: ======'sw_playfield_active'====== Args={}
2026-05-17 15:22:05,569 : INFO : EventManager : Event: ======'sw_playfield_active'====== Args={}
2026-05-17 15:22:05,569 : INFO : EventManager : Event: ======'machine_var_audits_switches_s_outer_inlane_right'====== Args={'value': 4749, 'prev_value': 4748, 'change': 1}
2026-05-17 15:22:05,571 : INFO : EventManager : Event: ======'player_hd_sw_inlane_outer_r'====== Args={'value': 2, 'prev_value': 1, 'change': 1, 'player_num': 1, 'source': 'hard_deck_qualifiers'}
2026-05-17 15:22:05,571 : INFO : EventManager : Event: ======'player_score'====== Args={'value': 3205000, 'prev_value': 3203000, 'change': 2000, 'player_num': 1, 'source': 'base'}
2026-05-17 15:22:05,571 : INFO : EventManager : Event: ======'player_bonus_switches_count'====== Args={'value': 52, 'prev_value': 51, 'change': 1, 'player_num': 1, 'source': 'base'}
2026-05-17 15:22:05,572 : INFO : EventManager : Event: ======'player_hd_switches_completed'====== Args={'value': 8, 'prev_value': 7, 'change': 1, 'player_num': 1, 'source': 'hard_deck_qualifiers'}
2026-05-17 15:22:05,579 : INFO : SwitchController : <<<<<<< 's_outer_inlane_right' inactive >>>>>>>
2026-05-17 15:22:05,664 : INFO : EventManager : Event: ======'player_hard_deck_charlie_hard_deck_charlie_timer_tick'====== Args={'value': 124, 'prev_value': 125, 'change': -1, 'player_num': 1}
2026-05-17 15:22:05,664 : INFO : EventManager : Event: ======'timer_hard_deck_charlie_timer_tick'====== Args={'ticks': 124, 'ticks_remaining': 124}
2026-05-17 15:22:05,665 : INFO : EventManager : Event: ======'player_ball_save_mode_ball_save_countdown_tick'====== Args={'value': 4, 'prev_value': 5, 'change': -1, 'player_num': 1}
2026-05-17 15:22:05,665 : INFO : EventManager : Event: ======'timer_mode_ball_save_countdown_tick'====== Args={'ticks': 4, 'ticks_remaining': 4}
2026-05-17 15:22:05,665 : INFO : EventManager : Event: ======'player_charlie_timer_ticks'====== Args={'value': 124, 'prev_value': 125, 'change': -1, 'player_num': 1, 'source': 'hard_deck_charlie'}
2026-05-17 15:22:05,666 : INFO : EventManager : Event: ======'ball_save_flash_fast'====== Args={'priority': 0}
2026-05-17 15:22:05,666 : INFO : EventManager : Event: ======'player_ball_save_time_remaining'====== Args={'value': 4, 'prev_value': 5, 'change': -1, 'player_num': 1, 'source': 'ball_save'}
2026-05-17 15:22:06,663 : INFO : EventManager : Event: ======'player_hard_deck_charlie_hard_deck_charlie_timer_tick'====== Args={'value': 123, 'prev_value': 124, 'change': -1, 'player_num': 1}
2026-05-17 15:22:06,665 : INFO : EventManager : Event: ======'timer_hard_deck_charlie_timer_tick'====== Args={'ticks': 123, 'ticks_remaining': 123}
2026-05-17 15:22:06,666 : INFO : EventManager : Event: ======'player_ball_save_mode_ball_save_countdown_tick'====== Args={'value': 3, 'prev_value': 4, 'change': -1, 'player_num': 1}
2026-05-17 15:22:06,666 : INFO : EventManager : Event: ======'timer_mode_ball_save_countdown_tick'====== Args={'ticks': 3, 'ticks_remaining': 3}
2026-05-17 15:22:06,667 : INFO : EventManager : Event: ======'player_charlie_timer_ticks'====== Args={'value': 123, 'prev_value': 124, 'change': -1, 'player_num': 1, 'source': 'hard_deck_charlie'}
2026-05-17 15:22:06,667 : INFO : EventManager : Event: ======'ball_save_flash_fast'====== Args={'priority': 0}
2026-05-17 15:22:06,667 : INFO : EventManager : Event: ======'player_ball_save_time_remaining'====== Args={'value': 3, 'prev_value': 4, 'change': -1, 'player_num': 1, 'source': 'ball_save'}
2026-05-17 15:22:07,355 : INFO : EventManager : Event: ======'slide_mode_points_scored_removed'====== Args={'_from_bcp': True}
2026-05-17 15:22:07,661 : INFO : EventManager : Event: ======'player_hard_deck_charlie_hard_deck_charlie_timer_tick'====== Args={'value': 122, 'prev_value': 123, 'change': -1, 'player_num': 1}
2026-05-17 15:22:07,661 : INFO : EventManager : Event: ======'timer_hard_deck_charlie_timer_tick'====== Args={'ticks': 122, 'ticks_remaining': 122}
2026-05-17 15:22:07,662 : INFO : EventManager : Event: ======'player_ball_save_mode_ball_save_countdown_tick'====== Args={'value': 2, 'prev_value': 3, 'change': -1, 'player_num': 1}
2026-05-17 15:22:07,662 : INFO : EventManager : Event: ======'timer_mode_ball_save_countdown_tick'====== Args={'ticks': 2, 'ticks_remaining': 2}
2026-05-17 15:22:07,662 : INFO : EventManager : Event: ======'player_charlie_timer_ticks'====== Args={'value': 122, 'prev_value': 123, 'change': -1, 'player_num': 1, 'source': 'hard_deck_charlie'}
2026-05-17 15:22:07,662 : INFO : EventManager : Event: ======'ball_save_flash_off'====== Args={'priority': 0}
2026-05-17 15:22:07,663 : INFO : EventManager : Event: ======'player_ball_save_time_remaining'====== Args={'value': 2, 'prev_value': 3, 'change': -1, 'player_num': 1, 'source': 'ball_save'}
2026-05-17 15:22:08,671 : INFO : EventManager : Event: ======'player_ball_save_mode_ball_save_countdown_tick'====== Args={'value': 1, 'prev_value': 2, 'change': -1, 'player_num': 1}
2026-05-17 15:22:08,671 : INFO : EventManager : Event: ======'timer_mode_ball_save_countdown_tick'====== Args={'ticks': 1, 'ticks_remaining': 1}
2026-05-17 15:22:08,671 : INFO : EventManager : Event: ======'player_hard_deck_charlie_hard_deck_charlie_timer_tick'====== Args={'value': 121, 'prev_value': 122, 'change': -1, 'player_num': 1}
2026-05-17 15:22:08,671 : INFO : EventManager : Event: ======'timer_hard_deck_charlie_timer_tick'====== Args={'ticks': 121, 'ticks_remaining': 121}
2026-05-17 15:22:08,672 : INFO : EventManager : Event: ======'ball_save_flash_off'====== Args={'priority': 0}
2026-05-17 15:22:08,672 : INFO : EventManager : Event: ======'player_ball_save_time_remaining'====== Args={'value': 1, 'prev_value': 2, 'change': -1, 'player_num': 1, 'source': 'ball_save'}
2026-05-17 15:22:08,672 : INFO : EventManager : Event: ======'player_charlie_timer_ticks'====== Args={'value': 121, 'prev_value': 122, 'change': -1, 'player_num': 1, 'source': 'hard_deck_charlie'}
2026-05-17 15:22:09,544 : INFO : SwitchController : <<<<<<< 's_mode_start' active >>>>>>>
2026-05-17 15:22:09,544 : INFO : EventManager : Event: ======'s_mode_start_active'====== Args={}
2026-05-17 15:22:09,544 : INFO : EventManager : Event: ======'sw_playfield_active'====== Args={}
2026-05-17 15:22:09,544 : INFO : EventManager : Event: ======'machine_var_audits_switches_s_mode_start'====== Args={'value': 2029, 'prev_value': 2028, 'change': 1}
2026-05-17 15:22:09,546 : INFO : EventManager : Event: ======'charlie_stage_1_final_shot_setup_hold'====== Args={'priority': 0}
2026-05-17 15:22:09,546 : INFO : EventManager : Event: ======'charlie_stage_1_final_shot_hit'====== Args={'priority': 0}
2026-05-17 15:22:09,547 : INFO : Timer.lock_mb_eject_debounce : Stopping Timer
2026-05-17 15:22:09,547 : INFO : EventManager : Event: ======'timer_lock_mb_eject_debounce_stopped'====== Args={'ticks': 0, 'ticks_remaining': 0}
2026-05-17 15:22:09,547 : INFO : EventManager : Event: ======'shaker_soft'====== Args={'priority': 0}
2026-05-17 15:22:09,547 : INFO : EventManager : Event: ======'barrier_raise'====== Args={'priority': 0}
2026-05-17 15:22:09,547 : INFO : EventManager : Event: ======'charlie_show_points'====== Args={'priority': 0}
2026-05-17 15:22:09,547 : INFO : EventManager : Event: ======'player_score'====== Args={'value': 8205000, 'prev_value': 3205000, 'change': 5000000, 'player_num': 1, 'source': 'hard_deck_charlie'}
2026-05-17 15:22:09,547 : INFO : EventManager : Event: ======'player_charlie_stage_1_final_shot_lit'====== Args={'value': 0, 'prev_value': 1, 'change': -1, 'player_num': 1, 'source': 'hard_deck_charlie'}
2026-05-17 15:22:09,548 : INFO : EventManager : Event: ======'player_charlie_shots_remaining'====== Args={'value': 0, 'prev_value': 1, 'change': -1, 'player_num': 1, 'source': 'hard_deck_charlie'}
2026-05-17 15:22:09,548 : INFO : EventManager : Event: ======'player_mode_points_scored'====== Args={'value': 5000000, 'prev_value': 1000000, 'change': 4000000, 'player_num': 1, 'source': 'hard_deck_charlie'}
2026-05-17 15:22:09,548 : INFO : Timer.hard_deck_charlie_timer : Pausing Timer for 0 ms
2026-05-17 15:22:09,548 : INFO : EventManager : Event: ======'timer_hard_deck_charlie_timer_paused'====== Args={'ticks': 121, 'ticks_remaining': 121}
2026-05-17 15:22:09,548 : INFO : Timer.hard_deck_charlie_stage_1_decision_timer : Starting Timer.
2026-05-17 15:22:09,548 : INFO : EventManager : Event: ======'timer_hard_deck_charlie_stage_1_decision_timer_started'====== Args={'ticks': 10, 'ticks_remaining': 10}
2026-05-17 15:22:09,548 : INFO : EventManager : Event: ======'timer_hard_deck_charlie_stage_1_decision_timer_tick'====== Args={'ticks': 10, 'ticks_remaining': 10}
2026-05-17 15:22:09,548 : INFO : coil.c_mode_barrier : Disabling Driver
2026-05-17 15:22:09,549 : INFO : Timer.global_scoop_eject_delay : Stopping Timer
2026-05-17 15:22:09,549 : INFO : EventManager : Event: ======'timer_global_scoop_eject_delay_stopped'====== Args={'ticks': 0, 'ticks_remaining': 0}
2026-05-17 15:22:09,562 : INFO : EventManager : Event: ======'slide_hard_deck_charlie_stage_1_step_4_removed'====== Args={'_from_bcp': True}
2026-05-17 15:22:09,591 : INFO : EventManager : Event: ======'slide_hard_deck_charlie_stage_1_won_created'====== Args={'_from_bcp': True}
2026-05-17 15:22:09,592 : INFO : EventManager : Event: ======'slide_mode_points_scored_created'====== Args={'_from_bcp': True}
2026-05-17 15:22:09,668 : INFO : EventManager : Event: ======'player_ball_save_mode_ball_save_countdown_tick'====== Args={'value': 0, 'prev_value': 1, 'change': -1, 'player_num': 1}
2026-05-17 15:22:09,668 : INFO : Timer.mode_ball_save_countdown : Timer Complete
2026-05-17 15:22:09,668 : INFO : Timer.mode_ball_save_countdown : Stopping Timer
2026-05-17 15:22:09,668 : INFO : EventManager : Event: ======'timer_mode_ball_save_countdown_stopped'====== Args={'ticks': 0, 'ticks_remaining': 1}
2026-05-17 15:22:09,668 : INFO : EventManager : Event: ======'timer_mode_ball_save_countdown_complete'====== Args={'ticks': 0, 'ticks_remaining': 1}
2026-05-17 15:22:09,668 : INFO : EventManager : Event: ======'ball_save_flash_stop'====== Args={'priority': 0}
2026-05-17 15:22:09,670 : INFO : EventManager : Event: ======'ball_save_mode_ball_save_disabled'====== Args={}
2026-05-17 15:22:09,856 : INFO : EventManager : Event: ======'balldevice_bd_mode_scoop_ball_count_changed'====== Args={'balls': 1}
2026-05-17 15:22:09,856 : INFO : ball_device.bd_mode_scoop : Received unexpected ball
2026-05-17 15:22:09,856 : INFO : EventManager : Event: ======'balldevice_captured_from_playfield'====== Args={'balls': 1}
2026-05-17 15:22:09,857 : INFO : EventManager : Event: ======'sw_playfield_active'====== Args={'balls': 1}
2026-05-17 15:22:09,858 : INFO : EventManager : Event: ======'playfield_ball_count_change'====== Args={'balls': 0, 'change': -1}
2026-05-17 15:22:09,859 : INFO : EventManager : Event: ======'balldevice_bd_mode_scoop_ball_enter'====== Args={'new_balls': 1, 'unclaimed_balls': 1, 'new_available_balls': 1, 'device': <ball_device.bd_mode_scoop>}
2026-05-17 15:22:09,859 : INFO : EventManager : Event: ======'ball_hold_hard_deck_charlie_scoop_hold_held_ball'====== Args={'balls_held': 1, 'total_balls_held': 1}
2026-05-17 15:22:09,859 : INFO : EventManager : Event: ======'ball_hold_hard_deck_charlie_scoop_hold_full'====== Args={'balls': 1}
2026-05-17 15:22:09,859 : INFO : EventManager : Event: ======'balldevice_balls_available'====== Args={}
2026-05-17 15:22:09,859 : INFO : EventManager : Event: ======'balldevice_bd_mode_scoop_ball_entered'====== Args={'new_balls': 1, 'device': <ball_device.bd_mode_scoop>}
2026-05-17 15:22:10,539 : INFO : EventManager : Event: ======'player_hard_deck_charlie_hard_deck_charlie_stage_1_decision_timer_tick'====== Args={'value': 9, 'prev_value': 10, 'change': -1, 'player_num': 1}
2026-05-17 15:22:10,540 : INFO : EventManager : Event: ======'timer_hard_deck_charlie_stage_1_decision_timer_tick'====== Args={'ticks': 9, 'ticks_remaining': 9}
2026-05-17 15:22:11,538 : INFO : EventManager : Event: ======'player_hard_deck_charlie_hard_deck_charlie_stage_1_decision_timer_tick'====== Args={'value': 8, 'prev_value': 9, 'change': -1, 'player_num': 1}
2026-05-17 15:22:11,538 : INFO : EventManager : Event: ======'timer_hard_deck_charlie_stage_1_decision_timer_tick'====== Args={'ticks': 8, 'ticks_remaining': 8}
2026-05-17 15:22:12,548 : INFO : EventManager : Event: ======'player_hard_deck_charlie_hard_deck_charlie_stage_1_decision_timer_tick'====== Args={'value': 7, 'prev_value': 8, 'change': -1, 'player_num': 1}
2026-05-17 15:22:12,548 : INFO : EventManager : Event: ======'timer_hard_deck_charlie_stage_1_decision_timer_tick'====== Args={'ticks': 7, 'ticks_remaining': 7}
2026-05-17 15:22:12,563 : INFO : SwitchController : <<<<<<< 's_flipper_right' active >>>>>>>
2026-05-17 15:22:12,563 : INFO : EventManager : Event: ======'s_flipper_right_active'====== Args={}
2026-05-17 15:22:12,563 : INFO : EventManager : Event: ======'machine_var_audits_switches_s_flipper_right'====== Args={'value': 55643, 'prev_value': 55642, 'change': 1}
2026-05-17 15:22:12,565 : INFO : EventManager : Event: ======'charlie_stage_1_exit'====== Args={'priority': 0}
2026-05-17 15:22:12,565 : INFO : EventManager : Event: ======'goose_rotate_right_execute'====== Args={'priority': 0}
2026-05-17 15:22:12,565 : INFO : EventManager : Event: ======'player_goose_temp_o_left'====== Args={'value': 1, 'prev_value': 0, 'change': 1, 'player_num': 1, 'source': 'goose_letters'}
2026-05-17 15:22:12,566 : INFO : EventManager : Event: ======'player_goose_temp_s'====== Args={'value': 1, 'prev_value': 0, 'change': 1, 'player_num': 1, 'source': 'goose_letters'}
2026-05-17 15:22:12,566 : INFO : EventManager : Event: ======'mig_rotate_right_execute'====== Args={'priority': 0}
2026-05-17 15:22:12,566 : INFO : EventManager : Event: ======'player_mig_temp_i'====== Args={'value': 1, 'prev_value': 0, 'change': 1, 'player_num': 1, 'source': 'mig_letters'}
2026-05-17 15:22:12,566 : INFO : EventManager : Event: ======'player_mig_temp_g'====== Args={'value': 0, 'prev_value': 1, 'change': -1, 'player_num': 1, 'source': 'mig_letters'}
2026-05-17 15:22:12,566 : INFO : EventManager : Event: ======'ball_search_reset'====== Args={'priority': 0}
2026-05-17 15:22:12,566 : INFO : EventManager : Event: ======'barrier_drop'====== Args={'priority': 0}
2026-05-17 15:22:12,566 : INFO : Timer.hard_deck_charlie_stage_1_decision_timer : Stopping Timer
2026-05-17 15:22:12,566 : INFO : EventManager : Event: ======'timer_hard_deck_charlie_stage_1_decision_timer_stopped'====== Args={'ticks': 7, 'ticks_remaining': 7}
2026-05-17 15:22:12,566 : INFO : coil.c_mode_barrier : Enabling Driver with power 0.25 (pulse_ms 45ms and pulse_power 0.75)
2026-05-17 15:22:12,566 : INFO : EventManager : Event: ======'player_goose_letter_e'====== Args={'value': 1, 'prev_value': 0, 'change': 1, 'player_num': 1, 'source': 'goose_letters'}
2026-05-17 15:22:12,568 : INFO : EventManager : Event: ======'player_goose_letter_s'====== Args={'value': 0, 'prev_value': 1, 'change': -1, 'player_num': 1, 'source': 'goose_letters'}
2026-05-17 15:22:12,568 : INFO : EventManager : Event: ======'player_goose_letter_o_right'====== Args={'value': 1, 'prev_value': 0, 'change': 1, 'player_num': 1, 'source': 'goose_letters'}
2026-05-17 15:22:12,568 : INFO : EventManager : Event: ======'player_goose_letter_o_left'====== Args={'value': 0, 'prev_value': 1, 'change': -1, 'player_num': 1, 'source': 'goose_letters'}
2026-05-17 15:22:12,568 : INFO : EventManager : Event: ======'player_mig_letter_m'====== Args={'value': 0, 'prev_value': 1, 'change': -1, 'player_num': 1, 'source': 'mig_letters'}
2026-05-17 15:22:12,568 : INFO : EventManager : Event: ======'player_mig_letter_g'====== Args={'value': 1, 'prev_value': 0, 'change': 1, 'player_num': 1, 'source': 'mig_letters'}
2026-05-17 15:22:12,576 : INFO : EventManager : Event: ======'slide_mode_points_scored_removed'====== Args={'_from_bcp': True}
2026-05-17 15:22:12,594 : INFO : SwitchController : <<<<<<< 's_flipper_right_eos' active >>>>>>>
2026-05-17 15:22:12,594 : INFO : EventManager : Event: ======'machine_var_audits_switches_s_flipper_right_eos'====== Args={'value': 50059, 'prev_value': 50058, 'change': 1}
2026-05-17 15:22:12,687 : INFO : SwitchController : <<<<<<< 's_flipper_right' inactive >>>>>>>
2026-05-17 15:22:12,687 : INFO : EventManager : Event: ======'s_flipper_right_inactive'====== Args={}
2026-05-17 15:22:12,765 : INFO : SwitchController : <<<<<<< 's_flipper_right_eos' inactive >>>>>>>
2026-05-17 15:22:12,969 : INFO : EventManager : Event: ======'charlie_decision_release_ball'====== Args={'priority': 0}
2026-05-17 15:22:12,969 : INFO : EventManager : Event: ======'scoop_ball_release'====== Args={'priority': 0}
2026-05-17 15:22:12,969 : INFO : EventManager : Event: ======'barrier_drop'====== Args={'priority': 0}
2026-05-17 15:22:12,970 : INFO : EventManager : Event: ======'player_scoop_release_pending'====== Args={'value': 1, 'prev_value': 0, 'change': 1, 'player_num': 1, 'source': 'pilot_mission_qualifier'}
2026-05-17 15:22:12,970 : INFO : coil.c_mode_barrier : Enabling Driver with power 0.25 (pulse_ms 45ms and pulse_power 0.75)
2026-05-17 15:22:13,356 : INFO : EventManager : Event: ======'hard_deck_charlie_decision_ball_release'====== Args={'priority': 0}
2026-05-17 15:22:13,356 : INFO : ball_device.bd_mode_scoop : Adding 1 ball(s) to the eject_queue with target <playfield.playfield>.
2026-05-17 15:22:13,356 : INFO : EventManager : Event: ======'balldevice_balls_available'====== Args={}
2026-05-17 15:22:13,356 : INFO : EventManager : Event: ======'ball_hold_hard_deck_charlie_scoop_hold_balls_released'====== Args={'balls_released': 1}
2026-05-17 15:22:13,359 : INFO : ball_device.bd_mode_scoop : State: waiting_for_target_ready
2026-05-17 15:22:13,359 : INFO : EventManager : Event: ======'balldevice_bd_mode_scoop_ball_eject_attempt'====== Args={'balls': 1, 'target': <playfield.playfield>, 'source': <ball_device.bd_mode_scoop>, 'mechanical_eject': False, 'num_attempts': 0}
2026-05-17 15:22:13,360 : INFO : ball_device.bd_mode_scoop : State: ejecting
2026-05-17 15:22:13,360 : INFO : ball_device.bd_mode_scoop : Ejecting ball to <playfield.playfield>
2026-05-17 15:22:13,360 : INFO : EventManager : Event: ======'balldevice_bd_mode_scoop_ejecting_ball'====== Args={'balls': 1, 'target': <playfield.playfield>, 'source': <ball_device.bd_mode_scoop>, 'mechanical_eject': False, 'num_attempts': 0}
2026-05-17 15:22:13,361 : INFO : EventManager : Event: ======'ball_save_scoop_eject_save_timer_start'====== Args={}
2026-05-17 15:22:13,361 : INFO : EventManager : Event: ======'ball_save_scoop_eject_save_enabled'====== Args={}
2026-05-17 15:22:13,361 : INFO : Timer.scoop_save_countdown : Starting Timer.
2026-05-17 15:22:13,362 : INFO : EventManager : Event: ======'timer_scoop_save_countdown_started'====== Args={'ticks': 5, 'ticks_remaining': 5}
2026-05-17 15:22:13,362 : INFO : EventManager : Event: ======'timer_scoop_save_countdown_tick'====== Args={'ticks': 5, 'ticks_remaining': 5}
2026-05-17 15:22:13,362 : INFO : EventManager : Event: ======'ball_save_flash_medium'====== Args={'priority': 0}
2026-05-17 15:22:13,362 : INFO : EventManager : Event: ======'player_ball_save_time_remaining'====== Args={'value': 5, 'prev_value': 1, 'change': 4, 'player_num': 1, 'source': 'ball_save'}
2026-05-17 15:22:13,362 : INFO : EventManager : Event: ======'player_ball_save_active'====== Args={'value': 1, 'prev_value': 0, 'change': 1, 'player_num': 1, 'source': 'ball_save'}
2026-05-17 15:22:13,364 : INFO : ball_device.bd_mode_scoop : Wait for ball to leave device
2026-05-17 15:22:13,364 : INFO : coil.c_mode_outkicker : Pulsing Driver for 35ms (0.75 pulse_power)
2026-05-17 15:22:13,403 : INFO : SwitchController : <<<<<<< 's_mode_start' inactive >>>>>>>
2026-05-17 15:22:13,403 : INFO : EventManager : Event: ======'s_mode_start_inactive'====== Args={}
2026-05-17 15:22:13,404 : INFO : EventManager : Event: ======'global_scoop_eject_start'====== Args={'priority': 0}
2026-05-17 15:22:13,404 : INFO : Timer.global_scoop_eject_delay : Starting Timer.
2026-05-17 15:22:13,404 : INFO : EventManager : Event: ======'timer_global_scoop_eject_delay_started'====== Args={'ticks': 0, 'ticks_remaining': 1}
2026-05-17 15:22:13,404 : INFO : EventManager : Event: ======'timer_global_scoop_eject_delay_tick'====== Args={'ticks': 0, 'ticks_remaining': 1}
2026-05-17 15:22:13,406 : INFO : ball_device.bd_mode_scoop : State: ball_left
2026-05-17 15:22:13,406 : INFO : ball_device.bd_mode_scoop : Ball left
2026-05-17 15:22:13,406 : INFO : ball_device.bd_mode_scoop : Wait for confirm with timeout 3.0
2026-05-17 15:22:13,560 : INFO : EventManager : Event: ======'hard_deck_charlie_mode_end_complete'====== Args={'priority': 0}
2026-05-17 15:22:13,560 : INFO : EventManager : Event: ======'mode_hard_deck_charlie_will_stop'====== Args={}
2026-05-17 15:22:13,560 : INFO : EventManager : Event: ======'mode_hard_deck_charlie_stopping'====== Args={}
2026-05-17 15:22:13,561 : INFO : Timer.hard_deck_charlie_timer : Stopping Timer
2026-05-17 15:22:13,561 : INFO : EventManager : Event: ======'timer_hard_deck_charlie_timer_stopped'====== Args={'ticks': 121, 'ticks_remaining': 121}
2026-05-17 15:22:13,561 : INFO : coil.c_left_lane_up_post : Disabling Driver
2026-05-17 15:22:13,561 : INFO : Mode.hard_deck_charlie : Stopped.
2026-05-17 15:22:13,561 : INFO : EventManager : Event: ======'modes_active_modes_changed'====== Args={}
2026-05-17 15:22:13,562 : INFO : EventManager : Event: ======'mode_hard_deck_charlie_stopped'====== Args={}
2026-05-17 15:22:13,562 : INFO : EventManager : Event: ======'clear'====== Args={'key': 'hard_deck_charlie'}
2026-05-17 15:22:13,563 : INFO : EventManager : Event: ======'hd_check_requalify'====== Args={'priority': 0}
2026-05-17 15:22:13,563 : INFO : EventManager : Event: ======'hd_restore_qualified_light'====== Args={'priority': 0}
2026-05-17 15:22:13,563 : INFO : EventManager : Event: ======'player_hard_deck_active'====== Args={'value': 0, 'prev_value': 1, 'change': -1, 'player_num': 1, 'source': 'hard_deck_qualifiers'}
2026-05-17 15:22:13,563 : INFO : EventManager : Event: ======'player_letter_collection_paused'====== Args={'value': 0, 'prev_value': 1, 'change': -1, 'player_num': 1, 'source': 'hard_deck_qualifiers'}
2026-05-17 15:22:13,563 : INFO : coil.c_mode_barrier : Enabling Driver with power 0.25 (pulse_ms 45ms and pulse_power 0.75)
2026-05-17 15:22:13,563 : INFO : EventManager : Event: ======'player_hard_deck_qualified_mode'====== Args={'value': 2, 'prev_value': 0, 'change': 2, 'player_num': 1, 'source': 'hard_deck_qualifiers'}
2026-05-17 15:22:13,564 : INFO : EventManager : Event: ======'update_training_qual_lights'====== Args={'priority': 0}
2026-05-17 15:22:13,564 : INFO : EventManager : Event: ======'restore_qualified_mode_light'====== Args={'priority': 0}
2026-05-17 15:22:13,565 : INFO : Timer.hard_deck_charlie_timer : Stopping Timer
2026-05-17 15:22:13,565 : INFO : EventManager : Event: ======'timer_hard_deck_charlie_timer_stopped'====== Args={'ticks': 121, 'ticks_remaining': 121}
2026-05-17 15:22:13,565 : INFO : Timer.hard_deck_charlie_stage_1_decision_timer : Stopping Timer
2026-05-17 15:22:13,565 : INFO : EventManager : Event: ======'timer_hard_deck_charlie_stage_1_decision_timer_stopped'====== Args={'ticks': 7, 'ticks_remaining': 7}
2026-05-17 15:22:13,566 : INFO : Timer.hard_deck_charlie_intro_video_delay : Stopping Timer
2026-05-17 15:22:13,566 : INFO : EventManager : Event: ======'timer_hard_deck_charlie_intro_video_delay_stopped'====== Args={'ticks': 5, 'ticks_remaining': 85}
2026-05-17 15:22:13,566 : INFO : Timer.hard_deck_charlie_stage_1_failed_delay : Stopping Timer
2026-05-17 15:22:13,566 : INFO : EventManager : Event: ======'timer_hard_deck_charlie_stage_1_failed_delay_stopped'====== Args={'ticks': 0, 'ticks_remaining': 0}
2026-05-17 15:22:13,569 : INFO : EventManager : Event: ======'slide_hard_deck_charlie_background_removed'====== Args={'_from_bcp': True}
2026-05-17 15:22:13,573 : INFO : EventManager : Event: ======'slide_hard_deck_charlie_shots_remaining_removed'====== Args={'_from_bcp': True}
2026-05-17 15:22:13,573 : INFO : EventManager : Event: ======'slide_hard_deck_charlie_stage_1_won_removed'====== Args={'_from_bcp': True}
2026-05-17 15:22:13,584 : INFO : EventManager : Event: ======'slide_hard_deck_charlie_timer_inactive'====== Args={'is_removing': True, '_from_bcp': True}
2026-05-17 15:22:13,584 : INFO : EventManager : Event: ======'slide_mach_1_active'====== Args={'_from_bcp': True}
2026-05-17 15:22:13,585 : INFO : EventManager : Event: ======'slide_hard_deck_charlie_timer_removed'====== Args={'_from_bcp': True}
2026-05-17 15:22:14,357 : INFO : EventManager : Event: ======'player_ball_save_scoop_save_countdown_tick'====== Args={'value': 4, 'prev_value': 5, 'change': -1, 'player_num': 1}
2026-05-17 15:22:14,357 : INFO : EventManager : Event: ======'timer_scoop_save_countdown_tick'====== Args={'ticks': 4, 'ticks_remaining': 4}
2026-05-17 15:22:14,359 : INFO : EventManager : Event: ======'ball_save_flash_medium'====== Args={'priority': 0}
2026-05-17 15:22:14,359 : INFO : EventManager : Event: ======'player_ball_save_time_remaining'====== Args={'value': 4, 'prev_value': 5, 'change': -1, 'player_num': 1, 'source': 'ball_save'}
2026-05-17 15:22:14,405 : INFO : EventManager : Event: ======'player_pilot_mission_qualifier_global_scoop_eject_delay_tick'====== Args={'value': 1, 'prev_value': 0, 'change': 1, 'player_num': 1}
2026-05-17 15:22:14,405 : INFO : Timer.global_scoop_eject_delay : Timer Complete
2026-05-17 15:22:14,405 : INFO : Timer.global_scoop_eject_delay : Stopping Timer
2026-05-17 15:22:14,405 : INFO : EventManager : Event: ======'timer_global_scoop_eject_delay_stopped'====== Args={'ticks': 1, 'ticks_remaining': 1}
2026-05-17 15:22:14,405 : INFO : EventManager : Event: ======'timer_global_scoop_eject_delay_complete'====== Args={'ticks': 1, 'ticks_remaining': 1}
2026-05-17 15:22:15,360 : INFO : EventManager : Event: ======'player_ball_save_scoop_save_countdown_tick'====== Args={'value': 3, 'prev_value': 4, 'change': -1, 'player_num': 1}
2026-05-17 15:22:15,360 : INFO : EventManager : Event: ======'timer_scoop_save_countdown_tick'====== Args={'ticks': 3, 'ticks_remaining': 3}
2026-05-17 15:22:15,361 : INFO : EventManager : Event: ======'ball_save_flash_fast'====== Args={'priority': 0}
2026-05-17 15:22:15,361 : INFO : EventManager : Event: ======'player_ball_save_time_remaining'====== Args={'value': 3, 'prev_value': 4, 'change': -1, 'player_num': 1, 'source': 'ball_save'}
2026-05-17 15:22:16,351 : INFO : EventManager : Event: ======'player_ball_save_scoop_save_countdown_tick'====== Args={'value': 2, 'prev_value': 3, 'change': -1, 'player_num': 1}
2026-05-17 15:22:16,351 : INFO : EventManager : Event: ======'timer_scoop_save_countdown_tick'====== Args={'ticks': 2, 'ticks_remaining': 2}
2026-05-17 15:22:16,352 : INFO : EventManager : Event: ======'ball_save_flash_off'====== Args={'priority': 0}
2026-05-17 15:22:16,352 : INFO : EventManager : Event: ======'player_ball_save_time_remaining'====== Args={'value': 2, 'prev_value': 3, 'change': -1, 'player_num': 1, 'source': 'ball_save'}
2026-05-17 15:22:16,398 : INFO : ball_device.bd_mode_scoop : State: failed_confirm
2026-05-17 15:22:16,398 : INFO : ball_device.bd_mode_scoop : Got timeout (3.0s) before confirm from <playfield.playfield>
2026-05-17 15:22:16,492 : INFO : SwitchController : <<<<<<< 's_trough_6' active >>>>>>>
2026-05-17 15:22:16,492 : INFO : EventManager : Event: ======'machine_var_audits_switches_s_trough_6'====== Args={'value': 5716, 'prev_value': 5715, 'change': 1}
2026-05-17 15:22:16,492 : INFO : ball_device.bd_mode_scoop : Confirming eject because target is playfield and ball did not return.
2026-05-17 15:22:16,492 : INFO : ball_device.bd_mode_scoop : Eject successful
2026-05-17 15:22:16,493 : INFO : EventManager : Event: ======'balldevice_bd_mode_scoop_ball_eject_success'====== Args={'balls': 1, 'target': <playfield.playfield>}
2026-05-17 15:22:16,494 : INFO : EventManager : Event: ======'balldevice_playfield_ball_enter'====== Args={'new_balls': 1, 'unclaimed_balls': 1, 'device': <playfield.playfield>}
2026-05-17 15:22:16,494 : INFO : EventManager : Event: ======'playfield_ball_count_change'====== Args={'balls': 1, 'change': 1}
2026-05-17 15:22:16,499 : INFO : EventManager : Event: ======'balldevice_bd_mode_scoop_ball_count_changed'====== Args={'balls': 0}
2026-05-17 15:22:16,499 : INFO : ball_device.bd_mode_scoop : State: idle
2026-05-17 15:22:16,806 : INFO : EventManager : Event: ======'balldevice_bd_trough_ball_count_changed'====== Args={'balls': 6}
2026-05-17 15:22:16,806 : INFO : ball_device.bd_trough : Received unexpected ball
2026-05-17 15:22:16,806 : INFO : EventManager : Event: ======'balldevice_captured_from_playfield'====== Args={'balls': 1}
2026-05-17 15:22:16,807 : INFO : EventManager : Event: ======'sw_playfield_active'====== Args={'balls': 1}
2026-05-17 15:22:16,807 : INFO : EventManager : Event: ======'playfield_ball_count_change'====== Args={'balls': 0, 'change': -1}
2026-05-17 15:22:16,808 : INFO : EventManager : Event: ======'balldevice_bd_trough_ball_enter'====== Args={'new_balls': 1, 'unclaimed_balls': 1, 'new_available_balls': 1, 'device': <ball_device.bd_trough>}
2026-05-17 15:22:16,808 : INFO : EventManager : Event: ======'ball_drain'====== Args={'device': <ball_device.bd_trough>, 'balls': 1}
2026-05-17 15:22:16,808 : INFO : EventManager : Event: ======'ball_save_scoop_eject_save_saving_ball'====== Args={'balls': 1, 'early_save': False}
2026-05-17 15:22:16,808 : INFO : ball_device.bd_plunger : Setting up player-controlled eject. Balls: 1, Target: <playfield.playfield>, player_controlled_eject_event: None
2026-05-17 15:22:16,808 : INFO : EventManager : Event: ======'balldevice_balls_available'====== Args={}
2026-05-17 15:22:16,810 : INFO : EventManager : Event: ======'ball_save_scoop_eject_save_disabled'====== Args={}
2026-05-17 15:22:16,810 : INFO : EventManager : Event: ======'extra_ball_drain_cleanup'====== Args={'priority': 0}
2026-05-17 15:22:16,810 : INFO : EventManager : Event: ======'player_ball_just_saved'====== Args={'value': 1, 'prev_value': 0, 'change': 1, 'player_num': 1, 'source': 'ball_save'}
2026-05-17 15:22:16,810 : INFO : EventManager : Event: ======'player_ball_save_active'====== Args={'value': 0, 'prev_value': 1, 'change': -1, 'player_num': 1, 'source': 'ball_save'}
2026-05-17 15:22:16,811 : INFO : Timer.scoop_save_countdown : Stopping Timer
2026-05-17 15:22:16,811 : INFO : EventManager : Event: ======'timer_scoop_save_countdown_stopped'====== Args={'ticks': 2, 'ticks_remaining': 2}
2026-05-17 15:22:16,811 : INFO : coil.c_left_lane_up_post : Disabling Driver
2026-05-17 15:22:16,812 : INFO : EventManager : Event: ======'balldevice_balls_available'====== Args={}
2026-05-17 15:22:16,812 : INFO : EventManager : Event: ======'balldevice_bd_trough_ball_entered'====== Args={'new_balls': 1, 'device': <ball_device.bd_trough>}
2026-05-17 15:22:16,814 : INFO : ball_device.bd_trough : State: waiting_for_target_ready
2026-05-17 15:22:16,814 : INFO : EventManager : Event: ======'balldevice_bd_trough_ball_eject_attempt'====== Args={'balls': 1, 'target': <ball_device.bd_plunger>, 'source': <ball_device.bd_trough>, 'mechanical_eject': True, 'num_attempts': 0}
2026-05-17 15:22:16,814 : INFO : ball_device.bd_plunger : State: waiting_for_ball
2026-05-17 15:22:16,815 : INFO : ball_device.bd_trough : State: ejecting
2026-05-17 15:22:16,815 : INFO : ball_device.bd_trough : Ejecting ball to <ball_device.bd_plunger>
2026-05-17 15:22:16,815 : INFO : EventManager : Event: ======'balldevice_bd_trough_ejecting_ball'====== Args={'balls': 1, 'target': <ball_device.bd_plunger>, 'source': <ball_device.bd_trough>, 'mechanical_eject': True, 'num_attempts': 0}
2026-05-17 15:22:16,816 : INFO : ball_device.bd_trough : Wait for ball to leave device
2026-05-17 15:22:16,816 : INFO : coil.c_trough_eject : Pulsing Driver for 25ms (0.75 pulse_power)
2026-05-17 15:22:16,853 : INFO : SwitchController : <<<<<<< 's_trough_1' inactive >>>>>>>
2026-05-17 15:22:16,853 : INFO : SwitchController : <<<<<<< 's_jam' active >>>>>>>
2026-05-17 15:22:16,854 : INFO : EventManager : Event: ======'machine_var_audits_switches_s_jam'====== Args={'value': 5622, 'prev_value': 5621, 'change': 1}
2026-05-17 15:22:16,855 : INFO : ball_device.bd_trough : State: ball_left
2026-05-17 15:22:16,855 : INFO : ball_device.bd_trough : Ball left
2026-05-17 15:22:16,855 : INFO : ball_device.bd_trough : Wait for confirm with timeout 3.0
2026-05-17 15:22:16,883 : INFO : SwitchController : <<<<<<< 's_jam' inactive >>>>>>>
2026-05-17 15:22:17,119 : INFO : SwitchController : <<<<<<< 's_shooter_lane' active >>>>>>>
2026-05-17 15:22:17,119 : INFO : EventManager : Event: ======'s_shooter_lane_active'====== Args={}
2026-05-17 15:22:17,119 : INFO : EventManager : Event: ======'machine_var_audits_switches_s_shooter_lane'====== Args={'value': 6506, 'prev_value': 6505, 'change': 1}
2026-05-17 15:22:17,120 : INFO : Timer.ball_save_auto_plunger_delay : Starting Timer.
2026-05-17 15:22:17,120 : INFO : EventManager : Event: ======'timer_ball_save_auto_plunger_delay_started'====== Args={'ticks': 0, 'ticks_remaining': 5}
2026-05-17 15:22:17,120 : INFO : EventManager : Event: ======'timer_ball_save_auto_plunger_delay_tick'====== Args={'ticks': 0, 'ticks_remaining': 5}
2026-05-17 15:22:17,150 : INFO : SwitchController : <<<<<<< 's_trough_3' inactive >>>>>>>
2026-05-17 15:22:17,151 : INFO : SwitchController : <<<<<<< 's_trough_5' inactive >>>>>>>
2026-05-17 15:22:17,151 : INFO : SwitchController : <<<<<<< 's_trough_4' inactive >>>>>>>
2026-05-17 15:22:17,151 : INFO : SwitchController : <<<<<<< 's_trough_2' inactive >>>>>>>
2026-05-17 15:22:17,151 : INFO : SwitchController : <<<<<<< 's_trough_6' inactive >>>>>>>
2026-05-17 15:22:17,166 : INFO : SwitchController : <<<<<<< 's_trough_1' active >>>>>>>
2026-05-17 15:22:17,166 : INFO : EventManager : Event: ======'machine_var_audits_switches_s_trough_1'====== Args={'value': 5677, 'prev_value': 5676, 'change': 1}
2026-05-17 15:22:17,181 : INFO : SwitchController : <<<<<<< 's_trough_2' active >>>>>>>
2026-05-17 15:22:17,181 : INFO : EventManager : Event: ======'machine_var_audits_switches_s_trough_2'====== Args={'value': 5719, 'prev_value': 5718, 'change': 1}
2026-05-17 15:22:17,182 : INFO : SwitchController : <<<<<<< 's_trough_3' active >>>>>>>
2026-05-17 15:22:17,182 : INFO : EventManager : Event: ======'machine_var_audits_switches_s_trough_3'====== Args={'value': 5745, 'prev_value': 5744, 'change': 1}
2026-05-17 15:22:17,182 : INFO : SwitchController : <<<<<<< 's_trough_4' active >>>>>>>
2026-05-17 15:22:17,182 : INFO : EventManager : Event: ======'machine_var_audits_switches_s_trough_4'====== Args={'value': 5739, 'prev_value': 5738, 'change': 1}
2026-05-17 15:22:17,183 : INFO : SwitchController : <<<<<<< 's_trough_5' active >>>>>>>
2026-05-17 15:22:17,183 : INFO : EventManager : Event: ======'machine_var_audits_switches_s_trough_5'====== Args={'value': 5733, 'prev_value': 5732, 'change': 1}
2026-05-17 15:22:17,370 : INFO : EventManager : Event: ======'player_ball_save_ball_save_auto_plunger_delay_tick'====== Args={'value': 1, 'prev_value': 0, 'change': 1, 'player_num': 1}
2026-05-17 15:22:17,370 : INFO : EventManager : Event: ======'timer_ball_save_auto_plunger_delay_tick'====== Args={'ticks': 1, 'ticks_remaining': 4}
2026-05-17 15:22:17,433 : INFO : ball_device.bd_plunger : Received ball from <ball_device.bd_trough>
2026-05-17 15:22:17,433 : INFO : EventManager : Event: ======'balldevice_bd_plunger_ball_enter'====== Args={'new_balls': 1, 'unclaimed_balls': 0, 'new_available_balls': 0, 'device': <ball_device.bd_plunger>}
2026-05-17 15:22:17,434 : INFO : EventManager : Event: ======'balldevice_bd_plunger_ball_entered'====== Args={'new_balls': 0, 'device': <ball_device.bd_plunger>}
2026-05-17 15:22:17,435 : INFO : EventManager : Event: ======'balldevice_bd_plunger_ball_count_changed'====== Args={'balls': 1}
2026-05-17 15:22:17,435 : INFO : ball_device.bd_trough : Got eject confirm
2026-05-17 15:22:17,435 : INFO : ball_device.bd_trough : Eject successful
2026-05-17 15:22:17,436 : INFO : EventManager : Event: ======'balldevice_bd_trough_ball_eject_success'====== Args={'balls': 1, 'target': <ball_device.bd_plunger>}
2026-05-17 15:22:17,436 : INFO : ball_device.bd_plunger : State: waiting_for_target_ready
2026-05-17 15:22:17,437 : INFO : EventManager : Event: ======'balldevice_bd_plunger_ball_eject_attempt'====== Args={'balls': 1, 'target': <playfield.playfield>, 'source': <ball_device.bd_plunger>, 'mechanical_eject': True, 'num_attempts': 0}
2026-05-17 15:22:17,437 : INFO : EventManager : Event: ======'balldevice_bd_trough_ball_count_changed'====== Args={'balls': 5}
2026-05-17 15:22:17,437 : INFO : ball_device.bd_trough : State: idle
2026-05-17 15:22:17,439 : INFO : ball_device.bd_plunger : State: ejecting
2026-05-17 15:22:17,439 : INFO : ball_device.bd_plunger : Ejecting ball to <playfield.playfield>
2026-05-17 15:22:17,439 : INFO : EventManager : Event: ======'balldevice_bd_plunger_ejecting_ball'====== Args={'balls': 1, 'target': <playfield.playfield>, 'source': <ball_device.bd_plunger>, 'mechanical_eject': True, 'num_attempts': 0}
2026-05-17 15:22:17,440 : INFO : EventManager : Event: ======'video_idle_start'====== Args={'priority': 0}
2026-05-17 15:22:17,441 : INFO : ball_device.bd_plunger : Wait for ball to leave device
2026-05-17 15:22:17,621 : INFO : EventManager : Event: ======'player_ball_save_ball_save_auto_plunger_delay_tick'====== Args={'value': 2, 'prev_value': 1, 'change': 1, 'player_num': 1}
2026-05-17 15:22:17,621 : INFO : EventManager : Event: ======'timer_ball_save_auto_plunger_delay_tick'====== Args={'ticks': 2, 'ticks_remaining': 3}
2026-05-17 15:22:17,872 : INFO : EventManager : Event: ======'player_ball_save_ball_save_auto_plunger_delay_tick'====== Args={'value': 3, 'prev_value': 2, 'change': 1, 'player_num': 1}
2026-05-17 15:22:17,872 : INFO : EventManager : Event: ======'timer_ball_save_auto_plunger_delay_tick'====== Args={'ticks': 3, 'ticks_remaining': 2}
2026-05-17 15:22:18,120 : INFO : EventManager : Event: ======'player_ball_save_ball_save_auto_plunger_delay_tick'====== Args={'value': 4, 'prev_value': 3, 'change': 1, 'player_num': 1}
2026-05-17 15:22:18,120 : INFO : EventManager : Event: ======'timer_ball_save_auto_plunger_delay_tick'====== Args={'ticks': 4, 'ticks_remaining': 1}
2026-05-17 15:22:18,370 : INFO : EventManager : Event: ======'player_ball_save_ball_save_auto_plunger_delay_tick'====== Args={'value': 5, 'prev_value': 4, 'change': 1, 'player_num': 1}
2026-05-17 15:22:18,370 : INFO : Timer.ball_save_auto_plunger_delay : Timer Complete
2026-05-17 15:22:18,370 : INFO : Timer.ball_save_auto_plunger_delay : Stopping Timer
2026-05-17 15:22:18,370 : INFO : EventManager : Event: ======'timer_ball_save_auto_plunger_delay_stopped'====== Args={'ticks': 5, 'ticks_remaining': 1}
2026-05-17 15:22:18,371 : INFO : EventManager : Event: ======'timer_ball_save_auto_plunger_delay_complete'====== Args={'ticks': 5, 'ticks_remaining': 1}
2026-05-17 15:22:18,371 : INFO : coil.c_plunger : Pulsing Driver for 26ms (0.5 pulse_power)
2026-05-17 15:22:18,558 : INFO : SwitchController : <<<<<<< 's_shooter_lane' inactive >>>>>>>
2026-05-17 15:22:18,558 : INFO : EventManager : Event: ======'s_shooter_lane_inactive'====== Args={}
2026-05-17 15:22:18,559 : INFO : EventManager : Event: ======'player_ball_just_saved'====== Args={'value': 0, 'prev_value': 1, 'change': -1, 'player_num': 1, 'source': 'ball_save'}
2026-05-17 15:22:18,559 : INFO : Timer.ball_save_auto_plunger_delay : Stopping Timer
2026-05-17 15:22:18,560 : INFO : EventManager : Event: ======'timer_ball_save_auto_plunger_delay_stopped'====== Args={'ticks': 5, 'ticks_remaining': 1}
2026-05-17 15:22:18,560 : INFO : EventManager : Event: ======'player_pilot_mission_qualifier_post_plunge_orbit_lockout_tick'====== Args={'value': 0, 'prev_value': 3, 'change': -3, 'player_num': 1}
2026-05-17 15:22:18,560 : INFO : Timer.post_plunge_orbit_lockout : Starting Timer.
2026-05-17 15:22:18,560 : INFO : EventManager : Event: ======'timer_post_plunge_orbit_lockout_started'====== Args={'ticks': 0, 'ticks_remaining': 3}
2026-05-17 15:22:18,560 : INFO : EventManager : Event: ======'timer_post_plunge_orbit_lockout_tick'====== Args={'ticks': 0, 'ticks_remaining': 3}
2026-05-17 15:22:18,560 : INFO : EventManager : Event: ======'video_launch_start'====== Args={'priority': 0}
2026-05-17 15:22:18,562 : INFO : ball_device.bd_plunger : State: ball_left
2026-05-17 15:22:18,562 : INFO : ball_device.bd_plunger : Ball left
2026-05-17 15:22:18,562 : INFO : ball_device.bd_plunger : Wait for confirm with timeout 3.0
2026-05-17 15:22:18,856 : INFO : SwitchController : <<<<<<< 's_lane_right' active >>>>>>>
2026-05-17 15:22:18,856 : INFO : EventManager : Event: ======'s_lane_right_active'====== Args={}
2026-05-17 15:22:18,856 : INFO : EventManager : Event: ======'sw_playfield_active'====== Args={}
2026-05-17 15:22:18,856 : INFO : EventManager : Event: ======'machine_var_audits_switches_s_lane_right'====== Args={'value': 4797, 'prev_value': 4796, 'change': 1}
2026-05-17 15:22:18,857 : INFO : EventManager : Event: ======'player_score'====== Args={'value': 8210000, 'prev_value': 8205000, 'change': 5000, 'player_num': 1, 'source': 'base'}
2026-05-17 15:22:18,857 : INFO : EventManager : Event: ======'player_bonus_switches_count'====== Args={'value': 53, 'prev_value': 52, 'change': 1, 'player_num': 1, 'source': 'base'}
2026-05-17 15:22:18,857 : INFO : EventManager : Event: ======'playfield_active'====== Args={'source': None}
2026-05-17 15:22:18,887 : INFO : SwitchController : <<<<<<< 's_lane_right' inactive >>>>>>>
2026-05-17 15:22:19,501 : INFO : Machine : Shutting down...
2026-05-17 15:22:19,501 : INFO : EventManager : Event: ======'shutdown'====== Args={}
2026-05-17 15:22:19,501 : INFO : coil.c_left_lane_up_post : Disabling Driver
2026-05-17 15:22:19,501 : INFO : coil.c_left_mig_up_post : Disabling Driver
2026-05-17 15:22:19,501 : INFO : coil.c_right_mig_up_post : Disabling Driver
2026-05-17 15:22:19,501 : INFO : coil.c_left_orbit_diverter : Disabling Driver
2026-05-17 15:22:19,501 : INFO : coil.c_right_orbit_diverter : Disabling Driver
2026-05-17 15:22:19,501 : INFO : coil.c_mode_barrier : Disabling Driver
2026-05-17 15:22:19,502 : INFO : coil.c_coin_door_led : Disabling Driver
2026-05-17 15:22:19,502 : INFO : coil.c_start_button_led : Disabling Driver
2026-05-17 15:22:19,502 : INFO : EventManager : Event: ======'right_ramp_down'====== Args={'priority': 0}
2026-05-17 15:22:19,502 : INFO : EventManager : Event: ======'lock_released'====== Args={'priority': 0}
2026-05-17 15:22:19,504 : INFO : coil.c_right_orbit_diverter : Disabling Driver
2026-05-17 15:22:19,506 : INFO : EventManager : Event: ======'mode_game_will_stop'====== Args={}
2026-05-17 15:22:19,506 : INFO : EventManager : Event: ======'mode_game_stopping'====== Args={}
2026-05-17 15:22:19,507 : INFO : EventManager : Event: ======'mode_iceman_letters_will_stop'====== Args={}
2026-05-17 15:22:19,507 : INFO : EventManager : Event: ======'mode_iceman_letters_stopping'====== Args={}
2026-05-17 15:22:19,509 : INFO : EventManager : Event: ======'mode_hard_deck_qualifiers_will_stop'====== Args={}
2026-05-17 15:22:19,509 : INFO : EventManager : Event: ======'mode_hard_deck_qualifiers_stopping'====== Args={}
2026-05-17 15:22:19,509 : INFO : EventManager : Event: ======'mode_mig_letters_will_stop'====== Args={}
2026-05-17 15:22:19,509 : INFO : EventManager : Event: ======'mode_mig_letters_stopping'====== Args={}
2026-05-17 15:22:19,509 : INFO : EventManager : Event: ======'mode_mach_scoring_will_stop'====== Args={}
2026-05-17 15:22:19,509 : INFO : EventManager : Event: ======'mode_mach_scoring_stopping'====== Args={}
2026-05-17 15:22:19,509 : INFO : EventManager : Event: ======'mode_shot_missed_callout_randomizer_will_stop'====== Args={}
2026-05-17 15:22:19,509 : INFO : EventManager : Event: ======'mode_shot_missed_callout_randomizer_stopping'====== Args={}
2026-05-17 15:22:19,509 : INFO : EventManager : Event: ======'mode_2x_playfield_will_stop'====== Args={}
2026-05-17 15:22:19,509 : INFO : EventManager : Event: ======'mode_2x_playfield_stopping'====== Args={}
2026-05-17 15:22:19,509 : INFO : EventManager : Event: ======'mode_base_will_stop'====== Args={}
2026-05-17 15:22:19,509 : INFO : EventManager : Event: ======'mode_base_stopping'====== Args={}
2026-05-17 15:22:19,509 : INFO : EventManager : Event: ======'mode_ball_save_will_stop'====== Args={}
2026-05-17 15:22:19,509 : INFO : EventManager : Event: ======'mode_ball_save_stopping'====== Args={}
2026-05-17 15:22:19,509 : INFO : EventManager : Event: ======'mode_extra_ball_will_stop'====== Args={}
2026-05-17 15:22:19,509 : INFO : EventManager : Event: ======'mode_extra_ball_stopping'====== Args={}
2026-05-17 15:22:19,509 : INFO : EventManager : Event: ======'mode_top_gun_multiball_locks_will_stop'====== Args={}
2026-05-17 15:22:19,509 : INFO : EventManager : Event: ======'mode_top_gun_multiball_locks_stopping'====== Args={}
2026-05-17 15:22:19,509 : INFO : EventManager : Event: ======'mode_pilot_mission_qualifier_will_stop'====== Args={}
2026-05-17 15:22:19,509 : INFO : EventManager : Event: ======'mode_pilot_mission_qualifier_stopping'====== Args={}
2026-05-17 15:22:19,509 : INFO : EventManager : Event: ======'mode_default_sounds_will_stop'====== Args={}
2026-05-17 15:22:19,509 : INFO : EventManager : Event: ======'mode_default_sounds_stopping'====== Args={}
2026-05-17 15:22:19,509 : INFO : EventManager : Event: ======'mode_goose_letters_will_stop'====== Args={}
2026-05-17 15:22:19,509 : INFO : EventManager : Event: ======'mode_goose_letters_stopping'====== Args={}
2026-05-17 15:22:19,509 : INFO : EventManager : Event: ======'mode_bumpers_will_stop'====== Args={}
2026-05-17 15:22:19,509 : INFO : EventManager : Event: ======'mode_bumpers_stopping'====== Args={}
2026-05-17 15:22:19,509 : INFO : EventManager : Event: ======'mode_shot_made_callout_randomizer_will_stop'====== Args={}
2026-05-17 15:22:19,509 : INFO : EventManager : Event: ======'mode_shot_made_callout_randomizer_stopping'====== Args={}
2026-05-17 15:22:19,511 : INFO : coil.c_left_lane_up_post : Disabling Driver
2026-05-17 15:22:19,511 : INFO : Timer.hd_training_choice_timer : Stopping Timer
2026-05-17 15:22:19,511 : INFO : EventManager : Event: ======'timer_hd_training_choice_timer_stopped'====== Args={'ticks': 15, 'ticks_remaining': 0}
2026-05-17 15:22:19,511 : INFO : EventManager : Event: ======'stop_mode_bumpers'====== Args={'priority': 0}
2026-05-17 15:22:19,511 : INFO : coil.c_lock_diverter_magnet : Disabling Driver
2026-05-17 15:22:19,511 : INFO : Timer.lock_diverter_timeout : Stopping Timer
2026-05-17 15:22:19,511 : INFO : EventManager : Event: ======'timer_lock_diverter_timeout_stopped'====== Args={'ticks': 0, 'ticks_remaining': 0}
2026-05-17 15:22:19,511 : INFO : Timer.mb_mode_choice_timer : Stopping Timer
2026-05-17 15:22:19,511 : INFO : EventManager : Event: ======'timer_mb_mode_choice_timer_stopped'====== Args={'ticks': 15, 'ticks_remaining': 0}
2026-05-17 15:22:19,511 : INFO : Timer.lock_goose_debounce : Stopping Timer
2026-05-17 15:22:19,511 : INFO : EventManager : Event: ======'timer_lock_goose_debounce_stopped'====== Args={'ticks': 0, 'ticks_remaining': 0}
2026-05-17 15:22:19,511 : INFO : Timer.lock_mav_debounce : Stopping Timer
2026-05-17 15:22:19,511 : INFO : EventManager : Event: ======'timer_lock_mav_debounce_stopped'====== Args={'ticks': 0, 'ticks_remaining': 0}
2026-05-17 15:22:19,511 : INFO : Timer.lock_goose_callout_delay : Stopping Timer
2026-05-17 15:22:19,511 : INFO : EventManager : Event: ======'timer_lock_goose_callout_delay_stopped'====== Args={'ticks': 0, 'ticks_remaining': 0}
2026-05-17 15:22:19,511 : INFO : Timer.lock_goose_serve_delay : Stopping Timer
2026-05-17 15:22:19,511 : INFO : EventManager : Event: ======'timer_lock_goose_serve_delay_stopped'====== Args={'ticks': 0, 'ticks_remaining': 0}
2026-05-17 15:22:19,511 : INFO : Timer.lock_mav_mb_lit_callout_delay : Stopping Timer
2026-05-17 15:22:19,511 : INFO : EventManager : Event: ======'timer_lock_mav_mb_lit_callout_delay_stopped'====== Args={'ticks': 0, 'ticks_remaining': 0}
2026-05-17 15:22:19,511 : INFO : Timer.lock_mav_serve_delay : Stopping Timer
2026-05-17 15:22:19,512 : INFO : EventManager : Event: ======'timer_lock_mav_serve_delay_stopped'====== Args={'ticks': 0, 'ticks_remaining': 0}
2026-05-17 15:22:19,512 : INFO : Timer.lock_resume_arm : Stopping Timer
2026-05-17 15:22:19,512 : INFO : EventManager : Event: ======'timer_lock_resume_arm_stopped'====== Args={'ticks': 0, 'ticks_remaining': 0}
2026-05-17 15:22:19,512 : INFO : Mode.shot_made_callout_randomizer : Stopped.
2026-05-17 15:22:19,512 : INFO : EventManager : Event: ======'modes_active_modes_changed'====== Args={}
2026-05-17 15:22:19,512 : INFO : EventManager : Event: ======'mode_shot_made_callout_randomizer_stopped'====== Args={}
2026-05-17 15:22:19,512 : INFO : EventManager : Event: ======'clear'====== Args={'key': 'shot_made_callout_randomizer'}
2026-05-17 15:22:19,512 : INFO : Mode.bumpers : Stopped.
2026-05-17 15:22:19,512 : INFO : EventManager : Event: ======'modes_active_modes_changed'====== Args={}
2026-05-17 15:22:19,512 : INFO : EventManager : Event: ======'mode_bumpers_stopped'====== Args={}
2026-05-17 15:22:19,512 : INFO : EventManager : Event: ======'clear'====== Args={'key': 'bumpers'}
2026-05-17 15:22:19,513 : INFO : Mode.goose_letters : Stopped.
2026-05-17 15:22:19,514 : INFO : EventManager : Event: ======'modes_active_modes_changed'====== Args={}
2026-05-17 15:22:19,514 : INFO : EventManager : Event: ======'mode_goose_letters_stopped'====== Args={}
2026-05-17 15:22:19,514 : INFO : EventManager : Event: ======'clear'====== Args={'key': 'goose_letters'}
2026-05-17 15:22:19,515 : INFO : Timer.extra_ball_lit_slide_dismiss : Stopping Timer
2026-05-17 15:22:19,515 : INFO : EventManager : Event: ======'timer_extra_ball_lit_slide_dismiss_stopped'====== Args={'ticks': 0, 'ticks_remaining': 0}
2026-05-17 15:22:19,515 : INFO : Timer.goose_reset : Stopping Timer
2026-05-17 15:22:19,515 : INFO : EventManager : Event: ======'timer_goose_reset_stopped'====== Args={'ticks': 0, 'ticks_remaining': 0}
2026-05-17 15:22:19,515 : INFO : Timer.missile_fire_delay : Stopping Timer
2026-05-17 15:22:19,515 : INFO : EventManager : Event: ======'timer_missile_fire_delay_stopped'====== Args={'ticks': 0, 'ticks_remaining': 0}
2026-05-17 15:22:19,515 : INFO : Mode.default_sounds : Stopped.
2026-05-17 15:22:19,515 : INFO : EventManager : Event: ======'modes_active_modes_changed'====== Args={}
2026-05-17 15:22:19,515 : INFO : EventManager : Event: ======'mode_default_sounds_stopped'====== Args={}
2026-05-17 15:22:19,515 : INFO : EventManager : Event: ======'clear'====== Args={'key': 'default_sounds'}
2026-05-17 15:22:19,515 : INFO : Mode.pilot_mission_qualifier : Stopped.
2026-05-17 15:22:19,515 : INFO : EventManager : Event: ======'modes_active_modes_changed'====== Args={}
2026-05-17 15:22:19,515 : INFO : coil.c_mode_barrier : Disabling Driver
2026-05-17 15:22:19,520 : INFO : EventManager : Event: ======'mode_pilot_mission_qualifier_stopped'====== Args={}
2026-05-17 15:22:19,521 : INFO : EventManager : Event: ======'clear'====== Args={'key': 'pilot_mission_qualifier'}
2026-05-17 15:22:19,521 : INFO : Timer.orbit_shot_lockout_timer : Stopping Timer
2026-05-17 15:22:19,521 : INFO : EventManager : Event: ======'timer_orbit_shot_lockout_timer_stopped'====== Args={'ticks': 1, 'ticks_remaining': 1}
2026-05-17 15:22:19,521 : INFO : Timer.left_diverter_tl_hold : Stopping Timer
2026-05-17 15:22:19,521 : INFO : EventManager : Event: ======'timer_left_diverter_tl_hold_stopped'====== Args={'ticks': 0, 'ticks_remaining': 0}
2026-05-17 15:22:19,521 : INFO : Timer.topgun_ll_qualify_window : Stopping Timer
2026-05-17 15:22:19,521 : INFO : EventManager : Event: ======'timer_topgun_ll_qualify_window_stopped'====== Args={'ticks': 0, 'ticks_remaining': 0}
2026-05-17 15:22:19,521 : INFO : Timer.spinner_shot_timeout : Stopping Timer
2026-05-17 15:22:19,521 : INFO : EventManager : Event: ======'timer_spinner_shot_timeout_stopped'====== Args={'ticks': 0, 'ticks_remaining': 0}
2026-05-17 15:22:19,521 : INFO : Timer.right_orbit_shot_timeout : Stopping Timer
2026-05-17 15:22:19,521 : INFO : EventManager : Event: ======'timer_right_orbit_shot_timeout_stopped'====== Args={'ticks': 3, 'ticks_remaining': 1}
2026-05-17 15:22:19,521 : INFO : Timer.post_plunge_orbit_lockout : Stopping Timer
2026-05-17 15:22:19,521 : INFO : EventManager : Event: ======'timer_post_plunge_orbit_lockout_stopped'====== Args={'ticks': 0, 'ticks_remaining': 3}
2026-05-17 15:22:19,521 : INFO : Timer.global_scoop_eject_delay : Stopping Timer
2026-05-17 15:22:19,521 : INFO : EventManager : Event: ======'timer_global_scoop_eject_delay_stopped'====== Args={'ticks': 1, 'ticks_remaining': 1}
2026-05-17 15:22:19,521 : INFO : Timer.spinner_shot_lockout : Stopping Timer
2026-05-17 15:22:19,521 : INFO : EventManager : Event: ======'timer_spinner_shot_lockout_stopped'====== Args={'ticks': 0, 'ticks_remaining': 0}
2026-05-17 15:22:19,521 : INFO : Timer.inverted_bonus_topgun_delay : Stopping Timer
2026-05-17 15:22:19,521 : INFO : EventManager : Event: ======'timer_inverted_bonus_topgun_delay_stopped'====== Args={'ticks': 0, 'ticks_remaining': 0}
2026-05-17 15:22:19,522 : INFO : Timer.post_mb_barrier_restore : Stopping Timer
2026-05-17 15:22:19,522 : INFO : EventManager : Event: ======'timer_post_mb_barrier_restore_stopped'====== Args={'ticks': 0, 'ticks_remaining': 0}
2026-05-17 15:22:19,522 : INFO : Timer.skillshot_video_running : Stopping Timer
2026-05-17 15:22:19,522 : INFO : EventManager : Event: ======'timer_skillshot_video_running_stopped'====== Args={'ticks': 1, 'ticks_remaining': 1}
2026-05-17 15:22:19,522 : INFO : Timer.left_orbit_shot_timeout : Stopping Timer
2026-05-17 15:22:19,522 : INFO : EventManager : Event: ======'timer_left_orbit_shot_timeout_stopped'====== Args={'ticks': 3, 'ticks_remaining': 1}
2026-05-17 15:22:19,522 : INFO : Mode.top_gun_multiball_locks : Stopped.
2026-05-17 15:22:19,522 : INFO : EventManager : Event: ======'modes_active_modes_changed'====== Args={}
2026-05-17 15:22:19,523 : INFO : EventManager : Event: ======'mode_top_gun_multiball_locks_stopped'====== Args={}
2026-05-17 15:22:19,523 : INFO : EventManager : Event: ======'clear'====== Args={'key': 'top_gun_multiball_locks'}
2026-05-17 15:22:19,523 : INFO : Timer.lock_mb_barrier_delay : Stopping Timer
2026-05-17 15:22:19,523 : INFO : EventManager : Event: ======'timer_lock_mb_barrier_delay_stopped'====== Args={'ticks': 0, 'ticks_remaining': 0}
2026-05-17 15:22:19,523 : INFO : Timer.lock_partial_callout_cooldown : Stopping Timer
2026-05-17 15:22:19,524 : INFO : EventManager : Event: ======'timer_lock_partial_callout_cooldown_stopped'====== Args={'ticks': 0, 'ticks_remaining': 0}
2026-05-17 15:22:19,524 : INFO : Timer.lock_goose_debounce : Stopping Timer
2026-05-17 15:22:19,524 : INFO : EventManager : Event: ======'timer_lock_goose_debounce_stopped'====== Args={'ticks': 0, 'ticks_remaining': 0}
2026-05-17 15:22:19,524 : INFO : Timer.lock_goose_serve_delay : Stopping Timer
2026-05-17 15:22:19,524 : INFO : EventManager : Event: ======'timer_lock_goose_serve_delay_stopped'====== Args={'ticks': 0, 'ticks_remaining': 0}
2026-05-17 15:22:19,524 : INFO : Timer.lock_resume_arm : Stopping Timer
2026-05-17 15:22:19,524 : INFO : EventManager : Event: ======'timer_lock_resume_arm_stopped'====== Args={'ticks': 0, 'ticks_remaining': 0}
2026-05-17 15:22:19,524 : INFO : Timer.lock_goose_callout_delay : Stopping Timer
2026-05-17 15:22:19,524 : INFO : EventManager : Event: ======'timer_lock_goose_callout_delay_stopped'====== Args={'ticks': 0, 'ticks_remaining': 0}
2026-05-17 15:22:19,524 : INFO : Timer.lock_mb_eject_debounce : Stopping Timer
2026-05-17 15:22:19,524 : INFO : EventManager : Event: ======'timer_lock_mb_eject_debounce_stopped'====== Args={'ticks': 0, 'ticks_remaining': 0}
2026-05-17 15:22:19,524 : INFO : Timer.mb_mode_choice_timer : Stopping Timer
2026-05-17 15:22:19,524 : INFO : EventManager : Event: ======'timer_mb_mode_choice_timer_stopped'====== Args={'ticks': 15, 'ticks_remaining': 0}
2026-05-17 15:22:19,524 : INFO : Timer.lock_mav_debounce : Stopping Timer
2026-05-17 15:22:19,524 : INFO : EventManager : Event: ======'timer_lock_mav_debounce_stopped'====== Args={'ticks': 0, 'ticks_remaining': 0}
2026-05-17 15:22:19,524 : INFO : Timer.lock_mav_mb_lit_callout_delay : Stopping Timer
2026-05-17 15:22:19,524 : INFO : EventManager : Event: ======'timer_lock_mav_mb_lit_callout_delay_stopped'====== Args={'ticks': 0, 'ticks_remaining': 0}
2026-05-17 15:22:19,524 : INFO : Timer.lock_diverter_timeout : Stopping Timer
2026-05-17 15:22:19,524 : INFO : EventManager : Event: ======'timer_lock_diverter_timeout_stopped'====== Args={'ticks': 0, 'ticks_remaining': 0}
2026-05-17 15:22:19,524 : INFO : Timer.lock_mb_release_delay : Stopping Timer
2026-05-17 15:22:19,524 : INFO : EventManager : Event: ======'timer_lock_mb_release_delay_stopped'====== Args={'ticks': 0, 'ticks_remaining': 0}
2026-05-17 15:22:19,525 : INFO : Timer.lock_letter_sound_delay : Stopping Timer
2026-05-17 15:22:19,525 : INFO : EventManager : Event: ======'timer_lock_letter_sound_delay_stopped'====== Args={'ticks': 0, 'ticks_remaining': 0}
2026-05-17 15:22:19,525 : INFO : Timer.lock_mav_serve_delay : Stopping Timer
2026-05-17 15:22:19,525 : INFO : EventManager : Event: ======'timer_lock_mav_serve_delay_stopped'====== Args={'ticks': 0, 'ticks_remaining': 0}
2026-05-17 15:22:19,525 : INFO : Mode.extra_ball : Stopped.
2026-05-17 15:22:19,525 : INFO : EventManager : Event: ======'modes_active_modes_changed'====== Args={}
2026-05-17 15:22:19,526 : INFO : EventManager : Event: ======'mode_extra_ball_stopped'====== Args={}
2026-05-17 15:22:19,526 : INFO : EventManager : Event: ======'clear'====== Args={'key': 'extra_ball'}
2026-05-17 15:22:19,527 : INFO : Timer.extra_ball_hold : Stopping Timer
2026-05-17 15:22:19,527 : INFO : EventManager : Event: ======'timer_extra_ball_hold_stopped'====== Args={'ticks': 5, 'ticks_remaining': 0}
2026-05-17 15:22:19,527 : INFO : Mode.ball_save : Stopped.
2026-05-17 15:22:19,527 : INFO : EventManager : Event: ======'modes_active_modes_changed'====== Args={}
2026-05-17 15:22:19,527 : INFO : EventManager : Event: ======'mode_ball_save_stopped'====== Args={}
2026-05-17 15:22:19,528 : INFO : EventManager : Event: ======'clear'====== Args={'key': 'ball_save'}
2026-05-17 15:22:19,528 : INFO : Timer.scoop_save_countdown : Stopping Timer
2026-05-17 15:22:19,528 : INFO : EventManager : Event: ======'timer_scoop_save_countdown_stopped'====== Args={'ticks': 2, 'ticks_remaining': 2}
2026-05-17 15:22:19,528 : INFO : Timer.ball_save_countdown : Stopping Timer
2026-05-17 15:22:19,528 : INFO : EventManager : Event: ======'timer_ball_save_countdown_stopped'====== Args={'ticks': 0, 'ticks_remaining': 1}
2026-05-17 15:22:19,528 : INFO : Timer.ball_save_auto_plunger_delay : Stopping Timer
2026-05-17 15:22:19,528 : INFO : EventManager : Event: ======'timer_ball_save_auto_plunger_delay_stopped'====== Args={'ticks': 5, 'ticks_remaining': 1}
2026-05-17 15:22:19,528 : INFO : Timer.mode_ball_save_countdown : Stopping Timer
2026-05-17 15:22:19,528 : INFO : EventManager : Event: ======'timer_mode_ball_save_countdown_stopped'====== Args={'ticks': 0, 'ticks_remaining': 1}
2026-05-17 15:22:19,528 : INFO : Timer.consecutive_save_window : Stopping Timer
2026-05-17 15:22:19,529 : INFO : EventManager : Event: ======'timer_consecutive_save_window_stopped'====== Args={'ticks': 20, 'ticks_remaining': 0}
2026-05-17 15:22:19,529 : INFO : Mode.base : Stopped.
2026-05-17 15:22:19,529 : INFO : EventManager : Event: ======'modes_active_modes_changed'====== Args={}
2026-05-17 15:22:19,531 : INFO : EventManager : Event: ======'mode_base_stopped'====== Args={}
2026-05-17 15:22:19,531 : INFO : EventManager : Event: ======'clear'====== Args={'key': 'base'}
2026-05-17 15:22:19,531 : INFO : Timer.wingman_post_win_plunge_delay : Stopping Timer
2026-05-17 15:22:19,531 : INFO : EventManager : Event: ======'timer_wingman_post_win_plunge_delay_stopped'====== Args={'ticks': 0, 'ticks_remaining': 0}
2026-05-17 15:22:19,531 : INFO : Timer.spinner_inactivity : Stopping Timer
2026-05-17 15:22:19,531 : INFO : EventManager : Event: ======'timer_spinner_inactivity_stopped'====== Args={'ticks': 2, 'ticks_remaining': 0}
2026-05-17 15:22:19,531 : INFO : Timer.wingman_post_win_mig_delay : Stopping Timer
2026-05-17 15:22:19,531 : INFO : EventManager : Event: ======'timer_wingman_post_win_mig_delay_stopped'====== Args={'ticks': 0, 'ticks_remaining': 0}
2026-05-17 15:22:19,531 : INFO : Timer.status_mode_entry : Stopping Timer
2026-05-17 15:22:19,531 : INFO : EventManager : Event: ======'timer_status_mode_entry_stopped'====== Args={'ticks': 0, 'ticks_remaining': 4}
2026-05-17 15:22:19,531 : INFO : Timer.wingman_post_win_mig_hold : Stopping Timer
2026-05-17 15:22:19,532 : INFO : EventManager : Event: ======'timer_wingman_post_win_mig_hold_stopped'====== Args={'ticks': 0, 'ticks_remaining': 0}
2026-05-17 15:22:19,532 : INFO : Mode.2x_playfield : Stopped.
2026-05-17 15:22:19,532 : INFO : EventManager : Event: ======'modes_active_modes_changed'====== Args={}
2026-05-17 15:22:19,532 : INFO : EventManager : Event: ======'mode_2x_playfield_stopped'====== Args={}
2026-05-17 15:22:19,532 : INFO : EventManager : Event: ======'clear'====== Args={'key': '2x_playfield'}
2026-05-17 15:22:19,532 : INFO : Timer.x2_playfield : Stopping Timer
2026-05-17 15:22:19,532 : INFO : EventManager : Event: ======'timer_x2_playfield_stopped'====== Args={'ticks': 90, 'ticks_remaining': 0}
2026-05-17 15:22:19,532 : INFO : Mode.shot_missed_callout_randomizer : Stopped.
2026-05-17 15:22:19,532 : INFO : EventManager : Event: ======'modes_active_modes_changed'====== Args={}
2026-05-17 15:22:19,532 : INFO : EventManager : Event: ======'mode_shot_missed_callout_randomizer_stopped'====== Args={}
2026-05-17 15:22:19,533 : INFO : EventManager : Event: ======'clear'====== Args={'key': 'shot_missed_callout_randomizer'}
2026-05-17 15:22:19,533 : INFO : Mode.mach_scoring : Stopped.
2026-05-17 15:22:19,533 : INFO : EventManager : Event: ======'modes_active_modes_changed'====== Args={}
2026-05-17 15:22:19,533 : INFO : EventManager : Event: ======'mode_mach_scoring_stopped'====== Args={}
2026-05-17 15:22:19,534 : INFO : EventManager : Event: ======'clear'====== Args={'key': 'mach_scoring'}
2026-05-17 15:22:19,534 : INFO : Timer.mach_qualify_timer : Stopping Timer
2026-05-17 15:22:19,534 : INFO : EventManager : Event: ======'timer_mach_qualify_timer_stopped'====== Args={'ticks': 10, 'ticks_remaining': 0}
2026-05-17 15:22:19,534 : INFO : Timer.mach_timer : Stopping Timer
2026-05-17 15:22:19,534 : INFO : EventManager : Event: ======'timer_mach_timer_stopped'====== Args={'ticks': 20, 'ticks_remaining': 0}
2026-05-17 15:22:19,534 : INFO : Mode.mig_letters : Stopped.
2026-05-17 15:22:19,534 : INFO : EventManager : Event: ======'modes_active_modes_changed'====== Args={}
2026-05-17 15:22:19,534 : INFO : EventManager : Event: ======'mode_mig_letters_stopped'====== Args={}
2026-05-17 15:22:19,534 : INFO : EventManager : Event: ======'clear'====== Args={'key': 'mig_letters'}
2026-05-17 15:22:19,534 : INFO : Timer.mig_reset : Stopping Timer
2026-05-17 15:22:19,534 : INFO : EventManager : Event: ======'timer_mig_reset_stopped'====== Args={'ticks': 0, 'ticks_remaining': 0}
2026-05-17 15:22:19,534 : INFO : Mode.hard_deck_qualifiers : Stopped.
2026-05-17 15:22:19,534 : INFO : EventManager : Event: ======'modes_active_modes_changed'====== Args={}
2026-05-17 15:22:19,535 : INFO : EventManager : Event: ======'mode_hard_deck_qualifiers_stopped'====== Args={}
2026-05-17 15:22:19,535 : INFO : EventManager : Event: ======'clear'====== Args={'key': 'hard_deck_qualifiers'}
2026-05-17 15:22:19,536 : INFO : Timer.hd_training_choice_timer : Stopping Timer
2026-05-17 15:22:19,536 : INFO : EventManager : Event: ======'timer_hd_training_choice_timer_stopped'====== Args={'ticks': 15, 'ticks_remaining': 0}
2026-05-17 15:22:19,536 : INFO : Mode.iceman_letters : Stopped.
2026-05-17 15:22:19,536 : INFO : EventManager : Event: ======'modes_active_modes_changed'====== Args={}
2026-05-17 15:22:19,538 : INFO : EventManager : Event: ======'mode_iceman_letters_stopped'====== Args={}
2026-05-17 15:22:19,539 : INFO : EventManager : Event: ======'clear'====== Args={'key': 'iceman_letters'}
2026-05-17 15:22:19,539 : INFO : Timer.right_orbit_lockout_timer : Stopping Timer
2026-05-17 15:22:19,539 : INFO : EventManager : Event: ======'timer_right_orbit_lockout_timer_stopped'====== Args={'ticks': 3, 'ticks_remaining': 1}
2026-05-17 15:22:19,539 : INFO : Timer.iceman_reset : Stopping Timer
2026-05-17 15:22:19,539 : INFO : EventManager : Event: ======'timer_iceman_reset_stopped'====== Args={'ticks': 0, 'ticks_remaining': 0}
2026-05-17 15:22:19,539 : INFO : Timer.right_mig_post_timer : Stopping Timer
2026-05-17 15:22:19,539 : INFO : EventManager : Event: ======'timer_right_mig_post_timer_stopped'====== Args={'ticks': 0, 'ticks_remaining': 0}
2026-05-17 15:22:19,539 : INFO : Timer.left_mig_post_timer : Stopping Timer
2026-05-17 15:22:19,539 : INFO : EventManager : Event: ======'timer_left_mig_post_timer_stopped'====== Args={'ticks': 0, 'ticks_remaining': 0}
2026-05-17 15:22:19,540 : INFO : Mode.game : Stopped.
2026-05-17 15:22:19,540 : INFO : EventManager : Event: ======'modes_active_modes_changed'====== Args={}
2026-05-17 15:22:19,540 : INFO : EventManager : Event: ======'mode_game_stopped'====== Args={}
2026-05-17 15:22:19,540 : INFO : EventManager : Event: ======'clear'====== Args={'key': 'game'}
2026-05-17 15:22:19,655 : INFO : root : MPF run loop ended.
