2026-05-11 15:29:12,560 : INFO : root : Loading config.
2026-05-11 15:29:12,565 : INFO : YamlMultifileConfigLoader : Machine config file #1: config.yaml
2026-05-11 15:29:12,565 : INFO : ConfigProcessor : Loading config from cache: C:\Users\White\AppData\Local\Temp\39c4b34018bdb564eab7cf26b7f669ee.mpf_cache
2026-05-11 15:29:12,710 : INFO : ConfigProcessor : Loading config from cache: C:\Users\White\AppData\Local\Temp\dcfa5ee5b10d64a3b94fd534c1aa451d.mpf_cache
2026-05-11 15:29:12,710 : INFO : ConfigProcessor : Loading config from cache: C:\Users\White\AppData\Local\Temp\91cc4d1c993c58dc354e34974b9cfeac.mpf_cache
2026-05-11 15:29:12,711 : INFO : ConfigProcessor : Loading config from cache: C:\Users\White\AppData\Local\Temp\35b01af7767e50eba76da865e2d7f95a.mpf_cache
2026-05-11 15:29:12,712 : INFO : ConfigProcessor : Loading config from cache: C:\Users\White\AppData\Local\Temp\954a0964095d05f049666b24b311e3e0.mpf_cache
2026-05-11 15:29:12,712 : INFO : ConfigProcessor : Loading config from cache: C:\Users\White\AppData\Local\Temp\dcfa5ee5b10d64a3b94fd534c1aa451d.mpf_cache
2026-05-11 15:29:12,714 : INFO : ConfigProcessor : Loading config from cache: C:\Users\White\AppData\Local\Temp\a9244cf73bd1b995c8229a78fecf001a.mpf_cache
2026-05-11 15:29:12,715 : INFO : ConfigProcessor : Loading config from cache: C:\Users\White\AppData\Local\Temp\45fc6500cf8fab1ef48d0c2f81501272.mpf_cache
2026-05-11 15:29:12,716 : INFO : ConfigProcessor : Loading config from cache: C:\Users\White\AppData\Local\Temp\981e6839caefcab32cd6f1225f0b1dcf.mpf_cache
2026-05-11 15:29:12,717 : WARNING : ConfigProcessor : Config file in cache changed: C:\Users\White\documents\top_gun_pinball\modes\battle_jester\config\battle_jester.yaml
2026-05-11 15:29:12,717 : INFO : ConfigProcessor : Loading config from file C:\Users\White\documents\top_gun_pinball\modes\battle_jester\config\battle_jester.yaml.
2026-05-11 15:29:12,800 : INFO : ConfigProcessor : Loading config: C:\Users\White\documents\top_gun_pinball\modes\battle_jester\config\battle_jester.yaml
2026-05-11 15:29:12,806 : INFO : ConfigProcessor : Config file cache created: C:\Users\White\AppData\Local\Temp\78ac3c6ac2705ccef0aca6223f38636a.mpf_cache
2026-05-11 15:29:12,807 : INFO : ConfigProcessor : Loading config from cache: C:\Users\White\AppData\Local\Temp\c416412e55ae5fd88a59da82f1a69a10.mpf_cache
2026-05-11 15:29:12,809 : INFO : ConfigProcessor : Loading config from cache: C:\Users\White\AppData\Local\Temp\a859aaec01fc9eda8e384946277a1be9.mpf_cache
2026-05-11 15:29:12,810 : INFO : ConfigProcessor : Loading config from cache: C:\Users\White\AppData\Local\Temp\3a2f2089f214eeb3c016e23cf6937b46.mpf_cache
2026-05-11 15:29:12,811 : INFO : ConfigProcessor : Loading config from cache: C:\Users\White\AppData\Local\Temp\6a827c2f81d5d6872a5c3d42d5788ee1.mpf_cache
2026-05-11 15:29:12,812 : INFO : ConfigProcessor : Loading config from cache: C:\Users\White\AppData\Local\Temp\d70718505753edc7bfae94d93c7e0d17.mpf_cache
2026-05-11 15:29:12,813 : INFO : ConfigProcessor : Loading config from cache: C:\Users\White\AppData\Local\Temp\824f161cac9e4c9f1443132020691281.mpf_cache
2026-05-11 15:29:12,814 : INFO : ConfigProcessor : Loading config from cache: C:\Users\White\AppData\Local\Temp\cd2c211e15a4dbebeef94e6a26e93112.mpf_cache
2026-05-11 15:29:12,815 : INFO : ConfigProcessor : Loading config from cache: C:\Users\White\AppData\Local\Temp\ba6e93360aa60032a4b7b34f9cffdce0.mpf_cache
2026-05-11 15:29:12,816 : INFO : ConfigProcessor : Loading config from cache: C:\Users\White\AppData\Local\Temp\4b9937c7976ed5cd1d24a4fa4018324b.mpf_cache
2026-05-11 15:29:12,817 : INFO : ConfigProcessor : Loading config from cache: C:\Users\White\AppData\Local\Temp\a41099aaa8931854bf7aeb1131eb25f5.mpf_cache
2026-05-11 15:29:12,820 : INFO : ConfigProcessor : Loading config from cache: C:\Users\White\AppData\Local\Temp\4db056afb6ae3257643d7cc331e05161.mpf_cache
2026-05-11 15:29:12,821 : INFO : ConfigProcessor : Loading config from cache: C:\Users\White\AppData\Local\Temp\a18f6718f5a170b21c37bd725ebae781.mpf_cache
2026-05-11 15:29:12,822 : INFO : ConfigProcessor : Loading config from cache: C:\Users\White\AppData\Local\Temp\8709151c8d2d3863b5fceda4c115c736.mpf_cache
2026-05-11 15:29:12,823 : INFO : ConfigProcessor : Loading config from cache: C:\Users\White\AppData\Local\Temp\769cd60133e5c0b9a985e6e3690a3631.mpf_cache
2026-05-11 15:29:12,825 : INFO : ConfigProcessor : Loading config from cache: C:\Users\White\AppData\Local\Temp\3d468c7cedf90be47a7d01e42bb936d2.mpf_cache
2026-05-11 15:29:12,825 : INFO : ConfigProcessor : Loading config from cache: C:\Users\White\AppData\Local\Temp\40a956b62e63adb1fd6230e070cc416f.mpf_cache
2026-05-11 15:29:12,827 : INFO : ConfigProcessor : Loading config from cache: C:\Users\White\AppData\Local\Temp\88387b71764ec8c6867c539ea54a2040.mpf_cache
2026-05-11 15:29:12,828 : INFO : ConfigProcessor : Loading config from cache: C:\Users\White\AppData\Local\Temp\2b752b47ed38224cd6b4953549e961ec.mpf_cache
2026-05-11 15:29:12,830 : INFO : ConfigProcessor : Loading config from cache: C:\Users\White\AppData\Local\Temp\bc5a83a7db04a21de896bef4617be537.mpf_cache
2026-05-11 15:29:12,833 : INFO : ConfigProcessor : Loading config from cache: C:\Users\White\AppData\Local\Temp\f74d72009f4dabec10fde825e0863a15.mpf_cache
2026-05-11 15:29:12,833 : INFO : ConfigProcessor : Loading config from cache: C:\Users\White\AppData\Local\Temp\66496f3db5355e441b1bd8ecccd57f05.mpf_cache
2026-05-11 15:29:12,852 : INFO : ConfigProcessor : Loading config from cache: C:\Users\White\AppData\Local\Temp\0ae832768984a3aa01ae31edc15ba990.mpf_cache
2026-05-11 15:29:12,853 : INFO : ConfigProcessor : Loading config from cache: C:\Users\White\AppData\Local\Temp\9c1b225c26aeb4cc019e2ce322947706.mpf_cache
2026-05-11 15:29:12,855 : INFO : ConfigProcessor : Loading config from cache: C:\Users\White\AppData\Local\Temp\cd7a088f79b0efe4ef0e6c248f30ea7a.mpf_cache
2026-05-11 15:29:12,857 : INFO : ConfigProcessor : Loading config from cache: C:\Users\White\AppData\Local\Temp\9ea7462f1dcba752602eb310d0ad4a44.mpf_cache
2026-05-11 15:29:12,858 : INFO : ConfigProcessor : Loading config from cache: C:\Users\White\AppData\Local\Temp\96651e0be7a1992a8a7abf26a9350bb6.mpf_cache
2026-05-11 15:29:12,859 : INFO : ConfigProcessor : Loading config from cache: C:\Users\White\AppData\Local\Temp\cbfc37a30bf6aa1a7a2aa4e455a94298.mpf_cache
2026-05-11 15:29:12,861 : INFO : ConfigProcessor : Loading config from cache: C:\Users\White\AppData\Local\Temp\fccb93411cf20b3ccac68b1dad0cbb88.mpf_cache
2026-05-11 15:29:12,862 : INFO : ConfigProcessor : Loading config from cache: C:\Users\White\AppData\Local\Temp\e16268268679c5881d2554ba916948dd.mpf_cache
2026-05-11 15:29:12,865 : INFO : ConfigProcessor : Loading config from cache: C:\Users\White\AppData\Local\Temp\81f3f7be5108efd0b69d2cf71a558028.mpf_cache
2026-05-11 15:29:12,866 : INFO : ConfigProcessor : Loading config from cache: C:\Users\White\AppData\Local\Temp\a97027ed54ab7f7f55eb3caa54f968f3.mpf_cache
2026-05-11 15:29:12,866 : INFO : ConfigProcessor : Loading config from cache: C:\Users\White\AppData\Local\Temp\fd6f0b40037ebf84651c592cbc8bc03a.mpf_cache
2026-05-11 15:29:12,867 : INFO : ConfigProcessor : Loading config from cache: C:\Users\White\AppData\Local\Temp\e1cebbcae09bac7286b592746f768daa.mpf_cache
2026-05-11 15:29:12,868 : INFO : ConfigProcessor : Loading config from cache: C:\Users\White\AppData\Local\Temp\55d5943d63961b44af3f854c02c721ad.mpf_cache
2026-05-11 15:29:12,870 : INFO : ConfigProcessor : Loading config from cache: C:\Users\White\AppData\Local\Temp\43f523791758ce46d2ad099d1ecb5a1a.mpf_cache
2026-05-11 15:29:12,870 : INFO : ConfigProcessor : Loading config from cache: C:\Users\White\AppData\Local\Temp\be0cea2a7d47c7cf979c3644b39972ab.mpf_cache
2026-05-11 15:29:12,871 : INFO : ConfigProcessor : Loading config from cache: C:\Users\White\AppData\Local\Temp\8f22b463b668cef8fc8e91f8271e08dd.mpf_cache
2026-05-11 15:29:12,876 : INFO : ConfigProcessor : Loading config from cache: C:\Users\White\AppData\Local\Temp\9ac10604873d355c34af0d8445abb8db.mpf_cache
2026-05-11 15:29:12,878 : INFO : ConfigProcessor : Loading config from cache: C:\Users\White\AppData\Local\Temp\77e3efdaa7991fde2ded950a578d622d.mpf_cache
2026-05-11 15:29:12,881 : INFO : ConfigProcessor : Loading config from cache: C:\Users\White\AppData\Local\Temp\19da4e94fc5ce3c5f810a9c7463c1354.mpf_cache
2026-05-11 15:29:12,881 : INFO : ConfigProcessor : Loading config from cache: C:\Users\White\AppData\Local\Temp\4443efc54f3a5f57a313f4078fbddd50.mpf_cache
2026-05-11 15:29:12,885 : INFO : ConfigProcessor : Loading config from cache: C:\Users\White\AppData\Local\Temp\88f72734ea72fc22245e5b82d5a75cb6.mpf_cache
2026-05-11 15:29:12,887 : INFO : ConfigProcessor : Loading config from cache: C:\Users\White\AppData\Local\Temp\2b3f78690e4e473b8e5df94cdc0ab039.mpf_cache
2026-05-11 15:29:12,888 : INFO : ConfigProcessor : Loading config from cache: C:\Users\White\AppData\Local\Temp\fa987fd2c3266ab64543e0b64578d739.mpf_cache
2026-05-11 15:29:12,892 : INFO : ConfigProcessor : Loading config from cache: C:\Users\White\AppData\Local\Temp\f26c5a15de77ef0685e209821eddbe7d.mpf_cache
2026-05-11 15:29:12,894 : INFO : ConfigProcessor : Loading config from cache: C:\Users\White\AppData\Local\Temp\c2c1510818de090aac140fad4cc773a2.mpf_cache
2026-05-11 15:29:12,896 : INFO : ConfigProcessor : Loading config from cache: C:\Users\White\AppData\Local\Temp\98d3d7eb23a2f141af3b9c324af06e38.mpf_cache
2026-05-11 15:29:12,904 : INFO : ConfigProcessor : Loading config from cache: C:\Users\White\AppData\Local\Temp\9a3b340b295c94e005fb29d2d35803d1.mpf_cache
2026-05-11 15:29:12,911 : INFO : ConfigProcessor : Loading config from cache: C:\Users\White\AppData\Local\Temp\6a788fdfb83194d81af99a12c59a319a.mpf_cache
2026-05-11 15:29:12,913 : INFO : ConfigProcessor : Loading config from cache: C:\Users\White\AppData\Local\Temp\2fe82acdc56ea652ff3066fd375b17fa.mpf_cache
2026-05-11 15:29:12,915 : INFO : ConfigProcessor : Loading config from cache: C:\Users\White\AppData\Local\Temp\d567fbe46807f36791c9019d207c2440.mpf_cache
2026-05-11 15:29:12,917 : INFO : ConfigProcessor : Loading config from cache: C:\Users\White\AppData\Local\Temp\b81a2f9431aaa1a40681603f4f13c3d2.mpf_cache
2026-05-11 15:29:12,918 : INFO : ConfigProcessor : Loading config from cache: C:\Users\White\AppData\Local\Temp\92e144f57e074048034118dddced307a.mpf_cache
2026-05-11 15:29:12,919 : INFO : ConfigProcessor : Loading config from cache: C:\Users\White\AppData\Local\Temp\4e3068d09bb0285319ebd926b91ae940.mpf_cache
2026-05-11 15:29:12,920 : INFO : ConfigProcessor : Loading config from cache: C:\Users\White\AppData\Local\Temp\e5ea79f25cd6e043f8fb75b2032d482e.mpf_cache
2026-05-11 15:29:12,921 : INFO : ConfigProcessor : Loading config from cache: C:\Users\White\AppData\Local\Temp\9947d160cef245c9a8496495e8a78885.mpf_cache
2026-05-11 15:29:12,922 : INFO : ConfigProcessor : Loading config from cache: C:\Users\White\AppData\Local\Temp\923f5edd3096433804c151ef9ced7fb1.mpf_cache
2026-05-11 15:29:12,923 : INFO : ConfigProcessor : Loading config from cache: C:\Users\White\AppData\Local\Temp\669bfab06c6aa3a1674b0f4b50ae7a3c.mpf_cache
2026-05-11 15:29:12,924 : INFO : ConfigProcessor : Loading config from cache: C:\Users\White\AppData\Local\Temp\81e3ac1306f02cfb95eeca67698417dc.mpf_cache
2026-05-11 15:29:12,925 : INFO : ConfigProcessor : Loading config from cache: C:\Users\White\AppData\Local\Temp\a6fe037899bc77554e846472e6476319.mpf_cache
2026-05-11 15:29:12,928 : INFO : ConfigProcessor : Loading config from cache: C:\Users\White\AppData\Local\Temp\cd20ab9d6bcfc3d94797e381db389ad9.mpf_cache
2026-05-11 15:29:12,929 : INFO : ConfigProcessor : Loading config from cache: C:\Users\White\AppData\Local\Temp\d763b47a22b017336bfbe57a6af89149.mpf_cache
2026-05-11 15:29:12,930 : INFO : ConfigProcessor : Loading config from cache: C:\Users\White\AppData\Local\Temp\386baade319655b6aedfa45ddbf562f0.mpf_cache
2026-05-11 15:29:12,932 : INFO : ConfigProcessor : Loading config from cache: C:\Users\White\AppData\Local\Temp\f939ce46d02c41a03afd31c4270c8c55.mpf_cache
2026-05-11 15:29:12,933 : INFO : ConfigProcessor : Loading config from cache: C:\Users\White\AppData\Local\Temp\59ab671ab96a4594304638e27b0542c8.mpf_cache
2026-05-11 15:29:12,933 : INFO : ConfigProcessor : Loading config from cache: C:\Users\White\AppData\Local\Temp\0ba5adb65e1d75578edd80699100c28e.mpf_cache
2026-05-11 15:29:12,935 : INFO : ConfigProcessor : Loading config from cache: C:\Users\White\AppData\Local\Temp\b5471f08be9278463d25e3c2f06df8dd.mpf_cache
2026-05-11 15:29:12,935 : INFO : ConfigProcessor : Loading config from cache: C:\Users\White\AppData\Local\Temp\e9dfca965102979619879287aaffd4da.mpf_cache
2026-05-11 15:29:12,936 : INFO : ConfigProcessor : Loading config from cache: C:\Users\White\AppData\Local\Temp\ce1ea71bb3ca3937ce71fdff0b263bdb.mpf_cache
2026-05-11 15:29:12,937 : INFO : ConfigProcessor : Loading config from cache: C:\Users\White\AppData\Local\Temp\29b7b020f0513127005b35e19f0d78e3.mpf_cache
2026-05-11 15:29:12,938 : INFO : ConfigProcessor : Loading config from cache: C:\Users\White\AppData\Local\Temp\a19f4094f571d5e3f4a6bb0d76ddc2bd.mpf_cache
2026-05-11 15:29:12,938 : INFO : ConfigProcessor : Loading config from cache: C:\Users\White\AppData\Local\Temp\2df17da133132edc82ded3ea13a7f2d2.mpf_cache
2026-05-11 15:29:12,939 : INFO : ConfigProcessor : Loading config from cache: C:\Users\White\AppData\Local\Temp\6e45c09d2e2fb19b3ec22c705aafb8a5.mpf_cache
2026-05-11 15:29:12,940 : INFO : ConfigProcessor : Loading config from cache: C:\Users\White\AppData\Local\Temp\e8d87e5ea50ea035195c03c37d485b96.mpf_cache
2026-05-11 15:29:12,941 : INFO : ConfigProcessor : Loading config from cache: C:\Users\White\AppData\Local\Temp\19e4bb8a4a9bf220e72c77e0c232cd72.mpf_cache
2026-05-11 15:29:12,942 : INFO : ConfigProcessor : Loading config from cache: C:\Users\White\AppData\Local\Temp\3719082fa9c5864b8378f7ec54f99cf0.mpf_cache
2026-05-11 15:29:12,944 : INFO : ConfigProcessor : Loading config from cache: C:\Users\White\AppData\Local\Temp\49cfb4bed9324bfe32f6074e3237ab91.mpf_cache
2026-05-11 15:29:12,944 : INFO : ConfigProcessor : Loading config from cache: C:\Users\White\AppData\Local\Temp\a3c5a80388cfc77cd0b14076a224a42b.mpf_cache
2026-05-11 15:29:12,947 : INFO : ConfigProcessor : Loading config from cache: C:\Users\White\AppData\Local\Temp\a48c8ce24f2758d196071669d149efd3.mpf_cache
2026-05-11 15:29:12,947 : INFO : ConfigProcessor : Loading config from cache: C:\Users\White\AppData\Local\Temp\1ed53c621b8f6af903a3041468102589.mpf_cache
2026-05-11 15:29:12,948 : INFO : ConfigProcessor : Loading config from cache: C:\Users\White\AppData\Local\Temp\41a845a48ffaa7677954152e6e297d40.mpf_cache
2026-05-11 15:29:12,949 : INFO : ConfigProcessor : Loading config from cache: C:\Users\White\AppData\Local\Temp\45a44881320e4c811d0578688ed7af5f.mpf_cache
2026-05-11 15:29:12,950 : INFO : ConfigProcessor : Loading config from cache: C:\Users\White\AppData\Local\Temp\b17acfedfaf18761d1b243a909fa6e25.mpf_cache
2026-05-11 15:29:12,950 : INFO : ConfigProcessor : Loading config from cache: C:\Users\White\AppData\Local\Temp\0352b9b582e3dca83b90b72973f30cb3.mpf_cache
2026-05-11 15:29:12,951 : INFO : ConfigProcessor : Loading config from cache: C:\Users\White\AppData\Local\Temp\5f9963cc4a0205527c292dff60ac95bf.mpf_cache
2026-05-11 15:29:12,952 : INFO : ConfigProcessor : Loading config from cache: C:\Users\White\AppData\Local\Temp\7d9d3a879fccd9ce7a432e5bad71a77d.mpf_cache
2026-05-11 15:29:12,954 : INFO : ConfigProcessor : Loading config from cache: C:\Users\White\AppData\Local\Temp\43a2267f77020b63ca7745b7b3fb05c5.mpf_cache
2026-05-11 15:29:12,955 : INFO : ConfigProcessor : Loading config from cache: C:\Users\White\AppData\Local\Temp\37a4804cb847e12400be24a6c2bfa250.mpf_cache
2026-05-11 15:29:12,956 : INFO : ConfigProcessor : Loading config from cache: C:\Users\White\AppData\Local\Temp\63828b82b94aa94cbe7d3a7a04305cb7.mpf_cache
2026-05-11 15:29:12,957 : INFO : ConfigProcessor : Loading config from cache: C:\Users\White\AppData\Local\Temp\c6c68f34067f4d4cd8da7c0d895bd8a2.mpf_cache
2026-05-11 15:29:12,959 : INFO : ConfigProcessor : Loading config from cache: C:\Users\White\AppData\Local\Temp\0420af4d870b9d4dca0c113858eeb892.mpf_cache
2026-05-11 15:29:12,960 : INFO : ConfigProcessor : Loading config from cache: C:\Users\White\AppData\Local\Temp\29db96f2862a8d571fce5d97e7bfa998.mpf_cache
2026-05-11 15:29:12,962 : INFO : ConfigProcessor : Loading config from cache: C:\Users\White\AppData\Local\Temp\c4e65309e05241fe1ada1112ae55c9ef.mpf_cache
2026-05-11 15:29:12,962 : INFO : ConfigProcessor : Loading config from cache: C:\Users\White\AppData\Local\Temp\bcabc7c4504a6189bbb8c27e26d16460.mpf_cache
2026-05-11 15:29:12,963 : INFO : ConfigProcessor : Loading config from cache: C:\Users\White\AppData\Local\Temp\6855b42a221992257d709a7391c0c3e8.mpf_cache
2026-05-11 15:29:12,964 : INFO : Machine : Mission Pinball Framework Core Engine v0.80.0.dev11
2026-05-11 15:29:12,964 : INFO : Machine : Command line arguments: {'no_load_cache': False, 'create_config_cache': True, 'bcp': True, 'configfile': ['config.yaml'], 'force_assets_load': False, 'platform_integration_test': False, 'jsonlogging': False, 'logfile': 'logs\\2026-05-11-15-29-12-mpf-TopGunPinball.log', 'pause': False, 'production': False, 'text_ui': False, 'loglevel': 15, 'consoleloglevel': 20, 'force_platform': None, 'syslog_address': None, 'full_logfile_path': 'C:\\Users\\White\\documents\\top_gun_pinball\\logs\\2026-05-11-15-29-12-mpf-TopGunPinball.log'}
2026-05-11 15:29:12,964 : INFO : Machine : MPF path: C:\Users\White\mpf\Lib\site-packages\mpf
2026-05-11 15:29:12,964 : INFO : Machine : Machine path: C:\Users\White\documents\top_gun_pinball
2026-05-11 15:29:12,964 : INFO : Machine : Platform: win32
2026-05-11 15:29:12,964 : INFO : Machine : Python executable location: C:\Users\White\mpf\Scripts\python.exe
2026-05-11 15:29:12,964 : INFO : Machine : Python version: 3.12.7 (64-bit)
2026-05-11 15:29:12,967 : INFO : Machine : Initializing MPF...
2026-05-11 15:29:13,106 : INFO : FAST : Auto-detecting ports for the following connections: ['net', 'exp', 'aud']
2026-05-11 15:29:13,634 : INFO : FAST : Detected AUD on port COM7
2026-05-11 15:29:13,634 : INFO : FAST : Detected NET on port COM3
2026-05-11 15:29:13,637 : INFO : FAST : Detected EXP on port COM4
2026-05-11 15:29:13,745 : INFO : FAST [NET] : Trying to connect to COM3 at 921600bps
2026-05-11 15:29:13,822 : INFO : FAST [NET] : Connected to COM3 at 921600bps
2026-05-11 15:29:13,838 : INFO : FAST [NET] : Connected to FP-CPU-2000 with firmware v02.26
2026-05-11 15:29:13,870 : INFO : FAST [NET] : Registered I/O Board 0: Model: FP-I/O-0024, Firmware: 01.10, Switches: 24, Drivers: 8
2026-05-11 15:29:13,885 : INFO : FAST [NET] : Registered I/O Board 1: Model: FP-I/O-3208, Firmware: 01.10, Switches: 32, Drivers: 8
2026-05-11 15:29:13,901 : INFO : FAST [NET] : Registered I/O Board 2: Model: FP-I/O-3208, Firmware: 01.10, Switches: 32, Drivers: 8
2026-05-11 15:29:13,917 : INFO : FAST [NET] : Registered I/O Board 3: Model: FP-I/O-0804, Firmware: 01.10, Switches: 8, Drivers: 4
2026-05-11 15:29:13,932 : INFO : FAST [NET] : Registered I/O Board 4: Model: FP-I/O-0804, Firmware: 01.10, Switches: 8, Drivers: 4
2026-05-11 15:29:13,935 : INFO : FAST [EXP] : Trying to connect to COM4 at 921600bps
2026-05-11 15:29:14,012 : INFO : FAST [EXP] : Connected to COM4 at 921600bps
2026-05-11 15:29:14,025 : INFO : FAST [EXP] : Verifying hardware for EXP "neuron" (FP-EXP-2000, @48) with ID string "EXP FP-EXP-2000  0.38", board address 48
2026-05-11 15:29:14,040 : INFO : FAST [EXP] : Verifying hardware for EXP "neuron" (FP-EXP-2000, @48) with ID string "LED FP-BRK-0001  0.8", board address 480
2026-05-11 15:29:14,071 : INFO : FAST [EXP] : Verifying hardware for EXP "light_expansion_board" (FP-EXP-0071, @B4) with ID string "EXP FP-EXP-0071  0.38", board address B4
2026-05-11 15:29:14,086 : INFO : FAST [EXP] : Verifying hardware for EXP "light_expansion_board" (FP-EXP-0071, @B4) with ID string "BRK FP-EXP-0071  0.38", board address B40
2026-05-11 15:29:14,118 : INFO : FAST [EXP] : Verifying hardware for EXP "shaker_board" (FP-EXP-1313, @30) with ID string "EXP FP-EXP-1313  0.48", board address 30
2026-05-11 15:29:14,133 : INFO : FAST [EXP] : Verifying hardware for EXP "shaker_board" (FP-EXP-1313, @30) with ID string "BRK FP-EXP-1313  0.48", board address 300
2026-05-11 15:29:14,150 : INFO : FAST [AUD] : Trying to connect to COM7 at 230400bps
2026-05-11 15:29:14,309 : INFO : FAST [AUD] : Connected to COM7 at 230400bps
2026-05-11 15:29:14,310 : WARNING : FAST [AUD] : Received XX response:F
2026-05-11 15:29:14,311 : WARNING : FAST [AUD] : Received XX response:F
2026-05-11 15:29:14,311 : WARNING : FAST [AUD] : Received XX response:F
2026-05-11 15:29:14,311 : WARNING : FAST [AUD] : Received XX response:F
2026-05-11 15:29:14,311 : INFO : FAST [AUD] : Connected to FP-AUD-0099 with firmware v0.10
2026-05-11 15:29:14,312 : INFO : EventManager : Event: ======'machine_var_credits_string'====== Args={'value': 'FREE PLAY', 'prev_value': None, 'change': True}
2026-05-11 15:29:14,345 : INFO : EventManager : Event: ======'machine_var_audit_balls_played'====== Args={'value': 0, 'prev_value': None, 'change': True}
2026-05-11 15:29:14,345 : INFO : EventManager : Event: ======'machine_var_audit_games_played'====== Args={'value': 0, 'prev_value': None, 'change': True}
2026-05-11 15:29:14,345 : INFO : EventManager : Event: ======'machine_var_audit_high_score'====== Args={'value': 0, 'prev_value': None, 'change': True}
2026-05-11 15:29:14,345 : INFO : EventManager : Event: ======'machine_var_audit_total_game_time'====== Args={'value': 0, 'prev_value': None, 'change': True}
2026-05-11 15:29:14,345 : INFO : EventManager : Event: ======'machine_var_audit_total_plays'====== Args={'value': 0, 'prev_value': None, 'change': True}
2026-05-11 15:29:14,345 : INFO : EventManager : Event: ======'machine_var_fast_audio_headphones_volume'====== Args={'value': 50, 'prev_value': None, 'change': True}
2026-05-11 15:29:14,345 : INFO : EventManager : Event: ======'machine_var_fast_audio_main_volume'====== Args={'value': 40, 'prev_value': None, 'change': True}
2026-05-11 15:29:14,346 : INFO : EventManager : Event: ======'machine_var_master_volume'====== Args={'value': 0.5, 'prev_value': None, 'change': True}
2026-05-11 15:29:14,346 : INFO : EventManager : Event: ======'machine_var_player1_score'====== Args={'value': 9575250, 'prev_value': None, 'change': True}
2026-05-11 15:29:14,346 : INFO : EventManager : Event: ======'machine_var_service_menu_level'====== Args={'value': 0, 'prev_value': None, 'change': True}
2026-05-11 15:29:14,346 : INFO : EventManager : Event: ======'machine_var_service_main_index'====== Args={'value': 0, 'prev_value': None, 'change': True}
2026-05-11 15:29:14,346 : INFO : EventManager : Event: ======'machine_var_service_switch_index'====== Args={'value': 0, 'prev_value': None, 'change': True}
2026-05-11 15:29:14,346 : INFO : EventManager : Event: ======'machine_var_service_coil_index'====== Args={'value': 0, 'prev_value': None, 'change': True}
2026-05-11 15:29:14,346 : INFO : EventManager : Event: ======'machine_var_service_light_index'====== Args={'value': 0, 'prev_value': None, 'change': True}
2026-05-11 15:29:14,346 : INFO : EventManager : Event: ======'machine_var_service_light_color_index'====== Args={'value': 0, 'prev_value': None, 'change': True}
2026-05-11 15:29:14,346 : INFO : EventManager : Event: ======'machine_var_service_adjustment_index'====== Args={'value': 0, 'prev_value': None, 'change': True}
2026-05-11 15:29:14,346 : INFO : EventManager : Event: ======'machine_var_service_audit_index'====== Args={'value': 0, 'prev_value': None, 'change': True}
2026-05-11 15:29:14,346 : INFO : EventManager : Event: ======'machine_var_service_feature_index'====== Args={'value': 0, 'prev_value': None, 'change': True}
2026-05-11 15:29:14,346 : INFO : EventManager : Event: ======'machine_var_service_main_text'====== Args={'value': 'SWITCH TEST', 'prev_value': None, 'change': True}
2026-05-11 15:29:14,346 : INFO : EventManager : Event: ======'machine_var_service_switch_name'====== Args={'value': 'Start Button', 'prev_value': None, 'change': True}
2026-05-11 15:29:14,347 : INFO : EventManager : Event: ======'machine_var_service_switch_num'====== Args={'value': 'Switch 1/63', 'prev_value': None, 'change': True}
2026-05-11 15:29:14,347 : INFO : EventManager : Event: ======'machine_var_service_switch_state'====== Args={'value': 'OPEN', 'prev_value': None, 'change': True}
2026-05-11 15:29:14,347 : INFO : EventManager : Event: ======'machine_var_service_coil_name'====== Args={'value': 'Left Flipper', 'prev_value': None, 'change': True}
2026-05-11 15:29:14,347 : INFO : EventManager : Event: ======'machine_var_service_coil_num'====== Args={'value': 'Coil 1/22', 'prev_value': None, 'change': True}
2026-05-11 15:29:14,347 : INFO : EventManager : Event: ======'machine_var_service_light_name'====== Args={'value': 'Eject Insert', 'prev_value': None, 'change': True}
2026-05-11 15:29:14,347 : INFO : EventManager : Event: ======'machine_var_service_light_num'====== Args={'value': 'Light 1/91', 'prev_value': None, 'change': True}
2026-05-11 15:29:14,347 : INFO : EventManager : Event: ======'machine_var_service_servo_index'====== Args={'value': 0, 'prev_value': None, 'change': True}
2026-05-11 15:29:14,347 : INFO : EventManager : Event: ======'machine_var_service_servo_name'====== Args={'value': 'Right Ramp', 'prev_value': None, 'change': True}
2026-05-11 15:29:14,347 : INFO : EventManager : Event: ======'machine_var_service_servo_num'====== Args={'value': 'Servo 1/6', 'prev_value': None, 'change': True}
2026-05-11 15:29:14,347 : INFO : EventManager : Event: ======'machine_var_service_servo_position'====== Args={'value': 'Pos: 0.05', 'prev_value': None, 'change': True}
2026-05-11 15:29:14,347 : INFO : EventManager : Event: ======'machine_var_service_adjustment_name'====== Args={'value': 'Balls Per Game', 'prev_value': None, 'change': True}
2026-05-11 15:29:14,347 : INFO : EventManager : Event: ======'machine_var_service_adjustment_num'====== Args={'value': 'Setting 1/15', 'prev_value': None, 'change': True}
2026-05-11 15:29:14,347 : INFO : EventManager : Event: ======'machine_var_service_audit_name'====== Args={'value': 'Games Played', 'prev_value': None, 'change': True}
2026-05-11 15:29:14,347 : INFO : EventManager : Event: ======'machine_var_service_audit_num'====== Args={'value': 'Audit 1/10', 'prev_value': None, 'change': True}
2026-05-11 15:29:14,348 : INFO : EventManager : Event: ======'machine_var_service_feature_name'====== Args={'value': 'Pilot Mode Timer', 'prev_value': None, 'change': True}
2026-05-11 15:29:14,348 : INFO : EventManager : Event: ======'machine_var_service_feature_num'====== Args={'value': 'Feature 1/10', 'prev_value': None, 'change': True}
2026-05-11 15:29:14,348 : INFO : EventManager : Event: ======'machine_var_ball_search_servo_count'====== Args={'value': 0, 'prev_value': None, 'change': True}
2026-05-11 15:29:14,348 : INFO : EventManager : Event: ======'machine_var_hs_letter_index'====== Args={'value': 0, 'prev_value': None, 'change': True}
2026-05-11 15:29:14,348 : INFO : EventManager : Event: ======'machine_var_hs_select_trigger'====== Args={'value': 0, 'prev_value': None, 'change': True}
2026-05-11 15:29:14,348 : INFO : EventManager : Event: ======'machine_var_hs_award_text'====== Args={'value': '', 'prev_value': None, 'change': True}
2026-05-11 15:29:14,348 : INFO : EventManager : Event: ======'machine_var_hs_player_num'====== Args={'value': 1, 'prev_value': None, 'change': True}
2026-05-11 15:29:14,348 : INFO : EventManager : Event: ======'machine_var_hs_score_value'====== Args={'value': 0, 'prev_value': None, 'change': True}
2026-05-11 15:29:14,348 : INFO : EventManager : Event: ======'machine_var_hs_entry_made'====== Args={'value': 0, 'prev_value': None, 'change': True}
2026-05-11 15:29:14,348 : INFO : EventManager : Event: ======'machine_var_mpf_version'====== Args={'value': 'Mission Pinball Framework v0.80.0.dev11', 'prev_value': None, 'change': True}
2026-05-11 15:29:14,348 : INFO : EventManager : Event: ======'machine_var_mpf_extended_version'====== Args={'value': 'Mission Pinball Framework v0.80.0.dev11, Config version:6, Show version: 6, BCP version:1.1', 'prev_value': None, 'change': True}
2026-05-11 15:29:14,349 : INFO : EventManager : Event: ======'machine_var_python_version'====== Args={'value': '3.12.7', 'prev_value': None, 'change': True}
2026-05-11 15:29:14,503 : INFO : EventManager : Event: ======'machine_var_platform'====== Args={'value': 'Windows-11-10.0.26200-SP0', 'prev_value': None, 'change': True}
2026-05-11 15:29:14,503 : INFO : EventManager : Event: ======'machine_var_platform_system'====== Args={'value': 'Windows', 'prev_value': None, 'change': True}
2026-05-11 15:29:14,503 : INFO : EventManager : Event: ======'machine_var_platform_release'====== Args={'value': '11', 'prev_value': None, 'change': True}
2026-05-11 15:29:14,503 : INFO : EventManager : Event: ======'machine_var_platform_version'====== Args={'value': '10.0.26200', 'prev_value': None, 'change': True}
2026-05-11 15:29:14,504 : INFO : EventManager : Event: ======'machine_var_platform_machine'====== Args={'value': 'AMD64', 'prev_value': None, 'change': True}
2026-05-11 15:29:14,504 : INFO : EventManager : Event: ======'machine_var_log_file_path'====== Args={'value': 'C:\\Users\\White\\documents\\top_gun_pinball\\logs\\2026-05-11-15-29-12-mpf-TopGunPinball.log', 'prev_value': None, 'change': True}
2026-05-11 15:29:14,504 : INFO : EventManager : Event: ======'init_phase_1'====== Args={}
2026-05-11 15:29:17,213 : INFO : SwitchController : <<<<<<< 's_48v_disable' active >>>>>>>
2026-05-11 15:29:17,213 : INFO : SwitchController : <<<<<<< 's_trough_1' active >>>>>>>
2026-05-11 15:29:17,213 : INFO : SwitchController : <<<<<<< 's_trough_2' active >>>>>>>
2026-05-11 15:29:17,213 : INFO : SwitchController : <<<<<<< 's_trough_3' active >>>>>>>
2026-05-11 15:29:17,213 : INFO : SwitchController : <<<<<<< 's_trough_4' active >>>>>>>
2026-05-11 15:29:17,213 : INFO : SwitchController : <<<<<<< 's_trough_5' active >>>>>>>
2026-05-11 15:29:17,213 : INFO : SwitchController : <<<<<<< 's_trough_6' active >>>>>>>
2026-05-11 15:29:17,263 : INFO : EventManager : Event: ======'init_phase_2'====== Args={}
2026-05-11 15:29:17,264 : INFO : SwitchController : Found active switch: (0, [FAST Platform Interface]) <switch.s_48v_disable>
2026-05-11 15:29:17,264 : INFO : SwitchController : Found active switch: (24, [FAST Platform Interface]) <switch.s_trough_1>
2026-05-11 15:29:17,264 : INFO : SwitchController : Found active switch: (25, [FAST Platform Interface]) <switch.s_trough_2>
2026-05-11 15:29:17,264 : INFO : SwitchController : Found active switch: (26, [FAST Platform Interface]) <switch.s_trough_3>
2026-05-11 15:29:17,264 : INFO : SwitchController : Found active switch: (27, [FAST Platform Interface]) <switch.s_trough_4>
2026-05-11 15:29:17,264 : INFO : SwitchController : Found active switch: (28, [FAST Platform Interface]) <switch.s_trough_5>
2026-05-11 15:29:17,264 : INFO : SwitchController : Found active switch: (29, [FAST Platform Interface]) <switch.s_trough_6>
2026-05-11 15:29:17,694 : INFO : EventManager : Event: ======'machine_var_score1_label'====== Args={'value': "You're the new top gun!", 'prev_value': None, 'change': True}
2026-05-11 15:29:17,694 : INFO : EventManager : Event: ======'machine_var_score1_name'====== Args={'value': 'BEH', 'prev_value': None, 'change': True}
2026-05-11 15:29:17,694 : INFO : EventManager : Event: ======'machine_var_score1_value'====== Args={'value': 31315500, 'prev_value': None, 'change': True}
2026-05-11 15:29:17,694 : INFO : EventManager : Event: ======'machine_var_score2_label'====== Args={'value': 'Almost at the top!', 'prev_value': None, 'change': True}
2026-05-11 15:29:17,694 : INFO : EventManager : Event: ======'machine_var_score2_name'====== Args={'value': 'BEH', 'prev_value': None, 'change': True}
2026-05-11 15:29:17,694 : INFO : EventManager : Event: ======'machine_var_score2_value'====== Args={'value': 29522025, 'prev_value': None, 'change': True}
2026-05-11 15:29:17,694 : INFO : EventManager : Event: ======'machine_var_score3_label'====== Args={'value': 'Never Leave your Wingman!', 'prev_value': None, 'change': True}
2026-05-11 15:29:17,694 : INFO : EventManager : Event: ======'machine_var_score3_name'====== Args={'value': 'BEH', 'prev_value': None, 'change': True}
2026-05-11 15:29:17,694 : INFO : EventManager : Event: ======'machine_var_score3_value'====== Args={'value': 28019671, 'prev_value': None, 'change': True}
2026-05-11 15:29:17,694 : INFO : EventManager : Event: ======'machine_var_score4_label'====== Args={'value': 'Are you a good Pilot?', 'prev_value': None, 'change': True}
2026-05-11 15:29:17,694 : INFO : EventManager : Event: ======'machine_var_score4_name'====== Args={'value': 'MAVERICK', 'prev_value': None, 'change': True}
2026-05-11 15:29:17,694 : INFO : EventManager : Event: ======'machine_var_score4_value'====== Args={'value': 25000000, 'prev_value': None, 'change': True}
2026-05-11 15:29:17,696 : INFO : EventManager : Event: ======'machine_var_score5_label'====== Args={'value': "It's the Cargo Plane for you!", 'prev_value': None, 'change': True}
2026-05-11 15:29:17,696 : INFO : EventManager : Event: ======'machine_var_score5_name'====== Args={'value': 'BEH', 'prev_value': None, 'change': True}
2026-05-11 15:29:17,696 : INFO : EventManager : Event: ======'machine_var_score5_value'====== Args={'value': 21377200, 'prev_value': None, 'change': True}
2026-05-11 15:29:17,696 : INFO : EventManager : Event: ======'machine_var_score6_label'====== Args={'value': '6th Place', 'prev_value': None, 'change': True}
2026-05-11 15:29:17,696 : INFO : EventManager : Event: ======'machine_var_score6_name'====== Args={'value': 'ICEMAN', 'prev_value': None, 'change': True}
2026-05-11 15:29:17,696 : INFO : EventManager : Event: ======'machine_var_score6_value'====== Args={'value': 20000000, 'prev_value': None, 'change': True}
2026-05-11 15:29:17,696 : INFO : EventManager : Event: ======'machine_var_score7_label'====== Args={'value': '7th Place', 'prev_value': None, 'change': True}
2026-05-11 15:29:17,696 : INFO : EventManager : Event: ======'machine_var_score7_name'====== Args={'value': 'BEH', 'prev_value': None, 'change': True}
2026-05-11 15:29:17,696 : INFO : EventManager : Event: ======'machine_var_score7_value'====== Args={'value': 18833875, 'prev_value': None, 'change': True}
2026-05-11 15:29:17,696 : INFO : EventManager : Event: ======'machine_var_score8_label'====== Args={'value': '8th Place', 'prev_value': None, 'change': True}
2026-05-11 15:29:17,696 : INFO : EventManager : Event: ======'machine_var_score8_name'====== Args={'value': 'BEH', 'prev_value': None, 'change': True}
2026-05-11 15:29:17,696 : INFO : EventManager : Event: ======'machine_var_score8_value'====== Args={'value': 16744456, 'prev_value': None, 'change': True}
2026-05-11 15:29:17,696 : INFO : EventManager : Event: ======'machine_var_score9_label'====== Args={'value': '9th Place', 'prev_value': None, 'change': True}
2026-05-11 15:29:17,696 : INFO : EventManager : Event: ======'machine_var_score9_name'====== Args={'value': 'ROOSTER', 'prev_value': None, 'change': True}
2026-05-11 15:29:17,696 : INFO : EventManager : Event: ======'machine_var_score9_value'====== Args={'value': 15000000, 'prev_value': None, 'change': True}
2026-05-11 15:29:17,696 : INFO : EventManager : Event: ======'machine_var_score10_label'====== Args={'value': '10th Place', 'prev_value': None, 'change': True}
2026-05-11 15:29:17,696 : INFO : EventManager : Event: ======'machine_var_score10_name'====== Args={'value': 'LFS', 'prev_value': None, 'change': True}
2026-05-11 15:29:17,696 : INFO : EventManager : Event: ======'machine_var_score10_value'====== Args={'value': 14268425, 'prev_value': None, 'change': True}
2026-05-11 15:29:17,696 : INFO : EventManager : Event: ======'machine_var_score11_label'====== Args={'value': '11th Place', 'prev_value': None, 'change': True}
2026-05-11 15:29:17,696 : INFO : EventManager : Event: ======'machine_var_score11_name'====== Args={'value': 'LFS', 'prev_value': None, 'change': True}
2026-05-11 15:29:17,696 : INFO : EventManager : Event: ======'machine_var_score11_value'====== Args={'value': 13607100, 'prev_value': None, 'change': True}
2026-05-11 15:29:17,696 : INFO : EventManager : Event: ======'machine_var_score12_label'====== Args={'value': '12th Place', 'prev_value': None, 'change': True}
2026-05-11 15:29:17,696 : INFO : EventManager : Event: ======'machine_var_score12_name'====== Args={'value': 'BEH', 'prev_value': None, 'change': True}
2026-05-11 15:29:17,696 : INFO : EventManager : Event: ======'machine_var_score12_value'====== Args={'value': 12550525, 'prev_value': None, 'change': True}
2026-05-11 15:29:17,697 : INFO : EventManager : Event: ======'machine_var_score13_label'====== Args={'value': '13th Place', 'prev_value': None, 'change': True}
2026-05-11 15:29:17,697 : INFO : EventManager : Event: ======'machine_var_score13_name'====== Args={'value': 'BEH', 'prev_value': None, 'change': True}
2026-05-11 15:29:17,697 : INFO : EventManager : Event: ======'machine_var_score13_value'====== Args={'value': 12052660, 'prev_value': None, 'change': True}
2026-05-11 15:29:17,697 : INFO : EventManager : Event: ======'machine_var_score14_label'====== Args={'value': '14th Place', 'prev_value': None, 'change': True}
2026-05-11 15:29:17,697 : INFO : EventManager : Event: ======'machine_var_score14_name'====== Args={'value': 'BEH', 'prev_value': None, 'change': True}
2026-05-11 15:29:17,697 : INFO : EventManager : Event: ======'machine_var_score14_value'====== Args={'value': 11656175, 'prev_value': None, 'change': True}
2026-05-11 15:29:17,697 : INFO : EventManager : Event: ======'machine_var_score15_label'====== Args={'value': '15th Place', 'prev_value': None, 'change': True}
2026-05-11 15:29:17,697 : INFO : EventManager : Event: ======'machine_var_score15_name'====== Args={'value': 'JWB', 'prev_value': None, 'change': True}
2026-05-11 15:29:17,697 : INFO : EventManager : Event: ======'machine_var_score15_value'====== Args={'value': 11476750, 'prev_value': None, 'change': True}
2026-05-11 15:29:17,697 : INFO : EventManager : Event: ======'bcp_connection_attempt'====== Args={'name': 'local_display', 'host': 'localhost', 'port': 5050}
2026-05-11 15:29:17,700 : INFO : BCPClientSocket : Connecting BCP to 'local_display' at localhost:5050...
2026-05-11 15:29:17,715 : INFO : BCPClientSocket : Connected BCP to 'local_display' localhost:5050
2026-05-11 15:29:17,716 : INFO : EventManager : Event: ======'bcp_clients_connected'====== Args={}
2026-05-11 15:29:17,717 : INFO : ball_device.bd_plunger : BCH: Initial count: 0
2026-05-11 15:29:17,717 : INFO : ball_device.bd_plunger : State: idle
2026-05-11 15:29:17,718 : INFO : ball_device.bd_trough : BCH: Initial count: 6
2026-05-11 15:29:17,719 : INFO : ball_device.bd_trough : State: idle
2026-05-11 15:29:17,719 : INFO : ball_device.bd_lock_elevator : BCH: Initial count: 0
2026-05-11 15:29:17,720 : INFO : ball_device.bd_lock_elevator : State: idle
2026-05-11 15:29:17,720 : INFO : ball_device.bd_lock_goose : BCH: Initial count: 0
2026-05-11 15:29:17,721 : INFO : ball_device.bd_lock_goose : State: idle
2026-05-11 15:29:17,721 : INFO : ball_device.bd_lock_mav : BCH: Initial count: 0
2026-05-11 15:29:17,722 : INFO : ball_device.bd_lock_mav : State: idle
2026-05-11 15:29:17,723 : INFO : ball_device.bd_mode_scoop : BCH: Initial count: 0
2026-05-11 15:29:17,723 : INFO : ball_device.bd_mode_scoop : State: idle
2026-05-11 15:29:17,747 : INFO : EventManager : Event: ======'init_phase_3'====== Args={}
2026-05-11 15:29:20,693 : INFO : EventManager : Event: ======'init_phase_4'====== Args={}
2026-05-11 15:29:20,694 : INFO : BallController : Initial balls found: 6
2026-05-11 15:29:20,696 : INFO : EventManager : Event: ======'machine_var_audits_events_game_ended'====== Args={'value': 435, 'prev_value': None, 'change': True}
2026-05-11 15:29:20,696 : INFO : EventManager : Event: ======'machine_var_audits_events_game_started'====== Args={'value': 1870, 'prev_value': None, 'change': True}
2026-05-11 15:29:20,696 : INFO : EventManager : Event: ======'machine_var_audits_missing_switches_s_48v_disable'====== Args={'value': 1046, 'prev_value': None, 'change': True}
2026-05-11 15:29:20,696 : INFO : EventManager : Event: ======'machine_var_audits_missing_switches_s_a_iceman_target'====== Args={'value': 13, 'prev_value': None, 'change': True}
2026-05-11 15:29:20,696 : INFO : EventManager : Event: ======'machine_var_audits_missing_switches_s_bumper_center'====== Args={'value': 1, 'prev_value': None, 'change': True}
2026-05-11 15:29:20,696 : INFO : EventManager : Event: ======'machine_var_audits_missing_switches_s_c_iceman_target'====== Args={'value': 7, 'prev_value': None, 'change': True}
2026-05-11 15:29:20,696 : INFO : EventManager : Event: ======'machine_var_audits_missing_switches_s_c_lock_target'====== Args={'value': 3, 'prev_value': None, 'change': True}
2026-05-11 15:29:20,696 : INFO : EventManager : Event: ======'machine_var_audits_missing_switches_s_coin_door'====== Args={'value': 10, 'prev_value': None, 'change': True}
2026-05-11 15:29:20,696 : INFO : EventManager : Event: ======'machine_var_audits_missing_switches_s_coin_door_credit_left'====== Args={'value': 1661, 'prev_value': None, 'change': True}
2026-05-11 15:29:20,696 : INFO : EventManager : Event: ======'machine_var_audits_missing_switches_s_coin_door_credit_right'====== Args={'value': 1053, 'prev_value': None, 'change': True}
2026-05-11 15:29:20,697 : INFO : EventManager : Event: ======'machine_var_audits_missing_switches_s_coin_door_service_1'====== Args={'value': 179, 'prev_value': None, 'change': True}
2026-05-11 15:29:20,697 : INFO : EventManager : Event: ======'machine_var_audits_missing_switches_s_coin_door_service_2'====== Args={'value': 10, 'prev_value': None, 'change': True}
2026-05-11 15:29:20,697 : INFO : EventManager : Event: ======'machine_var_audits_missing_switches_s_coin_door_service_3'====== Args={'value': 10, 'prev_value': None, 'change': True}
2026-05-11 15:29:20,697 : INFO : EventManager : Event: ======'machine_var_audits_missing_switches_s_coin_door_service_4'====== Args={'value': 179, 'prev_value': None, 'change': True}
2026-05-11 15:29:20,697 : INFO : EventManager : Event: ======'machine_var_audits_missing_switches_s_e_iceman_target'====== Args={'value': 6, 'prev_value': None, 'change': True}
2026-05-11 15:29:20,697 : INFO : EventManager : Event: ======'machine_var_audits_missing_switches_s_i_iceman_target'====== Args={'value': 7, 'prev_value': None, 'change': True}
2026-05-11 15:29:20,697 : INFO : EventManager : Event: ======'machine_var_audits_missing_switches_s_k_lock_target'====== Args={'value': 4, 'prev_value': None, 'change': True}
2026-05-11 15:29:20,697 : INFO : EventManager : Event: ======'machine_var_audits_missing_switches_s_l_lock_target'====== Args={'value': 4, 'prev_value': None, 'change': True}
2026-05-11 15:29:20,697 : INFO : EventManager : Event: ======'machine_var_audits_missing_switches_s_lane_left'====== Args={'value': 1, 'prev_value': None, 'change': True}
2026-05-11 15:29:20,697 : INFO : EventManager : Event: ======'machine_var_audits_missing_switches_s_lock_goose'====== Args={'value': 19, 'prev_value': None, 'change': True}
2026-05-11 15:29:20,697 : INFO : EventManager : Event: ======'machine_var_audits_missing_switches_s_lock_mav'====== Args={'value': 19, 'prev_value': None, 'change': True}
2026-05-11 15:29:20,697 : INFO : EventManager : Event: ======'machine_var_audits_missing_switches_s_lock_plunger'====== Args={'value': 19, 'prev_value': None, 'change': True}
2026-05-11 15:29:20,697 : INFO : EventManager : Event: ======'machine_var_audits_missing_switches_s_m_iceman_target'====== Args={'value': 13, 'prev_value': None, 'change': True}
2026-05-11 15:29:20,697 : INFO : EventManager : Event: ======'machine_var_audits_missing_switches_s_mig_lane_left'====== Args={'value': 1, 'prev_value': None, 'change': True}
2026-05-11 15:29:20,697 : INFO : EventManager : Event: ======'machine_var_audits_missing_switches_s_n_iceman_target'====== Args={'value': 1, 'prev_value': None, 'change': True}
2026-05-11 15:29:20,697 : INFO : EventManager : Event: ======'machine_var_audits_missing_switches_s_o_lock_target'====== Args={'value': 3, 'prev_value': None, 'change': True}
2026-05-11 15:29:20,697 : INFO : EventManager : Event: ======'machine_var_audits_missing_switches_s_orbit_upper'====== Args={'value': 1, 'prev_value': None, 'change': True}
2026-05-11 15:29:20,697 : INFO : EventManager : Event: ======'machine_var_audits_missing_switches_s_outer_inlane_right'====== Args={'value': 1, 'prev_value': None, 'change': True}
2026-05-11 15:29:20,697 : INFO : EventManager : Event: ======'machine_var_audits_missing_switches_s_outlane_left'====== Args={'value': 13, 'prev_value': None, 'change': True}
2026-05-11 15:29:20,697 : INFO : EventManager : Event: ======'machine_var_audits_missing_switches_s_outlane_right'====== Args={'value': 14, 'prev_value': None, 'change': True}
2026-05-11 15:29:20,697 : INFO : EventManager : Event: ======'machine_var_audits_missing_switches_s_plunger_lane'====== Args={'value': 10, 'prev_value': None, 'change': True}
2026-05-11 15:29:20,697 : INFO : EventManager : Event: ======'machine_var_audits_missing_switches_s_ramp_inner_exit'====== Args={'value': 4, 'prev_value': None, 'change': True}
2026-05-11 15:29:20,698 : INFO : EventManager : Event: ======'machine_var_audits_missing_switches_s_ramp_right_exit'====== Args={'value': 3, 'prev_value': None, 'change': True}
2026-05-11 15:29:20,698 : INFO : EventManager : Event: ======'machine_var_audits_missing_switches_s_ramp_tower_exit'====== Args={'value': 1, 'prev_value': None, 'change': True}
2026-05-11 15:29:20,698 : INFO : EventManager : Event: ======'machine_var_audits_missing_switches_s_slingshot_left'====== Args={'value': 1, 'prev_value': None, 'change': True}
2026-05-11 15:29:20,698 : INFO : EventManager : Event: ======'machine_var_audits_missing_switches_s_slingshot_right'====== Args={'value': 4, 'prev_value': None, 'change': True}
2026-05-11 15:29:20,698 : INFO : EventManager : Event: ======'machine_var_audits_missing_switches_s_spinner'====== Args={'value': 1, 'prev_value': None, 'change': True}
2026-05-11 15:29:20,698 : INFO : EventManager : Event: ======'machine_var_audits_missing_switches_s_start'====== Args={'value': 2, 'prev_value': None, 'change': True}
2026-05-11 15:29:20,698 : INFO : EventManager : Event: ======'machine_var_audits_missing_switches_s_tilt'====== Args={'value': 13, 'prev_value': None, 'change': True}
2026-05-11 15:29:20,698 : INFO : EventManager : Event: ======'machine_var_audits_player_score'====== Args={'value': {'average': 2870140, 'top': [78940560, 42150145, 36434308, 35813075, 35351774, 33498550, 31315500, 29522025, 29420000, 28754700], 'total': 663}, 'prev_value': None, 'change': True}
2026-05-11 15:29:20,698 : INFO : EventManager : Event: ======'machine_var_audits_shots_bumper_center'====== Args={'value': 8864, 'prev_value': None, 'change': True}
2026-05-11 15:29:20,698 : INFO : EventManager : Event: ======'machine_var_audits_shots_bumper_left'====== Args={'value': 11223, 'prev_value': None, 'change': True}
2026-05-11 15:29:20,698 : INFO : EventManager : Event: ======'machine_var_audits_shots_bumper_right'====== Args={'value': 8817, 'prev_value': None, 'change': True}
2026-05-11 15:29:20,698 : INFO : EventManager : Event: ======'machine_var_audits_shots_mach_ramp'====== Args={'value': 1912, 'prev_value': None, 'change': True}
2026-05-11 15:29:20,698 : INFO : EventManager : Event: ======'machine_var_audits_shots_mig_lane_left'====== Args={'value': 858, 'prev_value': None, 'change': True}
2026-05-11 15:29:20,698 : INFO : EventManager : Event: ======'machine_var_audits_shots_mig_lane_right'====== Args={'value': 930, 'prev_value': None, 'change': True}
2026-05-11 15:29:20,698 : INFO : EventManager : Event: ======'machine_var_audits_shots_orbit_upper'====== Args={'value': 285, 'prev_value': None, 'change': True}
2026-05-11 15:29:20,698 : INFO : EventManager : Event: ======'machine_var_audits_shots_ramp_inner'====== Args={'value': 195, 'prev_value': None, 'change': True}
2026-05-11 15:29:20,698 : INFO : EventManager : Event: ======'machine_var_audits_shots_spinner'====== Args={'value': 246, 'prev_value': None, 'change': True}
2026-05-11 15:29:20,698 : INFO : EventManager : Event: ======'machine_var_audits_switches_s_48v_disable'====== Args={'value': 0, 'prev_value': None, 'change': True}
2026-05-11 15:29:20,698 : INFO : EventManager : Event: ======'machine_var_audits_switches_s_a_iceman_target'====== Args={'value': 2066, 'prev_value': None, 'change': True}
2026-05-11 15:29:20,698 : INFO : EventManager : Event: ======'machine_var_audits_switches_s_barrier_target'====== Args={'value': 1449, 'prev_value': None, 'change': True}
2026-05-11 15:29:20,698 : INFO : EventManager : Event: ======'machine_var_audits_switches_s_bumper_center'====== Args={'value': 8884, 'prev_value': None, 'change': True}
2026-05-11 15:29:20,698 : INFO : EventManager : Event: ======'machine_var_audits_switches_s_bumper_left'====== Args={'value': 11254, 'prev_value': None, 'change': True}
2026-05-11 15:29:20,699 : INFO : EventManager : Event: ======'machine_var_audits_switches_s_bumper_right'====== Args={'value': 8823, 'prev_value': None, 'change': True}
2026-05-11 15:29:20,699 : INFO : EventManager : Event: ======'machine_var_audits_switches_s_c_iceman_target'====== Args={'value': 1931, 'prev_value': None, 'change': True}
2026-05-11 15:29:20,699 : INFO : EventManager : Event: ======'machine_var_audits_switches_s_c_lock_target'====== Args={'value': 1910, 'prev_value': None, 'change': True}
2026-05-11 15:29:20,699 : INFO : EventManager : Event: ======'machine_var_audits_switches_s_coin_door'====== Args={'value': 122, 'prev_value': None, 'change': True}
2026-05-11 15:29:20,699 : INFO : EventManager : Event: ======'machine_var_audits_switches_s_coin_door_credit_left'====== Args={'value': 0, 'prev_value': None, 'change': True}
2026-05-11 15:29:20,699 : INFO : EventManager : Event: ======'machine_var_audits_switches_s_coin_door_credit_right'====== Args={'value': 1, 'prev_value': None, 'change': True}
2026-05-11 15:29:20,699 : INFO : EventManager : Event: ======'machine_var_audits_switches_s_coin_door_service_1'====== Args={'value': 24, 'prev_value': None, 'change': True}
2026-05-11 15:29:20,699 : INFO : EventManager : Event: ======'machine_var_audits_switches_s_coin_door_service_2'====== Args={'value': 182, 'prev_value': None, 'change': True}
2026-05-11 15:29:20,699 : INFO : EventManager : Event: ======'machine_var_audits_switches_s_coin_door_service_3'====== Args={'value': 98, 'prev_value': None, 'change': True}
2026-05-11 15:29:20,699 : INFO : EventManager : Event: ======'machine_var_audits_switches_s_coin_door_service_4'====== Args={'value': 47, 'prev_value': None, 'change': True}
2026-05-11 15:29:20,699 : INFO : EventManager : Event: ======'machine_var_audits_switches_s_e_iceman_target'====== Args={'value': 1643, 'prev_value': None, 'change': True}
2026-05-11 15:29:20,699 : INFO : EventManager : Event: ======'machine_var_audits_switches_s_flight_gear_target'====== Args={'value': 3738, 'prev_value': None, 'change': True}
2026-05-11 15:29:20,699 : INFO : EventManager : Event: ======'machine_var_audits_switches_s_flipper_left'====== Args={'value': 56563, 'prev_value': None, 'change': True}
2026-05-11 15:29:20,699 : INFO : EventManager : Event: ======'machine_var_audits_switches_s_flipper_left_eos'====== Args={'value': 51348, 'prev_value': None, 'change': True}
2026-05-11 15:29:20,699 : INFO : EventManager : Event: ======'machine_var_audits_switches_s_flipper_left_upper'====== Args={'value': 55882, 'prev_value': None, 'change': True}
2026-05-11 15:29:20,699 : INFO : EventManager : Event: ======'machine_var_audits_switches_s_flipper_left_upper_eos'====== Args={'value': 63066, 'prev_value': None, 'change': True}
2026-05-11 15:29:20,699 : INFO : EventManager : Event: ======'machine_var_audits_switches_s_flipper_right'====== Args={'value': 54756, 'prev_value': None, 'change': True}
2026-05-11 15:29:20,699 : INFO : EventManager : Event: ======'machine_var_audits_switches_s_flipper_right_eos'====== Args={'value': 49227, 'prev_value': None, 'change': True}
2026-05-11 15:29:20,699 : INFO : EventManager : Event: ======'machine_var_audits_switches_s_i_iceman_target'====== Args={'value': 2238, 'prev_value': None, 'change': True}
2026-05-11 15:29:20,699 : INFO : EventManager : Event: ======'machine_var_audits_switches_s_inlane_left'====== Args={'value': 4884, 'prev_value': None, 'change': True}
2026-05-11 15:29:20,699 : INFO : EventManager : Event: ======'machine_var_audits_switches_s_inner_inlane_right'====== Args={'value': 3204, 'prev_value': None, 'change': True}
2026-05-11 15:29:20,699 : INFO : EventManager : Event: ======'machine_var_audits_switches_s_jam'====== Args={'value': 5523, 'prev_value': None, 'change': True}
2026-05-11 15:29:20,699 : INFO : EventManager : Event: ======'machine_var_audits_switches_s_k_lock_target'====== Args={'value': 3126, 'prev_value': None, 'change': True}
2026-05-11 15:29:20,700 : INFO : EventManager : Event: ======'machine_var_audits_switches_s_l_lock_target'====== Args={'value': 2522, 'prev_value': None, 'change': True}
2026-05-11 15:29:20,700 : INFO : EventManager : Event: ======'machine_var_audits_switches_s_lane_left'====== Args={'value': 2604, 'prev_value': None, 'change': True}
2026-05-11 15:29:20,700 : INFO : EventManager : Event: ======'machine_var_audits_switches_s_lane_right'====== Args={'value': 4623, 'prev_value': None, 'change': True}
2026-05-11 15:29:20,700 : INFO : EventManager : Event: ======'machine_var_audits_switches_s_lock_goose'====== Args={'value': 615, 'prev_value': None, 'change': True}
2026-05-11 15:29:20,700 : INFO : EventManager : Event: ======'machine_var_audits_switches_s_lock_mav'====== Args={'value': 996, 'prev_value': None, 'change': True}
2026-05-11 15:29:20,700 : INFO : EventManager : Event: ======'machine_var_audits_switches_s_lock_plunger'====== Args={'value': 478, 'prev_value': None, 'change': True}
2026-05-11 15:29:20,700 : INFO : EventManager : Event: ======'machine_var_audits_switches_s_m_iceman_target'====== Args={'value': 1497, 'prev_value': None, 'change': True}
2026-05-11 15:29:20,700 : INFO : EventManager : Event: ======'machine_var_audits_switches_s_mig_lane_left'====== Args={'value': 2959, 'prev_value': None, 'change': True}
2026-05-11 15:29:20,700 : INFO : EventManager : Event: ======'machine_var_audits_switches_s_mig_lane_right'====== Args={'value': 2204, 'prev_value': None, 'change': True}
2026-05-11 15:29:20,700 : INFO : EventManager : Event: ======'machine_var_audits_switches_s_mode_start'====== Args={'value': 1983, 'prev_value': None, 'change': True}
2026-05-11 15:29:20,700 : INFO : EventManager : Event: ======'machine_var_audits_switches_s_n_iceman_target'====== Args={'value': 1837, 'prev_value': None, 'change': True}
2026-05-11 15:29:20,700 : INFO : EventManager : Event: ======'machine_var_audits_switches_s_o_lock_target'====== Args={'value': 3747, 'prev_value': None, 'change': True}
2026-05-11 15:29:20,700 : INFO : EventManager : Event: ======'machine_var_audits_switches_s_orbit_left'====== Args={'value': 8485, 'prev_value': None, 'change': True}
2026-05-11 15:29:20,700 : INFO : EventManager : Event: ======'machine_var_audits_switches_s_orbit_lower'====== Args={'value': 519, 'prev_value': None, 'change': True}
2026-05-11 15:29:20,700 : INFO : EventManager : Event: ======'machine_var_audits_switches_s_orbit_right'====== Args={'value': 6972, 'prev_value': None, 'change': True}
2026-05-11 15:29:20,700 : INFO : EventManager : Event: ======'machine_var_audits_switches_s_orbit_upper'====== Args={'value': 2243, 'prev_value': None, 'change': True}
2026-05-11 15:29:20,700 : INFO : EventManager : Event: ======'machine_var_audits_switches_s_outer_inlane_right'====== Args={'value': 4679, 'prev_value': None, 'change': True}
2026-05-11 15:29:20,700 : INFO : EventManager : Event: ======'machine_var_audits_switches_s_outlane_left'====== Args={'value': 1793, 'prev_value': None, 'change': True}
2026-05-11 15:29:20,700 : INFO : EventManager : Event: ======'machine_var_audits_switches_s_outlane_right'====== Args={'value': 1997, 'prev_value': None, 'change': True}
2026-05-11 15:29:20,700 : INFO : EventManager : Event: ======'machine_var_audits_switches_s_plunger_lane'====== Args={'value': 46, 'prev_value': None, 'change': True}
2026-05-11 15:29:20,700 : INFO : EventManager : Event: ======'machine_var_audits_switches_s_ramp_inner_exit'====== Args={'value': 1958, 'prev_value': None, 'change': True}
2026-05-11 15:29:20,700 : INFO : EventManager : Event: ======'machine_var_audits_switches_s_ramp_left_exit'====== Args={'value': 2963, 'prev_value': None, 'change': True}
2026-05-11 15:29:20,701 : INFO : EventManager : Event: ======'machine_var_audits_switches_s_ramp_right_exit'====== Args={'value': 1154, 'prev_value': None, 'change': True}
2026-05-11 15:29:20,701 : INFO : EventManager : Event: ======'machine_var_audits_switches_s_ramp_tower_exit'====== Args={'value': 2983, 'prev_value': None, 'change': True}
2026-05-11 15:29:20,701 : INFO : EventManager : Event: ======'machine_var_audits_switches_s_shooter_lane'====== Args={'value': 6405, 'prev_value': None, 'change': True}
2026-05-11 15:29:20,701 : INFO : EventManager : Event: ======'machine_var_audits_switches_s_slingshot_left'====== Args={'value': 6311, 'prev_value': None, 'change': True}
2026-05-11 15:29:20,701 : INFO : EventManager : Event: ======'machine_var_audits_switches_s_slingshot_right'====== Args={'value': 4509, 'prev_value': None, 'change': True}
2026-05-11 15:29:20,701 : INFO : EventManager : Event: ======'machine_var_audits_switches_s_spinner'====== Args={'value': 64100, 'prev_value': None, 'change': True}
2026-05-11 15:29:20,701 : INFO : EventManager : Event: ======'machine_var_audits_switches_s_start'====== Args={'value': 1115, 'prev_value': None, 'change': True}
2026-05-11 15:29:20,701 : INFO : EventManager : Event: ======'machine_var_audits_switches_s_tilt'====== Args={'value': 3758, 'prev_value': None, 'change': True}
2026-05-11 15:29:20,701 : INFO : EventManager : Event: ======'machine_var_audits_switches_s_trough_1'====== Args={'value': 5576, 'prev_value': None, 'change': True}
2026-05-11 15:29:20,701 : INFO : EventManager : Event: ======'machine_var_audits_switches_s_trough_2'====== Args={'value': 5615, 'prev_value': None, 'change': True}
2026-05-11 15:29:20,701 : INFO : EventManager : Event: ======'machine_var_audits_switches_s_trough_3'====== Args={'value': 5641, 'prev_value': None, 'change': True}
2026-05-11 15:29:20,701 : INFO : EventManager : Event: ======'machine_var_audits_switches_s_trough_4'====== Args={'value': 5636, 'prev_value': None, 'change': True}
2026-05-11 15:29:20,701 : INFO : EventManager : Event: ======'machine_var_audits_switches_s_trough_5'====== Args={'value': 5631, 'prev_value': None, 'change': True}
2026-05-11 15:29:20,701 : INFO : EventManager : Event: ======'machine_var_audits_switches_s_trough_6'====== Args={'value': 5613, 'prev_value': None, 'change': True}
2026-05-11 15:29:20,701 : INFO : EventManager : Event: ======'init_phase_5'====== Args={}
2026-05-11 15:29:20,703 : INFO : EventManager : Event: ======'init_done'====== Args={}
2026-05-11 15:29:20,704 : INFO : coil.c_coin_door_led : Enabling Driver with power 1.0 (pulse_ms 10ms and pulse_power 1.0)
2026-05-11 15:29:20,704 : INFO : EventManager : Event: ======'machine_reset_phase_1'====== Args={}
2026-05-11 15:29:20,720 : INFO : EventManager : Event: ======'machine_reset_phase_2'====== Args={}
2026-05-11 15:29:20,721 : INFO : EventManager : Event: ======'machine_reset_phase_3'====== Args={}
2026-05-11 15:29:20,722 : INFO : EventManager : Event: ======'mode_attract_will_start'====== Args={'queue': <QueuedEvent>}
2026-05-11 15:29:20,722 : INFO : Timer.attract_carousel_timer : Starting Timer.
2026-05-11 15:29:20,722 : INFO : EventManager : Event: ======'timer_attract_carousel_timer_started'====== Args={'ticks': 0, 'ticks_remaining': 1}
2026-05-11 15:29:20,722 : INFO : EventManager : Event: ======'timer_attract_carousel_timer_tick'====== Args={'ticks': 0, 'ticks_remaining': 1}
2026-05-11 15:29:20,723 : INFO : EventManager : Event: ======'mode_attract_starting'====== Args={'queue': <QueuedEvent>}
2026-05-11 15:29:20,724 : INFO : EventManager : Event: ======'mode_ball_search_servos_will_start'====== Args={'queue': <QueuedEvent>}
2026-05-11 15:29:20,725 : INFO : EventManager : Event: ======'mode_ball_search_servos_starting'====== Args={'queue': <QueuedEvent>}
2026-05-11 15:29:20,726 : INFO : Mode.ball_search_servos : Started. Priority: 5
2026-05-11 15:29:20,726 : INFO : EventManager : Event: ======'modes_active_modes_changed'====== Args={}
2026-05-11 15:29:20,726 : INFO : EventManager : Event: ======'mode_ball_search_servos_started'====== Args={'queue': <QueuedEvent>}
2026-05-11 15:29:20,726 : INFO : Mode.attract : Started. Priority: 10
2026-05-11 15:29:20,726 : INFO : EventManager : Event: ======'modes_active_modes_changed'====== Args={}
2026-05-11 15:29:20,727 : INFO : EventManager : Event: ======'mode_attract_started'====== Args={'queue': <QueuedEvent>}
2026-05-11 15:29:20,727 : INFO : EventManager : Event: ======'attract_cycle_step1'====== Args={'priority': 0}
2026-05-11 15:29:20,727 : INFO : EventManager : Event: ======'right_ramp_down'====== Args={'priority': 0}
2026-05-11 15:29:20,727 : INFO : EventManager : Event: ======'top_ramp_down'====== Args={'priority': 0}
2026-05-11 15:29:20,727 : INFO : EventManager : Event: ======'lock_released'====== Args={'priority': 0}
2026-05-11 15:29:20,728 : INFO : coil.c_start_button_led : Enabling Driver with power 1.0 (pulse_ms 10ms and pulse_power 1.0)
2026-05-11 15:29:20,728 : INFO : Timer.attract_music_stop_timer : Starting Timer.
2026-05-11 15:29:20,728 : INFO : EventManager : Event: ======'timer_attract_music_stop_timer_started'====== Args={'ticks': 0, 'ticks_remaining': 120}
2026-05-11 15:29:20,729 : INFO : EventManager : Event: ======'timer_attract_music_stop_timer_tick'====== Args={'ticks': 0, 'ticks_remaining': 120}
2026-05-11 15:29:20,729 : INFO : EventManager : Event: ======'collecting_balls_complete'====== Args={}
2026-05-11 15:29:20,730 : INFO : EventManager : Event: ======'carousel_item_highlighted'====== Args={'carousel': 'attract', 'direction': None, 'item': 'title'}
2026-05-11 15:29:20,730 : INFO : EventManager : Event: ======'timer_attract_carousel_timer_tick'====== Args={'ticks': 0, 'ticks_remaining': 1}
2026-05-11 15:29:20,730 : INFO : EventManager : Event: ======'reset_complete'====== Args={}
2026-05-11 15:29:20,734 : INFO : Machine : Starting the main run loop with active modes: [<Mode.attract>, <Mode.ball_search_servos>]
2026-05-11 15:29:20,819 : INFO : EventManager : Event: ======'slide_attract_created'====== Args={'_from_bcp': True}
2026-05-11 15:29:20,819 : INFO : EventManager : Event: ======'slide__removed'====== Args={'_from_bcp': True}
2026-05-11 15:29:20,820 : INFO : EventManager : Event: ======'slide_attract_active'====== Args={'original_context': 'attract', 'original_calling_context': 'mode_attract_started', 'priority': 10.0, 'queue': '<QueuedEvent>', 'cmd': 'slides_play', '_from_bcp': True}
2026-05-11 15:29:21,729 : INFO : coil.c_start_button_led : Disabling Driver
2026-05-11 15:29:21,729 : INFO : EventManager : Event: ======'timer_attract_music_stop_timer_tick'====== Args={'ticks': 1, 'ticks_remaining': 119}
2026-05-11 15:29:22,733 : INFO : EventManager : Event: ======'timer_attract_music_stop_timer_tick'====== Args={'ticks': 2, 'ticks_remaining': 118}
2026-05-11 15:29:22,734 : INFO : coil.c_start_button_led : Enabling Driver with power 1.0 (pulse_ms 10ms and pulse_power 1.0)
2026-05-11 15:29:23,728 : INFO : coil.c_start_button_led : Disabling Driver
2026-05-11 15:29:23,728 : INFO : EventManager : Event: ======'timer_attract_music_stop_timer_tick'====== Args={'ticks': 3, 'ticks_remaining': 117}
2026-05-11 15:29:24,733 : INFO : coil.c_start_button_led : Enabling Driver with power 1.0 (pulse_ms 10ms and pulse_power 1.0)
2026-05-11 15:29:24,733 : INFO : EventManager : Event: ======'timer_attract_music_stop_timer_tick'====== Args={'ticks': 4, 'ticks_remaining': 116}
2026-05-11 15:29:25,728 : INFO : EventManager : Event: ======'timer_attract_music_stop_timer_tick'====== Args={'ticks': 5, 'ticks_remaining': 115}
2026-05-11 15:29:25,728 : INFO : coil.c_start_button_led : Disabling Driver
2026-05-11 15:29:26,725 : INFO : coil.c_start_button_led : Enabling Driver with power 1.0 (pulse_ms 10ms and pulse_power 1.0)
2026-05-11 15:29:26,725 : INFO : EventManager : Event: ======'timer_attract_music_stop_timer_tick'====== Args={'ticks': 6, 'ticks_remaining': 114}
2026-05-11 15:29:27,725 : INFO : Timer.attract_carousel_timer : Timer Complete
2026-05-11 15:29:27,725 : INFO : Timer.attract_carousel_timer : Stopping Timer
2026-05-11 15:29:27,725 : INFO : EventManager : Event: ======'timer_attract_carousel_timer_stopped'====== Args={'ticks': 1, 'ticks_remaining': 1}
2026-05-11 15:29:27,725 : INFO : EventManager : Event: ======'timer_attract_carousel_timer_complete'====== Args={'ticks': 1, 'ticks_remaining': 1}
2026-05-11 15:29:27,725 : INFO : EventManager : Event: ======'timer_attract_music_stop_timer_tick'====== Args={'ticks': 7, 'ticks_remaining': 113}
2026-05-11 15:29:27,725 : INFO : coil.c_start_button_led : Disabling Driver
2026-05-11 15:29:27,725 : INFO : EventManager : Event: ======'carousel_item_highlighted'====== Args={'carousel': 'attract', 'direction': 'forwards', 'item': 'presented_by'}
2026-05-11 15:29:27,727 : INFO : Timer.attract_carousel_timer : Starting Timer.
2026-05-11 15:29:27,727 : INFO : EventManager : Event: ======'timer_attract_carousel_timer_started'====== Args={'ticks': 0, 'ticks_remaining': 1}
2026-05-11 15:29:27,727 : INFO : EventManager : Event: ======'timer_attract_carousel_timer_tick'====== Args={'ticks': 0, 'ticks_remaining': 1}
2026-05-11 15:29:28,726 : INFO : EventManager : Event: ======'timer_attract_music_stop_timer_tick'====== Args={'ticks': 8, 'ticks_remaining': 112}
2026-05-11 15:29:28,726 : INFO : coil.c_start_button_led : Enabling Driver with power 1.0 (pulse_ms 10ms and pulse_power 1.0)
2026-05-11 15:29:29,724 : INFO : EventManager : Event: ======'timer_attract_music_stop_timer_tick'====== Args={'ticks': 9, 'ticks_remaining': 111}
2026-05-11 15:29:29,724 : INFO : coil.c_start_button_led : Disabling Driver
2026-05-11 15:29:30,732 : INFO : coil.c_start_button_led : Enabling Driver with power 1.0 (pulse_ms 10ms and pulse_power 1.0)
2026-05-11 15:29:30,733 : INFO : EventManager : Event: ======'timer_attract_music_stop_timer_tick'====== Args={'ticks': 10, 'ticks_remaining': 110}
2026-05-11 15:29:31,732 : INFO : coil.c_start_button_led : Disabling Driver
2026-05-11 15:29:31,732 : INFO : EventManager : Event: ======'timer_attract_music_stop_timer_tick'====== Args={'ticks': 11, 'ticks_remaining': 109}
2026-05-11 15:29:32,733 : INFO : EventManager : Event: ======'attract_cycle_step2'====== Args={}
2026-05-11 15:29:32,733 : INFO : EventManager : Event: ======'timer_attract_music_stop_timer_tick'====== Args={'ticks': 12, 'ticks_remaining': 108}
2026-05-11 15:29:32,733 : INFO : coil.c_start_button_led : Enabling Driver with power 1.0 (pulse_ms 10ms and pulse_power 1.0)
2026-05-11 15:29:33,734 : INFO : coil.c_start_button_led : Disabling Driver
2026-05-11 15:29:33,734 : INFO : EventManager : Event: ======'timer_attract_music_stop_timer_tick'====== Args={'ticks': 13, 'ticks_remaining': 107}
2026-05-11 15:29:34,734 : INFO : EventManager : Event: ======'timer_attract_music_stop_timer_tick'====== Args={'ticks': 14, 'ticks_remaining': 106}
2026-05-11 15:29:34,734 : INFO : Timer.attract_carousel_timer : Timer Complete
2026-05-11 15:29:34,734 : INFO : Timer.attract_carousel_timer : Stopping Timer
2026-05-11 15:29:34,735 : INFO : EventManager : Event: ======'timer_attract_carousel_timer_stopped'====== Args={'ticks': 1, 'ticks_remaining': 1}
2026-05-11 15:29:34,735 : INFO : EventManager : Event: ======'timer_attract_carousel_timer_complete'====== Args={'ticks': 1, 'ticks_remaining': 1}
2026-05-11 15:29:34,735 : INFO : coil.c_start_button_led : Enabling Driver with power 1.0 (pulse_ms 10ms and pulse_power 1.0)
2026-05-11 15:29:34,735 : INFO : EventManager : Event: ======'carousel_item_highlighted'====== Args={'carousel': 'attract', 'direction': 'forwards', 'item': 'hotrod_pinball_logo'}
2026-05-11 15:29:34,735 : INFO : Timer.attract_carousel_timer : Starting Timer.
2026-05-11 15:29:34,735 : INFO : EventManager : Event: ======'timer_attract_carousel_timer_started'====== Args={'ticks': 0, 'ticks_remaining': 1}
2026-05-11 15:29:34,736 : INFO : EventManager : Event: ======'timer_attract_carousel_timer_tick'====== Args={'ticks': 0, 'ticks_remaining': 1}
2026-05-11 15:29:35,737 : INFO : EventManager : Event: ======'timer_attract_music_stop_timer_tick'====== Args={'ticks': 15, 'ticks_remaining': 105}
2026-05-11 15:29:35,737 : INFO : coil.c_start_button_led : Disabling Driver
2026-05-11 15:29:36,736 : INFO : coil.c_start_button_led : Enabling Driver with power 1.0 (pulse_ms 10ms and pulse_power 1.0)
2026-05-11 15:29:36,736 : INFO : EventManager : Event: ======'timer_attract_music_stop_timer_tick'====== Args={'ticks': 16, 'ticks_remaining': 104}
2026-05-11 15:29:37,736 : INFO : EventManager : Event: ======'timer_attract_music_stop_timer_tick'====== Args={'ticks': 17, 'ticks_remaining': 103}
2026-05-11 15:29:37,736 : INFO : coil.c_start_button_led : Disabling Driver
2026-05-11 15:29:38,731 : INFO : coil.c_start_button_led : Enabling Driver with power 1.0 (pulse_ms 10ms and pulse_power 1.0)
2026-05-11 15:29:38,731 : INFO : EventManager : Event: ======'timer_attract_music_stop_timer_tick'====== Args={'ticks': 18, 'ticks_remaining': 102}
2026-05-11 15:29:39,731 : INFO : coil.c_start_button_led : Disabling Driver
2026-05-11 15:29:39,731 : INFO : EventManager : Event: ======'timer_attract_music_stop_timer_tick'====== Args={'ticks': 19, 'ticks_remaining': 101}
2026-05-11 15:29:40,727 : INFO : EventManager : Event: ======'timer_attract_music_stop_timer_tick'====== Args={'ticks': 20, 'ticks_remaining': 100}
2026-05-11 15:29:40,727 : INFO : coil.c_start_button_led : Enabling Driver with power 1.0 (pulse_ms 10ms and pulse_power 1.0)
2026-05-11 15:29:41,732 : INFO : Timer.attract_carousel_timer : Timer Complete
2026-05-11 15:29:41,732 : INFO : Timer.attract_carousel_timer : Stopping Timer
2026-05-11 15:29:41,732 : INFO : EventManager : Event: ======'timer_attract_carousel_timer_stopped'====== Args={'ticks': 1, 'ticks_remaining': 1}
2026-05-11 15:29:41,732 : INFO : EventManager : Event: ======'timer_attract_carousel_timer_complete'====== Args={'ticks': 1, 'ticks_remaining': 1}
2026-05-11 15:29:41,732 : INFO : coil.c_start_button_led : Disabling Driver
2026-05-11 15:29:41,733 : INFO : EventManager : Event: ======'timer_attract_music_stop_timer_tick'====== Args={'ticks': 21, 'ticks_remaining': 99}
2026-05-11 15:29:41,733 : INFO : EventManager : Event: ======'carousel_item_highlighted'====== Args={'carousel': 'attract', 'direction': 'forwards', 'item': 'mpf_logo'}
2026-05-11 15:29:41,733 : INFO : Timer.attract_carousel_timer : Starting Timer.
2026-05-11 15:29:41,733 : INFO : EventManager : Event: ======'timer_attract_carousel_timer_started'====== Args={'ticks': 0, 'ticks_remaining': 1}
2026-05-11 15:29:41,733 : INFO : EventManager : Event: ======'timer_attract_carousel_timer_tick'====== Args={'ticks': 0, 'ticks_remaining': 1}
2026-05-11 15:29:42,729 : INFO : coil.c_start_button_led : Enabling Driver with power 1.0 (pulse_ms 10ms and pulse_power 1.0)
2026-05-11 15:29:42,729 : INFO : EventManager : Event: ======'timer_attract_music_stop_timer_tick'====== Args={'ticks': 22, 'ticks_remaining': 98}
2026-05-11 15:29:43,727 : INFO : EventManager : Event: ======'timer_attract_music_stop_timer_tick'====== Args={'ticks': 23, 'ticks_remaining': 97}
2026-05-11 15:29:43,727 : INFO : coil.c_start_button_led : Disabling Driver
2026-05-11 15:29:44,728 : INFO : coil.c_start_button_led : Enabling Driver with power 1.0 (pulse_ms 10ms and pulse_power 1.0)
2026-05-11 15:29:44,728 : INFO : EventManager : Event: ======'timer_attract_music_stop_timer_tick'====== Args={'ticks': 24, 'ticks_remaining': 96}
2026-05-11 15:29:45,730 : INFO : EventManager : Event: ======'timer_attract_music_stop_timer_tick'====== Args={'ticks': 25, 'ticks_remaining': 95}
2026-05-11 15:29:45,730 : INFO : coil.c_start_button_led : Disabling Driver
2026-05-11 15:29:46,729 : INFO : coil.c_start_button_led : Enabling Driver with power 1.0 (pulse_ms 10ms and pulse_power 1.0)
2026-05-11 15:29:46,729 : INFO : EventManager : Event: ======'timer_attract_music_stop_timer_tick'====== Args={'ticks': 26, 'ticks_remaining': 94}
2026-05-11 15:29:47,730 : INFO : EventManager : Event: ======'timer_attract_music_stop_timer_tick'====== Args={'ticks': 27, 'ticks_remaining': 93}
2026-05-11 15:29:47,730 : INFO : coil.c_start_button_led : Disabling Driver
2026-05-11 15:29:47,979 : INFO : EventManager : Event: ======'attract_cycle_step3'====== Args={}
2026-05-11 15:29:48,729 : INFO : Timer.attract_carousel_timer : Timer Complete
2026-05-11 15:29:48,729 : INFO : Timer.attract_carousel_timer : Stopping Timer
2026-05-11 15:29:48,729 : INFO : EventManager : Event: ======'timer_attract_carousel_timer_stopped'====== Args={'ticks': 1, 'ticks_remaining': 1}
2026-05-11 15:29:48,729 : INFO : EventManager : Event: ======'timer_attract_carousel_timer_complete'====== Args={'ticks': 1, 'ticks_remaining': 1}
2026-05-11 15:29:48,729 : INFO : EventManager : Event: ======'timer_attract_music_stop_timer_tick'====== Args={'ticks': 28, 'ticks_remaining': 92}
2026-05-11 15:29:48,730 : INFO : coil.c_start_button_led : Enabling Driver with power 1.0 (pulse_ms 10ms and pulse_power 1.0)
2026-05-11 15:29:48,730 : INFO : EventManager : Event: ======'carousel_item_highlighted'====== Args={'carousel': 'attract', 'direction': 'forwards', 'item': 'high_score_top_5'}
2026-05-11 15:29:48,730 : INFO : Timer.attract_carousel_timer : Starting Timer.
2026-05-11 15:29:48,730 : INFO : EventManager : Event: ======'timer_attract_carousel_timer_started'====== Args={'ticks': 0, 'ticks_remaining': 1}
2026-05-11 15:29:48,730 : INFO : EventManager : Event: ======'timer_attract_carousel_timer_tick'====== Args={'ticks': 0, 'ticks_remaining': 1}
2026-05-11 15:29:49,730 : INFO : EventManager : Event: ======'timer_attract_music_stop_timer_tick'====== Args={'ticks': 29, 'ticks_remaining': 91}
2026-05-11 15:29:49,730 : INFO : coil.c_start_button_led : Disabling Driver
2026-05-11 15:29:50,732 : INFO : EventManager : Event: ======'timer_attract_music_stop_timer_tick'====== Args={'ticks': 30, 'ticks_remaining': 90}
2026-05-11 15:29:50,732 : INFO : coil.c_start_button_led : Enabling Driver with power 1.0 (pulse_ms 10ms and pulse_power 1.0)
2026-05-11 15:29:51,726 : INFO : coil.c_start_button_led : Disabling Driver
2026-05-11 15:29:51,726 : INFO : EventManager : Event: ======'timer_attract_music_stop_timer_tick'====== Args={'ticks': 31, 'ticks_remaining': 89}
2026-05-11 15:29:52,727 : INFO : EventManager : Event: ======'timer_attract_music_stop_timer_tick'====== Args={'ticks': 32, 'ticks_remaining': 88}
2026-05-11 15:29:52,727 : INFO : coil.c_start_button_led : Enabling Driver with power 1.0 (pulse_ms 10ms and pulse_power 1.0)
2026-05-11 15:29:53,731 : INFO : coil.c_start_button_led : Disabling Driver
2026-05-11 15:29:53,731 : INFO : EventManager : Event: ======'timer_attract_music_stop_timer_tick'====== Args={'ticks': 33, 'ticks_remaining': 87}
2026-05-11 15:29:54,731 : INFO : EventManager : Event: ======'timer_attract_music_stop_timer_tick'====== Args={'ticks': 34, 'ticks_remaining': 86}
2026-05-11 15:29:54,731 : INFO : coil.c_start_button_led : Enabling Driver with power 1.0 (pulse_ms 10ms and pulse_power 1.0)
2026-05-11 15:29:55,736 : INFO : Timer.attract_carousel_timer : Timer Complete
2026-05-11 15:29:55,736 : INFO : Timer.attract_carousel_timer : Stopping Timer
2026-05-11 15:29:55,736 : INFO : EventManager : Event: ======'timer_attract_carousel_timer_stopped'====== Args={'ticks': 1, 'ticks_remaining': 1}
2026-05-11 15:29:55,737 : INFO : EventManager : Event: ======'timer_attract_carousel_timer_complete'====== Args={'ticks': 1, 'ticks_remaining': 1}
2026-05-11 15:29:55,737 : INFO : EventManager : Event: ======'timer_attract_music_stop_timer_tick'====== Args={'ticks': 35, 'ticks_remaining': 85}
2026-05-11 15:29:55,737 : INFO : coil.c_start_button_led : Disabling Driver
2026-05-11 15:29:55,737 : INFO : EventManager : Event: ======'carousel_item_highlighted'====== Args={'carousel': 'attract', 'direction': 'forwards', 'item': 'credits'}
2026-05-11 15:29:55,737 : INFO : Timer.attract_carousel_timer : Starting Timer.
2026-05-11 15:29:55,737 : INFO : EventManager : Event: ======'timer_attract_carousel_timer_started'====== Args={'ticks': 0, 'ticks_remaining': 1}
2026-05-11 15:29:55,737 : INFO : EventManager : Event: ======'timer_attract_carousel_timer_tick'====== Args={'ticks': 0, 'ticks_remaining': 1}
2026-05-11 15:29:56,736 : INFO : EventManager : Event: ======'timer_attract_music_stop_timer_tick'====== Args={'ticks': 36, 'ticks_remaining': 84}
2026-05-11 15:29:56,737 : INFO : coil.c_start_button_led : Enabling Driver with power 1.0 (pulse_ms 10ms and pulse_power 1.0)
2026-05-11 15:29:57,725 : INFO : coil.c_start_button_led : Disabling Driver
2026-05-11 15:29:57,725 : INFO : EventManager : Event: ======'timer_attract_music_stop_timer_tick'====== Args={'ticks': 37, 'ticks_remaining': 83}
2026-05-11 15:29:58,729 : INFO : EventManager : Event: ======'timer_attract_music_stop_timer_tick'====== Args={'ticks': 38, 'ticks_remaining': 82}
2026-05-11 15:29:58,729 : INFO : coil.c_start_button_led : Enabling Driver with power 1.0 (pulse_ms 10ms and pulse_power 1.0)
2026-05-11 15:29:59,732 : INFO : coil.c_start_button_led : Disabling Driver
2026-05-11 15:29:59,732 : INFO : EventManager : Event: ======'timer_attract_music_stop_timer_tick'====== Args={'ticks': 39, 'ticks_remaining': 81}
2026-05-11 15:30:00,170 : INFO : EventManager : Event: ======'attract_cycle_step4'====== Args={}
2026-05-11 15:30:00,731 : INFO : EventManager : Event: ======'timer_attract_music_stop_timer_tick'====== Args={'ticks': 40, 'ticks_remaining': 80}
2026-05-11 15:30:00,731 : INFO : coil.c_start_button_led : Enabling Driver with power 1.0 (pulse_ms 10ms and pulse_power 1.0)
2026-05-11 15:30:01,728 : INFO : coil.c_start_button_led : Disabling Driver
2026-05-11 15:30:01,728 : INFO : EventManager : Event: ======'timer_attract_music_stop_timer_tick'====== Args={'ticks': 41, 'ticks_remaining': 79}
2026-05-11 15:30:02,727 : INFO : coil.c_start_button_led : Enabling Driver with power 1.0 (pulse_ms 10ms and pulse_power 1.0)
2026-05-11 15:30:02,727 : INFO : Timer.attract_carousel_timer : Timer Complete
2026-05-11 15:30:02,727 : INFO : Timer.attract_carousel_timer : Stopping Timer
2026-05-11 15:30:02,727 : INFO : EventManager : Event: ======'timer_attract_carousel_timer_stopped'====== Args={'ticks': 1, 'ticks_remaining': 1}
2026-05-11 15:30:02,727 : INFO : EventManager : Event: ======'timer_attract_carousel_timer_complete'====== Args={'ticks': 1, 'ticks_remaining': 1}
2026-05-11 15:30:02,727 : INFO : EventManager : Event: ======'timer_attract_music_stop_timer_tick'====== Args={'ticks': 42, 'ticks_remaining': 78}
2026-05-11 15:30:02,728 : INFO : EventManager : Event: ======'carousel_item_highlighted'====== Args={'carousel': 'attract', 'direction': 'forwards', 'item': 'last_scores_1p'}
2026-05-11 15:30:02,728 : INFO : Timer.attract_carousel_timer : Starting Timer.
2026-05-11 15:30:02,728 : INFO : EventManager : Event: ======'timer_attract_carousel_timer_started'====== Args={'ticks': 0, 'ticks_remaining': 1}
2026-05-11 15:30:02,728 : INFO : EventManager : Event: ======'timer_attract_carousel_timer_tick'====== Args={'ticks': 0, 'ticks_remaining': 1}
2026-05-11 15:30:03,731 : INFO : EventManager : Event: ======'timer_attract_music_stop_timer_tick'====== Args={'ticks': 43, 'ticks_remaining': 77}
2026-05-11 15:30:03,731 : INFO : coil.c_start_button_led : Disabling Driver
2026-05-11 15:30:04,727 : INFO : coil.c_start_button_led : Enabling Driver with power 1.0 (pulse_ms 10ms and pulse_power 1.0)
2026-05-11 15:30:04,727 : INFO : EventManager : Event: ======'timer_attract_music_stop_timer_tick'====== Args={'ticks': 44, 'ticks_remaining': 76}
2026-05-11 15:30:05,725 : INFO : EventManager : Event: ======'timer_attract_music_stop_timer_tick'====== Args={'ticks': 45, 'ticks_remaining': 75}
2026-05-11 15:30:05,725 : INFO : coil.c_start_button_led : Disabling Driver
2026-05-11 15:30:06,726 : INFO : coil.c_start_button_led : Enabling Driver with power 1.0 (pulse_ms 10ms and pulse_power 1.0)
2026-05-11 15:30:06,726 : INFO : EventManager : Event: ======'timer_attract_music_stop_timer_tick'====== Args={'ticks': 46, 'ticks_remaining': 74}
2026-05-11 15:30:07,727 : INFO : EventManager : Event: ======'timer_attract_music_stop_timer_tick'====== Args={'ticks': 47, 'ticks_remaining': 73}
2026-05-11 15:30:07,727 : INFO : coil.c_start_button_led : Disabling Driver
2026-05-11 15:30:08,729 : INFO : coil.c_start_button_led : Enabling Driver with power 1.0 (pulse_ms 10ms and pulse_power 1.0)
2026-05-11 15:30:08,729 : INFO : EventManager : Event: ======'timer_attract_music_stop_timer_tick'====== Args={'ticks': 48, 'ticks_remaining': 72}
2026-05-11 15:30:09,727 : INFO : coil.c_start_button_led : Disabling Driver
2026-05-11 15:30:09,727 : INFO : EventManager : Event: ======'timer_attract_music_stop_timer_tick'====== Args={'ticks': 49, 'ticks_remaining': 71}
2026-05-11 15:30:09,727 : INFO : Timer.attract_carousel_timer : Timer Complete
2026-05-11 15:30:09,727 : INFO : Timer.attract_carousel_timer : Stopping Timer
2026-05-11 15:30:09,727 : INFO : EventManager : Event: ======'timer_attract_carousel_timer_stopped'====== Args={'ticks': 1, 'ticks_remaining': 1}
2026-05-11 15:30:09,727 : INFO : EventManager : Event: ======'timer_attract_carousel_timer_complete'====== Args={'ticks': 1, 'ticks_remaining': 1}
2026-05-11 15:30:09,728 : INFO : EventManager : Event: ======'carousel_item_highlighted'====== Args={'carousel': 'attract', 'direction': 'forwards', 'item': 'title'}
2026-05-11 15:30:09,728 : INFO : Timer.attract_carousel_timer : Starting Timer.
2026-05-11 15:30:09,729 : INFO : EventManager : Event: ======'timer_attract_carousel_timer_started'====== Args={'ticks': 0, 'ticks_remaining': 1}
2026-05-11 15:30:09,729 : INFO : EventManager : Event: ======'timer_attract_carousel_timer_tick'====== Args={'ticks': 0, 'ticks_remaining': 1}
2026-05-11 15:30:10,727 : INFO : coil.c_start_button_led : Enabling Driver with power 1.0 (pulse_ms 10ms and pulse_power 1.0)
2026-05-11 15:30:10,727 : INFO : EventManager : Event: ======'timer_attract_music_stop_timer_tick'====== Args={'ticks': 50, 'ticks_remaining': 70}
2026-05-11 15:30:11,712 : INFO : SwitchController : <<<<<<< 's_start' active >>>>>>>
2026-05-11 15:30:11,727 : INFO : EventManager : Event: ======'timer_attract_music_stop_timer_tick'====== Args={'ticks': 51, 'ticks_remaining': 69}
2026-05-11 15:30:11,727 : INFO : coil.c_start_button_led : Disabling Driver
2026-05-11 15:30:11,775 : INFO : EventManager : Event: ======'attract_cycle_step5'====== Args={}
2026-05-11 15:30:11,791 : INFO : SwitchController : <<<<<<< 's_start' inactive >>>>>>>
2026-05-11 15:30:11,791 : INFO : EventManager : Event: ======'request_to_start_game'====== Args={}
2026-05-11 15:30:11,792 : INFO : EventManager : Event: ======'game_start'====== Args={'buttons': [], 'hold_time': 0.07799999999951979}
2026-05-11 15:30:11,792 : INFO : EventManager : Event: ======'mode_game_will_start'====== Args={'buttons': [], 'hold_time': 0.07799999999951979}
2026-05-11 15:30:11,792 : INFO : EventManager : Event: ======'mode_game_starting'====== Args={'buttons': [], 'hold_time': 0.07799999999951979}
2026-05-11 15:30:11,792 : INFO : Mode.game : Started. Priority: 20
2026-05-11 15:30:11,792 : INFO : EventManager : Event: ======'modes_active_modes_changed'====== Args={}
2026-05-11 15:30:11,792 : INFO : EventManager : Event: ======'mode_game_started'====== Args={'buttons': [], 'hold_time': 0.07799999999951979}
2026-05-11 15:30:11,793 : INFO : EventManager : Event: ======'game_will_start'====== Args={}
2026-05-11 15:30:11,794 : INFO : EventManager : Event: ======'game_starting'====== Args={'game': <Mode.game>}
2026-05-11 15:30:11,794 : INFO : EventManager : Event: ======'mode_attract_will_stop'====== Args={}
2026-05-11 15:30:11,794 : INFO : EventManager : Event: ======'mode_attract_stopping'====== Args={}
2026-05-11 15:30:11,795 : INFO : EventManager : Unordered handler for class <Auditor> on event game_ended with priority 1. Handlers: [RegisteredHandler(callback=<bound method Auditor.disable of <Auditor>>, priority=1, kwargs={}, key=UUID('11009e50-99d1-4023-b9dd-1bc479aeff27'), condition=None, blocking_facility=None), RegisteredHandler(callback=<bound method Auditor._save_audits of <Auditor>>, priority=1, kwargs={}, key=UUID('0a087212-bc89-4da3-9ba8-9e32cf3eba74'), condition=None, blocking_facility=None)]. The order of those handlers is not defined and they will be executed in random order. This might lead to race conditions and potential bugs.
2026-05-11 15:30:11,795 : INFO : Timer.attract_music_stop_timer : Stopping Timer
2026-05-11 15:30:11,795 : INFO : EventManager : Event: ======'timer_attract_music_stop_timer_stopped'====== Args={'ticks': 51, 'ticks_remaining': 69}
2026-05-11 15:30:11,796 : INFO : Timer.attract_scoop_clear_delay : Stopping Timer
2026-05-11 15:30:11,796 : INFO : EventManager : Event: ======'timer_attract_scoop_clear_delay_stopped'====== Args={'ticks': 0, 'ticks_remaining': 0}
2026-05-11 15:30:11,796 : INFO : EventManager : Event: ======'player_add_request'====== Args={}
2026-05-11 15:30:11,797 : INFO : coil.c_start_button_led : Disabling Driver
2026-05-11 15:30:11,797 : INFO : coil.c_mode_barrier : Disabling Driver
2026-05-11 15:30:11,799 : INFO : Mode.attract : Stopped.
2026-05-11 15:30:11,799 : INFO : EventManager : Event: ======'modes_active_modes_changed'====== Args={}
2026-05-11 15:30:11,800 : INFO : EventManager : Event: ======'mode_attract_stopped'====== Args={}
2026-05-11 15:30:11,800 : INFO : EventManager : Event: ======'clear'====== Args={'key': 'attract'}
2026-05-11 15:30:11,801 : INFO : Timer.attract_scoop_clear_delay : Stopping Timer
2026-05-11 15:30:11,801 : INFO : EventManager : Event: ======'timer_attract_scoop_clear_delay_stopped'====== Args={'ticks': 0, 'ticks_remaining': 0}
2026-05-11 15:30:11,801 : INFO : Timer.attract_carousel_timer : Stopping Timer
2026-05-11 15:30:11,801 : INFO : EventManager : Event: ======'timer_attract_carousel_timer_stopped'====== Args={'ticks': 0, 'ticks_remaining': 1}
2026-05-11 15:30:11,801 : INFO : Timer.attract_music_stop_timer : Stopping Timer
2026-05-11 15:30:11,801 : INFO : EventManager : Event: ======'timer_attract_music_stop_timer_stopped'====== Args={'ticks': 51, 'ticks_remaining': 69}
2026-05-11 15:30:11,801 : INFO : EventManager : Event: ======'player_will_add'====== Args={'number': 1}
2026-05-11 15:30:11,802 : INFO : EventManager : Event: ======'player_adding'====== Args={'player': <Player 1>, 'number': 1}
2026-05-11 15:30:11,802 : INFO : EventManager : Event: ======'player_added'====== Args={'player': <Player 1>, 'num': 1}
2026-05-11 15:30:11,802 : INFO : Mode.game : Player added successfully. Total players: 1
2026-05-11 15:30:11,802 : INFO : EventManager : Event: ======'player_index'====== Args={'value': 0, 'prev_value': 0, 'change': 0, 'player_num': 1}
2026-05-11 15:30:11,802 : INFO : EventManager : Event: ======'player_number'====== Args={'value': 1, 'prev_value': 1, 'change': 0, 'player_num': 1}
2026-05-11 15:30:11,802 : INFO : EventManager : Event: ======'player_mach_level'====== Args={'value': 1.0, 'prev_value': 1.0, 'change': 0, 'player_num': 1}
2026-05-11 15:30:11,802 : INFO : EventManager : Event: ======'player_mach_step'====== Args={'value': 0, 'prev_value': 0, 'change': 0, 'player_num': 1}
2026-05-11 15:30:11,802 : INFO : EventManager : Event: ======'player_tilt_warnings'====== Args={'value': 0, 'prev_value': 0, 'change': 0, 'player_num': 1}
2026-05-11 15:30:11,802 : INFO : EventManager : Event: ======'player_status_mode_page'====== Args={'value': 1, 'prev_value': 1, 'change': 0, 'player_num': 1}
2026-05-11 15:30:11,803 : INFO : EventManager : Event: ======'player_status_tilt_remaining'====== Args={'value': 3, 'prev_value': 3, 'change': 0, 'player_num': 1}
2026-05-11 15:30:11,803 : INFO : EventManager : Event: ======'player_status_bonus_preview'====== Args={'value': 0, 'prev_value': 0, 'change': 0, 'player_num': 1}
2026-05-11 15:30:11,803 : INFO : EventManager : Event: ======'player_status_rescue_cougar'====== Args={'value': 'Not Played', 'prev_value': 'Not Played', 'change': False, 'player_num': 1}
2026-05-11 15:30:11,803 : INFO : EventManager : Event: ======'player_status_balls_of_fire'====== Args={'value': 'Not Played', 'prev_value': 'Not Played', 'change': False, 'player_num': 1}
2026-05-11 15:30:11,803 : INFO : EventManager : Event: ======'player_status_cool_under_pressure'====== Args={'value': 'Not Played', 'prev_value': 'Not Played', 'change': False, 'player_num': 1}
2026-05-11 15:30:11,803 : INFO : EventManager : Event: ======'player_status_no_points_for_second_place'====== Args={'value': 'Not Played', 'prev_value': 'Not Played', 'change': False, 'player_num': 1}
2026-05-11 15:30:11,803 : INFO : EventManager : Event: ======'player_status_edge_of_space'====== Args={'value': 'Not Played', 'prev_value': 'Not Played', 'change': False, 'player_num': 1}
2026-05-11 15:30:11,803 : INFO : EventManager : Event: ======'player_status_below_the_hard_deck'====== Args={'value': 'Not Played', 'prev_value': 'Not Played', 'change': False, 'player_num': 1}
2026-05-11 15:30:11,803 : INFO : EventManager : Event: ======'player_status_canyon_run'====== Args={'value': 'Not Played', 'prev_value': 'Not Played', 'change': False, 'player_num': 1}
2026-05-11 15:30:11,803 : INFO : EventManager : Event: ======'player_status_no_margin_for_error'====== Args={'value': 'Not Played', 'prev_value': 'Not Played', 'change': False, 'player_num': 1}
2026-05-11 15:30:11,803 : INFO : EventManager : Event: ======'player_status_rise_of_phoenix'====== Args={'value': 'Not Played', 'prev_value': 'Not Played', 'change': False, 'player_num': 1}
2026-05-11 15:30:11,804 : INFO : EventManager : Event: ======'player_status_battle_jester'====== Args={'value': 'Not Played', 'prev_value': 'Not Played', 'change': False, 'player_num': 1}
2026-05-11 15:30:11,804 : INFO : EventManager : Event: ======'player_status_inverted'====== Args={'value': 'Not Played', 'prev_value': 'Not Played', 'change': False, 'player_num': 1}
2026-05-11 15:30:11,804 : INFO : EventManager : Event: ======'player_status_missiles'====== Args={'value': 'Not Played', 'prev_value': 'Not Played', 'change': False, 'player_num': 1}
2026-05-11 15:30:11,804 : INFO : EventManager : Event: ======'player_status_wingman'====== Args={'value': 'Not Played', 'prev_value': 'Not Played', 'change': False, 'player_num': 1}
2026-05-11 15:30:11,804 : INFO : EventManager : Event: ======'player_status_afterburner'====== Args={'value': 'Not Played', 'prev_value': 'Not Played', 'change': False, 'player_num': 1}
2026-05-11 15:30:11,804 : INFO : EventManager : Event: ======'player_status_dogfight'====== Args={'value': 'Not Coded Yet', 'prev_value': 'Not Coded Yet', 'change': False, 'player_num': 1}
2026-05-11 15:30:11,804 : INFO : EventManager : Event: ======'player_status_inverted_perk'====== Args={'value': 'Not Active', 'prev_value': 'Not Active', 'change': False, 'player_num': 1}
2026-05-11 15:30:11,804 : INFO : EventManager : Event: ======'player_status_missiles_perk'====== Args={'value': 'Not Active', 'prev_value': 'Not Active', 'change': False, 'player_num': 1}
2026-05-11 15:30:11,804 : INFO : EventManager : Event: ======'player_status_wingman_perk'====== Args={'value': 'Not Active', 'prev_value': 'Not Active', 'change': False, 'player_num': 1}
2026-05-11 15:30:11,804 : INFO : EventManager : Event: ======'player_status_afterburner_perk'====== Args={'value': 'Not Active', 'prev_value': 'Not Active', 'change': False, 'player_num': 1}
2026-05-11 15:30:11,804 : INFO : EventManager : Event: ======'player_status_ptb'====== Args={'value': 'Not Qualified', 'prev_value': 'Not Qualified', 'change': False, 'player_num': 1}
2026-05-11 15:30:11,805 : INFO : EventManager : Event: ======'player_status_iceman_hd'====== Args={'value': 'Not Played', 'prev_value': 'Not Played', 'change': False, 'player_num': 1}
2026-05-11 15:30:11,805 : INFO : EventManager : Event: ======'player_status_charlie_hd'====== Args={'value': 'Not Coded Yet', 'prev_value': 'Not Coded Yet', 'change': False, 'player_num': 1}
2026-05-11 15:30:11,805 : INFO : EventManager : Event: ======'player_status_penny_hd'====== Args={'value': 'Not Coded Yet', 'prev_value': 'Not Coded Yet', 'change': False, 'player_num': 1}
2026-05-11 15:30:11,805 : INFO : EventManager : Event: ======'player_status_goose_hd'====== Args={'value': 'Not Coded Yet', 'prev_value': 'Not Coded Yet', 'change': False, 'player_num': 1}
2026-05-11 15:30:11,805 : INFO : EventManager : Event: ======'player_status_final_dogfight'====== Args={'value': 'Not Coded Yet', 'prev_value': 'Not Coded Yet', 'change': False, 'player_num': 1}
2026-05-11 15:30:11,805 : INFO : EventManager : Event: ======'player_status_final_super_jackpot'====== Args={'value': 'Not Yet', 'prev_value': 'Not Yet', 'change': False, 'player_num': 1}
2026-05-11 15:30:11,805 : INFO : EventManager : Event: ======'player_ball_tilted'====== Args={'value': 0, 'prev_value': 0, 'change': 0, 'player_num': 1}
2026-05-11 15:30:11,805 : INFO : EventManager : Event: ======'player_right_orbit_diverter_requested'====== Args={'value': 0, 'prev_value': 0, 'change': 0, 'player_num': 1}
2026-05-11 15:30:11,805 : INFO : EventManager : Event: ======'player_diverter_temporarily_disabled'====== Args={'value': 0, 'prev_value': 0, 'change': 0, 'player_num': 1}
2026-05-11 15:30:11,805 : INFO : EventManager : Event: ======'player_score'====== Args={'value': 0, 'prev_value': 0, 'change': 0, 'player_num': 1}
2026-05-11 15:30:11,807 : INFO : EventManager : Event: ======'game_started'====== Args={}
2026-05-11 15:30:11,809 : INFO : coil.c_start_button_led : Enabling Driver with power 1.0 (pulse_ms 10ms and pulse_power 1.0)
2026-05-11 15:30:11,810 : INFO : EventManager : Event: ======'player_turn_will_start'====== Args={'player': <Player 1>, 'number': 1}
2026-05-11 15:30:11,819 : INFO : EventManager : Event: ======'player_turn_starting'====== Args={'player': <Player 1>, 'number': 1}
2026-05-11 15:30:11,819 : INFO : EventManager : Event: ======'player_ball'====== Args={'value': 1, 'prev_value': 0, 'change': 1, 'player_num': 1}
2026-05-11 15:30:11,820 : INFO : EventManager : Event: ======'player_turn_started'====== Args={'player': <Player 1>, 'number': 1}
2026-05-11 15:30:11,820 : INFO : EventManager : Event: ======'ui_player_1_up'====== Args={'priority': 0}
2026-05-11 15:30:11,821 : INFO : EventManager : Event: ======'ball_will_start'====== Args={'player': 1, 'ball': 1, 'balls_remaining': 2, 'is_extra_ball': False}
2026-05-11 15:30:11,821 : INFO : EventManager : Event: ======'ball_starting'====== Args={'player': 1, 'ball': 1, 'balls_remaining': 2, 'is_extra_ball': False}
2026-05-11 15:30:11,822 : INFO : EventManager : Event: ======'mode_tilt_will_start'====== Args={'queue': <QueuedEvent>, 'player': 1, 'ball': 1, 'balls_remaining': 2, 'is_extra_ball': False}
2026-05-11 15:30:11,824 : INFO : EventManager : Event: ======'mode_tilt_starting'====== Args={'queue': <QueuedEvent>, 'player': 1, 'ball': 1, 'balls_remaining': 2, 'is_extra_ball': False}
2026-05-11 15:30:11,824 : INFO : EventManager : Event: ======'mode_shot_made_callout_randomizer_will_start'====== Args={'queue': <QueuedEvent>, 'player': 1, 'ball': 1, 'balls_remaining': 2, 'is_extra_ball': False}
2026-05-11 15:30:11,825 : INFO : EventManager : Event: ======'mode_shot_made_callout_randomizer_starting'====== Args={'queue': <QueuedEvent>, 'player': 1, 'ball': 1, 'balls_remaining': 2, 'is_extra_ball': False}
2026-05-11 15:30:11,825 : INFO : EventManager : Event: ======'mode_shot_missed_callout_randomizer_will_start'====== Args={'queue': <QueuedEvent>, 'player': 1, 'ball': 1, 'balls_remaining': 2, 'is_extra_ball': False}
2026-05-11 15:30:11,826 : INFO : EventManager : Event: ======'mode_shot_missed_callout_randomizer_starting'====== Args={'queue': <QueuedEvent>, 'player': 1, 'ball': 1, 'balls_remaining': 2, 'is_extra_ball': False}
2026-05-11 15:30:11,826 : INFO : EventManager : Event: ======'mode_ball_save_will_start'====== Args={'queue': <QueuedEvent>, 'player': 1, 'ball': 1, 'balls_remaining': 2, 'is_extra_ball': False}
2026-05-11 15:30:11,826 : INFO : EventManager : Event: ======'player_ball_save_ball_save_countdown_tick'====== Args={'value': 20, 'prev_value': 0, 'change': 20, 'player_num': 1}
2026-05-11 15:30:11,826 : INFO : EventManager : Event: ======'player_ball_save_mode_ball_save_countdown_tick'====== Args={'value': 30, 'prev_value': 0, 'change': 30, 'player_num': 1}
2026-05-11 15:30:11,826 : INFO : EventManager : Event: ======'player_ball_save_scoop_save_countdown_tick'====== Args={'value': 5, 'prev_value': 0, 'change': 5, 'player_num': 1}
2026-05-11 15:30:11,827 : INFO : EventManager : Event: ======'player_ball_save_ball_save_auto_plunger_delay_tick'====== Args={'value': 0, 'prev_value': 0, 'change': 0, 'player_num': 1}
2026-05-11 15:30:11,827 : INFO : EventManager : Event: ======'player_ball_save_consecutive_save_window_tick'====== Args={'value': 20, 'prev_value': 0, 'change': 20, 'player_num': 1}
2026-05-11 15:30:11,830 : INFO : EventManager : Event: ======'mode_ball_save_starting'====== Args={'queue': <QueuedEvent>, 'player': 1, 'ball': 1, 'balls_remaining': 2, 'is_extra_ball': False}
2026-05-11 15:30:11,830 : INFO : EventManager : Event: ======'mode_base_will_start'====== Args={'queue': <QueuedEvent>, 'player': 1, 'ball': 1, 'balls_remaining': 2, 'is_extra_ball': False}
2026-05-11 15:30:11,830 : INFO : EventManager : Event: ======'player_base_status_mode_entry_tick'====== Args={'value': 0, 'prev_value': 0, 'change': 0, 'player_num': 1}
2026-05-11 15:30:11,831 : INFO : EventManager : Event: ======'player_base_wingman_post_win_plunge_delay_tick'====== Args={'value': 0, 'prev_value': 0, 'change': 0, 'player_num': 1}
2026-05-11 15:30:11,831 : INFO : EventManager : Event: ======'player_base_wingman_post_win_mig_delay_tick'====== Args={'value': 0, 'prev_value': 0, 'change': 0, 'player_num': 1}
2026-05-11 15:30:11,831 : INFO : EventManager : Event: ======'player_base_wingman_post_win_mig_hold_tick'====== Args={'value': 0, 'prev_value': 0, 'change': 0, 'player_num': 1}
2026-05-11 15:30:11,831 : INFO : EventManager : Event: ======'player_base_spinner_inactivity_tick'====== Args={'value': 2, 'prev_value': 0, 'change': 2, 'player_num': 1}
2026-05-11 15:30:11,840 : INFO : EventManager : Event: ======'mode_base_starting'====== Args={'queue': <QueuedEvent>, 'player': 1, 'ball': 1, 'balls_remaining': 2, 'is_extra_ball': False}
2026-05-11 15:30:11,840 : INFO : EventManager : Event: ======'mode_default_sounds_will_start'====== Args={'queue': <QueuedEvent>, 'player': 1, 'ball': 1, 'balls_remaining': 2, 'is_extra_ball': False}
2026-05-11 15:30:11,841 : INFO : EventManager : Event: ======'mode_default_sounds_starting'====== Args={'queue': <QueuedEvent>, 'player': 1, 'ball': 1, 'balls_remaining': 2, 'is_extra_ball': False}
2026-05-11 15:30:11,843 : INFO : Mode.default_sounds : Started. Priority: 50
2026-05-11 15:30:11,843 : INFO : EventManager : Event: ======'modes_active_modes_changed'====== Args={}
2026-05-11 15:30:11,843 : INFO : EventManager : Event: ======'mode_default_sounds_started'====== Args={'queue': <QueuedEvent>, 'player': 1, 'ball': 1, 'balls_remaining': 2, 'is_extra_ball': False}
2026-05-11 15:30:11,843 : INFO : Mode.base : Started. Priority: 100
2026-05-11 15:30:11,843 : INFO : EventManager : Event: ======'modes_active_modes_changed'====== Args={}
2026-05-11 15:30:11,843 : INFO : EventManager : Event: ======'mode_base_started'====== Args={'queue': <QueuedEvent>, 'player': 1, 'ball': 1, 'balls_remaining': 2, 'is_extra_ball': False}
2026-05-11 15:30:11,843 : INFO : EventManager : Event: ======'mode_mach_scoring_will_start'====== Args={'queue': <QueuedEvent>, 'player': 1, 'ball': 1, 'balls_remaining': 2, 'is_extra_ball': False}
2026-05-11 15:30:11,843 : INFO : EventManager : Event: ======'player_shot_mach_ramp_enabled'====== Args={'value': True, 'prev_value': 0, 'change': 1, 'player_num': 1}
2026-05-11 15:30:11,843 : INFO : EventManager : Event: ======'player_mach_scoring_mach_qualify_timer_tick'====== Args={'value': 10, 'prev_value': 0, 'change': 10, 'player_num': 1}
2026-05-11 15:30:11,843 : INFO : EventManager : Event: ======'player_mach_scoring_mach_timer_tick'====== Args={'value': 20, 'prev_value': 0, 'change': 20, 'player_num': 1}
2026-05-11 15:30:11,851 : INFO : EventManager : Event: ======'mode_mach_scoring_starting'====== Args={'queue': <QueuedEvent>, 'player': 1, 'ball': 1, 'balls_remaining': 2, 'is_extra_ball': False}
2026-05-11 15:30:11,851 : INFO : EventManager : Event: ======'mode_2x_playfield_will_start'====== Args={'queue': <QueuedEvent>, 'player': 1, 'ball': 1, 'balls_remaining': 2, 'is_extra_ball': False}
2026-05-11 15:30:11,851 : INFO : EventManager : Event: ======'player_2x_playfield_x2_playfield_tick'====== Args={'value': 90, 'prev_value': 0, 'change': 90, 'player_num': 1}
2026-05-11 15:30:11,855 : INFO : EventManager : Event: ======'mode_2x_playfield_starting'====== Args={'queue': <QueuedEvent>, 'player': 1, 'ball': 1, 'balls_remaining': 2, 'is_extra_ball': False}
2026-05-11 15:30:11,855 : INFO : EventManager : Event: ======'mode_goose_letters_will_start'====== Args={'queue': <QueuedEvent>, 'player': 1, 'ball': 1, 'balls_remaining': 2, 'is_extra_ball': False}
2026-05-11 15:30:11,856 : INFO : EventManager : Event: ======'player_goose_letters_goose_reset_tick'====== Args={'value': 0, 'prev_value': 0, 'change': 0, 'player_num': 1}
2026-05-11 15:30:11,856 : INFO : EventManager : Event: ======'player_goose_letters_missile_fire_delay_tick'====== Args={'value': 0, 'prev_value': 0, 'change': 0, 'player_num': 1}
2026-05-11 15:30:11,856 : INFO : EventManager : Event: ======'player_goose_letters_extra_ball_lit_slide_dismiss_tick'====== Args={'value': 0, 'prev_value': 0, 'change': 0, 'player_num': 1}
2026-05-11 15:30:11,865 : INFO : EventManager : Event: ======'mode_goose_letters_starting'====== Args={'queue': <QueuedEvent>, 'player': 1, 'ball': 1, 'balls_remaining': 2, 'is_extra_ball': False}
2026-05-11 15:30:11,865 : INFO : EventManager : Event: ======'mode_pilot_mission_qualifier_will_start'====== Args={'queue': <QueuedEvent>, 'player': 1, 'ball': 1, 'balls_remaining': 2, 'is_extra_ball': False}
2026-05-11 15:30:11,865 : INFO : EventManager : Event: ======'player_pilot_mission_qualifier_spinner_shot_timeout_tick'====== Args={'value': 0, 'prev_value': 0, 'change': 0, 'player_num': 1}
2026-05-11 15:30:11,866 : INFO : EventManager : Event: ======'player_pilot_mission_qualifier_spinner_shot_lockout_tick'====== Args={'value': 0, 'prev_value': 0, 'change': 0, 'player_num': 1}
2026-05-11 15:30:11,866 : INFO : EventManager : Event: ======'player_pilot_mission_qualifier_left_orbit_shot_timeout_tick'====== Args={'value': 0, 'prev_value': 0, 'change': 0, 'player_num': 1}
2026-05-11 15:30:11,866 : INFO : EventManager : Event: ======'player_pilot_mission_qualifier_right_orbit_shot_timeout_tick'====== Args={'value': 0, 'prev_value': 0, 'change': 0, 'player_num': 1}
2026-05-11 15:30:11,866 : INFO : EventManager : Event: ======'player_pilot_mission_qualifier_inverted_bonus_topgun_delay_tick'====== Args={'value': 0, 'prev_value': 0, 'change': 0, 'player_num': 1}
2026-05-11 15:30:11,866 : INFO : EventManager : Event: ======'player_pilot_mission_qualifier_orbit_shot_lockout_timer_tick'====== Args={'value': 0, 'prev_value': 0, 'change': 0, 'player_num': 1}
2026-05-11 15:30:11,866 : INFO : EventManager : Event: ======'player_pilot_mission_qualifier_post_plunge_orbit_lockout_tick'====== Args={'value': 0, 'prev_value': 0, 'change': 0, 'player_num': 1}
2026-05-11 15:30:11,867 : INFO : EventManager : Event: ======'player_pilot_mission_qualifier_post_mb_barrier_restore_tick'====== Args={'value': 0, 'prev_value': 0, 'change': 0, 'player_num': 1}
2026-05-11 15:30:11,867 : INFO : EventManager : Event: ======'player_pilot_mission_qualifier_left_diverter_tl_hold_tick'====== Args={'value': 0, 'prev_value': 0, 'change': 0, 'player_num': 1}
2026-05-11 15:30:11,867 : INFO : EventManager : Event: ======'player_pilot_mission_qualifier_global_scoop_eject_delay_tick'====== Args={'value': 0, 'prev_value': 0, 'change': 0, 'player_num': 1}
2026-05-11 15:30:11,867 : INFO : EventManager : Event: ======'player_pilot_mission_qualifier_skillshot_video_running_tick'====== Args={'value': 0, 'prev_value': 0, 'change': 0, 'player_num': 1}
2026-05-11 15:30:11,868 : INFO : EventManager : Event: ======'player_pilot_mission_qualifier_topgun_ll_qualify_window_tick'====== Args={'value': 0, 'prev_value': 0, 'change': 0, 'player_num': 1}
2026-05-11 15:30:12,004 : INFO : EventManager : Event: ======'mode_pilot_mission_qualifier_starting'====== Args={'queue': <QueuedEvent>, 'player': 1, 'ball': 1, 'balls_remaining': 2, 'is_extra_ball': False}
2026-05-11 15:30:12,004 : INFO : EventManager : Event: ======'mode_hard_deck_qualifiers_will_start'====== Args={'queue': <QueuedEvent>, 'player': 1, 'ball': 1, 'balls_remaining': 2, 'is_extra_ball': False}
2026-05-11 15:30:12,004 : INFO : EventManager : Event: ======'player_hard_deck_qualifiers_hd_training_choice_timer_tick'====== Args={'value': 15, 'prev_value': 0, 'change': 15, 'player_num': 1}
2026-05-11 15:30:12,007 : INFO : EventManager : Unordered handler for class ConfigPlayer.event_player/events on event mode_hard_deck_maverick_and_charlie_started with priority 200. Handlers: [RegisteredHandler(callback=<bound method ConfigPlayer.config_play_callback of ConfigPlayer.event_player/events>, priority=200, kwargs={'calling_context': 'mode_hard_deck_maverick_and_charlie_started', 'mode': <Mode.pilot_mission_qualifier>, 'settings': {'ball_search_reset': [{'condition': None, 'number': None, 'priority': 0, 'params': {}}], 'ball_search_block': [{'condition': None, 'number': None, 'priority': 0, 'params': {}}]}}, key=UUID('dd9b3dd8-db01-41b8-8929-c063f6304118'), condition=None, blocking_facility=None), RegisteredHandler(callback=<bound method ConfigPlayer.config_play_callback of ConfigPlayer.event_player/events>, priority=200, kwargs={'calling_context': 'mode_hard_deck_maverick_and_charlie_started', 'mode': <Mode.hard_deck_qualifiers>, 'settings': {'hd_stop_pulse_show': [{'condition': None, 'number': None, 'priority': 0, 'params': {}}]}}, key=UUID('fcc5e9c5-cd31-41d1-bbad-d6a9b70ecab7'), condition=None, blocking_facility=None)]. The order of those handlers is not defined and they will be executed in random order. This might lead to race conditions and potential bugs.
2026-05-11 15:30:12,007 : INFO : EventManager : Unordered handler for class ConfigPlayer.event_player/events on event mode_hard_deck_playing_with_the_boys_started with priority 200. Handlers: [RegisteredHandler(callback=<bound method ConfigPlayer.config_play_callback of ConfigPlayer.event_player/events>, priority=200, kwargs={'calling_context': 'mode_hard_deck_playing_with_the_boys_started', 'mode': <Mode.pilot_mission_qualifier>, 'settings': {'ball_search_reset': [{'condition': None, 'number': None, 'priority': 0, 'params': {}}], 'ball_search_block': [{'condition': None, 'number': None, 'priority': 0, 'params': {}}]}}, key=UUID('a2b6a28b-267c-4d86-9102-a97b941a277d'), condition=None, blocking_facility=None), RegisteredHandler(callback=<bound method ConfigPlayer.config_play_callback of ConfigPlayer.event_player/events>, priority=200, kwargs={'calling_context': 'mode_hard_deck_playing_with_the_boys_started', 'mode': <Mode.hard_deck_qualifiers>, 'settings': {'hd_stop_pulse_show': [{'condition': None, 'number': None, 'priority': 0, 'params': {}}]}}, key=UUID('1f46dcae-99f0-4172-b685-c7d3656a9205'), condition=None, blocking_facility=None)]. The order of those handlers is not defined and they will be executed in random order. This might lead to race conditions and potential bugs.
2026-05-11 15:30:12,007 : INFO : EventManager : Unordered handler for class ConfigPlayer.event_player/events on event mode_hard_deck_maverick_and_penny_started with priority 200. Handlers: [RegisteredHandler(callback=<bound method ConfigPlayer.config_play_callback of ConfigPlayer.event_player/events>, priority=200, kwargs={'calling_context': 'mode_hard_deck_maverick_and_penny_started', 'mode': <Mode.pilot_mission_qualifier>, 'settings': {'ball_search_reset': [{'condition': None, 'number': None, 'priority': 0, 'params': {}}], 'ball_search_block': [{'condition': None, 'number': None, 'priority': 0, 'params': {}}]}}, key=UUID('983492be-7171-4fc8-b7be-0dc802df41c6'), condition=None, blocking_facility=None), RegisteredHandler(callback=<bound method ConfigPlayer.config_play_callback of ConfigPlayer.event_player/events>, priority=200, kwargs={'calling_context': 'mode_hard_deck_maverick_and_penny_started', 'mode': <Mode.hard_deck_qualifiers>, 'settings': {'hd_stop_pulse_show': [{'condition': None, 'number': None, 'priority': 0, 'params': {}}]}}, key=UUID('d40bccce-8c0d-4014-8cce-96eb5da6590f'), condition=None, blocking_facility=None)]. The order of those handlers is not defined and they will be executed in random order. This might lead to race conditions and potential bugs.
2026-05-11 15:30:12,007 : INFO : EventManager : Unordered handler for class ConfigPlayer.event_player/events on event mode_hard_deck_honoring_iceman_started with priority 200. Handlers: [RegisteredHandler(callback=<bound method ConfigPlayer.config_play_callback of ConfigPlayer.event_player/events>, priority=200, kwargs={'calling_context': 'mode_hard_deck_honoring_iceman_started', 'mode': <Mode.pilot_mission_qualifier>, 'settings': {'ball_search_reset': [{'condition': None, 'number': None, 'priority': 0, 'params': {}}], 'ball_search_block': [{'condition': None, 'number': None, 'priority': 0, 'params': {}}]}}, key=UUID('1c115465-f72c-410b-b314-fccd9d4c64c2'), condition=None, blocking_facility=None), RegisteredHandler(callback=<bound method ConfigPlayer.config_play_callback of ConfigPlayer.event_player/events>, priority=200, kwargs={'calling_context': 'mode_hard_deck_honoring_iceman_started', 'mode': <Mode.hard_deck_qualifiers>, 'settings': {'hd_stop_pulse_show': [{'condition': None, 'number': None, 'priority': 0, 'params': {}}]}}, key=UUID('b1817f45-63ed-4460-bb4a-5c04cf39a5de'), condition=None, blocking_facility=None)]. The order of those handlers is not defined and they will be executed in random order. This might lead to race conditions and potential bugs.
2026-05-11 15:30:12,013 : INFO : EventManager : Unordered handler for class ConfigPlayer.event_player/events on event mode_hard_deck_maverick_and_charlie_started with priority 200. Handlers: [RegisteredHandler(callback=<bound method ConfigPlayer.config_play_callback of ConfigPlayer.event_player/events>, priority=200, kwargs={'calling_context': 'mode_hard_deck_maverick_and_charlie_started', 'mode': <Mode.pilot_mission_qualifier>, 'settings': {'ball_search_reset': [{'condition': None, 'number': None, 'priority': 0, 'params': {}}], 'ball_search_block': [{'condition': None, 'number': None, 'priority': 0, 'params': {}}]}}, key=UUID('dd9b3dd8-db01-41b8-8929-c063f6304118'), condition=None, blocking_facility=None), RegisteredHandler(callback=<bound method ConfigPlayer.config_play_callback of ConfigPlayer.event_player/events>, priority=200, kwargs={'calling_context': 'mode_hard_deck_maverick_and_charlie_started', 'mode': <Mode.hard_deck_qualifiers>, 'settings': {'hd_stop_pulse_show': [{'condition': None, 'number': None, 'priority': 0, 'params': {}}]}}, key=UUID('fcc5e9c5-cd31-41d1-bbad-d6a9b70ecab7'), condition=None, blocking_facility=None)]. The order of those handlers is not defined and they will be executed in random order. This might lead to race conditions and potential bugs.
2026-05-11 15:30:12,013 : INFO : EventManager : Unordered handler for class ConfigPlayer.event_player/events on event mode_hard_deck_playing_with_the_boys_started with priority 200. Handlers: [RegisteredHandler(callback=<bound method ConfigPlayer.config_play_callback of ConfigPlayer.event_player/events>, priority=200, kwargs={'calling_context': 'mode_hard_deck_playing_with_the_boys_started', 'mode': <Mode.pilot_mission_qualifier>, 'settings': {'ball_search_reset': [{'condition': None, 'number': None, 'priority': 0, 'params': {}}], 'ball_search_block': [{'condition': None, 'number': None, 'priority': 0, 'params': {}}]}}, key=UUID('a2b6a28b-267c-4d86-9102-a97b941a277d'), condition=None, blocking_facility=None), RegisteredHandler(callback=<bound method ConfigPlayer.config_play_callback of ConfigPlayer.event_player/events>, priority=200, kwargs={'calling_context': 'mode_hard_deck_playing_with_the_boys_started', 'mode': <Mode.hard_deck_qualifiers>, 'settings': {'hd_stop_pulse_show': [{'condition': None, 'number': None, 'priority': 0, 'params': {}}]}}, key=UUID('1f46dcae-99f0-4172-b685-c7d3656a9205'), condition=None, blocking_facility=None)]. The order of those handlers is not defined and they will be executed in random order. This might lead to race conditions and potential bugs.
2026-05-11 15:30:12,013 : INFO : EventManager : Unordered handler for class ConfigPlayer.event_player/events on event mode_hard_deck_maverick_and_penny_started with priority 200. Handlers: [RegisteredHandler(callback=<bound method ConfigPlayer.config_play_callback of ConfigPlayer.event_player/events>, priority=200, kwargs={'calling_context': 'mode_hard_deck_maverick_and_penny_started', 'mode': <Mode.pilot_mission_qualifier>, 'settings': {'ball_search_reset': [{'condition': None, 'number': None, 'priority': 0, 'params': {}}], 'ball_search_block': [{'condition': None, 'number': None, 'priority': 0, 'params': {}}]}}, key=UUID('983492be-7171-4fc8-b7be-0dc802df41c6'), condition=None, blocking_facility=None), RegisteredHandler(callback=<bound method ConfigPlayer.config_play_callback of ConfigPlayer.event_player/events>, priority=200, kwargs={'calling_context': 'mode_hard_deck_maverick_and_penny_started', 'mode': <Mode.hard_deck_qualifiers>, 'settings': {'hd_stop_pulse_show': [{'condition': None, 'number': None, 'priority': 0, 'params': {}}]}}, key=UUID('d40bccce-8c0d-4014-8cce-96eb5da6590f'), condition=None, blocking_facility=None)]. The order of those handlers is not defined and they will be executed in random order. This might lead to race conditions and potential bugs.
2026-05-11 15:30:12,014 : INFO : EventManager : Unordered handler for class ConfigPlayer.event_player/events on event mode_hard_deck_honoring_iceman_started with priority 200. Handlers: [RegisteredHandler(callback=<bound method ConfigPlayer.config_play_callback of ConfigPlayer.event_player/events>, priority=200, kwargs={'calling_context': 'mode_hard_deck_honoring_iceman_started', 'mode': <Mode.pilot_mission_qualifier>, 'settings': {'ball_search_reset': [{'condition': None, 'number': None, 'priority': 0, 'params': {}}], 'ball_search_block': [{'condition': None, 'number': None, 'priority': 0, 'params': {}}]}}, key=UUID('1c115465-f72c-410b-b314-fccd9d4c64c2'), condition=None, blocking_facility=None), RegisteredHandler(callback=<bound method ConfigPlayer.config_play_callback of ConfigPlayer.event_player/events>, priority=200, kwargs={'calling_context': 'mode_hard_deck_honoring_iceman_started', 'mode': <Mode.hard_deck_qualifiers>, 'settings': {'hd_stop_pulse_show': [{'condition': None, 'number': None, 'priority': 0, 'params': {}}]}}, key=UUID('b1817f45-63ed-4460-bb4a-5c04cf39a5de'), condition=None, blocking_facility=None)]. The order of those handlers is not defined and they will be executed in random order. This might lead to race conditions and potential bugs.
2026-05-11 15:30:12,014 : INFO : EventManager : Unordered handler for class ConfigPlayer.variable_player/variables on event mode_hard_deck_maverick_and_charlie_stopped with priority 200. Handlers: [RegisteredHandler(callback=<bound method ConfigPlayer.config_play_callback of ConfigPlayer.variable_player/variables>, priority=200, kwargs={'calling_context': 'mode_hard_deck_maverick_and_charlie_stopped', 'mode': <Mode.pilot_mission_qualifier>, 'settings': {'letter_collection_paused': {'action': 'set', 'int': <NativeTemplate 0>, 'priority': 0, 'float': None, 'string': None, 'block': False, 'player': None, 'condition': None}, 'hard_deck_active': {'action': 'set', 'int': <NativeTemplate 0>, 'priority': 0, 'float': None, 'string': None, 'block': False, 'player': None, 'condition': None}}}, key=UUID('51840b6e-d71a-430d-a1cb-fb42797bd137'), condition=None, blocking_facility=None), RegisteredHandler(callback=<bound method ConfigPlayer.config_play_callback of ConfigPlayer.variable_player/variables>, priority=200, kwargs={'calling_context': 'mode_hard_deck_maverick_and_charlie_stopped', 'mode': <Mode.hard_deck_qualifiers>, 'settings': {'hard_deck_active': {'action': 'set', 'int': <NativeTemplate 0>, 'priority': 0, 'float': None, 'string': None, 'block': False, 'player': None, 'condition': None}, 'letter_collection_paused': {'action': 'set', 'int': <NativeTemplate 0>, 'priority': 0, 'float': None, 'string': None, 'block': False, 'player': None, 'condition': None}}}, key=UUID('aeea3bcc-72f0-49b3-9c35-c453f8da64e7'), condition=None, blocking_facility=None)]. The order of those handlers is not defined and they will be executed in random order. This might lead to race conditions and potential bugs.
2026-05-11 15:30:12,014 : INFO : EventManager : Unordered handler for class ConfigPlayer.variable_player/variables on event mode_hard_deck_playing_with_the_boys_stopped with priority 200. Handlers: [RegisteredHandler(callback=<bound method ConfigPlayer.config_play_callback of ConfigPlayer.variable_player/variables>, priority=200, kwargs={'calling_context': 'mode_hard_deck_playing_with_the_boys_stopped', 'mode': <Mode.pilot_mission_qualifier>, 'settings': {'letter_collection_paused': {'action': 'set', 'int': <NativeTemplate 0>, 'priority': 0, 'float': None, 'string': None, 'block': False, 'player': None, 'condition': None}, 'hard_deck_active': {'action': 'set', 'int': <NativeTemplate 0>, 'priority': 0, 'float': None, 'string': None, 'block': False, 'player': None, 'condition': None}, 'multiball_active': {'action': 'set', 'int': <NativeTemplate 0>, 'priority': 0, 'float': None, 'string': None, 'block': False, 'player': None, 'condition': None}}}, key=UUID('a7f97b81-e791-4aad-b638-82494aa8cd66'), condition=None, blocking_facility=None), RegisteredHandler(callback=<bound method ConfigPlayer.config_play_callback of ConfigPlayer.variable_player/variables>, priority=200, kwargs={'calling_context': 'mode_hard_deck_playing_with_the_boys_stopped', 'mode': <Mode.hard_deck_qualifiers>, 'settings': {'hard_deck_active': {'action': 'set', 'int': <NativeTemplate 0>, 'priority': 0, 'float': None, 'string': None, 'block': False, 'player': None, 'condition': None}, 'letter_collection_paused': {'action': 'set', 'int': <NativeTemplate 0>, 'priority': 0, 'float': None, 'string': None, 'block': False, 'player': None, 'condition': None}, 'ptb_post_mode_plunge_active': {'action': 'set', 'int': <NativeTemplate 0>, 'priority': 0, 'float': None, 'string': None, 'block': False, 'player': None, 'condition': None}}}, key=UUID('f0436463-7c11-4832-9bda-5c26c361b599'), condition=None, blocking_facility=None)]. The order of those handlers is not defined and they will be executed in random order. This might lead to race conditions and potential bugs.
2026-05-11 15:30:12,014 : INFO : EventManager : Unordered handler for class ConfigPlayer.variable_player/variables on event mode_hard_deck_maverick_and_penny_stopped with priority 200. Handlers: [RegisteredHandler(callback=<bound method ConfigPlayer.config_play_callback of ConfigPlayer.variable_player/variables>, priority=200, kwargs={'calling_context': 'mode_hard_deck_maverick_and_penny_stopped', 'mode': <Mode.pilot_mission_qualifier>, 'settings': {'letter_collection_paused': {'action': 'set', 'int': <NativeTemplate 0>, 'priority': 0, 'float': None, 'string': None, 'block': False, 'player': None, 'condition': None}, 'hard_deck_active': {'action': 'set', 'int': <NativeTemplate 0>, 'priority': 0, 'float': None, 'string': None, 'block': False, 'player': None, 'condition': None}}}, key=UUID('b61deae7-c4e9-466b-97db-656297fa7ec6'), condition=None, blocking_facility=None), RegisteredHandler(callback=<bound method ConfigPlayer.config_play_callback of ConfigPlayer.variable_player/variables>, priority=200, kwargs={'calling_context': 'mode_hard_deck_maverick_and_penny_stopped', 'mode': <Mode.hard_deck_qualifiers>, 'settings': {'hard_deck_active': {'action': 'set', 'int': <NativeTemplate 0>, 'priority': 0, 'float': None, 'string': None, 'block': False, 'player': None, 'condition': None}, 'letter_collection_paused': {'action': 'set', 'int': <NativeTemplate 0>, 'priority': 0, 'float': None, 'string': None, 'block': False, 'player': None, 'condition': None}}}, key=UUID('fff0ef35-2ab5-41ee-9ff7-5dc0e5f6e4f6'), condition=None, blocking_facility=None)]. The order of those handlers is not defined and they will be executed in random order. This might lead to race conditions and potential bugs.
2026-05-11 15:30:12,014 : INFO : EventManager : Unordered handler for class ConfigPlayer.variable_player/variables on event mode_hard_deck_honoring_iceman_stopped with priority 200. Handlers: [RegisteredHandler(callback=<bound method ConfigPlayer.config_play_callback of ConfigPlayer.variable_player/variables>, priority=200, kwargs={'calling_context': 'mode_hard_deck_honoring_iceman_stopped', 'mode': <Mode.pilot_mission_qualifier>, 'settings': {'letter_collection_paused': {'action': 'set', 'int': <NativeTemplate 0>, 'priority': 0, 'float': None, 'string': None, 'block': False, 'player': None, 'condition': None}, 'hard_deck_active': {'action': 'set', 'int': <NativeTemplate 0>, 'priority': 0, 'float': None, 'string': None, 'block': False, 'player': None, 'condition': None}}}, key=UUID('958c2c1d-0452-4ad0-9ac0-dd14759515a8'), condition=None, blocking_facility=None), RegisteredHandler(callback=<bound method ConfigPlayer.config_play_callback of ConfigPlayer.variable_player/variables>, priority=200, kwargs={'calling_context': 'mode_hard_deck_honoring_iceman_stopped', 'mode': <Mode.hard_deck_qualifiers>, 'settings': {'hard_deck_active': {'action': 'set', 'int': <NativeTemplate 0>, 'priority': 0, 'float': None, 'string': None, 'block': False, 'player': None, 'condition': None}, 'letter_collection_paused': {'action': 'set', 'int': <NativeTemplate 0>, 'priority': 0, 'float': None, 'string': None, 'block': False, 'player': None, 'condition': None}}}, key=UUID('28c66572-98d8-4ac2-80a7-e032b2f4b8b4'), condition=None, blocking_facility=None)]. The order of those handlers is not defined and they will be executed in random order. This might lead to race conditions and potential bugs.
2026-05-11 15:30:12,017 : INFO : EventManager : Event: ======'mode_hard_deck_qualifiers_starting'====== Args={'queue': <QueuedEvent>, 'player': 1, 'ball': 1, 'balls_remaining': 2, 'is_extra_ball': False}
2026-05-11 15:30:12,017 : INFO : EventManager : Event: ======'mode_mig_letters_will_start'====== Args={'queue': <QueuedEvent>, 'player': 1, 'ball': 1, 'balls_remaining': 2, 'is_extra_ball': False}
2026-05-11 15:30:12,018 : INFO : EventManager : Event: ======'player_mig_letters_mig_reset_tick'====== Args={'value': 0, 'prev_value': 0, 'change': 0, 'player_num': 1}
2026-05-11 15:30:12,019 : INFO : EventManager : Unordered handler for class ConfigPlayer.variable_player/variables on event player_added with priority 200. Handlers: [RegisteredHandler(callback=<bound method ConfigPlayer.config_play_callback of ConfigPlayer.variable_player/variables>, priority=200, kwargs={'calling_context': 'player_added', 'mode': <Mode.pilot_mission_qualifier>, 'settings': {'_pmq_initialized': {'action': 'set', 'int': <NativeTemplate 1>, 'priority': 0, 'float': None, 'string': None, 'block': False, 'player': None, 'condition': None}}}, key=UUID('ed684a02-a012-48cf-92b0-789514d2291d'), condition=None, blocking_facility=None), RegisteredHandler(callback=<bound method ConfigPlayer.config_play_callback of ConfigPlayer.variable_player/variables>, priority=200, kwargs={'calling_context': 'player_added', 'mode': <Mode.mig_letters>, 'settings': {'mig_letter_m': {'action': 'set', 'int': <NativeTemplate 0>, 'priority': 0, 'float': None, 'string': None, 'block': False, 'player': None, 'condition': None}, 'mig_letter_i': {'action': 'set', 'int': <NativeTemplate 0>, 'priority': 0, 'float': None, 'string': None, 'block': False, 'player': None, 'condition': None}, 'mig_letter_g': {'action': 'set', 'int': <NativeTemplate 0>, 'priority': 0, 'float': None, 'string': None, 'block': False, 'player': None, 'condition': None}, 'bonus_multiplier': {'action': 'set', 'int': <NativeTemplate 1>, 'priority': 0, 'float': None, 'string': None, 'block': False, 'player': None, 'condition': None}, 'mig_completing': {'action': 'set', 'int': <NativeTemplate 0>, 'priority': 0, 'float': None, 'string': None, 'block': False, 'player': None, 'condition': None}}}, key=UUID('6ec75e0a-eb2b-4255-9572-bce3c0ef80a9'), condition=None, blocking_facility=None)]. The order of those handlers is not defined and they will be executed in random order. This might lead to race conditions and potential bugs.
2026-05-11 15:30:12,019 : INFO : EventManager : Unordered handler for class ConfigPlayer.variable_player/variables on event ball_will_end with priority 200. Handlers: [RegisteredHandler(callback=<bound method ConfigPlayer.config_play_callback of ConfigPlayer.variable_player/variables>, priority=200, kwargs={'calling_context': 'ball_will_end', 'mode': <Mode.pilot_mission_qualifier>, 'settings': {'mystery_just_lit_pilot': {'action': 'set', 'int': <NativeTemplate 0>, 'priority': 0, 'float': None, 'string': None, 'block': False, 'player': None, 'condition': None}, 'scoop_release_pending': {'action': 'set', 'int': <NativeTemplate 0>, 'priority': 0, 'float': None, 'string': None, 'block': False, 'player': None, 'condition': None}}}, key=UUID('ae723b50-a055-4724-934a-5c372b28500d'), condition=None, blocking_facility=None), RegisteredHandler(callback=<bound method ConfigPlayer.config_play_callback of ConfigPlayer.variable_player/variables>, priority=200, kwargs={'calling_context': 'ball_will_end', 'mode': <Mode.mig_letters>, 'settings': {'mig_letter_m': {'action': 'set', 'int': <NativeTemplate 0>, 'priority': 0, 'float': None, 'string': None, 'block': False, 'player': None, 'condition': None}, 'mig_letter_i': {'action': 'set', 'int': <NativeTemplate 0>, 'priority': 0, 'float': None, 'string': None, 'block': False, 'player': None, 'condition': None}, 'mig_letter_g': {'action': 'set', 'int': <NativeTemplate 0>, 'priority': 0, 'float': None, 'string': None, 'block': False, 'player': None, 'condition': None}, 'mig_completing': {'action': 'set', 'int': <NativeTemplate 0>, 'priority': 0, 'float': None, 'string': None, 'block': False, 'player': None, 'condition': None}}}, key=UUID('b9727e7b-11a4-45f3-8e21-f952364d51d6'), condition=None, blocking_facility=None)]. The order of those handlers is not defined and they will be executed in random order. This might lead to race conditions and potential bugs.
2026-05-11 15:30:12,020 : INFO : EventManager : Event: ======'mode_mig_letters_starting'====== Args={'queue': <QueuedEvent>, 'player': 1, 'ball': 1, 'balls_remaining': 2, 'is_extra_ball': False}
2026-05-11 15:30:12,020 : INFO : EventManager : Event: ======'mode_top_gun_multiball_locks_will_start'====== Args={'queue': <QueuedEvent>, 'player': 1, 'ball': 1, 'balls_remaining': 2, 'is_extra_ball': False}
2026-05-11 15:30:12,020 : INFO : EventManager : Event: ======'player_top_gun_multiball_locks_lock_diverter_timeout_tick'====== Args={'value': 0, 'prev_value': 0, 'change': 0, 'player_num': 1}
2026-05-11 15:30:12,020 : INFO : EventManager : Event: ======'player_top_gun_multiball_locks_lock_mb_barrier_delay_tick'====== Args={'value': 0, 'prev_value': 0, 'change': 0, 'player_num': 1}
2026-05-11 15:30:12,020 : INFO : EventManager : Event: ======'player_top_gun_multiball_locks_lock_mb_eject_debounce_tick'====== Args={'value': 0, 'prev_value': 0, 'change': 0, 'player_num': 1}
2026-05-11 15:30:12,020 : INFO : EventManager : Event: ======'player_top_gun_multiball_locks_lock_mb_release_delay_tick'====== Args={'value': 0, 'prev_value': 0, 'change': 0, 'player_num': 1}
2026-05-11 15:30:12,021 : INFO : EventManager : Event: ======'player_top_gun_multiball_locks_lock_partial_callout_cooldown_tick'====== Args={'value': 0, 'prev_value': 0, 'change': 0, 'player_num': 1}
2026-05-11 15:30:12,021 : INFO : EventManager : Event: ======'player_top_gun_multiball_locks_mb_mode_choice_timer_tick'====== Args={'value': 15, 'prev_value': 0, 'change': 15, 'player_num': 1}
2026-05-11 15:30:12,021 : INFO : EventManager : Event: ======'player_top_gun_multiball_locks_lock_letter_sound_delay_tick'====== Args={'value': 0, 'prev_value': 0, 'change': 0, 'player_num': 1}
2026-05-11 15:30:12,021 : INFO : EventManager : Event: ======'player_top_gun_multiball_locks_lock_goose_debounce_tick'====== Args={'value': 0, 'prev_value': 0, 'change': 0, 'player_num': 1}
2026-05-11 15:30:12,022 : INFO : EventManager : Event: ======'player_top_gun_multiball_locks_lock_mav_debounce_tick'====== Args={'value': 0, 'prev_value': 0, 'change': 0, 'player_num': 1}
2026-05-11 15:30:12,022 : INFO : EventManager : Event: ======'player_top_gun_multiball_locks_lock_goose_callout_delay_tick'====== Args={'value': 0, 'prev_value': 0, 'change': 0, 'player_num': 1}
2026-05-11 15:30:12,022 : INFO : EventManager : Event: ======'player_top_gun_multiball_locks_lock_goose_serve_delay_tick'====== Args={'value': 0, 'prev_value': 0, 'change': 0, 'player_num': 1}
2026-05-11 15:30:12,022 : INFO : EventManager : Event: ======'player_top_gun_multiball_locks_lock_mav_mb_lit_callout_delay_tick'====== Args={'value': 0, 'prev_value': 0, 'change': 0, 'player_num': 1}
2026-05-11 15:30:12,022 : INFO : EventManager : Event: ======'player_top_gun_multiball_locks_lock_mav_serve_delay_tick'====== Args={'value': 0, 'prev_value': 0, 'change': 0, 'player_num': 1}
2026-05-11 15:30:12,022 : INFO : EventManager : Event: ======'player_top_gun_multiball_locks_lock_resume_arm_tick'====== Args={'value': 0, 'prev_value': 0, 'change': 0, 'player_num': 1}
2026-05-11 15:30:12,035 : INFO : EventManager : Unordered handler for class ConfigPlayer.variable_player/variables on event mode_top_gun_multiball_stopped with priority 200. Handlers: [RegisteredHandler(callback=<bound method ConfigPlayer.config_play_callback of ConfigPlayer.variable_player/variables>, priority=200, kwargs={'calling_context': 'mode_top_gun_multiball_stopped', 'mode': <Mode.pilot_mission_qualifier>, 'settings': {'letter_collection_paused': {'action': 'set', 'int': <NativeTemplate 0>, 'priority': 0, 'float': None, 'string': None, 'block': False, 'player': None, 'condition': None}, 'pilot_qualifier_paused': {'action': 'set', 'int': <NativeTemplate 0>, 'priority': 0, 'float': None, 'string': None, 'block': False, 'player': None, 'condition': None}, 'lock_collection_paused': {'action': 'set', 'int': <NativeTemplate 0>, 'priority': 0, 'float': None, 'string': None, 'block': False, 'player': None, 'condition': None}, 'multiball_active': {'action': 'set', 'int': <NativeTemplate 0>, 'priority': 0, 'float': None, 'string': None, 'block': False, 'player': None, 'condition': None}}}, key=UUID('a14d0362-64db-46b3-ab30-62e47b09b768'), condition=None, blocking_facility=None), RegisteredHandler(callback=<bound method ConfigPlayer.config_play_callback of ConfigPlayer.variable_player/variables>, priority=200, kwargs={'calling_context': 'mode_top_gun_multiball_stopped', 'mode': <Mode.top_gun_multiball_locks>, 'settings': {'lock_goose_lit': {'action': 'set', 'int': <NativeTemplate 0>, 'priority': 0, 'float': None, 'string': None, 'block': False, 'player': None, 'condition': None}, 'lock_mav_lit': {'action': 'set', 'int': <NativeTemplate 0>, 'priority': 0, 'float': None, 'string': None, 'block': False, 'player': None, 'condition': None}, 'lock_goose_locked': {'action': 'set', 'int': <NativeTemplate 0>, 'priority': 0, 'float': None, 'string': None, 'block': False, 'player': None, 'condition': None}, 'lock_mav_locked': {'action': 'set', 'int': <NativeTemplate 0>, 'priority': 0, 'float': None, 'string': None, 'block': False, 'player': None, 'condition': None}, 'multiball_qualified': {'action': 'set', 'int': <NativeTemplate 0>, 'priority': 0, 'float': None, 'string': None, 'block': False, 'player': None, 'condition': None}, 'multiball_starting': {'action': 'set', 'int': <NativeTemplate 0>, 'priority': 0, 'float': None, 'string': None, 'block': False, 'player': None, 'condition': None}, 'lock_completions': {'action': 'set', 'int': <NativeTemplate 0>, 'priority': 0, 'float': None, 'string': None, 'block': False, 'player': None, 'condition': None}, 'multiball_active': {'action': 'set', 'int': <NativeTemplate 0>, 'priority': 0, 'float': None, 'string': None, 'block': False, 'player': None, 'condition': None}, 'letter_collection_paused': {'action': 'set', 'int': <NativeTemplate 0>, 'priority': 0, 'float': None, 'string': None, 'block': False, 'player': None, 'condition': None}, 'pilot_qualifier_paused': {'action': 'set', 'int': <NativeTemplate 0>, 'priority': 0, 'float': None, 'string': None, 'block': False, 'player': None, 'condition': None}, 'lock_collection_paused': {'action': 'set', 'int': <NativeTemplate 0>, 'priority': 0, 'float': None, 'string': None, 'block': False, 'player': None, 'condition': None}, 'mb_mode_choice_active': {'action': 'set', 'int': <NativeTemplate 0>, 'priority': 0, 'float': None, 'string': None, 'block': False, 'player': None, 'condition': None}, 'lock_timer_paused': {'action': 'set', 'int': <NativeTemplate 0>, 'priority': 0, 'float': None, 'string': None, 'block': False, 'player': None, 'condition': None}}}, key=UUID('48d1027c-7bd7-4ccb-92bd-addd318b5662'), condition=None, blocking_facility=None)]. The order of those handlers is not defined and they will be executed in random order. This might lead to race conditions and potential bugs.
2026-05-11 15:30:12,037 : INFO : EventManager : Unordered handler for class ConfigPlayer.variable_player/variables on event ball_will_end with priority 200. Handlers: [RegisteredHandler(callback=<bound method ConfigPlayer.config_play_callback of ConfigPlayer.variable_player/variables>, priority=200, kwargs={'calling_context': 'ball_will_end', 'mode': <Mode.pilot_mission_qualifier>, 'settings': {'mystery_just_lit_pilot': {'action': 'set', 'int': <NativeTemplate 0>, 'priority': 0, 'float': None, 'string': None, 'block': False, 'player': None, 'condition': None}, 'scoop_release_pending': {'action': 'set', 'int': <NativeTemplate 0>, 'priority': 0, 'float': None, 'string': None, 'block': False, 'player': None, 'condition': None}}}, key=UUID('ae723b50-a055-4724-934a-5c372b28500d'), condition=None, blocking_facility=None), RegisteredHandler(callback=<bound method ConfigPlayer.config_play_callback of ConfigPlayer.variable_player/variables>, priority=200, kwargs={'calling_context': 'ball_will_end', 'mode': <Mode.mig_letters>, 'settings': {'mig_letter_m': {'action': 'set', 'int': <NativeTemplate 0>, 'priority': 0, 'float': None, 'string': None, 'block': False, 'player': None, 'condition': None}, 'mig_letter_i': {'action': 'set', 'int': <NativeTemplate 0>, 'priority': 0, 'float': None, 'string': None, 'block': False, 'player': None, 'condition': None}, 'mig_letter_g': {'action': 'set', 'int': <NativeTemplate 0>, 'priority': 0, 'float': None, 'string': None, 'block': False, 'player': None, 'condition': None}, 'mig_completing': {'action': 'set', 'int': <NativeTemplate 0>, 'priority': 0, 'float': None, 'string': None, 'block': False, 'player': None, 'condition': None}}}, key=UUID('b9727e7b-11a4-45f3-8e21-f952364d51d6'), condition=None, blocking_facility=None)]. The order of those handlers is not defined and they will be executed in random order. This might lead to race conditions and potential bugs.
2026-05-11 15:30:12,037 : INFO : EventManager : Event: ======'mode_top_gun_multiball_locks_starting'====== Args={'queue': <QueuedEvent>, 'player': 1, 'ball': 1, 'balls_remaining': 2, 'is_extra_ball': False}
2026-05-11 15:30:12,037 : INFO : EventManager : Event: ======'mode_iceman_letters_will_start'====== Args={'queue': <QueuedEvent>, 'player': 1, 'ball': 1, 'balls_remaining': 2, 'is_extra_ball': False}
2026-05-11 15:30:12,037 : INFO : EventManager : Event: ======'player_iceman_letters_iceman_reset_tick'====== Args={'value': 0, 'prev_value': 0, 'change': 0, 'player_num': 1}
2026-05-11 15:30:12,038 : INFO : EventManager : Event: ======'player_iceman_letters_left_mig_post_timer_tick'====== Args={'value': 0, 'prev_value': 0, 'change': 0, 'player_num': 1}
2026-05-11 15:30:12,038 : INFO : EventManager : Event: ======'player_iceman_letters_right_mig_post_timer_tick'====== Args={'value': 0, 'prev_value': 0, 'change': 0, 'player_num': 1}
2026-05-11 15:30:12,038 : INFO : EventManager : Event: ======'player_iceman_letters_right_orbit_lockout_timer_tick'====== Args={'value': 0, 'prev_value': 0, 'change': 0, 'player_num': 1}
2026-05-11 15:30:12,038 : INFO : EventManager : Unordered handler for class ConfigPlayer.coil_player/coils on event mode_pilot_training_mission_inverted_started with priority 200. Handlers: [RegisteredHandler(callback=<bound method ConfigPlayer.config_play_callback of ConfigPlayer.coil_player/coils>, priority=200, kwargs={'calling_context': 'mode_pilot_training_mission_inverted_started', 'mode': <Mode.pilot_mission_qualifier>, 'settings': {<coil.c_mode_barrier>: {'action': 'disable', 'priority': 0, 'hold_power': None, 'pulse_power': None, 'pulse_ms': None, 'max_wait_ms': None}}}, key=UUID('b98e3846-a2fd-40b2-97c9-9ca6ad53f8cc'), condition=None, blocking_facility=None), RegisteredHandler(callback=<bound method ConfigPlayer.config_play_callback of ConfigPlayer.coil_player/coils>, priority=200, kwargs={'calling_context': 'mode_pilot_training_mission_inverted_started', 'mode': <Mode.iceman_letters>, 'settings': {<coil.c_mode_barrier>: {'action': 'off', 'priority': 0, 'hold_power': None, 'pulse_power': None, 'pulse_ms': None, 'max_wait_ms': None}}}, key=UUID('3f7c43d0-dbbd-4e2f-b094-4a56426f0236'), condition=None, blocking_facility=None)]. The order of those handlers is not defined and they will be executed in random order. This might lead to race conditions and potential bugs.
2026-05-11 15:30:12,038 : INFO : EventManager : Unordered handler for class ConfigPlayer.coil_player/coils on event mode_pilot_training_mission_missiles_started with priority 200. Handlers: [RegisteredHandler(callback=<bound method ConfigPlayer.config_play_callback of ConfigPlayer.coil_player/coils>, priority=200, kwargs={'calling_context': 'mode_pilot_training_mission_missiles_started', 'mode': <Mode.pilot_mission_qualifier>, 'settings': {<coil.c_mode_barrier>: {'action': 'disable', 'priority': 0, 'hold_power': None, 'pulse_power': None, 'pulse_ms': None, 'max_wait_ms': None}}}, key=UUID('acffd4d7-ec54-4243-8a65-ea811663fe28'), condition=None, blocking_facility=None), RegisteredHandler(callback=<bound method ConfigPlayer.config_play_callback of ConfigPlayer.coil_player/coils>, priority=200, kwargs={'calling_context': 'mode_pilot_training_mission_missiles_started', 'mode': <Mode.iceman_letters>, 'settings': {<coil.c_mode_barrier>: {'action': 'off', 'priority': 0, 'hold_power': None, 'pulse_power': None, 'pulse_ms': None, 'max_wait_ms': None}}}, key=UUID('327103ea-606d-4c3e-a612-b7abc73730d5'), condition=None, blocking_facility=None)]. The order of those handlers is not defined and they will be executed in random order. This might lead to race conditions and potential bugs.
2026-05-11 15:30:12,038 : INFO : EventManager : Unordered handler for class ConfigPlayer.coil_player/coils on event mode_pilot_training_mission_afterburner_started with priority 200. Handlers: [RegisteredHandler(callback=<bound method ConfigPlayer.config_play_callback of ConfigPlayer.coil_player/coils>, priority=200, kwargs={'calling_context': 'mode_pilot_training_mission_afterburner_started', 'mode': <Mode.pilot_mission_qualifier>, 'settings': {<coil.c_mode_barrier>: {'action': 'disable', 'priority': 0, 'hold_power': None, 'pulse_power': None, 'pulse_ms': None, 'max_wait_ms': None}}}, key=UUID('b64b2deb-010d-4da6-a876-e982654bae6a'), condition=None, blocking_facility=None), RegisteredHandler(callback=<bound method ConfigPlayer.config_play_callback of ConfigPlayer.coil_player/coils>, priority=200, kwargs={'calling_context': 'mode_pilot_training_mission_afterburner_started', 'mode': <Mode.iceman_letters>, 'settings': {<coil.c_mode_barrier>: {'action': 'off', 'priority': 0, 'hold_power': None, 'pulse_power': None, 'pulse_ms': None, 'max_wait_ms': None}}}, key=UUID('4ead59e9-8ab5-4192-99bf-7c9e3042571a'), condition=None, blocking_facility=None)]. The order of those handlers is not defined and they will be executed in random order. This might lead to race conditions and potential bugs.
2026-05-11 15:30:12,039 : INFO : EventManager : Unordered handler for class ConfigPlayer.coil_player/coils on event mode_pilot_training_mission_wingman_started with priority 200. Handlers: [RegisteredHandler(callback=<bound method ConfigPlayer.config_play_callback of ConfigPlayer.coil_player/coils>, priority=200, kwargs={'calling_context': 'mode_pilot_training_mission_wingman_started', 'mode': <Mode.pilot_mission_qualifier>, 'settings': {<coil.c_mode_barrier>: {'action': 'disable', 'priority': 0, 'hold_power': None, 'pulse_power': None, 'pulse_ms': None, 'max_wait_ms': None}}}, key=UUID('4133015c-6274-4e72-af9b-7066db458aca'), condition=None, blocking_facility=None), RegisteredHandler(callback=<bound method ConfigPlayer.config_play_callback of ConfigPlayer.coil_player/coils>, priority=200, kwargs={'calling_context': 'mode_pilot_training_mission_wingman_started', 'mode': <Mode.iceman_letters>, 'settings': {<coil.c_mode_barrier>: {'action': 'off', 'priority': 0, 'hold_power': None, 'pulse_power': None, 'pulse_ms': None, 'max_wait_ms': None}}}, key=UUID('9e125618-38c0-49a0-b6b0-a19218573d7b'), condition=None, blocking_facility=None)]. The order of those handlers is not defined and they will be executed in random order. This might lead to race conditions and potential bugs.
2026-05-11 15:30:12,047 : INFO : EventManager : Unordered handler for class ConfigPlayer.coil_player/coils on event mode_pilot_training_mission_inverted_started with priority 200. Handlers: [RegisteredHandler(callback=<bound method ConfigPlayer.config_play_callback of ConfigPlayer.coil_player/coils>, priority=200, kwargs={'calling_context': 'mode_pilot_training_mission_inverted_started', 'mode': <Mode.pilot_mission_qualifier>, 'settings': {<coil.c_mode_barrier>: {'action': 'disable', 'priority': 0, 'hold_power': None, 'pulse_power': None, 'pulse_ms': None, 'max_wait_ms': None}}}, key=UUID('b98e3846-a2fd-40b2-97c9-9ca6ad53f8cc'), condition=None, blocking_facility=None), RegisteredHandler(callback=<bound method ConfigPlayer.config_play_callback of ConfigPlayer.coil_player/coils>, priority=200, kwargs={'calling_context': 'mode_pilot_training_mission_inverted_started', 'mode': <Mode.iceman_letters>, 'settings': {<coil.c_mode_barrier>: {'action': 'off', 'priority': 0, 'hold_power': None, 'pulse_power': None, 'pulse_ms': None, 'max_wait_ms': None}}}, key=UUID('3f7c43d0-dbbd-4e2f-b094-4a56426f0236'), condition=None, blocking_facility=None)]. The order of those handlers is not defined and they will be executed in random order. This might lead to race conditions and potential bugs.
2026-05-11 15:30:12,047 : INFO : EventManager : Unordered handler for class ConfigPlayer.event_player/events on event mode_pilot_training_mission_inverted_started with priority 200. Handlers: [RegisteredHandler(callback=<bound method ConfigPlayer.config_play_callback of ConfigPlayer.event_player/events>, priority=200, kwargs={'calling_context': 'mode_pilot_training_mission_inverted_started', 'mode': <Mode.pilot_mission_qualifier>, 'settings': {'ball_search_reset': [{'condition': None, 'number': None, 'priority': 0, 'params': {}}], 'ball_search_block': [{'condition': None, 'number': None, 'priority': 0, 'params': {}}]}}, key=UUID('b8221ad2-fde5-4f59-b9b0-13d2fc9de0ad'), condition=None, blocking_facility=None), RegisteredHandler(callback=<bound method ConfigPlayer.config_play_callback of ConfigPlayer.event_player/events>, priority=200, kwargs={'calling_context': 'mode_pilot_training_mission_inverted_started', 'mode': <Mode.iceman_letters>, 'settings': {'stop_all_training_pulse_shows': [{'condition': None, 'number': None, 'priority': 0, 'params': {}}]}}, key=UUID('4302b200-3e9d-4905-9693-070839b4ef24'), condition=None, blocking_facility=None)]. The order of those handlers is not defined and they will be executed in random order. This might lead to race conditions and potential bugs.
2026-05-11 15:30:12,047 : INFO : EventManager : Unordered handler for class ConfigPlayer.coil_player/coils on event mode_pilot_training_mission_missiles_started with priority 200. Handlers: [RegisteredHandler(callback=<bound method ConfigPlayer.config_play_callback of ConfigPlayer.coil_player/coils>, priority=200, kwargs={'calling_context': 'mode_pilot_training_mission_missiles_started', 'mode': <Mode.pilot_mission_qualifier>, 'settings': {<coil.c_mode_barrier>: {'action': 'disable', 'priority': 0, 'hold_power': None, 'pulse_power': None, 'pulse_ms': None, 'max_wait_ms': None}}}, key=UUID('acffd4d7-ec54-4243-8a65-ea811663fe28'), condition=None, blocking_facility=None), RegisteredHandler(callback=<bound method ConfigPlayer.config_play_callback of ConfigPlayer.coil_player/coils>, priority=200, kwargs={'calling_context': 'mode_pilot_training_mission_missiles_started', 'mode': <Mode.iceman_letters>, 'settings': {<coil.c_mode_barrier>: {'action': 'off', 'priority': 0, 'hold_power': None, 'pulse_power': None, 'pulse_ms': None, 'max_wait_ms': None}}}, key=UUID('327103ea-606d-4c3e-a612-b7abc73730d5'), condition=None, blocking_facility=None)]. The order of those handlers is not defined and they will be executed in random order. This might lead to race conditions and potential bugs.
2026-05-11 15:30:12,047 : INFO : EventManager : Unordered handler for class ConfigPlayer.event_player/events on event mode_pilot_training_mission_missiles_started with priority 200. Handlers: [RegisteredHandler(callback=<bound method ConfigPlayer.config_play_callback of ConfigPlayer.event_player/events>, priority=200, kwargs={'calling_context': 'mode_pilot_training_mission_missiles_started', 'mode': <Mode.pilot_mission_qualifier>, 'settings': {'ball_search_reset': [{'condition': None, 'number': None, 'priority': 0, 'params': {}}], 'ball_search_block': [{'condition': None, 'number': None, 'priority': 0, 'params': {}}]}}, key=UUID('a214eba4-cb7e-495c-a008-e8f8d88a9864'), condition=None, blocking_facility=None), RegisteredHandler(callback=<bound method ConfigPlayer.config_play_callback of ConfigPlayer.event_player/events>, priority=200, kwargs={'calling_context': 'mode_pilot_training_mission_missiles_started', 'mode': <Mode.iceman_letters>, 'settings': {'stop_all_training_pulse_shows': [{'condition': None, 'number': None, 'priority': 0, 'params': {}}]}}, key=UUID('ead63381-d312-4802-b8ba-1658bb6019b5'), condition=None, blocking_facility=None)]. The order of those handlers is not defined and they will be executed in random order. This might lead to race conditions and potential bugs.
2026-05-11 15:30:12,047 : INFO : EventManager : Unordered handler for class ConfigPlayer.coil_player/coils on event mode_pilot_training_mission_afterburner_started with priority 200. Handlers: [RegisteredHandler(callback=<bound method ConfigPlayer.config_play_callback of ConfigPlayer.coil_player/coils>, priority=200, kwargs={'calling_context': 'mode_pilot_training_mission_afterburner_started', 'mode': <Mode.pilot_mission_qualifier>, 'settings': {<coil.c_mode_barrier>: {'action': 'disable', 'priority': 0, 'hold_power': None, 'pulse_power': None, 'pulse_ms': None, 'max_wait_ms': None}}}, key=UUID('b64b2deb-010d-4da6-a876-e982654bae6a'), condition=None, blocking_facility=None), RegisteredHandler(callback=<bound method ConfigPlayer.config_play_callback of ConfigPlayer.coil_player/coils>, priority=200, kwargs={'calling_context': 'mode_pilot_training_mission_afterburner_started', 'mode': <Mode.iceman_letters>, 'settings': {<coil.c_mode_barrier>: {'action': 'off', 'priority': 0, 'hold_power': None, 'pulse_power': None, 'pulse_ms': None, 'max_wait_ms': None}}}, key=UUID('4ead59e9-8ab5-4192-99bf-7c9e3042571a'), condition=None, blocking_facility=None)]. The order of those handlers is not defined and they will be executed in random order. This might lead to race conditions and potential bugs.
2026-05-11 15:30:12,047 : INFO : EventManager : Unordered handler for class ConfigPlayer.event_player/events on event mode_pilot_training_mission_afterburner_started with priority 200. Handlers: [RegisteredHandler(callback=<bound method ConfigPlayer.config_play_callback of ConfigPlayer.event_player/events>, priority=200, kwargs={'calling_context': 'mode_pilot_training_mission_afterburner_started', 'mode': <Mode.pilot_mission_qualifier>, 'settings': {'ball_search_reset': [{'condition': None, 'number': None, 'priority': 0, 'params': {}}], 'ball_search_block': [{'condition': None, 'number': None, 'priority': 0, 'params': {}}]}}, key=UUID('6e42f4ef-c8fb-44c9-8c3a-e5dd12768582'), condition=None, blocking_facility=None), RegisteredHandler(callback=<bound method ConfigPlayer.config_play_callback of ConfigPlayer.event_player/events>, priority=200, kwargs={'calling_context': 'mode_pilot_training_mission_afterburner_started', 'mode': <Mode.iceman_letters>, 'settings': {'stop_all_training_pulse_shows': [{'condition': None, 'number': None, 'priority': 0, 'params': {}}]}}, key=UUID('41e9156f-10b3-431b-9eb0-595817ddf67c'), condition=None, blocking_facility=None)]. The order of those handlers is not defined and they will be executed in random order. This might lead to race conditions and potential bugs.
2026-05-11 15:30:12,048 : INFO : EventManager : Unordered handler for class ConfigPlayer.coil_player/coils on event mode_pilot_training_mission_wingman_started with priority 200. Handlers: [RegisteredHandler(callback=<bound method ConfigPlayer.config_play_callback of ConfigPlayer.coil_player/coils>, priority=200, kwargs={'calling_context': 'mode_pilot_training_mission_wingman_started', 'mode': <Mode.pilot_mission_qualifier>, 'settings': {<coil.c_mode_barrier>: {'action': 'disable', 'priority': 0, 'hold_power': None, 'pulse_power': None, 'pulse_ms': None, 'max_wait_ms': None}}}, key=UUID('4133015c-6274-4e72-af9b-7066db458aca'), condition=None, blocking_facility=None), RegisteredHandler(callback=<bound method ConfigPlayer.config_play_callback of ConfigPlayer.coil_player/coils>, priority=200, kwargs={'calling_context': 'mode_pilot_training_mission_wingman_started', 'mode': <Mode.iceman_letters>, 'settings': {<coil.c_mode_barrier>: {'action': 'off', 'priority': 0, 'hold_power': None, 'pulse_power': None, 'pulse_ms': None, 'max_wait_ms': None}}}, key=UUID('9e125618-38c0-49a0-b6b0-a19218573d7b'), condition=None, blocking_facility=None)]. The order of those handlers is not defined and they will be executed in random order. This might lead to race conditions and potential bugs.
2026-05-11 15:30:12,048 : INFO : EventManager : Unordered handler for class ConfigPlayer.event_player/events on event mode_pilot_training_mission_wingman_started with priority 200. Handlers: [RegisteredHandler(callback=<bound method ConfigPlayer.config_play_callback of ConfigPlayer.event_player/events>, priority=200, kwargs={'calling_context': 'mode_pilot_training_mission_wingman_started', 'mode': <Mode.pilot_mission_qualifier>, 'settings': {'ball_search_reset': [{'condition': None, 'number': None, 'priority': 0, 'params': {}}], 'ball_search_block': [{'condition': None, 'number': None, 'priority': 0, 'params': {}}]}}, key=UUID('e86b1481-5f5e-4b58-97ee-6f873a3ee7b6'), condition=None, blocking_facility=None), RegisteredHandler(callback=<bound method ConfigPlayer.config_play_callback of ConfigPlayer.event_player/events>, priority=200, kwargs={'calling_context': 'mode_pilot_training_mission_wingman_started', 'mode': <Mode.iceman_letters>, 'settings': {'stop_all_training_pulse_shows': [{'condition': None, 'number': None, 'priority': 0, 'params': {}}]}}, key=UUID('385db55b-0e23-4e02-8e85-31998ceb068a'), condition=None, blocking_facility=None)]. The order of those handlers is not defined and they will be executed in random order. This might lead to race conditions and potential bugs.
2026-05-11 15:30:12,048 : INFO : EventManager : Unordered handler for class ConfigPlayer.event_player/events on event mode_edge_of_space_started with priority 200. Handlers: [RegisteredHandler(callback=<bound method ConfigPlayer.config_play_callback of ConfigPlayer.event_player/events>, priority=200, kwargs={'calling_context': 'mode_edge_of_space_started', 'mode': <Mode.pilot_mission_qualifier>, 'settings': {'reset_topgun_letters': [{'condition': None, 'number': None, 'priority': 0, 'params': {}}], 'check_all_pilot_modes_played': [{'condition': None, 'number': None, 'priority': 0, 'params': {}}], 'ball_search_reset': [{'condition': None, 'number': None, 'priority': 0, 'params': {}}], 'ball_search_block': [{'condition': None, 'number': None, 'priority': 0, 'params': {}}]}}, key=UUID('6da274e0-4b52-42ac-9d74-79c53c06d544'), condition=None, blocking_facility=None), RegisteredHandler(callback=<bound method ConfigPlayer.config_play_callback of ConfigPlayer.event_player/events>, priority=200, kwargs={'calling_context': 'mode_edge_of_space_started', 'mode': <Mode.iceman_letters>, 'settings': {'stop_all_training_pulse_shows': [{'condition': None, 'number': None, 'priority': 0, 'params': {}}]}}, key=UUID('e03d1ded-3356-4b8c-8057-4bea7d44eb6a'), condition=None, blocking_facility=None)]. The order of those handlers is not defined and they will be executed in random order. This might lead to race conditions and potential bugs.
2026-05-11 15:30:12,048 : INFO : EventManager : Unordered handler for class ConfigPlayer.event_player/events on event mode_battle_jester_started with priority 200. Handlers: [RegisteredHandler(callback=<bound method ConfigPlayer.config_play_callback of ConfigPlayer.event_player/events>, priority=200, kwargs={'calling_context': 'mode_battle_jester_started', 'mode': <Mode.pilot_mission_qualifier>, 'settings': {'reset_topgun_letters': [{'condition': None, 'number': None, 'priority': 0, 'params': {}}], 'check_all_pilot_modes_played': [{'condition': None, 'number': None, 'priority': 0, 'params': {}}], 'ball_search_reset': [{'condition': None, 'number': None, 'priority': 0, 'params': {}}], 'ball_search_block': [{'condition': None, 'number': None, 'priority': 0, 'params': {}}]}}, key=UUID('699c9087-bb7b-4fa4-80d6-5fb5826adc02'), condition=None, blocking_facility=None), RegisteredHandler(callback=<bound method ConfigPlayer.config_play_callback of ConfigPlayer.event_player/events>, priority=200, kwargs={'calling_context': 'mode_battle_jester_started', 'mode': <Mode.iceman_letters>, 'settings': {'stop_all_training_pulse_shows': [{'condition': None, 'number': None, 'priority': 0, 'params': {}}]}}, key=UUID('cea2611f-54dd-4a46-b31e-9543128ef340'), condition=None, blocking_facility=None)]. The order of those handlers is not defined and they will be executed in random order. This might lead to race conditions and potential bugs.
2026-05-11 15:30:12,048 : INFO : EventManager : Unordered handler for class ConfigPlayer.event_player/events on event mode_canyon_run_started with priority 200. Handlers: [RegisteredHandler(callback=<bound method ConfigPlayer.config_play_callback of ConfigPlayer.event_player/events>, priority=200, kwargs={'calling_context': 'mode_canyon_run_started', 'mode': <Mode.pilot_mission_qualifier>, 'settings': {'reset_topgun_letters': [{'condition': None, 'number': None, 'priority': 0, 'params': {}}], 'check_all_pilot_modes_played': [{'condition': None, 'number': None, 'priority': 0, 'params': {}}], 'ball_search_reset': [{'condition': None, 'number': None, 'priority': 0, 'params': {}}], 'ball_search_block': [{'condition': None, 'number': None, 'priority': 0, 'params': {}}]}}, key=UUID('ebf08c5a-f83c-48d5-9489-66d18a545b5a'), condition=None, blocking_facility=None), RegisteredHandler(callback=<bound method ConfigPlayer.config_play_callback of ConfigPlayer.event_player/events>, priority=200, kwargs={'calling_context': 'mode_canyon_run_started', 'mode': <Mode.iceman_letters>, 'settings': {'stop_all_training_pulse_shows': [{'condition': None, 'number': None, 'priority': 0, 'params': {}}]}}, key=UUID('8f0bc2ab-3335-44ed-87cd-05dc490867d1'), condition=None, blocking_facility=None)]. The order of those handlers is not defined and they will be executed in random order. This might lead to race conditions and potential bugs.
2026-05-11 15:30:12,048 : INFO : EventManager : Unordered handler for class ConfigPlayer.event_player/events on event mode_rise_of_phoenix_started with priority 200. Handlers: [RegisteredHandler(callback=<bound method ConfigPlayer.config_play_callback of ConfigPlayer.event_player/events>, priority=200, kwargs={'calling_context': 'mode_rise_of_phoenix_started', 'mode': <Mode.pilot_mission_qualifier>, 'settings': {'reset_topgun_letters': [{'condition': None, 'number': None, 'priority': 0, 'params': {}}], 'check_all_pilot_modes_played': [{'condition': None, 'number': None, 'priority': 0, 'params': {}}], 'ball_search_reset': [{'condition': None, 'number': None, 'priority': 0, 'params': {}}], 'ball_search_block': [{'condition': None, 'number': None, 'priority': 0, 'params': {}}]}}, key=UUID('06834ce3-00bc-402c-8b31-7827f6d198f4'), condition=None, blocking_facility=None), RegisteredHandler(callback=<bound method ConfigPlayer.config_play_callback of ConfigPlayer.event_player/events>, priority=200, kwargs={'calling_context': 'mode_rise_of_phoenix_started', 'mode': <Mode.iceman_letters>, 'settings': {'stop_all_training_pulse_shows': [{'condition': None, 'number': None, 'priority': 0, 'params': {}}]}}, key=UUID('7692e5d9-1406-4641-be87-6d8541b6dc7a'), condition=None, blocking_facility=None)]. The order of those handlers is not defined and they will be executed in random order. This might lead to race conditions and potential bugs.
2026-05-11 15:30:12,049 : INFO : EventManager : Unordered handler for class ConfigPlayer.event_player/events on event mode_rescue_cougar_started with priority 200. Handlers: [RegisteredHandler(callback=<bound method ConfigPlayer.config_play_callback of ConfigPlayer.event_player/events>, priority=200, kwargs={'calling_context': 'mode_rescue_cougar_started', 'mode': <Mode.pilot_mission_qualifier>, 'settings': {'reset_topgun_letters': [{'condition': None, 'number': None, 'priority': 0, 'params': {}}], 'check_all_pilot_modes_played': [{'condition': None, 'number': None, 'priority': 0, 'params': {}}], 'ball_search_reset': [{'condition': None, 'number': None, 'priority': 0, 'params': {}}], 'ball_search_block': [{'condition': None, 'number': None, 'priority': 0, 'params': {}}]}}, key=UUID('5aa5ac64-abfc-4031-92d8-b5ed7034859b'), condition=None, blocking_facility=None), RegisteredHandler(callback=<bound method ConfigPlayer.config_play_callback of ConfigPlayer.event_player/events>, priority=200, kwargs={'calling_context': 'mode_rescue_cougar_started', 'mode': <Mode.iceman_letters>, 'settings': {'stop_all_training_pulse_shows': [{'condition': None, 'number': None, 'priority': 0, 'params': {}}]}}, key=UUID('7a206925-805f-4b7d-a869-f560665c5e7f'), condition=None, blocking_facility=None)]. The order of those handlers is not defined and they will be executed in random order. This might lead to race conditions and potential bugs.
2026-05-11 15:30:12,050 : INFO : EventManager : Unordered handler for class ConfigPlayer.event_player/events on event mode_cool_under_pressure_started with priority 200. Handlers: [RegisteredHandler(callback=<bound method ConfigPlayer.config_play_callback of ConfigPlayer.event_player/events>, priority=200, kwargs={'calling_context': 'mode_cool_under_pressure_started', 'mode': <Mode.pilot_mission_qualifier>, 'settings': {'reset_topgun_letters': [{'condition': None, 'number': None, 'priority': 0, 'params': {}}], 'check_all_pilot_modes_played': [{'condition': None, 'number': None, 'priority': 0, 'params': {}}], 'ball_search_reset': [{'condition': None, 'number': None, 'priority': 0, 'params': {}}], 'ball_search_block': [{'condition': None, 'number': None, 'priority': 0, 'params': {}}]}}, key=UUID('6bef093e-cc5a-4000-a4f1-803735944ee2'), condition=None, blocking_facility=None), RegisteredHandler(callback=<bound method ConfigPlayer.config_play_callback of ConfigPlayer.event_player/events>, priority=200, kwargs={'calling_context': 'mode_cool_under_pressure_started', 'mode': <Mode.iceman_letters>, 'settings': {'stop_all_training_pulse_shows': [{'condition': None, 'number': None, 'priority': 0, 'params': {}}]}}, key=UUID('471781c3-cbd3-4a97-aa8e-f270cb923190'), condition=None, blocking_facility=None)]. The order of those handlers is not defined and they will be executed in random order. This might lead to race conditions and potential bugs.
2026-05-11 15:30:12,050 : INFO : EventManager : Unordered handler for class ConfigPlayer.event_player/events on event mode_no_points_for_second_place_started with priority 200. Handlers: [RegisteredHandler(callback=<bound method ConfigPlayer.config_play_callback of ConfigPlayer.event_player/events>, priority=200, kwargs={'calling_context': 'mode_no_points_for_second_place_started', 'mode': <Mode.pilot_mission_qualifier>, 'settings': {'reset_topgun_letters': [{'condition': None, 'number': None, 'priority': 0, 'params': {}}], 'check_all_pilot_modes_played': [{'condition': None, 'number': None, 'priority': 0, 'params': {}}], 'ball_search_reset': [{'condition': None, 'number': None, 'priority': 0, 'params': {}}], 'ball_search_block': [{'condition': None, 'number': None, 'priority': 0, 'params': {}}]}}, key=UUID('f623ffea-cb8e-4fbb-9aad-6ca768198f7a'), condition=None, blocking_facility=None), RegisteredHandler(callback=<bound method ConfigPlayer.config_play_callback of ConfigPlayer.event_player/events>, priority=200, kwargs={'calling_context': 'mode_no_points_for_second_place_started', 'mode': <Mode.iceman_letters>, 'settings': {'stop_all_training_pulse_shows': [{'condition': None, 'number': None, 'priority': 0, 'params': {}}]}}, key=UUID('b6929628-fb54-431a-b8bb-303c65bc2705'), condition=None, blocking_facility=None)]. The order of those handlers is not defined and they will be executed in random order. This might lead to race conditions and potential bugs.
2026-05-11 15:30:12,050 : INFO : EventManager : Unordered handler for class ConfigPlayer.event_player/events on event mode_below_the_hard_deck_started with priority 200. Handlers: [RegisteredHandler(callback=<bound method ConfigPlayer.config_play_callback of ConfigPlayer.event_player/events>, priority=200, kwargs={'calling_context': 'mode_below_the_hard_deck_started', 'mode': <Mode.pilot_mission_qualifier>, 'settings': {'reset_topgun_letters': [{'condition': None, 'number': None, 'priority': 0, 'params': {}}], 'check_all_pilot_modes_played': [{'condition': None, 'number': None, 'priority': 0, 'params': {}}], 'ball_search_reset': [{'condition': None, 'number': None, 'priority': 0, 'params': {}}], 'ball_search_block': [{'condition': None, 'number': None, 'priority': 0, 'params': {}}]}}, key=UUID('31949a75-0fe4-49e9-8387-a868c7e770f2'), condition=None, blocking_facility=None), RegisteredHandler(callback=<bound method ConfigPlayer.config_play_callback of ConfigPlayer.event_player/events>, priority=200, kwargs={'calling_context': 'mode_below_the_hard_deck_started', 'mode': <Mode.iceman_letters>, 'settings': {'stop_all_training_pulse_shows': [{'condition': None, 'number': None, 'priority': 0, 'params': {}}]}}, key=UUID('600cab97-95d7-48a5-b6fe-a556b0b9195b'), condition=None, blocking_facility=None)]. The order of those handlers is not defined and they will be executed in random order. This might lead to race conditions and potential bugs.
2026-05-11 15:30:12,050 : INFO : EventManager : Unordered handler for class ConfigPlayer.event_player/events on event mode_no_margin_for_error_started with priority 200. Handlers: [RegisteredHandler(callback=<bound method ConfigPlayer.config_play_callback of ConfigPlayer.event_player/events>, priority=200, kwargs={'calling_context': 'mode_no_margin_for_error_started', 'mode': <Mode.pilot_mission_qualifier>, 'settings': {'reset_topgun_letters': [{'condition': None, 'number': None, 'priority': 0, 'params': {}}], 'check_all_pilot_modes_played': [{'condition': None, 'number': None, 'priority': 0, 'params': {}}], 'ball_search_reset': [{'condition': None, 'number': None, 'priority': 0, 'params': {}}], 'ball_search_block': [{'condition': None, 'number': None, 'priority': 0, 'params': {}}]}}, key=UUID('402d39e2-fdda-49f7-baa6-be3007afe0d2'), condition=None, blocking_facility=None), RegisteredHandler(callback=<bound method ConfigPlayer.config_play_callback of ConfigPlayer.event_player/events>, priority=200, kwargs={'calling_context': 'mode_no_margin_for_error_started', 'mode': <Mode.iceman_letters>, 'settings': {'stop_all_training_pulse_shows': [{'condition': None, 'number': None, 'priority': 0, 'params': {}}]}}, key=UUID('85d808f8-a9e0-4b6e-9101-ab41eb5d8c97'), condition=None, blocking_facility=None)]. The order of those handlers is not defined and they will be executed in random order. This might lead to race conditions and potential bugs.
2026-05-11 15:30:12,050 : INFO : EventManager : Unordered handler for class ConfigPlayer.event_player/events on event mode_hard_deck_playing_with_the_boys_started with priority 200. Handlers: [RegisteredHandler(callback=<bound method ConfigPlayer.config_play_callback of ConfigPlayer.event_player/events>, priority=200, kwargs={'calling_context': 'mode_hard_deck_playing_with_the_boys_started', 'mode': <Mode.pilot_mission_qualifier>, 'settings': {'ball_search_reset': [{'condition': None, 'number': None, 'priority': 0, 'params': {}}], 'ball_search_block': [{'condition': None, 'number': None, 'priority': 0, 'params': {}}]}}, key=UUID('a2b6a28b-267c-4d86-9102-a97b941a277d'), condition=None, blocking_facility=None), RegisteredHandler(callback=<bound method ConfigPlayer.config_play_callback of ConfigPlayer.event_player/events>, priority=200, kwargs={'calling_context': 'mode_hard_deck_playing_with_the_boys_started', 'mode': <Mode.hard_deck_qualifiers>, 'settings': {'hd_stop_pulse_show': [{'condition': None, 'number': None, 'priority': 0, 'params': {}}]}}, key=UUID('1f46dcae-99f0-4172-b685-c7d3656a9205'), condition=None, blocking_facility=None), RegisteredHandler(callback=<bound method ConfigPlayer.config_play_callback of ConfigPlayer.event_player/events>, priority=200, kwargs={'calling_context': 'mode_hard_deck_playing_with_the_boys_started', 'mode': <Mode.iceman_letters>, 'settings': {'stop_all_training_pulse_shows': [{'condition': None, 'number': None, 'priority': 0, 'params': {}}]}}, key=UUID('7116aab4-e444-4c24-8095-e77fb8f102af'), condition=None, blocking_facility=None)]. The order of those handlers is not defined and they will be executed in random order. This might lead to race conditions and potential bugs.
2026-05-11 15:30:12,050 : INFO : EventManager : Unordered handler for class ConfigPlayer.event_player/events on event mode_hard_deck_playing_with_the_boys_started with priority 200. Handlers: [RegisteredHandler(callback=<bound method ConfigPlayer.config_play_callback of ConfigPlayer.event_player/events>, priority=200, kwargs={'calling_context': 'mode_hard_deck_playing_with_the_boys_started', 'mode': <Mode.pilot_mission_qualifier>, 'settings': {'ball_search_reset': [{'condition': None, 'number': None, 'priority': 0, 'params': {}}], 'ball_search_block': [{'condition': None, 'number': None, 'priority': 0, 'params': {}}]}}, key=UUID('a2b6a28b-267c-4d86-9102-a97b941a277d'), condition=None, blocking_facility=None), RegisteredHandler(callback=<bound method ConfigPlayer.config_play_callback of ConfigPlayer.event_player/events>, priority=200, kwargs={'calling_context': 'mode_hard_deck_playing_with_the_boys_started', 'mode': <Mode.hard_deck_qualifiers>, 'settings': {'hd_stop_pulse_show': [{'condition': None, 'number': None, 'priority': 0, 'params': {}}]}}, key=UUID('1f46dcae-99f0-4172-b685-c7d3656a9205'), condition=None, blocking_facility=None), RegisteredHandler(callback=<bound method ConfigPlayer.config_play_callback of ConfigPlayer.event_player/events>, priority=200, kwargs={'calling_context': 'mode_hard_deck_playing_with_the_boys_started', 'mode': <Mode.iceman_letters>, 'settings': {'stop_all_training_pulse_shows': [{'condition': None, 'number': None, 'priority': 0, 'params': {}}]}}, key=UUID('7116aab4-e444-4c24-8095-e77fb8f102af'), condition=None, blocking_facility=None)]. The order of those handlers is not defined and they will be executed in random order. This might lead to race conditions and potential bugs.
2026-05-11 15:30:12,051 : INFO : EventManager : Unordered handler for class ConfigPlayer.event_player/events on event mode_hard_deck_maverick_and_charlie_started with priority 200. Handlers: [RegisteredHandler(callback=<bound method ConfigPlayer.config_play_callback of ConfigPlayer.event_player/events>, priority=200, kwargs={'calling_context': 'mode_hard_deck_maverick_and_charlie_started', 'mode': <Mode.pilot_mission_qualifier>, 'settings': {'ball_search_reset': [{'condition': None, 'number': None, 'priority': 0, 'params': {}}], 'ball_search_block': [{'condition': None, 'number': None, 'priority': 0, 'params': {}}]}}, key=UUID('dd9b3dd8-db01-41b8-8929-c063f6304118'), condition=None, blocking_facility=None), RegisteredHandler(callback=<bound method ConfigPlayer.config_play_callback of ConfigPlayer.event_player/events>, priority=200, kwargs={'calling_context': 'mode_hard_deck_maverick_and_charlie_started', 'mode': <Mode.hard_deck_qualifiers>, 'settings': {'hd_stop_pulse_show': [{'condition': None, 'number': None, 'priority': 0, 'params': {}}]}}, key=UUID('fcc5e9c5-cd31-41d1-bbad-d6a9b70ecab7'), condition=None, blocking_facility=None), RegisteredHandler(callback=<bound method ConfigPlayer.config_play_callback of ConfigPlayer.event_player/events>, priority=200, kwargs={'calling_context': 'mode_hard_deck_maverick_and_charlie_started', 'mode': <Mode.iceman_letters>, 'settings': {'stop_all_training_pulse_shows': [{'condition': None, 'number': None, 'priority': 0, 'params': {}}]}}, key=UUID('ee4d73a7-3910-4105-9d74-2bf99d74dbc7'), condition=None, blocking_facility=None)]. The order of those handlers is not defined and they will be executed in random order. This might lead to race conditions and potential bugs.
2026-05-11 15:30:12,051 : INFO : EventManager : Unordered handler for class ConfigPlayer.event_player/events on event mode_hard_deck_maverick_and_charlie_started with priority 200. Handlers: [RegisteredHandler(callback=<bound method ConfigPlayer.config_play_callback of ConfigPlayer.event_player/events>, priority=200, kwargs={'calling_context': 'mode_hard_deck_maverick_and_charlie_started', 'mode': <Mode.pilot_mission_qualifier>, 'settings': {'ball_search_reset': [{'condition': None, 'number': None, 'priority': 0, 'params': {}}], 'ball_search_block': [{'condition': None, 'number': None, 'priority': 0, 'params': {}}]}}, key=UUID('dd9b3dd8-db01-41b8-8929-c063f6304118'), condition=None, blocking_facility=None), RegisteredHandler(callback=<bound method ConfigPlayer.config_play_callback of ConfigPlayer.event_player/events>, priority=200, kwargs={'calling_context': 'mode_hard_deck_maverick_and_charlie_started', 'mode': <Mode.hard_deck_qualifiers>, 'settings': {'hd_stop_pulse_show': [{'condition': None, 'number': None, 'priority': 0, 'params': {}}]}}, key=UUID('fcc5e9c5-cd31-41d1-bbad-d6a9b70ecab7'), condition=None, blocking_facility=None), RegisteredHandler(callback=<bound method ConfigPlayer.config_play_callback of ConfigPlayer.event_player/events>, priority=200, kwargs={'calling_context': 'mode_hard_deck_maverick_and_charlie_started', 'mode': <Mode.iceman_letters>, 'settings': {'stop_all_training_pulse_shows': [{'condition': None, 'number': None, 'priority': 0, 'params': {}}]}}, key=UUID('ee4d73a7-3910-4105-9d74-2bf99d74dbc7'), condition=None, blocking_facility=None)]. The order of those handlers is not defined and they will be executed in random order. This might lead to race conditions and potential bugs.
2026-05-11 15:30:12,051 : INFO : EventManager : Unordered handler for class ConfigPlayer.event_player/events on event mode_hard_deck_maverick_and_penny_started with priority 200. Handlers: [RegisteredHandler(callback=<bound method ConfigPlayer.config_play_callback of ConfigPlayer.event_player/events>, priority=200, kwargs={'calling_context': 'mode_hard_deck_maverick_and_penny_started', 'mode': <Mode.pilot_mission_qualifier>, 'settings': {'ball_search_reset': [{'condition': None, 'number': None, 'priority': 0, 'params': {}}], 'ball_search_block': [{'condition': None, 'number': None, 'priority': 0, 'params': {}}]}}, key=UUID('983492be-7171-4fc8-b7be-0dc802df41c6'), condition=None, blocking_facility=None), RegisteredHandler(callback=<bound method ConfigPlayer.config_play_callback of ConfigPlayer.event_player/events>, priority=200, kwargs={'calling_context': 'mode_hard_deck_maverick_and_penny_started', 'mode': <Mode.hard_deck_qualifiers>, 'settings': {'hd_stop_pulse_show': [{'condition': None, 'number': None, 'priority': 0, 'params': {}}]}}, key=UUID('d40bccce-8c0d-4014-8cce-96eb5da6590f'), condition=None, blocking_facility=None), RegisteredHandler(callback=<bound method ConfigPlayer.config_play_callback of ConfigPlayer.event_player/events>, priority=200, kwargs={'calling_context': 'mode_hard_deck_maverick_and_penny_started', 'mode': <Mode.iceman_letters>, 'settings': {'stop_all_training_pulse_shows': [{'condition': None, 'number': None, 'priority': 0, 'params': {}}]}}, key=UUID('96247117-78f7-48ba-880e-a7938e003a10'), condition=None, blocking_facility=None)]. The order of those handlers is not defined and they will be executed in random order. This might lead to race conditions and potential bugs.
2026-05-11 15:30:12,051 : INFO : EventManager : Unordered handler for class ConfigPlayer.event_player/events on event mode_hard_deck_maverick_and_penny_started with priority 200. Handlers: [RegisteredHandler(callback=<bound method ConfigPlayer.config_play_callback of ConfigPlayer.event_player/events>, priority=200, kwargs={'calling_context': 'mode_hard_deck_maverick_and_penny_started', 'mode': <Mode.pilot_mission_qualifier>, 'settings': {'ball_search_reset': [{'condition': None, 'number': None, 'priority': 0, 'params': {}}], 'ball_search_block': [{'condition': None, 'number': None, 'priority': 0, 'params': {}}]}}, key=UUID('983492be-7171-4fc8-b7be-0dc802df41c6'), condition=None, blocking_facility=None), RegisteredHandler(callback=<bound method ConfigPlayer.config_play_callback of ConfigPlayer.event_player/events>, priority=200, kwargs={'calling_context': 'mode_hard_deck_maverick_and_penny_started', 'mode': <Mode.hard_deck_qualifiers>, 'settings': {'hd_stop_pulse_show': [{'condition': None, 'number': None, 'priority': 0, 'params': {}}]}}, key=UUID('d40bccce-8c0d-4014-8cce-96eb5da6590f'), condition=None, blocking_facility=None), RegisteredHandler(callback=<bound method ConfigPlayer.config_play_callback of ConfigPlayer.event_player/events>, priority=200, kwargs={'calling_context': 'mode_hard_deck_maverick_and_penny_started', 'mode': <Mode.iceman_letters>, 'settings': {'stop_all_training_pulse_shows': [{'condition': None, 'number': None, 'priority': 0, 'params': {}}]}}, key=UUID('96247117-78f7-48ba-880e-a7938e003a10'), condition=None, blocking_facility=None)]. The order of those handlers is not defined and they will be executed in random order. This might lead to race conditions and potential bugs.
2026-05-11 15:30:12,051 : INFO : EventManager : Unordered handler for class ConfigPlayer.event_player/events on event mode_hard_deck_honoring_iceman_started with priority 200. Handlers: [RegisteredHandler(callback=<bound method ConfigPlayer.config_play_callback of ConfigPlayer.event_player/events>, priority=200, kwargs={'calling_context': 'mode_hard_deck_honoring_iceman_started', 'mode': <Mode.pilot_mission_qualifier>, 'settings': {'ball_search_reset': [{'condition': None, 'number': None, 'priority': 0, 'params': {}}], 'ball_search_block': [{'condition': None, 'number': None, 'priority': 0, 'params': {}}]}}, key=UUID('1c115465-f72c-410b-b314-fccd9d4c64c2'), condition=None, blocking_facility=None), RegisteredHandler(callback=<bound method ConfigPlayer.config_play_callback of ConfigPlayer.event_player/events>, priority=200, kwargs={'calling_context': 'mode_hard_deck_honoring_iceman_started', 'mode': <Mode.hard_deck_qualifiers>, 'settings': {'hd_stop_pulse_show': [{'condition': None, 'number': None, 'priority': 0, 'params': {}}]}}, key=UUID('b1817f45-63ed-4460-bb4a-5c04cf39a5de'), condition=None, blocking_facility=None), RegisteredHandler(callback=<bound method ConfigPlayer.config_play_callback of ConfigPlayer.event_player/events>, priority=200, kwargs={'calling_context': 'mode_hard_deck_honoring_iceman_started', 'mode': <Mode.iceman_letters>, 'settings': {'stop_all_training_pulse_shows': [{'condition': None, 'number': None, 'priority': 0, 'params': {}}]}}, key=UUID('8c0f5b50-18d9-4629-89fa-5d18c21239e3'), condition=None, blocking_facility=None)]. The order of those handlers is not defined and they will be executed in random order. This might lead to race conditions and potential bugs.
2026-05-11 15:30:12,051 : INFO : EventManager : Unordered handler for class ConfigPlayer.event_player/events on event mode_hard_deck_honoring_iceman_started with priority 200. Handlers: [RegisteredHandler(callback=<bound method ConfigPlayer.config_play_callback of ConfigPlayer.event_player/events>, priority=200, kwargs={'calling_context': 'mode_hard_deck_honoring_iceman_started', 'mode': <Mode.pilot_mission_qualifier>, 'settings': {'ball_search_reset': [{'condition': None, 'number': None, 'priority': 0, 'params': {}}], 'ball_search_block': [{'condition': None, 'number': None, 'priority': 0, 'params': {}}]}}, key=UUID('1c115465-f72c-410b-b314-fccd9d4c64c2'), condition=None, blocking_facility=None), RegisteredHandler(callback=<bound method ConfigPlayer.config_play_callback of ConfigPlayer.event_player/events>, priority=200, kwargs={'calling_context': 'mode_hard_deck_honoring_iceman_started', 'mode': <Mode.hard_deck_qualifiers>, 'settings': {'hd_stop_pulse_show': [{'condition': None, 'number': None, 'priority': 0, 'params': {}}]}}, key=UUID('b1817f45-63ed-4460-bb4a-5c04cf39a5de'), condition=None, blocking_facility=None), RegisteredHandler(callback=<bound method ConfigPlayer.config_play_callback of ConfigPlayer.event_player/events>, priority=200, kwargs={'calling_context': 'mode_hard_deck_honoring_iceman_started', 'mode': <Mode.iceman_letters>, 'settings': {'stop_all_training_pulse_shows': [{'condition': None, 'number': None, 'priority': 0, 'params': {}}]}}, key=UUID('8c0f5b50-18d9-4629-89fa-5d18c21239e3'), condition=None, blocking_facility=None)]. The order of those handlers is not defined and they will be executed in random order. This might lead to race conditions and potential bugs.
2026-05-11 15:30:12,052 : INFO : EventManager : Unordered handler for class ConfigPlayer.variable_player/variables on event mode_hard_deck_playing_with_the_boys_stopped with priority 200. Handlers: [RegisteredHandler(callback=<bound method ConfigPlayer.config_play_callback of ConfigPlayer.variable_player/variables>, priority=200, kwargs={'calling_context': 'mode_hard_deck_playing_with_the_boys_stopped', 'mode': <Mode.pilot_mission_qualifier>, 'settings': {'letter_collection_paused': {'action': 'set', 'int': <NativeTemplate 0>, 'priority': 0, 'float': None, 'string': None, 'block': False, 'player': None, 'condition': None}, 'hard_deck_active': {'action': 'set', 'int': <NativeTemplate 0>, 'priority': 0, 'float': None, 'string': None, 'block': False, 'player': None, 'condition': None}, 'multiball_active': {'action': 'set', 'int': <NativeTemplate 0>, 'priority': 0, 'float': None, 'string': None, 'block': False, 'player': None, 'condition': None}}}, key=UUID('a7f97b81-e791-4aad-b638-82494aa8cd66'), condition=None, blocking_facility=None), RegisteredHandler(callback=<bound method ConfigPlayer.config_play_callback of ConfigPlayer.variable_player/variables>, priority=200, kwargs={'calling_context': 'mode_hard_deck_playing_with_the_boys_stopped', 'mode': <Mode.hard_deck_qualifiers>, 'settings': {'hard_deck_active': {'action': 'set', 'int': <NativeTemplate 0>, 'priority': 0, 'float': None, 'string': None, 'block': False, 'player': None, 'condition': None}, 'letter_collection_paused': {'action': 'set', 'int': <NativeTemplate 0>, 'priority': 0, 'float': None, 'string': None, 'block': False, 'player': None, 'condition': None}, 'ptb_post_mode_plunge_active': {'action': 'set', 'int': <NativeTemplate 0>, 'priority': 0, 'float': None, 'string': None, 'block': False, 'player': None, 'condition': None}}}, key=UUID('f0436463-7c11-4832-9bda-5c26c361b599'), condition=None, blocking_facility=None)]. The order of those handlers is not defined and they will be executed in random order. This might lead to race conditions and potential bugs.
2026-05-11 15:30:12,052 : INFO : EventManager : Unordered handler for class ConfigPlayer.variable_player/variables on event mode_hard_deck_maverick_and_charlie_stopped with priority 200. Handlers: [RegisteredHandler(callback=<bound method ConfigPlayer.config_play_callback of ConfigPlayer.variable_player/variables>, priority=200, kwargs={'calling_context': 'mode_hard_deck_maverick_and_charlie_stopped', 'mode': <Mode.pilot_mission_qualifier>, 'settings': {'letter_collection_paused': {'action': 'set', 'int': <NativeTemplate 0>, 'priority': 0, 'float': None, 'string': None, 'block': False, 'player': None, 'condition': None}, 'hard_deck_active': {'action': 'set', 'int': <NativeTemplate 0>, 'priority': 0, 'float': None, 'string': None, 'block': False, 'player': None, 'condition': None}}}, key=UUID('51840b6e-d71a-430d-a1cb-fb42797bd137'), condition=None, blocking_facility=None), RegisteredHandler(callback=<bound method ConfigPlayer.config_play_callback of ConfigPlayer.variable_player/variables>, priority=200, kwargs={'calling_context': 'mode_hard_deck_maverick_and_charlie_stopped', 'mode': <Mode.hard_deck_qualifiers>, 'settings': {'hard_deck_active': {'action': 'set', 'int': <NativeTemplate 0>, 'priority': 0, 'float': None, 'string': None, 'block': False, 'player': None, 'condition': None}, 'letter_collection_paused': {'action': 'set', 'int': <NativeTemplate 0>, 'priority': 0, 'float': None, 'string': None, 'block': False, 'player': None, 'condition': None}}}, key=UUID('aeea3bcc-72f0-49b3-9c35-c453f8da64e7'), condition=None, blocking_facility=None)]. The order of those handlers is not defined and they will be executed in random order. This might lead to race conditions and potential bugs.
2026-05-11 15:30:12,052 : INFO : EventManager : Unordered handler for class ConfigPlayer.variable_player/variables on event mode_hard_deck_maverick_and_penny_stopped with priority 200. Handlers: [RegisteredHandler(callback=<bound method ConfigPlayer.config_play_callback of ConfigPlayer.variable_player/variables>, priority=200, kwargs={'calling_context': 'mode_hard_deck_maverick_and_penny_stopped', 'mode': <Mode.pilot_mission_qualifier>, 'settings': {'letter_collection_paused': {'action': 'set', 'int': <NativeTemplate 0>, 'priority': 0, 'float': None, 'string': None, 'block': False, 'player': None, 'condition': None}, 'hard_deck_active': {'action': 'set', 'int': <NativeTemplate 0>, 'priority': 0, 'float': None, 'string': None, 'block': False, 'player': None, 'condition': None}}}, key=UUID('b61deae7-c4e9-466b-97db-656297fa7ec6'), condition=None, blocking_facility=None), RegisteredHandler(callback=<bound method ConfigPlayer.config_play_callback of ConfigPlayer.variable_player/variables>, priority=200, kwargs={'calling_context': 'mode_hard_deck_maverick_and_penny_stopped', 'mode': <Mode.hard_deck_qualifiers>, 'settings': {'hard_deck_active': {'action': 'set', 'int': <NativeTemplate 0>, 'priority': 0, 'float': None, 'string': None, 'block': False, 'player': None, 'condition': None}, 'letter_collection_paused': {'action': 'set', 'int': <NativeTemplate 0>, 'priority': 0, 'float': None, 'string': None, 'block': False, 'player': None, 'condition': None}}}, key=UUID('fff0ef35-2ab5-41ee-9ff7-5dc0e5f6e4f6'), condition=None, blocking_facility=None)]. The order of those handlers is not defined and they will be executed in random order. This might lead to race conditions and potential bugs.
2026-05-11 15:30:12,052 : INFO : EventManager : Unordered handler for class ConfigPlayer.variable_player/variables on event mode_hard_deck_honoring_iceman_stopped with priority 200. Handlers: [RegisteredHandler(callback=<bound method ConfigPlayer.config_play_callback of ConfigPlayer.variable_player/variables>, priority=200, kwargs={'calling_context': 'mode_hard_deck_honoring_iceman_stopped', 'mode': <Mode.pilot_mission_qualifier>, 'settings': {'letter_collection_paused': {'action': 'set', 'int': <NativeTemplate 0>, 'priority': 0, 'float': None, 'string': None, 'block': False, 'player': None, 'condition': None}, 'hard_deck_active': {'action': 'set', 'int': <NativeTemplate 0>, 'priority': 0, 'float': None, 'string': None, 'block': False, 'player': None, 'condition': None}}}, key=UUID('958c2c1d-0452-4ad0-9ac0-dd14759515a8'), condition=None, blocking_facility=None), RegisteredHandler(callback=<bound method ConfigPlayer.config_play_callback of ConfigPlayer.variable_player/variables>, priority=200, kwargs={'calling_context': 'mode_hard_deck_honoring_iceman_stopped', 'mode': <Mode.hard_deck_qualifiers>, 'settings': {'hard_deck_active': {'action': 'set', 'int': <NativeTemplate 0>, 'priority': 0, 'float': None, 'string': None, 'block': False, 'player': None, 'condition': None}, 'letter_collection_paused': {'action': 'set', 'int': <NativeTemplate 0>, 'priority': 0, 'float': None, 'string': None, 'block': False, 'player': None, 'condition': None}}}, key=UUID('28c66572-98d8-4ac2-80a7-e032b2f4b8b4'), condition=None, blocking_facility=None)]. The order of those handlers is not defined and they will be executed in random order. This might lead to race conditions and potential bugs.
2026-05-11 15:30:12,052 : INFO : EventManager : Unordered handler for class ConfigPlayer.variable_player/variables on event mode_top_gun_multiball_stopped with priority 200. Handlers: [RegisteredHandler(callback=<bound method ConfigPlayer.config_play_callback of ConfigPlayer.variable_player/variables>, priority=200, kwargs={'calling_context': 'mode_top_gun_multiball_stopped', 'mode': <Mode.pilot_mission_qualifier>, 'settings': {'letter_collection_paused': {'action': 'set', 'int': <NativeTemplate 0>, 'priority': 0, 'float': None, 'string': None, 'block': False, 'player': None, 'condition': None}, 'pilot_qualifier_paused': {'action': 'set', 'int': <NativeTemplate 0>, 'priority': 0, 'float': None, 'string': None, 'block': False, 'player': None, 'condition': None}, 'lock_collection_paused': {'action': 'set', 'int': <NativeTemplate 0>, 'priority': 0, 'float': None, 'string': None, 'block': False, 'player': None, 'condition': None}, 'multiball_active': {'action': 'set', 'int': <NativeTemplate 0>, 'priority': 0, 'float': None, 'string': None, 'block': False, 'player': None, 'condition': None}}}, key=UUID('a14d0362-64db-46b3-ab30-62e47b09b768'), condition=None, blocking_facility=None), RegisteredHandler(callback=<bound method ConfigPlayer.config_play_callback of ConfigPlayer.variable_player/variables>, priority=200, kwargs={'calling_context': 'mode_top_gun_multiball_stopped', 'mode': <Mode.top_gun_multiball_locks>, 'settings': {'lock_goose_lit': {'action': 'set', 'int': <NativeTemplate 0>, 'priority': 0, 'float': None, 'string': None, 'block': False, 'player': None, 'condition': None}, 'lock_mav_lit': {'action': 'set', 'int': <NativeTemplate 0>, 'priority': 0, 'float': None, 'string': None, 'block': False, 'player': None, 'condition': None}, 'lock_goose_locked': {'action': 'set', 'int': <NativeTemplate 0>, 'priority': 0, 'float': None, 'string': None, 'block': False, 'player': None, 'condition': None}, 'lock_mav_locked': {'action': 'set', 'int': <NativeTemplate 0>, 'priority': 0, 'float': None, 'string': None, 'block': False, 'player': None, 'condition': None}, 'multiball_qualified': {'action': 'set', 'int': <NativeTemplate 0>, 'priority': 0, 'float': None, 'string': None, 'block': False, 'player': None, 'condition': None}, 'multiball_starting': {'action': 'set', 'int': <NativeTemplate 0>, 'priority': 0, 'float': None, 'string': None, 'block': False, 'player': None, 'condition': None}, 'lock_completions': {'action': 'set', 'int': <NativeTemplate 0>, 'priority': 0, 'float': None, 'string': None, 'block': False, 'player': None, 'condition': None}, 'multiball_active': {'action': 'set', 'int': <NativeTemplate 0>, 'priority': 0, 'float': None, 'string': None, 'block': False, 'player': None, 'condition': None}, 'letter_collection_paused': {'action': 'set', 'int': <NativeTemplate 0>, 'priority': 0, 'float': None, 'string': None, 'block': False, 'player': None, 'condition': None}, 'pilot_qualifier_paused': {'action': 'set', 'int': <NativeTemplate 0>, 'priority': 0, 'float': None, 'string': None, 'block': False, 'player': None, 'condition': None}, 'lock_collection_paused': {'action': 'set', 'int': <NativeTemplate 0>, 'priority': 0, 'float': None, 'string': None, 'block': False, 'player': None, 'condition': None}, 'mb_mode_choice_active': {'action': 'set', 'int': <NativeTemplate 0>, 'priority': 0, 'float': None, 'string': None, 'block': False, 'player': None, 'condition': None}, 'lock_timer_paused': {'action': 'set', 'int': <NativeTemplate 0>, 'priority': 0, 'float': None, 'string': None, 'block': False, 'player': None, 'condition': None}}}, key=UUID('48d1027c-7bd7-4ccb-92bd-addd318b5662'), condition=None, blocking_facility=None)]. The order of those handlers is not defined and they will be executed in random order. This might lead to race conditions and potential bugs.
2026-05-11 15:30:12,056 : INFO : EventManager : Unordered handler for class ConfigPlayer.coil_player/coils on event mode_pilot_training_mission_inverted_started with priority 200. Handlers: [RegisteredHandler(callback=<bound method ConfigPlayer.config_play_callback of ConfigPlayer.coil_player/coils>, priority=200, kwargs={'calling_context': 'mode_pilot_training_mission_inverted_started', 'mode': <Mode.pilot_mission_qualifier>, 'settings': {<coil.c_mode_barrier>: {'action': 'disable', 'priority': 0, 'hold_power': None, 'pulse_power': None, 'pulse_ms': None, 'max_wait_ms': None}}}, key=UUID('b98e3846-a2fd-40b2-97c9-9ca6ad53f8cc'), condition=None, blocking_facility=None), RegisteredHandler(callback=<bound method ConfigPlayer.config_play_callback of ConfigPlayer.coil_player/coils>, priority=200, kwargs={'calling_context': 'mode_pilot_training_mission_inverted_started', 'mode': <Mode.iceman_letters>, 'settings': {<coil.c_mode_barrier>: {'action': 'off', 'priority': 0, 'hold_power': None, 'pulse_power': None, 'pulse_ms': None, 'max_wait_ms': None}}}, key=UUID('3f7c43d0-dbbd-4e2f-b094-4a56426f0236'), condition=None, blocking_facility=None)]. The order of those handlers is not defined and they will be executed in random order. This might lead to race conditions and potential bugs.
2026-05-11 15:30:12,056 : INFO : EventManager : Unordered handler for class ConfigPlayer.event_player/events on event mode_pilot_training_mission_inverted_started with priority 200. Handlers: [RegisteredHandler(callback=<bound method ConfigPlayer.config_play_callback of ConfigPlayer.event_player/events>, priority=200, kwargs={'calling_context': 'mode_pilot_training_mission_inverted_started', 'mode': <Mode.pilot_mission_qualifier>, 'settings': {'ball_search_reset': [{'condition': None, 'number': None, 'priority': 0, 'params': {}}], 'ball_search_block': [{'condition': None, 'number': None, 'priority': 0, 'params': {}}]}}, key=UUID('b8221ad2-fde5-4f59-b9b0-13d2fc9de0ad'), condition=None, blocking_facility=None), RegisteredHandler(callback=<bound method ConfigPlayer.config_play_callback of ConfigPlayer.event_player/events>, priority=200, kwargs={'calling_context': 'mode_pilot_training_mission_inverted_started', 'mode': <Mode.iceman_letters>, 'settings': {'stop_all_training_pulse_shows': [{'condition': None, 'number': None, 'priority': 0, 'params': {}}]}}, key=UUID('4302b200-3e9d-4905-9693-070839b4ef24'), condition=None, blocking_facility=None)]. The order of those handlers is not defined and they will be executed in random order. This might lead to race conditions and potential bugs.
2026-05-11 15:30:12,057 : INFO : EventManager : Unordered handler for class ConfigPlayer.coil_player/coils on event mode_pilot_training_mission_missiles_started with priority 200. Handlers: [RegisteredHandler(callback=<bound method ConfigPlayer.config_play_callback of ConfigPlayer.coil_player/coils>, priority=200, kwargs={'calling_context': 'mode_pilot_training_mission_missiles_started', 'mode': <Mode.pilot_mission_qualifier>, 'settings': {<coil.c_mode_barrier>: {'action': 'disable', 'priority': 0, 'hold_power': None, 'pulse_power': None, 'pulse_ms': None, 'max_wait_ms': None}}}, key=UUID('acffd4d7-ec54-4243-8a65-ea811663fe28'), condition=None, blocking_facility=None), RegisteredHandler(callback=<bound method ConfigPlayer.config_play_callback of ConfigPlayer.coil_player/coils>, priority=200, kwargs={'calling_context': 'mode_pilot_training_mission_missiles_started', 'mode': <Mode.iceman_letters>, 'settings': {<coil.c_mode_barrier>: {'action': 'off', 'priority': 0, 'hold_power': None, 'pulse_power': None, 'pulse_ms': None, 'max_wait_ms': None}}}, key=UUID('327103ea-606d-4c3e-a612-b7abc73730d5'), condition=None, blocking_facility=None)]. The order of those handlers is not defined and they will be executed in random order. This might lead to race conditions and potential bugs.
2026-05-11 15:30:12,057 : INFO : EventManager : Unordered handler for class ConfigPlayer.event_player/events on event mode_pilot_training_mission_missiles_started with priority 200. Handlers: [RegisteredHandler(callback=<bound method ConfigPlayer.config_play_callback of ConfigPlayer.event_player/events>, priority=200, kwargs={'calling_context': 'mode_pilot_training_mission_missiles_started', 'mode': <Mode.pilot_mission_qualifier>, 'settings': {'ball_search_reset': [{'condition': None, 'number': None, 'priority': 0, 'params': {}}], 'ball_search_block': [{'condition': None, 'number': None, 'priority': 0, 'params': {}}]}}, key=UUID('a214eba4-cb7e-495c-a008-e8f8d88a9864'), condition=None, blocking_facility=None), RegisteredHandler(callback=<bound method ConfigPlayer.config_play_callback of ConfigPlayer.event_player/events>, priority=200, kwargs={'calling_context': 'mode_pilot_training_mission_missiles_started', 'mode': <Mode.iceman_letters>, 'settings': {'stop_all_training_pulse_shows': [{'condition': None, 'number': None, 'priority': 0, 'params': {}}]}}, key=UUID('ead63381-d312-4802-b8ba-1658bb6019b5'), condition=None, blocking_facility=None)]. The order of those handlers is not defined and they will be executed in random order. This might lead to race conditions and potential bugs.
2026-05-11 15:30:12,057 : INFO : EventManager : Unordered handler for class ConfigPlayer.coil_player/coils on event mode_pilot_training_mission_afterburner_started with priority 200. Handlers: [RegisteredHandler(callback=<bound method ConfigPlayer.config_play_callback of ConfigPlayer.coil_player/coils>, priority=200, kwargs={'calling_context': 'mode_pilot_training_mission_afterburner_started', 'mode': <Mode.pilot_mission_qualifier>, 'settings': {<coil.c_mode_barrier>: {'action': 'disable', 'priority': 0, 'hold_power': None, 'pulse_power': None, 'pulse_ms': None, 'max_wait_ms': None}}}, key=UUID('b64b2deb-010d-4da6-a876-e982654bae6a'), condition=None, blocking_facility=None), RegisteredHandler(callback=<bound method ConfigPlayer.config_play_callback of ConfigPlayer.coil_player/coils>, priority=200, kwargs={'calling_context': 'mode_pilot_training_mission_afterburner_started', 'mode': <Mode.iceman_letters>, 'settings': {<coil.c_mode_barrier>: {'action': 'off', 'priority': 0, 'hold_power': None, 'pulse_power': None, 'pulse_ms': None, 'max_wait_ms': None}}}, key=UUID('4ead59e9-8ab5-4192-99bf-7c9e3042571a'), condition=None, blocking_facility=None)]. The order of those handlers is not defined and they will be executed in random order. This might lead to race conditions and potential bugs.
2026-05-11 15:30:12,057 : INFO : EventManager : Unordered handler for class ConfigPlayer.event_player/events on event mode_pilot_training_mission_afterburner_started with priority 200. Handlers: [RegisteredHandler(callback=<bound method ConfigPlayer.config_play_callback of ConfigPlayer.event_player/events>, priority=200, kwargs={'calling_context': 'mode_pilot_training_mission_afterburner_started', 'mode': <Mode.pilot_mission_qualifier>, 'settings': {'ball_search_reset': [{'condition': None, 'number': None, 'priority': 0, 'params': {}}], 'ball_search_block': [{'condition': None, 'number': None, 'priority': 0, 'params': {}}]}}, key=UUID('6e42f4ef-c8fb-44c9-8c3a-e5dd12768582'), condition=None, blocking_facility=None), RegisteredHandler(callback=<bound method ConfigPlayer.config_play_callback of ConfigPlayer.event_player/events>, priority=200, kwargs={'calling_context': 'mode_pilot_training_mission_afterburner_started', 'mode': <Mode.iceman_letters>, 'settings': {'stop_all_training_pulse_shows': [{'condition': None, 'number': None, 'priority': 0, 'params': {}}]}}, key=UUID('41e9156f-10b3-431b-9eb0-595817ddf67c'), condition=None, blocking_facility=None)]. The order of those handlers is not defined and they will be executed in random order. This might lead to race conditions and potential bugs.
2026-05-11 15:30:12,057 : INFO : EventManager : Unordered handler for class ConfigPlayer.coil_player/coils on event mode_pilot_training_mission_wingman_started with priority 200. Handlers: [RegisteredHandler(callback=<bound method ConfigPlayer.config_play_callback of ConfigPlayer.coil_player/coils>, priority=200, kwargs={'calling_context': 'mode_pilot_training_mission_wingman_started', 'mode': <Mode.pilot_mission_qualifier>, 'settings': {<coil.c_mode_barrier>: {'action': 'disable', 'priority': 0, 'hold_power': None, 'pulse_power': None, 'pulse_ms': None, 'max_wait_ms': None}}}, key=UUID('4133015c-6274-4e72-af9b-7066db458aca'), condition=None, blocking_facility=None), RegisteredHandler(callback=<bound method ConfigPlayer.config_play_callback of ConfigPlayer.coil_player/coils>, priority=200, kwargs={'calling_context': 'mode_pilot_training_mission_wingman_started', 'mode': <Mode.iceman_letters>, 'settings': {<coil.c_mode_barrier>: {'action': 'off', 'priority': 0, 'hold_power': None, 'pulse_power': None, 'pulse_ms': None, 'max_wait_ms': None}}}, key=UUID('9e125618-38c0-49a0-b6b0-a19218573d7b'), condition=None, blocking_facility=None)]. The order of those handlers is not defined and they will be executed in random order. This might lead to race conditions and potential bugs.
2026-05-11 15:30:12,057 : INFO : EventManager : Unordered handler for class ConfigPlayer.event_player/events on event mode_pilot_training_mission_wingman_started with priority 200. Handlers: [RegisteredHandler(callback=<bound method ConfigPlayer.config_play_callback of ConfigPlayer.event_player/events>, priority=200, kwargs={'calling_context': 'mode_pilot_training_mission_wingman_started', 'mode': <Mode.pilot_mission_qualifier>, 'settings': {'ball_search_reset': [{'condition': None, 'number': None, 'priority': 0, 'params': {}}], 'ball_search_block': [{'condition': None, 'number': None, 'priority': 0, 'params': {}}]}}, key=UUID('e86b1481-5f5e-4b58-97ee-6f873a3ee7b6'), condition=None, blocking_facility=None), RegisteredHandler(callback=<bound method ConfigPlayer.config_play_callback of ConfigPlayer.event_player/events>, priority=200, kwargs={'calling_context': 'mode_pilot_training_mission_wingman_started', 'mode': <Mode.iceman_letters>, 'settings': {'stop_all_training_pulse_shows': [{'condition': None, 'number': None, 'priority': 0, 'params': {}}]}}, key=UUID('385db55b-0e23-4e02-8e85-31998ceb068a'), condition=None, blocking_facility=None)]. The order of those handlers is not defined and they will be executed in random order. This might lead to race conditions and potential bugs.
2026-05-11 15:30:12,062 : INFO : EventManager : Unordered handler for class ConfigPlayer.coil_player/coils on event mode_pilot_training_mission_inverted_started with priority 200. Handlers: [RegisteredHandler(callback=<bound method ConfigPlayer.config_play_callback of ConfigPlayer.coil_player/coils>, priority=200, kwargs={'calling_context': 'mode_pilot_training_mission_inverted_started', 'mode': <Mode.pilot_mission_qualifier>, 'settings': {<coil.c_mode_barrier>: {'action': 'disable', 'priority': 0, 'hold_power': None, 'pulse_power': None, 'pulse_ms': None, 'max_wait_ms': None}}}, key=UUID('b98e3846-a2fd-40b2-97c9-9ca6ad53f8cc'), condition=None, blocking_facility=None), RegisteredHandler(callback=<bound method ConfigPlayer.config_play_callback of ConfigPlayer.coil_player/coils>, priority=200, kwargs={'calling_context': 'mode_pilot_training_mission_inverted_started', 'mode': <Mode.iceman_letters>, 'settings': {<coil.c_mode_barrier>: {'action': 'off', 'priority': 0, 'hold_power': None, 'pulse_power': None, 'pulse_ms': None, 'max_wait_ms': None}}}, key=UUID('3f7c43d0-dbbd-4e2f-b094-4a56426f0236'), condition=None, blocking_facility=None)]. The order of those handlers is not defined and they will be executed in random order. This might lead to race conditions and potential bugs.
2026-05-11 15:30:12,062 : INFO : EventManager : Unordered handler for class ConfigPlayer.event_player/events on event mode_pilot_training_mission_inverted_started with priority 200. Handlers: [RegisteredHandler(callback=<bound method ConfigPlayer.config_play_callback of ConfigPlayer.event_player/events>, priority=200, kwargs={'calling_context': 'mode_pilot_training_mission_inverted_started', 'mode': <Mode.pilot_mission_qualifier>, 'settings': {'ball_search_reset': [{'condition': None, 'number': None, 'priority': 0, 'params': {}}], 'ball_search_block': [{'condition': None, 'number': None, 'priority': 0, 'params': {}}]}}, key=UUID('b8221ad2-fde5-4f59-b9b0-13d2fc9de0ad'), condition=None, blocking_facility=None), RegisteredHandler(callback=<bound method ConfigPlayer.config_play_callback of ConfigPlayer.event_player/events>, priority=200, kwargs={'calling_context': 'mode_pilot_training_mission_inverted_started', 'mode': <Mode.iceman_letters>, 'settings': {'stop_all_training_pulse_shows': [{'condition': None, 'number': None, 'priority': 0, 'params': {}}]}}, key=UUID('4302b200-3e9d-4905-9693-070839b4ef24'), condition=None, blocking_facility=None)]. The order of those handlers is not defined and they will be executed in random order. This might lead to race conditions and potential bugs.
2026-05-11 15:30:12,062 : INFO : EventManager : Unordered handler for class ConfigPlayer.coil_player/coils on event mode_pilot_training_mission_missiles_started with priority 200. Handlers: [RegisteredHandler(callback=<bound method ConfigPlayer.config_play_callback of ConfigPlayer.coil_player/coils>, priority=200, kwargs={'calling_context': 'mode_pilot_training_mission_missiles_started', 'mode': <Mode.pilot_mission_qualifier>, 'settings': {<coil.c_mode_barrier>: {'action': 'disable', 'priority': 0, 'hold_power': None, 'pulse_power': None, 'pulse_ms': None, 'max_wait_ms': None}}}, key=UUID('acffd4d7-ec54-4243-8a65-ea811663fe28'), condition=None, blocking_facility=None), RegisteredHandler(callback=<bound method ConfigPlayer.config_play_callback of ConfigPlayer.coil_player/coils>, priority=200, kwargs={'calling_context': 'mode_pilot_training_mission_missiles_started', 'mode': <Mode.iceman_letters>, 'settings': {<coil.c_mode_barrier>: {'action': 'off', 'priority': 0, 'hold_power': None, 'pulse_power': None, 'pulse_ms': None, 'max_wait_ms': None}}}, key=UUID('327103ea-606d-4c3e-a612-b7abc73730d5'), condition=None, blocking_facility=None)]. The order of those handlers is not defined and they will be executed in random order. This might lead to race conditions and potential bugs.
2026-05-11 15:30:12,062 : INFO : EventManager : Unordered handler for class ConfigPlayer.event_player/events on event mode_pilot_training_mission_missiles_started with priority 200. Handlers: [RegisteredHandler(callback=<bound method ConfigPlayer.config_play_callback of ConfigPlayer.event_player/events>, priority=200, kwargs={'calling_context': 'mode_pilot_training_mission_missiles_started', 'mode': <Mode.pilot_mission_qualifier>, 'settings': {'ball_search_reset': [{'condition': None, 'number': None, 'priority': 0, 'params': {}}], 'ball_search_block': [{'condition': None, 'number': None, 'priority': 0, 'params': {}}]}}, key=UUID('a214eba4-cb7e-495c-a008-e8f8d88a9864'), condition=None, blocking_facility=None), RegisteredHandler(callback=<bound method ConfigPlayer.config_play_callback of ConfigPlayer.event_player/events>, priority=200, kwargs={'calling_context': 'mode_pilot_training_mission_missiles_started', 'mode': <Mode.iceman_letters>, 'settings': {'stop_all_training_pulse_shows': [{'condition': None, 'number': None, 'priority': 0, 'params': {}}]}}, key=UUID('ead63381-d312-4802-b8ba-1658bb6019b5'), condition=None, blocking_facility=None)]. The order of those handlers is not defined and they will be executed in random order. This might lead to race conditions and potential bugs.
2026-05-11 15:30:12,062 : INFO : EventManager : Unordered handler for class ConfigPlayer.coil_player/coils on event mode_pilot_training_mission_afterburner_started with priority 200. Handlers: [RegisteredHandler(callback=<bound method ConfigPlayer.config_play_callback of ConfigPlayer.coil_player/coils>, priority=200, kwargs={'calling_context': 'mode_pilot_training_mission_afterburner_started', 'mode': <Mode.pilot_mission_qualifier>, 'settings': {<coil.c_mode_barrier>: {'action': 'disable', 'priority': 0, 'hold_power': None, 'pulse_power': None, 'pulse_ms': None, 'max_wait_ms': None}}}, key=UUID('b64b2deb-010d-4da6-a876-e982654bae6a'), condition=None, blocking_facility=None), RegisteredHandler(callback=<bound method ConfigPlayer.config_play_callback of ConfigPlayer.coil_player/coils>, priority=200, kwargs={'calling_context': 'mode_pilot_training_mission_afterburner_started', 'mode': <Mode.iceman_letters>, 'settings': {<coil.c_mode_barrier>: {'action': 'off', 'priority': 0, 'hold_power': None, 'pulse_power': None, 'pulse_ms': None, 'max_wait_ms': None}}}, key=UUID('4ead59e9-8ab5-4192-99bf-7c9e3042571a'), condition=None, blocking_facility=None)]. The order of those handlers is not defined and they will be executed in random order. This might lead to race conditions and potential bugs.
2026-05-11 15:30:12,062 : INFO : EventManager : Unordered handler for class ConfigPlayer.event_player/events on event mode_pilot_training_mission_afterburner_started with priority 200. Handlers: [RegisteredHandler(callback=<bound method ConfigPlayer.config_play_callback of ConfigPlayer.event_player/events>, priority=200, kwargs={'calling_context': 'mode_pilot_training_mission_afterburner_started', 'mode': <Mode.pilot_mission_qualifier>, 'settings': {'ball_search_reset': [{'condition': None, 'number': None, 'priority': 0, 'params': {}}], 'ball_search_block': [{'condition': None, 'number': None, 'priority': 0, 'params': {}}]}}, key=UUID('6e42f4ef-c8fb-44c9-8c3a-e5dd12768582'), condition=None, blocking_facility=None), RegisteredHandler(callback=<bound method ConfigPlayer.config_play_callback of ConfigPlayer.event_player/events>, priority=200, kwargs={'calling_context': 'mode_pilot_training_mission_afterburner_started', 'mode': <Mode.iceman_letters>, 'settings': {'stop_all_training_pulse_shows': [{'condition': None, 'number': None, 'priority': 0, 'params': {}}]}}, key=UUID('41e9156f-10b3-431b-9eb0-595817ddf67c'), condition=None, blocking_facility=None)]. The order of those handlers is not defined and they will be executed in random order. This might lead to race conditions and potential bugs.
2026-05-11 15:30:12,062 : INFO : EventManager : Unordered handler for class ConfigPlayer.coil_player/coils on event mode_pilot_training_mission_wingman_started with priority 200. Handlers: [RegisteredHandler(callback=<bound method ConfigPlayer.config_play_callback of ConfigPlayer.coil_player/coils>, priority=200, kwargs={'calling_context': 'mode_pilot_training_mission_wingman_started', 'mode': <Mode.pilot_mission_qualifier>, 'settings': {<coil.c_mode_barrier>: {'action': 'disable', 'priority': 0, 'hold_power': None, 'pulse_power': None, 'pulse_ms': None, 'max_wait_ms': None}}}, key=UUID('4133015c-6274-4e72-af9b-7066db458aca'), condition=None, blocking_facility=None), RegisteredHandler(callback=<bound method ConfigPlayer.config_play_callback of ConfigPlayer.coil_player/coils>, priority=200, kwargs={'calling_context': 'mode_pilot_training_mission_wingman_started', 'mode': <Mode.iceman_letters>, 'settings': {<coil.c_mode_barrier>: {'action': 'off', 'priority': 0, 'hold_power': None, 'pulse_power': None, 'pulse_ms': None, 'max_wait_ms': None}}}, key=UUID('9e125618-38c0-49a0-b6b0-a19218573d7b'), condition=None, blocking_facility=None)]. The order of those handlers is not defined and they will be executed in random order. This might lead to race conditions and potential bugs.
2026-05-11 15:30:12,062 : INFO : EventManager : Unordered handler for class ConfigPlayer.event_player/events on event mode_pilot_training_mission_wingman_started with priority 200. Handlers: [RegisteredHandler(callback=<bound method ConfigPlayer.config_play_callback of ConfigPlayer.event_player/events>, priority=200, kwargs={'calling_context': 'mode_pilot_training_mission_wingman_started', 'mode': <Mode.pilot_mission_qualifier>, 'settings': {'ball_search_reset': [{'condition': None, 'number': None, 'priority': 0, 'params': {}}], 'ball_search_block': [{'condition': None, 'number': None, 'priority': 0, 'params': {}}]}}, key=UUID('e86b1481-5f5e-4b58-97ee-6f873a3ee7b6'), condition=None, blocking_facility=None), RegisteredHandler(callback=<bound method ConfigPlayer.config_play_callback of ConfigPlayer.event_player/events>, priority=200, kwargs={'calling_context': 'mode_pilot_training_mission_wingman_started', 'mode': <Mode.iceman_letters>, 'settings': {'stop_all_training_pulse_shows': [{'condition': None, 'number': None, 'priority': 0, 'params': {}}]}}, key=UUID('385db55b-0e23-4e02-8e85-31998ceb068a'), condition=None, blocking_facility=None)]. The order of those handlers is not defined and they will be executed in random order. This might lead to race conditions and potential bugs.
2026-05-11 15:30:12,062 : INFO : EventManager : Unordered handler for class ConfigPlayer.variable_player/variables on event player_added with priority 200. Handlers: [RegisteredHandler(callback=<bound method ConfigPlayer.config_play_callback of ConfigPlayer.variable_player/variables>, priority=200, kwargs={'calling_context': 'player_added', 'mode': <Mode.pilot_mission_qualifier>, 'settings': {'_pmq_initialized': {'action': 'set', 'int': <NativeTemplate 1>, 'priority': 0, 'float': None, 'string': None, 'block': False, 'player': None, 'condition': None}}}, key=UUID('ed684a02-a012-48cf-92b0-789514d2291d'), condition=None, blocking_facility=None), RegisteredHandler(callback=<bound method ConfigPlayer.config_play_callback of ConfigPlayer.variable_player/variables>, priority=200, kwargs={'calling_context': 'player_added', 'mode': <Mode.mig_letters>, 'settings': {'mig_letter_m': {'action': 'set', 'int': <NativeTemplate 0>, 'priority': 0, 'float': None, 'string': None, 'block': False, 'player': None, 'condition': None}, 'mig_letter_i': {'action': 'set', 'int': <NativeTemplate 0>, 'priority': 0, 'float': None, 'string': None, 'block': False, 'player': None, 'condition': None}, 'mig_letter_g': {'action': 'set', 'int': <NativeTemplate 0>, 'priority': 0, 'float': None, 'string': None, 'block': False, 'player': None, 'condition': None}, 'bonus_multiplier': {'action': 'set', 'int': <NativeTemplate 1>, 'priority': 0, 'float': None, 'string': None, 'block': False, 'player': None, 'condition': None}, 'mig_completing': {'action': 'set', 'int': <NativeTemplate 0>, 'priority': 0, 'float': None, 'string': None, 'block': False, 'player': None, 'condition': None}}}, key=UUID('6ec75e0a-eb2b-4255-9572-bce3c0ef80a9'), condition=None, blocking_facility=None), RegisteredHandler(callback=<bound method ConfigPlayer.config_play_callback of ConfigPlayer.variable_player/variables>, priority=200, kwargs={'calling_context': 'player_added', 'mode': <Mode.iceman_letters>, 'settings': {'iceman_letter_i': {'action': 'set', 'int': <NativeTemplate 0>, 'priority': 0, 'float': None, 'string': None, 'block': False, 'player': None, 'condition': None}, 'iceman_letter_c': {'action': 'set', 'int': <NativeTemplate 0>, 'priority': 0, 'float': None, 'string': None, 'block': False, 'player': None, 'condition': None}, 'iceman_letter_e': {'action': 'set', 'int': <NativeTemplate 0>, 'priority': 0, 'float': None, 'string': None, 'block': False, 'player': None, 'condition': None}, 'iceman_letter_m': {'action': 'set', 'int': <NativeTemplate 0>, 'priority': 0, 'float': None, 'string': None, 'block': False, 'player': None, 'condition': None}, 'iceman_letter_a': {'action': 'set', 'int': <NativeTemplate 0>, 'priority': 0, 'float': None, 'string': None, 'block': False, 'player': None, 'condition': None}, 'iceman_letter_n': {'action': 'set', 'int': <NativeTemplate 0>, 'priority': 0, 'float': None, 'string': None, 'block': False, 'player': None, 'condition': None}, 'iceman_completing': {'action': 'set', 'int': <NativeTemplate 0>, 'priority': 0, 'float': None, 'string': None, 'block': False, 'player': None, 'condition': None}, 'training_inverted_complete': {'action': 'set', 'int': <NativeTemplate 0>, 'priority': 0, 'float': None, 'string': None, 'block': False, 'player': None, 'condition': None}, 'training_missles_complete': {'action': 'set', 'int': <NativeTemplate 0>, 'priority': 0, 'float': None, 'string': None, 'block': False, 'player': None, 'condition': None}, 'training_afterburner_complete': {'action': 'set', 'int': <NativeTemplate 0>, 'priority': 0, 'float': None, 'string': None, 'block': False, 'player': None, 'condition': None}, 'training_wingman_complete': {'action': 'set', 'int': <NativeTemplate 0>, 'priority': 0, 'float': None, 'string': None, 'block': False, 'player': None, 'condition': None}, 'training_dogfight_complete': {'action': 'set', 'int': <NativeTemplate 0>, 'priority': 0, 'float': None, 'string': None, 'block': False, 'player': None, 'condition': None}, 'right_post_locked_out': {'action': 'set', 'int': <NativeTemplate 0>, 'priority': 0, 'float': None, 'string': None, 'block': False, 'player': None, 'condition': None}}}, key=UUID('739ea8fc-27f0-4a09-89c9-2f1c3e1289cc'), condition=None, blocking_facility=None)]. The order of those handlers is not defined and they will be executed in random order. This might lead to race conditions and potential bugs.
2026-05-11 15:30:12,062 : INFO : EventManager : Unordered handler for class ConfigPlayer.variable_player/variables on event player_added with priority 200. Handlers: [RegisteredHandler(callback=<bound method ConfigPlayer.config_play_callback of ConfigPlayer.variable_player/variables>, priority=200, kwargs={'calling_context': 'player_added', 'mode': <Mode.pilot_mission_qualifier>, 'settings': {'_pmq_initialized': {'action': 'set', 'int': <NativeTemplate 1>, 'priority': 0, 'float': None, 'string': None, 'block': False, 'player': None, 'condition': None}}}, key=UUID('ed684a02-a012-48cf-92b0-789514d2291d'), condition=None, blocking_facility=None), RegisteredHandler(callback=<bound method ConfigPlayer.config_play_callback of ConfigPlayer.variable_player/variables>, priority=200, kwargs={'calling_context': 'player_added', 'mode': <Mode.mig_letters>, 'settings': {'mig_letter_m': {'action': 'set', 'int': <NativeTemplate 0>, 'priority': 0, 'float': None, 'string': None, 'block': False, 'player': None, 'condition': None}, 'mig_letter_i': {'action': 'set', 'int': <NativeTemplate 0>, 'priority': 0, 'float': None, 'string': None, 'block': False, 'player': None, 'condition': None}, 'mig_letter_g': {'action': 'set', 'int': <NativeTemplate 0>, 'priority': 0, 'float': None, 'string': None, 'block': False, 'player': None, 'condition': None}, 'bonus_multiplier': {'action': 'set', 'int': <NativeTemplate 1>, 'priority': 0, 'float': None, 'string': None, 'block': False, 'player': None, 'condition': None}, 'mig_completing': {'action': 'set', 'int': <NativeTemplate 0>, 'priority': 0, 'float': None, 'string': None, 'block': False, 'player': None, 'condition': None}}}, key=UUID('6ec75e0a-eb2b-4255-9572-bce3c0ef80a9'), condition=None, blocking_facility=None), RegisteredHandler(callback=<bound method ConfigPlayer.config_play_callback of ConfigPlayer.variable_player/variables>, priority=200, kwargs={'calling_context': 'player_added', 'mode': <Mode.iceman_letters>, 'settings': {'iceman_letter_i': {'action': 'set', 'int': <NativeTemplate 0>, 'priority': 0, 'float': None, 'string': None, 'block': False, 'player': None, 'condition': None}, 'iceman_letter_c': {'action': 'set', 'int': <NativeTemplate 0>, 'priority': 0, 'float': None, 'string': None, 'block': False, 'player': None, 'condition': None}, 'iceman_letter_e': {'action': 'set', 'int': <NativeTemplate 0>, 'priority': 0, 'float': None, 'string': None, 'block': False, 'player': None, 'condition': None}, 'iceman_letter_m': {'action': 'set', 'int': <NativeTemplate 0>, 'priority': 0, 'float': None, 'string': None, 'block': False, 'player': None, 'condition': None}, 'iceman_letter_a': {'action': 'set', 'int': <NativeTemplate 0>, 'priority': 0, 'float': None, 'string': None, 'block': False, 'player': None, 'condition': None}, 'iceman_letter_n': {'action': 'set', 'int': <NativeTemplate 0>, 'priority': 0, 'float': None, 'string': None, 'block': False, 'player': None, 'condition': None}, 'iceman_completing': {'action': 'set', 'int': <NativeTemplate 0>, 'priority': 0, 'float': None, 'string': None, 'block': False, 'player': None, 'condition': None}, 'training_inverted_complete': {'action': 'set', 'int': <NativeTemplate 0>, 'priority': 0, 'float': None, 'string': None, 'block': False, 'player': None, 'condition': None}, 'training_missles_complete': {'action': 'set', 'int': <NativeTemplate 0>, 'priority': 0, 'float': None, 'string': None, 'block': False, 'player': None, 'condition': None}, 'training_afterburner_complete': {'action': 'set', 'int': <NativeTemplate 0>, 'priority': 0, 'float': None, 'string': None, 'block': False, 'player': None, 'condition': None}, 'training_wingman_complete': {'action': 'set', 'int': <NativeTemplate 0>, 'priority': 0, 'float': None, 'string': None, 'block': False, 'player': None, 'condition': None}, 'training_dogfight_complete': {'action': 'set', 'int': <NativeTemplate 0>, 'priority': 0, 'float': None, 'string': None, 'block': False, 'player': None, 'condition': None}, 'right_post_locked_out': {'action': 'set', 'int': <NativeTemplate 0>, 'priority': 0, 'float': None, 'string': None, 'block': False, 'player': None, 'condition': None}}}, key=UUID('739ea8fc-27f0-4a09-89c9-2f1c3e1289cc'), condition=None, blocking_facility=None)]. The order of those handlers is not defined and they will be executed in random order. This might lead to race conditions and potential bugs.
2026-05-11 15:30:12,063 : INFO : EventManager : Unordered handler for class ConfigPlayer.coil_player/coils on event mode_pilot_training_mission_inverted_started with priority 200. Handlers: [RegisteredHandler(callback=<bound method ConfigPlayer.config_play_callback of ConfigPlayer.coil_player/coils>, priority=200, kwargs={'calling_context': 'mode_pilot_training_mission_inverted_started', 'mode': <Mode.pilot_mission_qualifier>, 'settings': {<coil.c_mode_barrier>: {'action': 'disable', 'priority': 0, 'hold_power': None, 'pulse_power': None, 'pulse_ms': None, 'max_wait_ms': None}}}, key=UUID('b98e3846-a2fd-40b2-97c9-9ca6ad53f8cc'), condition=None, blocking_facility=None), RegisteredHandler(callback=<bound method ConfigPlayer.config_play_callback of ConfigPlayer.coil_player/coils>, priority=200, kwargs={'calling_context': 'mode_pilot_training_mission_inverted_started', 'mode': <Mode.iceman_letters>, 'settings': {<coil.c_mode_barrier>: {'action': 'off', 'priority': 0, 'hold_power': None, 'pulse_power': None, 'pulse_ms': None, 'max_wait_ms': None}}}, key=UUID('3f7c43d0-dbbd-4e2f-b094-4a56426f0236'), condition=None, blocking_facility=None)]. The order of those handlers is not defined and they will be executed in random order. This might lead to race conditions and potential bugs.
2026-05-11 15:30:12,063 : INFO : EventManager : Unordered handler for class ConfigPlayer.event_player/events on event mode_pilot_training_mission_inverted_started with priority 200. Handlers: [RegisteredHandler(callback=<bound method ConfigPlayer.config_play_callback of ConfigPlayer.event_player/events>, priority=200, kwargs={'calling_context': 'mode_pilot_training_mission_inverted_started', 'mode': <Mode.pilot_mission_qualifier>, 'settings': {'ball_search_reset': [{'condition': None, 'number': None, 'priority': 0, 'params': {}}], 'ball_search_block': [{'condition': None, 'number': None, 'priority': 0, 'params': {}}]}}, key=UUID('b8221ad2-fde5-4f59-b9b0-13d2fc9de0ad'), condition=None, blocking_facility=None), RegisteredHandler(callback=<bound method ConfigPlayer.config_play_callback of ConfigPlayer.event_player/events>, priority=200, kwargs={'calling_context': 'mode_pilot_training_mission_inverted_started', 'mode': <Mode.iceman_letters>, 'settings': {'stop_all_training_pulse_shows': [{'condition': None, 'number': None, 'priority': 0, 'params': {}}]}}, key=UUID('4302b200-3e9d-4905-9693-070839b4ef24'), condition=None, blocking_facility=None)]. The order of those handlers is not defined and they will be executed in random order. This might lead to race conditions and potential bugs.
2026-05-11 15:30:12,064 : INFO : EventManager : Unordered handler for class ConfigPlayer.coil_player/coils on event mode_pilot_training_mission_missiles_started with priority 200. Handlers: [RegisteredHandler(callback=<bound method ConfigPlayer.config_play_callback of ConfigPlayer.coil_player/coils>, priority=200, kwargs={'calling_context': 'mode_pilot_training_mission_missiles_started', 'mode': <Mode.pilot_mission_qualifier>, 'settings': {<coil.c_mode_barrier>: {'action': 'disable', 'priority': 0, 'hold_power': None, 'pulse_power': None, 'pulse_ms': None, 'max_wait_ms': None}}}, key=UUID('acffd4d7-ec54-4243-8a65-ea811663fe28'), condition=None, blocking_facility=None), RegisteredHandler(callback=<bound method ConfigPlayer.config_play_callback of ConfigPlayer.coil_player/coils>, priority=200, kwargs={'calling_context': 'mode_pilot_training_mission_missiles_started', 'mode': <Mode.iceman_letters>, 'settings': {<coil.c_mode_barrier>: {'action': 'off', 'priority': 0, 'hold_power': None, 'pulse_power': None, 'pulse_ms': None, 'max_wait_ms': None}}}, key=UUID('327103ea-606d-4c3e-a612-b7abc73730d5'), condition=None, blocking_facility=None)]. The order of those handlers is not defined and they will be executed in random order. This might lead to race conditions and potential bugs.
2026-05-11 15:30:12,064 : INFO : EventManager : Unordered handler for class ConfigPlayer.event_player/events on event mode_pilot_training_mission_missiles_started with priority 200. Handlers: [RegisteredHandler(callback=<bound method ConfigPlayer.config_play_callback of ConfigPlayer.event_player/events>, priority=200, kwargs={'calling_context': 'mode_pilot_training_mission_missiles_started', 'mode': <Mode.pilot_mission_qualifier>, 'settings': {'ball_search_reset': [{'condition': None, 'number': None, 'priority': 0, 'params': {}}], 'ball_search_block': [{'condition': None, 'number': None, 'priority': 0, 'params': {}}]}}, key=UUID('a214eba4-cb7e-495c-a008-e8f8d88a9864'), condition=None, blocking_facility=None), RegisteredHandler(callback=<bound method ConfigPlayer.config_play_callback of ConfigPlayer.event_player/events>, priority=200, kwargs={'calling_context': 'mode_pilot_training_mission_missiles_started', 'mode': <Mode.iceman_letters>, 'settings': {'stop_all_training_pulse_shows': [{'condition': None, 'number': None, 'priority': 0, 'params': {}}]}}, key=UUID('ead63381-d312-4802-b8ba-1658bb6019b5'), condition=None, blocking_facility=None)]. The order of those handlers is not defined and they will be executed in random order. This might lead to race conditions and potential bugs.
2026-05-11 15:30:12,064 : INFO : EventManager : Unordered handler for class ConfigPlayer.coil_player/coils on event mode_pilot_training_mission_afterburner_started with priority 200. Handlers: [RegisteredHandler(callback=<bound method ConfigPlayer.config_play_callback of ConfigPlayer.coil_player/coils>, priority=200, kwargs={'calling_context': 'mode_pilot_training_mission_afterburner_started', 'mode': <Mode.pilot_mission_qualifier>, 'settings': {<coil.c_mode_barrier>: {'action': 'disable', 'priority': 0, 'hold_power': None, 'pulse_power': None, 'pulse_ms': None, 'max_wait_ms': None}}}, key=UUID('b64b2deb-010d-4da6-a876-e982654bae6a'), condition=None, blocking_facility=None), RegisteredHandler(callback=<bound method ConfigPlayer.config_play_callback of ConfigPlayer.coil_player/coils>, priority=200, kwargs={'calling_context': 'mode_pilot_training_mission_afterburner_started', 'mode': <Mode.iceman_letters>, 'settings': {<coil.c_mode_barrier>: {'action': 'off', 'priority': 0, 'hold_power': None, 'pulse_power': None, 'pulse_ms': None, 'max_wait_ms': None}}}, key=UUID('4ead59e9-8ab5-4192-99bf-7c9e3042571a'), condition=None, blocking_facility=None)]. The order of those handlers is not defined and they will be executed in random order. This might lead to race conditions and potential bugs.
2026-05-11 15:30:12,064 : INFO : EventManager : Unordered handler for class ConfigPlayer.event_player/events on event mode_pilot_training_mission_afterburner_started with priority 200. Handlers: [RegisteredHandler(callback=<bound method ConfigPlayer.config_play_callback of ConfigPlayer.event_player/events>, priority=200, kwargs={'calling_context': 'mode_pilot_training_mission_afterburner_started', 'mode': <Mode.pilot_mission_qualifier>, 'settings': {'ball_search_reset': [{'condition': None, 'number': None, 'priority': 0, 'params': {}}], 'ball_search_block': [{'condition': None, 'number': None, 'priority': 0, 'params': {}}]}}, key=UUID('6e42f4ef-c8fb-44c9-8c3a-e5dd12768582'), condition=None, blocking_facility=None), RegisteredHandler(callback=<bound method ConfigPlayer.config_play_callback of ConfigPlayer.event_player/events>, priority=200, kwargs={'calling_context': 'mode_pilot_training_mission_afterburner_started', 'mode': <Mode.iceman_letters>, 'settings': {'stop_all_training_pulse_shows': [{'condition': None, 'number': None, 'priority': 0, 'params': {}}]}}, key=UUID('41e9156f-10b3-431b-9eb0-595817ddf67c'), condition=None, blocking_facility=None)]. The order of those handlers is not defined and they will be executed in random order. This might lead to race conditions and potential bugs.
2026-05-11 15:30:12,064 : INFO : EventManager : Unordered handler for class ConfigPlayer.coil_player/coils on event mode_pilot_training_mission_wingman_started with priority 200. Handlers: [RegisteredHandler(callback=<bound method ConfigPlayer.config_play_callback of ConfigPlayer.coil_player/coils>, priority=200, kwargs={'calling_context': 'mode_pilot_training_mission_wingman_started', 'mode': <Mode.pilot_mission_qualifier>, 'settings': {<coil.c_mode_barrier>: {'action': 'disable', 'priority': 0, 'hold_power': None, 'pulse_power': None, 'pulse_ms': None, 'max_wait_ms': None}}}, key=UUID('4133015c-6274-4e72-af9b-7066db458aca'), condition=None, blocking_facility=None), RegisteredHandler(callback=<bound method ConfigPlayer.config_play_callback of ConfigPlayer.coil_player/coils>, priority=200, kwargs={'calling_context': 'mode_pilot_training_mission_wingman_started', 'mode': <Mode.iceman_letters>, 'settings': {<coil.c_mode_barrier>: {'action': 'off', 'priority': 0, 'hold_power': None, 'pulse_power': None, 'pulse_ms': None, 'max_wait_ms': None}}}, key=UUID('9e125618-38c0-49a0-b6b0-a19218573d7b'), condition=None, blocking_facility=None)]. The order of those handlers is not defined and they will be executed in random order. This might lead to race conditions and potential bugs.
2026-05-11 15:30:12,064 : INFO : EventManager : Unordered handler for class ConfigPlayer.event_player/events on event mode_pilot_training_mission_wingman_started with priority 200. Handlers: [RegisteredHandler(callback=<bound method ConfigPlayer.config_play_callback of ConfigPlayer.event_player/events>, priority=200, kwargs={'calling_context': 'mode_pilot_training_mission_wingman_started', 'mode': <Mode.pilot_mission_qualifier>, 'settings': {'ball_search_reset': [{'condition': None, 'number': None, 'priority': 0, 'params': {}}], 'ball_search_block': [{'condition': None, 'number': None, 'priority': 0, 'params': {}}]}}, key=UUID('e86b1481-5f5e-4b58-97ee-6f873a3ee7b6'), condition=None, blocking_facility=None), RegisteredHandler(callback=<bound method ConfigPlayer.config_play_callback of ConfigPlayer.event_player/events>, priority=200, kwargs={'calling_context': 'mode_pilot_training_mission_wingman_started', 'mode': <Mode.iceman_letters>, 'settings': {'stop_all_training_pulse_shows': [{'condition': None, 'number': None, 'priority': 0, 'params': {}}]}}, key=UUID('385db55b-0e23-4e02-8e85-31998ceb068a'), condition=None, blocking_facility=None)]. The order of those handlers is not defined and they will be executed in random order. This might lead to race conditions and potential bugs.
2026-05-11 15:30:12,064 : INFO : EventManager : Unordered handler for class ConfigPlayer.variable_player/variables on event s_orbit_right_active with priority 200. Handlers: [RegisteredHandler(callback=<bound method ConfigPlayer.config_play_callback of ConfigPlayer.variable_player/variables>, priority=200, kwargs={'calling_context': 's_orbit_right_active', 'mode': <Mode.pilot_mission_qualifier>, 'settings': {'previous_switch_type': {'action': 'set', 'int': <NativeTemplate 0>, 'priority': 0, 'float': None, 'string': None, 'block': False, 'player': None, 'condition': None}}}, key=UUID('1a6ad389-90c7-4721-b77e-5937ae329252'), condition=None, blocking_facility=None), RegisteredHandler(callback=<bound method ConfigPlayer.config_play_callback of ConfigPlayer.variable_player/variables>, priority=200, kwargs={'calling_context': 's_orbit_right_active', 'mode': <Mode.iceman_letters>, 'settings': {'right_post_locked_out': {'action': 'set', 'int': <NativeTemplate 1>, 'priority': 0, 'float': None, 'string': None, 'block': False, 'player': None, 'condition': None}}}, key=UUID('02ca9f0b-fcd2-49b9-a4f2-f8797490ed4e'), condition=None, blocking_facility=None)]. The order of those handlers is not defined and they will be executed in random order. This might lead to race conditions and potential bugs.
2026-05-11 15:30:12,066 : INFO : EventManager : Unordered handler for class ConfigPlayer.variable_player/variables on event s_ramp_inner_exit_active with priority 200. Handlers: [RegisteredHandler(callback=<bound method ConfigPlayer.config_play_callback of ConfigPlayer.variable_player/variables>, priority=200, kwargs={'calling_context': 's_ramp_inner_exit_active', 'mode': <Mode.pilot_mission_qualifier>, 'settings': {'previous_switch_type': {'action': 'set', 'int': <NativeTemplate 0>, 'priority': 0, 'float': None, 'string': None, 'block': False, 'player': None, 'condition': None}}}, key=UUID('3706cb2e-e9f5-41e4-ac26-1eecf6639fd5'), condition=None, blocking_facility=None), RegisteredHandler(callback=<bound method ConfigPlayer.config_play_callback of ConfigPlayer.variable_player/variables>, priority=200, kwargs={'calling_context': 's_ramp_inner_exit_active', 'mode': <Mode.iceman_letters>, 'settings': {'right_post_locked_out': {'action': 'set', 'int': <NativeTemplate 1>, 'priority': 0, 'float': None, 'string': None, 'block': False, 'player': None, 'condition': None}}}, key=UUID('84d48d89-0158-4ef3-a004-3685bdd31d6a'), condition=None, blocking_facility=None)]. The order of those handlers is not defined and they will be executed in random order. This might lead to race conditions and potential bugs.
2026-05-11 15:30:12,066 : INFO : EventManager : Unordered handler for class ConfigPlayer.variable_player/variables on event s_orbit_upper_active with priority 200. Handlers: [RegisteredHandler(callback=<bound method ConfigPlayer.config_play_callback of ConfigPlayer.variable_player/variables>, priority=200, kwargs={'calling_context': 's_orbit_upper_active', 'mode': <Mode.pilot_mission_qualifier>, 'settings': {'previous_switch_type': {'action': 'set', 'int': <NativeTemplate 0>, 'priority': 0, 'float': None, 'string': None, 'block': False, 'player': None, 'condition': None}}}, key=UUID('712bf02d-f62a-4565-a8be-95c35a3a5328'), condition=None, blocking_facility=None), RegisteredHandler(callback=<bound method ConfigPlayer.config_play_callback of ConfigPlayer.variable_player/variables>, priority=200, kwargs={'calling_context': 's_orbit_upper_active', 'mode': <Mode.iceman_letters>, 'settings': {'right_post_locked_out': {'action': 'set', 'int': <NativeTemplate 1>, 'priority': 0, 'float': None, 'string': None, 'block': False, 'player': None, 'condition': None}}}, key=UUID('195e5f30-2898-4dce-be04-b146a25a85d2'), condition=None, blocking_facility=None)]. The order of those handlers is not defined and they will be executed in random order. This might lead to race conditions and potential bugs.
2026-05-11 15:30:12,066 : INFO : EventManager : Unordered handler for class ConfigPlayer.variable_player/variables on event s_spinner_active with priority 200. Handlers: [RegisteredHandler(callback=<bound method ConfigPlayer.config_play_callback of ConfigPlayer.variable_player/variables>, priority=200, kwargs={'calling_context': 's_spinner_active', 'mode': <Mode.pilot_mission_qualifier>, 'settings': {'spinner_spin_count': {'action': 'add', 'int': <NativeTemplate 1>, 'priority': 0, 'float': None, 'string': None, 'block': False, 'player': None, 'condition': None}, 'previous_switch_type': {'action': 'set', 'int': <NativeTemplate 0>, 'priority': 0, 'float': None, 'string': None, 'block': False, 'player': None, 'condition': None}}}, key=UUID('fda2b675-b7de-482b-be6b-88757802e95d'), condition=None, blocking_facility=None), RegisteredHandler(callback=<bound method ConfigPlayer.config_play_callback of ConfigPlayer.variable_player/variables>, priority=200, kwargs={'calling_context': 's_spinner_active', 'mode': <Mode.iceman_letters>, 'settings': {'right_post_locked_out': {'action': 'set', 'int': <NativeTemplate 1>, 'priority': 0, 'float': None, 'string': None, 'block': False, 'player': None, 'condition': None}}}, key=UUID('6f6f5f33-090f-49d0-84c2-628b074b049d'), condition=None, blocking_facility=None)]. The order of those handlers is not defined and they will be executed in random order. This might lead to race conditions and potential bugs.
2026-05-11 15:30:12,067 : INFO : EventManager : Event: ======'mode_iceman_letters_starting'====== Args={'queue': <QueuedEvent>, 'player': 1, 'ball': 1, 'balls_remaining': 2, 'is_extra_ball': False}
2026-05-11 15:30:12,067 : INFO : EventManager : Event: ======'start_mode_bumpers'====== Args={'priority': 0}
2026-05-11 15:30:12,067 : INFO : EventManager : Event: ======'right_ramp_down'====== Args={'priority': 0}
2026-05-11 15:30:12,067 : INFO : EventManager : Event: ======'lock_released'====== Args={'priority': 0}
2026-05-11 15:30:12,068 : INFO : EventManager : Event: ======'player_total_scoring_multiplier'====== Args={'value': 1.0, 'prev_value': 0, 'change': 1.0, 'player_num': 1, 'source': 'base'}
2026-05-11 15:30:12,068 : INFO : EventManager : Event: ======'player_bonus_switches_count'====== Args={'value': 0, 'prev_value': 0, 'change': 0, 'player_num': 1, 'source': 'base'}
2026-05-11 15:30:12,069 : INFO : EventManager : Event: ======'player_bonus_ramps_count'====== Args={'value': 0, 'prev_value': 0, 'change': 0, 'player_num': 1, 'source': 'base'}
2026-05-11 15:30:12,069 : INFO : EventManager : Event: ======'player_bonus_highest_mach'====== Args={'value': 0, 'prev_value': 0, 'change': 0, 'player_num': 1, 'source': 'base'}
2026-05-11 15:30:12,069 : INFO : EventManager : Event: ======'player_bonus_multiplier'====== Args={'value': 1, 'prev_value': 0, 'change': 1, 'player_num': 1, 'source': 'base'}
2026-05-11 15:30:12,069 : INFO : EventManager : Event: ======'player_pilot_mode_drain_pending'====== Args={'value': 0, 'prev_value': 0, 'change': 0, 'player_num': 1, 'source': 'base'}
2026-05-11 15:30:12,069 : INFO : EventManager : Event: ======'player_spinner_sound_toggle'====== Args={'value': 0, 'prev_value': 0, 'change': 0, 'player_num': 1, 'source': 'base'}
2026-05-11 15:30:12,069 : INFO : EventManager : Event: ======'mode_bumpers_will_start'====== Args={'priority': 0}
2026-05-11 15:30:12,070 : INFO : EventManager : Event: ======'player_shot_bumper_left_enabled'====== Args={'value': True, 'prev_value': 0, 'change': 1, 'player_num': 1}
2026-05-11 15:30:12,070 : INFO : EventManager : Event: ======'player_shot_bumper_center_enabled'====== Args={'value': True, 'prev_value': 0, 'change': 1, 'player_num': 1}
2026-05-11 15:30:12,070 : INFO : EventManager : Event: ======'player_shot_bumper_right_enabled'====== Args={'value': True, 'prev_value': 0, 'change': 1, 'player_num': 1}
2026-05-11 15:30:12,070 : INFO : EventManager : Event: ======'bumpers_complete'====== Args={'state': 'unlit'}
2026-05-11 15:30:12,070 : INFO : EventManager : Event: ======'bumpers_unlit_complete'====== Args={}
2026-05-11 15:30:12,071 : INFO : EventManager : Event: ======'mode_bumpers_starting'====== Args={'priority': 0}
2026-05-11 15:30:12,071 : INFO : coil.c_right_orbit_diverter : Disabling Driver
2026-05-11 15:30:12,071 : INFO : Mode.bumpers : Started. Priority: 200
2026-05-11 15:30:12,071 : INFO : EventManager : Event: ======'modes_active_modes_changed'====== Args={}
2026-05-11 15:30:12,071 : INFO : EventManager : Event: ======'mode_bumpers_started'====== Args={'priority': 0}
2026-05-11 15:30:12,071 : INFO : Mode.iceman_letters : Started. Priority: 200
2026-05-11 15:30:12,071 : INFO : EventManager : Event: ======'modes_active_modes_changed'====== Args={}
2026-05-11 15:30:12,071 : INFO : EventManager : Event: ======'mode_iceman_letters_started'====== Args={'queue': <QueuedEvent>, 'player': 1, 'ball': 1, 'balls_remaining': 2, 'is_extra_ball': False}
2026-05-11 15:30:12,072 : INFO : EventManager : Event: ======'restore_training_mission_light'====== Args={'priority': 0}
2026-05-11 15:30:12,072 : INFO : Mode.top_gun_multiball_locks : Started. Priority: 200
2026-05-11 15:30:12,072 : INFO : EventManager : Event: ======'modes_active_modes_changed'====== Args={}
2026-05-11 15:30:12,072 : INFO : EventManager : Event: ======'mode_top_gun_multiball_locks_started'====== Args={'queue': <QueuedEvent>, 'player': 1, 'ball': 1, 'balls_remaining': 2, 'is_extra_ball': False}
2026-05-11 15:30:12,073 : INFO : EventManager : Event: ======'player_multiball_starting'====== Args={'value': 0, 'prev_value': 0, 'change': 0, 'player_num': 1, 'source': 'top_gun_multiball_locks'}
2026-05-11 15:30:12,073 : INFO : EventManager : Event: ======'player_lock_partial_callout_index'====== Args={'value': 0, 'prev_value': 0, 'change': 0, 'player_num': 1, 'source': 'top_gun_multiball_locks'}
2026-05-11 15:30:12,073 : INFO : EventManager : Event: ======'player_lock_pending_letter'====== Args={'value': 0, 'prev_value': 0, 'change': 0, 'player_num': 1, 'source': 'top_gun_multiball_locks'}
2026-05-11 15:30:12,073 : INFO : EventManager : Event: ======'player_lock_collection_paused'====== Args={'value': 0, 'prev_value': 0, 'change': 0, 'player_num': 1, 'source': 'top_gun_multiball_locks'}
2026-05-11 15:30:12,073 : INFO : EventManager : Event: ======'player_lock_timer_paused'====== Args={'value': 0, 'prev_value': 0, 'change': 0, 'player_num': 1, 'source': 'top_gun_multiball_locks'}
2026-05-11 15:30:12,073 : INFO : Mode.mig_letters : Started. Priority: 200
2026-05-11 15:30:12,074 : INFO : EventManager : Event: ======'modes_active_modes_changed'====== Args={}
2026-05-11 15:30:12,074 : INFO : EventManager : Event: ======'mode_mig_letters_started'====== Args={'queue': <QueuedEvent>, 'player': 1, 'ball': 1, 'balls_remaining': 2, 'is_extra_ball': False}
2026-05-11 15:30:12,074 : INFO : Mode.hard_deck_qualifiers : Started. Priority: 200
2026-05-11 15:30:12,074 : INFO : EventManager : Event: ======'modes_active_modes_changed'====== Args={}
2026-05-11 15:30:12,074 : INFO : EventManager : Event: ======'mode_hard_deck_qualifiers_started'====== Args={'queue': <QueuedEvent>, 'player': 1, 'ball': 1, 'balls_remaining': 2, 'is_extra_ball': False}
2026-05-11 15:30:12,074 : INFO : Mode.pilot_mission_qualifier : Started. Priority: 200
2026-05-11 15:30:12,074 : INFO : EventManager : Event: ======'modes_active_modes_changed'====== Args={}
2026-05-11 15:30:12,074 : INFO : EventManager : Event: ======'mode_pilot_mission_qualifier_started'====== Args={'queue': <QueuedEvent>, 'player': 1, 'ball': 1, 'balls_remaining': 2, 'is_extra_ball': False}
2026-05-11 15:30:12,075 : INFO : EventManager : Event: ======'check_all_pilot_modes_played'====== Args={'priority': 0}
2026-05-11 15:30:12,075 : INFO : EventManager : Event: ======'update_training_qual_lights'====== Args={'priority': 0}
2026-05-11 15:30:12,075 : INFO : EventManager : Event: ======'spot_topgun_letter'====== Args={'priority': 0}
2026-05-11 15:30:12,076 : INFO : EventManager : Event: ======'update_qualifying_show'====== Args={'priority': 0}
2026-05-11 15:30:12,076 : INFO : EventManager : Event: ======'update_training_qual_lights'====== Args={'priority': 0}
2026-05-11 15:30:12,077 : INFO : EventManager : Event: ======'player_topgun_shots_collected'====== Args={'value': 1, 'prev_value': 0, 'change': 1, 'player_num': 1, 'source': 'pilot_mission_qualifier'}
2026-05-11 15:30:12,077 : INFO : EventManager : Event: ======'topgun_letter_t_lit'====== Args={'priority': 0}
2026-05-11 15:30:12,079 : INFO : Mode.goose_letters : Started. Priority: 210
2026-05-11 15:30:12,079 : INFO : EventManager : Event: ======'modes_active_modes_changed'====== Args={}
2026-05-11 15:30:12,079 : INFO : EventManager : Event: ======'mode_goose_letters_started'====== Args={'queue': <QueuedEvent>, 'player': 1, 'ball': 1, 'balls_remaining': 2, 'is_extra_ball': False}
2026-05-11 15:30:12,079 : INFO : EventManager : Event: ======'player_ejection_shots_completed'====== Args={'value': 0, 'prev_value': 0, 'change': 0, 'player_num': 1, 'source': 'goose_letters'}
2026-05-11 15:30:12,079 : INFO : EventManager : Event: ======'player_ejection_shots_needed'====== Args={'value': 3, 'prev_value': 0, 'change': 3, 'player_num': 1, 'source': 'goose_letters'}
2026-05-11 15:30:12,079 : INFO : EventManager : Event: ======'player_goose_milestone'====== Args={'value': 3, 'prev_value': 0, 'change': 3, 'player_num': 1, 'source': 'goose_letters'}
2026-05-11 15:30:12,079 : INFO : EventManager : Event: ======'player_goose_next_award_name'====== Args={'value': 'Extra Ball', 'prev_value': 0, 'change': True, 'player_num': 1, 'source': 'goose_letters'}
2026-05-11 15:30:12,079 : INFO : EventManager : Event: ======'player_goose_next_eject_target'====== Args={'value': 3, 'prev_value': 0, 'change': 3, 'player_num': 1, 'source': 'goose_letters'}
2026-05-11 15:30:12,079 : INFO : EventManager : Event: ======'player_goose_next_mystery_target'====== Args={'value': 5, 'prev_value': 0, 'change': 5, 'player_num': 1, 'source': 'goose_letters'}
2026-05-11 15:30:12,080 : INFO : Mode.2x_playfield : Started. Priority: 250
2026-05-11 15:30:12,080 : INFO : EventManager : Event: ======'modes_active_modes_changed'====== Args={}
2026-05-11 15:30:12,080 : INFO : EventManager : Event: ======'mode_2x_playfield_started'====== Args={'queue': <QueuedEvent>, 'player': 1, 'ball': 1, 'balls_remaining': 2, 'is_extra_ball': False}
2026-05-11 15:30:12,080 : INFO : EventManager : Event: ======'x2_update_display'====== Args={'priority': 0}
2026-05-11 15:30:12,080 : INFO : EventManager : Event: ======'x2_show_progress_slides'====== Args={'priority': 0}
2026-05-11 15:30:12,080 : INFO : EventManager : Event: ======'player_x2_completions_needed'====== Args={'value': 2, 'prev_value': 0, 'change': 2, 'player_num': 1, 'source': '2x_playfield'}
2026-05-11 15:30:12,080 : INFO : EventManager : Event: ======'player_x2_rounds_complete'====== Args={'value': 0, 'prev_value': 0, 'change': 0, 'player_num': 1, 'source': '2x_playfield'}
2026-05-11 15:30:12,080 : INFO : Mode.mach_scoring : Started. Priority: 500
2026-05-11 15:30:12,080 : INFO : EventManager : Event: ======'modes_active_modes_changed'====== Args={}
2026-05-11 15:30:12,080 : INFO : EventManager : Event: ======'mode_mach_scoring_started'====== Args={'queue': <QueuedEvent>, 'player': 1, 'ball': 1, 'balls_remaining': 2, 'is_extra_ball': False}
2026-05-11 15:30:12,081 : INFO : Mode.ball_save : Started. Priority: 150
2026-05-11 15:30:12,081 : INFO : EventManager : Event: ======'modes_active_modes_changed'====== Args={}
2026-05-11 15:30:12,081 : INFO : EventManager : Event: ======'mode_ball_save_started'====== Args={'queue': <QueuedEvent>, 'player': 1, 'ball': 1, 'balls_remaining': 2, 'is_extra_ball': False}
2026-05-11 15:30:12,081 : INFO : EventManager : Event: ======'ball_save_new_ball_enable'====== Args={'priority': 0}
2026-05-11 15:30:12,081 : INFO : EventManager : Event: ======'player_consecutive_ball_saves'====== Args={'value': 0, 'prev_value': 0, 'change': 0, 'player_num': 1, 'source': 'ball_save'}
2026-05-11 15:30:12,081 : INFO : EventManager : Event: ======'ball_save_new_ball_save_enabled'====== Args={}
2026-05-11 15:30:12,081 : INFO : EventManager : Event: ======'player_ball_save_active'====== Args={'value': 1, 'prev_value': 0, 'change': 1, 'player_num': 1, 'source': 'ball_save'}
2026-05-11 15:30:12,081 : INFO : Mode.shot_missed_callout_randomizer : Started. Priority: 150
2026-05-11 15:30:12,081 : INFO : EventManager : Event: ======'modes_active_modes_changed'====== Args={}
2026-05-11 15:30:12,081 : INFO : EventManager : Event: ======'mode_shot_missed_callout_randomizer_started'====== Args={'queue': <QueuedEvent>, 'player': 1, 'ball': 1, 'balls_remaining': 2, 'is_extra_ball': False}
2026-05-11 15:30:12,081 : INFO : Mode.shot_made_callout_randomizer : Started. Priority: 150
2026-05-11 15:30:12,082 : INFO : EventManager : Event: ======'modes_active_modes_changed'====== Args={}
2026-05-11 15:30:12,082 : INFO : EventManager : Event: ======'mode_shot_made_callout_randomizer_started'====== Args={'queue': <QueuedEvent>, 'player': 1, 'ball': 1, 'balls_remaining': 2, 'is_extra_ball': False}
2026-05-11 15:30:12,082 : INFO : Mode.tilt : Started. Priority: 10000
2026-05-11 15:30:12,082 : INFO : EventManager : Event: ======'modes_active_modes_changed'====== Args={}
2026-05-11 15:30:12,082 : INFO : EventManager : Event: ======'mode_tilt_started'====== Args={'queue': <QueuedEvent>, 'player': 1, 'ball': 1, 'balls_remaining': 2, 'is_extra_ball': False}
2026-05-11 15:30:12,082 : INFO : EventManager : Unordered handler for class ConfigPlayer.variable_player/variables on event ball_will_end with priority 200. Handlers: [RegisteredHandler(callback=<bound method ConfigPlayer.config_play_callback of ConfigPlayer.variable_player/variables>, priority=200, kwargs={'calling_context': 'ball_will_end', 'mode': <Mode.pilot_mission_qualifier>, 'settings': {'mystery_just_lit_pilot': {'action': 'set', 'int': <NativeTemplate 0>, 'priority': 0, 'float': None, 'string': None, 'block': False, 'player': None, 'condition': None}, 'scoop_release_pending': {'action': 'set', 'int': <NativeTemplate 0>, 'priority': 0, 'float': None, 'string': None, 'block': False, 'player': None, 'condition': None}}}, key=UUID('ae723b50-a055-4724-934a-5c372b28500d'), condition=None, blocking_facility=None), RegisteredHandler(callback=<bound method ConfigPlayer.config_play_callback of ConfigPlayer.variable_player/variables>, priority=200, kwargs={'calling_context': 'ball_will_end', 'mode': <Mode.mig_letters>, 'settings': {'mig_letter_m': {'action': 'set', 'int': <NativeTemplate 0>, 'priority': 0, 'float': None, 'string': None, 'block': False, 'player': None, 'condition': None}, 'mig_letter_i': {'action': 'set', 'int': <NativeTemplate 0>, 'priority': 0, 'float': None, 'string': None, 'block': False, 'player': None, 'condition': None}, 'mig_letter_g': {'action': 'set', 'int': <NativeTemplate 0>, 'priority': 0, 'float': None, 'string': None, 'block': False, 'player': None, 'condition': None}, 'mig_completing': {'action': 'set', 'int': <NativeTemplate 0>, 'priority': 0, 'float': None, 'string': None, 'block': False, 'player': None, 'condition': None}}}, key=UUID('b9727e7b-11a4-45f3-8e21-f952364d51d6'), condition=None, blocking_facility=None)]. The order of those handlers is not defined and they will be executed in random order. This might lead to race conditions and potential bugs.
2026-05-11 15:30:12,082 : INFO : EventManager : Event: ======'balls_in_play'====== Args={'balls': 1}
2026-05-11 15:30:12,082 : INFO : EventManager : Event: ======'ball_started'====== Args={'player': 1, 'ball': 1, 'balls_remaining': 2, 'is_extra_ball': False}
2026-05-11 15:30:12,083 : INFO : EventManager : Event: ======'player_left_orbit_diverter_active'====== Args={'value': 0, 'prev_value': 0, 'change': 0, 'player_num': 1, 'source': 'pilot_mission_qualifier'}
2026-05-11 15:30:12,084 : INFO : EventManager : Event: ======'player_previous_switch_type'====== Args={'value': 0, 'prev_value': 0, 'change': 0, 'player_num': 1, 'source': 'pilot_mission_qualifier'}
2026-05-11 15:30:12,084 : INFO : EventManager : Event: ======'player_topgun_skip_video'====== Args={'value': 0, 'prev_value': 0, 'change': 0, 'player_num': 1, 'source': 'pilot_mission_qualifier'}
2026-05-11 15:30:12,084 : INFO : EventManager : Event: ======'player_topgun_ll_sixth_letter'====== Args={'value': 0, 'prev_value': 0, 'change': 0, 'player_num': 1, 'source': 'pilot_mission_qualifier'}
2026-05-11 15:30:12,084 : INFO : EventManager : Event: ======'mode_extra_ball_will_start'====== Args={'player': 1, 'ball': 1, 'balls_remaining': 2, 'is_extra_ball': False}
2026-05-11 15:30:12,084 : INFO : EventManager : Event: ======'player_extra_ball_main_num_awarded'====== Args={'value': 0, 'prev_value': 0, 'change': 0, 'player_num': 1}
2026-05-11 15:30:12,084 : INFO : EventManager : Event: ======'player_extra_ball_extra_ball_hold_tick'====== Args={'value': 5, 'prev_value': 0, 'change': 5, 'player_num': 1}
2026-05-11 15:30:12,086 : INFO : EventManager : Unordered handler for class ConfigPlayer.variable_player/variables on event ball_will_end with priority 200. Handlers: [RegisteredHandler(callback=<bound method ConfigPlayer.config_play_callback of ConfigPlayer.variable_player/variables>, priority=200, kwargs={'calling_context': 'ball_will_end', 'mode': <Mode.pilot_mission_qualifier>, 'settings': {'mystery_just_lit_pilot': {'action': 'set', 'int': <NativeTemplate 0>, 'priority': 0, 'float': None, 'string': None, 'block': False, 'player': None, 'condition': None}, 'scoop_release_pending': {'action': 'set', 'int': <NativeTemplate 0>, 'priority': 0, 'float': None, 'string': None, 'block': False, 'player': None, 'condition': None}}}, key=UUID('ae723b50-a055-4724-934a-5c372b28500d'), condition=None, blocking_facility=None), RegisteredHandler(callback=<bound method ConfigPlayer.config_play_callback of ConfigPlayer.variable_player/variables>, priority=200, kwargs={'calling_context': 'ball_will_end', 'mode': <Mode.mig_letters>, 'settings': {'mig_letter_m': {'action': 'set', 'int': <NativeTemplate 0>, 'priority': 0, 'float': None, 'string': None, 'block': False, 'player': None, 'condition': None}, 'mig_letter_i': {'action': 'set', 'int': <NativeTemplate 0>, 'priority': 0, 'float': None, 'string': None, 'block': False, 'player': None, 'condition': None}, 'mig_letter_g': {'action': 'set', 'int': <NativeTemplate 0>, 'priority': 0, 'float': None, 'string': None, 'block': False, 'player': None, 'condition': None}, 'mig_completing': {'action': 'set', 'int': <NativeTemplate 0>, 'priority': 0, 'float': None, 'string': None, 'block': False, 'player': None, 'condition': None}}}, key=UUID('b9727e7b-11a4-45f3-8e21-f952364d51d6'), condition=None, blocking_facility=None)]. The order of those handlers is not defined and they will be executed in random order. This might lead to race conditions and potential bugs.
2026-05-11 15:30:12,086 : INFO : EventManager : Unordered handler for class ConfigPlayer.variable_player/variables on event ball_will_end with priority 200. Handlers: [RegisteredHandler(callback=<bound method ConfigPlayer.config_play_callback of ConfigPlayer.variable_player/variables>, priority=200, kwargs={'calling_context': 'ball_will_end', 'mode': <Mode.pilot_mission_qualifier>, 'settings': {'mystery_just_lit_pilot': {'action': 'set', 'int': <NativeTemplate 0>, 'priority': 0, 'float': None, 'string': None, 'block': False, 'player': None, 'condition': None}, 'scoop_release_pending': {'action': 'set', 'int': <NativeTemplate 0>, 'priority': 0, 'float': None, 'string': None, 'block': False, 'player': None, 'condition': None}}}, key=UUID('ae723b50-a055-4724-934a-5c372b28500d'), condition=None, blocking_facility=None), RegisteredHandler(callback=<bound method ConfigPlayer.config_play_callback of ConfigPlayer.variable_player/variables>, priority=200, kwargs={'calling_context': 'ball_will_end', 'mode': <Mode.mig_letters>, 'settings': {'mig_letter_m': {'action': 'set', 'int': <NativeTemplate 0>, 'priority': 0, 'float': None, 'string': None, 'block': False, 'player': None, 'condition': None}, 'mig_letter_i': {'action': 'set', 'int': <NativeTemplate 0>, 'priority': 0, 'float': None, 'string': None, 'block': False, 'player': None, 'condition': None}, 'mig_letter_g': {'action': 'set', 'int': <NativeTemplate 0>, 'priority': 0, 'float': None, 'string': None, 'block': False, 'player': None, 'condition': None}, 'mig_completing': {'action': 'set', 'int': <NativeTemplate 0>, 'priority': 0, 'float': None, 'string': None, 'block': False, 'player': None, 'condition': None}}}, key=UUID('b9727e7b-11a4-45f3-8e21-f952364d51d6'), condition=None, blocking_facility=None)]. The order of those handlers is not defined and they will be executed in random order. This might lead to race conditions and potential bugs.
2026-05-11 15:30:12,088 : INFO : EventManager : Event: ======'mode_extra_ball_starting'====== Args={'player': 1, 'ball': 1, 'balls_remaining': 2, 'is_extra_ball': False}
2026-05-11 15:30:12,088 : INFO : Timer.lock_letter_sound_delay : Stopping Timer
2026-05-11 15:30:12,088 : INFO : EventManager : Event: ======'timer_lock_letter_sound_delay_stopped'====== Args={'ticks': 0, 'ticks_remaining': 0}
2026-05-11 15:30:12,089 : INFO : Mode.extra_ball : Started. Priority: 150
2026-05-11 15:30:12,089 : INFO : EventManager : Event: ======'modes_active_modes_changed'====== Args={}
2026-05-11 15:30:12,089 : INFO : EventManager : Event: ======'mode_extra_ball_started'====== Args={'player': 1, 'ball': 1, 'balls_remaining': 2, 'is_extra_ball': False}
2026-05-11 15:30:12,089 : INFO : EventManager : Event: ======'player_extra_ball_collecting'====== Args={'value': 0, 'prev_value': 0, 'change': 0, 'player_num': 1, 'source': 'extra_ball'}
2026-05-11 15:30:12,090 : INFO : EventManager : Event: ======'single_player_ball_started'====== Args={}
2026-05-11 15:30:12,092 : INFO : EventManager : Event: ======'ball_start_target'====== Args={'target': 'playfield'}
2026-05-11 15:30:12,093 : INFO : ball_device.bd_plunger : Setting up player-controlled eject. Balls: 1, Target: <playfield.playfield>, player_controlled_eject_event: None
2026-05-11 15:30:12,094 : INFO : EventManager : Event: ======'balldevice_balls_available'====== Args={}
2026-05-11 15:30:12,097 : INFO : ball_device.bd_trough : State: waiting_for_target_ready
2026-05-11 15:30:12,097 : INFO : EventManager : Event: ======'balldevice_bd_trough_ball_eject_attempt'====== Args={'balls': 1, 'target': <ball_device.bd_plunger>, 'source': <ball_device.bd_trough>, 'mechanical_eject': True, 'num_attempts': 0}
2026-05-11 15:30:12,097 : INFO : ball_device.bd_plunger : State: waiting_for_ball
2026-05-11 15:30:12,099 : INFO : ball_device.bd_trough : State: ejecting
2026-05-11 15:30:12,099 : INFO : ball_device.bd_trough : Ejecting ball to <ball_device.bd_plunger>
2026-05-11 15:30:12,099 : INFO : EventManager : Event: ======'balldevice_bd_trough_ejecting_ball'====== Args={'balls': 1, 'target': <ball_device.bd_plunger>, 'source': <ball_device.bd_trough>, 'mechanical_eject': True, 'num_attempts': 0}
2026-05-11 15:30:12,101 : INFO : ball_device.bd_trough : Wait for ball to leave device
2026-05-11 15:30:12,102 : INFO : coil.c_trough_eject : Pulsing Driver for 25ms (0.75 pulse_power)
2026-05-11 15:30:12,134 : INFO : SwitchController : <<<<<<< 's_trough_1' inactive >>>>>>>
2026-05-11 15:30:12,134 : INFO : SwitchController : <<<<<<< 's_jam' active >>>>>>>
2026-05-11 15:30:12,135 : INFO : EventManager : Event: ======'machine_var_audits_switches_s_jam'====== Args={'value': 5524, 'prev_value': 5523, 'change': 1}
2026-05-11 15:30:12,136 : INFO : ball_device.bd_trough : State: ball_left
2026-05-11 15:30:12,136 : INFO : ball_device.bd_trough : Ball left
2026-05-11 15:30:12,136 : INFO : ball_device.bd_trough : Wait for confirm with timeout 3.0
2026-05-11 15:30:12,156 : INFO : EventManager : Unordered handler for class <BCP Interface> on event player_turn_started with priority 1. Handlers: [RegisteredHandler(callback=<bound method BcpInterface._player_turn_start of <BCP Interface>>, priority=1, kwargs={}, key=UUID('dd59ec63-60b2-4e6c-a3d2-f15683657aed'), condition=None, blocking_facility=None), RegisteredHandler(callback=<bound method BcpInterface.bcp_trigger of <BCP Interface>>, priority=1, kwargs={'name': 'player_turn_started'}, key=UUID('9f311ce1-3367-4db8-b84b-62e4e63398e2'), condition=None, blocking_facility=None)]. The order of those handlers is not defined and they will be executed in random order. This might lead to race conditions and potential bugs.
2026-05-11 15:30:12,157 : INFO : EventManager : Event: ======'slide_base_slide_created'====== Args={'_from_bcp': True}
2026-05-11 15:30:12,157 : INFO : SwitchController : <<<<<<< 's_jam' inactive >>>>>>>
2026-05-11 15:30:12,157 : INFO : EventManager : Event: ======'slide_attract_inactive'====== Args={'is_removing': True, '_from_bcp': True}
2026-05-11 15:30:12,158 : INFO : EventManager : Event: ======'slide_base_slide_active'====== Args={'original_context': 'base', 'original_calling_context': 'mode_base_started', 'priority': 100.0, 'queue': '<QueuedEvent>', 'player': 1.0, 'ball': 1.0, 'balls_remaining': 2.0, 'is_extra_ball': False, 'cmd': 'slides_play', '_from_bcp': True}
2026-05-11 15:30:12,159 : INFO : EventManager : Event: ======'slide_attract_removed'====== Args={'_from_bcp': True}
2026-05-11 15:30:12,172 : INFO : EventManager : Event: ======'slide_topgun_0_created'====== Args={'_from_bcp': True}
2026-05-11 15:30:12,172 : INFO : EventManager : Event: ======'slide_base_slide_inactive'====== Args={'is_removing': False, '_from_bcp': True}
2026-05-11 15:30:12,172 : INFO : EventManager : Event: ======'slide_topgun_0_active'====== Args={'original_context': 'pilot_mission_qualifier', 'original_calling_context': 'mode_pilot_mission_qualifier_started{current_player.topgun_shots_collected==0 and current_player.qualified_mode_number==0}', 'priority': 200.0, 'queue': '<QueuedEvent>', 'player': 1.0, 'ball': 1.0, 'balls_remaining': 2.0, 'is_extra_ball': False, 'cmd': 'slides_play', '_from_bcp': True}
2026-05-11 15:30:12,173 : INFO : EventManager : Event: ======'slide_topgun_0_inactive'====== Args={'is_removing': True, '_from_bcp': True}
2026-05-11 15:30:12,173 : INFO : EventManager : Event: ======'slide_base_slide_active'====== Args={'_from_bcp': True}
2026-05-11 15:30:12,173 : INFO : EventManager : Event: ======'slide_topgun_0_removed'====== Args={'_from_bcp': True}
2026-05-11 15:30:12,185 : INFO : EventManager : Event: ======'slide_topgun_1_created'====== Args={'_from_bcp': True}
2026-05-11 15:30:12,185 : INFO : EventManager : Event: ======'slide_base_slide_inactive'====== Args={'is_removing': False, '_from_bcp': True}
2026-05-11 15:30:12,186 : INFO : EventManager : Event: ======'slide_topgun_1_active'====== Args={'original_context': 'pilot_mission_qualifier', 'original_calling_context': 'topgun_letter_t_lit', 'priority': 200.0, 'cmd': 'slides_play', '_from_bcp': True}
2026-05-11 15:30:12,186 : INFO : EventManager : Event: ======'slide_ejection_shots_completed_created'====== Args={'_from_bcp': True}
2026-05-11 15:30:12,188 : INFO : EventManager : Event: ======'slide_ejection_shots_needed_created'====== Args={'_from_bcp': True}
2026-05-11 15:30:12,188 : INFO : EventManager : Event: ======'slide_topgun_1_inactive'====== Args={'is_removing': False, '_from_bcp': True}
2026-05-11 15:30:12,188 : INFO : EventManager : Event: ======'slide_ejection_shots_needed_active'====== Args={'original_context': 'goose_letters', 'original_calling_context': 'mode_goose_letters_started{current_player.eject_mode_qualified==0}', 'priority': 210.0, 'queue': '<QueuedEvent>', 'player': 1.0, 'ball': 1.0, 'balls_remaining': 2.0, 'is_extra_ball': False, 'cmd': 'slides_play', '_from_bcp': True}
2026-05-11 15:30:12,189 : INFO : EventManager : Event: ======'slide_2x_playfield_completions_needed_created'====== Args={'_from_bcp': True}
2026-05-11 15:30:12,190 : INFO : EventManager : Event: ======'slide_2x_playfied_completions_done_created'====== Args={'_from_bcp': True}
2026-05-11 15:30:12,191 : INFO : EventManager : Event: ======'slide_ejection_shots_needed_inactive'====== Args={'is_removing': False, '_from_bcp': True}
2026-05-11 15:30:12,191 : INFO : EventManager : Event: ======'slide_2x_playfied_completions_done_active'====== Args={'original_context': '2x_playfield', 'original_calling_context': 'x2_show_progress_slides{current_player.x2_qualified==0 and current_player.x2_active==0}', 'priority': 250.0, 'cmd': 'slides_play', '_from_bcp': True}
2026-05-11 15:30:12,197 : INFO : EventManager : Event: ======'slide_mach_1_created'====== Args={'_from_bcp': True}
2026-05-11 15:30:12,198 : INFO : EventManager : Event: ======'slide_2x_playfied_completions_done_inactive'====== Args={'is_removing': False, '_from_bcp': True}
2026-05-11 15:30:12,198 : INFO : EventManager : Event: ======'slide_mach_1_active'====== Args={'original_context': 'mach_scoring', 'original_calling_context': 'mode_mach_scoring_started', 'priority': 500.0, 'queue': '<QueuedEvent>', 'player': 1.0, 'ball': 1.0, 'balls_remaining': 2.0, 'is_extra_ball': False, 'cmd': 'slides_play', '_from_bcp': True}
2026-05-11 15:30:12,260 : INFO : EventManager : Event: ======'set_uncoded_mode_lights'====== Args={'priority': 0}
2026-05-11 15:30:12,260 : INFO : EventManager : Event: ======'spot_topgun_letter'====== Args={'priority': 0}
2026-05-11 15:30:12,260 : INFO : EventManager : Event: ======'player_topgun_shots_collected'====== Args={'value': 2, 'prev_value': 1, 'change': 1, 'player_num': 1, 'source': 'pilot_mission_qualifier'}
2026-05-11 15:30:12,260 : INFO : EventManager : Event: ======'topgun_letter_o_lit'====== Args={'priority': 0}
2026-05-11 15:30:12,283 : INFO : EventManager : Event: ======'slide_topgun_1_removed'====== Args={'_from_bcp': True}
2026-05-11 15:30:12,296 : INFO : EventManager : Event: ======'slide_topgun_2_created'====== Args={'_from_bcp': True}
2026-05-11 15:30:12,400 : INFO : SwitchController : <<<<<<< 's_shooter_lane' active >>>>>>>
2026-05-11 15:30:12,400 : INFO : EventManager : Event: ======'s_shooter_lane_active'====== Args={}
2026-05-11 15:30:12,400 : INFO : EventManager : Event: ======'machine_var_audits_switches_s_shooter_lane'====== Args={'value': 6406, 'prev_value': 6405, 'change': 1}
2026-05-11 15:30:12,401 : INFO : EventManager : Event: ======'mode_skillshot_will_start'====== Args={}
2026-05-11 15:30:12,401 : INFO : EventManager : Event: ======'player_shot_mig_lane_left_enabled'====== Args={'value': True, 'prev_value': 0, 'change': 1, 'player_num': 1}
2026-05-11 15:30:12,402 : INFO : EventManager : Event: ======'player_shot_mig_lane_right_enabled'====== Args={'value': True, 'prev_value': 0, 'change': 1, 'player_num': 1}
2026-05-11 15:30:12,402 : INFO : EventManager : Unordered handler for class ConfigPlayer.variable_player/variables on event s_spinner_active with priority 200. Handlers: [RegisteredHandler(callback=<bound method ConfigPlayer.config_play_callback of ConfigPlayer.variable_player/variables>, priority=200, kwargs={'calling_context': 's_spinner_active', 'mode': <Mode.pilot_mission_qualifier>, 'settings': {'spinner_spin_count': {'action': 'add', 'int': <NativeTemplate 1>, 'priority': 0, 'float': None, 'string': None, 'block': False, 'player': None, 'condition': None}, 'previous_switch_type': {'action': 'set', 'int': <NativeTemplate 0>, 'priority': 0, 'float': None, 'string': None, 'block': False, 'player': None, 'condition': None}}}, key=UUID('fda2b675-b7de-482b-be6b-88757802e95d'), condition=None, blocking_facility=None), RegisteredHandler(callback=<bound method ConfigPlayer.config_play_callback of ConfigPlayer.variable_player/variables>, priority=200, kwargs={'calling_context': 's_spinner_active', 'mode': <Mode.iceman_letters>, 'settings': {'right_post_locked_out': {'action': 'set', 'int': <NativeTemplate 1>, 'priority': 0, 'float': None, 'string': None, 'block': False, 'player': None, 'condition': None}}}, key=UUID('6f6f5f33-090f-49d0-84c2-628b074b049d'), condition=None, blocking_facility=None)]. The order of those handlers is not defined and they will be executed in random order. This might lead to race conditions and potential bugs.
2026-05-11 15:30:12,402 : INFO : EventManager : Event: ======'player_shot_spinner_enabled'====== Args={'value': True, 'prev_value': 0, 'change': 1, 'player_num': 1}
2026-05-11 15:30:12,403 : INFO : EventManager : Unordered handler for class ConfigPlayer.variable_player/variables on event s_orbit_upper_active with priority 200. Handlers: [RegisteredHandler(callback=<bound method ConfigPlayer.config_play_callback of ConfigPlayer.variable_player/variables>, priority=200, kwargs={'calling_context': 's_orbit_upper_active', 'mode': <Mode.pilot_mission_qualifier>, 'settings': {'previous_switch_type': {'action': 'set', 'int': <NativeTemplate 0>, 'priority': 0, 'float': None, 'string': None, 'block': False, 'player': None, 'condition': None}}}, key=UUID('712bf02d-f62a-4565-a8be-95c35a3a5328'), condition=None, blocking_facility=None), RegisteredHandler(callback=<bound method ConfigPlayer.config_play_callback of ConfigPlayer.variable_player/variables>, priority=200, kwargs={'calling_context': 's_orbit_upper_active', 'mode': <Mode.iceman_letters>, 'settings': {'right_post_locked_out': {'action': 'set', 'int': <NativeTemplate 1>, 'priority': 0, 'float': None, 'string': None, 'block': False, 'player': None, 'condition': None}}}, key=UUID('195e5f30-2898-4dce-be04-b146a25a85d2'), condition=None, blocking_facility=None)]. The order of those handlers is not defined and they will be executed in random order. This might lead to race conditions and potential bugs.
2026-05-11 15:30:12,403 : INFO : EventManager : Event: ======'player_shot_orbit_upper_enabled'====== Args={'value': True, 'prev_value': 0, 'change': 1, 'player_num': 1}
2026-05-11 15:30:12,403 : INFO : EventManager : Unordered handler for class ConfigPlayer.variable_player/variables on event s_ramp_inner_exit_active with priority 200. Handlers: [RegisteredHandler(callback=<bound method ConfigPlayer.config_play_callback of ConfigPlayer.variable_player/variables>, priority=200, kwargs={'calling_context': 's_ramp_inner_exit_active', 'mode': <Mode.pilot_mission_qualifier>, 'settings': {'previous_switch_type': {'action': 'set', 'int': <NativeTemplate 0>, 'priority': 0, 'float': None, 'string': None, 'block': False, 'player': None, 'condition': None}}}, key=UUID('3706cb2e-e9f5-41e4-ac26-1eecf6639fd5'), condition=None, blocking_facility=None), RegisteredHandler(callback=<bound method ConfigPlayer.config_play_callback of ConfigPlayer.variable_player/variables>, priority=200, kwargs={'calling_context': 's_ramp_inner_exit_active', 'mode': <Mode.iceman_letters>, 'settings': {'right_post_locked_out': {'action': 'set', 'int': <NativeTemplate 1>, 'priority': 0, 'float': None, 'string': None, 'block': False, 'player': None, 'condition': None}}}, key=UUID('84d48d89-0158-4ef3-a004-3685bdd31d6a'), condition=None, blocking_facility=None)]. The order of those handlers is not defined and they will be executed in random order. This might lead to race conditions and potential bugs.
2026-05-11 15:30:12,403 : INFO : EventManager : Event: ======'player_shot_ramp_inner_enabled'====== Args={'value': True, 'prev_value': 0, 'change': 1, 'player_num': 1}
2026-05-11 15:30:12,404 : INFO : EventManager : Event: ======'skillshot_group_complete'====== Args={'state': 'off'}
2026-05-11 15:30:12,404 : INFO : EventManager : Event: ======'skillshot_group_off_complete'====== Args={}
2026-05-11 15:30:12,404 : INFO : EventManager : Event: ======'player_skillshot_skillshot_tick'====== Args={'value': 9, 'prev_value': 0, 'change': 9, 'player_num': 1}
2026-05-11 15:30:12,404 : INFO : EventManager : Event: ======'player_skillshot_skillshot_sound_loop_tick'====== Args={'value': 0, 'prev_value': 0, 'change': 0, 'player_num': 1}
2026-05-11 15:30:12,404 : INFO : EventManager : Event: ======'player_skillshot_skillshot_shaker_pulse_tick'====== Args={'value': 0, 'prev_value': 0, 'change': 0, 'player_num': 1}
2026-05-11 15:30:12,405 : INFO : EventManager : Event: ======'player_skillshot_skillshot_shaker_idle_tick'====== Args={'value': 0, 'prev_value': 0, 'change': 0, 'player_num': 1}
2026-05-11 15:30:12,405 : INFO : EventManager : Event: ======'player_skillshot_skillshot_left_mig_post_timer_tick'====== Args={'value': 0, 'prev_value': 0, 'change': 0, 'player_num': 1}
2026-05-11 15:30:12,411 : INFO : EventManager : Event: ======'mode_skillshot_starting'====== Args={}
2026-05-11 15:30:12,412 : INFO : Mode.skillshot : Started. Priority: 300
2026-05-11 15:30:12,412 : INFO : EventManager : Event: ======'modes_active_modes_changed'====== Args={}
2026-05-11 15:30:12,412 : INFO : EventManager : Event: ======'mode_skillshot_started'====== Args={}
2026-05-11 15:30:12,412 : INFO : EventManager : Event: ======'player_shot_spinner'====== Args={'value': 1, 'prev_value': 0, 'change': 1, 'player_num': 1}
2026-05-11 15:30:12,412 : INFO : EventManager : Event: ======'player_shot_orbit_upper'====== Args={'value': 1, 'prev_value': 0, 'change': 1, 'player_num': 1}
2026-05-11 15:30:12,412 : INFO : EventManager : Event: ======'player_shot_ramp_inner'====== Args={'value': 1, 'prev_value': 0, 'change': 1, 'player_num': 1}
2026-05-11 15:30:12,412 : INFO : EventManager : Event: ======'skillshot_mig_position_m'====== Args={'priority': 0}
2026-05-11 15:30:12,413 : INFO : EventManager : Event: ======'shaker_shooter_lane_pulse'====== Args={'priority': 0}
2026-05-11 15:30:12,413 : INFO : EventManager : Event: ======'player_pilot_qualifier_paused'====== Args={'value': 1, 'prev_value': 0, 'change': 1, 'player_num': 1, 'source': 'pilot_mission_qualifier'}
2026-05-11 15:30:12,413 : INFO : Timer.skillshot_sound_loop : Starting Timer.
2026-05-11 15:30:12,413 : INFO : EventManager : Event: ======'timer_skillshot_sound_loop_started'====== Args={'ticks': 0, 'ticks_remaining': 999}
2026-05-11 15:30:12,413 : INFO : EventManager : Event: ======'timer_skillshot_sound_loop_tick'====== Args={'ticks': 0, 'ticks_remaining': 999}
2026-05-11 15:30:12,413 : INFO : Timer.skillshot_shaker_pulse : Starting Timer.
2026-05-11 15:30:12,414 : INFO : EventManager : Event: ======'timer_skillshot_shaker_pulse_started'====== Args={'ticks': 0, 'ticks_remaining': 999}
2026-05-11 15:30:12,414 : INFO : EventManager : Event: ======'timer_skillshot_shaker_pulse_tick'====== Args={'ticks': 0, 'ticks_remaining': 999}
2026-05-11 15:30:12,414 : INFO : Timer.skillshot_shaker_idle : Starting Timer.
2026-05-11 15:30:12,414 : INFO : EventManager : Event: ======'timer_skillshot_shaker_idle_started'====== Args={'ticks': 0, 'ticks_remaining': 20}
2026-05-11 15:30:12,414 : INFO : EventManager : Event: ======'timer_skillshot_shaker_idle_tick'====== Args={'ticks': 0, 'ticks_remaining': 20}
2026-05-11 15:30:12,414 : INFO : EventManager : Event: ======'player_shot_mig_lane_left'====== Args={'value': 1, 'prev_value': 0, 'change': 1, 'player_num': 1}
2026-05-11 15:30:12,414 : INFO : EventManager : Event: ======'player_skillshot_mig_position'====== Args={'value': 0, 'prev_value': 0, 'change': 0, 'player_num': 1, 'source': 'skillshot'}
2026-05-11 15:30:12,415 : INFO : EventManager : Event: ======'shaker_shooter_lane_pulse'====== Args={'priority': 0}
2026-05-11 15:30:12,418 : INFO : SwitchController : <<<<<<< 's_trough_2' inactive >>>>>>>
2026-05-11 15:30:12,447 : INFO : SwitchController : <<<<<<< 's_trough_4' inactive >>>>>>>
2026-05-11 15:30:12,447 : INFO : SwitchController : <<<<<<< 's_trough_3' inactive >>>>>>>
2026-05-11 15:30:12,447 : INFO : SwitchController : <<<<<<< 's_trough_1' active >>>>>>>
2026-05-11 15:30:12,447 : INFO : EventManager : Event: ======'machine_var_audits_switches_s_trough_1'====== Args={'value': 5577, 'prev_value': 5576, 'change': 1}
2026-05-11 15:30:12,450 : INFO : EventManager : Event: ======'slide_skillshot_ball_in_shooter_lane_created'====== Args={'_from_bcp': True}
2026-05-11 15:30:12,461 : INFO : EventManager : Event: ======'spot_topgun_letter'====== Args={'priority': 0}
2026-05-11 15:30:12,461 : INFO : EventManager : Event: ======'player_topgun_shots_collected'====== Args={'value': 3, 'prev_value': 2, 'change': 1, 'player_num': 1, 'source': 'pilot_mission_qualifier'}
2026-05-11 15:30:12,462 : INFO : EventManager : Event: ======'topgun_letter_p_lit'====== Args={'priority': 0}
2026-05-11 15:30:12,472 : INFO : EventManager : Event: ======'slide_topgun_2_removed'====== Args={'_from_bcp': True}
2026-05-11 15:30:12,472 : INFO : SwitchController : <<<<<<< 's_trough_3' active >>>>>>>
2026-05-11 15:30:12,472 : INFO : EventManager : Event: ======'machine_var_audits_switches_s_trough_3'====== Args={'value': 5642, 'prev_value': 5641, 'change': 1}
2026-05-11 15:30:12,472 : INFO : SwitchController : <<<<<<< 's_trough_2' active >>>>>>>
2026-05-11 15:30:12,474 : INFO : EventManager : Event: ======'machine_var_audits_switches_s_trough_2'====== Args={'value': 5616, 'prev_value': 5615, 'change': 1}
2026-05-11 15:30:12,484 : INFO : EventManager : Event: ======'slide_topgun_3_created'====== Args={'_from_bcp': True}
2026-05-11 15:30:12,484 : INFO : SwitchController : <<<<<<< 's_trough_5' inactive >>>>>>>
2026-05-11 15:30:12,484 : INFO : SwitchController : <<<<<<< 's_trough_6' inactive >>>>>>>
2026-05-11 15:30:12,525 : INFO : SwitchController : <<<<<<< 's_trough_4' active >>>>>>>
2026-05-11 15:30:12,526 : INFO : EventManager : Event: ======'machine_var_audits_switches_s_trough_4'====== Args={'value': 5637, 'prev_value': 5636, 'change': 1}
2026-05-11 15:30:12,526 : INFO : SwitchController : <<<<<<< 's_trough_5' active >>>>>>>
2026-05-11 15:30:12,526 : INFO : EventManager : Event: ======'machine_var_audits_switches_s_trough_5'====== Args={'value': 5632, 'prev_value': 5631, 'change': 1}
2026-05-11 15:30:12,556 : INFO : EventManager : Event: ======'top_ramp_down'====== Args={'priority': 0}
2026-05-11 15:30:12,711 : INFO : ball_device.bd_plunger : Received ball from <ball_device.bd_trough>
2026-05-11 15:30:12,712 : INFO : EventManager : Event: ======'balldevice_bd_plunger_ball_enter'====== Args={'new_balls': 1, 'unclaimed_balls': 0, 'new_available_balls': 0, 'device': <ball_device.bd_plunger>}
2026-05-11 15:30:12,712 : INFO : EventManager : Event: ======'balldevice_bd_plunger_ball_entered'====== Args={'new_balls': 0, 'device': <ball_device.bd_plunger>}
2026-05-11 15:30:12,712 : INFO : EventManager : Event: ======'balldevice_bd_plunger_ball_count_changed'====== Args={'balls': 1}
2026-05-11 15:30:12,712 : INFO : ball_device.bd_trough : Got eject confirm
2026-05-11 15:30:12,712 : INFO : ball_device.bd_trough : Eject successful
2026-05-11 15:30:12,713 : INFO : EventManager : Event: ======'balldevice_bd_trough_ball_eject_success'====== Args={'balls': 1, 'target': <ball_device.bd_plunger>}
2026-05-11 15:30:12,713 : INFO : ball_device.bd_plunger : State: waiting_for_target_ready
2026-05-11 15:30:12,713 : INFO : EventManager : Event: ======'balldevice_bd_plunger_ball_eject_attempt'====== Args={'balls': 1, 'target': <playfield.playfield>, 'source': <ball_device.bd_plunger>, 'mechanical_eject': True, 'num_attempts': 0}
2026-05-11 15:30:12,714 : INFO : EventManager : Event: ======'balldevice_bd_trough_ball_count_changed'====== Args={'balls': 5}
2026-05-11 15:30:12,714 : INFO : ball_device.bd_trough : State: idle
2026-05-11 15:30:12,715 : INFO : ball_device.bd_plunger : State: ejecting
2026-05-11 15:30:12,715 : INFO : ball_device.bd_plunger : Ejecting ball to <playfield.playfield>
2026-05-11 15:30:12,715 : INFO : EventManager : Event: ======'balldevice_bd_plunger_ejecting_ball'====== Args={'balls': 1, 'target': <playfield.playfield>, 'source': <ball_device.bd_plunger>, 'mechanical_eject': True, 'num_attempts': 0}
2026-05-11 15:30:12,715 : INFO : EventManager : Event: ======'video_idle_start'====== Args={'priority': 0}
2026-05-11 15:30:12,716 : INFO : ball_device.bd_plunger : Wait for ball to leave device
2026-05-11 15:30:13,402 : INFO : EventManager : Event: ======'player_skillshot_skillshot_shaker_pulse_tick'====== Args={'value': 1, 'prev_value': 0, 'change': 1, 'player_num': 1}
2026-05-11 15:30:13,403 : INFO : EventManager : Event: ======'timer_skillshot_shaker_pulse_tick'====== Args={'ticks': 1, 'ticks_remaining': 998}
2026-05-11 15:30:13,403 : INFO : EventManager : Event: ======'player_skillshot_skillshot_shaker_idle_tick'====== Args={'value': 1, 'prev_value': 0, 'change': 1, 'player_num': 1}
2026-05-11 15:30:13,403 : INFO : EventManager : Event: ======'timer_skillshot_shaker_idle_tick'====== Args={'ticks': 1, 'ticks_remaining': 19}
2026-05-11 15:30:13,403 : INFO : SwitchController : <<<<<<< 's_shooter_lane' inactive >>>>>>>
2026-05-11 15:30:13,403 : INFO : EventManager : Event: ======'s_shooter_lane_inactive'====== Args={}
2026-05-11 15:30:13,405 : INFO : EventManager : Event: ======'shaker_shooter_lane_pulse'====== Args={'priority': 0}
2026-05-11 15:30:13,405 : INFO : EventManager : Event: ======'skillshot_shaker_stop'====== Args={'priority': 0}
2026-05-11 15:30:13,405 : INFO : EventManager : Event: ======'skillshot_activate_left_mig_post'====== Args={'priority': 0}
2026-05-11 15:30:13,405 : INFO : EventManager : Event: ======'ball_save_new_ball_timer_start'====== Args={'priority': 0}
2026-05-11 15:30:13,406 : INFO : Timer.ball_save_auto_plunger_delay : Stopping Timer
2026-05-11 15:30:13,406 : INFO : EventManager : Event: ======'timer_ball_save_auto_plunger_delay_stopped'====== Args={'ticks': 0, 'ticks_remaining': 0}
2026-05-11 15:30:13,406 : INFO : Timer.post_plunge_orbit_lockout : Starting Timer.
2026-05-11 15:30:13,406 : INFO : EventManager : Event: ======'timer_post_plunge_orbit_lockout_started'====== Args={'ticks': 0, 'ticks_remaining': 3}
2026-05-11 15:30:13,406 : INFO : EventManager : Event: ======'timer_post_plunge_orbit_lockout_tick'====== Args={'ticks': 0, 'ticks_remaining': 3}
2026-05-11 15:30:13,406 : INFO : Timer.skillshot : Starting Timer.
2026-05-11 15:30:13,406 : INFO : EventManager : Event: ======'timer_skillshot_started'====== Args={'ticks': 9, 'ticks_remaining': 9}
2026-05-11 15:30:13,406 : INFO : EventManager : Event: ======'timer_skillshot_tick'====== Args={'ticks': 9, 'ticks_remaining': 9}
2026-05-11 15:30:13,406 : INFO : Timer.skillshot_sound_loop : Stopping Timer
2026-05-11 15:30:13,406 : INFO : EventManager : Event: ======'timer_skillshot_sound_loop_stopped'====== Args={'ticks': 0, 'ticks_remaining': 999}
2026-05-11 15:30:13,406 : INFO : Timer.skillshot_shaker_pulse : Stopping Timer
2026-05-11 15:30:13,406 : INFO : EventManager : Event: ======'timer_skillshot_shaker_pulse_stopped'====== Args={'ticks': 1, 'ticks_remaining': 998}
2026-05-11 15:30:13,407 : INFO : Timer.skillshot_shaker_idle : Stopping Timer
2026-05-11 15:30:13,407 : INFO : EventManager : Event: ======'timer_skillshot_shaker_idle_stopped'====== Args={'ticks': 1, 'ticks_remaining': 19}
2026-05-11 15:30:13,407 : INFO : EventManager : Event: ======'video_launch_start'====== Args={'priority': 0}
2026-05-11 15:30:13,407 : INFO : coil.c_left_mig_up_post : Enabling Driver with power 0.25 (pulse_ms 20ms and pulse_power 0.75)
2026-05-11 15:30:13,407 : INFO : Timer.skillshot_left_mig_post_timer : Starting Timer.
2026-05-11 15:30:13,407 : INFO : EventManager : Event: ======'timer_skillshot_left_mig_post_timer_started'====== Args={'ticks': 0, 'ticks_remaining': 3}
2026-05-11 15:30:13,407 : INFO : EventManager : Event: ======'timer_skillshot_left_mig_post_timer_tick'====== Args={'ticks': 0, 'ticks_remaining': 3}
2026-05-11 15:30:13,407 : INFO : EventManager : Event: ======'ball_save_new_ball_save_timer_start'====== Args={}
2026-05-11 15:30:13,408 : INFO : Timer.ball_save_countdown : Starting Timer.
2026-05-11 15:30:13,408 : INFO : EventManager : Event: ======'timer_ball_save_countdown_started'====== Args={'ticks': 20, 'ticks_remaining': 20}
2026-05-11 15:30:13,408 : INFO : EventManager : Event: ======'timer_ball_save_countdown_tick'====== Args={'ticks': 20, 'ticks_remaining': 20}
2026-05-11 15:30:13,408 : INFO : EventManager : Event: ======'ball_save_flash_slow'====== Args={'priority': 0}
2026-05-11 15:30:13,408 : INFO : EventManager : Event: ======'player_ball_save_time_remaining'====== Args={'value': 20, 'prev_value': 0, 'change': 20, 'player_num': 1, 'source': 'ball_save'}
2026-05-11 15:30:13,412 : INFO : ball_device.bd_plunger : State: ball_left
2026-05-11 15:30:13,412 : INFO : ball_device.bd_plunger : Ball left
2026-05-11 15:30:13,412 : INFO : ball_device.bd_plunger : Wait for confirm with timeout 3.0
2026-05-11 15:30:13,416 : INFO : EventManager : Event: ======'slide_skillshot_ball_in_shooter_lane_removed'====== Args={'_from_bcp': True}
2026-05-11 15:30:13,435 : INFO : EventManager : Event: ======'slide_skillshot_ball_launched_created'====== Args={'_from_bcp': True}
2026-05-11 15:30:13,480 : INFO : SwitchController : <<<<<<< 's_lane_right' active >>>>>>>
2026-05-11 15:30:13,480 : INFO : EventManager : Event: ======'s_lane_right_active'====== Args={}
2026-05-11 15:30:13,480 : INFO : EventManager : Event: ======'sw_playfield_active'====== Args={}
2026-05-11 15:30:13,480 : INFO : EventManager : Event: ======'machine_var_audits_switches_s_lane_right'====== Args={'value': 4624, 'prev_value': 4623, 'change': 1}
2026-05-11 15:30:13,481 : INFO : EventManager : Event: ======'player_score'====== Args={'value': 5000, 'prev_value': 0, 'change': 5000, 'player_num': 1, 'source': 'base'}
2026-05-11 15:30:13,481 : INFO : EventManager : Event: ======'player_bonus_switches_count'====== Args={'value': 1, 'prev_value': 0, 'change': 1, 'player_num': 1, 'source': 'base'}
2026-05-11 15:30:13,482 : INFO : EventManager : Event: ======'playfield_active'====== Args={'source': None}
2026-05-11 15:30:13,495 : INFO : SwitchController : <<<<<<< 's_lane_right' inactive >>>>>>>
2026-05-11 15:30:14,265 : INFO : SwitchController : <<<<<<< 's_orbit_right' active >>>>>>>
2026-05-11 15:30:14,265 : INFO : EventManager : Event: ======'s_orbit_right_active'====== Args={}
2026-05-11 15:30:14,265 : INFO : EventManager : Event: ======'sw_playfield_active'====== Args={}
2026-05-11 15:30:14,265 : INFO : EventManager : Event: ======'machine_var_audits_switches_s_orbit_right'====== Args={'value': 6973, 'prev_value': 6972, 'change': 1}
2026-05-11 15:30:14,266 : INFO : EventManager : Event: ======'player_hd_sw_orbit_right'====== Args={'value': 1, 'prev_value': 0, 'change': 1, 'player_num': 1, 'source': 'hard_deck_qualifiers'}
2026-05-11 15:30:14,266 : INFO : EventManager : Event: ======'restart_right_orbit_lockout_timer'====== Args={'priority': 0}
2026-05-11 15:30:14,267 : INFO : EventManager : Event: ======'player_right_post_locked_out'====== Args={'value': 1, 'prev_value': 0, 'change': 1, 'player_num': 1, 'source': 'iceman_letters'}
2026-05-11 15:30:14,267 : INFO : EventManager : Event: ======'player_score'====== Args={'value': 13000, 'prev_value': 5000, 'change': 8000, 'player_num': 1, 'source': 'base'}
2026-05-11 15:30:14,267 : INFO : EventManager : Event: ======'player_bonus_switches_count'====== Args={'value': 2, 'prev_value': 1, 'change': 1, 'player_num': 1, 'source': 'base'}
2026-05-11 15:30:14,267 : INFO : Timer.right_orbit_shot_timeout : Starting Timer.
2026-05-11 15:30:14,267 : INFO : EventManager : Event: ======'timer_right_orbit_shot_timeout_started'====== Args={'ticks': 0, 'ticks_remaining': 3}
2026-05-11 15:30:14,267 : INFO : EventManager : Event: ======'timer_right_orbit_shot_timeout_tick'====== Args={'ticks': 0, 'ticks_remaining': 3}
2026-05-11 15:30:14,267 : INFO : Timer.right_orbit_lockout_timer : Starting Timer.
2026-05-11 15:30:14,267 : INFO : EventManager : Event: ======'timer_right_orbit_lockout_timer_started'====== Args={'ticks': 0, 'ticks_remaining': 3}
2026-05-11 15:30:14,267 : INFO : EventManager : Event: ======'timer_right_orbit_lockout_timer_tick'====== Args={'ticks': 0, 'ticks_remaining': 3}
2026-05-11 15:30:14,268 : INFO : EventManager : Event: ======'playfield_active'====== Args={'source': None}
2026-05-11 15:30:14,373 : INFO : SwitchController : <<<<<<< 's_orbit_right' inactive >>>>>>>
2026-05-11 15:30:14,404 : INFO : EventManager : Event: ======'player_pilot_mission_qualifier_post_plunge_orbit_lockout_tick'====== Args={'value': 1, 'prev_value': 0, 'change': 1, 'player_num': 1}
2026-05-11 15:30:14,404 : INFO : EventManager : Event: ======'timer_post_plunge_orbit_lockout_tick'====== Args={'ticks': 1, 'ticks_remaining': 2}
2026-05-11 15:30:14,405 : INFO : EventManager : Event: ======'player_skillshot_skillshot_tick'====== Args={'value': 8, 'prev_value': 9, 'change': -1, 'player_num': 1}
2026-05-11 15:30:14,405 : INFO : EventManager : Event: ======'timer_skillshot_tick'====== Args={'ticks': 8, 'ticks_remaining': 8}
2026-05-11 15:30:14,405 : INFO : EventManager : Event: ======'player_skillshot_skillshot_left_mig_post_timer_tick'====== Args={'value': 1, 'prev_value': 0, 'change': 1, 'player_num': 1}
2026-05-11 15:30:14,405 : INFO : EventManager : Event: ======'timer_skillshot_left_mig_post_timer_tick'====== Args={'ticks': 1, 'ticks_remaining': 2}
2026-05-11 15:30:14,405 : INFO : EventManager : Event: ======'player_ball_save_ball_save_countdown_tick'====== Args={'value': 19, 'prev_value': 20, 'change': -1, 'player_num': 1}
2026-05-11 15:30:14,405 : INFO : EventManager : Event: ======'timer_ball_save_countdown_tick'====== Args={'ticks': 19, 'ticks_remaining': 19}
2026-05-11 15:30:14,406 : INFO : EventManager : Event: ======'ball_save_flash_slow'====== Args={'priority': 0}
2026-05-11 15:30:14,406 : INFO : EventManager : Event: ======'player_ball_save_time_remaining'====== Args={'value': 19, 'prev_value': 20, 'change': -1, 'player_num': 1, 'source': 'ball_save'}
2026-05-11 15:30:15,266 : INFO : EventManager : Event: ======'player_iceman_letters_right_orbit_lockout_timer_tick'====== Args={'value': 1, 'prev_value': 0, 'change': 1, 'player_num': 1}
2026-05-11 15:30:15,266 : INFO : EventManager : Event: ======'timer_right_orbit_lockout_timer_tick'====== Args={'ticks': 1, 'ticks_remaining': 2}
2026-05-11 15:30:15,266 : INFO : EventManager : Event: ======'player_pilot_mission_qualifier_right_orbit_shot_timeout_tick'====== Args={'value': 1, 'prev_value': 0, 'change': 1, 'player_num': 1}
2026-05-11 15:30:15,267 : INFO : EventManager : Event: ======'timer_right_orbit_shot_timeout_tick'====== Args={'ticks': 1, 'ticks_remaining': 2}
2026-05-11 15:30:15,405 : INFO : EventManager : Event: ======'player_ball_save_ball_save_countdown_tick'====== Args={'value': 18, 'prev_value': 19, 'change': -1, 'player_num': 1}
2026-05-11 15:30:15,405 : INFO : EventManager : Event: ======'timer_ball_save_countdown_tick'====== Args={'ticks': 18, 'ticks_remaining': 18}
2026-05-11 15:30:15,405 : INFO : EventManager : Event: ======'player_skillshot_skillshot_tick'====== Args={'value': 7, 'prev_value': 8, 'change': -1, 'player_num': 1}
2026-05-11 15:30:15,406 : INFO : EventManager : Event: ======'timer_skillshot_tick'====== Args={'ticks': 7, 'ticks_remaining': 7}
2026-05-11 15:30:15,406 : INFO : EventManager : Event: ======'player_pilot_mission_qualifier_post_plunge_orbit_lockout_tick'====== Args={'value': 2, 'prev_value': 1, 'change': 1, 'player_num': 1}
2026-05-11 15:30:15,406 : INFO : EventManager : Event: ======'timer_post_plunge_orbit_lockout_tick'====== Args={'ticks': 2, 'ticks_remaining': 1}
2026-05-11 15:30:15,406 : INFO : EventManager : Event: ======'player_skillshot_skillshot_left_mig_post_timer_tick'====== Args={'value': 2, 'prev_value': 1, 'change': 1, 'player_num': 1}
2026-05-11 15:30:15,406 : INFO : EventManager : Event: ======'timer_skillshot_left_mig_post_timer_tick'====== Args={'ticks': 2, 'ticks_remaining': 1}
2026-05-11 15:30:15,406 : INFO : EventManager : Event: ======'ball_save_flash_slow'====== Args={'priority': 0}
2026-05-11 15:30:15,406 : INFO : EventManager : Event: ======'player_ball_save_time_remaining'====== Args={'value': 18, 'prev_value': 19, 'change': -1, 'player_num': 1, 'source': 'ball_save'}
2026-05-11 15:30:16,264 : INFO : EventManager : Event: ======'player_pilot_mission_qualifier_right_orbit_shot_timeout_tick'====== Args={'value': 2, 'prev_value': 1, 'change': 1, 'player_num': 1}
2026-05-11 15:30:16,264 : INFO : EventManager : Event: ======'timer_right_orbit_shot_timeout_tick'====== Args={'ticks': 2, 'ticks_remaining': 1}
2026-05-11 15:30:16,264 : INFO : EventManager : Event: ======'player_iceman_letters_right_orbit_lockout_timer_tick'====== Args={'value': 2, 'prev_value': 1, 'change': 1, 'player_num': 1}
2026-05-11 15:30:16,265 : INFO : EventManager : Event: ======'timer_right_orbit_lockout_timer_tick'====== Args={'ticks': 2, 'ticks_remaining': 1}
2026-05-11 15:30:16,405 : INFO : EventManager : Event: ======'player_ball_save_ball_save_countdown_tick'====== Args={'value': 17, 'prev_value': 18, 'change': -1, 'player_num': 1}
2026-05-11 15:30:16,405 : INFO : EventManager : Event: ======'timer_ball_save_countdown_tick'====== Args={'ticks': 17, 'ticks_remaining': 17}
2026-05-11 15:30:16,406 : INFO : EventManager : Event: ======'player_skillshot_skillshot_left_mig_post_timer_tick'====== Args={'value': 3, 'prev_value': 2, 'change': 1, 'player_num': 1}
2026-05-11 15:30:16,406 : INFO : Timer.skillshot_left_mig_post_timer : Timer Complete
2026-05-11 15:30:16,406 : INFO : Timer.skillshot_left_mig_post_timer : Stopping Timer
2026-05-11 15:30:16,406 : INFO : EventManager : Event: ======'timer_skillshot_left_mig_post_timer_stopped'====== Args={'ticks': 3, 'ticks_remaining': 1}
2026-05-11 15:30:16,406 : INFO : EventManager : Event: ======'timer_skillshot_left_mig_post_timer_complete'====== Args={'ticks': 3, 'ticks_remaining': 1}
2026-05-11 15:30:16,406 : INFO : EventManager : Event: ======'player_pilot_mission_qualifier_post_plunge_orbit_lockout_tick'====== Args={'value': 3, 'prev_value': 2, 'change': 1, 'player_num': 1}
2026-05-11 15:30:16,406 : INFO : Timer.post_plunge_orbit_lockout : Timer Complete
2026-05-11 15:30:16,406 : INFO : Timer.post_plunge_orbit_lockout : Stopping Timer
2026-05-11 15:30:16,406 : INFO : EventManager : Event: ======'timer_post_plunge_orbit_lockout_stopped'====== Args={'ticks': 3, 'ticks_remaining': 1}
2026-05-11 15:30:16,406 : INFO : EventManager : Event: ======'timer_post_plunge_orbit_lockout_complete'====== Args={'ticks': 3, 'ticks_remaining': 1}
2026-05-11 15:30:16,406 : INFO : EventManager : Event: ======'player_skillshot_skillshot_tick'====== Args={'value': 6, 'prev_value': 7, 'change': -1, 'player_num': 1}
2026-05-11 15:30:16,408 : INFO : EventManager : Event: ======'timer_skillshot_tick'====== Args={'ticks': 6, 'ticks_remaining': 6}
2026-05-11 15:30:16,408 : INFO : EventManager : Event: ======'ball_save_flash_slow'====== Args={'priority': 0}
2026-05-11 15:30:16,408 : INFO : EventManager : Event: ======'player_ball_save_time_remaining'====== Args={'value': 17, 'prev_value': 18, 'change': -1, 'player_num': 1, 'source': 'ball_save'}
2026-05-11 15:30:16,408 : INFO : EventManager : Event: ======'skillshot_deactivate_left_mig_post'====== Args={'priority': 0}
2026-05-11 15:30:16,409 : INFO : coil.c_left_mig_up_post : Disabling Driver
2026-05-11 15:30:16,409 : INFO : ball_device.bd_plunger : State: failed_confirm
2026-05-11 15:30:16,409 : INFO : ball_device.bd_plunger : Got timeout (3.0s) before confirm from <playfield.playfield>
2026-05-11 15:30:16,500 : INFO : ball_device.bd_plunger : Confirming eject because target is playfield and ball did not return.
2026-05-11 15:30:16,500 : INFO : ball_device.bd_plunger : Eject successful
2026-05-11 15:30:16,500 : INFO : EventManager : Event: ======'balldevice_bd_plunger_ball_eject_success'====== Args={'balls': 1, 'target': <playfield.playfield>}
2026-05-11 15:30:16,500 : INFO : EventManager : Event: ======'balldevice_playfield_ball_enter'====== Args={'new_balls': 1, 'unclaimed_balls': 1, 'device': <playfield.playfield>}
2026-05-11 15:30:16,501 : INFO : EventManager : Event: ======'playfield_ball_count_change'====== Args={'balls': 1, 'change': 1}
2026-05-11 15:30:16,501 : INFO : EventManager : Event: ======'balldevice_bd_plunger_ball_count_changed'====== Args={'balls': 0}
2026-05-11 15:30:16,501 : INFO : ball_device.bd_plunger : State: idle
2026-05-11 15:30:16,516 : INFO : SwitchController : <<<<<<< 's_spinner' active >>>>>>>
2026-05-11 15:30:16,516 : INFO : EventManager : Event: ======'s_spinner_active'====== Args={}
2026-05-11 15:30:16,516 : INFO : EventManager : Event: ======'sw_playfield_active'====== Args={}
2026-05-11 15:30:16,516 : INFO : EventManager : Event: ======'sw_playfield_active'====== Args={}
2026-05-11 15:30:16,516 : INFO : EventManager : Event: ======'machine_var_audits_switches_s_spinner'====== Args={'value': 64101, 'prev_value': 64100, 'change': 1}
2026-05-11 15:30:16,517 : INFO : EventManager : Event: ======'machine_var_audits_shots_spinner'====== Args={'value': 247, 'prev_value': 246, 'change': 1}
2026-05-11 15:30:16,519 : INFO : EventManager : Event: ======'spinner_hit'====== Args={'profile': 'skill', 'state': 'lit', 'advancing': False}
2026-05-11 15:30:16,519 : INFO : EventManager : Event: ======'spinner_skill_hit'====== Args={'profile': 'skill', 'state': 'lit', 'advancing': False}
2026-05-11 15:30:16,519 : INFO : EventManager : Event: ======'spinner_skill_lit_hit'====== Args={'profile': 'skill', 'state': 'lit', 'advancing': False}
2026-05-11 15:30:16,519 : INFO : EventManager : Event: ======'spinner_lit_hit'====== Args={'profile': 'skill', 'state': 'lit', 'advancing': False}
2026-05-11 15:30:16,519 : INFO : EventManager : Event: ======'player_spinner_spin_count'====== Args={'value': 1, 'prev_value': 0, 'change': 1, 'player_num': 1, 'source': 'pilot_mission_qualifier'}
2026-05-11 15:30:16,519 : INFO : EventManager : Event: ======'player_hd_sw_spinner'====== Args={'value': 1, 'prev_value': 0, 'change': 1, 'player_num': 1, 'source': 'hard_deck_qualifiers'}
2026-05-11 15:30:16,520 : INFO : EventManager : Event: ======'player_score'====== Args={'value': 14000, 'prev_value': 13000, 'change': 1000, 'player_num': 1, 'source': 'base'}
2026-05-11 15:30:16,520 : INFO : EventManager : Event: ======'player_bonus_switches_count'====== Args={'value': 3, 'prev_value': 2, 'change': 1, 'player_num': 1, 'source': 'base'}
2026-05-11 15:30:16,520 : INFO : EventManager : Event: ======'player_spinner_count'====== Args={'value': 1, 'prev_value': 0, 'change': 1, 'player_num': 1, 'source': 'base'}
2026-05-11 15:30:16,520 : INFO : Timer.spinner_inactivity : Starting Timer.
2026-05-11 15:30:16,520 : INFO : EventManager : Event: ======'timer_spinner_inactivity_started'====== Args={'ticks': 2, 'ticks_remaining': 2}
2026-05-11 15:30:16,521 : INFO : EventManager : Event: ======'timer_spinner_inactivity_tick'====== Args={'ticks': 2, 'ticks_remaining': 2}
2026-05-11 15:30:16,521 : INFO : Timer.spinner_shot_timeout : Starting Timer.
2026-05-11 15:30:16,521 : INFO : EventManager : Event: ======'timer_spinner_shot_timeout_started'====== Args={'ticks': 0, 'ticks_remaining': 2}
2026-05-11 15:30:16,521 : INFO : EventManager : Event: ======'timer_spinner_shot_timeout_tick'====== Args={'ticks': 0, 'ticks_remaining': 2}
2026-05-11 15:30:16,521 : INFO : EventManager : Event: ======'skillshot_group_hit'====== Args={'shot': 'spinner'}
2026-05-11 15:30:16,521 : INFO : EventManager : Event: ======'skillshot_group_lit_hit'====== Args={'shot': 'spinner'}
2026-05-11 15:30:16,521 : INFO : EventManager : Event: ======'mode_skillshot_will_stop'====== Args={}
2026-05-11 15:30:16,521 : INFO : EventManager : Event: ======'mode_skillshot_stopping'====== Args={}
2026-05-11 15:30:16,521 : INFO : EventManager : Event: ======'show_skillshot_miramar_video'====== Args={'priority': 0}
2026-05-11 15:30:16,521 : INFO : EventManager : Event: ======'skillshot_show_points'====== Args={'priority': 0}
2026-05-11 15:30:16,521 : INFO : EventManager : Event: ======'skillshot_add_topgun_letter'====== Args={'priority': 0}
2026-05-11 15:30:16,522 : INFO : EventManager : Event: ======'player_score'====== Args={'value': 214000, 'prev_value': 14000, 'change': 200000, 'player_num': 1, 'source': 'skillshot'}
2026-05-11 15:30:16,522 : INFO : EventManager : Event: ======'player_mode_points_scored'====== Args={'value': 200000, 'prev_value': 0, 'change': 200000, 'player_num': 1, 'source': 'skillshot'}
2026-05-11 15:30:16,522 : INFO : EventManager : Event: ======'player_skillshot_count'====== Args={'value': 1, 'prev_value': 0, 'change': 1, 'player_num': 1, 'source': 'skillshot'}
2026-05-11 15:30:16,522 : INFO : EventManager : Event: ======'player_priority'====== Args={'value': 600, 'prev_value': 0, 'change': 600, 'player_num': 1, 'source': 'skillshot'}
2026-05-11 15:30:16,522 : INFO : EventManager : Event: ======'eject_mode_qualified_event'====== Args={'priority': 0}
2026-05-11 15:30:16,522 : INFO : EventManager : Event: ======'player_first_skillshot_made'====== Args={'value': 1, 'prev_value': 0, 'change': 1, 'player_num': 1, 'source': 'goose_letters'}
2026-05-11 15:30:16,522 : INFO : Timer.skillshot_video_running : Starting Timer.
2026-05-11 15:30:16,522 : INFO : EventManager : Event: ======'timer_skillshot_video_running_started'====== Args={'ticks': 0, 'ticks_remaining': 1}
2026-05-11 15:30:16,522 : INFO : EventManager : Event: ======'timer_skillshot_video_running_tick'====== Args={'ticks': 0, 'ticks_remaining': 1}
2026-05-11 15:30:16,522 : INFO : coil.c_left_mig_up_post : Disabling Driver
2026-05-11 15:30:16,522 : INFO : Timer.skillshot : Stopping Timer
2026-05-11 15:30:16,522 : INFO : EventManager : Event: ======'timer_skillshot_stopped'====== Args={'ticks': 6, 'ticks_remaining': 6}
2026-05-11 15:30:16,523 : INFO : Timer.skillshot_sound_loop : Stopping Timer
2026-05-11 15:30:16,523 : INFO : EventManager : Event: ======'timer_skillshot_sound_loop_stopped'====== Args={'ticks': 0, 'ticks_remaining': 999}
2026-05-11 15:30:16,523 : INFO : Timer.skillshot_shaker_pulse : Stopping Timer
2026-05-11 15:30:16,523 : INFO : EventManager : Event: ======'timer_skillshot_shaker_pulse_stopped'====== Args={'ticks': 1, 'ticks_remaining': 998}
2026-05-11 15:30:16,523 : INFO : Timer.skillshot_shaker_idle : Stopping Timer
2026-05-11 15:30:16,523 : INFO : EventManager : Event: ======'timer_skillshot_shaker_idle_stopped'====== Args={'ticks': 1, 'ticks_remaining': 19}
2026-05-11 15:30:16,523 : INFO : Timer.skillshot_left_mig_post_timer : Stopping Timer
2026-05-11 15:30:16,523 : INFO : EventManager : Event: ======'timer_skillshot_left_mig_post_timer_stopped'====== Args={'ticks': 3, 'ticks_remaining': 1}
2026-05-11 15:30:16,523 : INFO : EventManager : Event: ======'player_topgun_shots_collected'====== Args={'value': 4, 'prev_value': 3, 'change': 1, 'player_num': 1, 'source': 'pilot_mission_qualifier'}
2026-05-11 15:30:16,524 : INFO : EventManager : Event: ======'topgun_letter_g_lit'====== Args={'priority': 0}
2026-05-11 15:30:16,524 : INFO : EventManager : Event: ======'player_eject_mode_qualified'====== Args={'value': 1, 'prev_value': 0, 'change': 1, 'player_num': 1, 'source': 'goose_letters'}
2026-05-11 15:30:16,524 : INFO : EventManager : Event: ======'player_topgun_skip_video'====== Args={'value': 1, 'prev_value': 0, 'change': 1, 'player_num': 1, 'source': 'pilot_mission_qualifier'}
2026-05-11 15:30:16,524 : INFO : Mode.skillshot : Stopped.
2026-05-11 15:30:16,524 : INFO : EventManager : Event: ======'modes_active_modes_changed'====== Args={}
2026-05-11 15:30:16,526 : INFO : EventManager : Event: ======'mode_skillshot_stopped'====== Args={}
2026-05-11 15:30:16,526 : INFO : EventManager : Event: ======'clear'====== Args={'key': 'skillshot'}
2026-05-11 15:30:16,526 : INFO : EventManager : Event: ======'player_pilot_qualifier_paused'====== Args={'value': 0, 'prev_value': 1, 'change': -1, 'player_num': 1, 'source': 'pilot_mission_qualifier'}
2026-05-11 15:30:16,526 : INFO : EventManager : Event: ======'update_qualifying_show'====== Args={'priority': 0}
2026-05-11 15:30:16,526 : INFO : EventManager : Event: ======'update_training_qual_lights'====== Args={'priority': 0}
2026-05-11 15:30:16,527 : INFO : Timer.skillshot_shaker_pulse : Stopping Timer
2026-05-11 15:30:16,527 : INFO : EventManager : Event: ======'timer_skillshot_shaker_pulse_stopped'====== Args={'ticks': 1, 'ticks_remaining': 998}
2026-05-11 15:30:16,528 : INFO : Timer.skillshot : Stopping Timer
2026-05-11 15:30:16,528 : INFO : EventManager : Event: ======'timer_skillshot_stopped'====== Args={'ticks': 6, 'ticks_remaining': 6}
2026-05-11 15:30:16,528 : INFO : Timer.skillshot_shaker_idle : Stopping Timer
2026-05-11 15:30:16,528 : INFO : EventManager : Event: ======'timer_skillshot_shaker_idle_stopped'====== Args={'ticks': 1, 'ticks_remaining': 19}
2026-05-11 15:30:16,529 : INFO : Timer.skillshot_sound_loop : Stopping Timer
2026-05-11 15:30:16,529 : INFO : EventManager : Event: ======'timer_skillshot_sound_loop_stopped'====== Args={'ticks': 0, 'ticks_remaining': 999}
2026-05-11 15:30:16,529 : INFO : Timer.skillshot_left_mig_post_timer : Stopping Timer
2026-05-11 15:30:16,529 : INFO : EventManager : Event: ======'timer_skillshot_left_mig_post_timer_stopped'====== Args={'ticks': 3, 'ticks_remaining': 1}
2026-05-11 15:30:16,558 : INFO : EventManager : Event: ======'slide_skillshot_miramar_created'====== Args={'_from_bcp': True}
2026-05-11 15:30:16,579 : INFO : SwitchController : <<<<<<< 's_spinner' inactive >>>>>>>
2026-05-11 15:30:16,580 : INFO : EventManager : Event: ======'slide_mode_points_scored_created'====== Args={'_from_bcp': True}
2026-05-11 15:30:16,580 : INFO : EventManager : Event: ======'slide_mach_1_inactive'====== Args={'is_removing': False, '_from_bcp': True}
2026-05-11 15:30:16,580 : INFO : EventManager : Event: ======'slide_mode_points_scored_active'====== Args={'original_context': 'base', 'original_calling_context': 'skillshot_show_points', 'priority': 100.0, 'cmd': 'slides_play', '_from_bcp': True}
2026-05-11 15:30:16,580 : INFO : EventManager : Event: ======'slide_topgun_3_removed'====== Args={'_from_bcp': True}
2026-05-11 15:30:16,591 : INFO : EventManager : Event: ======'slide_topgun_4_created'====== Args={'_from_bcp': True}
2026-05-11 15:30:16,592 : INFO : EventManager : Event: ======'slide_ejection_shots_completed_removed'====== Args={'_from_bcp': True}
2026-05-11 15:30:16,592 : INFO : EventManager : Event: ======'slide_ejection_shots_needed_removed'====== Args={'_from_bcp': True}
2026-05-11 15:30:16,593 : INFO : EventManager : Event: ======'slide_ejection_seat_active_created'====== Args={'_from_bcp': True}
2026-05-11 15:30:16,615 : INFO : EventManager : Event: ======'slide_ejection_seat_qualified_created'====== Args={'_from_bcp': True}
2026-05-11 15:30:16,615 : INFO : EventManager : Event: ======'slide_skillshot_ball_launched_removed'====== Args={'_from_bcp': True}
2026-05-11 15:30:16,720 : INFO : EventManager : Event: ======'skillshot_add_topgun_letter'====== Args={'priority': 0}
2026-05-11 15:30:16,721 : INFO : EventManager : Event: ======'player_topgun_shots_collected'====== Args={'value': 5, 'prev_value': 4, 'change': 1, 'player_num': 1, 'source': 'pilot_mission_qualifier'}
2026-05-11 15:30:16,721 : INFO : EventManager : Event: ======'topgun_letter_u_lit'====== Args={'priority': 0}
2026-05-11 15:30:16,725 : INFO : EventManager : Event: ======'slide_topgun_4_removed'====== Args={'_from_bcp': True}
2026-05-11 15:30:16,737 : INFO : EventManager : Event: ======'slide_topgun_5_created'====== Args={'_from_bcp': True}
2026-05-11 15:30:16,924 : INFO : EventManager : Event: ======'skillshot_add_topgun_letter'====== Args={'priority': 0}
2026-05-11 15:30:16,924 : INFO : EventManager : Event: ======'player_topgun_shots_collected'====== Args={'value': 6, 'prev_value': 5, 'change': 1, 'player_num': 1, 'source': 'pilot_mission_qualifier'}
2026-05-11 15:30:16,926 : INFO : EventManager : Event: ======'topgun_letter_n_lit'====== Args={'priority': 0}
2026-05-11 15:30:16,926 : INFO : EventManager : Event: ======'topgun_pick_start'====== Args={'priority': 0}
2026-05-11 15:30:16,926 : INFO : EventManager : Event: ======'topgun_start_cool_under_pressure'====== Args={}
2026-05-11 15:30:16,926 : INFO : EventManager : Event: ======'qualify_cool_under_pressure'====== Args={'priority': 0}
2026-05-11 15:30:16,927 : INFO : EventManager : Event: ======'topgun_qualified'====== Args={'priority': 0}
2026-05-11 15:30:16,927 : INFO : EventManager : Event: ======'player_qualified_mode_number'====== Args={'value': 3, 'prev_value': 0, 'change': 3, 'player_num': 1, 'source': 'pilot_mission_qualifier'}
2026-05-11 15:30:16,927 : INFO : EventManager : Event: ======'player_topgun_shots_collected'====== Args={'value': 0, 'prev_value': 6, 'change': -6, 'player_num': 1, 'source': 'pilot_mission_qualifier'}
2026-05-11 15:30:16,927 : INFO : EventManager : Event: ======'player_topgun_letter_t'====== Args={'value': 0, 'prev_value': 0, 'change': 0, 'player_num': 1, 'source': 'pilot_mission_qualifier'}
2026-05-11 15:30:16,928 : INFO : EventManager : Event: ======'player_topgun_letter_o'====== Args={'value': 0, 'prev_value': 0, 'change': 0, 'player_num': 1, 'source': 'pilot_mission_qualifier'}
2026-05-11 15:30:16,928 : INFO : EventManager : Event: ======'player_topgun_letter_p'====== Args={'value': 0, 'prev_value': 0, 'change': 0, 'player_num': 1, 'source': 'pilot_mission_qualifier'}
2026-05-11 15:30:16,928 : INFO : EventManager : Event: ======'player_topgun_letter_g'====== Args={'value': 0, 'prev_value': 0, 'change': 0, 'player_num': 1, 'source': 'pilot_mission_qualifier'}
2026-05-11 15:30:16,928 : INFO : EventManager : Event: ======'player_topgun_letter_u'====== Args={'value': 0, 'prev_value': 0, 'change': 0, 'player_num': 1, 'source': 'pilot_mission_qualifier'}
2026-05-11 15:30:16,928 : INFO : EventManager : Event: ======'player_topgun_letter_n'====== Args={'value': 0, 'prev_value': 0, 'change': 0, 'player_num': 1, 'source': 'pilot_mission_qualifier'}
2026-05-11 15:30:16,928 : INFO : EventManager : Event: ======'update_training_qual_lights'====== Args={'priority': 0}
2026-05-11 15:30:16,929 : INFO : coil.c_mode_barrier : Enabling Driver with power 0.25 (pulse_ms 45ms and pulse_power 0.75)
2026-05-11 15:30:16,930 : INFO : EventManager : Event: ======'update_training_qual_lights'====== Args={'priority': 0}
2026-05-11 15:30:16,930 : INFO : EventManager : Event: ======'player_score'====== Args={'value': 314000, 'prev_value': 214000, 'change': 100000, 'player_num': 1, 'source': 'pilot_mission_qualifier'}
2026-05-11 15:30:16,930 : INFO : EventManager : Event: ======'player_topgun_spinner_hits'====== Args={'value': 0, 'prev_value': 0, 'change': 0, 'player_num': 1, 'source': 'pilot_mission_qualifier'}
2026-05-11 15:30:16,936 : INFO : EventManager : Event: ======'slide_topgun_5_removed'====== Args={'_from_bcp': True}
2026-05-11 15:30:16,950 : INFO : EventManager : Event: ======'slide_topgun_6_created'====== Args={'_from_bcp': True}
2026-05-11 15:30:17,269 : INFO : EventManager : Event: ======'player_iceman_letters_right_orbit_lockout_timer_tick'====== Args={'value': 3, 'prev_value': 2, 'change': 1, 'player_num': 1}
2026-05-11 15:30:17,269 : INFO : Timer.right_orbit_lockout_timer : Timer Complete
2026-05-11 15:30:17,269 : INFO : Timer.right_orbit_lockout_timer : Stopping Timer
2026-05-11 15:30:17,269 : INFO : EventManager : Event: ======'timer_right_orbit_lockout_timer_stopped'====== Args={'ticks': 3, 'ticks_remaining': 1}
2026-05-11 15:30:17,269 : INFO : EventManager : Event: ======'timer_right_orbit_lockout_timer_complete'====== Args={'ticks': 3, 'ticks_remaining': 1}
2026-05-11 15:30:17,270 : INFO : EventManager : Event: ======'player_pilot_mission_qualifier_right_orbit_shot_timeout_tick'====== Args={'value': 3, 'prev_value': 2, 'change': 1, 'player_num': 1}
2026-05-11 15:30:17,270 : INFO : Timer.right_orbit_shot_timeout : Timer Complete
2026-05-11 15:30:17,270 : INFO : Timer.right_orbit_shot_timeout : Stopping Timer
2026-05-11 15:30:17,270 : INFO : EventManager : Event: ======'timer_right_orbit_shot_timeout_stopped'====== Args={'ticks': 3, 'ticks_remaining': 1}
2026-05-11 15:30:17,270 : INFO : EventManager : Event: ======'timer_right_orbit_shot_timeout_complete'====== Args={'ticks': 3, 'ticks_remaining': 1}
2026-05-11 15:30:17,270 : INFO : EventManager : Event: ======'player_right_post_locked_out'====== Args={'value': 0, 'prev_value': 1, 'change': -1, 'player_num': 1, 'source': 'iceman_letters'}
2026-05-11 15:30:17,411 : INFO : EventManager : Event: ======'player_ball_save_ball_save_countdown_tick'====== Args={'value': 16, 'prev_value': 17, 'change': -1, 'player_num': 1}
2026-05-11 15:30:17,411 : INFO : EventManager : Event: ======'timer_ball_save_countdown_tick'====== Args={'ticks': 16, 'ticks_remaining': 16}
2026-05-11 15:30:17,413 : INFO : EventManager : Event: ======'ball_save_flash_slow'====== Args={'priority': 0}
2026-05-11 15:30:17,413 : INFO : EventManager : Event: ======'player_ball_save_time_remaining'====== Args={'value': 16, 'prev_value': 17, 'change': -1, 'player_num': 1, 'source': 'ball_save'}
2026-05-11 15:30:17,507 : INFO : EventManager : Event: ======'player_base_spinner_inactivity_tick'====== Args={'value': 1, 'prev_value': 2, 'change': -1, 'player_num': 1}
2026-05-11 15:30:17,507 : INFO : EventManager : Event: ======'timer_spinner_inactivity_tick'====== Args={'ticks': 1, 'ticks_remaining': 1}
2026-05-11 15:30:17,523 : INFO : EventManager : Event: ======'player_pilot_mission_qualifier_spinner_shot_timeout_tick'====== Args={'value': 1, 'prev_value': 0, 'change': 1, 'player_num': 1}
2026-05-11 15:30:17,523 : INFO : EventManager : Event: ======'timer_spinner_shot_timeout_tick'====== Args={'ticks': 1, 'ticks_remaining': 1}
2026-05-11 15:30:17,648 : INFO : SwitchController : <<<<<<< 's_slingshot_left' active >>>>>>>
2026-05-11 15:30:17,648 : INFO : EventManager : Event: ======'s_slingshot_left_active'====== Args={}
2026-05-11 15:30:17,648 : INFO : EventManager : Event: ======'sw_playfield_active'====== Args={}
2026-05-11 15:30:17,648 : INFO : EventManager : Event: ======'machine_var_audits_switches_s_slingshot_left'====== Args={'value': 6312, 'prev_value': 6311, 'change': 1}
2026-05-11 15:30:17,649 : INFO : EventManager : Event: ======'player_hd_sw_sling_left'====== Args={'value': 1, 'prev_value': 0, 'change': 1, 'player_num': 1, 'source': 'hard_deck_qualifiers'}
2026-05-11 15:30:17,649 : INFO : EventManager : Event: ======'player_score'====== Args={'value': 314500, 'prev_value': 314000, 'change': 500, 'player_num': 1, 'source': 'base'}
2026-05-11 15:30:17,650 : INFO : EventManager : Event: ======'player_bonus_switches_count'====== Args={'value': 4, 'prev_value': 3, 'change': 1, 'player_num': 1, 'source': 'base'}
2026-05-11 15:30:17,650 : INFO : SwitchController : <<<<<<< 's_slingshot_left' inactive >>>>>>>
2026-05-11 15:30:18,398 : INFO : EventManager : Event: ======'player_ball_save_ball_save_countdown_tick'====== Args={'value': 15, 'prev_value': 16, 'change': -1, 'player_num': 1}
2026-05-11 15:30:18,398 : INFO : EventManager : Event: ======'timer_ball_save_countdown_tick'====== Args={'ticks': 15, 'ticks_remaining': 15}
2026-05-11 15:30:18,400 : INFO : EventManager : Event: ======'ball_save_flash_slow'====== Args={'priority': 0}
2026-05-11 15:30:18,400 : INFO : EventManager : Event: ======'player_ball_save_time_remaining'====== Args={'value': 15, 'prev_value': 16, 'change': -1, 'player_num': 1, 'source': 'ball_save'}
2026-05-11 15:30:18,508 : INFO : EventManager : Event: ======'player_base_spinner_inactivity_tick'====== Args={'value': 0, 'prev_value': 1, 'change': -1, 'player_num': 1}
2026-05-11 15:30:18,509 : INFO : Timer.spinner_inactivity : Timer Complete
2026-05-11 15:30:18,509 : INFO : Timer.spinner_inactivity : Stopping Timer
2026-05-11 15:30:18,509 : INFO : EventManager : Event: ======'timer_spinner_inactivity_stopped'====== Args={'ticks': 0, 'ticks_remaining': 1}
2026-05-11 15:30:18,509 : INFO : EventManager : Event: ======'timer_spinner_inactivity_complete'====== Args={'ticks': 0, 'ticks_remaining': 1}
2026-05-11 15:30:18,510 : INFO : EventManager : Event: ======'player_spinner_count'====== Args={'value': 0, 'prev_value': 1, 'change': -1, 'player_num': 1, 'source': 'base'}
2026-05-11 15:30:18,524 : INFO : EventManager : Event: ======'player_pilot_mission_qualifier_spinner_shot_timeout_tick'====== Args={'value': 2, 'prev_value': 1, 'change': 1, 'player_num': 1}
2026-05-11 15:30:18,524 : INFO : Timer.spinner_shot_timeout : Timer Complete
2026-05-11 15:30:18,524 : INFO : Timer.spinner_shot_timeout : Stopping Timer
2026-05-11 15:30:18,524 : INFO : EventManager : Event: ======'timer_spinner_shot_timeout_stopped'====== Args={'ticks': 2, 'ticks_remaining': 1}
2026-05-11 15:30:18,524 : INFO : EventManager : Event: ======'timer_spinner_shot_timeout_complete'====== Args={'ticks': 2, 'ticks_remaining': 1}
2026-05-11 15:30:18,525 : INFO : EventManager : Event: ======'player_spinner_spin_count'====== Args={'value': 0, 'prev_value': 1, 'change': -1, 'player_num': 1, 'source': 'pilot_mission_qualifier'}
2026-05-11 15:30:18,525 : INFO : EventManager : Event: ======'player_spinner_shot_locked'====== Args={'value': 0, 'prev_value': 0, 'change': 0, 'player_num': 1, 'source': 'base'}
2026-05-11 15:30:18,576 : INFO : EventManager : Event: ======'slide_mode_points_scored_inactive'====== Args={'is_removing': True, '_from_bcp': True}
2026-05-11 15:30:18,577 : INFO : EventManager : Event: ======'slide_mach_1_active'====== Args={'_from_bcp': True}
2026-05-11 15:30:18,577 : INFO : EventManager : Event: ======'slide_mode_points_scored_removed'====== Args={'_from_bcp': True}
2026-05-11 15:30:19,402 : INFO : EventManager : Event: ======'player_ball_save_ball_save_countdown_tick'====== Args={'value': 14, 'prev_value': 15, 'change': -1, 'player_num': 1}
2026-05-11 15:30:19,402 : INFO : EventManager : Event: ======'timer_ball_save_countdown_tick'====== Args={'ticks': 14, 'ticks_remaining': 14}
2026-05-11 15:30:19,402 : INFO : EventManager : Event: ======'ball_save_flash_slow'====== Args={'priority': 0}
2026-05-11 15:30:19,402 : INFO : EventManager : Event: ======'player_ball_save_time_remaining'====== Args={'value': 14, 'prev_value': 15, 'change': -1, 'player_num': 1, 'source': 'ball_save'}
2026-05-11 15:30:20,062 : INFO : EventManager : Event: ======'slide_skillshot_miramar_removed'====== Args={'_from_bcp': True}
2026-05-11 15:30:20,106 : INFO : SwitchController : <<<<<<< 's_flipper_right' active >>>>>>>
2026-05-11 15:30:20,106 : INFO : EventManager : Event: ======'s_flipper_right_active'====== Args={}
2026-05-11 15:30:20,106 : INFO : EventManager : Event: ======'machine_var_audits_switches_s_flipper_right'====== Args={'value': 54757, 'prev_value': 54756, 'change': 1}
2026-05-11 15:30:20,108 : INFO : EventManager : Event: ======'goose_rotate_right_execute'====== Args={'priority': 0}
2026-05-11 15:30:20,108 : INFO : EventManager : Event: ======'player_goose_temp_g'====== Args={'value': 0, 'prev_value': 0, 'change': 0, 'player_num': 1, 'source': 'goose_letters'}
2026-05-11 15:30:20,108 : INFO : EventManager : Event: ======'player_goose_temp_o_left'====== Args={'value': 0, 'prev_value': 0, 'change': 0, 'player_num': 1, 'source': 'goose_letters'}
2026-05-11 15:30:20,109 : INFO : EventManager : Event: ======'player_goose_temp_e'====== Args={'value': 0, 'prev_value': 0, 'change': 0, 'player_num': 1, 'source': 'goose_letters'}
2026-05-11 15:30:20,109 : INFO : EventManager : Event: ======'player_goose_temp_o_right'====== Args={'value': 0, 'prev_value': 0, 'change': 0, 'player_num': 1, 'source': 'goose_letters'}
2026-05-11 15:30:20,109 : INFO : EventManager : Event: ======'player_goose_temp_s'====== Args={'value': 0, 'prev_value': 0, 'change': 0, 'player_num': 1, 'source': 'goose_letters'}
2026-05-11 15:30:20,109 : INFO : EventManager : Event: ======'player_missile_temp_g'====== Args={'value': 0, 'prev_value': 0, 'change': 0, 'player_num': 1, 'source': 'goose_letters'}
2026-05-11 15:30:20,109 : INFO : EventManager : Event: ======'player_missile_temp_o_left'====== Args={'value': 0, 'prev_value': 0, 'change': 0, 'player_num': 1, 'source': 'goose_letters'}
2026-05-11 15:30:20,109 : INFO : EventManager : Event: ======'player_missile_temp_e'====== Args={'value': 0, 'prev_value': 0, 'change': 0, 'player_num': 1, 'source': 'goose_letters'}
2026-05-11 15:30:20,109 : INFO : EventManager : Event: ======'player_missile_temp_o_right'====== Args={'value': 0, 'prev_value': 0, 'change': 0, 'player_num': 1, 'source': 'goose_letters'}
2026-05-11 15:30:20,109 : INFO : EventManager : Event: ======'player_missile_temp_s'====== Args={'value': 0, 'prev_value': 0, 'change': 0, 'player_num': 1, 'source': 'goose_letters'}
2026-05-11 15:30:20,110 : INFO : EventManager : Event: ======'mig_rotate_right_execute'====== Args={'priority': 0}
2026-05-11 15:30:20,110 : INFO : EventManager : Event: ======'player_mig_temp_m'====== Args={'value': 0, 'prev_value': 0, 'change': 0, 'player_num': 1, 'source': 'mig_letters'}
2026-05-11 15:30:20,110 : INFO : EventManager : Event: ======'player_mig_temp_i'====== Args={'value': 0, 'prev_value': 0, 'change': 0, 'player_num': 1, 'source': 'mig_letters'}
2026-05-11 15:30:20,110 : INFO : EventManager : Event: ======'player_mig_temp_g'====== Args={'value': 0, 'prev_value': 0, 'change': 0, 'player_num': 1, 'source': 'mig_letters'}
2026-05-11 15:30:20,110 : INFO : EventManager : Event: ======'ball_search_reset'====== Args={'priority': 0}
2026-05-11 15:30:20,110 : INFO : EventManager : Event: ======'player_goose_letter_g'====== Args={'value': 0, 'prev_value': 0, 'change': 0, 'player_num': 1, 'source': 'goose_letters'}
2026-05-11 15:30:20,110 : INFO : EventManager : Event: ======'player_goose_letter_e'====== Args={'value': 0, 'prev_value': 0, 'change': 0, 'player_num': 1, 'source': 'goose_letters'}
2026-05-11 15:30:20,110 : INFO : EventManager : Event: ======'player_goose_letter_s'====== Args={'value': 0, 'prev_value': 0, 'change': 0, 'player_num': 1, 'source': 'goose_letters'}
2026-05-11 15:30:20,110 : INFO : EventManager : Event: ======'player_goose_letter_o_right'====== Args={'value': 0, 'prev_value': 0, 'change': 0, 'player_num': 1, 'source': 'goose_letters'}
2026-05-11 15:30:20,111 : INFO : EventManager : Event: ======'player_goose_letter_o_left'====== Args={'value': 0, 'prev_value': 0, 'change': 0, 'player_num': 1, 'source': 'goose_letters'}
2026-05-11 15:30:20,111 : INFO : EventManager : Event: ======'player_missile_pos_g'====== Args={'value': 0, 'prev_value': 0, 'change': 0, 'player_num': 1, 'source': 'goose_letters'}
2026-05-11 15:30:20,111 : INFO : EventManager : Event: ======'player_missile_pos_e'====== Args={'value': 0, 'prev_value': 0, 'change': 0, 'player_num': 1, 'source': 'goose_letters'}
2026-05-11 15:30:20,111 : INFO : EventManager : Event: ======'player_missile_pos_s'====== Args={'value': 0, 'prev_value': 0, 'change': 0, 'player_num': 1, 'source': 'goose_letters'}
2026-05-11 15:30:20,111 : INFO : EventManager : Event: ======'player_missile_pos_o_right'====== Args={'value': 0, 'prev_value': 0, 'change': 0, 'player_num': 1, 'source': 'goose_letters'}
2026-05-11 15:30:20,111 : INFO : EventManager : Event: ======'player_missile_pos_o_left'====== Args={'value': 0, 'prev_value': 0, 'change': 0, 'player_num': 1, 'source': 'goose_letters'}
2026-05-11 15:30:20,112 : INFO : EventManager : Event: ======'player_mig_letter_m'====== Args={'value': 0, 'prev_value': 0, 'change': 0, 'player_num': 1, 'source': 'mig_letters'}
2026-05-11 15:30:20,112 : INFO : EventManager : Event: ======'player_mig_letter_g'====== Args={'value': 0, 'prev_value': 0, 'change': 0, 'player_num': 1, 'source': 'mig_letters'}
2026-05-11 15:30:20,112 : INFO : EventManager : Event: ======'player_mig_letter_i'====== Args={'value': 0, 'prev_value': 0, 'change': 0, 'player_num': 1, 'source': 'mig_letters'}
2026-05-11 15:30:20,137 : INFO : SwitchController : <<<<<<< 's_flipper_right_eos' active >>>>>>>
2026-05-11 15:30:20,137 : INFO : EventManager : Event: ======'machine_var_audits_switches_s_flipper_right_eos'====== Args={'value': 49228, 'prev_value': 49227, 'change': 1}
2026-05-11 15:30:20,324 : INFO : SwitchController : <<<<<<< 's_flipper_right' inactive >>>>>>>
2026-05-11 15:30:20,324 : INFO : EventManager : Event: ======'s_flipper_right_inactive'====== Args={}
2026-05-11 15:30:20,403 : INFO : EventManager : Event: ======'player_ball_save_ball_save_countdown_tick'====== Args={'value': 13, 'prev_value': 14, 'change': -1, 'player_num': 1}
2026-05-11 15:30:20,403 : INFO : EventManager : Event: ======'timer_ball_save_countdown_tick'====== Args={'ticks': 13, 'ticks_remaining': 13}
2026-05-11 15:30:20,404 : INFO : EventManager : Event: ======'ball_save_flash_slow'====== Args={'priority': 0}
2026-05-11 15:30:20,404 : INFO : EventManager : Event: ======'player_ball_save_time_remaining'====== Args={'value': 13, 'prev_value': 14, 'change': -1, 'player_num': 1, 'source': 'ball_save'}
2026-05-11 15:30:20,405 : INFO : SwitchController : <<<<<<< 's_flipper_right_eos' inactive >>>>>>>
2026-05-11 15:30:21,405 : INFO : EventManager : Event: ======'player_ball_save_ball_save_countdown_tick'====== Args={'value': 12, 'prev_value': 13, 'change': -1, 'player_num': 1}
2026-05-11 15:30:21,405 : INFO : EventManager : Event: ======'timer_ball_save_countdown_tick'====== Args={'ticks': 12, 'ticks_remaining': 12}
2026-05-11 15:30:21,406 : INFO : EventManager : Event: ======'ball_save_flash_slow'====== Args={'priority': 0}
2026-05-11 15:30:21,406 : INFO : EventManager : Event: ======'player_ball_save_time_remaining'====== Args={'value': 12, 'prev_value': 13, 'change': -1, 'player_num': 1, 'source': 'ball_save'}
2026-05-11 15:30:21,937 : INFO : EventManager : Event: ======'topgun_queue_show_1'====== Args={'priority': 0}
2026-05-11 15:30:21,937 : INFO : EventManager : Event: ======'player_topgun_skip_video'====== Args={'value': 0, 'prev_value': 1, 'change': -1, 'player_num': 1, 'source': 'pilot_mission_qualifier'}
2026-05-11 15:30:22,407 : INFO : EventManager : Event: ======'player_ball_save_ball_save_countdown_tick'====== Args={'value': 11, 'prev_value': 12, 'change': -1, 'player_num': 1}
2026-05-11 15:30:22,407 : INFO : EventManager : Event: ======'timer_ball_save_countdown_tick'====== Args={'ticks': 11, 'ticks_remaining': 11}
2026-05-11 15:30:22,408 : INFO : EventManager : Event: ======'ball_save_flash_slow'====== Args={'priority': 0}
2026-05-11 15:30:22,408 : INFO : EventManager : Event: ======'player_ball_save_time_remaining'====== Args={'value': 11, 'prev_value': 12, 'change': -1, 'player_num': 1, 'source': 'ball_save'}
2026-05-11 15:30:23,004 : INFO : EventManager : Event: ======'slide_ejection_seat_qualified_removed'====== Args={'_from_bcp': True}
2026-05-11 15:30:23,013 : INFO : EventManager : Event: ======'start_bg_video'====== Args={'_from_bcp': True}
2026-05-11 15:30:23,013 : INFO : EventManager : Event: ======'new_video'====== Args={'_from_bcp': True}
2026-05-11 15:30:23,406 : INFO : EventManager : Event: ======'player_ball_save_ball_save_countdown_tick'====== Args={'value': 10, 'prev_value': 11, 'change': -1, 'player_num': 1}
2026-05-11 15:30:23,406 : INFO : EventManager : Event: ======'timer_ball_save_countdown_tick'====== Args={'ticks': 10, 'ticks_remaining': 10}
2026-05-11 15:30:23,407 : INFO : EventManager : Event: ======'ball_save_flash_slow'====== Args={'priority': 0}
2026-05-11 15:30:23,407 : INFO : EventManager : Event: ======'player_ball_save_time_remaining'====== Args={'value': 10, 'prev_value': 11, 'change': -1, 'player_num': 1, 'source': 'ball_save'}
2026-05-11 15:30:23,438 : INFO : SwitchController : <<<<<<< 's_mode_start' active >>>>>>>
2026-05-11 15:30:23,438 : INFO : EventManager : Event: ======'s_mode_start_active'====== Args={}
2026-05-11 15:30:23,438 : INFO : EventManager : Event: ======'sw_playfield_active'====== Args={}
2026-05-11 15:30:23,438 : INFO : EventManager : Event: ======'machine_var_audits_switches_s_mode_start'====== Args={'value': 1984, 'prev_value': 1983, 'change': 1}
2026-05-11 15:30:23,439 : INFO : EventManager : Event: ======'start_mode_cool_under_pressure'====== Args={'priority': 0}
2026-05-11 15:30:23,440 : INFO : Timer.lock_mb_eject_debounce : Stopping Timer
2026-05-11 15:30:23,440 : INFO : EventManager : Event: ======'timer_lock_mb_eject_debounce_stopped'====== Args={'ticks': 0, 'ticks_remaining': 0}
2026-05-11 15:30:23,441 : INFO : EventManager : Event: ======'mode_cool_under_pressure_will_start'====== Args={'priority': 0}
2026-05-11 15:30:23,441 : INFO : EventManager : Event: ======'player_cool_under_pressure_cup_shot_timer_tick'====== Args={'value': 30, 'prev_value': 0, 'change': 30, 'player_num': 1}
2026-05-11 15:30:23,441 : INFO : EventManager : Unordered handler for class ConfigPlayer.event_player/events on event mode_cool_under_pressure_started with priority 200. Handlers: [RegisteredHandler(callback=<bound method ConfigPlayer.config_play_callback of ConfigPlayer.event_player/events>, priority=200, kwargs={'calling_context': 'mode_cool_under_pressure_started', 'mode': <Mode.pilot_mission_qualifier>, 'settings': {'reset_topgun_letters': [{'condition': None, 'number': None, 'priority': 0, 'params': {}}], 'check_all_pilot_modes_played': [{'condition': None, 'number': None, 'priority': 0, 'params': {}}], 'ball_search_reset': [{'condition': None, 'number': None, 'priority': 0, 'params': {}}], 'ball_search_block': [{'condition': None, 'number': None, 'priority': 0, 'params': {}}]}}, key=UUID('6bef093e-cc5a-4000-a4f1-803735944ee2'), condition=None, blocking_facility=None), RegisteredHandler(callback=<bound method ConfigPlayer.config_play_callback of ConfigPlayer.event_player/events>, priority=200, kwargs={'calling_context': 'mode_cool_under_pressure_started', 'mode': <Mode.iceman_letters>, 'settings': {'stop_all_training_pulse_shows': [{'condition': None, 'number': None, 'priority': 0, 'params': {}}]}}, key=UUID('471781c3-cbd3-4a97-aa8e-f270cb923190'), condition=None, blocking_facility=None)]. The order of those handlers is not defined and they will be executed in random order. This might lead to race conditions and potential bugs.
2026-05-11 15:30:23,442 : INFO : EventManager : Unordered handler for class <timer.cup_shot_timer> on event cup_start_shot_timer_30 with priority 1. Handlers: [RegisteredHandler(callback=<bound method Timer.jump of <timer.cup_shot_timer>>, priority=1, kwargs={'timer_value': <NativeTemplate 30.0>}, key=UUID('7b46cd8c-ba25-40a7-acfb-7fc5997e56d8'), condition=None, blocking_facility=None), RegisteredHandler(callback=<bound method Timer.start of <timer.cup_shot_timer>>, priority=1, kwargs={}, key=UUID('6917df22-e187-4c0e-9df8-d06b8e3eeef7'), condition=None, blocking_facility=None)]. The order of those handlers is not defined and they will be executed in random order. This might lead to race conditions and potential bugs.
2026-05-11 15:30:23,442 : INFO : EventManager : Unordered handler for class <timer.cup_shot_timer> on event cup_start_shot_timer_25 with priority 1. Handlers: [RegisteredHandler(callback=<bound method Timer.jump of <timer.cup_shot_timer>>, priority=1, kwargs={'timer_value': <NativeTemplate 25.0>}, key=UUID('72ff5e09-be39-401b-b59b-f4d4e822ec18'), condition=None, blocking_facility=None), RegisteredHandler(callback=<bound method Timer.start of <timer.cup_shot_timer>>, priority=1, kwargs={}, key=UUID('8a742d5f-503d-4030-87d1-849ad6619405'), condition=None, blocking_facility=None)]. The order of those handlers is not defined and they will be executed in random order. This might lead to race conditions and potential bugs.
2026-05-11 15:30:23,442 : INFO : EventManager : Unordered handler for class <timer.cup_shot_timer> on event cup_start_shot_timer_40 with priority 1. Handlers: [RegisteredHandler(callback=<bound method Timer.jump of <timer.cup_shot_timer>>, priority=1, kwargs={'timer_value': <NativeTemplate 40.0>}, key=UUID('13a89d06-300a-499e-8b27-09ef15562b51'), condition=None, blocking_facility=None), RegisteredHandler(callback=<bound method Timer.start of <timer.cup_shot_timer>>, priority=1, kwargs={}, key=UUID('750f5a91-985d-49df-9892-93f867a6f8cc'), condition=None, blocking_facility=None)]. The order of those handlers is not defined and they will be executed in random order. This might lead to race conditions and potential bugs.
2026-05-11 15:30:23,442 : INFO : EventManager : Event: ======'player_cool_under_pressure_cup_intro_video_delay_tick'====== Args={'value': 0, 'prev_value': 0, 'change': 0, 'player_num': 1}
2026-05-11 15:30:23,442 : INFO : EventManager : Unordered handler for class ConfigPlayer.event_player/events on event mode_cool_under_pressure_started with priority 200. Handlers: [RegisteredHandler(callback=<bound method ConfigPlayer.config_play_callback of ConfigPlayer.event_player/events>, priority=200, kwargs={'calling_context': 'mode_cool_under_pressure_started', 'mode': <Mode.pilot_mission_qualifier>, 'settings': {'reset_topgun_letters': [{'condition': None, 'number': None, 'priority': 0, 'params': {}}], 'check_all_pilot_modes_played': [{'condition': None, 'number': None, 'priority': 0, 'params': {}}], 'ball_search_reset': [{'condition': None, 'number': None, 'priority': 0, 'params': {}}], 'ball_search_block': [{'condition': None, 'number': None, 'priority': 0, 'params': {}}]}}, key=UUID('6bef093e-cc5a-4000-a4f1-803735944ee2'), condition=None, blocking_facility=None), RegisteredHandler(callback=<bound method ConfigPlayer.config_play_callback of ConfigPlayer.event_player/events>, priority=200, kwargs={'calling_context': 'mode_cool_under_pressure_started', 'mode': <Mode.iceman_letters>, 'settings': {'stop_all_training_pulse_shows': [{'condition': None, 'number': None, 'priority': 0, 'params': {}}]}}, key=UUID('471781c3-cbd3-4a97-aa8e-f270cb923190'), condition=None, blocking_facility=None)]. The order of those handlers is not defined and they will be executed in random order. This might lead to race conditions and potential bugs.
2026-05-11 15:30:23,443 : INFO : EventManager : Event: ======'player_cool_under_pressure_cup_voice_callout_delay_tick'====== Args={'value': 0, 'prev_value': 0, 'change': 0, 'player_num': 1}
2026-05-11 15:30:23,443 : INFO : EventManager : Event: ======'player_cool_under_pressure_cup_bad_shot_lockout_tick'====== Args={'value': 0, 'prev_value': 0, 'change': 0, 'player_num': 1}
2026-05-11 15:30:23,443 : INFO : EventManager : Event: ======'player_cool_under_pressure_cup_step_complete_lockout_tick'====== Args={'value': 0, 'prev_value': 0, 'change': 0, 'player_num': 1}
2026-05-11 15:30:23,443 : INFO : EventManager : Event: ======'player_cool_under_pressure_cup_spinner_lockout_tick'====== Args={'value': 0, 'prev_value': 0, 'change': 0, 'player_num': 1}
2026-05-11 15:30:23,445 : INFO : EventManager : Event: ======'player_cool_under_pressure_cup_barrier_delay_tick'====== Args={'value': 0, 'prev_value': 0, 'change': 0, 'player_num': 1}
2026-05-11 15:30:23,445 : INFO : EventManager : Event: ======'player_cool_under_pressure_cup_drain_delay_tick'====== Args={'value': 0, 'prev_value': 0, 'change': 0, 'player_num': 1}
2026-05-11 15:30:23,445 : INFO : EventManager : Event: ======'player_cool_under_pressure_cup_complete_delay_tick'====== Args={'value': 0, 'prev_value': 0, 'change': 0, 'player_num': 1}
2026-05-11 15:30:23,445 : INFO : EventManager : Event: ======'player_cool_under_pressure_cup_failed_delay_tick'====== Args={'value': 0, 'prev_value': 0, 'change': 0, 'player_num': 1}
2026-05-11 15:30:23,446 : INFO : EventManager : Unordered handler for class ConfigPlayer.event_player/events on event mode_cool_under_pressure_started with priority 200. Handlers: [RegisteredHandler(callback=<bound method ConfigPlayer.config_play_callback of ConfigPlayer.event_player/events>, priority=200, kwargs={'calling_context': 'mode_cool_under_pressure_started', 'mode': <Mode.pilot_mission_qualifier>, 'settings': {'reset_topgun_letters': [{'condition': None, 'number': None, 'priority': 0, 'params': {}}], 'check_all_pilot_modes_played': [{'condition': None, 'number': None, 'priority': 0, 'params': {}}], 'ball_search_reset': [{'condition': None, 'number': None, 'priority': 0, 'params': {}}], 'ball_search_block': [{'condition': None, 'number': None, 'priority': 0, 'params': {}}]}}, key=UUID('6bef093e-cc5a-4000-a4f1-803735944ee2'), condition=None, blocking_facility=None), RegisteredHandler(callback=<bound method ConfigPlayer.config_play_callback of ConfigPlayer.event_player/events>, priority=200, kwargs={'calling_context': 'mode_cool_under_pressure_started', 'mode': <Mode.iceman_letters>, 'settings': {'stop_all_training_pulse_shows': [{'condition': None, 'number': None, 'priority': 0, 'params': {}}]}}, key=UUID('471781c3-cbd3-4a97-aa8e-f270cb923190'), condition=None, blocking_facility=None)]. The order of those handlers is not defined and they will be executed in random order. This might lead to race conditions and potential bugs.
2026-05-11 15:30:23,447 : INFO : EventManager : Unordered handler for class ConfigPlayer.variable_player/variables on event s_ramp_inner_exit_active with priority 200. Handlers: [RegisteredHandler(callback=<bound method ConfigPlayer.config_play_callback of ConfigPlayer.variable_player/variables>, priority=200, kwargs={'calling_context': 's_ramp_inner_exit_active', 'mode': <Mode.pilot_mission_qualifier>, 'settings': {'previous_switch_type': {'action': 'set', 'int': <NativeTemplate 0>, 'priority': 0, 'float': None, 'string': None, 'block': False, 'player': None, 'condition': None}}}, key=UUID('3706cb2e-e9f5-41e4-ac26-1eecf6639fd5'), condition=None, blocking_facility=None), RegisteredHandler(callback=<bound method ConfigPlayer.config_play_callback of ConfigPlayer.variable_player/variables>, priority=200, kwargs={'calling_context': 's_ramp_inner_exit_active', 'mode': <Mode.iceman_letters>, 'settings': {'right_post_locked_out': {'action': 'set', 'int': <NativeTemplate 1>, 'priority': 0, 'float': None, 'string': None, 'block': False, 'player': None, 'condition': None}}}, key=UUID('84d48d89-0158-4ef3-a004-3685bdd31d6a'), condition=None, blocking_facility=None)]. The order of those handlers is not defined and they will be executed in random order. This might lead to race conditions and potential bugs.
2026-05-11 15:30:23,448 : INFO : EventManager : Unordered handler for class ConfigPlayer.variable_player/variables on event s_orbit_upper_active with priority 200. Handlers: [RegisteredHandler(callback=<bound method ConfigPlayer.config_play_callback of ConfigPlayer.variable_player/variables>, priority=200, kwargs={'calling_context': 's_orbit_upper_active', 'mode': <Mode.pilot_mission_qualifier>, 'settings': {'previous_switch_type': {'action': 'set', 'int': <NativeTemplate 0>, 'priority': 0, 'float': None, 'string': None, 'block': False, 'player': None, 'condition': None}}}, key=UUID('712bf02d-f62a-4565-a8be-95c35a3a5328'), condition=None, blocking_facility=None), RegisteredHandler(callback=<bound method ConfigPlayer.config_play_callback of ConfigPlayer.variable_player/variables>, priority=200, kwargs={'calling_context': 's_orbit_upper_active', 'mode': <Mode.iceman_letters>, 'settings': {'right_post_locked_out': {'action': 'set', 'int': <NativeTemplate 1>, 'priority': 0, 'float': None, 'string': None, 'block': False, 'player': None, 'condition': None}}}, key=UUID('195e5f30-2898-4dce-be04-b146a25a85d2'), condition=None, blocking_facility=None)]. The order of those handlers is not defined and they will be executed in random order. This might lead to race conditions and potential bugs.
2026-05-11 15:30:23,448 : INFO : EventManager : Unordered handler for class ConfigPlayer.variable_player/variables on event s_orbit_upper_active with priority 200. Handlers: [RegisteredHandler(callback=<bound method ConfigPlayer.config_play_callback of ConfigPlayer.variable_player/variables>, priority=200, kwargs={'calling_context': 's_orbit_upper_active', 'mode': <Mode.pilot_mission_qualifier>, 'settings': {'previous_switch_type': {'action': 'set', 'int': <NativeTemplate 0>, 'priority': 0, 'float': None, 'string': None, 'block': False, 'player': None, 'condition': None}}}, key=UUID('712bf02d-f62a-4565-a8be-95c35a3a5328'), condition=None, blocking_facility=None), RegisteredHandler(callback=<bound method ConfigPlayer.config_play_callback of ConfigPlayer.variable_player/variables>, priority=200, kwargs={'calling_context': 's_orbit_upper_active', 'mode': <Mode.iceman_letters>, 'settings': {'right_post_locked_out': {'action': 'set', 'int': <NativeTemplate 1>, 'priority': 0, 'float': None, 'string': None, 'block': False, 'player': None, 'condition': None}}}, key=UUID('195e5f30-2898-4dce-be04-b146a25a85d2'), condition=None, blocking_facility=None)]. The order of those handlers is not defined and they will be executed in random order. This might lead to race conditions and potential bugs.
2026-05-11 15:30:23,449 : INFO : EventManager : Unordered handler for class ConfigPlayer.variable_player/variables on event s_ramp_inner_exit_active with priority 200. Handlers: [RegisteredHandler(callback=<bound method ConfigPlayer.config_play_callback of ConfigPlayer.variable_player/variables>, priority=200, kwargs={'calling_context': 's_ramp_inner_exit_active', 'mode': <Mode.pilot_mission_qualifier>, 'settings': {'previous_switch_type': {'action': 'set', 'int': <NativeTemplate 0>, 'priority': 0, 'float': None, 'string': None, 'block': False, 'player': None, 'condition': None}}}, key=UUID('3706cb2e-e9f5-41e4-ac26-1eecf6639fd5'), condition=None, blocking_facility=None), RegisteredHandler(callback=<bound method ConfigPlayer.config_play_callback of ConfigPlayer.variable_player/variables>, priority=200, kwargs={'calling_context': 's_ramp_inner_exit_active', 'mode': <Mode.iceman_letters>, 'settings': {'right_post_locked_out': {'action': 'set', 'int': <NativeTemplate 1>, 'priority': 0, 'float': None, 'string': None, 'block': False, 'player': None, 'condition': None}}}, key=UUID('84d48d89-0158-4ef3-a004-3685bdd31d6a'), condition=None, blocking_facility=None)]. The order of those handlers is not defined and they will be executed in random order. This might lead to race conditions and potential bugs.
2026-05-11 15:30:23,450 : INFO : EventManager : Unordered handler for class ConfigPlayer.variable_player/variables on event s_ramp_inner_exit_active with priority 200. Handlers: [RegisteredHandler(callback=<bound method ConfigPlayer.config_play_callback of ConfigPlayer.variable_player/variables>, priority=200, kwargs={'calling_context': 's_ramp_inner_exit_active', 'mode': <Mode.pilot_mission_qualifier>, 'settings': {'previous_switch_type': {'action': 'set', 'int': <NativeTemplate 0>, 'priority': 0, 'float': None, 'string': None, 'block': False, 'player': None, 'condition': None}}}, key=UUID('3706cb2e-e9f5-41e4-ac26-1eecf6639fd5'), condition=None, blocking_facility=None), RegisteredHandler(callback=<bound method ConfigPlayer.config_play_callback of ConfigPlayer.variable_player/variables>, priority=200, kwargs={'calling_context': 's_ramp_inner_exit_active', 'mode': <Mode.iceman_letters>, 'settings': {'right_post_locked_out': {'action': 'set', 'int': <NativeTemplate 1>, 'priority': 0, 'float': None, 'string': None, 'block': False, 'player': None, 'condition': None}}}, key=UUID('84d48d89-0158-4ef3-a004-3685bdd31d6a'), condition=None, blocking_facility=None)]. The order of those handlers is not defined and they will be executed in random order. This might lead to race conditions and potential bugs.
2026-05-11 15:30:23,450 : INFO : EventManager : Unordered handler for class ConfigPlayer.variable_player/variables on event s_orbit_upper_active with priority 200. Handlers: [RegisteredHandler(callback=<bound method ConfigPlayer.config_play_callback of ConfigPlayer.variable_player/variables>, priority=200, kwargs={'calling_context': 's_orbit_upper_active', 'mode': <Mode.pilot_mission_qualifier>, 'settings': {'previous_switch_type': {'action': 'set', 'int': <NativeTemplate 0>, 'priority': 0, 'float': None, 'string': None, 'block': False, 'player': None, 'condition': None}}}, key=UUID('712bf02d-f62a-4565-a8be-95c35a3a5328'), condition=None, blocking_facility=None), RegisteredHandler(callback=<bound method ConfigPlayer.config_play_callback of ConfigPlayer.variable_player/variables>, priority=200, kwargs={'calling_context': 's_orbit_upper_active', 'mode': <Mode.iceman_letters>, 'settings': {'right_post_locked_out': {'action': 'set', 'int': <NativeTemplate 1>, 'priority': 0, 'float': None, 'string': None, 'block': False, 'player': None, 'condition': None}}}, key=UUID('195e5f30-2898-4dce-be04-b146a25a85d2'), condition=None, blocking_facility=None)]. The order of those handlers is not defined and they will be executed in random order. This might lead to race conditions and potential bugs.
2026-05-11 15:30:23,453 : INFO : EventManager : Unordered handler for class ConfigPlayer.event_player/events on event mode_cool_under_pressure_started with priority 200. Handlers: [RegisteredHandler(callback=<bound method ConfigPlayer.config_play_callback of ConfigPlayer.event_player/events>, priority=200, kwargs={'calling_context': 'mode_cool_under_pressure_started', 'mode': <Mode.pilot_mission_qualifier>, 'settings': {'reset_topgun_letters': [{'condition': None, 'number': None, 'priority': 0, 'params': {}}], 'check_all_pilot_modes_played': [{'condition': None, 'number': None, 'priority': 0, 'params': {}}], 'ball_search_reset': [{'condition': None, 'number': None, 'priority': 0, 'params': {}}], 'ball_search_block': [{'condition': None, 'number': None, 'priority': 0, 'params': {}}]}}, key=UUID('6bef093e-cc5a-4000-a4f1-803735944ee2'), condition=None, blocking_facility=None), RegisteredHandler(callback=<bound method ConfigPlayer.config_play_callback of ConfigPlayer.event_player/events>, priority=200, kwargs={'calling_context': 'mode_cool_under_pressure_started', 'mode': <Mode.iceman_letters>, 'settings': {'stop_all_training_pulse_shows': [{'condition': None, 'number': None, 'priority': 0, 'params': {}}]}}, key=UUID('471781c3-cbd3-4a97-aa8e-f270cb923190'), condition=None, blocking_facility=None)]. The order of those handlers is not defined and they will be executed in random order. This might lead to race conditions and potential bugs.
2026-05-11 15:30:23,456 : INFO : EventManager : Unordered handler for class ConfigPlayer.event_player/events on event mode_cool_under_pressure_started with priority 200. Handlers: [RegisteredHandler(callback=<bound method ConfigPlayer.config_play_callback of ConfigPlayer.event_player/events>, priority=200, kwargs={'calling_context': 'mode_cool_under_pressure_started', 'mode': <Mode.pilot_mission_qualifier>, 'settings': {'reset_topgun_letters': [{'condition': None, 'number': None, 'priority': 0, 'params': {}}], 'check_all_pilot_modes_played': [{'condition': None, 'number': None, 'priority': 0, 'params': {}}], 'ball_search_reset': [{'condition': None, 'number': None, 'priority': 0, 'params': {}}], 'ball_search_block': [{'condition': None, 'number': None, 'priority': 0, 'params': {}}]}}, key=UUID('6bef093e-cc5a-4000-a4f1-803735944ee2'), condition=None, blocking_facility=None), RegisteredHandler(callback=<bound method ConfigPlayer.config_play_callback of ConfigPlayer.event_player/events>, priority=200, kwargs={'calling_context': 'mode_cool_under_pressure_started', 'mode': <Mode.iceman_letters>, 'settings': {'stop_all_training_pulse_shows': [{'condition': None, 'number': None, 'priority': 0, 'params': {}}]}}, key=UUID('471781c3-cbd3-4a97-aa8e-f270cb923190'), condition=None, blocking_facility=None)]. The order of those handlers is not defined and they will be executed in random order. This might lead to race conditions and potential bugs.
2026-05-11 15:30:23,457 : INFO : EventManager : Unordered handler for class ConfigPlayer.event_player/events on event mode_cool_under_pressure_started with priority 200. Handlers: [RegisteredHandler(callback=<bound method ConfigPlayer.config_play_callback of ConfigPlayer.event_player/events>, priority=200, kwargs={'calling_context': 'mode_cool_under_pressure_started', 'mode': <Mode.pilot_mission_qualifier>, 'settings': {'reset_topgun_letters': [{'condition': None, 'number': None, 'priority': 0, 'params': {}}], 'check_all_pilot_modes_played': [{'condition': None, 'number': None, 'priority': 0, 'params': {}}], 'ball_search_reset': [{'condition': None, 'number': None, 'priority': 0, 'params': {}}], 'ball_search_block': [{'condition': None, 'number': None, 'priority': 0, 'params': {}}]}}, key=UUID('6bef093e-cc5a-4000-a4f1-803735944ee2'), condition=None, blocking_facility=None), RegisteredHandler(callback=<bound method ConfigPlayer.config_play_callback of ConfigPlayer.event_player/events>, priority=200, kwargs={'calling_context': 'mode_cool_under_pressure_started', 'mode': <Mode.iceman_letters>, 'settings': {'stop_all_training_pulse_shows': [{'condition': None, 'number': None, 'priority': 0, 'params': {}}]}}, key=UUID('471781c3-cbd3-4a97-aa8e-f270cb923190'), condition=None, blocking_facility=None)]. The order of those handlers is not defined and they will be executed in random order. This might lead to race conditions and potential bugs.
2026-05-11 15:30:23,457 : INFO : EventManager : Unordered handler for class ConfigPlayer.variable_player/variables on event ball_will_end with priority 200. Handlers: [RegisteredHandler(callback=<bound method ConfigPlayer.config_play_callback of ConfigPlayer.variable_player/variables>, priority=200, kwargs={'calling_context': 'ball_will_end', 'mode': <Mode.pilot_mission_qualifier>, 'settings': {'mystery_just_lit_pilot': {'action': 'set', 'int': <NativeTemplate 0>, 'priority': 0, 'float': None, 'string': None, 'block': False, 'player': None, 'condition': None}, 'scoop_release_pending': {'action': 'set', 'int': <NativeTemplate 0>, 'priority': 0, 'float': None, 'string': None, 'block': False, 'player': None, 'condition': None}}}, key=UUID('ae723b50-a055-4724-934a-5c372b28500d'), condition=None, blocking_facility=None), RegisteredHandler(callback=<bound method ConfigPlayer.config_play_callback of ConfigPlayer.variable_player/variables>, priority=200, kwargs={'calling_context': 'ball_will_end', 'mode': <Mode.mig_letters>, 'settings': {'mig_letter_m': {'action': 'set', 'int': <NativeTemplate 0>, 'priority': 0, 'float': None, 'string': None, 'block': False, 'player': None, 'condition': None}, 'mig_letter_i': {'action': 'set', 'int': <NativeTemplate 0>, 'priority': 0, 'float': None, 'string': None, 'block': False, 'player': None, 'condition': None}, 'mig_letter_g': {'action': 'set', 'int': <NativeTemplate 0>, 'priority': 0, 'float': None, 'string': None, 'block': False, 'player': None, 'condition': None}, 'mig_completing': {'action': 'set', 'int': <NativeTemplate 0>, 'priority': 0, 'float': None, 'string': None, 'block': False, 'player': None, 'condition': None}}}, key=UUID('b9727e7b-11a4-45f3-8e21-f952364d51d6'), condition=None, blocking_facility=None)]. The order of those handlers is not defined and they will be executed in random order. This might lead to race conditions and potential bugs.
2026-05-11 15:30:23,458 : INFO : EventManager : Unordered handler for class <timer.cup_shot_timer> on event cup_start_shot_timer_30 with priority 1. Handlers: [RegisteredHandler(callback=<bound method Timer.jump of <timer.cup_shot_timer>>, priority=1, kwargs={'timer_value': <NativeTemplate 30.0>}, key=UUID('7b46cd8c-ba25-40a7-acfb-7fc5997e56d8'), condition=None, blocking_facility=None), RegisteredHandler(callback=<bound method Timer.start of <timer.cup_shot_timer>>, priority=1, kwargs={}, key=UUID('6917df22-e187-4c0e-9df8-d06b8e3eeef7'), condition=None, blocking_facility=None)]. The order of those handlers is not defined and they will be executed in random order. This might lead to race conditions and potential bugs.
2026-05-11 15:30:23,458 : INFO : EventManager : Unordered handler for class <timer.cup_shot_timer> on event cup_start_shot_timer_25 with priority 1. Handlers: [RegisteredHandler(callback=<bound method Timer.jump of <timer.cup_shot_timer>>, priority=1, kwargs={'timer_value': <NativeTemplate 25.0>}, key=UUID('72ff5e09-be39-401b-b59b-f4d4e822ec18'), condition=None, blocking_facility=None), RegisteredHandler(callback=<bound method Timer.start of <timer.cup_shot_timer>>, priority=1, kwargs={}, key=UUID('8a742d5f-503d-4030-87d1-849ad6619405'), condition=None, blocking_facility=None)]. The order of those handlers is not defined and they will be executed in random order. This might lead to race conditions and potential bugs.
2026-05-11 15:30:23,458 : INFO : EventManager : Unordered handler for class <timer.cup_shot_timer> on event cup_start_shot_timer_40 with priority 1. Handlers: [RegisteredHandler(callback=<bound method Timer.jump of <timer.cup_shot_timer>>, priority=1, kwargs={'timer_value': <NativeTemplate 40.0>}, key=UUID('13a89d06-300a-499e-8b27-09ef15562b51'), condition=None, blocking_facility=None), RegisteredHandler(callback=<bound method Timer.start of <timer.cup_shot_timer>>, priority=1, kwargs={}, key=UUID('750f5a91-985d-49df-9892-93f867a6f8cc'), condition=None, blocking_facility=None)]. The order of those handlers is not defined and they will be executed in random order. This might lead to race conditions and potential bugs.
2026-05-11 15:30:23,460 : INFO : EventManager : Unordered handler for class ConfigPlayer.event_player/events on event mode_cool_under_pressure_started with priority 200. Handlers: [RegisteredHandler(callback=<bound method ConfigPlayer.config_play_callback of ConfigPlayer.event_player/events>, priority=200, kwargs={'calling_context': 'mode_cool_under_pressure_started', 'mode': <Mode.pilot_mission_qualifier>, 'settings': {'reset_topgun_letters': [{'condition': None, 'number': None, 'priority': 0, 'params': {}}], 'check_all_pilot_modes_played': [{'condition': None, 'number': None, 'priority': 0, 'params': {}}], 'ball_search_reset': [{'condition': None, 'number': None, 'priority': 0, 'params': {}}], 'ball_search_block': [{'condition': None, 'number': None, 'priority': 0, 'params': {}}]}}, key=UUID('6bef093e-cc5a-4000-a4f1-803735944ee2'), condition=None, blocking_facility=None), RegisteredHandler(callback=<bound method ConfigPlayer.config_play_callback of ConfigPlayer.event_player/events>, priority=200, kwargs={'calling_context': 'mode_cool_under_pressure_started', 'mode': <Mode.iceman_letters>, 'settings': {'stop_all_training_pulse_shows': [{'condition': None, 'number': None, 'priority': 0, 'params': {}}]}}, key=UUID('471781c3-cbd3-4a97-aa8e-f270cb923190'), condition=None, blocking_facility=None)]. The order of those handlers is not defined and they will be executed in random order. This might lead to race conditions and potential bugs.
2026-05-11 15:30:23,462 : INFO : EventManager : Unordered handler for class ConfigPlayer.event_player/events on event mode_cool_under_pressure_started with priority 200. Handlers: [RegisteredHandler(callback=<bound method ConfigPlayer.config_play_callback of ConfigPlayer.event_player/events>, priority=200, kwargs={'calling_context': 'mode_cool_under_pressure_started', 'mode': <Mode.pilot_mission_qualifier>, 'settings': {'reset_topgun_letters': [{'condition': None, 'number': None, 'priority': 0, 'params': {}}], 'check_all_pilot_modes_played': [{'condition': None, 'number': None, 'priority': 0, 'params': {}}], 'ball_search_reset': [{'condition': None, 'number': None, 'priority': 0, 'params': {}}], 'ball_search_block': [{'condition': None, 'number': None, 'priority': 0, 'params': {}}]}}, key=UUID('6bef093e-cc5a-4000-a4f1-803735944ee2'), condition=None, blocking_facility=None), RegisteredHandler(callback=<bound method ConfigPlayer.config_play_callback of ConfigPlayer.event_player/events>, priority=200, kwargs={'calling_context': 'mode_cool_under_pressure_started', 'mode': <Mode.iceman_letters>, 'settings': {'stop_all_training_pulse_shows': [{'condition': None, 'number': None, 'priority': 0, 'params': {}}]}}, key=UUID('471781c3-cbd3-4a97-aa8e-f270cb923190'), condition=None, blocking_facility=None)]. The order of those handlers is not defined and they will be executed in random order. This might lead to race conditions and potential bugs.
2026-05-11 15:30:23,462 : INFO : EventManager : Unordered handler for class ConfigPlayer.variable_player/variables on event ball_will_end with priority 200. Handlers: [RegisteredHandler(callback=<bound method ConfigPlayer.config_play_callback of ConfigPlayer.variable_player/variables>, priority=200, kwargs={'calling_context': 'ball_will_end', 'mode': <Mode.pilot_mission_qualifier>, 'settings': {'mystery_just_lit_pilot': {'action': 'set', 'int': <NativeTemplate 0>, 'priority': 0, 'float': None, 'string': None, 'block': False, 'player': None, 'condition': None}, 'scoop_release_pending': {'action': 'set', 'int': <NativeTemplate 0>, 'priority': 0, 'float': None, 'string': None, 'block': False, 'player': None, 'condition': None}}}, key=UUID('ae723b50-a055-4724-934a-5c372b28500d'), condition=None, blocking_facility=None), RegisteredHandler(callback=<bound method ConfigPlayer.config_play_callback of ConfigPlayer.variable_player/variables>, priority=200, kwargs={'calling_context': 'ball_will_end', 'mode': <Mode.mig_letters>, 'settings': {'mig_letter_m': {'action': 'set', 'int': <NativeTemplate 0>, 'priority': 0, 'float': None, 'string': None, 'block': False, 'player': None, 'condition': None}, 'mig_letter_i': {'action': 'set', 'int': <NativeTemplate 0>, 'priority': 0, 'float': None, 'string': None, 'block': False, 'player': None, 'condition': None}, 'mig_letter_g': {'action': 'set', 'int': <NativeTemplate 0>, 'priority': 0, 'float': None, 'string': None, 'block': False, 'player': None, 'condition': None}, 'mig_completing': {'action': 'set', 'int': <NativeTemplate 0>, 'priority': 0, 'float': None, 'string': None, 'block': False, 'player': None, 'condition': None}}}, key=UUID('b9727e7b-11a4-45f3-8e21-f952364d51d6'), condition=None, blocking_facility=None)]. The order of those handlers is not defined and they will be executed in random order. This might lead to race conditions and potential bugs.
2026-05-11 15:30:23,462 : INFO : EventManager : Event: ======'mode_cool_under_pressure_starting'====== Args={'priority': 0}
2026-05-11 15:30:23,462 : INFO : Mode.cool_under_pressure : Started. Priority: 600
2026-05-11 15:30:23,462 : INFO : EventManager : Event: ======'modes_active_modes_changed'====== Args={}
2026-05-11 15:30:23,462 : INFO : EventManager : Event: ======'mode_cool_under_pressure_started'====== Args={'priority': 0}
2026-05-11 15:30:23,462 : INFO : EventManager : Event: ======'barrier_raise'====== Args={'priority': 0}
2026-05-11 15:30:23,463 : INFO : EventManager : Event: ======'player_pilot_mode_active'====== Args={'value': 1, 'prev_value': 0, 'change': 1, 'player_num': 1, 'source': 'cool_under_pressure'}
2026-05-11 15:30:23,463 : INFO : EventManager : Event: ======'player_letter_collection_paused'====== Args={'value': 1, 'prev_value': 0, 'change': 1, 'player_num': 1, 'source': 'cool_under_pressure'}
2026-05-11 15:30:23,463 : INFO : EventManager : Event: ======'player_mode_cool_under_pressure_played'====== Args={'value': 1, 'prev_value': 0, 'change': 1, 'player_num': 1, 'source': 'cool_under_pressure'}
2026-05-11 15:30:23,463 : INFO : EventManager : Event: ======'player_pilot_missions_played'====== Args={'value': 1, 'prev_value': 0, 'change': 1, 'player_num': 1, 'source': 'cool_under_pressure'}
2026-05-11 15:30:23,463 : INFO : EventManager : Event: ======'player_cup_step'====== Args={'value': 0, 'prev_value': 0, 'change': 0, 'player_num': 1, 'source': 'cool_under_pressure'}
2026-05-11 15:30:23,463 : INFO : EventManager : Event: ======'player_cup_crystals'====== Args={'value': 3, 'prev_value': 0, 'change': 3, 'player_num': 1, 'source': 'cool_under_pressure'}
2026-05-11 15:30:23,463 : INFO : EventManager : Event: ======'player_cup_complete_flag'====== Args={'value': 0, 'prev_value': 0, 'change': 0, 'player_num': 1, 'source': 'cool_under_pressure'}
2026-05-11 15:30:23,463 : INFO : EventManager : Event: ======'player_cup_shots_remaining'====== Args={'value': 8, 'prev_value': 0, 'change': 8, 'player_num': 1, 'source': 'cool_under_pressure'}
2026-05-11 15:30:23,463 : INFO : EventManager : Event: ======'player_mode_points_scored'====== Args={'value': 0, 'prev_value': 200000, 'change': -200000, 'player_num': 1, 'source': 'cool_under_pressure'}
2026-05-11 15:30:23,463 : INFO : EventManager : Event: ======'player_cool_under_pressure_timer_tick'====== Args={'value': 0, 'prev_value': 0, 'change': 0, 'player_num': 1, 'source': 'cool_under_pressure'}
2026-05-11 15:30:23,463 : INFO : EventManager : Event: ======'reset_topgun_letters'====== Args={'priority': 0}
2026-05-11 15:30:23,465 : INFO : EventManager : Event: ======'check_all_pilot_modes_played'====== Args={'priority': 0}
2026-05-11 15:30:23,465 : INFO : EventManager : Event: ======'ball_search_reset'====== Args={'priority': 0}
2026-05-11 15:30:23,465 : INFO : EventManager : Event: ======'ball_search_block'====== Args={'priority': 0}
2026-05-11 15:30:23,465 : INFO : EventManager : Event: ======'player_qualified_mode_number'====== Args={'value': 0, 'prev_value': 3, 'change': -3, 'player_num': 1, 'source': 'pilot_mission_qualifier'}
2026-05-11 15:30:23,465 : INFO : EventManager : Event: ======'stop_all_training_pulse_shows'====== Args={'priority': 0}
2026-05-11 15:30:23,465 : INFO : Timer.cup_shot_timer : Stopping Timer
2026-05-11 15:30:23,465 : INFO : EventManager : Event: ======'timer_cup_shot_timer_stopped'====== Args={'ticks': 30, 'ticks_remaining': 0}
2026-05-11 15:30:23,465 : INFO : Timer.cup_intro_video_delay : Starting Timer.
2026-05-11 15:30:23,465 : INFO : EventManager : Event: ======'timer_cup_intro_video_delay_started'====== Args={'ticks': 0, 'ticks_remaining': 18}
2026-05-11 15:30:23,465 : INFO : EventManager : Event: ======'timer_cup_intro_video_delay_tick'====== Args={'ticks': 0, 'ticks_remaining': 18}
2026-05-11 15:30:23,465 : INFO : coil.c_mode_barrier : Disabling Driver
2026-05-11 15:30:23,465 : INFO : EventManager : Event: ======'player_scoop_release_pending'====== Args={'value': 0, 'prev_value': 0, 'change': 0, 'player_num': 1, 'source': 'pilot_mission_qualifier'}
2026-05-11 15:30:23,465 : INFO : Timer.global_scoop_eject_delay : Stopping Timer
2026-05-11 15:30:23,465 : INFO : EventManager : Event: ======'timer_global_scoop_eject_delay_stopped'====== Args={'ticks': 0, 'ticks_remaining': 0}
2026-05-11 15:30:23,465 : INFO : EventManager : Event: ======'player_mystery_just_lit_pilot'====== Args={'value': 0, 'prev_value': 0, 'change': 0, 'player_num': 1, 'source': 'pilot_mission_qualifier'}
2026-05-11 15:30:23,466 : INFO : EventManager : Event: ======'player_missiles_perk_saved'====== Args={'value': 0, 'prev_value': 0, 'change': 0, 'player_num': 1, 'source': 'pilot_mission_qualifier'}
2026-05-11 15:30:23,466 : INFO : EventManager : Event: ======'topgun_letters_reset'====== Args={'priority': 0}
2026-05-11 15:30:23,466 : INFO : EventManager : Event: ======'update_training_qual_lights'====== Args={'priority': 0}
2026-05-11 15:30:23,518 : INFO : EventManager : Event: ======'slide_cool_under_pressure_background_created'====== Args={'_from_bcp': True}
2026-05-11 15:30:23,531 : INFO : EventManager : Event: ======'player_pilot_mission_qualifier_skillshot_video_running_tick'====== Args={'value': 1, 'prev_value': 0, 'change': 1, 'player_num': 1}
2026-05-11 15:30:23,531 : INFO : Timer.skillshot_video_running : Timer Complete
2026-05-11 15:30:23,531 : INFO : Timer.skillshot_video_running : Stopping Timer
2026-05-11 15:30:23,532 : INFO : EventManager : Event: ======'timer_skillshot_video_running_stopped'====== Args={'ticks': 1, 'ticks_remaining': 1}
2026-05-11 15:30:23,532 : INFO : EventManager : Event: ======'timer_skillshot_video_running_complete'====== Args={'ticks': 1, 'ticks_remaining': 1}
2026-05-11 15:30:23,541 : INFO : EventManager : Event: ======'slide_cool_under_pressure_intro_created'====== Args={'_from_bcp': True}
2026-05-11 15:30:23,542 : INFO : EventManager : Event: ======'slide_mach_1_inactive'====== Args={'is_removing': False, '_from_bcp': True}
2026-05-11 15:30:23,542 : INFO : EventManager : Event: ======'slide_cool_under_pressure_intro_active'====== Args={'original_context': 'cool_under_pressure', 'original_calling_context': 'mode_cool_under_pressure_started', 'priority': 600.0, 'cmd': 'slides_play', '_from_bcp': True}
2026-05-11 15:30:23,542 : INFO : EventManager : Event: ======'slide_topgun_6_removed'====== Args={'_from_bcp': True}
2026-05-11 15:30:23,542 : INFO : EventManager : Event: ======'slide_topgun_0_created'====== Args={'_from_bcp': True}
2026-05-11 15:30:23,749 : INFO : EventManager : Event: ======'balldevice_bd_mode_scoop_ball_count_changed'====== Args={'balls': 1}
2026-05-11 15:30:23,749 : INFO : ball_device.bd_mode_scoop : Received unexpected ball
2026-05-11 15:30:23,749 : INFO : EventManager : Event: ======'balldevice_captured_from_playfield'====== Args={'balls': 1}
2026-05-11 15:30:23,750 : INFO : EventManager : Event: ======'sw_playfield_active'====== Args={'balls': 1}
2026-05-11 15:30:23,750 : INFO : EventManager : Event: ======'playfield_ball_count_change'====== Args={'balls': 0, 'change': -1}
2026-05-11 15:30:23,751 : INFO : EventManager : Event: ======'balldevice_bd_mode_scoop_ball_enter'====== Args={'new_balls': 1, 'unclaimed_balls': 1, 'new_available_balls': 1, 'device': <ball_device.bd_mode_scoop>}
2026-05-11 15:30:23,752 : INFO : EventManager : Event: ======'ball_hold_cup_scoop_hold_held_ball'====== Args={'balls_held': 1, 'total_balls_held': 1}
2026-05-11 15:30:23,752 : INFO : EventManager : Event: ======'ball_hold_cup_scoop_hold_full'====== Args={'balls': 1}
2026-05-11 15:30:23,752 : INFO : EventManager : Event: ======'balldevice_balls_available'====== Args={}
2026-05-11 15:30:23,752 : INFO : EventManager : Event: ======'balldevice_bd_mode_scoop_ball_entered'====== Args={'new_balls': 1, 'device': <ball_device.bd_mode_scoop>}
2026-05-11 15:30:24,404 : INFO : EventManager : Event: ======'player_ball_save_ball_save_countdown_tick'====== Args={'value': 9, 'prev_value': 10, 'change': -1, 'player_num': 1}
2026-05-11 15:30:24,404 : INFO : EventManager : Event: ======'timer_ball_save_countdown_tick'====== Args={'ticks': 9, 'ticks_remaining': 9}
2026-05-11 15:30:24,405 : INFO : EventManager : Event: ======'ball_save_flash_slow'====== Args={'priority': 0}
2026-05-11 15:30:24,405 : INFO : EventManager : Event: ======'player_ball_save_time_remaining'====== Args={'value': 9, 'prev_value': 10, 'change': -1, 'player_num': 1, 'source': 'ball_save'}
2026-05-11 15:30:24,466 : INFO : EventManager : Event: ======'player_cool_under_pressure_cup_intro_video_delay_tick'====== Args={'value': 1, 'prev_value': 0, 'change': 1, 'player_num': 1}
2026-05-11 15:30:24,467 : INFO : EventManager : Event: ======'timer_cup_intro_video_delay_tick'====== Args={'ticks': 1, 'ticks_remaining': 17}
2026-05-11 15:30:24,529 : INFO : SwitchController : <<<<<<< 's_flipper_right' active >>>>>>>
2026-05-11 15:30:24,529 : INFO : EventManager : Event: ======'s_flipper_right_active'====== Args={}
2026-05-11 15:30:24,529 : INFO : EventManager : Event: ======'machine_var_audits_switches_s_flipper_right'====== Args={'value': 54758, 'prev_value': 54757, 'change': 1}
2026-05-11 15:30:24,530 : INFO : SwitchController : <<<<<<< 's_flipper_left' active >>>>>>>
2026-05-11 15:30:24,530 : INFO : EventManager : Event: ======'s_flipper_left_active'====== Args={}
2026-05-11 15:30:24,530 : INFO : EventManager : Event: ======'flipper_cancel'====== Args={'triggering_group': 1, 'triggering_switch': 's_flipper_left'}
2026-05-11 15:30:24,530 : INFO : EventManager : Event: ======'machine_var_audits_switches_s_flipper_left'====== Args={'value': 56564, 'prev_value': 56563, 'change': 1}
2026-05-11 15:30:24,530 : INFO : SwitchController : <<<<<<< 's_flipper_left_upper' active >>>>>>>
2026-05-11 15:30:24,531 : INFO : EventManager : Event: ======'machine_var_audits_switches_s_flipper_left_upper'====== Args={'value': 55883, 'prev_value': 55882, 'change': 1}
2026-05-11 15:30:24,532 : INFO : EventManager : Event: ======'cup_check_skip_intro'====== Args={'priority': 0}
2026-05-11 15:30:24,532 : INFO : EventManager : Event: ======'goose_rotate_right_execute'====== Args={'priority': 0}
2026-05-11 15:30:24,533 : INFO : EventManager : Event: ======'mig_rotate_right_execute'====== Args={'priority': 0}
2026-05-11 15:30:24,533 : INFO : EventManager : Event: ======'status_mode_entry_both_held'====== Args={'priority': 0}
2026-05-11 15:30:24,533 : INFO : EventManager : Event: ======'ball_search_reset'====== Args={'priority': 0}
2026-05-11 15:30:24,533 : INFO : EventManager : Event: ======'cup_skip_intro'====== Args={'priority': 0}
2026-05-11 15:30:24,533 : INFO : EventManager : Event: ======'scoop_ball_release'====== Args={'priority': 0}
2026-05-11 15:30:24,534 : INFO : Timer.cup_intro_video_delay : Stopping Timer
2026-05-11 15:30:24,534 : INFO : EventManager : Event: ======'timer_cup_intro_video_delay_stopped'====== Args={'ticks': 1, 'ticks_remaining': 17}
2026-05-11 15:30:24,534 : INFO : Timer.cup_voice_callout_delay : Stopping Timer
2026-05-11 15:30:24,534 : INFO : EventManager : Event: ======'timer_cup_voice_callout_delay_stopped'====== Args={'ticks': 0, 'ticks_remaining': 0}
2026-05-11 15:30:24,534 : INFO : EventManager : Event: ======'barrier_drop'====== Args={'priority': 0}
2026-05-11 15:30:24,534 : INFO : EventManager : Event: ======'player_scoop_release_pending'====== Args={'value': 1, 'prev_value': 0, 'change': 1, 'player_num': 1, 'source': 'pilot_mission_qualifier'}
2026-05-11 15:30:24,534 : INFO : coil.c_mode_barrier : Enabling Driver with power 0.25 (pulse_ms 45ms and pulse_power 0.75)
2026-05-11 15:30:24,535 : INFO : Timer.status_mode_entry : Starting Timer.
2026-05-11 15:30:24,535 : INFO : EventManager : Event: ======'timer_status_mode_entry_started'====== Args={'ticks': 0, 'ticks_remaining': 4}
2026-05-11 15:30:24,535 : INFO : EventManager : Event: ======'timer_status_mode_entry_tick'====== Args={'ticks': 0, 'ticks_remaining': 4}
2026-05-11 15:30:24,535 : INFO : EventManager : Event: ======'goose_rotate_left_execute'====== Args={'priority': 0}
2026-05-11 15:30:24,535 : INFO : EventManager : Event: ======'mig_rotate_left_execute'====== Args={'priority': 0}
2026-05-11 15:30:24,535 : INFO : EventManager : Event: ======'status_mode_entry_both_held'====== Args={'priority': 0}
2026-05-11 15:30:24,535 : INFO : EventManager : Event: ======'ball_search_reset'====== Args={'priority': 0}
2026-05-11 15:30:24,536 : INFO : EventManager : Event: ======'timer_status_mode_entry_tick'====== Args={'ticks': 0, 'ticks_remaining': 4}
2026-05-11 15:30:24,548 : INFO : EventManager : Event: ======'slide_cool_under_pressure_intro_inactive'====== Args={'is_removing': True, '_from_bcp': True}
2026-05-11 15:30:24,548 : INFO : EventManager : Event: ======'slide_cool_under_pressure_background_active'====== Args={'_from_bcp': True}
2026-05-11 15:30:24,549 : INFO : SwitchController : <<<<<<< 's_flipper_right_eos' active >>>>>>>
2026-05-11 15:30:24,549 : INFO : EventManager : Event: ======'machine_var_audits_switches_s_flipper_right_eos'====== Args={'value': 49229, 'prev_value': 49228, 'change': 1}
2026-05-11 15:30:24,550 : INFO : SwitchController : <<<<<<< 's_flipper_left_eos' active >>>>>>>
2026-05-11 15:30:24,550 : INFO : EventManager : Event: ======'machine_var_audits_switches_s_flipper_left_eos'====== Args={'value': 51349, 'prev_value': 51348, 'change': 1}
2026-05-11 15:30:24,554 : INFO : EventManager : Event: ======'slide_cool_under_pressure_intro_removed'====== Args={'_from_bcp': True}
2026-05-11 15:30:24,554 : INFO : SwitchController : <<<<<<< 's_flipper_left_upper_eos' active >>>>>>>
2026-05-11 15:30:24,554 : INFO : EventManager : Event: ======'s_flipper_left_upper_eos_active'====== Args={}
2026-05-11 15:30:24,554 : INFO : EventManager : Event: ======'machine_var_audits_switches_s_flipper_left_upper_eos'====== Args={'value': 63067, 'prev_value': 63066, 'change': 1}
2026-05-11 15:30:24,555 : INFO : EventManager : Event: ======'player_previous_switch_type'====== Args={'value': 2, 'prev_value': 0, 'change': 2, 'player_num': 1, 'source': 'pilot_mission_qualifier'}
2026-05-11 15:30:24,576 : INFO : SwitchController : <<<<<<< 's_flipper_left_upper' inactive >>>>>>>
2026-05-11 15:30:24,576 : INFO : SwitchController : <<<<<<< 's_flipper_left' inactive >>>>>>>
2026-05-11 15:30:24,576 : INFO : EventManager : Event: ======'s_flipper_left_inactive'====== Args={}
2026-05-11 15:30:24,576 : INFO : EventManager : Event: ======'both_flippers_one'====== Args={'triggering_group': 1, 'triggering_switch': 's_flipper_left'}
2026-05-11 15:30:24,577 : INFO : EventManager : Event: ======'status_mode_entry_cancel'====== Args={'priority': 0}
2026-05-11 15:30:24,577 : INFO : Timer.status_mode_entry : Stopping Timer
2026-05-11 15:30:24,577 : INFO : EventManager : Event: ======'timer_status_mode_entry_stopped'====== Args={'ticks': 0, 'ticks_remaining': 4}
2026-05-11 15:30:24,578 : INFO : SwitchController : <<<<<<< 's_flipper_right' inactive >>>>>>>
2026-05-11 15:30:24,578 : INFO : EventManager : Event: ======'s_flipper_right_inactive'====== Args={}
2026-05-11 15:30:24,578 : INFO : EventManager : Event: ======'both_flippers_inactive'====== Args={'triggering_group': 2, 'triggering_switch': 's_flipper_right'}
2026-05-11 15:30:24,668 : INFO : SwitchController : <<<<<<< 's_flipper_left_eos' inactive >>>>>>>
2026-05-11 15:30:24,669 : INFO : SwitchController : <<<<<<< 's_flipper_right_eos' inactive >>>>>>>
2026-05-11 15:30:24,684 : INFO : SwitchController : <<<<<<< 's_flipper_left_upper_eos' inactive >>>>>>>
2026-05-11 15:30:24,920 : INFO : EventManager : Event: ======'cup_ball_released'====== Args={'priority': 0}
2026-05-11 15:30:24,920 : INFO : ball_device.bd_mode_scoop : Adding 1 ball(s) to the eject_queue with target <playfield.playfield>.
2026-05-11 15:30:24,920 : INFO : EventManager : Event: ======'balldevice_balls_available'====== Args={}
2026-05-11 15:30:24,920 : INFO : EventManager : Event: ======'ball_hold_cup_scoop_hold_balls_released'====== Args={'balls_released': 1}
2026-05-11 15:30:24,921 : INFO : Timer.cup_barrier_delay : Starting Timer.
2026-05-11 15:30:24,921 : INFO : EventManager : Event: ======'timer_cup_barrier_delay_started'====== Args={'ticks': 0, 'ticks_remaining': 1}
2026-05-11 15:30:24,921 : INFO : EventManager : Event: ======'timer_cup_barrier_delay_tick'====== Args={'ticks': 0, 'ticks_remaining': 1}
2026-05-11 15:30:24,921 : INFO : EventManager : Event: ======'cup_setup_step_1'====== Args={'priority': 0}
2026-05-11 15:30:24,921 : INFO : EventManager : Event: ======'cup_start_shot_timer_30'====== Args={'priority': 0}
2026-05-11 15:30:24,922 : INFO : EventManager : Event: ======'player_cup_step'====== Args={'value': 1, 'prev_value': 0, 'change': 1, 'player_num': 1, 'source': 'cool_under_pressure'}
2026-05-11 15:30:24,922 : INFO : EventManager : Event: ======'player_cool_under_pressure_timer_tick'====== Args={'value': 30, 'prev_value': 0, 'change': 30, 'player_num': 1, 'source': 'cool_under_pressure'}
2026-05-11 15:30:24,922 : INFO : Timer.cup_shot_timer : Starting Timer.
2026-05-11 15:30:24,922 : INFO : EventManager : Event: ======'timer_cup_shot_timer_started'====== Args={'ticks': 30, 'ticks_remaining': 30}
2026-05-11 15:30:24,922 : INFO : EventManager : Event: ======'timer_cup_shot_timer_tick'====== Args={'ticks': 30, 'ticks_remaining': 30}
2026-05-11 15:30:24,924 : INFO : ball_device.bd_mode_scoop : State: waiting_for_target_ready
2026-05-11 15:30:24,924 : INFO : EventManager : Event: ======'balldevice_bd_mode_scoop_ball_eject_attempt'====== Args={'balls': 1, 'target': <playfield.playfield>, 'source': <ball_device.bd_mode_scoop>, 'mechanical_eject': False, 'num_attempts': 0}
2026-05-11 15:30:24,924 : INFO : ball_device.bd_mode_scoop : State: ejecting
2026-05-11 15:30:24,924 : INFO : ball_device.bd_mode_scoop : Ejecting ball to <playfield.playfield>
2026-05-11 15:30:24,924 : INFO : EventManager : Event: ======'balldevice_bd_mode_scoop_ejecting_ball'====== Args={'balls': 1, 'target': <playfield.playfield>, 'source': <ball_device.bd_mode_scoop>, 'mechanical_eject': False, 'num_attempts': 0}
2026-05-11 15:30:24,926 : INFO : EventManager : Event: ======'ball_save_scoop_eject_save_timer_start'====== Args={}
2026-05-11 15:30:24,926 : INFO : EventManager : Event: ======'ball_save_scoop_eject_save_enabled'====== Args={}
2026-05-11 15:30:24,926 : INFO : Timer.scoop_save_countdown : Starting Timer.
2026-05-11 15:30:24,926 : INFO : EventManager : Event: ======'timer_scoop_save_countdown_started'====== Args={'ticks': 5, 'ticks_remaining': 5}
2026-05-11 15:30:24,926 : INFO : EventManager : Event: ======'timer_scoop_save_countdown_tick'====== Args={'ticks': 5, 'ticks_remaining': 5}
2026-05-11 15:30:24,926 : INFO : EventManager : Event: ======'ball_save_flash_medium'====== Args={'priority': 0}
2026-05-11 15:30:24,927 : INFO : EventManager : Event: ======'player_ball_save_time_remaining'====== Args={'value': 5, 'prev_value': 9, 'change': -4, 'player_num': 1, 'source': 'ball_save'}
2026-05-11 15:30:24,929 : INFO : ball_device.bd_mode_scoop : Wait for ball to leave device
2026-05-11 15:30:24,929 : INFO : coil.c_mode_outkicker : Pulsing Driver for 35ms (0.75 pulse_power)
2026-05-11 15:30:24,930 : INFO : EventManager : Event: ======'slide_cool_under_pressure_timer_created'====== Args={'_from_bcp': True}
2026-05-11 15:30:24,932 : INFO : EventManager : Event: ======'slide_cool_under_pressure_shots_remaining_created'====== Args={'_from_bcp': True}
2026-05-11 15:30:24,934 : INFO : EventManager : Event: ======'slide_cool_under_pressure_background_inactive'====== Args={'is_removing': False, '_from_bcp': True}
2026-05-11 15:30:24,934 : INFO : EventManager : Event: ======'slide_cool_under_pressure_shots_remaining_active'====== Args={'original_context': 'cool_under_pressure', 'original_calling_context': 'cup_ball_released{current_player.afterburner_perk_active==0}', 'priority': 600.0, 'cmd': 'slides_play', '_from_bcp': True}
2026-05-11 15:30:24,966 : INFO : SwitchController : <<<<<<< 's_mode_start' inactive >>>>>>>
2026-05-11 15:30:24,966 : INFO : EventManager : Event: ======'s_mode_start_inactive'====== Args={}
2026-05-11 15:30:24,967 : INFO : EventManager : Event: ======'global_scoop_eject_start'====== Args={'priority': 0}
2026-05-11 15:30:24,967 : INFO : Timer.global_scoop_eject_delay : Starting Timer.
2026-05-11 15:30:24,967 : INFO : EventManager : Event: ======'timer_global_scoop_eject_delay_started'====== Args={'ticks': 0, 'ticks_remaining': 1}
2026-05-11 15:30:24,967 : INFO : EventManager : Event: ======'timer_global_scoop_eject_delay_tick'====== Args={'ticks': 0, 'ticks_remaining': 1}
2026-05-11 15:30:24,968 : INFO : ball_device.bd_mode_scoop : State: ball_left
2026-05-11 15:30:24,968 : INFO : ball_device.bd_mode_scoop : Ball left
2026-05-11 15:30:24,968 : INFO : ball_device.bd_mode_scoop : Wait for confirm with timeout 3.0
2026-05-11 15:30:25,403 : INFO : EventManager : Event: ======'player_ball_save_ball_save_countdown_tick'====== Args={'value': 8, 'prev_value': 9, 'change': -1, 'player_num': 1}
2026-05-11 15:30:25,403 : INFO : EventManager : Event: ======'timer_ball_save_countdown_tick'====== Args={'ticks': 8, 'ticks_remaining': 8}
2026-05-11 15:30:25,404 : INFO : EventManager : Event: ======'ball_save_flash_medium_slow'====== Args={'priority': 0}
2026-05-11 15:30:25,404 : INFO : EventManager : Event: ======'player_ball_save_time_remaining'====== Args={'value': 8, 'prev_value': 5, 'change': 3, 'player_num': 1, 'source': 'ball_save'}
2026-05-11 15:30:25,903 : INFO : EventManager : Event: ======'player_cool_under_pressure_cup_barrier_delay_tick'====== Args={'value': 1, 'prev_value': 0, 'change': 1, 'player_num': 1}
2026-05-11 15:30:25,903 : INFO : Timer.cup_barrier_delay : Timer Complete
2026-05-11 15:30:25,904 : INFO : Timer.cup_barrier_delay : Stopping Timer
2026-05-11 15:30:25,904 : INFO : EventManager : Event: ======'timer_cup_barrier_delay_stopped'====== Args={'ticks': 1, 'ticks_remaining': 1}
2026-05-11 15:30:25,904 : INFO : EventManager : Event: ======'timer_cup_barrier_delay_complete'====== Args={'ticks': 1, 'ticks_remaining': 1}
2026-05-11 15:30:25,904 : INFO : EventManager : Event: ======'player_cool_under_pressure_cup_shot_timer_tick'====== Args={'value': 29, 'prev_value': 30, 'change': -1, 'player_num': 1}
2026-05-11 15:30:25,904 : INFO : EventManager : Event: ======'timer_cup_shot_timer_tick'====== Args={'ticks': 29, 'ticks_remaining': 29}
2026-05-11 15:30:25,904 : INFO : EventManager : Event: ======'player_ball_save_scoop_save_countdown_tick'====== Args={'value': 4, 'prev_value': 5, 'change': -1, 'player_num': 1}
2026-05-11 15:30:25,904 : INFO : EventManager : Event: ======'timer_scoop_save_countdown_tick'====== Args={'ticks': 4, 'ticks_remaining': 4}
2026-05-11 15:30:25,906 : INFO : EventManager : Event: ======'player_cool_under_pressure_timer_tick'====== Args={'value': 29, 'prev_value': 30, 'change': -1, 'player_num': 1, 'source': 'cool_under_pressure'}
2026-05-11 15:30:25,906 : INFO : EventManager : Event: ======'ball_save_flash_medium'====== Args={'priority': 0}
2026-05-11 15:30:25,906 : INFO : EventManager : Event: ======'player_ball_save_time_remaining'====== Args={'value': 4, 'prev_value': 8, 'change': -4, 'player_num': 1, 'source': 'ball_save'}
2026-05-11 15:30:25,967 : INFO : EventManager : Event: ======'player_pilot_mission_qualifier_global_scoop_eject_delay_tick'====== Args={'value': 1, 'prev_value': 0, 'change': 1, 'player_num': 1}
2026-05-11 15:30:25,967 : INFO : Timer.global_scoop_eject_delay : Timer Complete
2026-05-11 15:30:25,968 : INFO : Timer.global_scoop_eject_delay : Stopping Timer
2026-05-11 15:30:25,968 : INFO : EventManager : Event: ======'timer_global_scoop_eject_delay_stopped'====== Args={'ticks': 1, 'ticks_remaining': 1}
2026-05-11 15:30:25,968 : INFO : EventManager : Event: ======'timer_global_scoop_eject_delay_complete'====== Args={'ticks': 1, 'ticks_remaining': 1}
2026-05-11 15:30:25,968 : INFO : EventManager : Event: ======'barrier_raise'====== Args={'priority': 0}
2026-05-11 15:30:25,968 : INFO : coil.c_mode_barrier : Disabling Driver
2026-05-11 15:30:25,968 : INFO : EventManager : Event: ======'player_scoop_release_pending'====== Args={'value': 0, 'prev_value': 1, 'change': -1, 'player_num': 1, 'source': 'pilot_mission_qualifier'}
2026-05-11 15:30:25,968 : INFO : Timer.global_scoop_eject_delay : Stopping Timer
2026-05-11 15:30:25,968 : INFO : EventManager : Event: ======'timer_global_scoop_eject_delay_stopped'====== Args={'ticks': 1, 'ticks_remaining': 1}
2026-05-11 15:30:26,407 : INFO : EventManager : Event: ======'player_ball_save_ball_save_countdown_tick'====== Args={'value': 7, 'prev_value': 8, 'change': -1, 'player_num': 1}
2026-05-11 15:30:26,407 : INFO : EventManager : Event: ======'timer_ball_save_countdown_tick'====== Args={'ticks': 7, 'ticks_remaining': 7}
2026-05-11 15:30:26,408 : INFO : EventManager : Event: ======'ball_save_flash_medium_slow'====== Args={'priority': 0}
2026-05-11 15:30:26,408 : INFO : EventManager : Event: ======'player_ball_save_time_remaining'====== Args={'value': 7, 'prev_value': 4, 'change': 3, 'player_num': 1, 'source': 'ball_save'}
2026-05-11 15:30:26,910 : INFO : EventManager : Event: ======'player_cool_under_pressure_cup_shot_timer_tick'====== Args={'value': 28, 'prev_value': 29, 'change': -1, 'player_num': 1}
2026-05-11 15:30:26,910 : INFO : EventManager : Event: ======'timer_cup_shot_timer_tick'====== Args={'ticks': 28, 'ticks_remaining': 28}
2026-05-11 15:30:26,911 : INFO : EventManager : Event: ======'player_ball_save_scoop_save_countdown_tick'====== Args={'value': 3, 'prev_value': 4, 'change': -1, 'player_num': 1}
2026-05-11 15:30:26,911 : INFO : EventManager : Event: ======'timer_scoop_save_countdown_tick'====== Args={'ticks': 3, 'ticks_remaining': 3}
2026-05-11 15:30:26,911 : INFO : EventManager : Event: ======'player_cool_under_pressure_timer_tick'====== Args={'value': 28, 'prev_value': 29, 'change': -1, 'player_num': 1, 'source': 'cool_under_pressure'}
2026-05-11 15:30:26,911 : INFO : EventManager : Event: ======'ball_save_flash_fast'====== Args={'priority': 0}
2026-05-11 15:30:26,912 : INFO : EventManager : Event: ======'player_ball_save_time_remaining'====== Args={'value': 3, 'prev_value': 7, 'change': -4, 'player_num': 1, 'source': 'ball_save'}
2026-05-11 15:30:27,408 : INFO : EventManager : Event: ======'player_ball_save_ball_save_countdown_tick'====== Args={'value': 6, 'prev_value': 7, 'change': -1, 'player_num': 1}
2026-05-11 15:30:27,408 : INFO : EventManager : Event: ======'timer_ball_save_countdown_tick'====== Args={'ticks': 6, 'ticks_remaining': 6}
2026-05-11 15:30:27,409 : INFO : EventManager : Event: ======'ball_save_flash_medium'====== Args={'priority': 0}
2026-05-11 15:30:27,409 : INFO : EventManager : Event: ======'player_ball_save_time_remaining'====== Args={'value': 6, 'prev_value': 3, 'change': 3, 'player_num': 1, 'source': 'ball_save'}
2026-05-11 15:30:27,910 : INFO : EventManager : Event: ======'player_cool_under_pressure_cup_shot_timer_tick'====== Args={'value': 27, 'prev_value': 28, 'change': -1, 'player_num': 1}
2026-05-11 15:30:27,911 : INFO : EventManager : Event: ======'timer_cup_shot_timer_tick'====== Args={'ticks': 27, 'ticks_remaining': 27}
2026-05-11 15:30:27,911 : INFO : EventManager : Event: ======'player_ball_save_scoop_save_countdown_tick'====== Args={'value': 2, 'prev_value': 3, 'change': -1, 'player_num': 1}
2026-05-11 15:30:27,911 : INFO : EventManager : Event: ======'timer_scoop_save_countdown_tick'====== Args={'ticks': 2, 'ticks_remaining': 2}
2026-05-11 15:30:27,912 : INFO : EventManager : Event: ======'player_cool_under_pressure_timer_tick'====== Args={'value': 27, 'prev_value': 28, 'change': -1, 'player_num': 1, 'source': 'cool_under_pressure'}
2026-05-11 15:30:27,912 : INFO : EventManager : Event: ======'ball_save_flash_off'====== Args={'priority': 0}
2026-05-11 15:30:27,912 : INFO : EventManager : Event: ======'player_ball_save_time_remaining'====== Args={'value': 2, 'prev_value': 6, 'change': -4, 'player_num': 1, 'source': 'ball_save'}
2026-05-11 15:30:27,973 : INFO : ball_device.bd_mode_scoop : State: failed_confirm
2026-05-11 15:30:27,973 : INFO : ball_device.bd_mode_scoop : Got timeout (3.0s) before confirm from <playfield.playfield>
2026-05-11 15:30:28,067 : INFO : ball_device.bd_mode_scoop : Confirming eject because target is playfield and ball did not return.
2026-05-11 15:30:28,067 : INFO : ball_device.bd_mode_scoop : Eject successful
2026-05-11 15:30:28,067 : INFO : EventManager : Event: ======'balldevice_bd_mode_scoop_ball_eject_success'====== Args={'balls': 1, 'target': <playfield.playfield>}
2026-05-11 15:30:28,068 : INFO : EventManager : Event: ======'balldevice_playfield_ball_enter'====== Args={'new_balls': 1, 'unclaimed_balls': 1, 'device': <playfield.playfield>}
2026-05-11 15:30:28,068 : INFO : EventManager : Event: ======'playfield_ball_count_change'====== Args={'balls': 1, 'change': 1}
2026-05-11 15:30:28,069 : INFO : EventManager : Event: ======'balldevice_bd_mode_scoop_ball_count_changed'====== Args={'balls': 0}
2026-05-11 15:30:28,069 : INFO : ball_device.bd_mode_scoop : State: idle
2026-05-11 15:30:28,396 : INFO : EventManager : Event: ======'player_ball_save_ball_save_countdown_tick'====== Args={'value': 5, 'prev_value': 6, 'change': -1, 'player_num': 1}
2026-05-11 15:30:28,396 : INFO : EventManager : Event: ======'timer_ball_save_countdown_tick'====== Args={'ticks': 5, 'ticks_remaining': 5}
2026-05-11 15:30:28,397 : INFO : EventManager : Event: ======'ball_save_flash_medium'====== Args={'priority': 0}
2026-05-11 15:30:28,397 : INFO : EventManager : Event: ======'player_ball_save_time_remaining'====== Args={'value': 5, 'prev_value': 2, 'change': 3, 'player_num': 1, 'source': 'ball_save'}
2026-05-11 15:30:28,896 : INFO : EventManager : Event: ======'player_ball_save_scoop_save_countdown_tick'====== Args={'value': 1, 'prev_value': 2, 'change': -1, 'player_num': 1}
2026-05-11 15:30:28,896 : INFO : EventManager : Event: ======'timer_scoop_save_countdown_tick'====== Args={'ticks': 1, 'ticks_remaining': 1}
2026-05-11 15:30:28,897 : INFO : EventManager : Event: ======'player_cool_under_pressure_cup_shot_timer_tick'====== Args={'value': 26, 'prev_value': 27, 'change': -1, 'player_num': 1}
2026-05-11 15:30:28,897 : INFO : EventManager : Event: ======'timer_cup_shot_timer_tick'====== Args={'ticks': 26, 'ticks_remaining': 26}
2026-05-11 15:30:28,897 : INFO : EventManager : Event: ======'ball_save_flash_off'====== Args={'priority': 0}
2026-05-11 15:30:28,897 : INFO : EventManager : Event: ======'player_ball_save_time_remaining'====== Args={'value': 1, 'prev_value': 5, 'change': -4, 'player_num': 1, 'source': 'ball_save'}
2026-05-11 15:30:28,899 : INFO : EventManager : Event: ======'player_cool_under_pressure_timer_tick'====== Args={'value': 26, 'prev_value': 27, 'change': -1, 'player_num': 1, 'source': 'cool_under_pressure'}
2026-05-11 15:30:29,411 : INFO : EventManager : Event: ======'player_ball_save_ball_save_countdown_tick'====== Args={'value': 4, 'prev_value': 5, 'change': -1, 'player_num': 1}
2026-05-11 15:30:29,411 : INFO : EventManager : Event: ======'timer_ball_save_countdown_tick'====== Args={'ticks': 4, 'ticks_remaining': 4}
2026-05-11 15:30:29,412 : INFO : EventManager : Event: ======'ball_save_flash_fast'====== Args={'priority': 0}
2026-05-11 15:30:29,412 : INFO : EventManager : Event: ======'player_ball_save_time_remaining'====== Args={'value': 4, 'prev_value': 1, 'change': 3, 'player_num': 1, 'source': 'ball_save'}
2026-05-11 15:30:29,910 : INFO : EventManager : Event: ======'ball_save_scoop_eject_save_grace_period'====== Args={}
2026-05-11 15:30:29,910 : INFO : EventManager : Event: ======'player_ball_save_scoop_save_countdown_tick'====== Args={'value': 0, 'prev_value': 1, 'change': -1, 'player_num': 1}
2026-05-11 15:30:29,910 : INFO : Timer.scoop_save_countdown : Timer Complete
2026-05-11 15:30:29,910 : INFO : Timer.scoop_save_countdown : Stopping Timer
2026-05-11 15:30:29,911 : INFO : EventManager : Event: ======'timer_scoop_save_countdown_stopped'====== Args={'ticks': 0, 'ticks_remaining': 1}
2026-05-11 15:30:29,911 : INFO : EventManager : Event: ======'timer_scoop_save_countdown_complete'====== Args={'ticks': 0, 'ticks_remaining': 1}
2026-05-11 15:30:29,911 : INFO : EventManager : Event: ======'ball_save_scoop_eject_save_hurry_up'====== Args={}
2026-05-11 15:30:29,911 : INFO : EventManager : Event: ======'ball_save_flash_stop'====== Args={'priority': 0}
2026-05-11 15:30:29,911 : INFO : EventManager : Event: ======'player_cool_under_pressure_cup_shot_timer_tick'====== Args={'value': 25, 'prev_value': 26, 'change': -1, 'player_num': 1}
2026-05-11 15:30:29,911 : INFO : EventManager : Event: ======'timer_cup_shot_timer_tick'====== Args={'ticks': 25, 'ticks_remaining': 25}
2026-05-11 15:30:29,911 : INFO : EventManager : Event: ======'player_cool_under_pressure_timer_tick'====== Args={'value': 25, 'prev_value': 26, 'change': -1, 'player_num': 1, 'source': 'cool_under_pressure'}
2026-05-11 15:30:30,397 : INFO : EventManager : Event: ======'player_ball_save_ball_save_countdown_tick'====== Args={'value': 3, 'prev_value': 4, 'change': -1, 'player_num': 1}
2026-05-11 15:30:30,397 : INFO : EventManager : Event: ======'timer_ball_save_countdown_tick'====== Args={'ticks': 3, 'ticks_remaining': 3}
2026-05-11 15:30:30,399 : INFO : EventManager : Event: ======'ball_save_scoop_eject_save_disabled'====== Args={}
2026-05-11 15:30:30,399 : INFO : EventManager : Event: ======'ball_save_flash_fast'====== Args={'priority': 0}
2026-05-11 15:30:30,399 : INFO : EventManager : Event: ======'player_ball_save_time_remaining'====== Args={'value': 3, 'prev_value': 4, 'change': -1, 'player_num': 1, 'source': 'ball_save'}
2026-05-11 15:30:30,399 : INFO : EventManager : Event: ======'player_ball_save_active'====== Args={'value': 0, 'prev_value': 1, 'change': -1, 'player_num': 1, 'source': 'ball_save'}
2026-05-11 15:30:30,399 : INFO : Timer.scoop_save_countdown : Stopping Timer
2026-05-11 15:30:30,399 : INFO : EventManager : Event: ======'timer_scoop_save_countdown_stopped'====== Args={'ticks': 0, 'ticks_remaining': 1}
2026-05-11 15:30:30,897 : INFO : EventManager : Event: ======'player_cool_under_pressure_cup_shot_timer_tick'====== Args={'value': 24, 'prev_value': 25, 'change': -1, 'player_num': 1}
2026-05-11 15:30:30,897 : INFO : EventManager : Event: ======'timer_cup_shot_timer_tick'====== Args={'ticks': 24, 'ticks_remaining': 24}
2026-05-11 15:30:30,898 : INFO : EventManager : Event: ======'player_cool_under_pressure_timer_tick'====== Args={'value': 24, 'prev_value': 25, 'change': -1, 'player_num': 1, 'source': 'cool_under_pressure'}
2026-05-11 15:30:31,289 : INFO : SwitchController : <<<<<<< 's_outlane_left' active >>>>>>>
2026-05-11 15:30:31,289 : INFO : EventManager : Event: ======'s_outlane_left_active'====== Args={}
2026-05-11 15:30:31,289 : INFO : EventManager : Event: ======'sw_playfield_active'====== Args={}
2026-05-11 15:30:31,289 : INFO : EventManager : Event: ======'sw_playfield_active'====== Args={}
2026-05-11 15:30:31,289 : INFO : EventManager : Event: ======'machine_var_audits_switches_s_outlane_left'====== Args={'value': 1794, 'prev_value': 1793, 'change': 1}
2026-05-11 15:30:31,291 : INFO : EventManager : Event: ======'start_mode_ejection_seat'====== Args={'priority': 0}
2026-05-11 15:30:31,291 : INFO : EventManager : Event: ======'check_goose_complete'====== Args={'priority': 0}
2026-05-11 15:30:31,291 : INFO : EventManager : Event: ======'player_goose_letter_g'====== Args={'value': 1, 'prev_value': 0, 'change': 1, 'player_num': 1, 'source': 'goose_letters'}
2026-05-11 15:30:31,291 : INFO : EventManager : Event: ======'player_goose_last_letter_collected'====== Args={'value': 1, 'prev_value': 0, 'change': 1, 'player_num': 1, 'source': 'goose_letters'}
2026-05-11 15:30:31,291 : INFO : EventManager : Event: ======'player_score'====== Args={'value': 316500, 'prev_value': 314500, 'change': 2000, 'player_num': 1, 'source': 'base'}
2026-05-11 15:30:31,291 : INFO : EventManager : Event: ======'player_bonus_switches_count'====== Args={'value': 5, 'prev_value': 4, 'change': 1, 'player_num': 1, 'source': 'base'}
2026-05-11 15:30:31,292 : INFO : EventManager : Event: ======'mode_ejection_seat_will_start'====== Args={'priority': 0}
2026-05-11 15:30:31,292 : INFO : EventManager : Event: ======'player_ejection_seat_ejection_activation_delay_tick'====== Args={'value': 0, 'prev_value': 0, 'change': 0, 'player_num': 1}
2026-05-11 15:30:31,292 : INFO : EventManager : Event: ======'player_ejection_seat_ejection_flipper_window_tick'====== Args={'value': 0, 'prev_value': 0, 'change': 0, 'player_num': 1}
2026-05-11 15:30:31,292 : INFO : EventManager : Event: ======'player_ejection_seat_ejection_safety_timeout_tick'====== Args={'value': 0, 'prev_value': 0, 'change': 0, 'player_num': 1}
2026-05-11 15:30:31,292 : INFO : EventManager : Event: ======'player_ejection_seat_ejection_fling_drop_delay_tick'====== Args={'value': 0, 'prev_value': 0, 'change': 0, 'player_num': 1}
2026-05-11 15:30:31,292 : INFO : EventManager : Event: ======'player_ejection_seat_ejection_fling_pull_duration_tick'====== Args={'value': 0, 'prev_value': 0, 'change': 0, 'player_num': 1}
2026-05-11 15:30:31,292 : INFO : EventManager : Event: ======'player_ejection_seat_ejection_success_cleanup_delay_tick'====== Args={'value': 0, 'prev_value': 0, 'change': 0, 'player_num': 1}
2026-05-11 15:30:31,293 : INFO : EventManager : Event: ======'player_ejection_seat_ejection_failed_cleanup_delay_tick'====== Args={'value': 0, 'prev_value': 0, 'change': 0, 'player_num': 1}
2026-05-11 15:30:31,293 : INFO : EventManager : Event: ======'player_ejection_seat_ejection_seat_drain_delay_tick'====== Args={'value': 0, 'prev_value': 0, 'change': 0, 'player_num': 1}
2026-05-11 15:30:31,296 : INFO : EventManager : Event: ======'mode_ejection_seat_starting'====== Args={'priority': 0}
2026-05-11 15:30:31,296 : INFO : Mode.ejection_seat : Started. Priority: 600
2026-05-11 15:30:31,296 : INFO : EventManager : Event: ======'modes_active_modes_changed'====== Args={}
2026-05-11 15:30:31,296 : INFO : EventManager : Event: ======'mode_ejection_seat_started'====== Args={'priority': 0}
2026-05-11 15:30:31,297 : INFO : EventManager : Event: ======'ejection_seat_ball_save_blocked'====== Args={'priority': 0}
2026-05-11 15:30:31,297 : INFO : EventManager : Event: ======'ejection_seat_cleanup_complete'====== Args={'priority': 0}
2026-05-11 15:30:31,297 : INFO : EventManager : Event: ======'player_eject_mode_qualified'====== Args={'value': 0, 'prev_value': 1, 'change': -1, 'player_num': 1, 'source': 'goose_letters'}
2026-05-11 15:30:31,297 : INFO : Timer.ejection_activation_delay : Starting Timer.
2026-05-11 15:30:31,297 : INFO : EventManager : Event: ======'timer_ejection_activation_delay_started'====== Args={'ticks': 0, 'ticks_remaining': 500}
2026-05-11 15:30:31,297 : INFO : EventManager : Event: ======'timer_ejection_activation_delay_tick'====== Args={'ticks': 0, 'ticks_remaining': 500}
2026-05-11 15:30:31,297 : INFO : EventManager : Event: ======'player_eject_mode_qualified'====== Args={'value': 1, 'prev_value': 0, 'change': 1, 'player_num': 1, 'source': 'ejection_seat'}
2026-05-11 15:30:31,297 : INFO : EventManager : Event: ======'mode_ejection_seat_will_stop'====== Args={}
2026-05-11 15:30:31,297 : INFO : EventManager : Event: ======'mode_ejection_seat_stopping'====== Args={}
2026-05-11 15:30:31,297 : INFO : Mode.ejection_seat : Stopped.
2026-05-11 15:30:31,298 : INFO : EventManager : Event: ======'modes_active_modes_changed'====== Args={}
2026-05-11 15:30:31,298 : INFO : EventManager : Event: ======'mode_ejection_seat_stopped'====== Args={}
2026-05-11 15:30:31,298 : INFO : EventManager : Event: ======'clear'====== Args={'key': 'ejection_seat'}
2026-05-11 15:30:31,298 : INFO : Timer.ejection_safety_timeout : Stopping Timer
2026-05-11 15:30:31,298 : INFO : EventManager : Event: ======'timer_ejection_safety_timeout_stopped'====== Args={'ticks': 0, 'ticks_remaining': 0}
2026-05-11 15:30:31,298 : INFO : Timer.ejection_success_cleanup_delay : Stopping Timer
2026-05-11 15:30:31,298 : INFO : EventManager : Event: ======'timer_ejection_success_cleanup_delay_stopped'====== Args={'ticks': 0, 'ticks_remaining': 0}
2026-05-11 15:30:31,298 : INFO : Timer.ejection_activation_delay : Stopping Timer
2026-05-11 15:30:31,298 : INFO : EventManager : Event: ======'timer_ejection_activation_delay_stopped'====== Args={'ticks': 0, 'ticks_remaining': 500}
2026-05-11 15:30:31,298 : INFO : Timer.ejection_fling_drop_delay : Stopping Timer
2026-05-11 15:30:31,298 : INFO : EventManager : Event: ======'timer_ejection_fling_drop_delay_stopped'====== Args={'ticks': 0, 'ticks_remaining': 0}
2026-05-11 15:30:31,298 : INFO : Timer.ejection_failed_cleanup_delay : Stopping Timer
2026-05-11 15:30:31,298 : INFO : EventManager : Event: ======'timer_ejection_failed_cleanup_delay_stopped'====== Args={'ticks': 0, 'ticks_remaining': 0}
2026-05-11 15:30:31,298 : INFO : Timer.ejection_flipper_window : Stopping Timer
2026-05-11 15:30:31,298 : INFO : EventManager : Event: ======'timer_ejection_flipper_window_stopped'====== Args={'ticks': 0, 'ticks_remaining': 0}
2026-05-11 15:30:31,300 : INFO : Timer.ejection_fling_pull_duration : Stopping Timer
2026-05-11 15:30:31,300 : INFO : EventManager : Event: ======'timer_ejection_fling_pull_duration_stopped'====== Args={'ticks': 0, 'ticks_remaining': 0}
2026-05-11 15:30:31,300 : INFO : Timer.ejection_seat_drain_delay : Stopping Timer
2026-05-11 15:30:31,300 : INFO : EventManager : Event: ======'timer_ejection_seat_drain_delay_stopped'====== Args={'ticks': 0, 'ticks_remaining': 0}
2026-05-11 15:30:31,382 : INFO : SwitchController : <<<<<<< 's_outlane_left' inactive >>>>>>>
2026-05-11 15:30:31,397 : INFO : EventManager : Event: ======'slide_eject_created'====== Args={'_from_bcp': True}
2026-05-11 15:30:31,397 : INFO : EventManager : Event: ======'slide_ejection_seat_active_removed'====== Args={'_from_bcp': True}
2026-05-11 15:30:31,398 : INFO : EventManager : Event: ======'player_ball_save_ball_save_countdown_tick'====== Args={'value': 2, 'prev_value': 3, 'change': -1, 'player_num': 1}
2026-05-11 15:30:31,398 : INFO : EventManager : Event: ======'timer_ball_save_countdown_tick'====== Args={'ticks': 2, 'ticks_remaining': 2}
2026-05-11 15:30:31,398 : INFO : EventManager : Event: ======'ball_save_new_ball_save_hurry_up'====== Args={}
2026-05-11 15:30:31,399 : INFO : EventManager : Event: ======'ball_save_flash_off'====== Args={'priority': 0}
2026-05-11 15:30:31,399 : INFO : EventManager : Event: ======'player_ball_save_time_remaining'====== Args={'value': 2, 'prev_value': 3, 'change': -1, 'player_num': 1, 'source': 'ball_save'}
2026-05-11 15:30:31,400 : INFO : EventManager : Event: ======'slide_ejection_shots_completed_created'====== Args={'_from_bcp': True}
2026-05-11 15:30:31,401 : INFO : EventManager : Event: ======'slide_ejection_shots_needed_created'====== Args={'_from_bcp': True}
2026-05-11 15:30:31,401 : INFO : EventManager : Event: ======'slide_eject_removed'====== Args={'_from_bcp': True}
2026-05-11 15:30:31,899 : INFO : EventManager : Event: ======'player_cool_under_pressure_cup_shot_timer_tick'====== Args={'value': 23, 'prev_value': 24, 'change': -1, 'player_num': 1}
2026-05-11 15:30:31,899 : INFO : EventManager : Event: ======'timer_cup_shot_timer_tick'====== Args={'ticks': 23, 'ticks_remaining': 23}
2026-05-11 15:30:31,899 : INFO : EventManager : Event: ======'player_cool_under_pressure_timer_tick'====== Args={'value': 23, 'prev_value': 24, 'change': -1, 'player_num': 1, 'source': 'cool_under_pressure'}
2026-05-11 15:30:32,305 : INFO : SwitchController : <<<<<<< 's_trough_6' active >>>>>>>
2026-05-11 15:30:32,305 : INFO : EventManager : Event: ======'machine_var_audits_switches_s_trough_6'====== Args={'value': 5614, 'prev_value': 5613, 'change': 1}
2026-05-11 15:30:32,397 : INFO : EventManager : Event: ======'player_ball_save_ball_save_countdown_tick'====== Args={'value': 1, 'prev_value': 2, 'change': -1, 'player_num': 1}
2026-05-11 15:30:32,397 : INFO : EventManager : Event: ======'timer_ball_save_countdown_tick'====== Args={'ticks': 1, 'ticks_remaining': 1}
2026-05-11 15:30:32,399 : INFO : EventManager : Event: ======'ball_save_flash_off'====== Args={'priority': 0}
2026-05-11 15:30:32,399 : INFO : EventManager : Event: ======'player_ball_save_time_remaining'====== Args={'value': 1, 'prev_value': 2, 'change': -1, 'player_num': 1, 'source': 'ball_save'}
2026-05-11 15:30:32,618 : INFO : EventManager : Event: ======'balldevice_bd_trough_ball_count_changed'====== Args={'balls': 6}
2026-05-11 15:30:32,618 : INFO : ball_device.bd_trough : Received unexpected ball
2026-05-11 15:30:32,618 : INFO : EventManager : Event: ======'balldevice_captured_from_playfield'====== Args={'balls': 1}
2026-05-11 15:30:32,619 : INFO : EventManager : Event: ======'sw_playfield_active'====== Args={'balls': 1}
2026-05-11 15:30:32,619 : INFO : EventManager : Event: ======'playfield_ball_count_change'====== Args={'balls': 0, 'change': -1}
2026-05-11 15:30:32,620 : INFO : EventManager : Event: ======'balldevice_bd_trough_ball_enter'====== Args={'new_balls': 1, 'unclaimed_balls': 1, 'new_available_balls': 1, 'device': <ball_device.bd_trough>}
2026-05-11 15:30:32,620 : INFO : EventManager : Event: ======'ball_drain'====== Args={'device': <ball_device.bd_trough>, 'balls': 1}
2026-05-11 15:30:32,621 : INFO : EventManager : Event: ======'ball_save_new_ball_save_saving_ball'====== Args={'balls': 1, 'early_save': False}
2026-05-11 15:30:32,621 : INFO : ball_device.bd_plunger : Setting up player-controlled eject. Balls: 1, Target: <playfield.playfield>, player_controlled_eject_event: None
2026-05-11 15:30:32,621 : INFO : EventManager : Event: ======'balldevice_balls_available'====== Args={}
2026-05-11 15:30:32,621 : INFO : EventManager : Event: ======'extra_ball_drain_cleanup'====== Args={'priority': 0}
2026-05-11 15:30:32,621 : INFO : EventManager : Event: ======'ball_saved_scene_play'====== Args={'priority': 0}
2026-05-11 15:30:32,621 : INFO : EventManager : Event: ======'consecutive_save_window_start'====== Args={'priority': 0}
2026-05-11 15:30:32,621 : INFO : EventManager : Event: ======'consecutive_save_did_count'====== Args={'priority': 0}
2026-05-11 15:30:32,621 : INFO : EventManager : Event: ======'player_ball_just_saved'====== Args={'value': 1, 'prev_value': 0, 'change': 1, 'player_num': 1, 'source': 'ball_save'}
2026-05-11 15:30:32,621 : INFO : Timer.consecutive_save_window : Starting Timer.
2026-05-11 15:30:32,621 : INFO : EventManager : Event: ======'timer_consecutive_save_window_started'====== Args={'ticks': 20, 'ticks_remaining': 20}
2026-05-11 15:30:32,621 : INFO : EventManager : Event: ======'timer_consecutive_save_window_tick'====== Args={'ticks': 20, 'ticks_remaining': 20}
2026-05-11 15:30:32,623 : INFO : EventManager : Event: ======'player_consecutive_ball_saves'====== Args={'value': 1, 'prev_value': 0, 'change': 1, 'player_num': 1, 'source': 'ball_save'}
2026-05-11 15:30:32,623 : INFO : coil.c_left_lane_up_post : Disabling Driver
2026-05-11 15:30:32,623 : INFO : EventManager : Event: ======'balldevice_balls_available'====== Args={}
2026-05-11 15:30:32,624 : INFO : EventManager : Event: ======'balldevice_bd_trough_ball_entered'====== Args={'new_balls': 1, 'device': <ball_device.bd_trough>}
2026-05-11 15:30:32,626 : INFO : ball_device.bd_trough : State: waiting_for_target_ready
2026-05-11 15:30:32,626 : INFO : EventManager : Event: ======'balldevice_bd_trough_ball_eject_attempt'====== Args={'balls': 1, 'target': <ball_device.bd_plunger>, 'source': <ball_device.bd_trough>, 'mechanical_eject': True, 'num_attempts': 0}
2026-05-11 15:30:32,626 : INFO : ball_device.bd_plunger : State: waiting_for_ball
2026-05-11 15:30:32,627 : INFO : ball_device.bd_trough : State: ejecting
2026-05-11 15:30:32,627 : INFO : ball_device.bd_trough : Ejecting ball to <ball_device.bd_plunger>
2026-05-11 15:30:32,627 : INFO : EventManager : Event: ======'balldevice_bd_trough_ejecting_ball'====== Args={'balls': 1, 'target': <ball_device.bd_plunger>, 'source': <ball_device.bd_trough>, 'mechanical_eject': True, 'num_attempts': 0}
2026-05-11 15:30:32,629 : INFO : ball_device.bd_trough : Wait for ball to leave device
2026-05-11 15:30:32,630 : INFO : coil.c_trough_eject : Pulsing Driver for 25ms (0.75 pulse_power)
2026-05-11 15:30:32,653 : INFO : EventManager : Event: ======'slide_ball_saved_created'====== Args={'_from_bcp': True}
2026-05-11 15:30:32,665 : INFO : SwitchController : <<<<<<< 's_trough_1' inactive >>>>>>>
2026-05-11 15:30:32,665 : INFO : SwitchController : <<<<<<< 's_jam' active >>>>>>>
2026-05-11 15:30:32,665 : INFO : EventManager : Event: ======'machine_var_audits_switches_s_jam'====== Args={'value': 5525, 'prev_value': 5524, 'change': 1}
2026-05-11 15:30:32,668 : INFO : ball_device.bd_trough : State: ball_left
2026-05-11 15:30:32,668 : INFO : ball_device.bd_trough : Ball left
2026-05-11 15:30:32,668 : INFO : ball_device.bd_trough : Wait for confirm with timeout 3.0
2026-05-11 15:30:32,681 : INFO : SwitchController : <<<<<<< 's_jam' inactive >>>>>>>
2026-05-11 15:30:32,899 : INFO : EventManager : Event: ======'player_cool_under_pressure_cup_shot_timer_tick'====== Args={'value': 22, 'prev_value': 23, 'change': -1, 'player_num': 1}
2026-05-11 15:30:32,899 : INFO : EventManager : Event: ======'timer_cup_shot_timer_tick'====== Args={'ticks': 22, 'ticks_remaining': 22}
2026-05-11 15:30:32,900 : INFO : SwitchController : <<<<<<< 's_shooter_lane' active >>>>>>>
2026-05-11 15:30:32,900 : INFO : EventManager : Event: ======'s_shooter_lane_active'====== Args={}
2026-05-11 15:30:32,900 : INFO : EventManager : Event: ======'machine_var_audits_switches_s_shooter_lane'====== Args={'value': 6407, 'prev_value': 6406, 'change': 1}
2026-05-11 15:30:32,900 : INFO : EventManager : Event: ======'player_cool_under_pressure_timer_tick'====== Args={'value': 22, 'prev_value': 23, 'change': -1, 'player_num': 1, 'source': 'cool_under_pressure'}
2026-05-11 15:30:32,902 : INFO : Timer.ball_save_auto_plunger_delay : Starting Timer.
2026-05-11 15:30:32,902 : INFO : EventManager : Event: ======'timer_ball_save_auto_plunger_delay_started'====== Args={'ticks': 0, 'ticks_remaining': 5}
2026-05-11 15:30:32,902 : INFO : EventManager : Event: ======'timer_ball_save_auto_plunger_delay_tick'====== Args={'ticks': 0, 'ticks_remaining': 5}
2026-05-11 15:30:32,962 : INFO : SwitchController : <<<<<<< 's_trough_2' inactive >>>>>>>
2026-05-11 15:30:32,962 : INFO : SwitchController : <<<<<<< 's_trough_4' inactive >>>>>>>
2026-05-11 15:30:32,962 : INFO : SwitchController : <<<<<<< 's_trough_3' inactive >>>>>>>
2026-05-11 15:30:32,962 : INFO : SwitchController : <<<<<<< 's_trough_5' inactive >>>>>>>
2026-05-11 15:30:32,978 : INFO : SwitchController : <<<<<<< 's_trough_1' active >>>>>>>
2026-05-11 15:30:32,978 : INFO : EventManager : Event: ======'machine_var_audits_switches_s_trough_1'====== Args={'value': 5578, 'prev_value': 5577, 'change': 1}
2026-05-11 15:30:32,994 : INFO : SwitchController : <<<<<<< 's_trough_3' active >>>>>>>
2026-05-11 15:30:32,994 : INFO : EventManager : Event: ======'machine_var_audits_switches_s_trough_3'====== Args={'value': 5643, 'prev_value': 5642, 'change': 1}
2026-05-11 15:30:32,994 : INFO : SwitchController : <<<<<<< 's_trough_6' inactive >>>>>>>
2026-05-11 15:30:32,994 : INFO : SwitchController : <<<<<<< 's_trough_2' active >>>>>>>
2026-05-11 15:30:32,994 : INFO : EventManager : Event: ======'machine_var_audits_switches_s_trough_2'====== Args={'value': 5617, 'prev_value': 5616, 'change': 1}
2026-05-11 15:30:32,995 : INFO : SwitchController : <<<<<<< 's_trough_4' active >>>>>>>
2026-05-11 15:30:32,995 : INFO : EventManager : Event: ======'machine_var_audits_switches_s_trough_4'====== Args={'value': 5638, 'prev_value': 5637, 'change': 1}
2026-05-11 15:30:33,025 : INFO : SwitchController : <<<<<<< 's_trough_5' active >>>>>>>
2026-05-11 15:30:33,025 : INFO : EventManager : Event: ======'machine_var_audits_switches_s_trough_5'====== Args={'value': 5633, 'prev_value': 5632, 'change': 1}
2026-05-11 15:30:33,150 : INFO : EventManager : Event: ======'player_ball_save_ball_save_auto_plunger_delay_tick'====== Args={'value': 1, 'prev_value': 0, 'change': 1, 'player_num': 1}
2026-05-11 15:30:33,150 : INFO : EventManager : Event: ======'timer_ball_save_auto_plunger_delay_tick'====== Args={'ticks': 1, 'ticks_remaining': 4}
2026-05-11 15:30:33,213 : INFO : ball_device.bd_plunger : Received ball from <ball_device.bd_trough>
2026-05-11 15:30:33,213 : INFO : EventManager : Event: ======'balldevice_bd_plunger_ball_enter'====== Args={'new_balls': 1, 'unclaimed_balls': 0, 'new_available_balls': 0, 'device': <ball_device.bd_plunger>}
2026-05-11 15:30:33,214 : INFO : EventManager : Event: ======'balldevice_bd_plunger_ball_entered'====== Args={'new_balls': 0, 'device': <ball_device.bd_plunger>}
2026-05-11 15:30:33,214 : INFO : EventManager : Event: ======'balldevice_bd_plunger_ball_count_changed'====== Args={'balls': 1}
2026-05-11 15:30:33,214 : INFO : ball_device.bd_trough : Got eject confirm
2026-05-11 15:30:33,214 : INFO : ball_device.bd_trough : Eject successful
2026-05-11 15:30:33,214 : INFO : EventManager : Event: ======'balldevice_bd_trough_ball_eject_success'====== Args={'balls': 1, 'target': <ball_device.bd_plunger>}
2026-05-11 15:30:33,216 : INFO : ball_device.bd_plunger : State: waiting_for_target_ready
2026-05-11 15:30:33,216 : INFO : EventManager : Event: ======'balldevice_bd_plunger_ball_eject_attempt'====== Args={'balls': 1, 'target': <playfield.playfield>, 'source': <ball_device.bd_plunger>, 'mechanical_eject': True, 'num_attempts': 0}
2026-05-11 15:30:33,217 : INFO : EventManager : Event: ======'balldevice_bd_trough_ball_count_changed'====== Args={'balls': 5}
2026-05-11 15:30:33,217 : INFO : ball_device.bd_trough : State: idle
2026-05-11 15:30:33,217 : INFO : ball_device.bd_plunger : State: ejecting
2026-05-11 15:30:33,217 : INFO : ball_device.bd_plunger : Ejecting ball to <playfield.playfield>
2026-05-11 15:30:33,217 : INFO : EventManager : Event: ======'balldevice_bd_plunger_ejecting_ball'====== Args={'balls': 1, 'target': <playfield.playfield>, 'source': <ball_device.bd_plunger>, 'mechanical_eject': True, 'num_attempts': 0}
2026-05-11 15:30:33,218 : INFO : EventManager : Event: ======'video_idle_start'====== Args={'priority': 0}
2026-05-11 15:30:33,219 : INFO : ball_device.bd_plunger : Wait for ball to leave device
2026-05-11 15:30:33,400 : INFO : EventManager : Event: ======'ball_save_new_ball_save_grace_period'====== Args={}
2026-05-11 15:30:33,400 : INFO : EventManager : Event: ======'player_ball_save_ball_save_auto_plunger_delay_tick'====== Args={'value': 2, 'prev_value': 1, 'change': 1, 'player_num': 1}
2026-05-11 15:30:33,401 : INFO : EventManager : Event: ======'timer_ball_save_auto_plunger_delay_tick'====== Args={'ticks': 2, 'ticks_remaining': 3}
2026-05-11 15:30:33,401 : INFO : EventManager : Event: ======'player_ball_save_ball_save_countdown_tick'====== Args={'value': 0, 'prev_value': 1, 'change': -1, 'player_num': 1}
2026-05-11 15:30:33,401 : INFO : Timer.ball_save_countdown : Timer Complete
2026-05-11 15:30:33,401 : INFO : Timer.ball_save_countdown : Stopping Timer
2026-05-11 15:30:33,401 : INFO : EventManager : Event: ======'timer_ball_save_countdown_stopped'====== Args={'ticks': 0, 'ticks_remaining': 1}
2026-05-11 15:30:33,401 : INFO : EventManager : Event: ======'timer_ball_save_countdown_complete'====== Args={'ticks': 0, 'ticks_remaining': 1}
2026-05-11 15:30:33,402 : INFO : EventManager : Event: ======'ball_save_flash_stop'====== Args={'priority': 0}
2026-05-11 15:30:33,600 : INFO : EventManager : Event: ======'player_ball_save_consecutive_save_window_tick'====== Args={'value': 19, 'prev_value': 20, 'change': -1, 'player_num': 1}
2026-05-11 15:30:33,601 : INFO : EventManager : Event: ======'timer_consecutive_save_window_tick'====== Args={'ticks': 19, 'ticks_remaining': 19}
2026-05-11 15:30:33,648 : INFO : EventManager : Event: ======'player_ball_save_ball_save_auto_plunger_delay_tick'====== Args={'value': 3, 'prev_value': 2, 'change': 1, 'player_num': 1}
2026-05-11 15:30:33,648 : INFO : EventManager : Event: ======'timer_ball_save_auto_plunger_delay_tick'====== Args={'ticks': 3, 'ticks_remaining': 2}
2026-05-11 15:30:33,899 : INFO : EventManager : Event: ======'ball_save_new_ball_save_disabled'====== Args={}
2026-05-11 15:30:33,900 : INFO : Timer.ball_save_countdown : Stopping Timer
2026-05-11 15:30:33,900 : INFO : EventManager : Event: ======'timer_ball_save_countdown_stopped'====== Args={'ticks': 0, 'ticks_remaining': 1}
2026-05-11 15:30:33,900 : INFO : EventManager : Event: ======'player_ball_save_ball_save_auto_plunger_delay_tick'====== Args={'value': 4, 'prev_value': 3, 'change': 1, 'player_num': 1}
2026-05-11 15:30:33,900 : INFO : EventManager : Event: ======'timer_ball_save_auto_plunger_delay_tick'====== Args={'ticks': 4, 'ticks_remaining': 1}
2026-05-11 15:30:33,900 : INFO : EventManager : Event: ======'player_cool_under_pressure_cup_shot_timer_tick'====== Args={'value': 21, 'prev_value': 22, 'change': -1, 'player_num': 1}
2026-05-11 15:30:33,900 : INFO : EventManager : Event: ======'timer_cup_shot_timer_tick'====== Args={'ticks': 21, 'ticks_remaining': 21}
2026-05-11 15:30:33,900 : INFO : EventManager : Event: ======'player_cool_under_pressure_timer_tick'====== Args={'value': 21, 'prev_value': 22, 'change': -1, 'player_num': 1, 'source': 'cool_under_pressure'}
2026-05-11 15:30:34,151 : INFO : EventManager : Event: ======'player_ball_save_ball_save_auto_plunger_delay_tick'====== Args={'value': 5, 'prev_value': 4, 'change': 1, 'player_num': 1}
2026-05-11 15:30:34,151 : INFO : Timer.ball_save_auto_plunger_delay : Timer Complete
2026-05-11 15:30:34,151 : INFO : Timer.ball_save_auto_plunger_delay : Stopping Timer
2026-05-11 15:30:34,151 : INFO : EventManager : Event: ======'timer_ball_save_auto_plunger_delay_stopped'====== Args={'ticks': 5, 'ticks_remaining': 1}
2026-05-11 15:30:34,151 : INFO : EventManager : Event: ======'timer_ball_save_auto_plunger_delay_complete'====== Args={'ticks': 5, 'ticks_remaining': 1}
2026-05-11 15:30:34,152 : INFO : coil.c_plunger : Pulsing Driver for 26ms (0.5 pulse_power)
2026-05-11 15:30:34,338 : INFO : SwitchController : <<<<<<< 's_shooter_lane' inactive >>>>>>>
2026-05-11 15:30:34,338 : INFO : EventManager : Event: ======'s_shooter_lane_inactive'====== Args={}
2026-05-11 15:30:34,339 : INFO : EventManager : Event: ======'player_ball_just_saved'====== Args={'value': 0, 'prev_value': 1, 'change': -1, 'player_num': 1, 'source': 'ball_save'}
2026-05-11 15:30:34,340 : INFO : Timer.ball_save_auto_plunger_delay : Stopping Timer
2026-05-11 15:30:34,340 : INFO : EventManager : Event: ======'timer_ball_save_auto_plunger_delay_stopped'====== Args={'ticks': 5, 'ticks_remaining': 1}
2026-05-11 15:30:34,340 : INFO : EventManager : Event: ======'player_pilot_mission_qualifier_post_plunge_orbit_lockout_tick'====== Args={'value': 0, 'prev_value': 3, 'change': -3, 'player_num': 1}
2026-05-11 15:30:34,340 : INFO : Timer.post_plunge_orbit_lockout : Starting Timer.
2026-05-11 15:30:34,340 : INFO : EventManager : Event: ======'timer_post_plunge_orbit_lockout_started'====== Args={'ticks': 0, 'ticks_remaining': 3}
2026-05-11 15:30:34,340 : INFO : EventManager : Event: ======'timer_post_plunge_orbit_lockout_tick'====== Args={'ticks': 0, 'ticks_remaining': 3}
2026-05-11 15:30:34,341 : INFO : EventManager : Event: ======'video_launch_start'====== Args={'priority': 0}
2026-05-11 15:30:34,343 : INFO : ball_device.bd_plunger : State: ball_left
2026-05-11 15:30:34,343 : INFO : ball_device.bd_plunger : Ball left
2026-05-11 15:30:34,344 : INFO : ball_device.bd_plunger : Wait for confirm with timeout 3.0
2026-05-11 15:30:34,604 : INFO : EventManager : Event: ======'player_ball_save_consecutive_save_window_tick'====== Args={'value': 18, 'prev_value': 19, 'change': -1, 'player_num': 1}
2026-05-11 15:30:34,604 : INFO : EventManager : Event: ======'timer_consecutive_save_window_tick'====== Args={'ticks': 18, 'ticks_remaining': 18}
2026-05-11 15:30:34,605 : INFO : SwitchController : <<<<<<< 's_lane_right' active >>>>>>>
2026-05-11 15:30:34,605 : INFO : EventManager : Event: ======'s_lane_right_active'====== Args={}
2026-05-11 15:30:34,605 : INFO : EventManager : Event: ======'sw_playfield_active'====== Args={}
2026-05-11 15:30:34,605 : INFO : EventManager : Event: ======'machine_var_audits_switches_s_lane_right'====== Args={'value': 4625, 'prev_value': 4624, 'change': 1}
2026-05-11 15:30:34,607 : INFO : EventManager : Event: ======'player_score'====== Args={'value': 321500, 'prev_value': 316500, 'change': 5000, 'player_num': 1, 'source': 'base'}
2026-05-11 15:30:34,607 : INFO : EventManager : Event: ======'player_bonus_switches_count'====== Args={'value': 6, 'prev_value': 5, 'change': 1, 'player_num': 1, 'source': 'base'}
2026-05-11 15:30:34,607 : INFO : EventManager : Event: ======'playfield_active'====== Args={'source': None}
2026-05-11 15:30:34,665 : INFO : SwitchController : <<<<<<< 's_lane_right' inactive >>>>>>>
2026-05-11 15:30:34,901 : INFO : EventManager : Event: ======'player_cool_under_pressure_cup_shot_timer_tick'====== Args={'value': 20, 'prev_value': 21, 'change': -1, 'player_num': 1}
2026-05-11 15:30:34,901 : INFO : EventManager : Event: ======'timer_cup_shot_timer_tick'====== Args={'ticks': 20, 'ticks_remaining': 20}
2026-05-11 15:30:34,902 : INFO : EventManager : Event: ======'player_cool_under_pressure_timer_tick'====== Args={'value': 20, 'prev_value': 21, 'change': -1, 'player_num': 1, 'source': 'cool_under_pressure'}
2026-05-11 15:30:35,341 : INFO : EventManager : Event: ======'player_pilot_mission_qualifier_post_plunge_orbit_lockout_tick'====== Args={'value': 1, 'prev_value': 0, 'change': 1, 'player_num': 1}
2026-05-11 15:30:35,341 : INFO : EventManager : Event: ======'timer_post_plunge_orbit_lockout_tick'====== Args={'ticks': 1, 'ticks_remaining': 2}
2026-05-11 15:30:35,480 : INFO : EventManager : Event: ======'slide_ball_saved_removed'====== Args={'_from_bcp': True}
2026-05-11 15:30:35,486 : INFO : EventManager : Event: ======'start_bg_video'====== Args={'_from_bcp': True}
2026-05-11 15:30:35,486 : INFO : EventManager : Event: ======'new_video'====== Args={'_from_bcp': True}
2026-05-11 15:30:35,606 : INFO : EventManager : Event: ======'player_ball_save_consecutive_save_window_tick'====== Args={'value': 17, 'prev_value': 18, 'change': -1, 'player_num': 1}
2026-05-11 15:30:35,606 : INFO : EventManager : Event: ======'timer_consecutive_save_window_tick'====== Args={'ticks': 17, 'ticks_remaining': 17}
2026-05-11 15:30:35,903 : INFO : EventManager : Event: ======'player_cool_under_pressure_cup_shot_timer_tick'====== Args={'value': 19, 'prev_value': 20, 'change': -1, 'player_num': 1}
2026-05-11 15:30:35,903 : INFO : EventManager : Event: ======'timer_cup_shot_timer_tick'====== Args={'ticks': 19, 'ticks_remaining': 19}
2026-05-11 15:30:35,904 : INFO : EventManager : Event: ======'player_cool_under_pressure_timer_tick'====== Args={'value': 19, 'prev_value': 20, 'change': -1, 'player_num': 1, 'source': 'cool_under_pressure'}
2026-05-11 15:30:36,215 : INFO : SwitchController : <<<<<<< 's_lane_right' active >>>>>>>
2026-05-11 15:30:36,215 : INFO : EventManager : Event: ======'s_lane_right_active'====== Args={}
2026-05-11 15:30:36,215 : INFO : EventManager : Event: ======'sw_playfield_active'====== Args={}
2026-05-11 15:30:36,215 : INFO : EventManager : Event: ======'machine_var_audits_switches_s_lane_right'====== Args={'value': 4626, 'prev_value': 4625, 'change': 1}
2026-05-11 15:30:36,216 : INFO : EventManager : Event: ======'player_score'====== Args={'value': 326500, 'prev_value': 321500, 'change': 5000, 'player_num': 1, 'source': 'base'}
2026-05-11 15:30:36,216 : INFO : EventManager : Event: ======'player_bonus_switches_count'====== Args={'value': 7, 'prev_value': 6, 'change': 1, 'player_num': 1, 'source': 'base'}
2026-05-11 15:30:36,216 : INFO : EventManager : Event: ======'playfield_active'====== Args={'source': None}
2026-05-11 15:30:36,278 : INFO : SwitchController : <<<<<<< 's_lane_right' inactive >>>>>>>
2026-05-11 15:30:36,340 : INFO : EventManager : Event: ======'player_pilot_mission_qualifier_post_plunge_orbit_lockout_tick'====== Args={'value': 2, 'prev_value': 1, 'change': 1, 'player_num': 1}
2026-05-11 15:30:36,340 : INFO : EventManager : Event: ======'timer_post_plunge_orbit_lockout_tick'====== Args={'ticks': 2, 'ticks_remaining': 1}
2026-05-11 15:30:36,609 : INFO : EventManager : Event: ======'player_ball_save_consecutive_save_window_tick'====== Args={'value': 16, 'prev_value': 17, 'change': -1, 'player_num': 1}
2026-05-11 15:30:36,610 : INFO : EventManager : Event: ======'timer_consecutive_save_window_tick'====== Args={'ticks': 16, 'ticks_remaining': 16}
2026-05-11 15:30:36,904 : INFO : EventManager : Event: ======'player_cool_under_pressure_cup_shot_timer_tick'====== Args={'value': 18, 'prev_value': 19, 'change': -1, 'player_num': 1}
2026-05-11 15:30:36,904 : INFO : EventManager : Event: ======'timer_cup_shot_timer_tick'====== Args={'ticks': 18, 'ticks_remaining': 18}
2026-05-11 15:30:36,905 : INFO : EventManager : Event: ======'player_cool_under_pressure_timer_tick'====== Args={'value': 18, 'prev_value': 19, 'change': -1, 'player_num': 1, 'source': 'cool_under_pressure'}
2026-05-11 15:30:37,341 : INFO : EventManager : Event: ======'player_pilot_mission_qualifier_post_plunge_orbit_lockout_tick'====== Args={'value': 3, 'prev_value': 2, 'change': 1, 'player_num': 1}
2026-05-11 15:30:37,341 : INFO : Timer.post_plunge_orbit_lockout : Timer Complete
2026-05-11 15:30:37,342 : INFO : Timer.post_plunge_orbit_lockout : Stopping Timer
2026-05-11 15:30:37,342 : INFO : EventManager : Event: ======'timer_post_plunge_orbit_lockout_stopped'====== Args={'ticks': 3, 'ticks_remaining': 1}
2026-05-11 15:30:37,342 : INFO : EventManager : Event: ======'timer_post_plunge_orbit_lockout_complete'====== Args={'ticks': 3, 'ticks_remaining': 1}
2026-05-11 15:30:37,342 : INFO : ball_device.bd_plunger : State: failed_confirm
2026-05-11 15:30:37,342 : INFO : ball_device.bd_plunger : Got timeout (3.0s) before confirm from <playfield.playfield>
2026-05-11 15:30:37,434 : INFO : ball_device.bd_plunger : Confirming eject because target is playfield and ball did not return.
2026-05-11 15:30:37,434 : INFO : ball_device.bd_plunger : Eject successful
2026-05-11 15:30:37,434 : INFO : EventManager : Event: ======'balldevice_bd_plunger_ball_eject_success'====== Args={'balls': 1, 'target': <playfield.playfield>}
2026-05-11 15:30:37,435 : INFO : EventManager : Event: ======'balldevice_playfield_ball_enter'====== Args={'new_balls': 1, 'unclaimed_balls': 1, 'device': <playfield.playfield>}
2026-05-11 15:30:37,435 : INFO : EventManager : Event: ======'playfield_ball_count_change'====== Args={'balls': 1, 'change': 1}
2026-05-11 15:30:37,435 : INFO : EventManager : Event: ======'balldevice_bd_plunger_ball_count_changed'====== Args={'balls': 0}
2026-05-11 15:30:37,435 : INFO : ball_device.bd_plunger : State: idle
2026-05-11 15:30:37,606 : INFO : EventManager : Event: ======'player_ball_save_consecutive_save_window_tick'====== Args={'value': 15, 'prev_value': 16, 'change': -1, 'player_num': 1}
2026-05-11 15:30:37,606 : INFO : EventManager : Event: ======'timer_consecutive_save_window_tick'====== Args={'ticks': 15, 'ticks_remaining': 15}
2026-05-11 15:30:37,903 : INFO : EventManager : Event: ======'player_cool_under_pressure_cup_shot_timer_tick'====== Args={'value': 17, 'prev_value': 18, 'change': -1, 'player_num': 1}
2026-05-11 15:30:37,903 : INFO : EventManager : Event: ======'timer_cup_shot_timer_tick'====== Args={'ticks': 17, 'ticks_remaining': 17}
2026-05-11 15:30:37,905 : INFO : EventManager : Event: ======'player_cool_under_pressure_timer_tick'====== Args={'value': 17, 'prev_value': 18, 'change': -1, 'player_num': 1, 'source': 'cool_under_pressure'}
2026-05-11 15:30:38,606 : INFO : EventManager : Event: ======'player_ball_save_consecutive_save_window_tick'====== Args={'value': 14, 'prev_value': 15, 'change': -1, 'player_num': 1}
2026-05-11 15:30:38,606 : INFO : EventManager : Event: ======'timer_consecutive_save_window_tick'====== Args={'ticks': 14, 'ticks_remaining': 14}
2026-05-11 15:30:38,621 : INFO : SwitchController : <<<<<<< 's_spinner' active >>>>>>>
2026-05-11 15:30:38,621 : INFO : EventManager : Event: ======'s_spinner_active'====== Args={}
2026-05-11 15:30:38,621 : INFO : EventManager : Event: ======'sw_playfield_active'====== Args={}
2026-05-11 15:30:38,621 : INFO : EventManager : Event: ======'sw_playfield_active'====== Args={}
2026-05-11 15:30:38,621 : INFO : EventManager : Event: ======'machine_var_audits_switches_s_spinner'====== Args={'value': 64102, 'prev_value': 64101, 'change': 1}
2026-05-11 15:30:38,623 : INFO : EventManager : Event: ======'player_spinner_spin_count'====== Args={'value': 1, 'prev_value': 0, 'change': 1, 'player_num': 1, 'source': 'pilot_mission_qualifier'}
2026-05-11 15:30:38,623 : INFO : EventManager : Event: ======'player_previous_switch_type'====== Args={'value': 0, 'prev_value': 2, 'change': -2, 'player_num': 1, 'source': 'pilot_mission_qualifier'}
2026-05-11 15:30:38,623 : INFO : EventManager : Event: ======'player_hd_sw_spinner'====== Args={'value': 2, 'prev_value': 1, 'change': 1, 'player_num': 1, 'source': 'hard_deck_qualifiers'}
2026-05-11 15:30:38,623 : INFO : EventManager : Event: ======'player_right_post_locked_out'====== Args={'value': 1, 'prev_value': 0, 'change': 1, 'player_num': 1, 'source': 'iceman_letters'}
2026-05-11 15:30:38,623 : INFO : EventManager : Event: ======'player_score'====== Args={'value': 327500, 'prev_value': 326500, 'change': 1000, 'player_num': 1, 'source': 'base'}
2026-05-11 15:30:38,624 : INFO : EventManager : Event: ======'player_bonus_switches_count'====== Args={'value': 8, 'prev_value': 7, 'change': 1, 'player_num': 1, 'source': 'base'}
2026-05-11 15:30:38,624 : INFO : EventManager : Event: ======'player_spinner_count'====== Args={'value': 1, 'prev_value': 0, 'change': 1, 'player_num': 1, 'source': 'base'}
2026-05-11 15:30:38,624 : INFO : EventManager : Event: ======'player_base_spinner_inactivity_tick'====== Args={'value': 2, 'prev_value': 0, 'change': 2, 'player_num': 1}
2026-05-11 15:30:38,624 : INFO : Timer.spinner_inactivity : Starting Timer.
2026-05-11 15:30:38,624 : INFO : EventManager : Event: ======'timer_spinner_inactivity_started'====== Args={'ticks': 2, 'ticks_remaining': 2}
2026-05-11 15:30:38,624 : INFO : EventManager : Event: ======'timer_spinner_inactivity_tick'====== Args={'ticks': 2, 'ticks_remaining': 2}
2026-05-11 15:30:38,624 : INFO : EventManager : Event: ======'player_pilot_mission_qualifier_spinner_shot_timeout_tick'====== Args={'value': 0, 'prev_value': 2, 'change': -2, 'player_num': 1}
2026-05-11 15:30:38,624 : INFO : Timer.spinner_shot_timeout : Starting Timer.
2026-05-11 15:30:38,624 : INFO : EventManager : Event: ======'timer_spinner_shot_timeout_started'====== Args={'ticks': 0, 'ticks_remaining': 2}
2026-05-11 15:30:38,624 : INFO : EventManager : Event: ======'timer_spinner_shot_timeout_tick'====== Args={'ticks': 0, 'ticks_remaining': 2}
2026-05-11 15:30:38,624 : INFO : EventManager : Event: ======'player_hd_switches_completed'====== Args={'value': 1, 'prev_value': 0, 'change': 1, 'player_num': 1, 'source': 'hard_deck_qualifiers'}
2026-05-11 15:30:38,632 : INFO : SwitchController : <<<<<<< 's_spinner' inactive >>>>>>>
2026-05-11 15:30:38,669 : INFO : SwitchController : <<<<<<< 's_spinner' active >>>>>>>
2026-05-11 15:30:38,669 : INFO : EventManager : Event: ======'s_spinner_active'====== Args={}
2026-05-11 15:30:38,669 : INFO : EventManager : Event: ======'sw_playfield_active'====== Args={}
2026-05-11 15:30:38,669 : INFO : EventManager : Event: ======'sw_playfield_active'====== Args={}
2026-05-11 15:30:38,669 : INFO : EventManager : Event: ======'machine_var_audits_switches_s_spinner'====== Args={'value': 64103, 'prev_value': 64102, 'change': 1}
2026-05-11 15:30:38,670 : INFO : SwitchController : <<<<<<< 's_spinner' inactive >>>>>>>
2026-05-11 15:30:38,670 : INFO : EventManager : Event: ======'player_spinner_spin_count'====== Args={'value': 2, 'prev_value': 1, 'change': 1, 'player_num': 1, 'source': 'pilot_mission_qualifier'}
2026-05-11 15:30:38,671 : INFO : EventManager : Event: ======'player_score'====== Args={'value': 328500, 'prev_value': 327500, 'change': 1000, 'player_num': 1, 'source': 'base'}
2026-05-11 15:30:38,671 : INFO : EventManager : Event: ======'player_bonus_switches_count'====== Args={'value': 9, 'prev_value': 8, 'change': 1, 'player_num': 1, 'source': 'base'}
2026-05-11 15:30:38,671 : INFO : EventManager : Event: ======'player_spinner_count'====== Args={'value': 2, 'prev_value': 1, 'change': 1, 'player_num': 1, 'source': 'base'}
2026-05-11 15:30:38,671 : INFO : EventManager : Event: ======'timer_spinner_inactivity_tick'====== Args={'ticks': 2, 'ticks_remaining': 2}
2026-05-11 15:30:38,671 : INFO : EventManager : Event: ======'timer_spinner_shot_timeout_tick'====== Args={'ticks': 0, 'ticks_remaining': 2}
2026-05-11 15:30:38,716 : INFO : SwitchController : <<<<<<< 's_spinner' active >>>>>>>
2026-05-11 15:30:38,716 : INFO : EventManager : Event: ======'s_spinner_active'====== Args={}
2026-05-11 15:30:38,716 : INFO : EventManager : Event: ======'sw_playfield_active'====== Args={}
2026-05-11 15:30:38,716 : INFO : EventManager : Event: ======'sw_playfield_active'====== Args={}
2026-05-11 15:30:38,716 : INFO : EventManager : Event: ======'machine_var_audits_switches_s_spinner'====== Args={'value': 64104, 'prev_value': 64103, 'change': 1}
2026-05-11 15:30:38,717 : INFO : SwitchController : <<<<<<< 's_spinner' inactive >>>>>>>
2026-05-11 15:30:38,717 : INFO : EventManager : Event: ======'spinner_shot_made'====== Args={'priority': 0}
2026-05-11 15:30:38,717 : INFO : EventManager : Event: ======'spinner_shot_reset_count'====== Args={'priority': 0}
2026-05-11 15:30:38,718 : INFO : EventManager : Event: ======'player_spinner_spin_count'====== Args={'value': 3, 'prev_value': 2, 'change': 1, 'player_num': 1, 'source': 'pilot_mission_qualifier'}
2026-05-11 15:30:38,718 : INFO : EventManager : Event: ======'player_score'====== Args={'value': 329500, 'prev_value': 328500, 'change': 1000, 'player_num': 1, 'source': 'base'}
2026-05-11 15:30:38,718 : INFO : EventManager : Event: ======'player_bonus_switches_count'====== Args={'value': 10, 'prev_value': 9, 'change': 1, 'player_num': 1, 'source': 'base'}
2026-05-11 15:30:38,718 : INFO : EventManager : Event: ======'player_spinner_count'====== Args={'value': 3, 'prev_value': 2, 'change': 1, 'player_num': 1, 'source': 'base'}
2026-05-11 15:30:38,718 : INFO : EventManager : Event: ======'timer_spinner_inactivity_tick'====== Args={'ticks': 2, 'ticks_remaining': 2}
2026-05-11 15:30:38,718 : INFO : EventManager : Event: ======'timer_spinner_shot_timeout_tick'====== Args={'ticks': 0, 'ticks_remaining': 2}
2026-05-11 15:30:38,718 : INFO : EventManager : Event: ======'cup_center_shot_hit'====== Args={'priority': 0}
2026-05-11 15:30:38,719 : INFO : EventManager : Event: ======'cup_step_1_complete'====== Args={'priority': 0}
2026-05-11 15:30:38,719 : INFO : EventManager : Event: ======'player_spinner_count'====== Args={'value': 0, 'prev_value': 3, 'change': -3, 'player_num': 1, 'source': 'base'}
2026-05-11 15:30:38,719 : INFO : EventManager : Event: ======'player_spinner_shot_locked'====== Args={'value': 1, 'prev_value': 0, 'change': 1, 'player_num': 1, 'source': 'base'}
2026-05-11 15:30:38,719 : INFO : Timer.spinner_shot_lockout : Starting Timer.
2026-05-11 15:30:38,719 : INFO : EventManager : Event: ======'timer_spinner_shot_lockout_started'====== Args={'ticks': 0, 'ticks_remaining': 2}
2026-05-11 15:30:38,719 : INFO : EventManager : Event: ======'timer_spinner_shot_lockout_tick'====== Args={'ticks': 0, 'ticks_remaining': 2}
2026-05-11 15:30:38,719 : INFO : Timer.cup_spinner_lockout : Starting Timer.
2026-05-11 15:30:38,719 : INFO : EventManager : Event: ======'timer_cup_spinner_lockout_started'====== Args={'ticks': 0, 'ticks_remaining': 3}
2026-05-11 15:30:38,719 : INFO : EventManager : Event: ======'timer_cup_spinner_lockout_tick'====== Args={'ticks': 0, 'ticks_remaining': 3}
2026-05-11 15:30:38,720 : INFO : EventManager : Event: ======'shaker_soft'====== Args={'priority': 0}
2026-05-11 15:30:38,720 : INFO : EventManager : Event: ======'cup_step_1_score'====== Args={'priority': 0}
2026-05-11 15:30:38,720 : INFO : EventManager : Event: ======'cup_show_step_1_points'====== Args={'priority': 0}
2026-05-11 15:30:38,720 : INFO : EventManager : Event: ======'cup_stop_step_lights'====== Args={'priority': 0}
2026-05-11 15:30:38,720 : INFO : EventManager : Event: ======'cup_play_step_1_video'====== Args={'priority': 0}
2026-05-11 15:30:38,720 : INFO : EventManager : Event: ======'player_cup_shots_remaining'====== Args={'value': 7, 'prev_value': 8, 'change': -1, 'player_num': 1, 'source': 'cool_under_pressure'}
2026-05-11 15:30:38,721 : INFO : Timer.cup_shot_timer : Stopping Timer
2026-05-11 15:30:38,721 : INFO : EventManager : Event: ======'timer_cup_shot_timer_stopped'====== Args={'ticks': 17, 'ticks_remaining': 17}
2026-05-11 15:30:38,721 : INFO : Timer.cup_step_complete_lockout : Starting Timer.
2026-05-11 15:30:38,721 : INFO : EventManager : Event: ======'timer_cup_step_complete_lockout_started'====== Args={'ticks': 0, 'ticks_remaining': 1}
2026-05-11 15:30:38,721 : INFO : EventManager : Event: ======'timer_cup_step_complete_lockout_tick'====== Args={'ticks': 0, 'ticks_remaining': 1}
2026-05-11 15:30:38,721 : INFO : EventManager : Event: ======'player_score'====== Args={'value': 1079500, 'prev_value': 329500, 'change': 750000, 'player_num': 1, 'source': 'cool_under_pressure'}
2026-05-11 15:30:38,721 : INFO : EventManager : Event: ======'player_mode_points_scored'====== Args={'value': 750000, 'prev_value': 0, 'change': 750000, 'player_num': 1, 'source': 'cool_under_pressure'}
2026-05-11 15:30:38,722 : INFO : EventManager : Event: ======'timer_spinner_shot_timeout_stop'====== Args={'priority': 0}
2026-05-11 15:30:38,722 : INFO : EventManager : Event: ======'player_spinner_spin_count'====== Args={'value': 0, 'prev_value': 3, 'change': -3, 'player_num': 1, 'source': 'pilot_mission_qualifier'}
2026-05-11 15:30:38,728 : INFO : EventManager : Event: ======'slide_mode_points_scored_created'====== Args={'_from_bcp': True}
2026-05-11 15:30:38,729 : INFO : EventManager : Event: ======'slide_cool_under_pressure_shots_remaining_inactive'====== Args={'is_removing': False, '_from_bcp': True}
2026-05-11 15:30:38,729 : INFO : EventManager : Event: ======'slide_mode_points_scored_active'====== Args={'original_context': 'cool_under_pressure', 'original_calling_context': 'cup_show_step_1_points', 'priority': 600.0, 'cmd': 'slides_play', '_from_bcp': True}
2026-05-11 15:30:38,748 : INFO : EventManager : Event: ======'slide_cool_under_pressure_step_1_created'====== Args={'_from_bcp': True}
2026-05-11 15:30:38,764 : INFO : SwitchController : <<<<<<< 's_spinner' active >>>>>>>
2026-05-11 15:30:38,764 : INFO : EventManager : Event: ======'s_spinner_active'====== Args={}
2026-05-11 15:30:38,764 : INFO : EventManager : Event: ======'sw_playfield_active'====== Args={}
2026-05-11 15:30:38,764 : INFO : EventManager : Event: ======'sw_playfield_active'====== Args={}
2026-05-11 15:30:38,764 : INFO : EventManager : Event: ======'machine_var_audits_switches_s_spinner'====== Args={'value': 64105, 'prev_value': 64104, 'change': 1}
2026-05-11 15:30:38,765 : INFO : SwitchController : <<<<<<< 's_spinner' inactive >>>>>>>
2026-05-11 15:30:38,766 : INFO : EventManager : Event: ======'player_spinner_spin_count'====== Args={'value': 1, 'prev_value': 0, 'change': 1, 'player_num': 1, 'source': 'pilot_mission_qualifier'}
2026-05-11 15:30:38,766 : INFO : EventManager : Event: ======'player_score'====== Args={'value': 1080500, 'prev_value': 1079500, 'change': 1000, 'player_num': 1, 'source': 'base'}
2026-05-11 15:30:38,766 : INFO : EventManager : Event: ======'player_bonus_switches_count'====== Args={'value': 11, 'prev_value': 10, 'change': 1, 'player_num': 1, 'source': 'base'}
2026-05-11 15:30:38,766 : INFO : EventManager : Event: ======'player_spinner_count'====== Args={'value': 1, 'prev_value': 0, 'change': 1, 'player_num': 1, 'source': 'base'}
2026-05-11 15:30:38,767 : INFO : EventManager : Event: ======'timer_spinner_inactivity_tick'====== Args={'ticks': 2, 'ticks_remaining': 2}
2026-05-11 15:30:38,767 : INFO : EventManager : Event: ======'timer_spinner_shot_timeout_tick'====== Args={'ticks': 0, 'ticks_remaining': 2}
2026-05-11 15:30:38,812 : INFO : SwitchController : <<<<<<< 's_spinner' active >>>>>>>
2026-05-11 15:30:38,812 : INFO : EventManager : Event: ======'s_spinner_active'====== Args={}
2026-05-11 15:30:38,812 : INFO : EventManager : Event: ======'sw_playfield_active'====== Args={}
2026-05-11 15:30:38,812 : INFO : EventManager : Event: ======'sw_playfield_active'====== Args={}
2026-05-11 15:30:38,812 : INFO : EventManager : Event: ======'machine_var_audits_switches_s_spinner'====== Args={'value': 64106, 'prev_value': 64105, 'change': 1}
2026-05-11 15:30:38,812 : INFO : SwitchController : <<<<<<< 's_spinner' inactive >>>>>>>
2026-05-11 15:30:38,813 : INFO : EventManager : Event: ======'player_spinner_spin_count'====== Args={'value': 2, 'prev_value': 1, 'change': 1, 'player_num': 1, 'source': 'pilot_mission_qualifier'}
2026-05-11 15:30:38,813 : INFO : EventManager : Event: ======'player_score'====== Args={'value': 1081500, 'prev_value': 1080500, 'change': 1000, 'player_num': 1, 'source': 'base'}
2026-05-11 15:30:38,815 : INFO : EventManager : Event: ======'player_bonus_switches_count'====== Args={'value': 12, 'prev_value': 11, 'change': 1, 'player_num': 1, 'source': 'base'}
2026-05-11 15:30:38,815 : INFO : EventManager : Event: ======'player_spinner_count'====== Args={'value': 2, 'prev_value': 1, 'change': 1, 'player_num': 1, 'source': 'base'}
2026-05-11 15:30:38,815 : INFO : EventManager : Event: ======'timer_spinner_inactivity_tick'====== Args={'ticks': 2, 'ticks_remaining': 2}
2026-05-11 15:30:38,815 : INFO : EventManager : Event: ======'timer_spinner_shot_timeout_tick'====== Args={'ticks': 0, 'ticks_remaining': 2}
2026-05-11 15:30:38,858 : INFO : SwitchController : <<<<<<< 's_spinner' active >>>>>>>
2026-05-11 15:30:38,859 : INFO : EventManager : Event: ======'s_spinner_active'====== Args={}
2026-05-11 15:30:38,859 : INFO : EventManager : Event: ======'sw_playfield_active'====== Args={}
2026-05-11 15:30:38,859 : INFO : EventManager : Event: ======'sw_playfield_active'====== Args={}
2026-05-11 15:30:38,859 : INFO : EventManager : Event: ======'machine_var_audits_switches_s_spinner'====== Args={'value': 64107, 'prev_value': 64106, 'change': 1}
2026-05-11 15:30:38,860 : INFO : EventManager : Event: ======'player_spinner_spin_count'====== Args={'value': 3, 'prev_value': 2, 'change': 1, 'player_num': 1, 'source': 'pilot_mission_qualifier'}
2026-05-11 15:30:38,860 : INFO : EventManager : Event: ======'player_score'====== Args={'value': 1082500, 'prev_value': 1081500, 'change': 1000, 'player_num': 1, 'source': 'base'}
2026-05-11 15:30:38,861 : INFO : EventManager : Event: ======'player_bonus_switches_count'====== Args={'value': 13, 'prev_value': 12, 'change': 1, 'player_num': 1, 'source': 'base'}
2026-05-11 15:30:38,861 : INFO : EventManager : Event: ======'player_spinner_count'====== Args={'value': 3, 'prev_value': 2, 'change': 1, 'player_num': 1, 'source': 'base'}
2026-05-11 15:30:38,861 : INFO : EventManager : Event: ======'timer_spinner_inactivity_tick'====== Args={'ticks': 2, 'ticks_remaining': 2}
2026-05-11 15:30:38,861 : INFO : EventManager : Event: ======'timer_spinner_shot_timeout_tick'====== Args={'ticks': 0, 'ticks_remaining': 2}
2026-05-11 15:30:38,862 : INFO : SwitchController : <<<<<<< 's_spinner' inactive >>>>>>>
2026-05-11 15:30:38,906 : INFO : EventManager : Event: ======'cup_setup_step_2'====== Args={'priority': 0}
2026-05-11 15:30:38,906 : INFO : EventManager : Event: ======'cup_start_shot_timer_30'====== Args={'priority': 0}
2026-05-11 15:30:38,907 : INFO : EventManager : Event: ======'player_cup_step'====== Args={'value': 2, 'prev_value': 1, 'change': 1, 'player_num': 1, 'source': 'cool_under_pressure'}
2026-05-11 15:30:38,907 : INFO : EventManager : Event: ======'player_cool_under_pressure_timer_tick'====== Args={'value': 30, 'prev_value': 17, 'change': 13, 'player_num': 1, 'source': 'cool_under_pressure'}
2026-05-11 15:30:38,907 : INFO : EventManager : Event: ======'player_cool_under_pressure_cup_shot_timer_tick'====== Args={'value': 30, 'prev_value': 17, 'change': 13, 'player_num': 1}
2026-05-11 15:30:38,907 : INFO : Timer.cup_shot_timer : Starting Timer.
2026-05-11 15:30:38,907 : INFO : EventManager : Event: ======'timer_cup_shot_timer_started'====== Args={'ticks': 30, 'ticks_remaining': 30}
2026-05-11 15:30:38,907 : INFO : EventManager : Event: ======'timer_cup_shot_timer_tick'====== Args={'ticks': 30, 'ticks_remaining': 30}
2026-05-11 15:30:38,908 : INFO : SwitchController : <<<<<<< 's_spinner' active >>>>>>>
2026-05-11 15:30:38,908 : INFO : EventManager : Event: ======'s_spinner_active'====== Args={}
2026-05-11 15:30:38,908 : INFO : EventManager : Event: ======'sw_playfield_active'====== Args={}
2026-05-11 15:30:38,908 : INFO : EventManager : Event: ======'sw_playfield_active'====== Args={}
2026-05-11 15:30:38,908 : INFO : EventManager : Event: ======'machine_var_audits_switches_s_spinner'====== Args={'value': 64108, 'prev_value': 64107, 'change': 1}
2026-05-11 15:30:38,908 : INFO : EventManager : Event: ======'player_spinner_spin_count'====== Args={'value': 4, 'prev_value': 3, 'change': 1, 'player_num': 1, 'source': 'pilot_mission_qualifier'}
2026-05-11 15:30:38,909 : INFO : EventManager : Event: ======'player_score'====== Args={'value': 1083500, 'prev_value': 1082500, 'change': 1000, 'player_num': 1, 'source': 'base'}
2026-05-11 15:30:38,909 : INFO : EventManager : Event: ======'player_bonus_switches_count'====== Args={'value': 14, 'prev_value': 13, 'change': 1, 'player_num': 1, 'source': 'base'}
2026-05-11 15:30:38,909 : INFO : EventManager : Event: ======'player_spinner_count'====== Args={'value': 4, 'prev_value': 3, 'change': 1, 'player_num': 1, 'source': 'base'}
2026-05-11 15:30:38,909 : INFO : EventManager : Event: ======'timer_spinner_inactivity_tick'====== Args={'ticks': 2, 'ticks_remaining': 2}
2026-05-11 15:30:38,909 : INFO : EventManager : Event: ======'timer_spinner_shot_timeout_tick'====== Args={'ticks': 0, 'ticks_remaining': 2}
2026-05-11 15:30:38,911 : INFO : SwitchController : <<<<<<< 's_spinner' inactive >>>>>>>
2026-05-11 15:30:38,967 : INFO : SwitchController : <<<<<<< 's_spinner' active >>>>>>>
2026-05-11 15:30:38,967 : INFO : EventManager : Event: ======'s_spinner_active'====== Args={}
2026-05-11 15:30:38,967 : INFO : EventManager : Event: ======'sw_playfield_active'====== Args={}
2026-05-11 15:30:38,968 : INFO : EventManager : Event: ======'sw_playfield_active'====== Args={}
2026-05-11 15:30:38,968 : INFO : EventManager : Event: ======'machine_var_audits_switches_s_spinner'====== Args={'value': 64109, 'prev_value': 64108, 'change': 1}
2026-05-11 15:30:38,968 : INFO : SwitchController : <<<<<<< 's_spinner' inactive >>>>>>>
2026-05-11 15:30:38,968 : INFO : EventManager : Event: ======'player_spinner_spin_count'====== Args={'value': 5, 'prev_value': 4, 'change': 1, 'player_num': 1, 'source': 'pilot_mission_qualifier'}
2026-05-11 15:30:38,969 : INFO : EventManager : Event: ======'player_score'====== Args={'value': 1084500, 'prev_value': 1083500, 'change': 1000, 'player_num': 1, 'source': 'base'}
2026-05-11 15:30:38,969 : INFO : EventManager : Event: ======'player_bonus_switches_count'====== Args={'value': 15, 'prev_value': 14, 'change': 1, 'player_num': 1, 'source': 'base'}
2026-05-11 15:30:38,969 : INFO : EventManager : Event: ======'player_spinner_count'====== Args={'value': 5, 'prev_value': 4, 'change': 1, 'player_num': 1, 'source': 'base'}
2026-05-11 15:30:38,969 : INFO : EventManager : Event: ======'timer_spinner_inactivity_tick'====== Args={'ticks': 2, 'ticks_remaining': 2}
2026-05-11 15:30:38,969 : INFO : EventManager : Event: ======'timer_spinner_shot_timeout_tick'====== Args={'ticks': 0, 'ticks_remaining': 2}
2026-05-11 15:30:39,016 : INFO : SwitchController : <<<<<<< 's_spinner' active >>>>>>>
2026-05-11 15:30:39,016 : INFO : EventManager : Event: ======'s_spinner_active'====== Args={}
2026-05-11 15:30:39,016 : INFO : EventManager : Event: ======'sw_playfield_active'====== Args={}
2026-05-11 15:30:39,016 : INFO : EventManager : Event: ======'sw_playfield_active'====== Args={}
2026-05-11 15:30:39,017 : INFO : EventManager : Event: ======'machine_var_audits_switches_s_spinner'====== Args={'value': 64110, 'prev_value': 64109, 'change': 1}
2026-05-11 15:30:39,017 : INFO : EventManager : Event: ======'player_spinner_spin_count'====== Args={'value': 6, 'prev_value': 5, 'change': 1, 'player_num': 1, 'source': 'pilot_mission_qualifier'}
2026-05-11 15:30:39,018 : INFO : EventManager : Event: ======'player_score'====== Args={'value': 1085500, 'prev_value': 1084500, 'change': 1000, 'player_num': 1, 'source': 'base'}
2026-05-11 15:30:39,018 : INFO : EventManager : Event: ======'player_bonus_switches_count'====== Args={'value': 16, 'prev_value': 15, 'change': 1, 'player_num': 1, 'source': 'base'}
2026-05-11 15:30:39,018 : INFO : EventManager : Event: ======'player_spinner_count'====== Args={'value': 6, 'prev_value': 5, 'change': 1, 'player_num': 1, 'source': 'base'}
2026-05-11 15:30:39,018 : INFO : EventManager : Event: ======'timer_spinner_inactivity_tick'====== Args={'ticks': 2, 'ticks_remaining': 2}
2026-05-11 15:30:39,018 : INFO : EventManager : Event: ======'timer_spinner_shot_timeout_tick'====== Args={'ticks': 0, 'ticks_remaining': 2}
2026-05-11 15:30:39,020 : INFO : SwitchController : <<<<<<< 's_spinner' inactive >>>>>>>
2026-05-11 15:30:39,217 : INFO : EventManager : Event: ======'player_cool_under_pressure_cup_step_complete_lockout_tick'====== Args={'value': 1, 'prev_value': 0, 'change': 1, 'player_num': 1}
2026-05-11 15:30:39,217 : INFO : Timer.cup_step_complete_lockout : Timer Complete
2026-05-11 15:30:39,217 : INFO : Timer.cup_step_complete_lockout : Stopping Timer
2026-05-11 15:30:39,217 : INFO : EventManager : Event: ======'timer_cup_step_complete_lockout_stopped'====== Args={'ticks': 1, 'ticks_remaining': 1}
2026-05-11 15:30:39,217 : INFO : EventManager : Event: ======'timer_cup_step_complete_lockout_complete'====== Args={'ticks': 1, 'ticks_remaining': 1}
2026-05-11 15:30:39,606 : INFO : EventManager : Event: ======'player_ball_save_consecutive_save_window_tick'====== Args={'value': 13, 'prev_value': 14, 'change': -1, 'player_num': 1}
2026-05-11 15:30:39,606 : INFO : EventManager : Event: ======'timer_consecutive_save_window_tick'====== Args={'ticks': 13, 'ticks_remaining': 13}
2026-05-11 15:30:39,715 : INFO : EventManager : Event: ======'player_pilot_mission_qualifier_spinner_shot_lockout_tick'====== Args={'value': 1, 'prev_value': 0, 'change': 1, 'player_num': 1}
2026-05-11 15:30:39,715 : INFO : EventManager : Event: ======'timer_spinner_shot_lockout_tick'====== Args={'ticks': 1, 'ticks_remaining': 1}
2026-05-11 15:30:39,717 : INFO : EventManager : Event: ======'player_cool_under_pressure_cup_spinner_lockout_tick'====== Args={'value': 1, 'prev_value': 0, 'change': 1, 'player_num': 1}
2026-05-11 15:30:39,717 : INFO : EventManager : Event: ======'timer_cup_spinner_lockout_tick'====== Args={'ticks': 1, 'ticks_remaining': 2}
2026-05-11 15:30:39,901 : INFO : EventManager : Event: ======'player_cool_under_pressure_cup_shot_timer_tick'====== Args={'value': 29, 'prev_value': 30, 'change': -1, 'player_num': 1}
2026-05-11 15:30:39,902 : INFO : EventManager : Event: ======'timer_cup_shot_timer_tick'====== Args={'ticks': 29, 'ticks_remaining': 29}
2026-05-11 15:30:39,902 : INFO : EventManager : Event: ======'player_cool_under_pressure_timer_tick'====== Args={'value': 29, 'prev_value': 30, 'change': -1, 'player_num': 1, 'source': 'cool_under_pressure'}
2026-05-11 15:30:40,010 : INFO : EventManager : Event: ======'player_pilot_mission_qualifier_spinner_shot_timeout_tick'====== Args={'value': 1, 'prev_value': 0, 'change': 1, 'player_num': 1}
2026-05-11 15:30:40,010 : INFO : EventManager : Event: ======'timer_spinner_shot_timeout_tick'====== Args={'ticks': 1, 'ticks_remaining': 1}
2026-05-11 15:30:40,011 : INFO : EventManager : Event: ======'player_base_spinner_inactivity_tick'====== Args={'value': 1, 'prev_value': 2, 'change': -1, 'player_num': 1}
2026-05-11 15:30:40,011 : INFO : EventManager : Event: ======'timer_spinner_inactivity_tick'====== Args={'ticks': 1, 'ticks_remaining': 1}
2026-05-11 15:30:40,604 : INFO : EventManager : Event: ======'player_ball_save_consecutive_save_window_tick'====== Args={'value': 12, 'prev_value': 13, 'change': -1, 'player_num': 1}
2026-05-11 15:30:40,604 : INFO : EventManager : Event: ======'timer_consecutive_save_window_tick'====== Args={'ticks': 12, 'ticks_remaining': 12}
2026-05-11 15:30:40,703 : INFO : EventManager : Event: ======'slide_mode_points_scored_inactive'====== Args={'is_removing': True, '_from_bcp': True}
2026-05-11 15:30:40,703 : INFO : EventManager : Event: ======'slide_cool_under_pressure_step_1_active'====== Args={'_from_bcp': True}
2026-05-11 15:30:40,703 : INFO : EventManager : Event: ======'slide_mode_points_scored_removed'====== Args={'_from_bcp': True}
2026-05-11 15:30:40,715 : INFO : EventManager : Event: ======'player_pilot_mission_qualifier_spinner_shot_lockout_tick'====== Args={'value': 2, 'prev_value': 1, 'change': 1, 'player_num': 1}
2026-05-11 15:30:40,715 : INFO : Timer.spinner_shot_lockout : Timer Complete
2026-05-11 15:30:40,715 : INFO : Timer.spinner_shot_lockout : Stopping Timer
2026-05-11 15:30:40,715 : INFO : EventManager : Event: ======'timer_spinner_shot_lockout_stopped'====== Args={'ticks': 2, 'ticks_remaining': 1}
2026-05-11 15:30:40,715 : INFO : EventManager : Event: ======'timer_spinner_shot_lockout_complete'====== Args={'ticks': 2, 'ticks_remaining': 1}
2026-05-11 15:30:40,715 : INFO : EventManager : Event: ======'player_cool_under_pressure_cup_spinner_lockout_tick'====== Args={'value': 2, 'prev_value': 1, 'change': 1, 'player_num': 1}
2026-05-11 15:30:40,716 : INFO : EventManager : Event: ======'timer_cup_spinner_lockout_tick'====== Args={'ticks': 2, 'ticks_remaining': 1}
2026-05-11 15:30:40,901 : INFO : EventManager : Event: ======'player_cool_under_pressure_cup_shot_timer_tick'====== Args={'value': 28, 'prev_value': 29, 'change': -1, 'player_num': 1}
2026-05-11 15:30:40,901 : INFO : EventManager : Event: ======'timer_cup_shot_timer_tick'====== Args={'ticks': 28, 'ticks_remaining': 28}
2026-05-11 15:30:40,903 : INFO : EventManager : Event: ======'player_cool_under_pressure_timer_tick'====== Args={'value': 28, 'prev_value': 29, 'change': -1, 'player_num': 1, 'source': 'cool_under_pressure'}
2026-05-11 15:30:41,012 : INFO : EventManager : Event: ======'player_base_spinner_inactivity_tick'====== Args={'value': 0, 'prev_value': 1, 'change': -1, 'player_num': 1}
2026-05-11 15:30:41,012 : INFO : Timer.spinner_inactivity : Timer Complete
2026-05-11 15:30:41,012 : INFO : Timer.spinner_inactivity : Stopping Timer
2026-05-11 15:30:41,012 : INFO : EventManager : Event: ======'timer_spinner_inactivity_stopped'====== Args={'ticks': 0, 'ticks_remaining': 1}
2026-05-11 15:30:41,012 : INFO : EventManager : Event: ======'timer_spinner_inactivity_complete'====== Args={'ticks': 0, 'ticks_remaining': 1}
2026-05-11 15:30:41,012 : INFO : EventManager : Event: ======'player_pilot_mission_qualifier_spinner_shot_timeout_tick'====== Args={'value': 2, 'prev_value': 1, 'change': 1, 'player_num': 1}
2026-05-11 15:30:41,013 : INFO : Timer.spinner_shot_timeout : Timer Complete
2026-05-11 15:30:41,013 : INFO : Timer.spinner_shot_timeout : Stopping Timer
2026-05-11 15:30:41,013 : INFO : EventManager : Event: ======'timer_spinner_shot_timeout_stopped'====== Args={'ticks': 2, 'ticks_remaining': 1}
2026-05-11 15:30:41,013 : INFO : EventManager : Event: ======'timer_spinner_shot_timeout_complete'====== Args={'ticks': 2, 'ticks_remaining': 1}
2026-05-11 15:30:41,013 : INFO : EventManager : Event: ======'player_spinner_count'====== Args={'value': 0, 'prev_value': 6, 'change': -6, 'player_num': 1, 'source': 'base'}
2026-05-11 15:30:41,013 : INFO : EventManager : Event: ======'player_spinner_spin_count'====== Args={'value': 0, 'prev_value': 6, 'change': -6, 'player_num': 1, 'source': 'pilot_mission_qualifier'}
2026-05-11 15:30:41,015 : INFO : EventManager : Event: ======'player_spinner_shot_locked'====== Args={'value': 0, 'prev_value': 1, 'change': -1, 'player_num': 1, 'source': 'base'}
2026-05-11 15:30:41,606 : INFO : EventManager : Event: ======'player_ball_save_consecutive_save_window_tick'====== Args={'value': 11, 'prev_value': 12, 'change': -1, 'player_num': 1}
2026-05-11 15:30:41,606 : INFO : EventManager : Event: ======'timer_consecutive_save_window_tick'====== Args={'ticks': 11, 'ticks_remaining': 11}
2026-05-11 15:30:41,639 : INFO : EventManager : Event: ======'slide_cool_under_pressure_step_1_inactive'====== Args={'is_removing': True, '_from_bcp': True}
2026-05-11 15:30:41,639 : INFO : EventManager : Event: ======'slide_cool_under_pressure_shots_remaining_active'====== Args={'_from_bcp': True}
2026-05-11 15:30:41,647 : INFO : EventManager : Event: ======'slide_cool_under_pressure_step_1_removed'====== Args={'_from_bcp': True}
2026-05-11 15:30:41,714 : INFO : EventManager : Event: ======'player_cool_under_pressure_cup_spinner_lockout_tick'====== Args={'value': 3, 'prev_value': 2, 'change': 1, 'player_num': 1}
2026-05-11 15:30:41,714 : INFO : Timer.cup_spinner_lockout : Timer Complete
2026-05-11 15:30:41,715 : INFO : Timer.cup_spinner_lockout : Stopping Timer
2026-05-11 15:30:41,715 : INFO : EventManager : Event: ======'timer_cup_spinner_lockout_stopped'====== Args={'ticks': 3, 'ticks_remaining': 1}
2026-05-11 15:30:41,715 : INFO : EventManager : Event: ======'timer_cup_spinner_lockout_complete'====== Args={'ticks': 3, 'ticks_remaining': 1}
2026-05-11 15:30:41,901 : INFO : EventManager : Event: ======'player_cool_under_pressure_cup_shot_timer_tick'====== Args={'value': 27, 'prev_value': 28, 'change': -1, 'player_num': 1}
2026-05-11 15:30:41,901 : INFO : EventManager : Event: ======'timer_cup_shot_timer_tick'====== Args={'ticks': 27, 'ticks_remaining': 27}
2026-05-11 15:30:41,902 : INFO : EventManager : Event: ======'player_cool_under_pressure_timer_tick'====== Args={'value': 27, 'prev_value': 28, 'change': -1, 'player_num': 1, 'source': 'cool_under_pressure'}
2026-05-11 15:30:42,609 : INFO : EventManager : Event: ======'player_ball_save_consecutive_save_window_tick'====== Args={'value': 10, 'prev_value': 11, 'change': -1, 'player_num': 1}
2026-05-11 15:30:42,609 : INFO : EventManager : Event: ======'timer_consecutive_save_window_tick'====== Args={'ticks': 10, 'ticks_remaining': 10}
2026-05-11 15:30:42,908 : INFO : EventManager : Event: ======'player_cool_under_pressure_cup_shot_timer_tick'====== Args={'value': 26, 'prev_value': 27, 'change': -1, 'player_num': 1}
2026-05-11 15:30:42,908 : INFO : EventManager : Event: ======'timer_cup_shot_timer_tick'====== Args={'ticks': 26, 'ticks_remaining': 26}
2026-05-11 15:30:42,910 : INFO : EventManager : Event: ======'player_cool_under_pressure_timer_tick'====== Args={'value': 26, 'prev_value': 27, 'change': -1, 'player_num': 1, 'source': 'cool_under_pressure'}
2026-05-11 15:30:43,157 : INFO : SwitchController : <<<<<<< 's_ramp_tower_exit' active >>>>>>>
2026-05-11 15:30:43,157 : INFO : EventManager : Event: ======'s_ramp_tower_exit_active'====== Args={}
2026-05-11 15:30:43,157 : INFO : EventManager : Event: ======'sw_playfield_active'====== Args={}
2026-05-11 15:30:43,157 : INFO : EventManager : Event: ======'sw_playfield_active'====== Args={}
2026-05-11 15:30:43,157 : INFO : EventManager : Event: ======'machine_var_audits_switches_s_ramp_tower_exit'====== Args={'value': 2984, 'prev_value': 2983, 'change': 1}
2026-05-11 15:30:43,158 : INFO : EventManager : Event: ======'cup_center_shot_hit'====== Args={'priority': 0}
2026-05-11 15:30:43,159 : INFO : EventManager : Event: ======'cup_step_2_complete'====== Args={'priority': 0}
2026-05-11 15:30:43,159 : INFO : EventManager : Event: ======'player_hd_sw_ramp_tower'====== Args={'value': 1, 'prev_value': 0, 'change': 1, 'player_num': 1, 'source': 'hard_deck_qualifiers'}
2026-05-11 15:30:43,159 : INFO : EventManager : Event: ======'player_score'====== Args={'value': 1100500, 'prev_value': 1085500, 'change': 15000, 'player_num': 1, 'source': 'base'}
2026-05-11 15:30:43,159 : INFO : EventManager : Event: ======'player_bonus_switches_count'====== Args={'value': 17, 'prev_value': 16, 'change': 1, 'player_num': 1, 'source': 'base'}
2026-05-11 15:30:43,159 : INFO : EventManager : Event: ======'player_bonus_ramps_count'====== Args={'value': 1, 'prev_value': 0, 'change': 1, 'player_num': 1, 'source': 'base'}
2026-05-11 15:30:43,161 : INFO : EventManager : Event: ======'shaker_soft'====== Args={'priority': 0}
2026-05-11 15:30:43,161 : INFO : EventManager : Event: ======'cup_step_2_score'====== Args={'priority': 0}
2026-05-11 15:30:43,161 : INFO : EventManager : Event: ======'cup_show_step_2_points'====== Args={'priority': 0}
2026-05-11 15:30:43,161 : INFO : EventManager : Event: ======'cup_stop_step_lights'====== Args={'priority': 0}
2026-05-11 15:30:43,161 : INFO : EventManager : Event: ======'cup_play_step_2_video'====== Args={'priority': 0}
2026-05-11 15:30:43,161 : INFO : EventManager : Event: ======'player_cup_shots_remaining'====== Args={'value': 6, 'prev_value': 7, 'change': -1, 'player_num': 1, 'source': 'cool_under_pressure'}
2026-05-11 15:30:43,162 : INFO : Timer.cup_shot_timer : Stopping Timer
2026-05-11 15:30:43,162 : INFO : EventManager : Event: ======'timer_cup_shot_timer_stopped'====== Args={'ticks': 26, 'ticks_remaining': 26}
2026-05-11 15:30:43,162 : INFO : EventManager : Event: ======'player_cool_under_pressure_cup_step_complete_lockout_tick'====== Args={'value': 0, 'prev_value': 1, 'change': -1, 'player_num': 1}
2026-05-11 15:30:43,162 : INFO : Timer.cup_step_complete_lockout : Starting Timer.
2026-05-11 15:30:43,162 : INFO : EventManager : Event: ======'timer_cup_step_complete_lockout_started'====== Args={'ticks': 0, 'ticks_remaining': 1}
2026-05-11 15:30:43,162 : INFO : EventManager : Event: ======'timer_cup_step_complete_lockout_tick'====== Args={'ticks': 0, 'ticks_remaining': 1}
2026-05-11 15:30:43,162 : INFO : EventManager : Event: ======'player_score'====== Args={'value': 2000500, 'prev_value': 1100500, 'change': 900000, 'player_num': 1, 'source': 'cool_under_pressure'}
2026-05-11 15:30:43,162 : INFO : EventManager : Event: ======'player_mode_points_scored'====== Args={'value': 900000, 'prev_value': 750000, 'change': 150000, 'player_num': 1, 'source': 'cool_under_pressure'}
2026-05-11 15:30:43,181 : INFO : EventManager : Event: ======'slide_mode_points_scored_created'====== Args={'_from_bcp': True}
2026-05-11 15:30:43,182 : INFO : EventManager : Event: ======'slide_cool_under_pressure_shots_remaining_inactive'====== Args={'is_removing': False, '_from_bcp': True}
2026-05-11 15:30:43,182 : INFO : EventManager : Event: ======'slide_mode_points_scored_active'====== Args={'original_context': 'cool_under_pressure', 'original_calling_context': 'cup_show_step_2_points', 'priority': 600.0, 'cmd': 'slides_play', '_from_bcp': True}
2026-05-11 15:30:43,201 : INFO : EventManager : Event: ======'slide_cool_under_pressure_step_2_created'====== Args={'_from_bcp': True}
2026-05-11 15:30:43,345 : INFO : EventManager : Event: ======'cup_setup_step_3'====== Args={'priority': 0}
2026-05-11 15:30:43,346 : INFO : EventManager : Event: ======'cup_start_shot_timer_30'====== Args={'priority': 0}
2026-05-11 15:30:43,346 : INFO : EventManager : Event: ======'player_cup_step'====== Args={'value': 3, 'prev_value': 2, 'change': 1, 'player_num': 1, 'source': 'cool_under_pressure'}
2026-05-11 15:30:43,347 : INFO : EventManager : Event: ======'player_cool_under_pressure_timer_tick'====== Args={'value': 30, 'prev_value': 26, 'change': 4, 'player_num': 1, 'source': 'cool_under_pressure'}
2026-05-11 15:30:43,347 : INFO : EventManager : Event: ======'player_cool_under_pressure_cup_shot_timer_tick'====== Args={'value': 30, 'prev_value': 26, 'change': 4, 'player_num': 1}
2026-05-11 15:30:43,347 : INFO : Timer.cup_shot_timer : Starting Timer.
2026-05-11 15:30:43,347 : INFO : EventManager : Event: ======'timer_cup_shot_timer_started'====== Args={'ticks': 30, 'ticks_remaining': 30}
2026-05-11 15:30:43,347 : INFO : EventManager : Event: ======'timer_cup_shot_timer_tick'====== Args={'ticks': 30, 'ticks_remaining': 30}
2026-05-11 15:30:43,469 : INFO : SwitchController : <<<<<<< 's_ramp_tower_exit' inactive >>>>>>>
2026-05-11 15:30:43,610 : INFO : EventManager : Event: ======'player_ball_save_consecutive_save_window_tick'====== Args={'value': 9, 'prev_value': 10, 'change': -1, 'player_num': 1}
2026-05-11 15:30:43,610 : INFO : EventManager : Event: ======'timer_consecutive_save_window_tick'====== Args={'ticks': 9, 'ticks_remaining': 9}
2026-05-11 15:30:43,657 : INFO : EventManager : Event: ======'player_cool_under_pressure_cup_step_complete_lockout_tick'====== Args={'value': 1, 'prev_value': 0, 'change': 1, 'player_num': 1}
2026-05-11 15:30:43,658 : INFO : Timer.cup_step_complete_lockout : Timer Complete
2026-05-11 15:30:43,658 : INFO : Timer.cup_step_complete_lockout : Stopping Timer
2026-05-11 15:30:43,658 : INFO : EventManager : Event: ======'timer_cup_step_complete_lockout_stopped'====== Args={'ticks': 1, 'ticks_remaining': 1}
2026-05-11 15:30:43,658 : INFO : EventManager : Event: ======'timer_cup_step_complete_lockout_complete'====== Args={'ticks': 1, 'ticks_remaining': 1}
2026-05-11 15:30:44,344 : INFO : EventManager : Event: ======'player_cool_under_pressure_cup_shot_timer_tick'====== Args={'value': 29, 'prev_value': 30, 'change': -1, 'player_num': 1}
2026-05-11 15:30:44,345 : INFO : EventManager : Event: ======'timer_cup_shot_timer_tick'====== Args={'ticks': 29, 'ticks_remaining': 29}
2026-05-11 15:30:44,345 : INFO : EventManager : Event: ======'player_cool_under_pressure_timer_tick'====== Args={'value': 29, 'prev_value': 30, 'change': -1, 'player_num': 1, 'source': 'cool_under_pressure'}
2026-05-11 15:30:44,609 : INFO : EventManager : Event: ======'player_ball_save_consecutive_save_window_tick'====== Args={'value': 8, 'prev_value': 9, 'change': -1, 'player_num': 1}
2026-05-11 15:30:44,610 : INFO : EventManager : Event: ======'timer_consecutive_save_window_tick'====== Args={'ticks': 8, 'ticks_remaining': 8}
2026-05-11 15:30:44,624 : INFO : SwitchController : <<<<<<< 's_ramp_tower_exit' active >>>>>>>
2026-05-11 15:30:44,624 : INFO : EventManager : Event: ======'s_ramp_tower_exit_active'====== Args={}
2026-05-11 15:30:44,624 : INFO : EventManager : Event: ======'sw_playfield_active'====== Args={}
2026-05-11 15:30:44,624 : INFO : EventManager : Event: ======'sw_playfield_active'====== Args={}
2026-05-11 15:30:44,624 : INFO : EventManager : Event: ======'machine_var_audits_switches_s_ramp_tower_exit'====== Args={'value': 2985, 'prev_value': 2984, 'change': 1}
2026-05-11 15:30:44,626 : INFO : EventManager : Event: ======'cup_center_shot_hit'====== Args={'priority': 0}
2026-05-11 15:30:44,626 : INFO : EventManager : Event: ======'cup_step_3_complete'====== Args={'priority': 0}
2026-05-11 15:30:44,627 : INFO : EventManager : Event: ======'player_hd_sw_ramp_tower'====== Args={'value': 2, 'prev_value': 1, 'change': 1, 'player_num': 1, 'source': 'hard_deck_qualifiers'}
2026-05-11 15:30:44,627 : INFO : EventManager : Event: ======'player_score'====== Args={'value': 2015500, 'prev_value': 2000500, 'change': 15000, 'player_num': 1, 'source': 'base'}
2026-05-11 15:30:44,627 : INFO : EventManager : Event: ======'player_bonus_switches_count'====== Args={'value': 18, 'prev_value': 17, 'change': 1, 'player_num': 1, 'source': 'base'}
2026-05-11 15:30:44,627 : INFO : EventManager : Event: ======'player_bonus_ramps_count'====== Args={'value': 2, 'prev_value': 1, 'change': 1, 'player_num': 1, 'source': 'base'}
2026-05-11 15:30:44,628 : INFO : EventManager : Event: ======'shaker_soft'====== Args={'priority': 0}
2026-05-11 15:30:44,628 : INFO : EventManager : Event: ======'cup_step_3_score'====== Args={'priority': 0}
2026-05-11 15:30:44,628 : INFO : EventManager : Event: ======'cup_show_step_3_points'====== Args={'priority': 0}
2026-05-11 15:30:44,628 : INFO : EventManager : Event: ======'cup_stop_step_lights'====== Args={'priority': 0}
2026-05-11 15:30:44,628 : INFO : EventManager : Event: ======'cup_play_step_3_video'====== Args={'priority': 0}
2026-05-11 15:30:44,628 : INFO : EventManager : Event: ======'player_cup_shots_remaining'====== Args={'value': 5, 'prev_value': 6, 'change': -1, 'player_num': 1, 'source': 'cool_under_pressure'}
2026-05-11 15:30:44,628 : INFO : Timer.cup_shot_timer : Stopping Timer
2026-05-11 15:30:44,628 : INFO : EventManager : Event: ======'timer_cup_shot_timer_stopped'====== Args={'ticks': 29, 'ticks_remaining': 29}
2026-05-11 15:30:44,628 : INFO : EventManager : Event: ======'player_cool_under_pressure_cup_step_complete_lockout_tick'====== Args={'value': 0, 'prev_value': 1, 'change': -1, 'player_num': 1}
2026-05-11 15:30:44,628 : INFO : Timer.cup_step_complete_lockout : Starting Timer.
2026-05-11 15:30:44,628 : INFO : EventManager : Event: ======'timer_cup_step_complete_lockout_started'====== Args={'ticks': 0, 'ticks_remaining': 1}
2026-05-11 15:30:44,629 : INFO : EventManager : Event: ======'timer_cup_step_complete_lockout_tick'====== Args={'ticks': 0, 'ticks_remaining': 1}
2026-05-11 15:30:44,629 : INFO : EventManager : Event: ======'player_score'====== Args={'value': 3065500, 'prev_value': 2015500, 'change': 1050000, 'player_num': 1, 'source': 'cool_under_pressure'}
2026-05-11 15:30:44,629 : INFO : EventManager : Event: ======'player_mode_points_scored'====== Args={'value': 1050000, 'prev_value': 900000, 'change': 150000, 'player_num': 1, 'source': 'cool_under_pressure'}
2026-05-11 15:30:44,629 : INFO : EventManager : Event: ======'player_hd_switches_completed'====== Args={'value': 2, 'prev_value': 1, 'change': 1, 'player_num': 1, 'source': 'hard_deck_qualifiers'}
2026-05-11 15:30:44,641 : INFO : EventManager : Event: ======'slide_cool_under_pressure_step_2_removed'====== Args={'_from_bcp': True}
2026-05-11 15:30:44,683 : INFO : EventManager : Event: ======'slide_cool_under_pressure_step_3_created'====== Args={'_from_bcp': True}
2026-05-11 15:30:44,859 : INFO : SwitchController : <<<<<<< 's_ramp_tower_exit' inactive >>>>>>>
2026-05-11 15:30:45,109 : INFO : EventManager : Event: ======'player_cool_under_pressure_cup_step_complete_lockout_tick'====== Args={'value': 1, 'prev_value': 0, 'change': 1, 'player_num': 1}
2026-05-11 15:30:45,109 : INFO : Timer.cup_step_complete_lockout : Timer Complete
2026-05-11 15:30:45,109 : INFO : Timer.cup_step_complete_lockout : Stopping Timer
2026-05-11 15:30:45,109 : INFO : EventManager : Event: ======'timer_cup_step_complete_lockout_stopped'====== Args={'ticks': 1, 'ticks_remaining': 1}
2026-05-11 15:30:45,109 : INFO : EventManager : Event: ======'timer_cup_step_complete_lockout_complete'====== Args={'ticks': 1, 'ticks_remaining': 1}
2026-05-11 15:30:45,311 : INFO : EventManager : Event: ======'cup_setup_step_4'====== Args={'priority': 0}
2026-05-11 15:30:45,311 : INFO : EventManager : Event: ======'cup_start_shot_timer_25'====== Args={'priority': 0}
2026-05-11 15:30:45,311 : INFO : EventManager : Event: ======'top_ramp_up'====== Args={'priority': 0}
2026-05-11 15:30:45,311 : INFO : EventManager : Event: ======'player_cup_step'====== Args={'value': 4, 'prev_value': 3, 'change': 1, 'player_num': 1, 'source': 'cool_under_pressure'}
2026-05-11 15:30:45,312 : INFO : EventManager : Event: ======'player_cool_under_pressure_timer_tick'====== Args={'value': 25, 'prev_value': 29, 'change': -4, 'player_num': 1, 'source': 'cool_under_pressure'}
2026-05-11 15:30:45,312 : INFO : EventManager : Event: ======'player_cool_under_pressure_cup_shot_timer_tick'====== Args={'value': 25, 'prev_value': 29, 'change': -4, 'player_num': 1}
2026-05-11 15:30:45,312 : INFO : Timer.cup_shot_timer : Starting Timer.
2026-05-11 15:30:45,312 : INFO : EventManager : Event: ======'timer_cup_shot_timer_started'====== Args={'ticks': 25, 'ticks_remaining': 25}
2026-05-11 15:30:45,312 : INFO : EventManager : Event: ======'timer_cup_shot_timer_tick'====== Args={'ticks': 25, 'ticks_remaining': 25}
2026-05-11 15:30:45,609 : INFO : EventManager : Event: ======'player_ball_save_consecutive_save_window_tick'====== Args={'value': 7, 'prev_value': 8, 'change': -1, 'player_num': 1}
2026-05-11 15:30:45,609 : INFO : EventManager : Event: ======'timer_consecutive_save_window_tick'====== Args={'ticks': 7, 'ticks_remaining': 7}
2026-05-11 15:30:45,812 : INFO : EventManager : Event: ======'right_ramp_up'====== Args={'priority': 0}
2026-05-11 15:30:45,812 : INFO : coil.c_right_orbit_diverter : Enabling Driver with power 0.375 (pulse_ms 50ms and pulse_power 1.0)
2026-05-11 15:30:45,812 : INFO : EventManager : Event: ======'player_right_orbit_diverter_requested'====== Args={'value': 1, 'prev_value': 0, 'change': 1, 'player_num': 1, 'source': 'base'}
2026-05-11 15:30:46,313 : INFO : EventManager : Event: ======'player_cool_under_pressure_cup_shot_timer_tick'====== Args={'value': 24, 'prev_value': 25, 'change': -1, 'player_num': 1}
2026-05-11 15:30:46,313 : INFO : EventManager : Event: ======'timer_cup_shot_timer_tick'====== Args={'ticks': 24, 'ticks_remaining': 24}
2026-05-11 15:30:46,314 : INFO : EventManager : Event: ======'player_cool_under_pressure_timer_tick'====== Args={'value': 24, 'prev_value': 25, 'change': -1, 'player_num': 1, 'source': 'cool_under_pressure'}
2026-05-11 15:30:46,611 : INFO : EventManager : Event: ======'player_ball_save_consecutive_save_window_tick'====== Args={'value': 6, 'prev_value': 7, 'change': -1, 'player_num': 1}
2026-05-11 15:30:46,611 : INFO : EventManager : Event: ======'timer_consecutive_save_window_tick'====== Args={'ticks': 6, 'ticks_remaining': 6}
2026-05-11 15:30:46,622 : INFO : EventManager : Event: ======'slide_mode_points_scored_inactive'====== Args={'is_removing': True, '_from_bcp': True}
2026-05-11 15:30:46,622 : INFO : EventManager : Event: ======'slide_cool_under_pressure_step_3_active'====== Args={'_from_bcp': True}
2026-05-11 15:30:46,623 : INFO : EventManager : Event: ======'slide_mode_points_scored_removed'====== Args={'_from_bcp': True}
2026-05-11 15:30:47,313 : INFO : EventManager : Event: ======'player_cool_under_pressure_cup_shot_timer_tick'====== Args={'value': 23, 'prev_value': 24, 'change': -1, 'player_num': 1}
2026-05-11 15:30:47,313 : INFO : EventManager : Event: ======'timer_cup_shot_timer_tick'====== Args={'ticks': 23, 'ticks_remaining': 23}
2026-05-11 15:30:47,313 : INFO : EventManager : Event: ======'player_cool_under_pressure_timer_tick'====== Args={'value': 23, 'prev_value': 24, 'change': -1, 'player_num': 1, 'source': 'cool_under_pressure'}
2026-05-11 15:30:47,500 : INFO : SwitchController : <<<<<<< 's_orbit_lower' active >>>>>>>
2026-05-11 15:30:47,500 : INFO : EventManager : Event: ======'s_orbit_lower_active'====== Args={}
2026-05-11 15:30:47,500 : INFO : EventManager : Event: ======'sw_playfield_active'====== Args={}
2026-05-11 15:30:47,500 : INFO : EventManager : Event: ======'sw_playfield_active'====== Args={}
2026-05-11 15:30:47,500 : INFO : EventManager : Event: ======'machine_var_audits_switches_s_orbit_lower'====== Args={'value': 520, 'prev_value': 519, 'change': 1}
2026-05-11 15:30:47,502 : INFO : EventManager : Event: ======'cup_right_shot_hit'====== Args={'priority': 0}
2026-05-11 15:30:47,502 : INFO : EventManager : Event: ======'cup_step_4_complete'====== Args={'priority': 0}
2026-05-11 15:30:47,502 : INFO : EventManager : Event: ======'mach_ramp_hit'====== Args={'priority': 0}
2026-05-11 15:30:47,502 : INFO : EventManager : Event: ======'player_score'====== Args={'value': 3075500, 'prev_value': 3065500, 'change': 10000, 'player_num': 1, 'source': 'base'}
2026-05-11 15:30:47,502 : INFO : EventManager : Event: ======'player_bonus_switches_count'====== Args={'value': 19, 'prev_value': 18, 'change': 1, 'player_num': 1, 'source': 'base'}
2026-05-11 15:30:47,503 : INFO : EventManager : Event: ======'shaker_soft'====== Args={'priority': 0}
2026-05-11 15:30:47,503 : INFO : EventManager : Event: ======'cup_step_4_score'====== Args={'priority': 0}
2026-05-11 15:30:47,503 : INFO : EventManager : Event: ======'cup_show_step_4_points'====== Args={'priority': 0}
2026-05-11 15:30:47,503 : INFO : EventManager : Event: ======'cup_stop_step_lights'====== Args={'priority': 0}
2026-05-11 15:30:47,503 : INFO : EventManager : Event: ======'cup_play_step_4_video'====== Args={'priority': 0}
2026-05-11 15:30:47,503 : INFO : EventManager : Event: ======'player_cup_shots_remaining'====== Args={'value': 4, 'prev_value': 5, 'change': -1, 'player_num': 1, 'source': 'cool_under_pressure'}
2026-05-11 15:30:47,503 : INFO : Timer.cup_shot_timer : Stopping Timer
2026-05-11 15:30:47,503 : INFO : EventManager : Event: ======'timer_cup_shot_timer_stopped'====== Args={'ticks': 23, 'ticks_remaining': 23}
2026-05-11 15:30:47,503 : INFO : EventManager : Event: ======'player_cool_under_pressure_cup_step_complete_lockout_tick'====== Args={'value': 0, 'prev_value': 1, 'change': -1, 'player_num': 1}
2026-05-11 15:30:47,504 : INFO : Timer.cup_step_complete_lockout : Starting Timer.
2026-05-11 15:30:47,504 : INFO : EventManager : Event: ======'timer_cup_step_complete_lockout_started'====== Args={'ticks': 0, 'ticks_remaining': 1}
2026-05-11 15:30:47,504 : INFO : EventManager : Event: ======'timer_cup_step_complete_lockout_tick'====== Args={'ticks': 0, 'ticks_remaining': 1}
2026-05-11 15:30:47,504 : INFO : EventManager : Event: ======'player_score'====== Args={'value': 4275500, 'prev_value': 3075500, 'change': 1200000, 'player_num': 1, 'source': 'cool_under_pressure'}
2026-05-11 15:30:47,504 : INFO : EventManager : Event: ======'player_mode_points_scored'====== Args={'value': 1200000, 'prev_value': 1050000, 'change': 150000, 'player_num': 1, 'source': 'cool_under_pressure'}
2026-05-11 15:30:47,505 : INFO : EventManager : Event: ======'mach_first_hit'====== Args={'priority': 0}
2026-05-11 15:30:47,505 : INFO : EventManager : Event: ======'player_mach_step'====== Args={'value': 1, 'prev_value': 0, 'change': 1, 'player_num': 1, 'source': 'mach_scoring'}
2026-05-11 15:30:47,505 : INFO : Timer.mach_qualify_timer : Starting Timer.
2026-05-11 15:30:47,505 : INFO : EventManager : Event: ======'timer_mach_qualify_timer_started'====== Args={'ticks': 10, 'ticks_remaining': 10}
2026-05-11 15:30:47,505 : INFO : EventManager : Event: ======'timer_mach_qualify_timer_tick'====== Args={'ticks': 10, 'ticks_remaining': 10}
2026-05-11 15:30:47,515 : INFO : EventManager : Event: ======'slide_mode_points_scored_created'====== Args={'_from_bcp': True}
2026-05-11 15:30:47,515 : INFO : EventManager : Event: ======'slide_cool_under_pressure_step_3_inactive'====== Args={'is_removing': False, '_from_bcp': True}
2026-05-11 15:30:47,515 : INFO : EventManager : Event: ======'slide_mode_points_scored_active'====== Args={'original_context': 'cool_under_pressure', 'original_calling_context': 'cup_show_step_4_points', 'priority': 600.0, 'cmd': 'slides_play', '_from_bcp': True}
2026-05-11 15:30:47,515 : INFO : EventManager : Event: ======'slide_cool_under_pressure_step_3_removed'====== Args={'_from_bcp': True}
2026-05-11 15:30:47,531 : INFO : SwitchController : <<<<<<< 's_orbit_lower' inactive >>>>>>>
2026-05-11 15:30:47,531 : INFO : SwitchController : <<<<<<< 's_orbit_lower' active >>>>>>>
2026-05-11 15:30:47,531 : INFO : EventManager : Event: ======'s_orbit_lower_active'====== Args={}
2026-05-11 15:30:47,531 : INFO : EventManager : Event: ======'sw_playfield_active'====== Args={}
2026-05-11 15:30:47,531 : INFO : EventManager : Event: ======'sw_playfield_active'====== Args={}
2026-05-11 15:30:47,532 : INFO : EventManager : Event: ======'machine_var_audits_switches_s_orbit_lower'====== Args={'value': 521, 'prev_value': 520, 'change': 1}
2026-05-11 15:30:47,532 : INFO : EventManager : Event: ======'mach_ramp_hit'====== Args={'priority': 0}
2026-05-11 15:30:47,532 : INFO : EventManager : Event: ======'player_score'====== Args={'value': 4285500, 'prev_value': 4275500, 'change': 10000, 'player_num': 1, 'source': 'base'}
2026-05-11 15:30:47,533 : INFO : EventManager : Event: ======'player_bonus_switches_count'====== Args={'value': 20, 'prev_value': 19, 'change': 1, 'player_num': 1, 'source': 'base'}
2026-05-11 15:30:47,533 : INFO : EventManager : Event: ======'mach_qualified'====== Args={'priority': 0}
2026-05-11 15:30:47,533 : INFO : EventManager : Event: ======'player_mach_step'====== Args={'value': 2, 'prev_value': 1, 'change': 1, 'player_num': 1, 'source': 'mach_scoring'}
2026-05-11 15:30:47,533 : INFO : EventManager : Event: ======'player_mach_level'====== Args={'value': 1.25, 'prev_value': 1.0, 'change': 0.25, 'player_num': 1, 'source': 'mach_scoring'}
2026-05-11 15:30:47,533 : INFO : EventManager : Event: ======'player_score'====== Args={'value': 4310500, 'prev_value': 4285500, 'change': 25000, 'player_num': 1, 'source': 'mach_scoring'}
2026-05-11 15:30:47,534 : INFO : Timer.mach_qualify_timer : Stopping Timer
2026-05-11 15:30:47,534 : INFO : EventManager : Event: ======'timer_mach_qualify_timer_stopped'====== Args={'ticks': 10, 'ticks_remaining': 10}
2026-05-11 15:30:47,534 : INFO : Timer.mach_timer : Starting Timer.
2026-05-11 15:30:47,534 : INFO : EventManager : Event: ======'timer_mach_timer_started'====== Args={'ticks': 20, 'ticks_remaining': 20}
2026-05-11 15:30:47,534 : INFO : EventManager : Event: ======'timer_mach_timer_tick'====== Args={'ticks': 20, 'ticks_remaining': 20}
2026-05-11 15:30:47,534 : INFO : EventManager : Event: ======'show_mach_1_25_video'====== Args={'priority': 0}
2026-05-11 15:30:47,534 : INFO : EventManager : Event: ======'player_total_scoring_multiplier'====== Args={'value': 1.25, 'prev_value': 1.0, 'change': 0.25, 'player_num': 1, 'source': 'base'}
2026-05-11 15:30:47,535 : INFO : EventManager : Event: ======'player_bonus_highest_mach'====== Args={'value': 1, 'prev_value': 0, 'change': 1, 'player_num': 1, 'source': 'base'}
2026-05-11 15:30:47,540 : INFO : EventManager : Event: ======'slide_cool_under_pressure_step_4_created'====== Args={'_from_bcp': True}
2026-05-11 15:30:47,543 : INFO : EventManager : Event: ======'slide_mach_1_removed'====== Args={'_from_bcp': True}
2026-05-11 15:30:47,547 : INFO : SwitchController : <<<<<<< 's_orbit_lower' inactive >>>>>>>
2026-05-11 15:30:47,552 : INFO : EventManager : Event: ======'slide_mach_1_25_created'====== Args={'_from_bcp': True}
2026-05-11 15:30:47,571 : INFO : EventManager : Event: ======'slide_mach_1_25_video_created'====== Args={'_from_bcp': True}
2026-05-11 15:30:47,578 : INFO : EventManager : Event: ======'slide_timer20_created'====== Args={'_from_bcp': True}
2026-05-11 15:30:47,608 : INFO : EventManager : Event: ======'player_ball_save_consecutive_save_window_tick'====== Args={'value': 5, 'prev_value': 6, 'change': -1, 'player_num': 1}
2026-05-11 15:30:47,609 : INFO : EventManager : Event: ======'timer_consecutive_save_window_tick'====== Args={'ticks': 5, 'ticks_remaining': 5}
2026-05-11 15:30:47,981 : INFO : EventManager : Event: ======'player_cool_under_pressure_cup_step_complete_lockout_tick'====== Args={'value': 1, 'prev_value': 0, 'change': 1, 'player_num': 1}
2026-05-11 15:30:47,981 : INFO : Timer.cup_step_complete_lockout : Timer Complete
2026-05-11 15:30:47,981 : INFO : Timer.cup_step_complete_lockout : Stopping Timer
2026-05-11 15:30:47,981 : INFO : EventManager : Event: ======'timer_cup_step_complete_lockout_stopped'====== Args={'ticks': 1, 'ticks_remaining': 1}
2026-05-11 15:30:47,982 : INFO : EventManager : Event: ======'timer_cup_step_complete_lockout_complete'====== Args={'ticks': 1, 'ticks_remaining': 1}
2026-05-11 15:30:48,184 : INFO : EventManager : Event: ======'cup_setup_step_5'====== Args={'priority': 0}
2026-05-11 15:30:48,184 : INFO : EventManager : Event: ======'cup_start_shot_timer_25'====== Args={'priority': 0}
2026-05-11 15:30:48,184 : INFO : EventManager : Event: ======'top_ramp_down'====== Args={'priority': 0}
2026-05-11 15:30:48,185 : INFO : EventManager : Event: ======'player_cup_step'====== Args={'value': 5, 'prev_value': 4, 'change': 1, 'player_num': 1, 'source': 'cool_under_pressure'}
2026-05-11 15:30:48,186 : INFO : EventManager : Event: ======'player_cool_under_pressure_timer_tick'====== Args={'value': 25, 'prev_value': 23, 'change': 2, 'player_num': 1, 'source': 'cool_under_pressure'}
2026-05-11 15:30:48,186 : INFO : EventManager : Event: ======'player_cool_under_pressure_cup_shot_timer_tick'====== Args={'value': 25, 'prev_value': 23, 'change': 2, 'player_num': 1}
2026-05-11 15:30:48,186 : INFO : Timer.cup_shot_timer : Starting Timer.
2026-05-11 15:30:48,186 : INFO : EventManager : Event: ======'timer_cup_shot_timer_started'====== Args={'ticks': 25, 'ticks_remaining': 25}
2026-05-11 15:30:48,186 : INFO : EventManager : Event: ======'timer_cup_shot_timer_tick'====== Args={'ticks': 25, 'ticks_remaining': 25}
2026-05-11 15:30:48,525 : INFO : EventManager : Event: ======'player_mach_scoring_mach_timer_tick'====== Args={'value': 19, 'prev_value': 20, 'change': -1, 'player_num': 1}
2026-05-11 15:30:48,525 : INFO : EventManager : Event: ======'timer_mach_timer_tick'====== Args={'ticks': 19, 'ticks_remaining': 19}
2026-05-11 15:30:48,535 : INFO : EventManager : Event: ======'slide_timer20_removed'====== Args={'_from_bcp': True}
2026-05-11 15:30:48,544 : INFO : EventManager : Event: ======'slide_timer19_created'====== Args={'_from_bcp': True}
2026-05-11 15:30:48,603 : INFO : EventManager : Event: ======'player_ball_save_consecutive_save_window_tick'====== Args={'value': 4, 'prev_value': 5, 'change': -1, 'player_num': 1}
2026-05-11 15:30:48,604 : INFO : EventManager : Event: ======'timer_consecutive_save_window_tick'====== Args={'ticks': 4, 'ticks_remaining': 4}
2026-05-11 15:30:49,179 : INFO : EventManager : Event: ======'player_cool_under_pressure_cup_shot_timer_tick'====== Args={'value': 24, 'prev_value': 25, 'change': -1, 'player_num': 1}
2026-05-11 15:30:49,179 : INFO : EventManager : Event: ======'timer_cup_shot_timer_tick'====== Args={'ticks': 24, 'ticks_remaining': 24}
2026-05-11 15:30:49,181 : INFO : EventManager : Event: ======'player_cool_under_pressure_timer_tick'====== Args={'value': 24, 'prev_value': 25, 'change': -1, 'player_num': 1, 'source': 'cool_under_pressure'}
2026-05-11 15:30:49,519 : INFO : EventManager : Event: ======'slide_mode_points_scored_inactive'====== Args={'is_removing': True, '_from_bcp': True}
2026-05-11 15:30:49,519 : INFO : EventManager : Event: ======'slide_cool_under_pressure_step_4_active'====== Args={'_from_bcp': True}
2026-05-11 15:30:49,520 : INFO : EventManager : Event: ======'slide_mode_points_scored_removed'====== Args={'_from_bcp': True}
2026-05-11 15:30:49,521 : INFO : EventManager : Event: ======'player_mach_scoring_mach_timer_tick'====== Args={'value': 18, 'prev_value': 19, 'change': -1, 'player_num': 1}
2026-05-11 15:30:49,521 : INFO : EventManager : Event: ======'timer_mach_timer_tick'====== Args={'ticks': 18, 'ticks_remaining': 18}
2026-05-11 15:30:49,530 : INFO : EventManager : Event: ======'slide_timer19_removed'====== Args={'_from_bcp': True}
2026-05-11 15:30:49,536 : INFO : EventManager : Event: ======'slide_timer18_created'====== Args={'_from_bcp': True}
2026-05-11 15:30:49,578 : INFO : EventManager : Event: ======'slide_mach_1_25_video_removed'====== Args={'_from_bcp': True}
2026-05-11 15:30:49,601 : INFO : EventManager : Event: ======'player_ball_save_consecutive_save_window_tick'====== Args={'value': 3, 'prev_value': 4, 'change': -1, 'player_num': 1}
2026-05-11 15:30:49,601 : INFO : EventManager : Event: ======'timer_consecutive_save_window_tick'====== Args={'ticks': 3, 'ticks_remaining': 3}
2026-05-11 15:30:50,178 : INFO : EventManager : Event: ======'player_cool_under_pressure_cup_shot_timer_tick'====== Args={'value': 23, 'prev_value': 24, 'change': -1, 'player_num': 1}
2026-05-11 15:30:50,179 : INFO : EventManager : Event: ======'timer_cup_shot_timer_tick'====== Args={'ticks': 23, 'ticks_remaining': 23}
2026-05-11 15:30:50,179 : INFO : EventManager : Event: ======'player_cool_under_pressure_timer_tick'====== Args={'value': 23, 'prev_value': 24, 'change': -1, 'player_num': 1, 'source': 'cool_under_pressure'}
2026-05-11 15:30:50,536 : INFO : EventManager : Event: ======'player_mach_scoring_mach_timer_tick'====== Args={'value': 17, 'prev_value': 18, 'change': -1, 'player_num': 1}
2026-05-11 15:30:50,536 : INFO : EventManager : Event: ======'timer_mach_timer_tick'====== Args={'ticks': 17, 'ticks_remaining': 17}
2026-05-11 15:30:50,545 : INFO : EventManager : Event: ======'slide_timer18_removed'====== Args={'_from_bcp': True}
2026-05-11 15:30:50,550 : INFO : EventManager : Event: ======'slide_timer17_created'====== Args={'_from_bcp': True}
2026-05-11 15:30:50,600 : INFO : EventManager : Event: ======'player_ball_save_consecutive_save_window_tick'====== Args={'value': 2, 'prev_value': 3, 'change': -1, 'player_num': 1}
2026-05-11 15:30:50,600 : INFO : EventManager : Event: ======'timer_consecutive_save_window_tick'====== Args={'ticks': 2, 'ticks_remaining': 2}
2026-05-11 15:30:51,182 : INFO : EventManager : Event: ======'player_cool_under_pressure_cup_shot_timer_tick'====== Args={'value': 22, 'prev_value': 23, 'change': -1, 'player_num': 1}
2026-05-11 15:30:51,182 : INFO : EventManager : Event: ======'timer_cup_shot_timer_tick'====== Args={'ticks': 22, 'ticks_remaining': 22}
2026-05-11 15:30:51,183 : INFO : EventManager : Event: ======'player_cool_under_pressure_timer_tick'====== Args={'value': 22, 'prev_value': 23, 'change': -1, 'player_num': 1, 'source': 'cool_under_pressure'}
2026-05-11 15:30:51,414 : INFO : EventManager : Event: ======'slide_cool_under_pressure_step_4_inactive'====== Args={'is_removing': True, '_from_bcp': True}
2026-05-11 15:30:51,414 : INFO : EventManager : Event: ======'slide_cool_under_pressure_shots_remaining_active'====== Args={'_from_bcp': True}
2026-05-11 15:30:51,423 : INFO : EventManager : Event: ======'slide_cool_under_pressure_step_4_removed'====== Args={'_from_bcp': True}
2026-05-11 15:30:51,528 : INFO : EventManager : Event: ======'player_mach_scoring_mach_timer_tick'====== Args={'value': 16, 'prev_value': 17, 'change': -1, 'player_num': 1}
2026-05-11 15:30:51,528 : INFO : EventManager : Event: ======'timer_mach_timer_tick'====== Args={'ticks': 16, 'ticks_remaining': 16}
2026-05-11 15:30:51,539 : INFO : EventManager : Event: ======'slide_timer17_removed'====== Args={'_from_bcp': True}
2026-05-11 15:30:51,545 : INFO : EventManager : Event: ======'slide_timer16_created'====== Args={'_from_bcp': True}
2026-05-11 15:30:51,607 : INFO : EventManager : Event: ======'player_ball_save_consecutive_save_window_tick'====== Args={'value': 1, 'prev_value': 2, 'change': -1, 'player_num': 1}
2026-05-11 15:30:51,607 : INFO : EventManager : Event: ======'timer_consecutive_save_window_tick'====== Args={'ticks': 1, 'ticks_remaining': 1}
2026-05-11 15:30:51,904 : INFO : SwitchController : <<<<<<< 's_orbit_right' active >>>>>>>
2026-05-11 15:30:51,904 : INFO : EventManager : Event: ======'s_orbit_right_active'====== Args={}
2026-05-11 15:30:51,904 : INFO : EventManager : Event: ======'sw_playfield_active'====== Args={}
2026-05-11 15:30:51,904 : INFO : EventManager : Event: ======'machine_var_audits_switches_s_orbit_right'====== Args={'value': 6974, 'prev_value': 6973, 'change': 1}
2026-05-11 15:30:51,907 : INFO : EventManager : Event: ======'player_hd_sw_orbit_right'====== Args={'value': 2, 'prev_value': 1, 'change': 1, 'player_num': 1, 'source': 'hard_deck_qualifiers'}
2026-05-11 15:30:51,907 : INFO : EventManager : Event: ======'restart_right_orbit_lockout_timer'====== Args={'priority': 0}
2026-05-11 15:30:51,907 : INFO : EventManager : Event: ======'player_score'====== Args={'value': 4320500, 'prev_value': 4310500, 'change': 10000, 'player_num': 1, 'source': 'base'}
2026-05-11 15:30:51,907 : INFO : EventManager : Event: ======'player_bonus_switches_count'====== Args={'value': 21, 'prev_value': 20, 'change': 1, 'player_num': 1, 'source': 'base'}
2026-05-11 15:30:51,907 : INFO : EventManager : Event: ======'player_pilot_mission_qualifier_right_orbit_shot_timeout_tick'====== Args={'value': 0, 'prev_value': 3, 'change': -3, 'player_num': 1}
2026-05-11 15:30:51,907 : INFO : Timer.right_orbit_shot_timeout : Starting Timer.
2026-05-11 15:30:51,907 : INFO : EventManager : Event: ======'timer_right_orbit_shot_timeout_started'====== Args={'ticks': 0, 'ticks_remaining': 3}
2026-05-11 15:30:51,907 : INFO : EventManager : Event: ======'timer_right_orbit_shot_timeout_tick'====== Args={'ticks': 0, 'ticks_remaining': 3}
2026-05-11 15:30:51,908 : INFO : EventManager : Event: ======'player_hd_switches_completed'====== Args={'value': 3, 'prev_value': 2, 'change': 1, 'player_num': 1, 'source': 'hard_deck_qualifiers'}
2026-05-11 15:30:51,908 : INFO : EventManager : Event: ======'player_iceman_letters_right_orbit_lockout_timer_tick'====== Args={'value': 0, 'prev_value': 3, 'change': -3, 'player_num': 1}
2026-05-11 15:30:51,908 : INFO : Timer.right_orbit_lockout_timer : Starting Timer.
2026-05-11 15:30:51,908 : INFO : EventManager : Event: ======'timer_right_orbit_lockout_timer_started'====== Args={'ticks': 0, 'ticks_remaining': 3}
2026-05-11 15:30:51,908 : INFO : EventManager : Event: ======'timer_right_orbit_lockout_timer_tick'====== Args={'ticks': 0, 'ticks_remaining': 3}
2026-05-11 15:30:51,952 : INFO : SwitchController : <<<<<<< 's_orbit_right' inactive >>>>>>>
2026-05-11 15:30:52,188 : INFO : EventManager : Event: ======'player_cool_under_pressure_cup_shot_timer_tick'====== Args={'value': 21, 'prev_value': 22, 'change': -1, 'player_num': 1}
2026-05-11 15:30:52,188 : INFO : EventManager : Event: ======'timer_cup_shot_timer_tick'====== Args={'ticks': 21, 'ticks_remaining': 21}
2026-05-11 15:30:52,189 : INFO : EventManager : Event: ======'player_cool_under_pressure_timer_tick'====== Args={'value': 21, 'prev_value': 22, 'change': -1, 'player_num': 1, 'source': 'cool_under_pressure'}
2026-05-11 15:30:52,329 : INFO : SwitchController : <<<<<<< 's_orbit_left' active >>>>>>>
2026-05-11 15:30:52,329 : INFO : EventManager : Event: ======'s_orbit_left_active'====== Args={}
2026-05-11 15:30:52,329 : INFO : EventManager : Event: ======'sw_playfield_active'====== Args={}
2026-05-11 15:30:52,329 : INFO : EventManager : Event: ======'machine_var_audits_switches_s_orbit_left'====== Args={'value': 8486, 'prev_value': 8485, 'change': 1}
2026-05-11 15:30:52,330 : INFO : EventManager : Event: ======'right_orbit_shot_hit'====== Args={'priority': 0}
2026-05-11 15:30:52,330 : INFO : EventManager : Event: ======'timer_right_orbit_shot_timeout_stop'====== Args={'priority': 0}
2026-05-11 15:30:52,330 : INFO : EventManager : Event: ======'player_previous_switch_type'====== Args={'value': 1, 'prev_value': 0, 'change': 1, 'player_num': 1, 'source': 'pilot_mission_qualifier'}
2026-05-11 15:30:52,330 : INFO : EventManager : Event: ======'player_hd_sw_orbit_left'====== Args={'value': 1, 'prev_value': 0, 'change': 1, 'player_num': 1, 'source': 'hard_deck_qualifiers'}
2026-05-11 15:30:52,330 : INFO : EventManager : Event: ======'player_score'====== Args={'value': 4330500, 'prev_value': 4320500, 'change': 10000, 'player_num': 1, 'source': 'base'}
2026-05-11 15:30:52,330 : INFO : EventManager : Event: ======'player_bonus_switches_count'====== Args={'value': 22, 'prev_value': 21, 'change': 1, 'player_num': 1, 'source': 'base'}
2026-05-11 15:30:52,330 : INFO : Timer.left_orbit_shot_timeout : Starting Timer.
2026-05-11 15:30:52,331 : INFO : EventManager : Event: ======'timer_left_orbit_shot_timeout_started'====== Args={'ticks': 0, 'ticks_remaining': 3}
2026-05-11 15:30:52,331 : INFO : EventManager : Event: ======'timer_left_orbit_shot_timeout_tick'====== Args={'ticks': 0, 'ticks_remaining': 3}
2026-05-11 15:30:52,331 : INFO : EventManager : Event: ======'cup_right_shot_hit'====== Args={'priority': 0}
2026-05-11 15:30:52,331 : INFO : EventManager : Event: ======'cup_step_5_complete'====== Args={'priority': 0}
2026-05-11 15:30:52,331 : INFO : EventManager : Event: ======'player_orbit_shot_lockout'====== Args={'value': 1, 'prev_value': 0, 'change': 1, 'player_num': 1, 'source': 'pilot_mission_qualifier'}
2026-05-11 15:30:52,331 : INFO : Timer.orbit_shot_lockout_timer : Starting Timer.
2026-05-11 15:30:52,331 : INFO : EventManager : Event: ======'timer_orbit_shot_lockout_timer_started'====== Args={'ticks': 0, 'ticks_remaining': 1}
2026-05-11 15:30:52,331 : INFO : EventManager : Event: ======'timer_orbit_shot_lockout_timer_tick'====== Args={'ticks': 0, 'ticks_remaining': 1}
2026-05-11 15:30:52,332 : INFO : EventManager : Event: ======'shaker_soft'====== Args={'priority': 0}
2026-05-11 15:30:52,332 : INFO : EventManager : Event: ======'cup_step_5_score'====== Args={'priority': 0}
2026-05-11 15:30:52,332 : INFO : EventManager : Event: ======'cup_show_step_5_points'====== Args={'priority': 0}
2026-05-11 15:30:52,332 : INFO : EventManager : Event: ======'cup_stop_step_lights'====== Args={'priority': 0}
2026-05-11 15:30:52,332 : INFO : EventManager : Event: ======'cup_play_step_5_video'====== Args={'priority': 0}
2026-05-11 15:30:52,332 : INFO : EventManager : Event: ======'player_cup_shots_remaining'====== Args={'value': 3, 'prev_value': 4, 'change': -1, 'player_num': 1, 'source': 'cool_under_pressure'}
2026-05-11 15:30:52,332 : INFO : Timer.cup_shot_timer : Stopping Timer
2026-05-11 15:30:52,332 : INFO : EventManager : Event: ======'timer_cup_shot_timer_stopped'====== Args={'ticks': 21, 'ticks_remaining': 21}
2026-05-11 15:30:52,332 : INFO : EventManager : Event: ======'player_cool_under_pressure_cup_step_complete_lockout_tick'====== Args={'value': 0, 'prev_value': 1, 'change': -1, 'player_num': 1}
2026-05-11 15:30:52,332 : INFO : Timer.cup_step_complete_lockout : Starting Timer.
2026-05-11 15:30:52,332 : INFO : EventManager : Event: ======'timer_cup_step_complete_lockout_started'====== Args={'ticks': 0, 'ticks_remaining': 1}
2026-05-11 15:30:52,333 : INFO : EventManager : Event: ======'timer_cup_step_complete_lockout_tick'====== Args={'ticks': 0, 'ticks_remaining': 1}
2026-05-11 15:30:52,333 : INFO : EventManager : Event: ======'player_score'====== Args={'value': 6018000, 'prev_value': 4330500, 'change': 1687500, 'player_num': 1, 'source': 'cool_under_pressure'}
2026-05-11 15:30:52,333 : INFO : EventManager : Event: ======'player_mode_points_scored'====== Args={'value': 1687500, 'prev_value': 1200000, 'change': 487500, 'player_num': 1, 'source': 'cool_under_pressure'}
2026-05-11 15:30:52,359 : INFO : EventManager : Event: ======'slide_mode_points_scored_created'====== Args={'_from_bcp': True}
2026-05-11 15:30:52,360 : INFO : EventManager : Event: ======'slide_cool_under_pressure_shots_remaining_inactive'====== Args={'is_removing': False, '_from_bcp': True}
2026-05-11 15:30:52,360 : INFO : EventManager : Event: ======'slide_mode_points_scored_active'====== Args={'original_context': 'cool_under_pressure', 'original_calling_context': 'cup_show_step_5_points', 'priority': 600.0, 'cmd': 'slides_play', '_from_bcp': True}
2026-05-11 15:30:52,375 : INFO : SwitchController : <<<<<<< 's_orbit_left' inactive >>>>>>>
2026-05-11 15:30:52,376 : INFO : EventManager : Event: ======'slide_cool_under_pressure_step_5_created'====== Args={'_from_bcp': True}
2026-05-11 15:30:52,531 : INFO : EventManager : Event: ======'player_mach_scoring_mach_timer_tick'====== Args={'value': 15, 'prev_value': 16, 'change': -1, 'player_num': 1}
2026-05-11 15:30:52,531 : INFO : EventManager : Event: ======'timer_mach_timer_tick'====== Args={'ticks': 15, 'ticks_remaining': 15}
2026-05-11 15:30:52,544 : INFO : EventManager : Event: ======'slide_timer16_removed'====== Args={'_from_bcp': True}
2026-05-11 15:30:52,550 : INFO : EventManager : Event: ======'slide_timer15_created'====== Args={'_from_bcp': True}
2026-05-11 15:30:52,611 : INFO : EventManager : Event: ======'player_ball_save_consecutive_save_window_tick'====== Args={'value': 0, 'prev_value': 1, 'change': -1, 'player_num': 1}
2026-05-11 15:30:52,612 : INFO : Timer.consecutive_save_window : Timer Complete
2026-05-11 15:30:52,612 : INFO : Timer.consecutive_save_window : Stopping Timer
2026-05-11 15:30:52,612 : INFO : EventManager : Event: ======'timer_consecutive_save_window_stopped'====== Args={'ticks': 0, 'ticks_remaining': 1}
2026-05-11 15:30:52,612 : INFO : EventManager : Event: ======'timer_consecutive_save_window_complete'====== Args={'ticks': 0, 'ticks_remaining': 1}
2026-05-11 15:30:52,612 : INFO : EventManager : Event: ======'player_consecutive_ball_saves'====== Args={'value': 0, 'prev_value': 1, 'change': -1, 'player_num': 1, 'source': 'ball_save'}
2026-05-11 15:30:52,815 : INFO : EventManager : Event: ======'player_pilot_mission_qualifier_orbit_shot_lockout_timer_tick'====== Args={'value': 1, 'prev_value': 0, 'change': 1, 'player_num': 1}
2026-05-11 15:30:52,815 : INFO : Timer.orbit_shot_lockout_timer : Timer Complete
2026-05-11 15:30:52,815 : INFO : Timer.orbit_shot_lockout_timer : Stopping Timer
2026-05-11 15:30:52,816 : INFO : EventManager : Event: ======'timer_orbit_shot_lockout_timer_stopped'====== Args={'ticks': 1, 'ticks_remaining': 1}
2026-05-11 15:30:52,816 : INFO : EventManager : Event: ======'timer_orbit_shot_lockout_timer_complete'====== Args={'ticks': 1, 'ticks_remaining': 1}
2026-05-11 15:30:52,816 : INFO : EventManager : Event: ======'player_cool_under_pressure_cup_step_complete_lockout_tick'====== Args={'value': 1, 'prev_value': 0, 'change': 1, 'player_num': 1}
2026-05-11 15:30:52,816 : INFO : Timer.cup_step_complete_lockout : Timer Complete
2026-05-11 15:30:52,816 : INFO : Timer.cup_step_complete_lockout : Stopping Timer
2026-05-11 15:30:52,816 : INFO : EventManager : Event: ======'timer_cup_step_complete_lockout_stopped'====== Args={'ticks': 1, 'ticks_remaining': 1}
2026-05-11 15:30:52,816 : INFO : EventManager : Event: ======'timer_cup_step_complete_lockout_complete'====== Args={'ticks': 1, 'ticks_remaining': 1}
2026-05-11 15:30:52,817 : INFO : EventManager : Event: ======'player_orbit_shot_lockout'====== Args={'value': 0, 'prev_value': 1, 'change': -1, 'player_num': 1, 'source': 'pilot_mission_qualifier'}
2026-05-11 15:30:52,908 : INFO : EventManager : Event: ======'player_iceman_letters_right_orbit_lockout_timer_tick'====== Args={'value': 1, 'prev_value': 0, 'change': 1, 'player_num': 1}
2026-05-11 15:30:52,909 : INFO : EventManager : Event: ======'timer_right_orbit_lockout_timer_tick'====== Args={'ticks': 1, 'ticks_remaining': 2}
2026-05-11 15:30:52,909 : INFO : EventManager : Event: ======'player_pilot_mission_qualifier_right_orbit_shot_timeout_tick'====== Args={'value': 1, 'prev_value': 0, 'change': 1, 'player_num': 1}
2026-05-11 15:30:52,909 : INFO : EventManager : Event: ======'timer_right_orbit_shot_timeout_tick'====== Args={'ticks': 1, 'ticks_remaining': 2}
2026-05-11 15:30:53,018 : INFO : EventManager : Event: ======'cup_setup_step_6'====== Args={'priority': 0}
2026-05-11 15:30:53,018 : INFO : EventManager : Event: ======'cup_start_shot_timer_40'====== Args={'priority': 0}
2026-05-11 15:30:53,018 : INFO : EventManager : Event: ======'top_ramp_up'====== Args={'priority': 0}
2026-05-11 15:30:53,018 : INFO : EventManager : Event: ======'player_cup_step'====== Args={'value': 6, 'prev_value': 5, 'change': 1, 'player_num': 1, 'source': 'cool_under_pressure'}
2026-05-11 15:30:53,019 : INFO : EventManager : Event: ======'player_cool_under_pressure_timer_tick'====== Args={'value': 40, 'prev_value': 21, 'change': 19, 'player_num': 1, 'source': 'cool_under_pressure'}
2026-05-11 15:30:53,019 : INFO : EventManager : Event: ======'player_cool_under_pressure_cup_shot_timer_tick'====== Args={'value': 40, 'prev_value': 21, 'change': 19, 'player_num': 1}
2026-05-11 15:30:53,019 : INFO : Timer.cup_shot_timer : Starting Timer.
2026-05-11 15:30:53,019 : INFO : EventManager : Event: ======'timer_cup_shot_timer_started'====== Args={'ticks': 40, 'ticks_remaining': 40}
2026-05-11 15:30:53,019 : INFO : EventManager : Event: ======'timer_cup_shot_timer_tick'====== Args={'ticks': 40, 'ticks_remaining': 40}
2026-05-11 15:30:53,316 : INFO : EventManager : Event: ======'player_pilot_mission_qualifier_left_orbit_shot_timeout_tick'====== Args={'value': 1, 'prev_value': 0, 'change': 1, 'player_num': 1}
2026-05-11 15:30:53,316 : INFO : EventManager : Event: ======'timer_left_orbit_shot_timeout_tick'====== Args={'ticks': 1, 'ticks_remaining': 2}
2026-05-11 15:30:53,520 : INFO : EventManager : Event: ======'right_ramp_down'====== Args={'priority': 0}
2026-05-11 15:30:53,520 : INFO : coil.c_right_orbit_diverter : Disabling Driver
2026-05-11 15:30:53,520 : INFO : EventManager : Event: ======'player_right_orbit_diverter_requested'====== Args={'value': 0, 'prev_value': 1, 'change': -1, 'player_num': 1, 'source': 'base'}
2026-05-11 15:30:53,521 : INFO : EventManager : Event: ======'player_mach_scoring_mach_timer_tick'====== Args={'value': 14, 'prev_value': 15, 'change': -1, 'player_num': 1}
2026-05-11 15:30:53,522 : INFO : EventManager : Event: ======'timer_mach_timer_tick'====== Args={'ticks': 14, 'ticks_remaining': 14}
2026-05-11 15:30:53,531 : INFO : EventManager : Event: ======'slide_timer15_removed'====== Args={'_from_bcp': True}
2026-05-11 15:30:53,536 : INFO : EventManager : Event: ======'slide_timer14_created'====== Args={'_from_bcp': True}
2026-05-11 15:30:53,910 : INFO : EventManager : Event: ======'player_pilot_mission_qualifier_right_orbit_shot_timeout_tick'====== Args={'value': 2, 'prev_value': 1, 'change': 1, 'player_num': 1}
2026-05-11 15:30:53,911 : INFO : EventManager : Event: ======'timer_right_orbit_shot_timeout_tick'====== Args={'ticks': 2, 'ticks_remaining': 1}
2026-05-11 15:30:53,911 : INFO : EventManager : Event: ======'player_iceman_letters_right_orbit_lockout_timer_tick'====== Args={'value': 2, 'prev_value': 1, 'change': 1, 'player_num': 1}
2026-05-11 15:30:53,911 : INFO : EventManager : Event: ======'timer_right_orbit_lockout_timer_tick'====== Args={'ticks': 2, 'ticks_remaining': 1}
2026-05-11 15:30:54,018 : INFO : EventManager : Event: ======'player_cool_under_pressure_cup_shot_timer_tick'====== Args={'value': 39, 'prev_value': 40, 'change': -1, 'player_num': 1}
2026-05-11 15:30:54,018 : INFO : EventManager : Event: ======'timer_cup_shot_timer_tick'====== Args={'ticks': 39, 'ticks_remaining': 39}
2026-05-11 15:30:54,019 : INFO : EventManager : Event: ======'player_cool_under_pressure_timer_tick'====== Args={'value': 39, 'prev_value': 40, 'change': -1, 'player_num': 1, 'source': 'cool_under_pressure'}
2026-05-11 15:30:54,314 : INFO : EventManager : Event: ======'player_pilot_mission_qualifier_left_orbit_shot_timeout_tick'====== Args={'value': 2, 'prev_value': 1, 'change': 1, 'player_num': 1}
2026-05-11 15:30:54,315 : INFO : EventManager : Event: ======'timer_left_orbit_shot_timeout_tick'====== Args={'ticks': 2, 'ticks_remaining': 1}
2026-05-11 15:30:54,368 : INFO : EventManager : Event: ======'slide_mode_points_scored_inactive'====== Args={'is_removing': True, '_from_bcp': True}
2026-05-11 15:30:54,368 : INFO : EventManager : Event: ======'slide_cool_under_pressure_step_5_active'====== Args={'_from_bcp': True}
2026-05-11 15:30:54,369 : INFO : EventManager : Event: ======'slide_mode_points_scored_removed'====== Args={'_from_bcp': True}
2026-05-11 15:30:54,536 : INFO : EventManager : Event: ======'player_mach_scoring_mach_timer_tick'====== Args={'value': 13, 'prev_value': 14, 'change': -1, 'player_num': 1}
2026-05-11 15:30:54,536 : INFO : EventManager : Event: ======'timer_mach_timer_tick'====== Args={'ticks': 13, 'ticks_remaining': 13}
2026-05-11 15:30:54,545 : INFO : EventManager : Event: ======'slide_timer14_removed'====== Args={'_from_bcp': True}
2026-05-11 15:30:54,552 : INFO : EventManager : Event: ======'slide_timer13_created'====== Args={'_from_bcp': True}
2026-05-11 15:30:54,897 : INFO : EventManager : Event: ======'player_iceman_letters_right_orbit_lockout_timer_tick'====== Args={'value': 3, 'prev_value': 2, 'change': 1, 'player_num': 1}
2026-05-11 15:30:54,898 : INFO : Timer.right_orbit_lockout_timer : Timer Complete
2026-05-11 15:30:54,898 : INFO : Timer.right_orbit_lockout_timer : Stopping Timer
2026-05-11 15:30:54,898 : INFO : EventManager : Event: ======'timer_right_orbit_lockout_timer_stopped'====== Args={'ticks': 3, 'ticks_remaining': 1}
2026-05-11 15:30:54,898 : INFO : EventManager : Event: ======'timer_right_orbit_lockout_timer_complete'====== Args={'ticks': 3, 'ticks_remaining': 1}
2026-05-11 15:30:54,898 : INFO : EventManager : Event: ======'player_pilot_mission_qualifier_right_orbit_shot_timeout_tick'====== Args={'value': 3, 'prev_value': 2, 'change': 1, 'player_num': 1}
2026-05-11 15:30:54,898 : INFO : Timer.right_orbit_shot_timeout : Timer Complete
2026-05-11 15:30:54,898 : INFO : Timer.right_orbit_shot_timeout : Stopping Timer
2026-05-11 15:30:54,898 : INFO : EventManager : Event: ======'timer_right_orbit_shot_timeout_stopped'====== Args={'ticks': 3, 'ticks_remaining': 1}
2026-05-11 15:30:54,898 : INFO : EventManager : Event: ======'timer_right_orbit_shot_timeout_complete'====== Args={'ticks': 3, 'ticks_remaining': 1}
2026-05-11 15:30:54,899 : INFO : EventManager : Event: ======'player_right_post_locked_out'====== Args={'value': 0, 'prev_value': 1, 'change': -1, 'player_num': 1, 'source': 'iceman_letters'}
2026-05-11 15:30:55,006 : INFO : EventManager : Event: ======'player_cool_under_pressure_cup_shot_timer_tick'====== Args={'value': 38, 'prev_value': 39, 'change': -1, 'player_num': 1}
2026-05-11 15:30:55,007 : INFO : EventManager : Event: ======'timer_cup_shot_timer_tick'====== Args={'ticks': 38, 'ticks_remaining': 38}
2026-05-11 15:30:55,007 : INFO : EventManager : Event: ======'player_cool_under_pressure_timer_tick'====== Args={'value': 38, 'prev_value': 39, 'change': -1, 'player_num': 1, 'source': 'cool_under_pressure'}
2026-05-11 15:30:55,305 : INFO : EventManager : Event: ======'player_pilot_mission_qualifier_left_orbit_shot_timeout_tick'====== Args={'value': 3, 'prev_value': 2, 'change': 1, 'player_num': 1}
2026-05-11 15:30:55,305 : INFO : Timer.left_orbit_shot_timeout : Timer Complete
2026-05-11 15:30:55,305 : INFO : Timer.left_orbit_shot_timeout : Stopping Timer
2026-05-11 15:30:55,305 : INFO : EventManager : Event: ======'timer_left_orbit_shot_timeout_stopped'====== Args={'ticks': 3, 'ticks_remaining': 1}
2026-05-11 15:30:55,305 : INFO : EventManager : Event: ======'timer_left_orbit_shot_timeout_complete'====== Args={'ticks': 3, 'ticks_remaining': 1}
2026-05-11 15:30:55,501 : INFO : EventManager : Event: ======'slide_cool_under_pressure_step_5_inactive'====== Args={'is_removing': True, '_from_bcp': True}
2026-05-11 15:30:55,501 : INFO : EventManager : Event: ======'slide_cool_under_pressure_shots_remaining_active'====== Args={'_from_bcp': True}
2026-05-11 15:30:55,509 : INFO : EventManager : Event: ======'slide_cool_under_pressure_step_5_removed'====== Args={'_from_bcp': True}
2026-05-11 15:30:55,524 : INFO : EventManager : Event: ======'player_mach_scoring_mach_timer_tick'====== Args={'value': 12, 'prev_value': 13, 'change': -1, 'player_num': 1}
2026-05-11 15:30:55,524 : INFO : EventManager : Event: ======'timer_mach_timer_tick'====== Args={'ticks': 12, 'ticks_remaining': 12}
2026-05-11 15:30:55,542 : INFO : EventManager : Event: ======'slide_timer13_removed'====== Args={'_from_bcp': True}
2026-05-11 15:30:55,549 : INFO : EventManager : Event: ======'slide_timer12_created'====== Args={'_from_bcp': True}
2026-05-11 15:30:56,013 : INFO : EventManager : Event: ======'player_cool_under_pressure_cup_shot_timer_tick'====== Args={'value': 37, 'prev_value': 38, 'change': -1, 'player_num': 1}
2026-05-11 15:30:56,013 : INFO : EventManager : Event: ======'timer_cup_shot_timer_tick'====== Args={'ticks': 37, 'ticks_remaining': 37}
2026-05-11 15:30:56,014 : INFO : EventManager : Event: ======'player_cool_under_pressure_timer_tick'====== Args={'value': 37, 'prev_value': 38, 'change': -1, 'player_num': 1, 'source': 'cool_under_pressure'}
2026-05-11 15:30:56,530 : INFO : EventManager : Event: ======'player_mach_scoring_mach_timer_tick'====== Args={'value': 11, 'prev_value': 12, 'change': -1, 'player_num': 1}
2026-05-11 15:30:56,531 : INFO : EventManager : Event: ======'timer_mach_timer_tick'====== Args={'ticks': 11, 'ticks_remaining': 11}
2026-05-11 15:30:56,543 : INFO : EventManager : Event: ======'slide_timer12_removed'====== Args={'_from_bcp': True}
2026-05-11 15:30:56,551 : INFO : EventManager : Event: ======'slide_timer11_created'====== Args={'_from_bcp': True}
2026-05-11 15:30:57,014 : INFO : EventManager : Event: ======'player_cool_under_pressure_cup_shot_timer_tick'====== Args={'value': 36, 'prev_value': 37, 'change': -1, 'player_num': 1}
2026-05-11 15:30:57,014 : INFO : EventManager : Event: ======'timer_cup_shot_timer_tick'====== Args={'ticks': 36, 'ticks_remaining': 36}
2026-05-11 15:30:57,016 : INFO : EventManager : Event: ======'player_cool_under_pressure_timer_tick'====== Args={'value': 36, 'prev_value': 37, 'change': -1, 'player_num': 1, 'source': 'cool_under_pressure'}
2026-05-11 15:30:57,530 : INFO : EventManager : Event: ======'player_mach_scoring_mach_timer_tick'====== Args={'value': 10, 'prev_value': 11, 'change': -1, 'player_num': 1}
2026-05-11 15:30:57,530 : INFO : EventManager : Event: ======'timer_mach_timer_tick'====== Args={'ticks': 10, 'ticks_remaining': 10}
2026-05-11 15:30:57,545 : INFO : EventManager : Event: ======'slide_timer11_removed'====== Args={'_from_bcp': True}
2026-05-11 15:30:57,551 : INFO : EventManager : Event: ======'slide_timer10_created'====== Args={'_from_bcp': True}
2026-05-11 15:30:58,013 : INFO : EventManager : Event: ======'player_cool_under_pressure_cup_shot_timer_tick'====== Args={'value': 35, 'prev_value': 36, 'change': -1, 'player_num': 1}
2026-05-11 15:30:58,013 : INFO : EventManager : Event: ======'timer_cup_shot_timer_tick'====== Args={'ticks': 35, 'ticks_remaining': 35}
2026-05-11 15:30:58,014 : INFO : EventManager : Event: ======'player_cool_under_pressure_timer_tick'====== Args={'value': 35, 'prev_value': 36, 'change': -1, 'player_num': 1, 'source': 'cool_under_pressure'}
2026-05-11 15:30:58,531 : INFO : EventManager : Event: ======'player_mach_scoring_mach_timer_tick'====== Args={'value': 9, 'prev_value': 10, 'change': -1, 'player_num': 1}
2026-05-11 15:30:58,531 : INFO : EventManager : Event: ======'timer_mach_timer_tick'====== Args={'ticks': 9, 'ticks_remaining': 9}
2026-05-11 15:30:58,545 : INFO : EventManager : Event: ======'slide_timer10_removed'====== Args={'_from_bcp': True}
2026-05-11 15:30:58,553 : INFO : EventManager : Event: ======'slide_timer9_created'====== Args={'_from_bcp': True}
2026-05-11 15:30:59,016 : INFO : EventManager : Event: ======'player_cool_under_pressure_cup_shot_timer_tick'====== Args={'value': 34, 'prev_value': 35, 'change': -1, 'player_num': 1}
2026-05-11 15:30:59,017 : INFO : EventManager : Event: ======'timer_cup_shot_timer_tick'====== Args={'ticks': 34, 'ticks_remaining': 34}
2026-05-11 15:30:59,017 : INFO : EventManager : Event: ======'player_cool_under_pressure_timer_tick'====== Args={'value': 34, 'prev_value': 35, 'change': -1, 'player_num': 1, 'source': 'cool_under_pressure'}
2026-05-11 15:30:59,532 : INFO : EventManager : Event: ======'player_mach_scoring_mach_timer_tick'====== Args={'value': 8, 'prev_value': 9, 'change': -1, 'player_num': 1}
2026-05-11 15:30:59,532 : INFO : EventManager : Event: ======'timer_mach_timer_tick'====== Args={'ticks': 8, 'ticks_remaining': 8}
2026-05-11 15:30:59,546 : INFO : EventManager : Event: ======'slide_timer9_removed'====== Args={'_from_bcp': True}
2026-05-11 15:30:59,553 : INFO : EventManager : Event: ======'slide_timer8_created'====== Args={'_from_bcp': True}
2026-05-11 15:31:00,018 : INFO : EventManager : Event: ======'player_cool_under_pressure_cup_shot_timer_tick'====== Args={'value': 33, 'prev_value': 34, 'change': -1, 'player_num': 1}
2026-05-11 15:31:00,018 : INFO : EventManager : Event: ======'timer_cup_shot_timer_tick'====== Args={'ticks': 33, 'ticks_remaining': 33}
2026-05-11 15:31:00,019 : INFO : EventManager : Event: ======'player_cool_under_pressure_timer_tick'====== Args={'value': 33, 'prev_value': 34, 'change': -1, 'player_num': 1, 'source': 'cool_under_pressure'}
2026-05-11 15:31:00,536 : INFO : EventManager : Event: ======'player_mach_scoring_mach_timer_tick'====== Args={'value': 7, 'prev_value': 8, 'change': -1, 'player_num': 1}
2026-05-11 15:31:00,536 : INFO : EventManager : Event: ======'timer_mach_timer_tick'====== Args={'ticks': 7, 'ticks_remaining': 7}
2026-05-11 15:31:00,547 : INFO : EventManager : Event: ======'slide_timer8_removed'====== Args={'_from_bcp': True}
2026-05-11 15:31:00,554 : INFO : EventManager : Event: ======'slide_timer7_created'====== Args={'_from_bcp': True}
2026-05-11 15:31:01,018 : INFO : EventManager : Event: ======'player_cool_under_pressure_cup_shot_timer_tick'====== Args={'value': 32, 'prev_value': 33, 'change': -1, 'player_num': 1}
2026-05-11 15:31:01,018 : INFO : EventManager : Event: ======'timer_cup_shot_timer_tick'====== Args={'ticks': 32, 'ticks_remaining': 32}
2026-05-11 15:31:01,020 : INFO : EventManager : Event: ======'player_cool_under_pressure_timer_tick'====== Args={'value': 32, 'prev_value': 33, 'change': -1, 'player_num': 1, 'source': 'cool_under_pressure'}
2026-05-11 15:31:01,535 : INFO : EventManager : Event: ======'player_mach_scoring_mach_timer_tick'====== Args={'value': 6, 'prev_value': 7, 'change': -1, 'player_num': 1}
2026-05-11 15:31:01,535 : INFO : EventManager : Event: ======'timer_mach_timer_tick'====== Args={'ticks': 6, 'ticks_remaining': 6}
2026-05-11 15:31:01,548 : INFO : EventManager : Event: ======'slide_timer7_removed'====== Args={'_from_bcp': True}
2026-05-11 15:31:01,556 : INFO : EventManager : Event: ======'slide_timer6_created'====== Args={'_from_bcp': True}
2026-05-11 15:31:01,739 : INFO : SwitchController : <<<<<<< 's_orbit_lower' active >>>>>>>
2026-05-11 15:31:01,739 : INFO : EventManager : Event: ======'s_orbit_lower_active'====== Args={}
2026-05-11 15:31:01,739 : INFO : EventManager : Event: ======'sw_playfield_active'====== Args={}
2026-05-11 15:31:01,739 : INFO : EventManager : Event: ======'sw_playfield_active'====== Args={}
2026-05-11 15:31:01,739 : INFO : EventManager : Event: ======'machine_var_audits_switches_s_orbit_lower'====== Args={'value': 522, 'prev_value': 521, 'change': 1}
2026-05-11 15:31:01,741 : INFO : EventManager : Event: ======'cup_right_shot_hit'====== Args={'priority': 0}
2026-05-11 15:31:01,741 : INFO : EventManager : Event: ======'cup_step_6_complete'====== Args={'priority': 0}
2026-05-11 15:31:01,741 : INFO : EventManager : Event: ======'mach_ramp_hit'====== Args={'priority': 0}
2026-05-11 15:31:01,741 : INFO : EventManager : Event: ======'player_previous_switch_type'====== Args={'value': 0, 'prev_value': 1, 'change': -1, 'player_num': 1, 'source': 'pilot_mission_qualifier'}
2026-05-11 15:31:01,741 : INFO : EventManager : Event: ======'player_score'====== Args={'value': 6030500, 'prev_value': 6018000, 'change': 12500, 'player_num': 1, 'source': 'base'}
2026-05-11 15:31:01,742 : INFO : EventManager : Event: ======'player_bonus_switches_count'====== Args={'value': 23, 'prev_value': 22, 'change': 1, 'player_num': 1, 'source': 'base'}
2026-05-11 15:31:01,742 : INFO : EventManager : Event: ======'shaker_soft'====== Args={'priority': 0}
2026-05-11 15:31:01,742 : INFO : EventManager : Event: ======'cup_step_6_score'====== Args={'priority': 0}
2026-05-11 15:31:01,742 : INFO : EventManager : Event: ======'cup_show_step_6_points'====== Args={'priority': 0}
2026-05-11 15:31:01,742 : INFO : EventManager : Event: ======'cup_stop_step_lights'====== Args={'priority': 0}
2026-05-11 15:31:01,742 : INFO : EventManager : Event: ======'cup_play_step_6_video'====== Args={'priority': 0}
2026-05-11 15:31:01,742 : INFO : EventManager : Event: ======'player_cup_shots_remaining'====== Args={'value': 2, 'prev_value': 3, 'change': -1, 'player_num': 1, 'source': 'cool_under_pressure'}
2026-05-11 15:31:01,742 : INFO : Timer.cup_shot_timer : Stopping Timer
2026-05-11 15:31:01,742 : INFO : EventManager : Event: ======'timer_cup_shot_timer_stopped'====== Args={'ticks': 32, 'ticks_remaining': 32}
2026-05-11 15:31:01,742 : INFO : EventManager : Event: ======'player_cool_under_pressure_cup_step_complete_lockout_tick'====== Args={'value': 0, 'prev_value': 1, 'change': -1, 'player_num': 1}
2026-05-11 15:31:01,742 : INFO : Timer.cup_step_complete_lockout : Starting Timer.
2026-05-11 15:31:01,743 : INFO : EventManager : Event: ======'timer_cup_step_complete_lockout_started'====== Args={'ticks': 0, 'ticks_remaining': 1}
2026-05-11 15:31:01,743 : INFO : EventManager : Event: ======'timer_cup_step_complete_lockout_tick'====== Args={'ticks': 0, 'ticks_remaining': 1}
2026-05-11 15:31:01,743 : INFO : EventManager : Event: ======'player_score'====== Args={'value': 7905500, 'prev_value': 6030500, 'change': 1875000, 'player_num': 1, 'source': 'cool_under_pressure'}
2026-05-11 15:31:01,743 : INFO : EventManager : Event: ======'player_mode_points_scored'====== Args={'value': 1875000, 'prev_value': 1687500, 'change': 187500, 'player_num': 1, 'source': 'cool_under_pressure'}
2026-05-11 15:31:01,743 : INFO : EventManager : Event: ======'mach_level_up'====== Args={'priority': 0}
2026-05-11 15:31:01,744 : INFO : EventManager : Event: ======'remove_timer_slides'====== Args={'priority': 0}
2026-05-11 15:31:01,744 : INFO : EventManager : Event: ======'player_mach_step'====== Args={'value': 3, 'prev_value': 2, 'change': 1, 'player_num': 1, 'source': 'mach_scoring'}
2026-05-11 15:31:01,744 : INFO : EventManager : Event: ======'player_mach_level'====== Args={'value': 1.5, 'prev_value': 1.25, 'change': 0.25, 'player_num': 1, 'source': 'mach_scoring'}
2026-05-11 15:31:01,744 : INFO : EventManager : Event: ======'player_score'====== Args={'value': 7936750, 'prev_value': 7905500, 'change': 31250, 'player_num': 1, 'source': 'mach_scoring'}
2026-05-11 15:31:01,744 : INFO : EventManager : Event: ======'player_mach_scoring_mach_timer_tick'====== Args={'value': 20, 'prev_value': 6, 'change': 14, 'player_num': 1}
2026-05-11 15:31:01,744 : INFO : EventManager : Event: ======'timer_mach_timer_tick'====== Args={'ticks': 20, 'ticks_remaining': 20}
2026-05-11 15:31:01,745 : INFO : EventManager : Event: ======'show_mach_1_5_video'====== Args={'priority': 0}
2026-05-11 15:31:01,745 : INFO : EventManager : Event: ======'player_total_scoring_multiplier'====== Args={'value': 1.5, 'prev_value': 1.25, 'change': 0.25, 'player_num': 1, 'source': 'base'}
2026-05-11 15:31:01,767 : INFO : EventManager : Event: ======'slide_mode_points_scored_created'====== Args={'_from_bcp': True}
2026-05-11 15:31:01,767 : INFO : SwitchController : <<<<<<< 's_orbit_lower' inactive >>>>>>>
2026-05-11 15:31:01,768 : INFO : EventManager : Event: ======'slide_cool_under_pressure_shots_remaining_inactive'====== Args={'is_removing': False, '_from_bcp': True}
2026-05-11 15:31:01,768 : INFO : EventManager : Event: ======'slide_mode_points_scored_active'====== Args={'original_context': 'cool_under_pressure', 'original_calling_context': 'cup_show_step_6_points', 'priority': 600.0, 'cmd': 'slides_play', '_from_bcp': True}
2026-05-11 15:31:01,785 : INFO : SwitchController : <<<<<<< 's_orbit_lower' active >>>>>>>
2026-05-11 15:31:01,785 : INFO : EventManager : Event: ======'s_orbit_lower_active'====== Args={}
2026-05-11 15:31:01,786 : INFO : EventManager : Event: ======'sw_playfield_active'====== Args={}
2026-05-11 15:31:01,786 : INFO : EventManager : Event: ======'sw_playfield_active'====== Args={}
2026-05-11 15:31:01,786 : INFO : EventManager : Event: ======'machine_var_audits_switches_s_orbit_lower'====== Args={'value': 523, 'prev_value': 522, 'change': 1}
2026-05-11 15:31:01,786 : INFO : SwitchController : <<<<<<< 's_orbit_lower' inactive >>>>>>>
2026-05-11 15:31:01,788 : INFO : EventManager : Event: ======'mach_ramp_hit'====== Args={'priority': 0}
2026-05-11 15:31:01,788 : INFO : EventManager : Event: ======'player_score'====== Args={'value': 7951750, 'prev_value': 7936750, 'change': 15000, 'player_num': 1, 'source': 'base'}
2026-05-11 15:31:01,788 : INFO : EventManager : Event: ======'player_bonus_switches_count'====== Args={'value': 24, 'prev_value': 23, 'change': 1, 'player_num': 1, 'source': 'base'}
2026-05-11 15:31:01,789 : INFO : EventManager : Event: ======'mach_level_up'====== Args={'priority': 0}
2026-05-11 15:31:01,789 : INFO : EventManager : Event: ======'remove_timer_slides'====== Args={'priority': 0}
2026-05-11 15:31:01,789 : INFO : EventManager : Event: ======'player_mach_step'====== Args={'value': 4, 'prev_value': 3, 'change': 1, 'player_num': 1, 'source': 'mach_scoring'}
2026-05-11 15:31:01,789 : INFO : EventManager : Event: ======'player_mach_level'====== Args={'value': 1.75, 'prev_value': 1.5, 'change': 0.25, 'player_num': 1, 'source': 'mach_scoring'}
2026-05-11 15:31:01,789 : INFO : EventManager : Event: ======'player_score'====== Args={'value': 7989250, 'prev_value': 7951750, 'change': 37500, 'player_num': 1, 'source': 'mach_scoring'}
2026-05-11 15:31:01,789 : INFO : EventManager : Event: ======'timer_mach_timer_tick'====== Args={'ticks': 20, 'ticks_remaining': 20}
2026-05-11 15:31:01,790 : INFO : EventManager : Event: ======'show_mach_1_75_video'====== Args={'priority': 0}
2026-05-11 15:31:01,790 : INFO : EventManager : Event: ======'player_total_scoring_multiplier'====== Args={'value': 1.75, 'prev_value': 1.5, 'change': 0.25, 'player_num': 1, 'source': 'base'}
2026-05-11 15:31:01,792 : INFO : EventManager : Event: ======'slide_cool_under_pressure_step_6_created'====== Args={'_from_bcp': True}
2026-05-11 15:31:01,792 : INFO : EventManager : Event: ======'slide_timer6_removed'====== Args={'_from_bcp': True}
2026-05-11 15:31:01,793 : INFO : EventManager : Event: ======'slide_mach_1_25_removed'====== Args={'_from_bcp': True}
2026-05-11 15:31:01,795 : INFO : EventManager : Event: ======'slide_mach_1_5_created'====== Args={'_from_bcp': True}
2026-05-11 15:31:01,815 : INFO : EventManager : Event: ======'slide_mach_1_5_video_created'====== Args={'_from_bcp': True}
2026-05-11 15:31:01,816 : INFO : EventManager : Event: ======'slide_timer20_created'====== Args={'_from_bcp': True}
2026-05-11 15:31:01,816 : INFO : EventManager : Event: ======'slide_timer20_removed'====== Args={'_from_bcp': True}
2026-05-11 15:31:01,816 : INFO : EventManager : Event: ======'slide_mach_1_5_removed'====== Args={'_from_bcp': True}
2026-05-11 15:31:01,816 : INFO : EventManager : Event: ======'slide_mach_1_5_video_removed'====== Args={'_from_bcp': True}
2026-05-11 15:31:01,867 : INFO : EventManager : Event: ======'slide_mach_1_75_created'====== Args={'_from_bcp': True}
2026-05-11 15:31:01,905 : INFO : EventManager : Event: ======'slide_mach_1_75_video_created'====== Args={'_from_bcp': True}
2026-05-11 15:31:01,906 : INFO : EventManager : Event: ======'slide_timer20_created'====== Args={'_from_bcp': True}
2026-05-11 15:31:02,237 : INFO : EventManager : Event: ======'player_cool_under_pressure_cup_step_complete_lockout_tick'====== Args={'value': 1, 'prev_value': 0, 'change': 1, 'player_num': 1}
2026-05-11 15:31:02,238 : INFO : Timer.cup_step_complete_lockout : Timer Complete
2026-05-11 15:31:02,238 : INFO : Timer.cup_step_complete_lockout : Stopping Timer
2026-05-11 15:31:02,238 : INFO : EventManager : Event: ======'timer_cup_step_complete_lockout_stopped'====== Args={'ticks': 1, 'ticks_remaining': 1}
2026-05-11 15:31:02,238 : INFO : EventManager : Event: ======'timer_cup_step_complete_lockout_complete'====== Args={'ticks': 1, 'ticks_remaining': 1}
2026-05-11 15:31:02,438 : INFO : EventManager : Event: ======'cup_setup_step_7'====== Args={'priority': 0}
2026-05-11 15:31:02,438 : INFO : EventManager : Event: ======'cup_start_shot_timer_30'====== Args={'priority': 0}
2026-05-11 15:31:02,438 : INFO : EventManager : Event: ======'top_ramp_down'====== Args={'priority': 0}
2026-05-11 15:31:02,439 : INFO : EventManager : Event: ======'player_cup_step'====== Args={'value': 7, 'prev_value': 6, 'change': 1, 'player_num': 1, 'source': 'cool_under_pressure'}
2026-05-11 15:31:02,439 : INFO : EventManager : Event: ======'player_cool_under_pressure_timer_tick'====== Args={'value': 30, 'prev_value': 32, 'change': -2, 'player_num': 1, 'source': 'cool_under_pressure'}
2026-05-11 15:31:02,439 : INFO : EventManager : Event: ======'player_cool_under_pressure_cup_shot_timer_tick'====== Args={'value': 30, 'prev_value': 32, 'change': -2, 'player_num': 1}
2026-05-11 15:31:02,440 : INFO : Timer.cup_shot_timer : Starting Timer.
2026-05-11 15:31:02,440 : INFO : EventManager : Event: ======'timer_cup_shot_timer_started'====== Args={'ticks': 30, 'ticks_remaining': 30}
2026-05-11 15:31:02,440 : INFO : EventManager : Event: ======'timer_cup_shot_timer_tick'====== Args={'ticks': 30, 'ticks_remaining': 30}
2026-05-11 15:31:02,656 : INFO : SwitchController : <<<<<<< 's_lane_right' active >>>>>>>
2026-05-11 15:31:02,656 : INFO : EventManager : Event: ======'s_lane_right_active'====== Args={}
2026-05-11 15:31:02,656 : INFO : EventManager : Event: ======'sw_playfield_active'====== Args={}
2026-05-11 15:31:02,656 : INFO : EventManager : Event: ======'machine_var_audits_switches_s_lane_right'====== Args={'value': 4627, 'prev_value': 4626, 'change': 1}
2026-05-11 15:31:02,658 : INFO : EventManager : Event: ======'player_score'====== Args={'value': 7998000, 'prev_value': 7989250, 'change': 8750, 'player_num': 1, 'source': 'base'}
2026-05-11 15:31:02,658 : INFO : EventManager : Event: ======'player_bonus_switches_count'====== Args={'value': 25, 'prev_value': 24, 'change': 1, 'player_num': 1, 'source': 'base'}
2026-05-11 15:31:02,703 : INFO : SwitchController : <<<<<<< 's_lane_right' inactive >>>>>>>
2026-05-11 15:31:02,782 : INFO : EventManager : Event: ======'player_mach_scoring_mach_timer_tick'====== Args={'value': 19, 'prev_value': 20, 'change': -1, 'player_num': 1}
2026-05-11 15:31:02,782 : INFO : EventManager : Event: ======'timer_mach_timer_tick'====== Args={'ticks': 19, 'ticks_remaining': 19}
2026-05-11 15:31:02,792 : INFO : EventManager : Event: ======'slide_timer20_removed'====== Args={'_from_bcp': True}
2026-05-11 15:31:02,793 : INFO : EventManager : Event: ======'slide_timer19_created'====== Args={'_from_bcp': True}
2026-05-11 15:31:03,438 : INFO : EventManager : Event: ======'player_cool_under_pressure_cup_shot_timer_tick'====== Args={'value': 29, 'prev_value': 30, 'change': -1, 'player_num': 1}
2026-05-11 15:31:03,439 : INFO : EventManager : Event: ======'timer_cup_shot_timer_tick'====== Args={'ticks': 29, 'ticks_remaining': 29}
2026-05-11 15:31:03,439 : INFO : EventManager : Event: ======'player_cool_under_pressure_timer_tick'====== Args={'value': 29, 'prev_value': 30, 'change': -1, 'player_num': 1, 'source': 'cool_under_pressure'}
2026-05-11 15:31:03,752 : INFO : EventManager : Event: ======'slide_mode_points_scored_inactive'====== Args={'is_removing': True, '_from_bcp': True}
2026-05-11 15:31:03,752 : INFO : EventManager : Event: ======'slide_cool_under_pressure_step_6_active'====== Args={'_from_bcp': True}
2026-05-11 15:31:03,752 : INFO : EventManager : Event: ======'slide_mode_points_scored_removed'====== Args={'_from_bcp': True}
2026-05-11 15:31:03,784 : INFO : EventManager : Event: ======'player_mach_scoring_mach_timer_tick'====== Args={'value': 18, 'prev_value': 19, 'change': -1, 'player_num': 1}
2026-05-11 15:31:03,784 : INFO : EventManager : Event: ======'timer_mach_timer_tick'====== Args={'ticks': 18, 'ticks_remaining': 18}
2026-05-11 15:31:03,801 : INFO : EventManager : Event: ======'slide_timer19_removed'====== Args={'_from_bcp': True}
2026-05-11 15:31:03,801 : INFO : EventManager : Event: ======'slide_timer18_created'====== Args={'_from_bcp': True}
2026-05-11 15:31:03,809 : INFO : EventManager : Event: ======'slide_mach_1_75_video_removed'====== Args={'_from_bcp': True}
2026-05-11 15:31:04,439 : INFO : EventManager : Event: ======'player_cool_under_pressure_cup_shot_timer_tick'====== Args={'value': 28, 'prev_value': 29, 'change': -1, 'player_num': 1}
2026-05-11 15:31:04,440 : INFO : EventManager : Event: ======'timer_cup_shot_timer_tick'====== Args={'ticks': 28, 'ticks_remaining': 28}
2026-05-11 15:31:04,440 : INFO : EventManager : Event: ======'player_cool_under_pressure_timer_tick'====== Args={'value': 28, 'prev_value': 29, 'change': -1, 'player_num': 1, 'source': 'cool_under_pressure'}
2026-05-11 15:31:04,782 : INFO : EventManager : Event: ======'player_mach_scoring_mach_timer_tick'====== Args={'value': 17, 'prev_value': 18, 'change': -1, 'player_num': 1}
2026-05-11 15:31:04,782 : INFO : EventManager : Event: ======'timer_mach_timer_tick'====== Args={'ticks': 17, 'ticks_remaining': 17}
2026-05-11 15:31:04,792 : INFO : EventManager : Event: ======'slide_timer18_removed'====== Args={'_from_bcp': True}
2026-05-11 15:31:04,793 : INFO : EventManager : Event: ======'slide_timer17_created'====== Args={'_from_bcp': True}
2026-05-11 15:31:04,938 : INFO : SwitchController : <<<<<<< 's_orbit_left' active >>>>>>>
2026-05-11 15:31:04,938 : INFO : EventManager : Event: ======'s_orbit_left_active'====== Args={}
2026-05-11 15:31:04,938 : INFO : EventManager : Event: ======'sw_playfield_active'====== Args={}
2026-05-11 15:31:04,938 : INFO : EventManager : Event: ======'machine_var_audits_switches_s_orbit_left'====== Args={'value': 8487, 'prev_value': 8486, 'change': 1}
2026-05-11 15:31:04,940 : INFO : EventManager : Event: ======'player_previous_switch_type'====== Args={'value': 1, 'prev_value': 0, 'change': 1, 'player_num': 1, 'source': 'pilot_mission_qualifier'}
2026-05-11 15:31:04,940 : INFO : EventManager : Event: ======'player_hd_sw_orbit_left'====== Args={'value': 2, 'prev_value': 1, 'change': 1, 'player_num': 1, 'source': 'hard_deck_qualifiers'}
2026-05-11 15:31:04,941 : INFO : EventManager : Event: ======'player_score'====== Args={'value': 8012000, 'prev_value': 7998000, 'change': 14000, 'player_num': 1, 'source': 'base'}
2026-05-11 15:31:04,941 : INFO : EventManager : Event: ======'player_bonus_switches_count'====== Args={'value': 26, 'prev_value': 25, 'change': 1, 'player_num': 1, 'source': 'base'}
2026-05-11 15:31:04,941 : INFO : EventManager : Event: ======'player_pilot_mission_qualifier_left_orbit_shot_timeout_tick'====== Args={'value': 0, 'prev_value': 3, 'change': -3, 'player_num': 1}
2026-05-11 15:31:04,941 : INFO : Timer.left_orbit_shot_timeout : Starting Timer.
2026-05-11 15:31:04,941 : INFO : EventManager : Event: ======'timer_left_orbit_shot_timeout_started'====== Args={'ticks': 0, 'ticks_remaining': 3}
2026-05-11 15:31:04,941 : INFO : EventManager : Event: ======'timer_left_orbit_shot_timeout_tick'====== Args={'ticks': 0, 'ticks_remaining': 3}
2026-05-11 15:31:04,941 : INFO : EventManager : Event: ======'player_hd_switches_completed'====== Args={'value': 4, 'prev_value': 3, 'change': 1, 'player_num': 1, 'source': 'hard_deck_qualifiers'}
2026-05-11 15:31:04,969 : INFO : SwitchController : <<<<<<< 's_orbit_left' inactive >>>>>>>
2026-05-11 15:31:05,330 : INFO : SwitchController : <<<<<<< 's_orbit_right' active >>>>>>>
2026-05-11 15:31:05,330 : INFO : EventManager : Event: ======'s_orbit_right_active'====== Args={}
2026-05-11 15:31:05,330 : INFO : EventManager : Event: ======'sw_playfield_active'====== Args={}
2026-05-11 15:31:05,330 : INFO : EventManager : Event: ======'machine_var_audits_switches_s_orbit_right'====== Args={'value': 6975, 'prev_value': 6974, 'change': 1}
2026-05-11 15:31:05,331 : INFO : EventManager : Event: ======'left_orbit_shot_hit'====== Args={'priority': 0}
2026-05-11 15:31:05,331 : INFO : EventManager : Event: ======'timer_left_orbit_shot_timeout_stop'====== Args={'priority': 0}
2026-05-11 15:31:05,331 : INFO : EventManager : Event: ======'player_previous_switch_type'====== Args={'value': 0, 'prev_value': 1, 'change': -1, 'player_num': 1, 'source': 'pilot_mission_qualifier'}
2026-05-11 15:31:05,331 : INFO : EventManager : Event: ======'restart_right_orbit_lockout_timer'====== Args={'priority': 0}
2026-05-11 15:31:05,331 : INFO : EventManager : Event: ======'player_right_post_locked_out'====== Args={'value': 1, 'prev_value': 0, 'change': 1, 'player_num': 1, 'source': 'iceman_letters'}
2026-05-11 15:31:05,332 : INFO : EventManager : Event: ======'player_score'====== Args={'value': 8026000, 'prev_value': 8012000, 'change': 14000, 'player_num': 1, 'source': 'base'}
2026-05-11 15:31:05,332 : INFO : EventManager : Event: ======'player_bonus_switches_count'====== Args={'value': 27, 'prev_value': 26, 'change': 1, 'player_num': 1, 'source': 'base'}
2026-05-11 15:31:05,332 : INFO : EventManager : Event: ======'player_pilot_mission_qualifier_right_orbit_shot_timeout_tick'====== Args={'value': 0, 'prev_value': 3, 'change': -3, 'player_num': 1}
2026-05-11 15:31:05,332 : INFO : Timer.right_orbit_shot_timeout : Starting Timer.
2026-05-11 15:31:05,332 : INFO : EventManager : Event: ======'timer_right_orbit_shot_timeout_started'====== Args={'ticks': 0, 'ticks_remaining': 3}
2026-05-11 15:31:05,332 : INFO : EventManager : Event: ======'timer_right_orbit_shot_timeout_tick'====== Args={'ticks': 0, 'ticks_remaining': 3}
2026-05-11 15:31:05,332 : INFO : EventManager : Event: ======'cup_left_shot_hit'====== Args={'priority': 0}
2026-05-11 15:31:05,333 : INFO : EventManager : Event: ======'cup_step_7_complete'====== Args={'priority': 0}
2026-05-11 15:31:05,333 : INFO : EventManager : Event: ======'player_orbit_shot_lockout'====== Args={'value': 1, 'prev_value': 0, 'change': 1, 'player_num': 1, 'source': 'pilot_mission_qualifier'}
2026-05-11 15:31:05,334 : INFO : EventManager : Event: ======'player_pilot_mission_qualifier_orbit_shot_lockout_timer_tick'====== Args={'value': 0, 'prev_value': 1, 'change': -1, 'player_num': 1}
2026-05-11 15:31:05,334 : INFO : Timer.orbit_shot_lockout_timer : Starting Timer.
2026-05-11 15:31:05,334 : INFO : EventManager : Event: ======'timer_orbit_shot_lockout_timer_started'====== Args={'ticks': 0, 'ticks_remaining': 1}
2026-05-11 15:31:05,334 : INFO : EventManager : Event: ======'timer_orbit_shot_lockout_timer_tick'====== Args={'ticks': 0, 'ticks_remaining': 1}
2026-05-11 15:31:05,335 : INFO : EventManager : Event: ======'shaker_soft'====== Args={'priority': 0}
2026-05-11 15:31:05,335 : INFO : EventManager : Event: ======'cup_step_7_score'====== Args={'priority': 0}
2026-05-11 15:31:05,335 : INFO : EventManager : Event: ======'cup_show_step_7_points'====== Args={'priority': 0}
2026-05-11 15:31:05,335 : INFO : EventManager : Event: ======'cup_stop_step_lights'====== Args={'priority': 0}
2026-05-11 15:31:05,335 : INFO : EventManager : Event: ======'cup_play_step_7_video'====== Args={'priority': 0}
2026-05-11 15:31:05,335 : INFO : EventManager : Event: ======'player_cup_shots_remaining'====== Args={'value': 1, 'prev_value': 2, 'change': -1, 'player_num': 1, 'source': 'cool_under_pressure'}
2026-05-11 15:31:05,335 : INFO : Timer.cup_shot_timer : Stopping Timer
2026-05-11 15:31:05,335 : INFO : EventManager : Event: ======'timer_cup_shot_timer_stopped'====== Args={'ticks': 28, 'ticks_remaining': 28}
2026-05-11 15:31:05,335 : INFO : EventManager : Event: ======'player_cool_under_pressure_cup_step_complete_lockout_tick'====== Args={'value': 0, 'prev_value': 1, 'change': -1, 'player_num': 1}
2026-05-11 15:31:05,336 : INFO : Timer.cup_step_complete_lockout : Starting Timer.
2026-05-11 15:31:05,336 : INFO : EventManager : Event: ======'timer_cup_step_complete_lockout_started'====== Args={'ticks': 0, 'ticks_remaining': 1}
2026-05-11 15:31:05,336 : INFO : EventManager : Event: ======'timer_cup_step_complete_lockout_tick'====== Args={'ticks': 0, 'ticks_remaining': 1}
2026-05-11 15:31:05,336 : INFO : EventManager : Event: ======'player_score'====== Args={'value': 11176000, 'prev_value': 8026000, 'change': 3150000, 'player_num': 1, 'source': 'cool_under_pressure'}
2026-05-11 15:31:05,336 : INFO : EventManager : Event: ======'player_mode_points_scored'====== Args={'value': 3150000, 'prev_value': 1875000, 'change': 1275000, 'player_num': 1, 'source': 'cool_under_pressure'}
2026-05-11 15:31:05,337 : INFO : EventManager : Event: ======'player_iceman_letters_right_orbit_lockout_timer_tick'====== Args={'value': 0, 'prev_value': 3, 'change': -3, 'player_num': 1}
2026-05-11 15:31:05,337 : INFO : Timer.right_orbit_lockout_timer : Starting Timer.
2026-05-11 15:31:05,337 : INFO : EventManager : Event: ======'timer_right_orbit_lockout_timer_started'====== Args={'ticks': 0, 'ticks_remaining': 3}
2026-05-11 15:31:05,337 : INFO : EventManager : Event: ======'timer_right_orbit_lockout_timer_tick'====== Args={'ticks': 0, 'ticks_remaining': 3}
2026-05-11 15:31:05,349 : INFO : EventManager : Event: ======'slide_mode_points_scored_created'====== Args={'_from_bcp': True}
2026-05-11 15:31:05,349 : INFO : EventManager : Event: ======'slide_cool_under_pressure_step_6_inactive'====== Args={'is_removing': False, '_from_bcp': True}
2026-05-11 15:31:05,350 : INFO : EventManager : Event: ======'slide_mode_points_scored_active'====== Args={'original_context': 'cool_under_pressure', 'original_calling_context': 'cup_show_step_7_points', 'priority': 600.0, 'cmd': 'slides_play', '_from_bcp': True}
2026-05-11 15:31:05,350 : INFO : EventManager : Event: ======'slide_cool_under_pressure_step_6_removed'====== Args={'_from_bcp': True}
2026-05-11 15:31:05,377 : INFO : SwitchController : <<<<<<< 's_orbit_right' inactive >>>>>>>
2026-05-11 15:31:05,379 : INFO : EventManager : Event: ======'slide_cool_under_pressure_step_7_created'====== Args={'_from_bcp': True}
2026-05-11 15:31:05,786 : INFO : EventManager : Event: ======'player_mach_scoring_mach_timer_tick'====== Args={'value': 16, 'prev_value': 17, 'change': -1, 'player_num': 1}
2026-05-11 15:31:05,787 : INFO : EventManager : Event: ======'timer_mach_timer_tick'====== Args={'ticks': 16, 'ticks_remaining': 16}
2026-05-11 15:31:05,793 : INFO : EventManager : Event: ======'slide_timer17_removed'====== Args={'_from_bcp': True}
2026-05-11 15:31:05,794 : INFO : EventManager : Event: ======'slide_timer16_created'====== Args={'_from_bcp': True}
2026-05-11 15:31:05,847 : INFO : EventManager : Event: ======'player_pilot_mission_qualifier_orbit_shot_lockout_timer_tick'====== Args={'value': 1, 'prev_value': 0, 'change': 1, 'player_num': 1}
2026-05-11 15:31:05,848 : INFO : Timer.orbit_shot_lockout_timer : Timer Complete
2026-05-11 15:31:05,848 : INFO : Timer.orbit_shot_lockout_timer : Stopping Timer
2026-05-11 15:31:05,848 : INFO : EventManager : Event: ======'timer_orbit_shot_lockout_timer_stopped'====== Args={'ticks': 1, 'ticks_remaining': 1}
2026-05-11 15:31:05,848 : INFO : EventManager : Event: ======'timer_orbit_shot_lockout_timer_complete'====== Args={'ticks': 1, 'ticks_remaining': 1}
2026-05-11 15:31:05,848 : INFO : EventManager : Event: ======'player_cool_under_pressure_cup_step_complete_lockout_tick'====== Args={'value': 1, 'prev_value': 0, 'change': 1, 'player_num': 1}
2026-05-11 15:31:05,848 : INFO : Timer.cup_step_complete_lockout : Timer Complete
2026-05-11 15:31:05,848 : INFO : Timer.cup_step_complete_lockout : Stopping Timer
2026-05-11 15:31:05,848 : INFO : EventManager : Event: ======'timer_cup_step_complete_lockout_stopped'====== Args={'ticks': 1, 'ticks_remaining': 1}
2026-05-11 15:31:05,848 : INFO : EventManager : Event: ======'timer_cup_step_complete_lockout_complete'====== Args={'ticks': 1, 'ticks_remaining': 1}
2026-05-11 15:31:05,849 : INFO : EventManager : Event: ======'player_orbit_shot_lockout'====== Args={'value': 0, 'prev_value': 1, 'change': -1, 'player_num': 1, 'source': 'pilot_mission_qualifier'}
2026-05-11 15:31:05,925 : INFO : SwitchController : <<<<<<< 's_lane_right' active >>>>>>>
2026-05-11 15:31:05,925 : INFO : EventManager : Event: ======'s_lane_right_active'====== Args={}
2026-05-11 15:31:05,925 : INFO : EventManager : Event: ======'sw_playfield_active'====== Args={}
2026-05-11 15:31:05,925 : INFO : EventManager : Event: ======'machine_var_audits_switches_s_lane_right'====== Args={'value': 4628, 'prev_value': 4627, 'change': 1}
2026-05-11 15:31:05,926 : INFO : EventManager : Event: ======'player_score'====== Args={'value': 11184750, 'prev_value': 11176000, 'change': 8750, 'player_num': 1, 'source': 'base'}
2026-05-11 15:31:05,927 : INFO : EventManager : Event: ======'player_bonus_switches_count'====== Args={'value': 28, 'prev_value': 27, 'change': 1, 'player_num': 1, 'source': 'base'}
2026-05-11 15:31:05,927 : INFO : EventManager : Event: ======'player_pilot_mission_qualifier_left_orbit_shot_timeout_tick'====== Args={'value': 1, 'prev_value': 0, 'change': 1, 'player_num': 1}
2026-05-11 15:31:05,928 : INFO : EventManager : Event: ======'timer_left_orbit_shot_timeout_tick'====== Args={'ticks': 1, 'ticks_remaining': 2}
2026-05-11 15:31:05,958 : INFO : SwitchController : <<<<<<< 's_lane_right' inactive >>>>>>>
2026-05-11 15:31:06,034 : INFO : EventManager : Event: ======'cup_setup_step_8'====== Args={'priority': 0}
2026-05-11 15:31:06,034 : INFO : EventManager : Event: ======'cup_start_shot_timer_25'====== Args={'priority': 0}
2026-05-11 15:31:06,034 : INFO : EventManager : Event: ======'barrier_drop'====== Args={'priority': 0}
2026-05-11 15:31:06,035 : INFO : EventManager : Event: ======'player_cup_step'====== Args={'value': 8, 'prev_value': 7, 'change': 1, 'player_num': 1, 'source': 'cool_under_pressure'}
2026-05-11 15:31:06,035 : INFO : EventManager : Event: ======'player_cool_under_pressure_timer_tick'====== Args={'value': 25, 'prev_value': 28, 'change': -3, 'player_num': 1, 'source': 'cool_under_pressure'}
2026-05-11 15:31:06,036 : INFO : EventManager : Event: ======'player_cool_under_pressure_cup_shot_timer_tick'====== Args={'value': 25, 'prev_value': 28, 'change': -3, 'player_num': 1}
2026-05-11 15:31:06,036 : INFO : Timer.cup_shot_timer : Starting Timer.
2026-05-11 15:31:06,036 : INFO : EventManager : Event: ======'timer_cup_shot_timer_started'====== Args={'ticks': 25, 'ticks_remaining': 25}
2026-05-11 15:31:06,036 : INFO : EventManager : Event: ======'timer_cup_shot_timer_tick'====== Args={'ticks': 25, 'ticks_remaining': 25}
2026-05-11 15:31:06,036 : INFO : coil.c_mode_barrier : Enabling Driver with power 0.25 (pulse_ms 45ms and pulse_power 0.75)
2026-05-11 15:31:06,315 : INFO : EventManager : Event: ======'player_pilot_mission_qualifier_right_orbit_shot_timeout_tick'====== Args={'value': 1, 'prev_value': 0, 'change': 1, 'player_num': 1}
2026-05-11 15:31:06,315 : INFO : EventManager : Event: ======'timer_right_orbit_shot_timeout_tick'====== Args={'ticks': 1, 'ticks_remaining': 2}
2026-05-11 15:31:06,347 : INFO : EventManager : Event: ======'player_iceman_letters_right_orbit_lockout_timer_tick'====== Args={'value': 1, 'prev_value': 0, 'change': 1, 'player_num': 1}
2026-05-11 15:31:06,348 : INFO : EventManager : Event: ======'timer_right_orbit_lockout_timer_tick'====== Args={'ticks': 1, 'ticks_remaining': 2}
2026-05-11 15:31:06,783 : INFO : EventManager : Event: ======'player_mach_scoring_mach_timer_tick'====== Args={'value': 15, 'prev_value': 16, 'change': -1, 'player_num': 1}
2026-05-11 15:31:06,783 : INFO : EventManager : Event: ======'timer_mach_timer_tick'====== Args={'ticks': 15, 'ticks_remaining': 15}
2026-05-11 15:31:06,787 : INFO : EventManager : Event: ======'slide_timer16_removed'====== Args={'_from_bcp': True}
2026-05-11 15:31:06,787 : INFO : EventManager : Event: ======'slide_timer15_created'====== Args={'_from_bcp': True}
2026-05-11 15:31:06,940 : INFO : EventManager : Event: ======'player_pilot_mission_qualifier_left_orbit_shot_timeout_tick'====== Args={'value': 2, 'prev_value': 1, 'change': 1, 'player_num': 1}
2026-05-11 15:31:06,941 : INFO : EventManager : Event: ======'timer_left_orbit_shot_timeout_tick'====== Args={'ticks': 2, 'ticks_remaining': 1}
2026-05-11 15:31:07,033 : INFO : EventManager : Event: ======'player_cool_under_pressure_cup_shot_timer_tick'====== Args={'value': 24, 'prev_value': 25, 'change': -1, 'player_num': 1}
2026-05-11 15:31:07,034 : INFO : EventManager : Event: ======'timer_cup_shot_timer_tick'====== Args={'ticks': 24, 'ticks_remaining': 24}
2026-05-11 15:31:07,034 : INFO : EventManager : Event: ======'player_cool_under_pressure_timer_tick'====== Args={'value': 24, 'prev_value': 25, 'change': -1, 'player_num': 1, 'source': 'cool_under_pressure'}
2026-05-11 15:31:07,316 : INFO : EventManager : Event: ======'player_pilot_mission_qualifier_right_orbit_shot_timeout_tick'====== Args={'value': 2, 'prev_value': 1, 'change': 1, 'player_num': 1}
2026-05-11 15:31:07,316 : INFO : EventManager : Event: ======'timer_right_orbit_shot_timeout_tick'====== Args={'ticks': 2, 'ticks_remaining': 1}
2026-05-11 15:31:07,346 : INFO : EventManager : Event: ======'player_iceman_letters_right_orbit_lockout_timer_tick'====== Args={'value': 2, 'prev_value': 1, 'change': 1, 'player_num': 1}
2026-05-11 15:31:07,346 : INFO : EventManager : Event: ======'timer_right_orbit_lockout_timer_tick'====== Args={'ticks': 2, 'ticks_remaining': 1}
2026-05-11 15:31:07,363 : INFO : EventManager : Event: ======'slide_mode_points_scored_inactive'====== Args={'is_removing': True, '_from_bcp': True}
2026-05-11 15:31:07,363 : INFO : EventManager : Event: ======'slide_cool_under_pressure_step_7_active'====== Args={'_from_bcp': True}
2026-05-11 15:31:07,364 : INFO : EventManager : Event: ======'slide_mode_points_scored_removed'====== Args={'_from_bcp': True}
2026-05-11 15:31:07,784 : INFO : EventManager : Event: ======'player_mach_scoring_mach_timer_tick'====== Args={'value': 14, 'prev_value': 15, 'change': -1, 'player_num': 1}
2026-05-11 15:31:07,784 : INFO : EventManager : Event: ======'timer_mach_timer_tick'====== Args={'ticks': 14, 'ticks_remaining': 14}
2026-05-11 15:31:07,792 : INFO : EventManager : Event: ======'slide_timer15_removed'====== Args={'_from_bcp': True}
2026-05-11 15:31:07,794 : INFO : EventManager : Event: ======'slide_timer14_created'====== Args={'_from_bcp': True}
2026-05-11 15:31:07,815 : INFO : SwitchController : <<<<<<< 's_mode_start' active >>>>>>>
2026-05-11 15:31:07,815 : INFO : EventManager : Event: ======'s_mode_start_active'====== Args={}
2026-05-11 15:31:07,815 : INFO : EventManager : Event: ======'sw_playfield_active'====== Args={}
2026-05-11 15:31:07,815 : INFO : EventManager : Event: ======'machine_var_audits_switches_s_mode_start'====== Args={'value': 1985, 'prev_value': 1984, 'change': 1}
2026-05-11 15:31:07,816 : INFO : EventManager : Event: ======'cup_center_shot_hit'====== Args={'priority': 0}
2026-05-11 15:31:07,817 : INFO : EventManager : Event: ======'cup_step_8_complete'====== Args={'priority': 0}
2026-05-11 15:31:07,817 : INFO : EventManager : Event: ======'mach_timer_pause'====== Args={'priority': 0}
2026-05-11 15:31:07,818 : INFO : Timer.lock_mb_eject_debounce : Stopping Timer
2026-05-11 15:31:07,818 : INFO : EventManager : Event: ======'timer_lock_mb_eject_debounce_stopped'====== Args={'ticks': 0, 'ticks_remaining': 0}
2026-05-11 15:31:07,819 : INFO : EventManager : Event: ======'shaker_soft'====== Args={'priority': 0}
2026-05-11 15:31:07,819 : INFO : EventManager : Event: ======'cup_step_8_score'====== Args={'priority': 0}
2026-05-11 15:31:07,819 : INFO : EventManager : Event: ======'cup_show_step_8_points'====== Args={'priority': 0}
2026-05-11 15:31:07,819 : INFO : EventManager : Event: ======'cup_stop_step_lights'====== Args={'priority': 0}
2026-05-11 15:31:07,819 : INFO : EventManager : Event: ======'cup_complete'====== Args={'priority': 0}
2026-05-11 15:31:07,819 : INFO : EventManager : Event: ======'player_cup_shots_remaining'====== Args={'value': 0, 'prev_value': 1, 'change': -1, 'player_num': 1, 'source': 'cool_under_pressure'}
2026-05-11 15:31:07,819 : INFO : EventManager : Event: ======'player_cup_complete_flag'====== Args={'value': 1, 'prev_value': 0, 'change': 1, 'player_num': 1, 'source': 'cool_under_pressure'}
2026-05-11 15:31:07,820 : INFO : EventManager : Event: ======'player_pilot_missions_won'====== Args={'value': 1, 'prev_value': 0, 'change': 1, 'player_num': 1, 'source': 'cool_under_pressure'}
2026-05-11 15:31:07,820 : INFO : EventManager : Event: ======'player_missiles_perk_active'====== Args={'value': 0, 'prev_value': 0, 'change': 0, 'player_num': 1, 'source': 'cool_under_pressure'}
2026-05-11 15:31:07,820 : INFO : EventManager : Event: ======'player_mode_cool_under_pressure_won'====== Args={'value': 1, 'prev_value': 0, 'change': 1, 'player_num': 1, 'source': 'cool_under_pressure'}
2026-05-11 15:31:07,820 : INFO : Timer.cup_shot_timer : Stopping Timer
2026-05-11 15:31:07,820 : INFO : EventManager : Event: ======'timer_cup_shot_timer_stopped'====== Args={'ticks': 24, 'ticks_remaining': 24}
2026-05-11 15:31:07,820 : INFO : EventManager : Event: ======'player_cool_under_pressure_cup_step_complete_lockout_tick'====== Args={'value': 0, 'prev_value': 1, 'change': -1, 'player_num': 1}
2026-05-11 15:31:07,820 : INFO : Timer.cup_step_complete_lockout : Starting Timer.
2026-05-11 15:31:07,821 : INFO : EventManager : Event: ======'timer_cup_step_complete_lockout_started'====== Args={'ticks': 0, 'ticks_remaining': 1}
2026-05-11 15:31:07,821 : INFO : EventManager : Event: ======'timer_cup_step_complete_lockout_tick'====== Args={'ticks': 0, 'ticks_remaining': 1}
2026-05-11 15:31:07,821 : INFO : EventManager : Event: ======'player_score'====== Args={'value': 16434750, 'prev_value': 11184750, 'change': 5250000, 'player_num': 1, 'source': 'cool_under_pressure'}
2026-05-11 15:31:07,821 : INFO : EventManager : Event: ======'player_mode_points_scored'====== Args={'value': 5250000, 'prev_value': 3150000, 'change': 2100000, 'player_num': 1, 'source': 'cool_under_pressure'}
2026-05-11 15:31:07,821 : INFO : EventManager : Event: ======'barrier_raise'====== Args={'priority': 0}
2026-05-11 15:31:07,821 : INFO : EventManager : Event: ======'cup_stop_step_lights'====== Args={'priority': 0}
2026-05-11 15:31:07,821 : INFO : EventManager : Event: ======'timer_cup_complete_delay_start'====== Args={'priority': 0}
2026-05-11 15:31:07,822 : INFO : EventManager : Event: ======'missiles_perk_unload'====== Args={'priority': 0}
2026-05-11 15:31:07,822 : INFO : EventManager : Event: ======'player_mode_cool_under_pressure_complete'====== Args={'value': 1, 'prev_value': 0, 'change': 1, 'player_num': 1, 'source': 'pilot_mission_qualifier'}
2026-05-11 15:31:07,822 : INFO : EventManager : Event: ======'player_modes_completed_count'====== Args={'value': 1, 'prev_value': 0, 'change': 1, 'player_num': 1, 'source': 'pilot_mission_qualifier'}
2026-05-11 15:31:07,822 : INFO : Timer.cup_shot_timer : Stopping Timer
2026-05-11 15:31:07,822 : INFO : EventManager : Event: ======'timer_cup_shot_timer_stopped'====== Args={'ticks': 24, 'ticks_remaining': 24}
2026-05-11 15:31:07,822 : INFO : Timer.cup_bad_shot_lockout : Stopping Timer
2026-05-11 15:31:07,822 : INFO : EventManager : Event: ======'timer_cup_bad_shot_lockout_stopped'====== Args={'ticks': 0, 'ticks_remaining': 0}
2026-05-11 15:31:07,822 : INFO : Timer.cup_step_complete_lockout : Stopping Timer
2026-05-11 15:31:07,822 : INFO : EventManager : Event: ======'timer_cup_step_complete_lockout_stopped'====== Args={'ticks': 0, 'ticks_remaining': 1}
2026-05-11 15:31:07,822 : INFO : Timer.cup_complete_delay : Starting Timer.
2026-05-11 15:31:07,822 : INFO : EventManager : Event: ======'timer_cup_complete_delay_started'====== Args={'ticks': 0, 'ticks_remaining': 25}
2026-05-11 15:31:07,823 : INFO : EventManager : Event: ======'timer_cup_complete_delay_tick'====== Args={'ticks': 0, 'ticks_remaining': 25}
2026-05-11 15:31:07,823 : INFO : coil.c_mode_barrier : Disabling Driver
2026-05-11 15:31:07,823 : INFO : Timer.global_scoop_eject_delay : Stopping Timer
2026-05-11 15:31:07,823 : INFO : EventManager : Event: ======'timer_global_scoop_eject_delay_stopped'====== Args={'ticks': 1, 'ticks_remaining': 1}
2026-05-11 15:31:07,823 : INFO : EventManager : Event: ======'player_missiles_remaining'====== Args={'value': 0, 'prev_value': 0, 'change': 0, 'player_num': 1, 'source': 'goose_letters'}
2026-05-11 15:31:07,824 : INFO : EventManager : Event: ======'player_missile_firing'====== Args={'value': 0, 'prev_value': 0, 'change': 0, 'player_num': 1, 'source': 'goose_letters'}
2026-05-11 15:31:07,824 : INFO : Timer.missile_fire_delay : Stopping Timer
2026-05-11 15:31:07,824 : INFO : EventManager : Event: ======'timer_missile_fire_delay_stopped'====== Args={'ticks': 0, 'ticks_remaining': 0}
2026-05-11 15:31:07,824 : INFO : Timer.mach_timer : Pausing Timer for 0 ms
2026-05-11 15:31:07,824 : INFO : EventManager : Event: ======'timer_mach_timer_paused'====== Args={'ticks': 14, 'ticks_remaining': 14}
2026-05-11 15:31:07,839 : INFO : EventManager : Event: ======'slide_mode_points_scored_created'====== Args={'_from_bcp': True}
2026-05-11 15:31:07,840 : INFO : EventManager : Event: ======'slide_cool_under_pressure_step_7_inactive'====== Args={'is_removing': False, '_from_bcp': True}
2026-05-11 15:31:07,840 : INFO : EventManager : Event: ======'slide_mode_points_scored_active'====== Args={'original_context': 'cool_under_pressure', 'original_calling_context': 'cup_show_step_8_points', 'priority': 600.0, 'cmd': 'slides_play', '_from_bcp': True}
2026-05-11 15:31:07,840 : INFO : EventManager : Event: ======'slide_cool_under_pressure_step_7_removed'====== Args={'_from_bcp': True}
2026-05-11 15:31:07,850 : INFO : EventManager : Event: ======'slide_cool_under_pressure_timer_removed'====== Args={'_from_bcp': True}
2026-05-11 15:31:07,851 : INFO : EventManager : Event: ======'slide_cool_under_pressure_shots_remaining_removed'====== Args={'_from_bcp': True}
2026-05-11 15:31:07,871 : INFO : EventManager : Event: ======'slide_cool_under_pressure_won_created'====== Args={'_from_bcp': True}
2026-05-11 15:31:07,871 : INFO : EventManager : Event: ======'slide_mode_points_scored_inactive'====== Args={'is_removing': False, '_from_bcp': True}
2026-05-11 15:31:07,872 : INFO : EventManager : Event: ======'slide_cool_under_pressure_won_active'====== Args={'original_context': 'cool_under_pressure', 'original_calling_context': 'cup_complete', 'priority': 600.0, 'cmd': 'slides_play', '_from_bcp': True}
2026-05-11 15:31:07,941 : INFO : EventManager : Event: ======'player_pilot_mission_qualifier_left_orbit_shot_timeout_tick'====== Args={'value': 3, 'prev_value': 2, 'change': 1, 'player_num': 1}
2026-05-11 15:31:07,942 : INFO : Timer.left_orbit_shot_timeout : Timer Complete
2026-05-11 15:31:07,942 : INFO : Timer.left_orbit_shot_timeout : Stopping Timer
2026-05-11 15:31:07,942 : INFO : EventManager : Event: ======'timer_left_orbit_shot_timeout_stopped'====== Args={'ticks': 3, 'ticks_remaining': 1}
2026-05-11 15:31:07,942 : INFO : EventManager : Event: ======'timer_left_orbit_shot_timeout_complete'====== Args={'ticks': 3, 'ticks_remaining': 1}
2026-05-11 15:31:08,116 : INFO : EventManager : Event: ======'balldevice_bd_mode_scoop_ball_count_changed'====== Args={'balls': 1}
2026-05-11 15:31:08,116 : INFO : ball_device.bd_mode_scoop : Received unexpected ball
2026-05-11 15:31:08,116 : INFO : EventManager : Event: ======'balldevice_captured_from_playfield'====== Args={'balls': 1}
2026-05-11 15:31:08,117 : INFO : EventManager : Event: ======'sw_playfield_active'====== Args={'balls': 1}
2026-05-11 15:31:08,117 : INFO : EventManager : Event: ======'playfield_ball_count_change'====== Args={'balls': 0, 'change': -1}
2026-05-11 15:31:08,118 : INFO : EventManager : Event: ======'balldevice_bd_mode_scoop_ball_enter'====== Args={'new_balls': 1, 'unclaimed_balls': 1, 'new_available_balls': 1, 'device': <ball_device.bd_mode_scoop>}
2026-05-11 15:31:08,118 : INFO : EventManager : Event: ======'ball_hold_cup_scoop_hold_held_ball'====== Args={'balls_held': 1, 'total_balls_held': 1}
2026-05-11 15:31:08,119 : INFO : EventManager : Event: ======'ball_hold_cup_scoop_hold_full'====== Args={'balls': 1}
2026-05-11 15:31:08,119 : INFO : EventManager : Event: ======'balldevice_balls_available'====== Args={}
2026-05-11 15:31:08,119 : INFO : EventManager : Event: ======'balldevice_bd_mode_scoop_ball_entered'====== Args={'new_balls': 1, 'device': <ball_device.bd_mode_scoop>}
2026-05-11 15:31:08,303 : INFO : EventManager : Event: ======'player_pilot_mission_qualifier_right_orbit_shot_timeout_tick'====== Args={'value': 3, 'prev_value': 2, 'change': 1, 'player_num': 1}
2026-05-11 15:31:08,303 : INFO : Timer.right_orbit_shot_timeout : Timer Complete
2026-05-11 15:31:08,303 : INFO : Timer.right_orbit_shot_timeout : Stopping Timer
2026-05-11 15:31:08,303 : INFO : EventManager : Event: ======'timer_right_orbit_shot_timeout_stopped'====== Args={'ticks': 3, 'ticks_remaining': 1}
2026-05-11 15:31:08,303 : INFO : EventManager : Event: ======'timer_right_orbit_shot_timeout_complete'====== Args={'ticks': 3, 'ticks_remaining': 1}
2026-05-11 15:31:08,334 : INFO : EventManager : Event: ======'player_iceman_letters_right_orbit_lockout_timer_tick'====== Args={'value': 3, 'prev_value': 2, 'change': 1, 'player_num': 1}
2026-05-11 15:31:08,334 : INFO : Timer.right_orbit_lockout_timer : Timer Complete
2026-05-11 15:31:08,334 : INFO : Timer.right_orbit_lockout_timer : Stopping Timer
2026-05-11 15:31:08,334 : INFO : EventManager : Event: ======'timer_right_orbit_lockout_timer_stopped'====== Args={'ticks': 3, 'ticks_remaining': 1}
2026-05-11 15:31:08,334 : INFO : EventManager : Event: ======'timer_right_orbit_lockout_timer_complete'====== Args={'ticks': 3, 'ticks_remaining': 1}
2026-05-11 15:31:08,335 : INFO : EventManager : Event: ======'player_right_post_locked_out'====== Args={'value': 0, 'prev_value': 1, 'change': -1, 'player_num': 1, 'source': 'iceman_letters'}
2026-05-11 15:31:08,806 : INFO : EventManager : Event: ======'player_cool_under_pressure_cup_complete_delay_tick'====== Args={'value': 1, 'prev_value': 0, 'change': 1, 'player_num': 1}
2026-05-11 15:31:08,807 : INFO : EventManager : Event: ======'timer_cup_complete_delay_tick'====== Args={'ticks': 1, 'ticks_remaining': 24}
2026-05-11 15:31:09,214 : INFO : SwitchController : <<<<<<< 's_flipper_right' active >>>>>>>
2026-05-11 15:31:09,214 : INFO : EventManager : Event: ======'s_flipper_right_active'====== Args={}
2026-05-11 15:31:09,214 : INFO : EventManager : Event: ======'machine_var_audits_switches_s_flipper_right'====== Args={'value': 54759, 'prev_value': 54758, 'change': 1}
2026-05-11 15:31:09,215 : INFO : SwitchController : <<<<<<< 's_flipper_left' active >>>>>>>
2026-05-11 15:31:09,215 : INFO : EventManager : Event: ======'s_flipper_left_active'====== Args={}
2026-05-11 15:31:09,215 : INFO : EventManager : Event: ======'flipper_cancel'====== Args={'triggering_group': 1, 'triggering_switch': 's_flipper_left'}
2026-05-11 15:31:09,215 : INFO : EventManager : Event: ======'machine_var_audits_switches_s_flipper_left'====== Args={'value': 56565, 'prev_value': 56564, 'change': 1}
2026-05-11 15:31:09,217 : INFO : EventManager : Event: ======'cup_check_skip_won'====== Args={'priority': 0}
2026-05-11 15:31:09,217 : INFO : EventManager : Event: ======'goose_rotate_right_execute'====== Args={'priority': 0}
2026-05-11 15:31:09,217 : INFO : EventManager : Event: ======'player_goose_temp_g'====== Args={'value': 1, 'prev_value': 0, 'change': 1, 'player_num': 1, 'source': 'goose_letters'}
2026-05-11 15:31:09,217 : INFO : EventManager : Event: ======'mig_rotate_right_execute'====== Args={'priority': 0}
2026-05-11 15:31:09,217 : INFO : EventManager : Event: ======'status_mode_entry_both_held'====== Args={'priority': 0}
2026-05-11 15:31:09,217 : INFO : EventManager : Event: ======'ball_search_reset'====== Args={'priority': 0}
2026-05-11 15:31:09,217 : INFO : EventManager : Event: ======'cup_skip_won_video'====== Args={'priority': 0}
2026-05-11 15:31:09,217 : INFO : EventManager : Event: ======'scoop_ball_release'====== Args={'priority': 0}
2026-05-11 15:31:09,217 : INFO : EventManager : Event: ======'player_cool_under_pressure_cup_complete_delay_tick'====== Args={'value': 25, 'prev_value': 1, 'change': 24, 'player_num': 1}
2026-05-11 15:31:09,217 : INFO : Timer.cup_complete_delay : Timer Complete
2026-05-11 15:31:09,218 : INFO : Timer.cup_complete_delay : Stopping Timer
2026-05-11 15:31:09,218 : INFO : EventManager : Event: ======'timer_cup_complete_delay_stopped'====== Args={'ticks': 25, 'ticks_remaining': 24}
2026-05-11 15:31:09,218 : INFO : EventManager : Event: ======'timer_cup_complete_delay_complete'====== Args={'ticks': 25, 'ticks_remaining': 24}
2026-05-11 15:31:09,218 : INFO : EventManager : Event: ======'barrier_drop'====== Args={'priority': 0}
2026-05-11 15:31:09,218 : INFO : EventManager : Event: ======'player_scoop_release_pending'====== Args={'value': 1, 'prev_value': 0, 'change': 1, 'player_num': 1, 'source': 'pilot_mission_qualifier'}
2026-05-11 15:31:09,218 : INFO : coil.c_mode_barrier : Enabling Driver with power 0.25 (pulse_ms 45ms and pulse_power 0.75)
2026-05-11 15:31:09,218 : INFO : EventManager : Event: ======'mode_cool_under_pressure_will_stop'====== Args={}
2026-05-11 15:31:09,218 : INFO : EventManager : Event: ======'mode_cool_under_pressure_stopping'====== Args={}
2026-05-11 15:31:09,218 : INFO : EventManager : Event: ======'cup_cleanup'====== Args={'priority': 0}
2026-05-11 15:31:09,218 : INFO : EventManager : Event: ======'scoop_ball_release'====== Args={'priority': 0}
2026-05-11 15:31:09,218 : INFO : EventManager : Event: ======'pilot_mode_cleanup_complete'====== Args={'priority': 0}
2026-05-11 15:31:09,218 : INFO : ball_device.bd_mode_scoop : Adding 1 ball(s) to the eject_queue with target <playfield.playfield>.
2026-05-11 15:31:09,218 : INFO : EventManager : Event: ======'balldevice_balls_available'====== Args={}
2026-05-11 15:31:09,218 : INFO : EventManager : Event: ======'ball_hold_cup_scoop_hold_balls_released'====== Args={'balls_released': 1}
2026-05-11 15:31:09,218 : INFO : Timer.cup_spinner_lockout : Stopping Timer
2026-05-11 15:31:09,219 : INFO : EventManager : Event: ======'timer_cup_spinner_lockout_stopped'====== Args={'ticks': 3, 'ticks_remaining': 1}
2026-05-11 15:31:09,219 : INFO : coil.c_left_lane_up_post : Disabling Driver
2026-05-11 15:31:09,219 : INFO : EventManager : Event: ======'barrier_raise'====== Args={'priority': 0}
2026-05-11 15:31:09,219 : INFO : coil.c_mode_barrier : Disabling Driver
2026-05-11 15:31:09,219 : INFO : EventManager : Event: ======'player_scoop_release_pending'====== Args={'value': 0, 'prev_value': 1, 'change': -1, 'player_num': 1, 'source': 'pilot_mission_qualifier'}
2026-05-11 15:31:09,219 : INFO : Timer.global_scoop_eject_delay : Stopping Timer
2026-05-11 15:31:09,219 : INFO : EventManager : Event: ======'timer_global_scoop_eject_delay_stopped'====== Args={'ticks': 1, 'ticks_remaining': 1}
2026-05-11 15:31:09,219 : INFO : EventManager : Event: ======'barrier_drop'====== Args={'priority': 0}
2026-05-11 15:31:09,219 : INFO : EventManager : Event: ======'player_scoop_release_pending'====== Args={'value': 1, 'prev_value': 0, 'change': 1, 'player_num': 1, 'source': 'pilot_mission_qualifier'}
2026-05-11 15:31:09,219 : INFO : coil.c_mode_barrier : Enabling Driver with power 0.25 (pulse_ms 45ms and pulse_power 0.75)
2026-05-11 15:31:09,219 : INFO : EventManager : Event: ======'player_goose_letter_g'====== Args={'value': 0, 'prev_value': 1, 'change': -1, 'player_num': 1, 'source': 'goose_letters'}
2026-05-11 15:31:09,219 : INFO : EventManager : Event: ======'player_goose_letter_o_left'====== Args={'value': 1, 'prev_value': 0, 'change': 1, 'player_num': 1, 'source': 'goose_letters'}
2026-05-11 15:31:09,220 : INFO : Timer.status_mode_entry : Starting Timer.
2026-05-11 15:31:09,220 : INFO : EventManager : Event: ======'timer_status_mode_entry_started'====== Args={'ticks': 0, 'ticks_remaining': 4}
2026-05-11 15:31:09,220 : INFO : EventManager : Event: ======'timer_status_mode_entry_tick'====== Args={'ticks': 0, 'ticks_remaining': 4}
2026-05-11 15:31:09,220 : INFO : EventManager : Event: ======'goose_rotate_left_execute'====== Args={'priority': 0}
2026-05-11 15:31:09,220 : INFO : EventManager : Event: ======'player_goose_temp_g'====== Args={'value': 0, 'prev_value': 1, 'change': -1, 'player_num': 1, 'source': 'goose_letters'}
2026-05-11 15:31:09,220 : INFO : EventManager : Event: ======'player_goose_temp_o_left'====== Args={'value': 1, 'prev_value': 0, 'change': 1, 'player_num': 1, 'source': 'goose_letters'}
2026-05-11 15:31:09,220 : INFO : EventManager : Event: ======'mig_rotate_left_execute'====== Args={'priority': 0}
2026-05-11 15:31:09,221 : INFO : EventManager : Event: ======'status_mode_entry_both_held'====== Args={'priority': 0}
2026-05-11 15:31:09,221 : INFO : EventManager : Event: ======'ball_search_reset'====== Args={'priority': 0}
2026-05-11 15:31:09,221 : INFO : EventManager : Event: ======'player_goose_letter_g'====== Args={'value': 1, 'prev_value': 0, 'change': 1, 'player_num': 1, 'source': 'goose_letters'}
2026-05-11 15:31:09,221 : INFO : EventManager : Event: ======'player_goose_letter_o_left'====== Args={'value': 0, 'prev_value': 1, 'change': -1, 'player_num': 1, 'source': 'goose_letters'}
2026-05-11 15:31:09,221 : INFO : EventManager : Event: ======'timer_status_mode_entry_tick'====== Args={'ticks': 0, 'ticks_remaining': 4}
2026-05-11 15:31:09,221 : INFO : Mode.cool_under_pressure : Stopped.
2026-05-11 15:31:09,221 : INFO : EventManager : Event: ======'modes_active_modes_changed'====== Args={}
2026-05-11 15:31:09,222 : INFO : EventManager : Event: ======'mode_cool_under_pressure_stopped'====== Args={}
2026-05-11 15:31:09,222 : INFO : EventManager : Event: ======'clear'====== Args={'key': 'cool_under_pressure'}
2026-05-11 15:31:09,223 : INFO : EventManager : Event: ======'player_letter_collection_paused'====== Args={'value': 0, 'prev_value': 1, 'change': -1, 'player_num': 1, 'source': 'pilot_mission_qualifier'}
2026-05-11 15:31:09,223 : INFO : EventManager : Event: ======'player_pilot_mode_active'====== Args={'value': 0, 'prev_value': 1, 'change': -1, 'player_num': 1, 'source': 'pilot_mission_qualifier'}
2026-05-11 15:31:09,223 : INFO : EventManager : Event: ======'update_qualifying_show'====== Args={'priority': 0}
2026-05-11 15:31:09,224 : INFO : EventManager : Event: ======'update_training_qual_lights'====== Args={'priority': 0}
2026-05-11 15:31:09,225 : INFO : Timer.cup_intro_video_delay : Stopping Timer
2026-05-11 15:31:09,225 : INFO : EventManager : Event: ======'timer_cup_intro_video_delay_stopped'====== Args={'ticks': 1, 'ticks_remaining': 17}
2026-05-11 15:31:09,225 : INFO : Timer.cup_step_complete_lockout : Stopping Timer
2026-05-11 15:31:09,225 : INFO : EventManager : Event: ======'timer_cup_step_complete_lockout_stopped'====== Args={'ticks': 0, 'ticks_remaining': 1}
2026-05-11 15:31:09,225 : INFO : Timer.cup_drain_delay : Stopping Timer
2026-05-11 15:31:09,225 : INFO : EventManager : Event: ======'timer_cup_drain_delay_stopped'====== Args={'ticks': 0, 'ticks_remaining': 0}
2026-05-11 15:31:09,225 : INFO : Timer.cup_shot_timer : Stopping Timer
2026-05-11 15:31:09,225 : INFO : EventManager : Event: ======'timer_cup_shot_timer_stopped'====== Args={'ticks': 24, 'ticks_remaining': 24}
2026-05-11 15:31:09,225 : INFO : Timer.cup_voice_callout_delay : Stopping Timer
2026-05-11 15:31:09,225 : INFO : EventManager : Event: ======'timer_cup_voice_callout_delay_stopped'====== Args={'ticks': 0, 'ticks_remaining': 0}
2026-05-11 15:31:09,225 : INFO : Timer.cup_spinner_lockout : Stopping Timer
2026-05-11 15:31:09,225 : INFO : EventManager : Event: ======'timer_cup_spinner_lockout_stopped'====== Args={'ticks': 3, 'ticks_remaining': 1}
2026-05-11 15:31:09,226 : INFO : Timer.cup_complete_delay : Stopping Timer
2026-05-11 15:31:09,226 : INFO : EventManager : Event: ======'timer_cup_complete_delay_stopped'====== Args={'ticks': 25, 'ticks_remaining': 24}
2026-05-11 15:31:09,226 : INFO : Timer.cup_bad_shot_lockout : Stopping Timer
2026-05-11 15:31:09,226 : INFO : EventManager : Event: ======'timer_cup_bad_shot_lockout_stopped'====== Args={'ticks': 0, 'ticks_remaining': 0}
2026-05-11 15:31:09,227 : INFO : Timer.cup_barrier_delay : Stopping Timer
2026-05-11 15:31:09,227 : INFO : EventManager : Event: ======'timer_cup_barrier_delay_stopped'====== Args={'ticks': 1, 'ticks_remaining': 1}
2026-05-11 15:31:09,227 : INFO : Timer.cup_failed_delay : Stopping Timer
2026-05-11 15:31:09,227 : INFO : EventManager : Event: ======'timer_cup_failed_delay_stopped'====== Args={'ticks': 0, 'ticks_remaining': 0}
2026-05-11 15:31:09,236 : INFO : SwitchController : <<<<<<< 's_flipper_left_upper' active >>>>>>>
2026-05-11 15:31:09,236 : INFO : EventManager : Event: ======'machine_var_audits_switches_s_flipper_left_upper'====== Args={'value': 55884, 'prev_value': 55883, 'change': 1}
2026-05-11 15:31:09,236 : INFO : SwitchController : <<<<<<< 's_flipper_right_eos' active >>>>>>>
2026-05-11 15:31:09,236 : INFO : EventManager : Event: ======'machine_var_audits_switches_s_flipper_right_eos'====== Args={'value': 49230, 'prev_value': 49229, 'change': 1}
2026-05-11 15:31:09,236 : INFO : SwitchController : <<<<<<< 's_flipper_left_eos' active >>>>>>>
2026-05-11 15:31:09,237 : INFO : EventManager : Event: ======'machine_var_audits_switches_s_flipper_left_eos'====== Args={'value': 51350, 'prev_value': 51349, 'change': 1}
2026-05-11 15:31:09,242 : INFO : EventManager : Event: ======'slide_cool_under_pressure_background_removed'====== Args={'_from_bcp': True}
2026-05-11 15:31:09,242 : INFO : EventManager : Event: ======'slide_mode_points_scored_removed'====== Args={'_from_bcp': True}
2026-05-11 15:31:09,242 : INFO : EventManager : Event: ======'slide_cool_under_pressure_won_inactive'====== Args={'is_removing': True, '_from_bcp': True}
2026-05-11 15:31:09,242 : INFO : EventManager : Event: ======'slide_timer14_active'====== Args={'_from_bcp': True}
2026-05-11 15:31:09,243 : INFO : ball_device.bd_mode_scoop : State: waiting_for_target_ready
2026-05-11 15:31:09,244 : INFO : EventManager : Event: ======'balldevice_bd_mode_scoop_ball_eject_attempt'====== Args={'balls': 1, 'target': <playfield.playfield>, 'source': <ball_device.bd_mode_scoop>, 'mechanical_eject': False, 'num_attempts': 0}
2026-05-11 15:31:09,245 : INFO : SwitchController : <<<<<<< 's_flipper_left_upper_eos' active >>>>>>>
2026-05-11 15:31:09,245 : INFO : EventManager : Event: ======'s_flipper_left_upper_eos_active'====== Args={}
2026-05-11 15:31:09,245 : INFO : EventManager : Event: ======'machine_var_audits_switches_s_flipper_left_upper_eos'====== Args={'value': 63068, 'prev_value': 63067, 'change': 1}
2026-05-11 15:31:09,246 : INFO : ball_device.bd_mode_scoop : State: ejecting
2026-05-11 15:31:09,246 : INFO : ball_device.bd_mode_scoop : Ejecting ball to <playfield.playfield>
2026-05-11 15:31:09,246 : INFO : EventManager : Event: ======'balldevice_bd_mode_scoop_ejecting_ball'====== Args={'balls': 1, 'target': <playfield.playfield>, 'source': <ball_device.bd_mode_scoop>, 'mechanical_eject': False, 'num_attempts': 0}
2026-05-11 15:31:09,246 : INFO : EventManager : Event: ======'player_previous_switch_type'====== Args={'value': 2, 'prev_value': 0, 'change': 2, 'player_num': 1, 'source': 'pilot_mission_qualifier'}
2026-05-11 15:31:09,246 : INFO : EventManager : Event: ======'ball_save_scoop_eject_save_timer_start'====== Args={}
2026-05-11 15:31:09,246 : INFO : EventManager : Event: ======'ball_save_scoop_eject_save_enabled'====== Args={}
2026-05-11 15:31:09,247 : INFO : EventManager : Event: ======'player_ball_save_scoop_save_countdown_tick'====== Args={'value': 5, 'prev_value': 0, 'change': 5, 'player_num': 1}
2026-05-11 15:31:09,247 : INFO : Timer.scoop_save_countdown : Starting Timer.
2026-05-11 15:31:09,247 : INFO : EventManager : Event: ======'timer_scoop_save_countdown_started'====== Args={'ticks': 5, 'ticks_remaining': 5}
2026-05-11 15:31:09,247 : INFO : EventManager : Event: ======'timer_scoop_save_countdown_tick'====== Args={'ticks': 5, 'ticks_remaining': 5}
2026-05-11 15:31:09,247 : INFO : EventManager : Event: ======'ball_save_flash_medium'====== Args={'priority': 0}
2026-05-11 15:31:09,247 : INFO : EventManager : Event: ======'player_ball_save_time_remaining'====== Args={'value': 5, 'prev_value': 1, 'change': 4, 'player_num': 1, 'source': 'ball_save'}
2026-05-11 15:31:09,247 : INFO : EventManager : Event: ======'player_ball_save_active'====== Args={'value': 1, 'prev_value': 0, 'change': 1, 'player_num': 1, 'source': 'ball_save'}
2026-05-11 15:31:09,249 : INFO : EventManager : Event: ======'slide_cool_under_pressure_won_removed'====== Args={'_from_bcp': True}
2026-05-11 15:31:09,250 : INFO : ball_device.bd_mode_scoop : Wait for ball to leave device
2026-05-11 15:31:09,325 : INFO : coil.c_mode_outkicker : Pulsing Driver for 35ms (0.75 pulse_power)
2026-05-11 15:31:09,325 : INFO : SwitchController : <<<<<<< 's_flipper_left_upper' inactive >>>>>>>
2026-05-11 15:31:09,340 : INFO : SwitchController : <<<<<<< 's_flipper_left' inactive >>>>>>>
2026-05-11 15:31:09,340 : INFO : EventManager : Event: ======'s_flipper_left_inactive'====== Args={}
2026-05-11 15:31:09,340 : INFO : EventManager : Event: ======'both_flippers_one'====== Args={'triggering_group': 1, 'triggering_switch': 's_flipper_left'}
2026-05-11 15:31:09,340 : INFO : SwitchController : <<<<<<< 's_flipper_right' inactive >>>>>>>
2026-05-11 15:31:09,340 : INFO : EventManager : Event: ======'s_flipper_right_inactive'====== Args={}
2026-05-11 15:31:09,341 : INFO : EventManager : Event: ======'both_flippers_inactive'====== Args={'triggering_group': 2, 'triggering_switch': 's_flipper_right'}
2026-05-11 15:31:09,341 : INFO : EventManager : Event: ======'status_mode_entry_cancel'====== Args={'priority': 0}
2026-05-11 15:31:09,341 : INFO : Timer.status_mode_entry : Stopping Timer
2026-05-11 15:31:09,341 : INFO : EventManager : Event: ======'timer_status_mode_entry_stopped'====== Args={'ticks': 0, 'ticks_remaining': 4}
2026-05-11 15:31:09,372 : INFO : SwitchController : <<<<<<< 's_mode_start' inactive >>>>>>>
2026-05-11 15:31:09,372 : INFO : EventManager : Event: ======'s_mode_start_inactive'====== Args={}
2026-05-11 15:31:09,372 : INFO : EventManager : Event: ======'mach_timer_resume'====== Args={'priority': 0}
2026-05-11 15:31:09,373 : INFO : EventManager : Event: ======'global_scoop_eject_start'====== Args={'priority': 0}
2026-05-11 15:31:09,373 : INFO : Timer.mach_timer : Starting Timer.
2026-05-11 15:31:09,373 : INFO : EventManager : Event: ======'timer_mach_timer_started'====== Args={'ticks': 14, 'ticks_remaining': 14}
2026-05-11 15:31:09,373 : INFO : EventManager : Event: ======'timer_mach_timer_tick'====== Args={'ticks': 14, 'ticks_remaining': 14}
2026-05-11 15:31:09,374 : INFO : EventManager : Event: ======'player_pilot_mission_qualifier_global_scoop_eject_delay_tick'====== Args={'value': 0, 'prev_value': 1, 'change': -1, 'player_num': 1}
2026-05-11 15:31:09,374 : INFO : Timer.global_scoop_eject_delay : Starting Timer.
2026-05-11 15:31:09,374 : INFO : EventManager : Event: ======'timer_global_scoop_eject_delay_started'====== Args={'ticks': 0, 'ticks_remaining': 1}
2026-05-11 15:31:09,374 : INFO : EventManager : Event: ======'timer_global_scoop_eject_delay_tick'====== Args={'ticks': 0, 'ticks_remaining': 1}
2026-05-11 15:31:09,377 : INFO : ball_device.bd_mode_scoop : State: ball_left
2026-05-11 15:31:09,377 : INFO : ball_device.bd_mode_scoop : Ball left
2026-05-11 15:31:09,377 : INFO : ball_device.bd_mode_scoop : Wait for confirm with timeout 3.0
2026-05-11 15:31:09,418 : INFO : SwitchController : <<<<<<< 's_flipper_right_eos' inactive >>>>>>>
2026-05-11 15:31:09,418 : INFO : SwitchController : <<<<<<< 's_flipper_left_eos' inactive >>>>>>>
2026-05-11 15:31:09,418 : INFO : SwitchController : <<<<<<< 's_flipper_left_upper_eos' inactive >>>>>>>
2026-05-11 15:31:09,513 : INFO : EventManager : Event: ======'spot_topgun_letter'====== Args={'priority': 0}
2026-05-11 15:31:09,513 : INFO : EventManager : Event: ======'player_topgun_shots_collected'====== Args={'value': 1, 'prev_value': 0, 'change': 1, 'player_num': 1, 'source': 'pilot_mission_qualifier'}
2026-05-11 15:31:09,513 : INFO : EventManager : Event: ======'topgun_letter_t_lit'====== Args={'priority': 0}
2026-05-11 15:31:09,522 : INFO : EventManager : Event: ======'slide_topgun_0_removed'====== Args={'_from_bcp': True}
2026-05-11 15:31:09,523 : INFO : EventManager : Event: ======'slide_topgun_1_created'====== Args={'_from_bcp': True}
2026-05-11 15:31:09,607 : INFO : EventManager : Event: ======'cup_victory_ball_exit'====== Args={'priority': 0}
2026-05-11 15:31:09,717 : INFO : EventManager : Event: ======'right_ramp_down'====== Args={'priority': 0}
2026-05-11 15:31:09,717 : INFO : coil.c_right_orbit_diverter : Disabling Driver
2026-05-11 15:31:09,717 : INFO : EventManager : Event: ======'spot_topgun_letter'====== Args={'priority': 0}
2026-05-11 15:31:09,717 : INFO : EventManager : Event: ======'player_topgun_shots_collected'====== Args={'value': 2, 'prev_value': 1, 'change': 1, 'player_num': 1, 'source': 'pilot_mission_qualifier'}
2026-05-11 15:31:09,718 : INFO : EventManager : Event: ======'topgun_letter_o_lit'====== Args={'priority': 0}
2026-05-11 15:31:09,723 : INFO : EventManager : Event: ======'slide_topgun_1_removed'====== Args={'_from_bcp': True}
2026-05-11 15:31:09,723 : INFO : EventManager : Event: ======'slide_topgun_2_created'====== Args={'_from_bcp': True}
2026-05-11 15:31:10,220 : INFO : EventManager : Event: ======'top_ramp_down'====== Args={'priority': 0}
2026-05-11 15:31:10,236 : INFO : EventManager : Event: ======'player_ball_save_scoop_save_countdown_tick'====== Args={'value': 4, 'prev_value': 5, 'change': -1, 'player_num': 1}
2026-05-11 15:31:10,236 : INFO : EventManager : Event: ======'timer_scoop_save_countdown_tick'====== Args={'ticks': 4, 'ticks_remaining': 4}
2026-05-11 15:31:10,236 : INFO : SwitchController : <<<<<<< 's_slingshot_left' active >>>>>>>
2026-05-11 15:31:10,237 : INFO : EventManager : Event: ======'s_slingshot_left_active'====== Args={}
2026-05-11 15:31:10,237 : INFO : EventManager : Event: ======'sw_playfield_active'====== Args={}
2026-05-11 15:31:10,237 : INFO : EventManager : Event: ======'playfield_active'====== Args={'source': 'sling_left'}
2026-05-11 15:31:10,237 : INFO : EventManager : Event: ======'machine_var_audits_switches_s_slingshot_left'====== Args={'value': 6313, 'prev_value': 6312, 'change': 1}
2026-05-11 15:31:10,237 : INFO : EventManager : Event: ======'ball_save_flash_medium'====== Args={'priority': 0}
2026-05-11 15:31:10,237 : INFO : EventManager : Event: ======'player_ball_save_time_remaining'====== Args={'value': 4, 'prev_value': 5, 'change': -1, 'player_num': 1, 'source': 'ball_save'}
2026-05-11 15:31:10,238 : INFO : EventManager : Event: ======'player_hd_sw_sling_left'====== Args={'value': 2, 'prev_value': 1, 'change': 1, 'player_num': 1, 'source': 'hard_deck_qualifiers'}
2026-05-11 15:31:10,239 : INFO : EventManager : Event: ======'player_score'====== Args={'value': 16435625, 'prev_value': 16434750, 'change': 875, 'player_num': 1, 'source': 'base'}
2026-05-11 15:31:10,239 : INFO : EventManager : Event: ======'player_bonus_switches_count'====== Args={'value': 29, 'prev_value': 28, 'change': 1, 'player_num': 1, 'source': 'base'}
2026-05-11 15:31:10,239 : INFO : EventManager : Event: ======'player_hd_switches_completed'====== Args={'value': 5, 'prev_value': 4, 'change': 1, 'player_num': 1, 'source': 'hard_deck_qualifiers'}
2026-05-11 15:31:10,239 : INFO : EventManager : Event: ======'playfield_active'====== Args={'source': None}
2026-05-11 15:31:10,248 : INFO : ball_device.bd_mode_scoop : Got eject confirm
2026-05-11 15:31:10,248 : INFO : ball_device.bd_mode_scoop : Eject successful
2026-05-11 15:31:10,248 : INFO : EventManager : Event: ======'balldevice_bd_mode_scoop_ball_eject_success'====== Args={'balls': 1, 'target': <playfield.playfield>}
2026-05-11 15:31:10,249 : INFO : EventManager : Event: ======'balldevice_playfield_ball_enter'====== Args={'new_balls': 1, 'unclaimed_balls': 1, 'device': <playfield.playfield>}
2026-05-11 15:31:10,249 : INFO : EventManager : Event: ======'playfield_ball_count_change'====== Args={'balls': 1, 'change': 1}
2026-05-11 15:31:10,250 : INFO : EventManager : Event: ======'balldevice_bd_mode_scoop_ball_count_changed'====== Args={'balls': 0}
2026-05-11 15:31:10,250 : INFO : ball_device.bd_mode_scoop : State: idle
2026-05-11 15:31:10,268 : INFO : SwitchController : <<<<<<< 's_slingshot_left' inactive >>>>>>>
2026-05-11 15:31:10,361 : INFO : EventManager : Event: ======'player_mach_scoring_mach_timer_tick'====== Args={'value': 13, 'prev_value': 14, 'change': -1, 'player_num': 1}
2026-05-11 15:31:10,362 : INFO : EventManager : Event: ======'timer_mach_timer_tick'====== Args={'ticks': 13, 'ticks_remaining': 13}
2026-05-11 15:31:10,362 : INFO : EventManager : Event: ======'player_pilot_mission_qualifier_global_scoop_eject_delay_tick'====== Args={'value': 1, 'prev_value': 0, 'change': 1, 'player_num': 1}
2026-05-11 15:31:10,362 : INFO : Timer.global_scoop_eject_delay : Timer Complete
2026-05-11 15:31:10,362 : INFO : Timer.global_scoop_eject_delay : Stopping Timer
2026-05-11 15:31:10,362 : INFO : EventManager : Event: ======'timer_global_scoop_eject_delay_stopped'====== Args={'ticks': 1, 'ticks_remaining': 1}
2026-05-11 15:31:10,362 : INFO : EventManager : Event: ======'timer_global_scoop_eject_delay_complete'====== Args={'ticks': 1, 'ticks_remaining': 1}
2026-05-11 15:31:10,363 : INFO : EventManager : Event: ======'barrier_raise'====== Args={'priority': 0}
2026-05-11 15:31:10,363 : INFO : coil.c_mode_barrier : Disabling Driver
2026-05-11 15:31:10,363 : INFO : EventManager : Event: ======'player_scoop_release_pending'====== Args={'value': 0, 'prev_value': 1, 'change': -1, 'player_num': 1, 'source': 'pilot_mission_qualifier'}
2026-05-11 15:31:10,363 : INFO : Timer.global_scoop_eject_delay : Stopping Timer
2026-05-11 15:31:10,363 : INFO : EventManager : Event: ======'timer_global_scoop_eject_delay_stopped'====== Args={'ticks': 1, 'ticks_remaining': 1}
2026-05-11 15:31:10,373 : INFO : EventManager : Event: ======'slide_timer14_inactive'====== Args={'is_removing': True, '_from_bcp': True}
2026-05-11 15:31:10,374 : INFO : EventManager : Event: ======'slide_mach_1_75_active'====== Args={'_from_bcp': True}
2026-05-11 15:31:10,374 : INFO : EventManager : Event: ======'slide_timer14_removed'====== Args={'_from_bcp': True}
2026-05-11 15:31:10,374 : INFO : EventManager : Event: ======'slide_timer13_created'====== Args={'_from_bcp': True}
2026-05-11 15:31:10,375 : INFO : EventManager : Event: ======'slide_mach_1_75_inactive'====== Args={'is_removing': False, '_from_bcp': True}
2026-05-11 15:31:10,375 : INFO : EventManager : Event: ======'slide_timer13_active'====== Args={'original_context': 'mach_scoring', 'original_calling_context': 'timer_mach_timer_tick{device.timers.mach_timer.ticks==13 and current_player.inverted_perk_active==0}', 'priority': 500.0, 'ticks': 13.0, 'ticks_remaining': 13.0, 'cmd': 'slides_play', '_from_bcp': True}
2026-05-11 15:31:11,239 : INFO : EventManager : Event: ======'player_ball_save_scoop_save_countdown_tick'====== Args={'value': 3, 'prev_value': 4, 'change': -1, 'player_num': 1}
2026-05-11 15:31:11,239 : INFO : EventManager : Event: ======'timer_scoop_save_countdown_tick'====== Args={'ticks': 3, 'ticks_remaining': 3}
2026-05-11 15:31:11,240 : INFO : EventManager : Event: ======'ball_save_flash_fast'====== Args={'priority': 0}
2026-05-11 15:31:11,240 : INFO : EventManager : Event: ======'player_ball_save_time_remaining'====== Args={'value': 3, 'prev_value': 4, 'change': -1, 'player_num': 1, 'source': 'ball_save'}
2026-05-11 15:31:11,302 : INFO : SwitchController : <<<<<<< 's_orbit_left' active >>>>>>>
2026-05-11 15:31:11,302 : INFO : EventManager : Event: ======'s_orbit_left_active'====== Args={}
2026-05-11 15:31:11,302 : INFO : EventManager : Event: ======'sw_playfield_active'====== Args={}
2026-05-11 15:31:11,302 : INFO : EventManager : Event: ======'machine_var_audits_switches_s_orbit_left'====== Args={'value': 8488, 'prev_value': 8487, 'change': 1}
2026-05-11 15:31:11,304 : INFO : EventManager : Event: ======'player_previous_switch_type'====== Args={'value': 1, 'prev_value': 2, 'change': -1, 'player_num': 1, 'source': 'pilot_mission_qualifier'}
2026-05-11 15:31:11,304 : INFO : EventManager : Event: ======'player_score'====== Args={'value': 16449625, 'prev_value': 16435625, 'change': 14000, 'player_num': 1, 'source': 'base'}
2026-05-11 15:31:11,304 : INFO : EventManager : Event: ======'player_bonus_switches_count'====== Args={'value': 30, 'prev_value': 29, 'change': 1, 'player_num': 1, 'source': 'base'}
2026-05-11 15:31:11,305 : INFO : EventManager : Event: ======'player_pilot_mission_qualifier_left_orbit_shot_timeout_tick'====== Args={'value': 0, 'prev_value': 3, 'change': -3, 'player_num': 1}
2026-05-11 15:31:11,305 : INFO : Timer.left_orbit_shot_timeout : Starting Timer.
2026-05-11 15:31:11,305 : INFO : EventManager : Event: ======'timer_left_orbit_shot_timeout_started'====== Args={'ticks': 0, 'ticks_remaining': 3}
2026-05-11 15:31:11,305 : INFO : EventManager : Event: ======'timer_left_orbit_shot_timeout_tick'====== Args={'ticks': 0, 'ticks_remaining': 3}
2026-05-11 15:31:11,318 : INFO : SwitchController : <<<<<<< 's_orbit_left' inactive >>>>>>>
2026-05-11 15:31:11,350 : INFO : EventManager : Event: ======'player_mach_scoring_mach_timer_tick'====== Args={'value': 12, 'prev_value': 13, 'change': -1, 'player_num': 1}
2026-05-11 15:31:11,350 : INFO : EventManager : Event: ======'timer_mach_timer_tick'====== Args={'ticks': 12, 'ticks_remaining': 12}
2026-05-11 15:31:11,374 : INFO : EventManager : Event: ======'slide_timer13_inactive'====== Args={'is_removing': True, '_from_bcp': True}
2026-05-11 15:31:11,374 : INFO : EventManager : Event: ======'slide_mach_1_75_active'====== Args={'_from_bcp': True}
2026-05-11 15:31:11,375 : INFO : EventManager : Event: ======'slide_timer13_removed'====== Args={'_from_bcp': True}
2026-05-11 15:31:11,375 : INFO : EventManager : Event: ======'slide_timer12_created'====== Args={'_from_bcp': True}
2026-05-11 15:31:11,375 : INFO : EventManager : Event: ======'slide_mach_1_75_inactive'====== Args={'is_removing': False, '_from_bcp': True}
2026-05-11 15:31:11,375 : INFO : EventManager : Event: ======'slide_timer12_active'====== Args={'original_context': 'mach_scoring', 'original_calling_context': 'timer_mach_timer_tick{device.timers.mach_timer.ticks==12 and current_player.inverted_perk_active==0}', 'priority': 500.0, 'ticks': 12.0, 'ticks_remaining': 12.0, 'cmd': 'slides_play', '_from_bcp': True}
2026-05-11 15:31:11,630 : INFO : SwitchController : <<<<<<< 's_orbit_right' active >>>>>>>
2026-05-11 15:31:11,630 : INFO : EventManager : Event: ======'s_orbit_right_active'====== Args={}
2026-05-11 15:31:11,630 : INFO : EventManager : Event: ======'sw_playfield_active'====== Args={}
2026-05-11 15:31:11,630 : INFO : EventManager : Event: ======'machine_var_audits_switches_s_orbit_right'====== Args={'value': 6976, 'prev_value': 6975, 'change': 1}
2026-05-11 15:31:11,631 : INFO : EventManager : Event: ======'left_orbit_shot_hit'====== Args={'priority': 0}
2026-05-11 15:31:11,631 : INFO : EventManager : Event: ======'timer_left_orbit_shot_timeout_stop'====== Args={'priority': 0}
2026-05-11 15:31:11,632 : INFO : EventManager : Event: ======'player_previous_switch_type'====== Args={'value': 0, 'prev_value': 1, 'change': -1, 'player_num': 1, 'source': 'pilot_mission_qualifier'}
2026-05-11 15:31:11,632 : INFO : EventManager : Event: ======'restart_right_orbit_lockout_timer'====== Args={'priority': 0}
2026-05-11 15:31:11,632 : INFO : EventManager : Event: ======'player_right_post_locked_out'====== Args={'value': 1, 'prev_value': 0, 'change': 1, 'player_num': 1, 'source': 'iceman_letters'}
2026-05-11 15:31:11,632 : INFO : EventManager : Event: ======'player_score'====== Args={'value': 16463625, 'prev_value': 16449625, 'change': 14000, 'player_num': 1, 'source': 'base'}
2026-05-11 15:31:11,632 : INFO : EventManager : Event: ======'player_bonus_switches_count'====== Args={'value': 31, 'prev_value': 30, 'change': 1, 'player_num': 1, 'source': 'base'}
2026-05-11 15:31:11,632 : INFO : EventManager : Event: ======'player_pilot_mission_qualifier_right_orbit_shot_timeout_tick'====== Args={'value': 0, 'prev_value': 3, 'change': -3, 'player_num': 1}
2026-05-11 15:31:11,632 : INFO : Timer.right_orbit_shot_timeout : Starting Timer.
2026-05-11 15:31:11,632 : INFO : EventManager : Event: ======'timer_right_orbit_shot_timeout_started'====== Args={'ticks': 0, 'ticks_remaining': 3}
2026-05-11 15:31:11,632 : INFO : EventManager : Event: ======'timer_right_orbit_shot_timeout_tick'====== Args={'ticks': 0, 'ticks_remaining': 3}
2026-05-11 15:31:11,632 : INFO : EventManager : Event: ======'player_orbit_shot_lockout'====== Args={'value': 1, 'prev_value': 0, 'change': 1, 'player_num': 1, 'source': 'pilot_mission_qualifier'}
2026-05-11 15:31:11,632 : INFO : EventManager : Event: ======'player_topgun_shots_collected'====== Args={'value': 3, 'prev_value': 2, 'change': 1, 'player_num': 1, 'source': 'pilot_mission_qualifier'}
2026-05-11 15:31:11,633 : INFO : EventManager : Event: ======'player_pilot_mission_qualifier_orbit_shot_lockout_timer_tick'====== Args={'value': 0, 'prev_value': 1, 'change': -1, 'player_num': 1}
2026-05-11 15:31:11,633 : INFO : Timer.orbit_shot_lockout_timer : Starting Timer.
2026-05-11 15:31:11,633 : INFO : EventManager : Event: ======'timer_orbit_shot_lockout_timer_started'====== Args={'ticks': 0, 'ticks_remaining': 1}
2026-05-11 15:31:11,633 : INFO : EventManager : Event: ======'timer_orbit_shot_lockout_timer_tick'====== Args={'ticks': 0, 'ticks_remaining': 1}
2026-05-11 15:31:11,633 : INFO : EventManager : Event: ======'topgun_letter_p_lit'====== Args={'priority': 0}
2026-05-11 15:31:11,633 : INFO : EventManager : Event: ======'player_iceman_letters_right_orbit_lockout_timer_tick'====== Args={'value': 0, 'prev_value': 3, 'change': -3, 'player_num': 1}
2026-05-11 15:31:11,633 : INFO : Timer.right_orbit_lockout_timer : Starting Timer.
2026-05-11 15:31:11,633 : INFO : EventManager : Event: ======'timer_right_orbit_lockout_timer_started'====== Args={'ticks': 0, 'ticks_remaining': 3}
2026-05-11 15:31:11,633 : INFO : EventManager : Event: ======'timer_right_orbit_lockout_timer_tick'====== Args={'ticks': 0, 'ticks_remaining': 3}
2026-05-11 15:31:11,642 : INFO : EventManager : Event: ======'slide_topgun_2_removed'====== Args={'_from_bcp': True}
2026-05-11 15:31:11,643 : INFO : EventManager : Event: ======'slide_topgun_3_created'====== Args={'_from_bcp': True}
2026-05-11 15:31:11,676 : INFO : SwitchController : <<<<<<< 's_orbit_right' inactive >>>>>>>
2026-05-11 15:31:12,130 : INFO : EventManager : Event: ======'player_pilot_mission_qualifier_orbit_shot_lockout_timer_tick'====== Args={'value': 1, 'prev_value': 0, 'change': 1, 'player_num': 1}
2026-05-11 15:31:12,130 : INFO : Timer.orbit_shot_lockout_timer : Timer Complete
2026-05-11 15:31:12,130 : INFO : Timer.orbit_shot_lockout_timer : Stopping Timer
2026-05-11 15:31:12,131 : INFO : EventManager : Event: ======'timer_orbit_shot_lockout_timer_stopped'====== Args={'ticks': 1, 'ticks_remaining': 1}
2026-05-11 15:31:12,131 : INFO : EventManager : Event: ======'timer_orbit_shot_lockout_timer_complete'====== Args={'ticks': 1, 'ticks_remaining': 1}
2026-05-11 15:31:12,131 : INFO : EventManager : Event: ======'player_orbit_shot_lockout'====== Args={'value': 0, 'prev_value': 1, 'change': -1, 'player_num': 1, 'source': 'pilot_mission_qualifier'}
2026-05-11 15:31:12,210 : INFO : SwitchController : <<<<<<< 's_lane_right' active >>>>>>>
2026-05-11 15:31:12,210 : INFO : EventManager : Event: ======'s_lane_right_active'====== Args={}
2026-05-11 15:31:12,210 : INFO : EventManager : Event: ======'sw_playfield_active'====== Args={}
2026-05-11 15:31:12,210 : INFO : EventManager : Event: ======'machine_var_audits_switches_s_lane_right'====== Args={'value': 4629, 'prev_value': 4628, 'change': 1}
2026-05-11 15:31:12,211 : INFO : EventManager : Event: ======'player_score'====== Args={'value': 16472375, 'prev_value': 16463625, 'change': 8750, 'player_num': 1, 'source': 'base'}
2026-05-11 15:31:12,212 : INFO : EventManager : Event: ======'player_bonus_switches_count'====== Args={'value': 32, 'prev_value': 31, 'change': 1, 'player_num': 1, 'source': 'base'}
2026-05-11 15:31:12,225 : INFO : EventManager : Event: ======'player_ball_save_scoop_save_countdown_tick'====== Args={'value': 2, 'prev_value': 3, 'change': -1, 'player_num': 1}
2026-05-11 15:31:12,225 : INFO : EventManager : Event: ======'timer_scoop_save_countdown_tick'====== Args={'ticks': 2, 'ticks_remaining': 2}
2026-05-11 15:31:12,226 : INFO : EventManager : Event: ======'ball_save_flash_off'====== Args={'priority': 0}
2026-05-11 15:31:12,226 : INFO : EventManager : Event: ======'player_ball_save_time_remaining'====== Args={'value': 2, 'prev_value': 3, 'change': -1, 'player_num': 1, 'source': 'ball_save'}
2026-05-11 15:31:12,241 : INFO : SwitchController : <<<<<<< 's_lane_right' inactive >>>>>>>
2026-05-11 15:31:12,302 : INFO : EventManager : Event: ======'player_pilot_mission_qualifier_left_orbit_shot_timeout_tick'====== Args={'value': 1, 'prev_value': 0, 'change': 1, 'player_num': 1}
2026-05-11 15:31:12,302 : INFO : EventManager : Event: ======'timer_left_orbit_shot_timeout_tick'====== Args={'ticks': 1, 'ticks_remaining': 2}
2026-05-11 15:31:12,349 : INFO : EventManager : Event: ======'player_mach_scoring_mach_timer_tick'====== Args={'value': 11, 'prev_value': 12, 'change': -1, 'player_num': 1}
2026-05-11 15:31:12,349 : INFO : EventManager : Event: ======'timer_mach_timer_tick'====== Args={'ticks': 11, 'ticks_remaining': 11}
2026-05-11 15:31:12,376 : INFO : EventManager : Event: ======'slide_timer12_inactive'====== Args={'is_removing': True, '_from_bcp': True}
2026-05-11 15:31:12,376 : INFO : EventManager : Event: ======'slide_mach_1_75_active'====== Args={'_from_bcp': True}
2026-05-11 15:31:12,377 : INFO : EventManager : Event: ======'slide_timer12_removed'====== Args={'_from_bcp': True}
2026-05-11 15:31:12,377 : INFO : EventManager : Event: ======'slide_timer11_created'====== Args={'_from_bcp': True}
2026-05-11 15:31:12,377 : INFO : EventManager : Event: ======'slide_mach_1_75_inactive'====== Args={'is_removing': False, '_from_bcp': True}
2026-05-11 15:31:12,377 : INFO : EventManager : Event: ======'slide_timer11_active'====== Args={'original_context': 'mach_scoring', 'original_calling_context': 'timer_mach_timer_tick{device.timers.mach_timer.ticks==11 and current_player.inverted_perk_active==0}', 'priority': 500.0, 'ticks': 11.0, 'ticks_remaining': 11.0, 'cmd': 'slides_play', '_from_bcp': True}
2026-05-11 15:31:12,645 : INFO : EventManager : Event: ======'player_pilot_mission_qualifier_right_orbit_shot_timeout_tick'====== Args={'value': 1, 'prev_value': 0, 'change': 1, 'player_num': 1}
2026-05-11 15:31:12,645 : INFO : EventManager : Event: ======'timer_right_orbit_shot_timeout_tick'====== Args={'ticks': 1, 'ticks_remaining': 2}
2026-05-11 15:31:12,645 : INFO : EventManager : Event: ======'player_iceman_letters_right_orbit_lockout_timer_tick'====== Args={'value': 1, 'prev_value': 0, 'change': 1, 'player_num': 1}
2026-05-11 15:31:12,646 : INFO : EventManager : Event: ======'timer_right_orbit_lockout_timer_tick'====== Args={'ticks': 1, 'ticks_remaining': 2}
2026-05-11 15:31:13,227 : INFO : EventManager : Event: ======'player_ball_save_scoop_save_countdown_tick'====== Args={'value': 1, 'prev_value': 2, 'change': -1, 'player_num': 1}
2026-05-11 15:31:13,227 : INFO : EventManager : Event: ======'timer_scoop_save_countdown_tick'====== Args={'ticks': 1, 'ticks_remaining': 1}
2026-05-11 15:31:13,228 : INFO : EventManager : Event: ======'ball_save_flash_off'====== Args={'priority': 0}
2026-05-11 15:31:13,228 : INFO : EventManager : Event: ======'player_ball_save_time_remaining'====== Args={'value': 1, 'prev_value': 2, 'change': -1, 'player_num': 1, 'source': 'ball_save'}
2026-05-11 15:31:13,306 : INFO : EventManager : Event: ======'player_pilot_mission_qualifier_left_orbit_shot_timeout_tick'====== Args={'value': 2, 'prev_value': 1, 'change': 1, 'player_num': 1}
2026-05-11 15:31:13,306 : INFO : EventManager : Event: ======'timer_left_orbit_shot_timeout_tick'====== Args={'ticks': 2, 'ticks_remaining': 1}
2026-05-11 15:31:13,354 : INFO : EventManager : Event: ======'player_mach_scoring_mach_timer_tick'====== Args={'value': 10, 'prev_value': 11, 'change': -1, 'player_num': 1}
2026-05-11 15:31:13,354 : INFO : EventManager : Event: ======'timer_mach_timer_tick'====== Args={'ticks': 10, 'ticks_remaining': 10}
2026-05-11 15:31:13,376 : INFO : EventManager : Event: ======'slide_timer11_inactive'====== Args={'is_removing': True, '_from_bcp': True}
2026-05-11 15:31:13,376 : INFO : EventManager : Event: ======'slide_mach_1_75_active'====== Args={'_from_bcp': True}
2026-05-11 15:31:13,377 : INFO : EventManager : Event: ======'slide_timer11_removed'====== Args={'_from_bcp': True}
2026-05-11 15:31:13,377 : INFO : EventManager : Event: ======'slide_timer10_created'====== Args={'_from_bcp': True}
2026-05-11 15:31:13,377 : INFO : EventManager : Event: ======'slide_mach_1_75_inactive'====== Args={'is_removing': False, '_from_bcp': True}
2026-05-11 15:31:13,378 : INFO : EventManager : Event: ======'slide_timer10_active'====== Args={'original_context': 'mach_scoring', 'original_calling_context': 'timer_mach_timer_tick{device.timers.mach_timer.ticks==10 and current_player.inverted_perk_active==0}', 'priority': 500.0, 'ticks': 10.0, 'ticks_remaining': 10.0, 'cmd': 'slides_play', '_from_bcp': True}
2026-05-11 15:31:13,636 : INFO : EventManager : Event: ======'player_iceman_letters_right_orbit_lockout_timer_tick'====== Args={'value': 2, 'prev_value': 1, 'change': 1, 'player_num': 1}
2026-05-11 15:31:13,636 : INFO : EventManager : Event: ======'timer_right_orbit_lockout_timer_tick'====== Args={'ticks': 2, 'ticks_remaining': 1}
2026-05-11 15:31:13,636 : INFO : EventManager : Event: ======'player_pilot_mission_qualifier_right_orbit_shot_timeout_tick'====== Args={'value': 2, 'prev_value': 1, 'change': 1, 'player_num': 1}
2026-05-11 15:31:13,636 : INFO : EventManager : Event: ======'timer_right_orbit_shot_timeout_tick'====== Args={'ticks': 2, 'ticks_remaining': 1}
2026-05-11 15:31:14,229 : INFO : EventManager : Event: ======'ball_save_scoop_eject_save_grace_period'====== Args={}
2026-05-11 15:31:14,229 : INFO : EventManager : Event: ======'ball_save_scoop_eject_save_hurry_up'====== Args={}
2026-05-11 15:31:14,229 : INFO : EventManager : Event: ======'player_ball_save_scoop_save_countdown_tick'====== Args={'value': 0, 'prev_value': 1, 'change': -1, 'player_num': 1}
2026-05-11 15:31:14,230 : INFO : Timer.scoop_save_countdown : Timer Complete
2026-05-11 15:31:14,230 : INFO : Timer.scoop_save_countdown : Stopping Timer
2026-05-11 15:31:14,230 : INFO : EventManager : Event: ======'timer_scoop_save_countdown_stopped'====== Args={'ticks': 0, 'ticks_remaining': 1}
2026-05-11 15:31:14,230 : INFO : EventManager : Event: ======'timer_scoop_save_countdown_complete'====== Args={'ticks': 0, 'ticks_remaining': 1}
2026-05-11 15:31:14,230 : INFO : EventManager : Event: ======'ball_save_flash_stop'====== Args={'priority': 0}
2026-05-11 15:31:14,307 : INFO : EventManager : Event: ======'player_pilot_mission_qualifier_left_orbit_shot_timeout_tick'====== Args={'value': 3, 'prev_value': 2, 'change': 1, 'player_num': 1}
2026-05-11 15:31:14,307 : INFO : Timer.left_orbit_shot_timeout : Timer Complete
2026-05-11 15:31:14,307 : INFO : Timer.left_orbit_shot_timeout : Stopping Timer
2026-05-11 15:31:14,307 : INFO : EventManager : Event: ======'timer_left_orbit_shot_timeout_stopped'====== Args={'ticks': 3, 'ticks_remaining': 1}
2026-05-11 15:31:14,308 : INFO : EventManager : Event: ======'timer_left_orbit_shot_timeout_complete'====== Args={'ticks': 3, 'ticks_remaining': 1}
2026-05-11 15:31:14,355 : INFO : EventManager : Event: ======'player_mach_scoring_mach_timer_tick'====== Args={'value': 9, 'prev_value': 10, 'change': -1, 'player_num': 1}
2026-05-11 15:31:14,355 : INFO : EventManager : Event: ======'timer_mach_timer_tick'====== Args={'ticks': 9, 'ticks_remaining': 9}
2026-05-11 15:31:14,361 : INFO : EventManager : Event: ======'slide_timer10_inactive'====== Args={'is_removing': True, '_from_bcp': True}
2026-05-11 15:31:14,361 : INFO : EventManager : Event: ======'slide_mach_1_75_active'====== Args={'_from_bcp': True}
2026-05-11 15:31:14,362 : INFO : EventManager : Event: ======'slide_timer10_removed'====== Args={'_from_bcp': True}
2026-05-11 15:31:14,362 : INFO : EventManager : Event: ======'slide_timer9_created'====== Args={'_from_bcp': True}
2026-05-11 15:31:14,362 : INFO : EventManager : Event: ======'slide_mach_1_75_inactive'====== Args={'is_removing': False, '_from_bcp': True}
2026-05-11 15:31:14,362 : INFO : EventManager : Event: ======'slide_timer9_active'====== Args={'original_context': 'mach_scoring', 'original_calling_context': 'timer_mach_timer_tick{device.timers.mach_timer.ticks==9 and current_player.inverted_perk_active==0}', 'priority': 500.0, 'ticks': 9.0, 'ticks_remaining': 9.0, 'cmd': 'slides_play', '_from_bcp': True}
2026-05-11 15:31:14,637 : INFO : EventManager : Event: ======'player_iceman_letters_right_orbit_lockout_timer_tick'====== Args={'value': 3, 'prev_value': 2, 'change': 1, 'player_num': 1}
2026-05-11 15:31:14,637 : INFO : Timer.right_orbit_lockout_timer : Timer Complete
2026-05-11 15:31:14,637 : INFO : Timer.right_orbit_lockout_timer : Stopping Timer
2026-05-11 15:31:14,637 : INFO : EventManager : Event: ======'timer_right_orbit_lockout_timer_stopped'====== Args={'ticks': 3, 'ticks_remaining': 1}
2026-05-11 15:31:14,637 : INFO : EventManager : Event: ======'timer_right_orbit_lockout_timer_complete'====== Args={'ticks': 3, 'ticks_remaining': 1}
2026-05-11 15:31:14,637 : INFO : EventManager : Event: ======'player_pilot_mission_qualifier_right_orbit_shot_timeout_tick'====== Args={'value': 3, 'prev_value': 2, 'change': 1, 'player_num': 1}
2026-05-11 15:31:14,638 : INFO : Timer.right_orbit_shot_timeout : Timer Complete
2026-05-11 15:31:14,638 : INFO : Timer.right_orbit_shot_timeout : Stopping Timer
2026-05-11 15:31:14,638 : INFO : EventManager : Event: ======'timer_right_orbit_shot_timeout_stopped'====== Args={'ticks': 3, 'ticks_remaining': 1}
2026-05-11 15:31:14,638 : INFO : EventManager : Event: ======'timer_right_orbit_shot_timeout_complete'====== Args={'ticks': 3, 'ticks_remaining': 1}
2026-05-11 15:31:14,638 : INFO : EventManager : Event: ======'player_right_post_locked_out'====== Args={'value': 0, 'prev_value': 1, 'change': -1, 'player_num': 1, 'source': 'iceman_letters'}
2026-05-11 15:31:14,732 : INFO : EventManager : Event: ======'ball_save_scoop_eject_save_disabled'====== Args={}
2026-05-11 15:31:14,732 : INFO : EventManager : Event: ======'player_ball_save_active'====== Args={'value': 0, 'prev_value': 1, 'change': -1, 'player_num': 1, 'source': 'ball_save'}
2026-05-11 15:31:14,732 : INFO : Timer.scoop_save_countdown : Stopping Timer
2026-05-11 15:31:14,732 : INFO : EventManager : Event: ======'timer_scoop_save_countdown_stopped'====== Args={'ticks': 0, 'ticks_remaining': 1}
2026-05-11 15:31:14,953 : INFO : SwitchController : <<<<<<< 's_orbit_left' active >>>>>>>
2026-05-11 15:31:14,953 : INFO : EventManager : Event: ======'s_orbit_left_active'====== Args={}
2026-05-11 15:31:14,953 : INFO : EventManager : Event: ======'sw_playfield_active'====== Args={}
2026-05-11 15:31:14,953 : INFO : EventManager : Event: ======'machine_var_audits_switches_s_orbit_left'====== Args={'value': 8489, 'prev_value': 8488, 'change': 1}
2026-05-11 15:31:14,955 : INFO : EventManager : Event: ======'player_previous_switch_type'====== Args={'value': 1, 'prev_value': 0, 'change': 1, 'player_num': 1, 'source': 'pilot_mission_qualifier'}
2026-05-11 15:31:14,955 : INFO : EventManager : Event: ======'player_score'====== Args={'value': 16486375, 'prev_value': 16472375, 'change': 14000, 'player_num': 1, 'source': 'base'}
2026-05-11 15:31:14,955 : INFO : EventManager : Event: ======'player_bonus_switches_count'====== Args={'value': 33, 'prev_value': 32, 'change': 1, 'player_num': 1, 'source': 'base'}
2026-05-11 15:31:14,955 : INFO : EventManager : Event: ======'player_pilot_mission_qualifier_left_orbit_shot_timeout_tick'====== Args={'value': 0, 'prev_value': 3, 'change': -3, 'player_num': 1}
2026-05-11 15:31:14,955 : INFO : Timer.left_orbit_shot_timeout : Starting Timer.
2026-05-11 15:31:14,956 : INFO : EventManager : Event: ======'timer_left_orbit_shot_timeout_started'====== Args={'ticks': 0, 'ticks_remaining': 3}
2026-05-11 15:31:14,956 : INFO : EventManager : Event: ======'timer_left_orbit_shot_timeout_tick'====== Args={'ticks': 0, 'ticks_remaining': 3}
2026-05-11 15:31:14,984 : INFO : SwitchController : <<<<<<< 's_orbit_left' inactive >>>>>>>
2026-05-11 15:31:15,328 : INFO : SwitchController : <<<<<<< 's_orbit_right' active >>>>>>>
2026-05-11 15:31:15,328 : INFO : EventManager : Event: ======'s_orbit_right_active'====== Args={}
2026-05-11 15:31:15,328 : INFO : EventManager : Event: ======'sw_playfield_active'====== Args={}
2026-05-11 15:31:15,328 : INFO : EventManager : Event: ======'machine_var_audits_switches_s_orbit_right'====== Args={'value': 6977, 'prev_value': 6976, 'change': 1}
2026-05-11 15:31:15,329 : INFO : EventManager : Event: ======'left_orbit_shot_hit'====== Args={'priority': 0}
2026-05-11 15:31:15,329 : INFO : EventManager : Event: ======'timer_left_orbit_shot_timeout_stop'====== Args={'priority': 0}
2026-05-11 15:31:15,329 : INFO : EventManager : Event: ======'player_previous_switch_type'====== Args={'value': 0, 'prev_value': 1, 'change': -1, 'player_num': 1, 'source': 'pilot_mission_qualifier'}
2026-05-11 15:31:15,330 : INFO : EventManager : Event: ======'restart_right_orbit_lockout_timer'====== Args={'priority': 0}
2026-05-11 15:31:15,330 : INFO : EventManager : Event: ======'player_right_post_locked_out'====== Args={'value': 1, 'prev_value': 0, 'change': 1, 'player_num': 1, 'source': 'iceman_letters'}
2026-05-11 15:31:15,330 : INFO : EventManager : Event: ======'player_score'====== Args={'value': 16500375, 'prev_value': 16486375, 'change': 14000, 'player_num': 1, 'source': 'base'}
2026-05-11 15:31:15,330 : INFO : EventManager : Event: ======'player_bonus_switches_count'====== Args={'value': 34, 'prev_value': 33, 'change': 1, 'player_num': 1, 'source': 'base'}
2026-05-11 15:31:15,330 : INFO : EventManager : Event: ======'player_pilot_mission_qualifier_right_orbit_shot_timeout_tick'====== Args={'value': 0, 'prev_value': 3, 'change': -3, 'player_num': 1}
2026-05-11 15:31:15,330 : INFO : Timer.right_orbit_shot_timeout : Starting Timer.
2026-05-11 15:31:15,330 : INFO : EventManager : Event: ======'timer_right_orbit_shot_timeout_started'====== Args={'ticks': 0, 'ticks_remaining': 3}
2026-05-11 15:31:15,330 : INFO : EventManager : Event: ======'timer_right_orbit_shot_timeout_tick'====== Args={'ticks': 0, 'ticks_remaining': 3}
2026-05-11 15:31:15,330 : INFO : EventManager : Event: ======'player_orbit_shot_lockout'====== Args={'value': 1, 'prev_value': 0, 'change': 1, 'player_num': 1, 'source': 'pilot_mission_qualifier'}
2026-05-11 15:31:15,332 : INFO : EventManager : Event: ======'player_topgun_shots_collected'====== Args={'value': 4, 'prev_value': 3, 'change': 1, 'player_num': 1, 'source': 'pilot_mission_qualifier'}
2026-05-11 15:31:15,332 : INFO : EventManager : Event: ======'player_pilot_mission_qualifier_orbit_shot_lockout_timer_tick'====== Args={'value': 0, 'prev_value': 1, 'change': -1, 'player_num': 1}
2026-05-11 15:31:15,332 : INFO : Timer.orbit_shot_lockout_timer : Starting Timer.
2026-05-11 15:31:15,332 : INFO : EventManager : Event: ======'timer_orbit_shot_lockout_timer_started'====== Args={'ticks': 0, 'ticks_remaining': 1}
2026-05-11 15:31:15,332 : INFO : EventManager : Event: ======'timer_orbit_shot_lockout_timer_tick'====== Args={'ticks': 0, 'ticks_remaining': 1}
2026-05-11 15:31:15,332 : INFO : EventManager : Event: ======'topgun_letter_g_lit'====== Args={'priority': 0}
2026-05-11 15:31:15,332 : INFO : EventManager : Event: ======'player_iceman_letters_right_orbit_lockout_timer_tick'====== Args={'value': 0, 'prev_value': 3, 'change': -3, 'player_num': 1}
2026-05-11 15:31:15,332 : INFO : Timer.right_orbit_lockout_timer : Starting Timer.
2026-05-11 15:31:15,332 : INFO : EventManager : Event: ======'timer_right_orbit_lockout_timer_started'====== Args={'ticks': 0, 'ticks_remaining': 3}
2026-05-11 15:31:15,332 : INFO : EventManager : Event: ======'timer_right_orbit_lockout_timer_tick'====== Args={'ticks': 0, 'ticks_remaining': 3}
2026-05-11 15:31:15,346 : INFO : EventManager : Event: ======'slide_topgun_3_removed'====== Args={'_from_bcp': True}
2026-05-11 15:31:15,347 : INFO : EventManager : Event: ======'slide_topgun_4_created'====== Args={'_from_bcp': True}
2026-05-11 15:31:15,359 : INFO : EventManager : Event: ======'player_mach_scoring_mach_timer_tick'====== Args={'value': 8, 'prev_value': 9, 'change': -1, 'player_num': 1}
2026-05-11 15:31:15,359 : INFO : EventManager : Event: ======'timer_mach_timer_tick'====== Args={'ticks': 8, 'ticks_remaining': 8}
2026-05-11 15:31:15,375 : INFO : SwitchController : <<<<<<< 's_orbit_right' inactive >>>>>>>
2026-05-11 15:31:15,378 : INFO : EventManager : Event: ======'slide_timer9_inactive'====== Args={'is_removing': True, '_from_bcp': True}
2026-05-11 15:31:15,379 : INFO : EventManager : Event: ======'slide_mach_1_75_active'====== Args={'_from_bcp': True}
2026-05-11 15:31:15,379 : INFO : EventManager : Event: ======'slide_timer9_removed'====== Args={'_from_bcp': True}
2026-05-11 15:31:15,379 : INFO : EventManager : Event: ======'slide_timer8_created'====== Args={'_from_bcp': True}
2026-05-11 15:31:15,379 : INFO : EventManager : Event: ======'slide_mach_1_75_inactive'====== Args={'is_removing': False, '_from_bcp': True}
2026-05-11 15:31:15,379 : INFO : EventManager : Event: ======'slide_timer8_active'====== Args={'original_context': 'mach_scoring', 'original_calling_context': 'timer_mach_timer_tick{device.timers.mach_timer.ticks==8 and current_player.inverted_perk_active==0}', 'priority': 500.0, 'ticks': 8.0, 'ticks_remaining': 8.0, 'cmd': 'slides_play', '_from_bcp': True}
2026-05-11 15:31:15,813 : INFO : EventManager : Event: ======'player_pilot_mission_qualifier_orbit_shot_lockout_timer_tick'====== Args={'value': 1, 'prev_value': 0, 'change': 1, 'player_num': 1}
2026-05-11 15:31:15,814 : INFO : Timer.orbit_shot_lockout_timer : Timer Complete
2026-05-11 15:31:15,814 : INFO : Timer.orbit_shot_lockout_timer : Stopping Timer
2026-05-11 15:31:15,814 : INFO : EventManager : Event: ======'timer_orbit_shot_lockout_timer_stopped'====== Args={'ticks': 1, 'ticks_remaining': 1}
2026-05-11 15:31:15,814 : INFO : EventManager : Event: ======'timer_orbit_shot_lockout_timer_complete'====== Args={'ticks': 1, 'ticks_remaining': 1}
2026-05-11 15:31:15,814 : INFO : EventManager : Event: ======'player_orbit_shot_lockout'====== Args={'value': 0, 'prev_value': 1, 'change': -1, 'player_num': 1, 'source': 'pilot_mission_qualifier'}
2026-05-11 15:31:15,861 : INFO : SwitchController : <<<<<<< 's_lane_right' active >>>>>>>
2026-05-11 15:31:15,861 : INFO : EventManager : Event: ======'s_lane_right_active'====== Args={}
2026-05-11 15:31:15,861 : INFO : EventManager : Event: ======'sw_playfield_active'====== Args={}
2026-05-11 15:31:15,861 : INFO : EventManager : Event: ======'machine_var_audits_switches_s_lane_right'====== Args={'value': 4630, 'prev_value': 4629, 'change': 1}
2026-05-11 15:31:15,862 : INFO : EventManager : Event: ======'player_score'====== Args={'value': 16509125, 'prev_value': 16500375, 'change': 8750, 'player_num': 1, 'source': 'base'}
2026-05-11 15:31:15,862 : INFO : EventManager : Event: ======'player_bonus_switches_count'====== Args={'value': 35, 'prev_value': 34, 'change': 1, 'player_num': 1, 'source': 'base'}
2026-05-11 15:31:15,892 : INFO : SwitchController : <<<<<<< 's_lane_right' inactive >>>>>>>
2026-05-11 15:31:15,939 : INFO : EventManager : Event: ======'player_pilot_mission_qualifier_left_orbit_shot_timeout_tick'====== Args={'value': 1, 'prev_value': 0, 'change': 1, 'player_num': 1}
2026-05-11 15:31:15,939 : INFO : EventManager : Event: ======'timer_left_orbit_shot_timeout_tick'====== Args={'ticks': 1, 'ticks_remaining': 2}
2026-05-11 15:31:16,313 : INFO : EventManager : Event: ======'player_pilot_mission_qualifier_right_orbit_shot_timeout_tick'====== Args={'value': 1, 'prev_value': 0, 'change': 1, 'player_num': 1}
2026-05-11 15:31:16,313 : INFO : EventManager : Event: ======'timer_right_orbit_shot_timeout_tick'====== Args={'ticks': 1, 'ticks_remaining': 2}
2026-05-11 15:31:16,313 : INFO : EventManager : Event: ======'player_iceman_letters_right_orbit_lockout_timer_tick'====== Args={'value': 1, 'prev_value': 0, 'change': 1, 'player_num': 1}
2026-05-11 15:31:16,313 : INFO : EventManager : Event: ======'timer_right_orbit_lockout_timer_tick'====== Args={'ticks': 1, 'ticks_remaining': 2}
2026-05-11 15:31:16,359 : INFO : EventManager : Event: ======'player_mach_scoring_mach_timer_tick'====== Args={'value': 7, 'prev_value': 8, 'change': -1, 'player_num': 1}
2026-05-11 15:31:16,359 : INFO : EventManager : Event: ======'timer_mach_timer_tick'====== Args={'ticks': 7, 'ticks_remaining': 7}
2026-05-11 15:31:16,362 : INFO : EventManager : Event: ======'slide_timer8_inactive'====== Args={'is_removing': True, '_from_bcp': True}
2026-05-11 15:31:16,362 : INFO : EventManager : Event: ======'slide_mach_1_75_active'====== Args={'_from_bcp': True}
2026-05-11 15:31:16,363 : INFO : EventManager : Event: ======'slide_timer8_removed'====== Args={'_from_bcp': True}
2026-05-11 15:31:16,363 : INFO : EventManager : Event: ======'slide_timer7_created'====== Args={'_from_bcp': True}
2026-05-11 15:31:16,363 : INFO : EventManager : Event: ======'slide_mach_1_75_inactive'====== Args={'is_removing': False, '_from_bcp': True}
2026-05-11 15:31:16,363 : INFO : EventManager : Event: ======'slide_timer7_active'====== Args={'original_context': 'mach_scoring', 'original_calling_context': 'timer_mach_timer_tick{device.timers.mach_timer.ticks==7 and current_player.inverted_perk_active==0}', 'priority': 500.0, 'ticks': 7.0, 'ticks_remaining': 7.0, 'cmd': 'slides_play', '_from_bcp': True}
2026-05-11 15:31:16,936 : INFO : EventManager : Event: ======'player_pilot_mission_qualifier_left_orbit_shot_timeout_tick'====== Args={'value': 2, 'prev_value': 1, 'change': 1, 'player_num': 1}
2026-05-11 15:31:16,936 : INFO : EventManager : Event: ======'timer_left_orbit_shot_timeout_tick'====== Args={'ticks': 2, 'ticks_remaining': 1}
2026-05-11 15:31:17,312 : INFO : EventManager : Event: ======'player_iceman_letters_right_orbit_lockout_timer_tick'====== Args={'value': 2, 'prev_value': 1, 'change': 1, 'player_num': 1}
2026-05-11 15:31:17,313 : INFO : EventManager : Event: ======'timer_right_orbit_lockout_timer_tick'====== Args={'ticks': 2, 'ticks_remaining': 1}
2026-05-11 15:31:17,313 : INFO : EventManager : Event: ======'player_pilot_mission_qualifier_right_orbit_shot_timeout_tick'====== Args={'value': 2, 'prev_value': 1, 'change': 1, 'player_num': 1}
2026-05-11 15:31:17,314 : INFO : EventManager : Event: ======'timer_right_orbit_shot_timeout_tick'====== Args={'ticks': 2, 'ticks_remaining': 1}
2026-05-11 15:31:17,359 : INFO : EventManager : Event: ======'player_mach_scoring_mach_timer_tick'====== Args={'value': 6, 'prev_value': 7, 'change': -1, 'player_num': 1}
2026-05-11 15:31:17,359 : INFO : EventManager : Event: ======'timer_mach_timer_tick'====== Args={'ticks': 6, 'ticks_remaining': 6}
2026-05-11 15:31:17,380 : INFO : EventManager : Event: ======'slide_timer7_inactive'====== Args={'is_removing': True, '_from_bcp': True}
2026-05-11 15:31:17,380 : INFO : EventManager : Event: ======'slide_mach_1_75_active'====== Args={'_from_bcp': True}
2026-05-11 15:31:17,382 : INFO : EventManager : Event: ======'slide_timer7_removed'====== Args={'_from_bcp': True}
2026-05-11 15:31:17,382 : INFO : EventManager : Event: ======'slide_timer6_created'====== Args={'_from_bcp': True}
2026-05-11 15:31:17,382 : INFO : EventManager : Event: ======'slide_mach_1_75_inactive'====== Args={'is_removing': False, '_from_bcp': True}
2026-05-11 15:31:17,382 : INFO : EventManager : Event: ======'slide_timer6_active'====== Args={'original_context': 'mach_scoring', 'original_calling_context': 'timer_mach_timer_tick{device.timers.mach_timer.ticks==6 and current_player.inverted_perk_active==0}', 'priority': 500.0, 'ticks': 6.0, 'ticks_remaining': 6.0, 'cmd': 'slides_play', '_from_bcp': True}
2026-05-11 15:31:17,654 : INFO : SwitchController : <<<<<<< 's_flipper_left_upper_eos' active >>>>>>>
2026-05-11 15:31:17,654 : INFO : EventManager : Event: ======'s_flipper_left_upper_eos_active'====== Args={}
2026-05-11 15:31:17,654 : INFO : EventManager : Event: ======'machine_var_audits_switches_s_flipper_left_upper_eos'====== Args={'value': 63069, 'prev_value': 63068, 'change': 1}
2026-05-11 15:31:17,655 : INFO : SwitchController : <<<<<<< 's_flipper_left_upper_eos' inactive >>>>>>>
2026-05-11 15:31:17,655 : INFO : EventManager : Event: ======'player_previous_switch_type'====== Args={'value': 2, 'prev_value': 0, 'change': 2, 'player_num': 1, 'source': 'pilot_mission_qualifier'}
2026-05-11 15:31:17,934 : INFO : EventManager : Event: ======'player_pilot_mission_qualifier_left_orbit_shot_timeout_tick'====== Args={'value': 3, 'prev_value': 2, 'change': 1, 'player_num': 1}
2026-05-11 15:31:17,934 : INFO : Timer.left_orbit_shot_timeout : Timer Complete
2026-05-11 15:31:17,934 : INFO : Timer.left_orbit_shot_timeout : Stopping Timer
2026-05-11 15:31:17,934 : INFO : EventManager : Event: ======'timer_left_orbit_shot_timeout_stopped'====== Args={'ticks': 3, 'ticks_remaining': 1}
2026-05-11 15:31:17,934 : INFO : EventManager : Event: ======'timer_left_orbit_shot_timeout_complete'====== Args={'ticks': 3, 'ticks_remaining': 1}
2026-05-11 15:31:18,308 : INFO : EventManager : Event: ======'player_iceman_letters_right_orbit_lockout_timer_tick'====== Args={'value': 3, 'prev_value': 2, 'change': 1, 'player_num': 1}
2026-05-11 15:31:18,308 : INFO : Timer.right_orbit_lockout_timer : Timer Complete
2026-05-11 15:31:18,308 : INFO : Timer.right_orbit_lockout_timer : Stopping Timer
2026-05-11 15:31:18,308 : INFO : EventManager : Event: ======'timer_right_orbit_lockout_timer_stopped'====== Args={'ticks': 3, 'ticks_remaining': 1}
2026-05-11 15:31:18,308 : INFO : EventManager : Event: ======'timer_right_orbit_lockout_timer_complete'====== Args={'ticks': 3, 'ticks_remaining': 1}
2026-05-11 15:31:18,308 : INFO : EventManager : Event: ======'player_pilot_mission_qualifier_right_orbit_shot_timeout_tick'====== Args={'value': 3, 'prev_value': 2, 'change': 1, 'player_num': 1}
2026-05-11 15:31:18,309 : INFO : Timer.right_orbit_shot_timeout : Timer Complete
2026-05-11 15:31:18,309 : INFO : Timer.right_orbit_shot_timeout : Stopping Timer
2026-05-11 15:31:18,309 : INFO : EventManager : Event: ======'timer_right_orbit_shot_timeout_stopped'====== Args={'ticks': 3, 'ticks_remaining': 1}
2026-05-11 15:31:18,309 : INFO : EventManager : Event: ======'timer_right_orbit_shot_timeout_complete'====== Args={'ticks': 3, 'ticks_remaining': 1}
2026-05-11 15:31:18,309 : INFO : EventManager : Event: ======'player_right_post_locked_out'====== Args={'value': 0, 'prev_value': 1, 'change': -1, 'player_num': 1, 'source': 'iceman_letters'}
2026-05-11 15:31:18,354 : INFO : EventManager : Event: ======'player_mach_scoring_mach_timer_tick'====== Args={'value': 5, 'prev_value': 6, 'change': -1, 'player_num': 1}
2026-05-11 15:31:18,354 : INFO : EventManager : Event: ======'timer_mach_timer_tick'====== Args={'ticks': 5, 'ticks_remaining': 5}
2026-05-11 15:31:18,355 : INFO : SwitchController : <<<<<<< 's_lane_left' active >>>>>>>
2026-05-11 15:31:18,355 : INFO : EventManager : Event: ======'s_lane_left_active'====== Args={}
2026-05-11 15:31:18,355 : INFO : EventManager : Event: ======'sw_playfield_active'====== Args={}
2026-05-11 15:31:18,355 : INFO : EventManager : Event: ======'sw_playfield_active'====== Args={}
2026-05-11 15:31:18,355 : INFO : EventManager : Event: ======'machine_var_audits_switches_s_lane_left'====== Args={'value': 2605, 'prev_value': 2604, 'change': 1}
2026-05-11 15:31:18,356 : INFO : EventManager : Event: ======'mach_timer_pause'====== Args={'priority': 0}
2026-05-11 15:31:18,356 : INFO : EventManager : Event: ======'under_flipper_shot_hit'====== Args={'priority': 0}
2026-05-11 15:31:18,356 : INFO : EventManager : Event: ======'player_topgun_shots_collected'====== Args={'value': 5, 'prev_value': 4, 'change': 1, 'player_num': 1, 'source': 'pilot_mission_qualifier'}
2026-05-11 15:31:18,357 : INFO : EventManager : Event: ======'player_previous_switch_type'====== Args={'value': 0, 'prev_value': 2, 'change': -2, 'player_num': 1, 'source': 'pilot_mission_qualifier'}
2026-05-11 15:31:18,357 : INFO : EventManager : Event: ======'player_topgun_ll_sixth_letter'====== Args={'value': 1, 'prev_value': 0, 'change': 1, 'player_num': 1, 'source': 'pilot_mission_qualifier'}
2026-05-11 15:31:18,357 : INFO : EventManager : Event: ======'player_hd_sw_lane_left'====== Args={'value': 1, 'prev_value': 0, 'change': 1, 'player_num': 1, 'source': 'hard_deck_qualifiers'}
2026-05-11 15:31:18,357 : INFO : EventManager : Event: ======'player_score'====== Args={'value': 16517875, 'prev_value': 16509125, 'change': 8750, 'player_num': 1, 'source': 'base'}
2026-05-11 15:31:18,357 : INFO : EventManager : Event: ======'player_bonus_switches_count'====== Args={'value': 36, 'prev_value': 35, 'change': 1, 'player_num': 1, 'source': 'base'}
2026-05-11 15:31:18,357 : INFO : Timer.mach_timer : Pausing Timer for 0 ms
2026-05-11 15:31:18,358 : INFO : EventManager : Event: ======'timer_mach_timer_paused'====== Args={'ticks': 5, 'ticks_remaining': 5}
2026-05-11 15:31:18,358 : INFO : EventManager : Event: ======'topgun_letter_u_lit'====== Args={'priority': 0}
2026-05-11 15:31:18,365 : INFO : EventManager : Event: ======'slide_timer6_inactive'====== Args={'is_removing': True, '_from_bcp': True}
2026-05-11 15:31:18,365 : INFO : EventManager : Event: ======'slide_mach_1_75_active'====== Args={'_from_bcp': True}
2026-05-11 15:31:18,365 : INFO : EventManager : Event: ======'slide_timer6_removed'====== Args={'_from_bcp': True}
2026-05-11 15:31:18,371 : INFO : EventManager : Event: ======'slide_timer5_created'====== Args={'_from_bcp': True}
2026-05-11 15:31:18,372 : INFO : EventManager : Event: ======'slide_mach_1_75_inactive'====== Args={'is_removing': False, '_from_bcp': True}
2026-05-11 15:31:18,372 : INFO : EventManager : Event: ======'slide_timer5_active'====== Args={'original_context': 'mach_scoring', 'original_calling_context': 'timer_mach_timer_tick{device.timers.mach_timer.ticks==5 and current_player.inverted_perk_active==0}', 'priority': 500.0, 'ticks': 5.0, 'ticks_remaining': 5.0, 'cmd': 'slides_play', '_from_bcp': True}
2026-05-11 15:31:18,372 : INFO : EventManager : Event: ======'slide_topgun_4_removed'====== Args={'_from_bcp': True}
2026-05-11 15:31:18,373 : INFO : EventManager : Event: ======'slide_topgun_5_created'====== Args={'_from_bcp': True}
2026-05-11 15:31:18,511 : INFO : SwitchController : <<<<<<< 's_lane_left' inactive >>>>>>>
2026-05-11 15:31:18,511 : INFO : EventManager : Event: ======'s_lane_left_inactive'====== Args={}
2026-05-11 15:31:18,513 : INFO : EventManager : Event: ======'mach_timer_resume'====== Args={'priority': 0}
2026-05-11 15:31:18,513 : INFO : Timer.mach_timer : Starting Timer.
2026-05-11 15:31:18,513 : INFO : EventManager : Event: ======'timer_mach_timer_started'====== Args={'ticks': 5, 'ticks_remaining': 5}
2026-05-11 15:31:18,513 : INFO : EventManager : Event: ======'timer_mach_timer_tick'====== Args={'ticks': 5, 'ticks_remaining': 5}
2026-05-11 15:31:19,508 : INFO : EventManager : Event: ======'player_mach_scoring_mach_timer_tick'====== Args={'value': 4, 'prev_value': 5, 'change': -1, 'player_num': 1}
2026-05-11 15:31:19,508 : INFO : EventManager : Event: ======'timer_mach_timer_tick'====== Args={'ticks': 4, 'ticks_remaining': 4}
2026-05-11 15:31:19,515 : INFO : EventManager : Event: ======'slide_timer5_inactive'====== Args={'is_removing': True, '_from_bcp': True}
2026-05-11 15:31:19,517 : INFO : EventManager : Event: ======'slide_mach_1_75_active'====== Args={'_from_bcp': True}
2026-05-11 15:31:19,517 : INFO : EventManager : Event: ======'slide_timer5_removed'====== Args={'_from_bcp': True}
2026-05-11 15:31:19,522 : INFO : EventManager : Event: ======'slide_timer4_created'====== Args={'_from_bcp': True}
2026-05-11 15:31:19,523 : INFO : EventManager : Event: ======'slide_mach_1_75_inactive'====== Args={'is_removing': False, '_from_bcp': True}
2026-05-11 15:31:19,523 : INFO : EventManager : Event: ======'slide_timer4_active'====== Args={'original_context': 'mach_scoring', 'original_calling_context': 'timer_mach_timer_tick{device.timers.mach_timer.ticks==4 and current_player.inverted_perk_active==0}', 'priority': 500.0, 'ticks': 4.0, 'ticks_remaining': 4.0, 'cmd': 'slides_play', '_from_bcp': True}
2026-05-11 15:31:20,508 : INFO : EventManager : Event: ======'player_mach_scoring_mach_timer_tick'====== Args={'value': 3, 'prev_value': 4, 'change': -1, 'player_num': 1}
2026-05-11 15:31:20,508 : INFO : EventManager : Event: ======'timer_mach_timer_tick'====== Args={'ticks': 3, 'ticks_remaining': 3}
2026-05-11 15:31:20,517 : INFO : EventManager : Event: ======'slide_timer4_inactive'====== Args={'is_removing': True, '_from_bcp': True}
2026-05-11 15:31:20,518 : INFO : EventManager : Event: ======'slide_mach_1_75_active'====== Args={'_from_bcp': True}
2026-05-11 15:31:20,518 : INFO : EventManager : Event: ======'slide_timer4_removed'====== Args={'_from_bcp': True}
2026-05-11 15:31:20,524 : INFO : EventManager : Event: ======'slide_timer3_created'====== Args={'_from_bcp': True}
2026-05-11 15:31:20,524 : INFO : EventManager : Event: ======'slide_mach_1_75_inactive'====== Args={'is_removing': False, '_from_bcp': True}
2026-05-11 15:31:20,525 : INFO : EventManager : Event: ======'slide_timer3_active'====== Args={'original_context': 'mach_scoring', 'original_calling_context': 'timer_mach_timer_tick{device.timers.mach_timer.ticks==3 and current_player.inverted_perk_active==0}', 'priority': 500.0, 'ticks': 3.0, 'ticks_remaining': 3.0, 'cmd': 'slides_play', '_from_bcp': True}
2026-05-11 15:31:20,743 : INFO : SwitchController : <<<<<<< 's_flipper_left_upper_eos' active >>>>>>>
2026-05-11 15:31:20,743 : INFO : EventManager : Event: ======'s_flipper_left_upper_eos_active'====== Args={}
2026-05-11 15:31:20,743 : INFO : EventManager : Event: ======'machine_var_audits_switches_s_flipper_left_upper_eos'====== Args={'value': 63070, 'prev_value': 63069, 'change': 1}
2026-05-11 15:31:20,746 : INFO : EventManager : Event: ======'player_previous_switch_type'====== Args={'value': 2, 'prev_value': 0, 'change': 2, 'player_num': 1, 'source': 'pilot_mission_qualifier'}
2026-05-11 15:31:20,961 : INFO : SwitchController : <<<<<<< 's_flipper_left_upper_eos' inactive >>>>>>>
2026-05-11 15:31:21,509 : INFO : EventManager : Event: ======'player_mach_scoring_mach_timer_tick'====== Args={'value': 2, 'prev_value': 3, 'change': -1, 'player_num': 1}
2026-05-11 15:31:21,509 : INFO : EventManager : Event: ======'timer_mach_timer_tick'====== Args={'ticks': 2, 'ticks_remaining': 2}
2026-05-11 15:31:21,518 : INFO : EventManager : Event: ======'slide_timer3_inactive'====== Args={'is_removing': True, '_from_bcp': True}
2026-05-11 15:31:21,518 : INFO : EventManager : Event: ======'slide_mach_1_75_active'====== Args={'_from_bcp': True}
2026-05-11 15:31:21,519 : INFO : EventManager : Event: ======'slide_timer3_removed'====== Args={'_from_bcp': True}
2026-05-11 15:31:21,525 : INFO : EventManager : Event: ======'slide_timer2_created'====== Args={'_from_bcp': True}
2026-05-11 15:31:21,526 : INFO : EventManager : Event: ======'slide_mach_1_75_inactive'====== Args={'is_removing': False, '_from_bcp': True}
2026-05-11 15:31:21,526 : INFO : EventManager : Event: ======'slide_timer2_active'====== Args={'original_context': 'mach_scoring', 'original_calling_context': 'timer_mach_timer_tick{device.timers.mach_timer.ticks==2 and current_player.inverted_perk_active==0}', 'priority': 500.0, 'ticks': 2.0, 'ticks_remaining': 2.0, 'cmd': 'slides_play', '_from_bcp': True}
2026-05-11 15:31:21,805 : INFO : SwitchController : <<<<<<< 's_lane_left' active >>>>>>>
2026-05-11 15:31:21,805 : INFO : EventManager : Event: ======'s_lane_left_active'====== Args={}
2026-05-11 15:31:21,805 : INFO : EventManager : Event: ======'sw_playfield_active'====== Args={}
2026-05-11 15:31:21,805 : INFO : EventManager : Event: ======'sw_playfield_active'====== Args={}
2026-05-11 15:31:21,805 : INFO : EventManager : Event: ======'machine_var_audits_switches_s_lane_left'====== Args={'value': 2606, 'prev_value': 2605, 'change': 1}
2026-05-11 15:31:21,807 : INFO : EventManager : Event: ======'mach_timer_pause'====== Args={'priority': 0}
2026-05-11 15:31:21,807 : INFO : EventManager : Event: ======'under_flipper_shot_hit'====== Args={'priority': 0}
2026-05-11 15:31:21,807 : INFO : EventManager : Event: ======'player_topgun_shots_collected'====== Args={'value': 6, 'prev_value': 5, 'change': 1, 'player_num': 1, 'source': 'pilot_mission_qualifier'}
2026-05-11 15:31:21,808 : INFO : EventManager : Event: ======'player_previous_switch_type'====== Args={'value': 0, 'prev_value': 2, 'change': -2, 'player_num': 1, 'source': 'pilot_mission_qualifier'}
2026-05-11 15:31:21,808 : INFO : EventManager : Event: ======'player_hd_sw_lane_left'====== Args={'value': 2, 'prev_value': 1, 'change': 1, 'player_num': 1, 'source': 'hard_deck_qualifiers'}
2026-05-11 15:31:21,808 : INFO : EventManager : Event: ======'player_score'====== Args={'value': 16526625, 'prev_value': 16517875, 'change': 8750, 'player_num': 1, 'source': 'base'}
2026-05-11 15:31:21,808 : INFO : EventManager : Event: ======'player_bonus_switches_count'====== Args={'value': 37, 'prev_value': 36, 'change': 1, 'player_num': 1, 'source': 'base'}
2026-05-11 15:31:21,808 : INFO : Timer.mach_timer : Pausing Timer for 0 ms
2026-05-11 15:31:21,808 : INFO : EventManager : Event: ======'timer_mach_timer_paused'====== Args={'ticks': 2, 'ticks_remaining': 2}
2026-05-11 15:31:21,809 : INFO : EventManager : Event: ======'topgun_letter_n_lit'====== Args={'priority': 0}
2026-05-11 15:31:21,809 : INFO : EventManager : Event: ======'topgun_pick_start'====== Args={'priority': 0}
2026-05-11 15:31:21,809 : INFO : EventManager : Event: ======'topgun_start_no_margin_for_error'====== Args={}
2026-05-11 15:31:21,809 : INFO : EventManager : Event: ======'qualify_no_margin_for_error'====== Args={'priority': 0}
2026-05-11 15:31:21,809 : INFO : EventManager : Event: ======'topgun_qualified'====== Args={'priority': 0}
2026-05-11 15:31:21,809 : INFO : EventManager : Event: ======'player_qualified_mode_number'====== Args={'value': 6, 'prev_value': 0, 'change': 6, 'player_num': 1, 'source': 'pilot_mission_qualifier'}
2026-05-11 15:31:21,809 : INFO : EventManager : Event: ======'player_topgun_shots_collected'====== Args={'value': 0, 'prev_value': 6, 'change': -6, 'player_num': 1, 'source': 'pilot_mission_qualifier'}
2026-05-11 15:31:21,810 : INFO : EventManager : Event: ======'update_training_qual_lights'====== Args={'priority': 0}
2026-05-11 15:31:21,810 : INFO : coil.c_mode_barrier : Enabling Driver with power 0.25 (pulse_ms 45ms and pulse_power 0.75)
2026-05-11 15:31:21,811 : INFO : EventManager : Event: ======'topgun_ll_window_start'====== Args={'priority': 0}
2026-05-11 15:31:21,811 : INFO : EventManager : Event: ======'update_training_qual_lights'====== Args={'priority': 0}
2026-05-11 15:31:21,811 : INFO : EventManager : Event: ======'player_score'====== Args={'value': 16701625, 'prev_value': 16526625, 'change': 175000, 'player_num': 1, 'source': 'pilot_mission_qualifier'}
2026-05-11 15:31:21,811 : INFO : Timer.topgun_ll_qualify_window : Starting Timer.
2026-05-11 15:31:21,811 : INFO : EventManager : Event: ======'timer_topgun_ll_qualify_window_started'====== Args={'ticks': 0, 'ticks_remaining': 1}
2026-05-11 15:31:21,811 : INFO : EventManager : Event: ======'timer_topgun_ll_qualify_window_tick'====== Args={'ticks': 0, 'ticks_remaining': 1}
2026-05-11 15:31:21,812 : INFO : EventManager : Event: ======'player_hd_switches_completed'====== Args={'value': 6, 'prev_value': 5, 'change': 1, 'player_num': 1, 'source': 'hard_deck_qualifiers'}
2026-05-11 15:31:21,822 : INFO : EventManager : Event: ======'slide_topgun_5_removed'====== Args={'_from_bcp': True}
2026-05-11 15:31:21,822 : INFO : EventManager : Event: ======'slide_topgun_6_created'====== Args={'_from_bcp': True}
2026-05-11 15:31:21,960 : INFO : SwitchController : <<<<<<< 's_lane_left' inactive >>>>>>>
2026-05-11 15:31:21,960 : INFO : EventManager : Event: ======'s_lane_left_inactive'====== Args={}
2026-05-11 15:31:21,961 : INFO : EventManager : Event: ======'mach_timer_resume'====== Args={'priority': 0}
2026-05-11 15:31:21,961 : INFO : Timer.mach_timer : Starting Timer.
2026-05-11 15:31:21,961 : INFO : EventManager : Event: ======'timer_mach_timer_started'====== Args={'ticks': 2, 'ticks_remaining': 2}
2026-05-11 15:31:21,961 : INFO : EventManager : Event: ======'timer_mach_timer_tick'====== Args={'ticks': 2, 'ticks_remaining': 2}
2026-05-11 15:31:22,960 : INFO : EventManager : Event: ======'player_mach_scoring_mach_timer_tick'====== Args={'value': 1, 'prev_value': 2, 'change': -1, 'player_num': 1}
2026-05-11 15:31:22,960 : INFO : EventManager : Event: ======'timer_mach_timer_tick'====== Args={'ticks': 1, 'ticks_remaining': 1}
2026-05-11 15:31:22,969 : INFO : EventManager : Event: ======'slide_timer2_inactive'====== Args={'is_removing': True, '_from_bcp': True}
2026-05-11 15:31:22,969 : INFO : EventManager : Event: ======'slide_mach_1_75_active'====== Args={'_from_bcp': True}
2026-05-11 15:31:22,969 : INFO : SwitchController : <<<<<<< 's_flight_gear_target' active >>>>>>>
2026-05-11 15:31:22,969 : INFO : EventManager : Event: ======'s_flight_gear_target_active'====== Args={}
2026-05-11 15:31:22,969 : INFO : EventManager : Event: ======'sw_playfield_active'====== Args={}
2026-05-11 15:31:22,969 : INFO : EventManager : Event: ======'sw_playfield_active'====== Args={}
2026-05-11 15:31:22,969 : INFO : EventManager : Event: ======'machine_var_audits_switches_s_flight_gear_target'====== Args={'value': 3739, 'prev_value': 3738, 'change': 1}
2026-05-11 15:31:22,978 : INFO : EventManager : Event: ======'stop_all_mode_pulse_shows'====== Args={'priority': 0}
2026-05-11 15:31:22,979 : INFO : EventManager : Event: ======'rotate_qualified_mode_backwards'====== Args={'priority': 0}
2026-05-11 15:31:22,979 : INFO : EventManager : Event: ======'player_hd_sw_flight_gear'====== Args={'value': 1, 'prev_value': 0, 'change': 1, 'player_num': 1, 'source': 'hard_deck_qualifiers'}
2026-05-11 15:31:22,979 : INFO : EventManager : Event: ======'player_score'====== Args={'value': 16706875, 'prev_value': 16701625, 'change': 5250, 'player_num': 1, 'source': 'base'}
2026-05-11 15:31:22,979 : INFO : EventManager : Event: ======'player_bonus_switches_count'====== Args={'value': 38, 'prev_value': 37, 'change': 1, 'player_num': 1, 'source': 'base'}
2026-05-11 15:31:22,980 : INFO : EventManager : Event: ======'qualify_no_points_for_second_place'====== Args={'priority': 0}
2026-05-11 15:31:22,981 : INFO : EventManager : Event: ======'player_qualified_mode_number'====== Args={'value': 5, 'prev_value': 6, 'change': -1, 'player_num': 1, 'source': 'pilot_mission_qualifier'}
2026-05-11 15:31:22,981 : INFO : EventManager : Event: ======'update_training_qual_lights'====== Args={'priority': 0}
2026-05-11 15:31:22,982 : INFO : EventManager : Event: ======'slide_timer2_removed'====== Args={'_from_bcp': True}
2026-05-11 15:31:22,983 : INFO : EventManager : Event: ======'slide_timer1_created'====== Args={'_from_bcp': True}
2026-05-11 15:31:22,983 : INFO : EventManager : Event: ======'slide_mach_1_75_inactive'====== Args={'is_removing': False, '_from_bcp': True}
2026-05-11 15:31:22,984 : INFO : EventManager : Event: ======'slide_timer1_active'====== Args={'original_context': 'mach_scoring', 'original_calling_context': 'timer_mach_timer_tick{device.timers.mach_timer.ticks==1 and current_player.inverted_perk_active==0}', 'priority': 500.0, 'ticks': 1.0, 'ticks_remaining': 1.0, 'cmd': 'slides_play', '_from_bcp': True}
2026-05-11 15:31:23,085 : INFO : SwitchController : <<<<<<< 's_flight_gear_target' inactive >>>>>>>
2026-05-11 15:31:23,508 : INFO : SwitchController : <<<<<<< 's_flight_gear_target' active >>>>>>>
2026-05-11 15:31:23,508 : INFO : EventManager : Event: ======'s_flight_gear_target_active'====== Args={}
2026-05-11 15:31:23,508 : INFO : EventManager : Event: ======'sw_playfield_active'====== Args={}
2026-05-11 15:31:23,508 : INFO : EventManager : Event: ======'sw_playfield_active'====== Args={}
2026-05-11 15:31:23,508 : INFO : EventManager : Event: ======'machine_var_audits_switches_s_flight_gear_target'====== Args={'value': 3740, 'prev_value': 3739, 'change': 1}
2026-05-11 15:31:23,511 : INFO : EventManager : Event: ======'stop_all_mode_pulse_shows'====== Args={'priority': 0}
2026-05-11 15:31:23,511 : INFO : EventManager : Event: ======'rotate_qualified_mode_backwards'====== Args={'priority': 0}
2026-05-11 15:31:23,511 : INFO : EventManager : Event: ======'player_hd_sw_flight_gear'====== Args={'value': 2, 'prev_value': 1, 'change': 1, 'player_num': 1, 'source': 'hard_deck_qualifiers'}
2026-05-11 15:31:23,511 : INFO : EventManager : Event: ======'player_score'====== Args={'value': 16712125, 'prev_value': 16706875, 'change': 5250, 'player_num': 1, 'source': 'base'}
2026-05-11 15:31:23,511 : INFO : EventManager : Event: ======'player_bonus_switches_count'====== Args={'value': 39, 'prev_value': 38, 'change': 1, 'player_num': 1, 'source': 'base'}
2026-05-11 15:31:23,512 : INFO : EventManager : Event: ======'qualify_battle_jester'====== Args={'priority': 0}
2026-05-11 15:31:23,513 : INFO : EventManager : Event: ======'player_qualified_mode_number'====== Args={'value': 4, 'prev_value': 5, 'change': -1, 'player_num': 1, 'source': 'pilot_mission_qualifier'}
2026-05-11 15:31:23,513 : INFO : EventManager : Event: ======'update_training_qual_lights'====== Args={'priority': 0}
2026-05-11 15:31:23,514 : INFO : EventManager : Event: ======'player_hd_switches_completed'====== Args={'value': 7, 'prev_value': 6, 'change': 1, 'player_num': 1, 'source': 'hard_deck_qualifiers'}
2026-05-11 15:31:23,586 : INFO : SwitchController : <<<<<<< 's_flight_gear_target' inactive >>>>>>>
2026-05-11 15:31:23,805 : INFO : EventManager : Event: ======'player_pilot_mission_qualifier_topgun_ll_qualify_window_tick'====== Args={'value': 1, 'prev_value': 0, 'change': 1, 'player_num': 1}
2026-05-11 15:31:23,805 : INFO : Timer.topgun_ll_qualify_window : Timer Complete
2026-05-11 15:31:23,805 : INFO : Timer.topgun_ll_qualify_window : Stopping Timer
2026-05-11 15:31:23,806 : INFO : EventManager : Event: ======'timer_topgun_ll_qualify_window_stopped'====== Args={'ticks': 1, 'ticks_remaining': 1}
2026-05-11 15:31:23,806 : INFO : EventManager : Event: ======'timer_topgun_ll_qualify_window_complete'====== Args={'ticks': 1, 'ticks_remaining': 1}
2026-05-11 15:31:23,806 : INFO : EventManager : Event: ======'topgun_queue_show_2'====== Args={'priority': 0}
2026-05-11 15:31:23,806 : INFO : EventManager : Event: ======'topgun_show_complete_2'====== Args={'priority': 0}
2026-05-11 15:31:23,806 : INFO : EventManager : Event: ======'player_topgun_ll_sixth_letter'====== Args={'value': 0, 'prev_value': 1, 'change': -1, 'player_num': 1, 'source': 'pilot_mission_qualifier'}
2026-05-11 15:31:23,864 : INFO : EventManager : Event: ======'slide_topgun_letters_complete_2_created'====== Args={'_from_bcp': True}
2026-05-11 15:31:23,963 : INFO : EventManager : Event: ======'player_mach_scoring_mach_timer_tick'====== Args={'value': 0, 'prev_value': 1, 'change': -1, 'player_num': 1}
2026-05-11 15:31:23,963 : INFO : Timer.mach_timer : Timer Complete
2026-05-11 15:31:23,963 : INFO : Timer.mach_timer : Stopping Timer
2026-05-11 15:31:23,963 : INFO : EventManager : Event: ======'timer_mach_timer_stopped'====== Args={'ticks': 0, 'ticks_remaining': 1}
2026-05-11 15:31:23,964 : INFO : EventManager : Event: ======'timer_mach_timer_complete'====== Args={'ticks': 0, 'ticks_remaining': 1}
2026-05-11 15:31:23,964 : INFO : EventManager : Event: ======'mach_reset'====== Args={'priority': 0}
2026-05-11 15:31:23,964 : INFO : EventManager : Event: ======'remove_timer_slides'====== Args={'priority': 0}
2026-05-11 15:31:23,964 : INFO : EventManager : Event: ======'show_explosion_video'====== Args={'priority': 0}
2026-05-11 15:31:23,964 : INFO : Timer.mach_timer : Stopping Timer
2026-05-11 15:31:23,964 : INFO : EventManager : Event: ======'timer_mach_timer_stopped'====== Args={'ticks': 0, 'ticks_remaining': 1}
2026-05-11 15:31:23,964 : INFO : EventManager : Event: ======'player_mach_step'====== Args={'value': 0, 'prev_value': 4, 'change': -4, 'player_num': 1, 'source': 'mach_scoring'}
2026-05-11 15:31:23,965 : INFO : EventManager : Event: ======'player_mach_level'====== Args={'value': 1.0, 'prev_value': 1.75, 'change': -0.75, 'player_num': 1, 'source': 'mach_scoring'}
2026-05-11 15:31:23,965 : INFO : EventManager : Event: ======'player_total_scoring_multiplier'====== Args={'value': 1.0, 'prev_value': 1.75, 'change': -0.75, 'player_num': 1, 'source': 'base'}
2026-05-11 15:31:23,973 : INFO : EventManager : Event: ======'slide_mach_1_75_removed'====== Args={'_from_bcp': True}
2026-05-11 15:31:23,974 : INFO : EventManager : Event: ======'slide_mach_1_created'====== Args={'_from_bcp': True}
2026-05-11 15:31:23,974 : INFO : EventManager : Event: ======'slide_timer1_inactive'====== Args={'is_removing': False, '_from_bcp': True}
2026-05-11 15:31:23,974 : INFO : EventManager : Event: ======'slide_mach_1_active'====== Args={'original_context': 'mach_scoring', 'original_calling_context': 'player_mach_level{value==1.0}', 'priority': 500.0, 'value': 1.0, 'prev_value': 1.75, 'change': -0.75, 'player_num': 1.0, 'source': 'mach_scoring', 'cmd': 'slides_play', '_from_bcp': True}
2026-05-11 15:31:23,974 : INFO : EventManager : Event: ======'slide_timer1_removed'====== Args={'_from_bcp': True}
2026-05-11 15:31:23,993 : INFO : EventManager : Event: ======'slide_mach_scoring_expired_video_created'====== Args={'_from_bcp': True}
2026-05-11 15:31:23,993 : INFO : EventManager : Event: ======'slide_mach_1_inactive'====== Args={'is_removing': False, '_from_bcp': True}
2026-05-11 15:31:23,993 : INFO : EventManager : Event: ======'slide_mach_scoring_expired_video_active'====== Args={'original_context': 'mach_scoring', 'original_calling_context': 'show_explosion_video', 'priority': 500.0, 'cmd': 'slides_play', '_from_bcp': True}
2026-05-11 15:31:24,480 : INFO : SwitchController : <<<<<<< 's_mode_start' active >>>>>>>
2026-05-11 15:31:24,480 : INFO : EventManager : Event: ======'s_mode_start_active'====== Args={}
2026-05-11 15:31:24,480 : INFO : EventManager : Event: ======'sw_playfield_active'====== Args={}
2026-05-11 15:31:24,480 : INFO : EventManager : Event: ======'machine_var_audits_switches_s_mode_start'====== Args={'value': 1986, 'prev_value': 1985, 'change': 1}
2026-05-11 15:31:24,481 : INFO : EventManager : Event: ======'start_mode_battle_jester'====== Args={'priority': 0}
2026-05-11 15:31:24,481 : INFO : Timer.lock_mb_eject_debounce : Stopping Timer
2026-05-11 15:31:24,482 : INFO : EventManager : Event: ======'timer_lock_mb_eject_debounce_stopped'====== Args={'ticks': 0, 'ticks_remaining': 0}
2026-05-11 15:31:24,482 : INFO : EventManager : Event: ======'mode_battle_jester_will_start'====== Args={'priority': 0}
2026-05-11 15:31:24,482 : INFO : EventManager : Event: ======'player_battle_jester_battle_jester_timer_tick'====== Args={'value': 120, 'prev_value': 0, 'change': 120, 'player_num': 1}
2026-05-11 15:31:24,482 : INFO : EventManager : Event: ======'player_battle_jester_battle_jester_intro_video_delay_tick'====== Args={'value': 0, 'prev_value': 0, 'change': 0, 'player_num': 1}
2026-05-11 15:31:24,482 : INFO : EventManager : Unordered handler for class ConfigPlayer.event_player/events on event mode_battle_jester_started with priority 200. Handlers: [RegisteredHandler(callback=<bound method ConfigPlayer.config_play_callback of ConfigPlayer.event_player/events>, priority=200, kwargs={'calling_context': 'mode_battle_jester_started', 'mode': <Mode.pilot_mission_qualifier>, 'settings': {'reset_topgun_letters': [{'condition': None, 'number': None, 'priority': 0, 'params': {}}], 'check_all_pilot_modes_played': [{'condition': None, 'number': None, 'priority': 0, 'params': {}}], 'ball_search_reset': [{'condition': None, 'number': None, 'priority': 0, 'params': {}}], 'ball_search_block': [{'condition': None, 'number': None, 'priority': 0, 'params': {}}]}}, key=UUID('699c9087-bb7b-4fa4-80d6-5fb5826adc02'), condition=None, blocking_facility=None), RegisteredHandler(callback=<bound method ConfigPlayer.config_play_callback of ConfigPlayer.event_player/events>, priority=200, kwargs={'calling_context': 'mode_battle_jester_started', 'mode': <Mode.iceman_letters>, 'settings': {'stop_all_training_pulse_shows': [{'condition': None, 'number': None, 'priority': 0, 'params': {}}]}}, key=UUID('cea2611f-54dd-4a46-b31e-9543128ef340'), condition=None, blocking_facility=None)]. The order of those handlers is not defined and they will be executed in random order. This might lead to race conditions and potential bugs.
2026-05-11 15:31:24,482 : INFO : EventManager : Event: ======'player_battle_jester_battle_jester_barrier_delay_tick'====== Args={'value': 0, 'prev_value': 0, 'change': 0, 'player_num': 1}
2026-05-11 15:31:24,482 : INFO : EventManager : Event: ======'player_battle_jester_battle_jester_mode_scoop_debounce_tick'====== Args={'value': 0, 'prev_value': 0, 'change': 0, 'player_num': 1}
2026-05-11 15:31:24,483 : INFO : EventManager : Event: ======'player_battle_jester_battle_jester_step_6_video_delay_tick'====== Args={'value': 0, 'prev_value': 0, 'change': 0, 'player_num': 1}
2026-05-11 15:31:24,483 : INFO : EventManager : Event: ======'player_battle_jester_battle_jester_step_7_video_delay_tick'====== Args={'value': 0, 'prev_value': 0, 'change': 0, 'player_num': 1}
2026-05-11 15:31:24,483 : INFO : EventManager : Event: ======'player_battle_jester_battle_jester_step_8_video_delay_tick'====== Args={'value': 0, 'prev_value': 0, 'change': 0, 'player_num': 1}
2026-05-11 15:31:24,483 : INFO : EventManager : Event: ======'player_battle_jester_battle_jester_step_9_video_delay_tick'====== Args={'value': 0, 'prev_value': 0, 'change': 0, 'player_num': 1}
2026-05-11 15:31:24,483 : INFO : EventManager : Event: ======'player_battle_jester_battle_jester_step_10_video_delay_tick'====== Args={'value': 0, 'prev_value': 0, 'change': 0, 'player_num': 1}
2026-05-11 15:31:24,483 : INFO : EventManager : Event: ======'player_battle_jester_battle_jester_step_11_decision_video_tick'====== Args={'value': 0, 'prev_value': 0, 'change': 0, 'player_num': 1}
2026-05-11 15:31:24,483 : INFO : EventManager : Event: ======'player_battle_jester_battle_jester_buzz_tower_accepted_delay_tick'====== Args={'value': 0, 'prev_value': 0, 'change': 0, 'player_num': 1}
2026-05-11 15:31:24,483 : INFO : EventManager : Event: ======'player_battle_jester_battle_jester_tower_challenge_timer_tick'====== Args={'value': 20, 'prev_value': 0, 'change': 20, 'player_num': 1}
2026-05-11 15:31:24,484 : INFO : EventManager : Event: ======'player_battle_jester_battle_jester_shot_timer_duration_tick'====== Args={'value': 0, 'prev_value': 0, 'change': 0, 'player_num': 1}
2026-05-11 15:31:24,484 : INFO : EventManager : Event: ======'player_battle_jester_battle_jester_shot_color_change_time_tick'====== Args={'value': 0, 'prev_value': 0, 'change': 0, 'player_num': 1}
2026-05-11 15:31:24,484 : INFO : EventManager : Event: ======'player_battle_jester_battle_jester_shot_grace_period_tick'====== Args={'value': 0, 'prev_value': 0, 'change': 0, 'player_num': 1}
2026-05-11 15:31:24,484 : INFO : EventManager : Event: ======'player_battle_jester_battle_jester_drain_delay_tick'====== Args={'value': 0, 'prev_value': 0, 'change': 0, 'player_num': 1}
2026-05-11 15:31:24,484 : INFO : EventManager : Event: ======'player_battle_jester_battle_jester_complete_delay_tick'====== Args={'value': 0, 'prev_value': 0, 'change': 0, 'player_num': 1}
2026-05-11 15:31:24,484 : INFO : EventManager : Event: ======'player_battle_jester_battle_jester_failed_delay_tick'====== Args={'value': 0, 'prev_value': 0, 'change': 0, 'player_num': 1}
2026-05-11 15:31:24,485 : INFO : EventManager : Event: ======'player_battle_jester_battle_jester_tower_won_delay_tick'====== Args={'value': 0, 'prev_value': 0, 'change': 0, 'player_num': 1}
2026-05-11 15:31:24,485 : INFO : EventManager : Event: ======'player_battle_jester_battle_jester_tower_lost_delay_tick'====== Args={'value': 0, 'prev_value': 0, 'change': 0, 'player_num': 1}
2026-05-11 15:31:24,485 : INFO : EventManager : Event: ======'player_battle_jester_battle_jester_step_1_timer_tick'====== Args={'value': 0, 'prev_value': 0, 'change': 0, 'player_num': 1}
2026-05-11 15:31:24,485 : INFO : EventManager : Event: ======'player_battle_jester_battle_jester_step_2_timer_tick'====== Args={'value': 0, 'prev_value': 0, 'change': 0, 'player_num': 1}
2026-05-11 15:31:24,485 : INFO : EventManager : Event: ======'player_battle_jester_battle_jester_step_3_timer_tick'====== Args={'value': 0, 'prev_value': 0, 'change': 0, 'player_num': 1}
2026-05-11 15:31:24,486 : INFO : EventManager : Event: ======'player_battle_jester_battle_jester_step_4_timer_tick'====== Args={'value': 0, 'prev_value': 0, 'change': 0, 'player_num': 1}
2026-05-11 15:31:24,486 : INFO : EventManager : Event: ======'player_battle_jester_battle_jester_step_5_timer_tick'====== Args={'value': 0, 'prev_value': 0, 'change': 0, 'player_num': 1}
2026-05-11 15:31:24,486 : INFO : EventManager : Event: ======'player_battle_jester_battle_jester_servo_step3_setup_delay_tick'====== Args={'value': 0, 'prev_value': 0, 'change': 0, 'player_num': 1}
2026-05-11 15:31:24,486 : INFO : EventManager : Event: ======'player_battle_jester_battle_jester_servo_step3_done_delay_tick'====== Args={'value': 0, 'prev_value': 0, 'change': 0, 'player_num': 1}
2026-05-11 15:31:24,486 : INFO : EventManager : Event: ======'player_battle_jester_battle_jester_servo_cleanup_delay_tick'====== Args={'value': 0, 'prev_value': 0, 'change': 0, 'player_num': 1}
2026-05-11 15:31:24,488 : INFO : EventManager : Event: ======'player_battle_jester_battle_jester_spinner_lockout_tick'====== Args={'value': 0, 'prev_value': 0, 'change': 0, 'player_num': 1}
2026-05-11 15:31:24,488 : INFO : EventManager : Unordered handler for class ConfigPlayer.event_player/events on event mode_battle_jester_started with priority 200. Handlers: [RegisteredHandler(callback=<bound method ConfigPlayer.config_play_callback of ConfigPlayer.event_player/events>, priority=200, kwargs={'calling_context': 'mode_battle_jester_started', 'mode': <Mode.pilot_mission_qualifier>, 'settings': {'reset_topgun_letters': [{'condition': None, 'number': None, 'priority': 0, 'params': {}}], 'check_all_pilot_modes_played': [{'condition': None, 'number': None, 'priority': 0, 'params': {}}], 'ball_search_reset': [{'condition': None, 'number': None, 'priority': 0, 'params': {}}], 'ball_search_block': [{'condition': None, 'number': None, 'priority': 0, 'params': {}}]}}, key=UUID('699c9087-bb7b-4fa4-80d6-5fb5826adc02'), condition=None, blocking_facility=None), RegisteredHandler(callback=<bound method ConfigPlayer.config_play_callback of ConfigPlayer.event_player/events>, priority=200, kwargs={'calling_context': 'mode_battle_jester_started', 'mode': <Mode.iceman_letters>, 'settings': {'stop_all_training_pulse_shows': [{'condition': None, 'number': None, 'priority': 0, 'params': {}}]}}, key=UUID('cea2611f-54dd-4a46-b31e-9543128ef340'), condition=None, blocking_facility=None)]. The order of those handlers is not defined and they will be executed in random order. This might lead to race conditions and potential bugs.
2026-05-11 15:31:24,492 : INFO : EventManager : Unordered handler for class ConfigPlayer.variable_player/variables on event s_orbit_upper_active with priority 200. Handlers: [RegisteredHandler(callback=<bound method ConfigPlayer.config_play_callback of ConfigPlayer.variable_player/variables>, priority=200, kwargs={'calling_context': 's_orbit_upper_active', 'mode': <Mode.pilot_mission_qualifier>, 'settings': {'previous_switch_type': {'action': 'set', 'int': <NativeTemplate 0>, 'priority': 0, 'float': None, 'string': None, 'block': False, 'player': None, 'condition': None}}}, key=UUID('712bf02d-f62a-4565-a8be-95c35a3a5328'), condition=None, blocking_facility=None), RegisteredHandler(callback=<bound method ConfigPlayer.config_play_callback of ConfigPlayer.variable_player/variables>, priority=200, kwargs={'calling_context': 's_orbit_upper_active', 'mode': <Mode.iceman_letters>, 'settings': {'right_post_locked_out': {'action': 'set', 'int': <NativeTemplate 1>, 'priority': 0, 'float': None, 'string': None, 'block': False, 'player': None, 'condition': None}}}, key=UUID('195e5f30-2898-4dce-be04-b146a25a85d2'), condition=None, blocking_facility=None)]. The order of those handlers is not defined and they will be executed in random order. This might lead to race conditions and potential bugs.
2026-05-11 15:31:24,492 : INFO : EventManager : Unordered handler for class ConfigPlayer.variable_player/variables on event s_orbit_upper_active with priority 200. Handlers: [RegisteredHandler(callback=<bound method ConfigPlayer.config_play_callback of ConfigPlayer.variable_player/variables>, priority=200, kwargs={'calling_context': 's_orbit_upper_active', 'mode': <Mode.pilot_mission_qualifier>, 'settings': {'previous_switch_type': {'action': 'set', 'int': <NativeTemplate 0>, 'priority': 0, 'float': None, 'string': None, 'block': False, 'player': None, 'condition': None}}}, key=UUID('712bf02d-f62a-4565-a8be-95c35a3a5328'), condition=None, blocking_facility=None), RegisteredHandler(callback=<bound method ConfigPlayer.config_play_callback of ConfigPlayer.variable_player/variables>, priority=200, kwargs={'calling_context': 's_orbit_upper_active', 'mode': <Mode.iceman_letters>, 'settings': {'right_post_locked_out': {'action': 'set', 'int': <NativeTemplate 1>, 'priority': 0, 'float': None, 'string': None, 'block': False, 'player': None, 'condition': None}}}, key=UUID('195e5f30-2898-4dce-be04-b146a25a85d2'), condition=None, blocking_facility=None)]. The order of those handlers is not defined and they will be executed in random order. This might lead to race conditions and potential bugs.
2026-05-11 15:31:24,492 : INFO : EventManager : Unordered handler for class ConfigPlayer.variable_player/variables on event s_orbit_upper_active with priority 200. Handlers: [RegisteredHandler(callback=<bound method ConfigPlayer.config_play_callback of ConfigPlayer.variable_player/variables>, priority=200, kwargs={'calling_context': 's_orbit_upper_active', 'mode': <Mode.pilot_mission_qualifier>, 'settings': {'previous_switch_type': {'action': 'set', 'int': <NativeTemplate 0>, 'priority': 0, 'float': None, 'string': None, 'block': False, 'player': None, 'condition': None}}}, key=UUID('712bf02d-f62a-4565-a8be-95c35a3a5328'), condition=None, blocking_facility=None), RegisteredHandler(callback=<bound method ConfigPlayer.config_play_callback of ConfigPlayer.variable_player/variables>, priority=200, kwargs={'calling_context': 's_orbit_upper_active', 'mode': <Mode.iceman_letters>, 'settings': {'right_post_locked_out': {'action': 'set', 'int': <NativeTemplate 1>, 'priority': 0, 'float': None, 'string': None, 'block': False, 'player': None, 'condition': None}}}, key=UUID('195e5f30-2898-4dce-be04-b146a25a85d2'), condition=None, blocking_facility=None)]. The order of those handlers is not defined and they will be executed in random order. This might lead to race conditions and potential bugs.
2026-05-11 15:31:24,492 : INFO : EventManager : Unordered handler for class ConfigPlayer.variable_player/variables on event s_orbit_upper_active with priority 200. Handlers: [RegisteredHandler(callback=<bound method ConfigPlayer.config_play_callback of ConfigPlayer.variable_player/variables>, priority=200, kwargs={'calling_context': 's_orbit_upper_active', 'mode': <Mode.pilot_mission_qualifier>, 'settings': {'previous_switch_type': {'action': 'set', 'int': <NativeTemplate 0>, 'priority': 0, 'float': None, 'string': None, 'block': False, 'player': None, 'condition': None}}}, key=UUID('712bf02d-f62a-4565-a8be-95c35a3a5328'), condition=None, blocking_facility=None), RegisteredHandler(callback=<bound method ConfigPlayer.config_play_callback of ConfigPlayer.variable_player/variables>, priority=200, kwargs={'calling_context': 's_orbit_upper_active', 'mode': <Mode.iceman_letters>, 'settings': {'right_post_locked_out': {'action': 'set', 'int': <NativeTemplate 1>, 'priority': 0, 'float': None, 'string': None, 'block': False, 'player': None, 'condition': None}}}, key=UUID('195e5f30-2898-4dce-be04-b146a25a85d2'), condition=None, blocking_facility=None)]. The order of those handlers is not defined and they will be executed in random order. This might lead to race conditions and potential bugs.
2026-05-11 15:31:24,494 : INFO : EventManager : Unordered handler for class ConfigPlayer.variable_player/variables on event s_ramp_inner_exit_active with priority 200. Handlers: [RegisteredHandler(callback=<bound method ConfigPlayer.config_play_callback of ConfigPlayer.variable_player/variables>, priority=200, kwargs={'calling_context': 's_ramp_inner_exit_active', 'mode': <Mode.pilot_mission_qualifier>, 'settings': {'previous_switch_type': {'action': 'set', 'int': <NativeTemplate 0>, 'priority': 0, 'float': None, 'string': None, 'block': False, 'player': None, 'condition': None}}}, key=UUID('3706cb2e-e9f5-41e4-ac26-1eecf6639fd5'), condition=None, blocking_facility=None), RegisteredHandler(callback=<bound method ConfigPlayer.config_play_callback of ConfigPlayer.variable_player/variables>, priority=200, kwargs={'calling_context': 's_ramp_inner_exit_active', 'mode': <Mode.iceman_letters>, 'settings': {'right_post_locked_out': {'action': 'set', 'int': <NativeTemplate 1>, 'priority': 0, 'float': None, 'string': None, 'block': False, 'player': None, 'condition': None}}}, key=UUID('84d48d89-0158-4ef3-a004-3685bdd31d6a'), condition=None, blocking_facility=None)]. The order of those handlers is not defined and they will be executed in random order. This might lead to race conditions and potential bugs.
2026-05-11 15:31:24,494 : INFO : EventManager : Unordered handler for class ConfigPlayer.variable_player/variables on event s_ramp_inner_exit_active with priority 200. Handlers: [RegisteredHandler(callback=<bound method ConfigPlayer.config_play_callback of ConfigPlayer.variable_player/variables>, priority=200, kwargs={'calling_context': 's_ramp_inner_exit_active', 'mode': <Mode.pilot_mission_qualifier>, 'settings': {'previous_switch_type': {'action': 'set', 'int': <NativeTemplate 0>, 'priority': 0, 'float': None, 'string': None, 'block': False, 'player': None, 'condition': None}}}, key=UUID('3706cb2e-e9f5-41e4-ac26-1eecf6639fd5'), condition=None, blocking_facility=None), RegisteredHandler(callback=<bound method ConfigPlayer.config_play_callback of ConfigPlayer.variable_player/variables>, priority=200, kwargs={'calling_context': 's_ramp_inner_exit_active', 'mode': <Mode.iceman_letters>, 'settings': {'right_post_locked_out': {'action': 'set', 'int': <NativeTemplate 1>, 'priority': 0, 'float': None, 'string': None, 'block': False, 'player': None, 'condition': None}}}, key=UUID('84d48d89-0158-4ef3-a004-3685bdd31d6a'), condition=None, blocking_facility=None)]. The order of those handlers is not defined and they will be executed in random order. This might lead to race conditions and potential bugs.
2026-05-11 15:31:24,497 : INFO : EventManager : Unordered handler for class ConfigPlayer.variable_player/variables on event s_orbit_upper_active with priority 200. Handlers: [RegisteredHandler(callback=<bound method ConfigPlayer.config_play_callback of ConfigPlayer.variable_player/variables>, priority=200, kwargs={'calling_context': 's_orbit_upper_active', 'mode': <Mode.pilot_mission_qualifier>, 'settings': {'previous_switch_type': {'action': 'set', 'int': <NativeTemplate 0>, 'priority': 0, 'float': None, 'string': None, 'block': False, 'player': None, 'condition': None}}}, key=UUID('712bf02d-f62a-4565-a8be-95c35a3a5328'), condition=None, blocking_facility=None), RegisteredHandler(callback=<bound method ConfigPlayer.config_play_callback of ConfigPlayer.variable_player/variables>, priority=200, kwargs={'calling_context': 's_orbit_upper_active', 'mode': <Mode.iceman_letters>, 'settings': {'right_post_locked_out': {'action': 'set', 'int': <NativeTemplate 1>, 'priority': 0, 'float': None, 'string': None, 'block': False, 'player': None, 'condition': None}}}, key=UUID('195e5f30-2898-4dce-be04-b146a25a85d2'), condition=None, blocking_facility=None)]. The order of those handlers is not defined and they will be executed in random order. This might lead to race conditions and potential bugs.
2026-05-11 15:31:24,497 : INFO : EventManager : Unordered handler for class ConfigPlayer.variable_player/variables on event s_ramp_inner_exit_active with priority 200. Handlers: [RegisteredHandler(callback=<bound method ConfigPlayer.config_play_callback of ConfigPlayer.variable_player/variables>, priority=200, kwargs={'calling_context': 's_ramp_inner_exit_active', 'mode': <Mode.pilot_mission_qualifier>, 'settings': {'previous_switch_type': {'action': 'set', 'int': <NativeTemplate 0>, 'priority': 0, 'float': None, 'string': None, 'block': False, 'player': None, 'condition': None}}}, key=UUID('3706cb2e-e9f5-41e4-ac26-1eecf6639fd5'), condition=None, blocking_facility=None), RegisteredHandler(callback=<bound method ConfigPlayer.config_play_callback of ConfigPlayer.variable_player/variables>, priority=200, kwargs={'calling_context': 's_ramp_inner_exit_active', 'mode': <Mode.iceman_letters>, 'settings': {'right_post_locked_out': {'action': 'set', 'int': <NativeTemplate 1>, 'priority': 0, 'float': None, 'string': None, 'block': False, 'player': None, 'condition': None}}}, key=UUID('84d48d89-0158-4ef3-a004-3685bdd31d6a'), condition=None, blocking_facility=None)]. The order of those handlers is not defined and they will be executed in random order. This might lead to race conditions and potential bugs.
2026-05-11 15:31:24,497 : INFO : EventManager : Unordered handler for class ConfigPlayer.variable_player/variables on event s_ramp_inner_exit_active with priority 200. Handlers: [RegisteredHandler(callback=<bound method ConfigPlayer.config_play_callback of ConfigPlayer.variable_player/variables>, priority=200, kwargs={'calling_context': 's_ramp_inner_exit_active', 'mode': <Mode.pilot_mission_qualifier>, 'settings': {'previous_switch_type': {'action': 'set', 'int': <NativeTemplate 0>, 'priority': 0, 'float': None, 'string': None, 'block': False, 'player': None, 'condition': None}}}, key=UUID('3706cb2e-e9f5-41e4-ac26-1eecf6639fd5'), condition=None, blocking_facility=None), RegisteredHandler(callback=<bound method ConfigPlayer.config_play_callback of ConfigPlayer.variable_player/variables>, priority=200, kwargs={'calling_context': 's_ramp_inner_exit_active', 'mode': <Mode.iceman_letters>, 'settings': {'right_post_locked_out': {'action': 'set', 'int': <NativeTemplate 1>, 'priority': 0, 'float': None, 'string': None, 'block': False, 'player': None, 'condition': None}}}, key=UUID('84d48d89-0158-4ef3-a004-3685bdd31d6a'), condition=None, blocking_facility=None)]. The order of those handlers is not defined and they will be executed in random order. This might lead to race conditions and potential bugs.
2026-05-11 15:31:24,498 : INFO : EventManager : Unordered handler for class ConfigPlayer.variable_player/variables on event s_ramp_inner_exit_active with priority 200. Handlers: [RegisteredHandler(callback=<bound method ConfigPlayer.config_play_callback of ConfigPlayer.variable_player/variables>, priority=200, kwargs={'calling_context': 's_ramp_inner_exit_active', 'mode': <Mode.pilot_mission_qualifier>, 'settings': {'previous_switch_type': {'action': 'set', 'int': <NativeTemplate 0>, 'priority': 0, 'float': None, 'string': None, 'block': False, 'player': None, 'condition': None}}}, key=UUID('3706cb2e-e9f5-41e4-ac26-1eecf6639fd5'), condition=None, blocking_facility=None), RegisteredHandler(callback=<bound method ConfigPlayer.config_play_callback of ConfigPlayer.variable_player/variables>, priority=200, kwargs={'calling_context': 's_ramp_inner_exit_active', 'mode': <Mode.iceman_letters>, 'settings': {'right_post_locked_out': {'action': 'set', 'int': <NativeTemplate 1>, 'priority': 0, 'float': None, 'string': None, 'block': False, 'player': None, 'condition': None}}}, key=UUID('84d48d89-0158-4ef3-a004-3685bdd31d6a'), condition=None, blocking_facility=None)]. The order of those handlers is not defined and they will be executed in random order. This might lead to race conditions and potential bugs.
2026-05-11 15:31:24,498 : INFO : EventManager : Unordered handler for class ConfigPlayer.variable_player/variables on event s_orbit_upper_active with priority 200. Handlers: [RegisteredHandler(callback=<bound method ConfigPlayer.config_play_callback of ConfigPlayer.variable_player/variables>, priority=200, kwargs={'calling_context': 's_orbit_upper_active', 'mode': <Mode.pilot_mission_qualifier>, 'settings': {'previous_switch_type': {'action': 'set', 'int': <NativeTemplate 0>, 'priority': 0, 'float': None, 'string': None, 'block': False, 'player': None, 'condition': None}}}, key=UUID('712bf02d-f62a-4565-a8be-95c35a3a5328'), condition=None, blocking_facility=None), RegisteredHandler(callback=<bound method ConfigPlayer.config_play_callback of ConfigPlayer.variable_player/variables>, priority=200, kwargs={'calling_context': 's_orbit_upper_active', 'mode': <Mode.iceman_letters>, 'settings': {'right_post_locked_out': {'action': 'set', 'int': <NativeTemplate 1>, 'priority': 0, 'float': None, 'string': None, 'block': False, 'player': None, 'condition': None}}}, key=UUID('195e5f30-2898-4dce-be04-b146a25a85d2'), condition=None, blocking_facility=None)]. The order of those handlers is not defined and they will be executed in random order. This might lead to race conditions and potential bugs.
2026-05-11 15:31:24,498 : INFO : EventManager : Unordered handler for class ConfigPlayer.variable_player/variables on event s_ramp_inner_exit_active with priority 200. Handlers: [RegisteredHandler(callback=<bound method ConfigPlayer.config_play_callback of ConfigPlayer.variable_player/variables>, priority=200, kwargs={'calling_context': 's_ramp_inner_exit_active', 'mode': <Mode.pilot_mission_qualifier>, 'settings': {'previous_switch_type': {'action': 'set', 'int': <NativeTemplate 0>, 'priority': 0, 'float': None, 'string': None, 'block': False, 'player': None, 'condition': None}}}, key=UUID('3706cb2e-e9f5-41e4-ac26-1eecf6639fd5'), condition=None, blocking_facility=None), RegisteredHandler(callback=<bound method ConfigPlayer.config_play_callback of ConfigPlayer.variable_player/variables>, priority=200, kwargs={'calling_context': 's_ramp_inner_exit_active', 'mode': <Mode.iceman_letters>, 'settings': {'right_post_locked_out': {'action': 'set', 'int': <NativeTemplate 1>, 'priority': 0, 'float': None, 'string': None, 'block': False, 'player': None, 'condition': None}}}, key=UUID('84d48d89-0158-4ef3-a004-3685bdd31d6a'), condition=None, blocking_facility=None)]. The order of those handlers is not defined and they will be executed in random order. This might lead to race conditions and potential bugs.
2026-05-11 15:31:24,499 : INFO : EventManager : Unordered handler for class ConfigPlayer.variable_player/variables on event s_orbit_upper_active with priority 200. Handlers: [RegisteredHandler(callback=<bound method ConfigPlayer.config_play_callback of ConfigPlayer.variable_player/variables>, priority=200, kwargs={'calling_context': 's_orbit_upper_active', 'mode': <Mode.pilot_mission_qualifier>, 'settings': {'previous_switch_type': {'action': 'set', 'int': <NativeTemplate 0>, 'priority': 0, 'float': None, 'string': None, 'block': False, 'player': None, 'condition': None}}}, key=UUID('712bf02d-f62a-4565-a8be-95c35a3a5328'), condition=None, blocking_facility=None), RegisteredHandler(callback=<bound method ConfigPlayer.config_play_callback of ConfigPlayer.variable_player/variables>, priority=200, kwargs={'calling_context': 's_orbit_upper_active', 'mode': <Mode.iceman_letters>, 'settings': {'right_post_locked_out': {'action': 'set', 'int': <NativeTemplate 1>, 'priority': 0, 'float': None, 'string': None, 'block': False, 'player': None, 'condition': None}}}, key=UUID('195e5f30-2898-4dce-be04-b146a25a85d2'), condition=None, blocking_facility=None)]. The order of those handlers is not defined and they will be executed in random order. This might lead to race conditions and potential bugs.
2026-05-11 15:31:24,500 : INFO : EventManager : Unordered handler for class ConfigPlayer.variable_player/variables on event s_orbit_upper_active with priority 200. Handlers: [RegisteredHandler(callback=<bound method ConfigPlayer.config_play_callback of ConfigPlayer.variable_player/variables>, priority=200, kwargs={'calling_context': 's_orbit_upper_active', 'mode': <Mode.pilot_mission_qualifier>, 'settings': {'previous_switch_type': {'action': 'set', 'int': <NativeTemplate 0>, 'priority': 0, 'float': None, 'string': None, 'block': False, 'player': None, 'condition': None}}}, key=UUID('712bf02d-f62a-4565-a8be-95c35a3a5328'), condition=None, blocking_facility=None), RegisteredHandler(callback=<bound method ConfigPlayer.config_play_callback of ConfigPlayer.variable_player/variables>, priority=200, kwargs={'calling_context': 's_orbit_upper_active', 'mode': <Mode.iceman_letters>, 'settings': {'right_post_locked_out': {'action': 'set', 'int': <NativeTemplate 1>, 'priority': 0, 'float': None, 'string': None, 'block': False, 'player': None, 'condition': None}}}, key=UUID('195e5f30-2898-4dce-be04-b146a25a85d2'), condition=None, blocking_facility=None)]. The order of those handlers is not defined and they will be executed in random order. This might lead to race conditions and potential bugs.
2026-05-11 15:31:24,500 : INFO : EventManager : Unordered handler for class ConfigPlayer.variable_player/variables on event s_ramp_inner_exit_active with priority 200. Handlers: [RegisteredHandler(callback=<bound method ConfigPlayer.config_play_callback of ConfigPlayer.variable_player/variables>, priority=200, kwargs={'calling_context': 's_ramp_inner_exit_active', 'mode': <Mode.pilot_mission_qualifier>, 'settings': {'previous_switch_type': {'action': 'set', 'int': <NativeTemplate 0>, 'priority': 0, 'float': None, 'string': None, 'block': False, 'player': None, 'condition': None}}}, key=UUID('3706cb2e-e9f5-41e4-ac26-1eecf6639fd5'), condition=None, blocking_facility=None), RegisteredHandler(callback=<bound method ConfigPlayer.config_play_callback of ConfigPlayer.variable_player/variables>, priority=200, kwargs={'calling_context': 's_ramp_inner_exit_active', 'mode': <Mode.iceman_letters>, 'settings': {'right_post_locked_out': {'action': 'set', 'int': <NativeTemplate 1>, 'priority': 0, 'float': None, 'string': None, 'block': False, 'player': None, 'condition': None}}}, key=UUID('84d48d89-0158-4ef3-a004-3685bdd31d6a'), condition=None, blocking_facility=None)]. The order of those handlers is not defined and they will be executed in random order. This might lead to race conditions and potential bugs.
2026-05-11 15:31:24,501 : INFO : EventManager : Unordered handler for class ConfigPlayer.variable_player/variables on event s_spinner_active with priority 200. Handlers: [RegisteredHandler(callback=<bound method ConfigPlayer.config_play_callback of ConfigPlayer.variable_player/variables>, priority=200, kwargs={'calling_context': 's_spinner_active', 'mode': <Mode.pilot_mission_qualifier>, 'settings': {'spinner_spin_count': {'action': 'add', 'int': <NativeTemplate 1>, 'priority': 0, 'float': None, 'string': None, 'block': False, 'player': None, 'condition': None}, 'previous_switch_type': {'action': 'set', 'int': <NativeTemplate 0>, 'priority': 0, 'float': None, 'string': None, 'block': False, 'player': None, 'condition': None}}}, key=UUID('fda2b675-b7de-482b-be6b-88757802e95d'), condition=None, blocking_facility=None), RegisteredHandler(callback=<bound method ConfigPlayer.config_play_callback of ConfigPlayer.variable_player/variables>, priority=200, kwargs={'calling_context': 's_spinner_active', 'mode': <Mode.iceman_letters>, 'settings': {'right_post_locked_out': {'action': 'set', 'int': <NativeTemplate 1>, 'priority': 0, 'float': None, 'string': None, 'block': False, 'player': None, 'condition': None}}}, key=UUID('6f6f5f33-090f-49d0-84c2-628b074b049d'), condition=None, blocking_facility=None)]. The order of those handlers is not defined and they will be executed in random order. This might lead to race conditions and potential bugs.
2026-05-11 15:31:24,502 : INFO : EventManager : Unordered handler for class ConfigPlayer.event_player/events on event mode_battle_jester_started with priority 200. Handlers: [RegisteredHandler(callback=<bound method ConfigPlayer.config_play_callback of ConfigPlayer.event_player/events>, priority=200, kwargs={'calling_context': 'mode_battle_jester_started', 'mode': <Mode.pilot_mission_qualifier>, 'settings': {'reset_topgun_letters': [{'condition': None, 'number': None, 'priority': 0, 'params': {}}], 'check_all_pilot_modes_played': [{'condition': None, 'number': None, 'priority': 0, 'params': {}}], 'ball_search_reset': [{'condition': None, 'number': None, 'priority': 0, 'params': {}}], 'ball_search_block': [{'condition': None, 'number': None, 'priority': 0, 'params': {}}]}}, key=UUID('699c9087-bb7b-4fa4-80d6-5fb5826adc02'), condition=None, blocking_facility=None), RegisteredHandler(callback=<bound method ConfigPlayer.config_play_callback of ConfigPlayer.event_player/events>, priority=200, kwargs={'calling_context': 'mode_battle_jester_started', 'mode': <Mode.iceman_letters>, 'settings': {'stop_all_training_pulse_shows': [{'condition': None, 'number': None, 'priority': 0, 'params': {}}]}}, key=UUID('cea2611f-54dd-4a46-b31e-9543128ef340'), condition=None, blocking_facility=None)]. The order of those handlers is not defined and they will be executed in random order. This might lead to race conditions and potential bugs.
2026-05-11 15:31:24,507 : INFO : EventManager : Unordered handler for class ConfigPlayer.event_player/events on event mode_battle_jester_started with priority 200. Handlers: [RegisteredHandler(callback=<bound method ConfigPlayer.config_play_callback of ConfigPlayer.event_player/events>, priority=200, kwargs={'calling_context': 'mode_battle_jester_started', 'mode': <Mode.pilot_mission_qualifier>, 'settings': {'reset_topgun_letters': [{'condition': None, 'number': None, 'priority': 0, 'params': {}}], 'check_all_pilot_modes_played': [{'condition': None, 'number': None, 'priority': 0, 'params': {}}], 'ball_search_reset': [{'condition': None, 'number': None, 'priority': 0, 'params': {}}], 'ball_search_block': [{'condition': None, 'number': None, 'priority': 0, 'params': {}}]}}, key=UUID('699c9087-bb7b-4fa4-80d6-5fb5826adc02'), condition=None, blocking_facility=None), RegisteredHandler(callback=<bound method ConfigPlayer.config_play_callback of ConfigPlayer.event_player/events>, priority=200, kwargs={'calling_context': 'mode_battle_jester_started', 'mode': <Mode.iceman_letters>, 'settings': {'stop_all_training_pulse_shows': [{'condition': None, 'number': None, 'priority': 0, 'params': {}}]}}, key=UUID('cea2611f-54dd-4a46-b31e-9543128ef340'), condition=None, blocking_facility=None)]. The order of those handlers is not defined and they will be executed in random order. This might lead to race conditions and potential bugs.
2026-05-11 15:31:24,508 : INFO : EventManager : Unordered handler for class ConfigPlayer.variable_player/variables on event ball_will_end with priority 200. Handlers: [RegisteredHandler(callback=<bound method ConfigPlayer.config_play_callback of ConfigPlayer.variable_player/variables>, priority=200, kwargs={'calling_context': 'ball_will_end', 'mode': <Mode.pilot_mission_qualifier>, 'settings': {'mystery_just_lit_pilot': {'action': 'set', 'int': <NativeTemplate 0>, 'priority': 0, 'float': None, 'string': None, 'block': False, 'player': None, 'condition': None}, 'scoop_release_pending': {'action': 'set', 'int': <NativeTemplate 0>, 'priority': 0, 'float': None, 'string': None, 'block': False, 'player': None, 'condition': None}}}, key=UUID('ae723b50-a055-4724-934a-5c372b28500d'), condition=None, blocking_facility=None), RegisteredHandler(callback=<bound method ConfigPlayer.config_play_callback of ConfigPlayer.variable_player/variables>, priority=200, kwargs={'calling_context': 'ball_will_end', 'mode': <Mode.mig_letters>, 'settings': {'mig_letter_m': {'action': 'set', 'int': <NativeTemplate 0>, 'priority': 0, 'float': None, 'string': None, 'block': False, 'player': None, 'condition': None}, 'mig_letter_i': {'action': 'set', 'int': <NativeTemplate 0>, 'priority': 0, 'float': None, 'string': None, 'block': False, 'player': None, 'condition': None}, 'mig_letter_g': {'action': 'set', 'int': <NativeTemplate 0>, 'priority': 0, 'float': None, 'string': None, 'block': False, 'player': None, 'condition': None}, 'mig_completing': {'action': 'set', 'int': <NativeTemplate 0>, 'priority': 0, 'float': None, 'string': None, 'block': False, 'player': None, 'condition': None}}}, key=UUID('b9727e7b-11a4-45f3-8e21-f952364d51d6'), condition=None, blocking_facility=None)]. The order of those handlers is not defined and they will be executed in random order. This might lead to race conditions and potential bugs.
2026-05-11 15:31:24,508 : INFO : EventManager : Unordered handler for class ConfigPlayer.variable_player/variables on event s_orbit_upper_active with priority 200. Handlers: [RegisteredHandler(callback=<bound method ConfigPlayer.config_play_callback of ConfigPlayer.variable_player/variables>, priority=200, kwargs={'calling_context': 's_orbit_upper_active', 'mode': <Mode.pilot_mission_qualifier>, 'settings': {'previous_switch_type': {'action': 'set', 'int': <NativeTemplate 0>, 'priority': 0, 'float': None, 'string': None, 'block': False, 'player': None, 'condition': None}}}, key=UUID('712bf02d-f62a-4565-a8be-95c35a3a5328'), condition=None, blocking_facility=None), RegisteredHandler(callback=<bound method ConfigPlayer.config_play_callback of ConfigPlayer.variable_player/variables>, priority=200, kwargs={'calling_context': 's_orbit_upper_active', 'mode': <Mode.iceman_letters>, 'settings': {'right_post_locked_out': {'action': 'set', 'int': <NativeTemplate 1>, 'priority': 0, 'float': None, 'string': None, 'block': False, 'player': None, 'condition': None}}}, key=UUID('195e5f30-2898-4dce-be04-b146a25a85d2'), condition=None, blocking_facility=None)]. The order of those handlers is not defined and they will be executed in random order. This might lead to race conditions and potential bugs.
2026-05-11 15:31:24,509 : INFO : EventManager : Unordered handler for class ConfigPlayer.variable_player/variables on event s_ramp_inner_exit_active with priority 200. Handlers: [RegisteredHandler(callback=<bound method ConfigPlayer.config_play_callback of ConfigPlayer.variable_player/variables>, priority=200, kwargs={'calling_context': 's_ramp_inner_exit_active', 'mode': <Mode.pilot_mission_qualifier>, 'settings': {'previous_switch_type': {'action': 'set', 'int': <NativeTemplate 0>, 'priority': 0, 'float': None, 'string': None, 'block': False, 'player': None, 'condition': None}}}, key=UUID('3706cb2e-e9f5-41e4-ac26-1eecf6639fd5'), condition=None, blocking_facility=None), RegisteredHandler(callback=<bound method ConfigPlayer.config_play_callback of ConfigPlayer.variable_player/variables>, priority=200, kwargs={'calling_context': 's_ramp_inner_exit_active', 'mode': <Mode.iceman_letters>, 'settings': {'right_post_locked_out': {'action': 'set', 'int': <NativeTemplate 1>, 'priority': 0, 'float': None, 'string': None, 'block': False, 'player': None, 'condition': None}}}, key=UUID('84d48d89-0158-4ef3-a004-3685bdd31d6a'), condition=None, blocking_facility=None)]. The order of those handlers is not defined and they will be executed in random order. This might lead to race conditions and potential bugs.
2026-05-11 15:31:24,510 : INFO : EventManager : Unordered handler for class ConfigPlayer.variable_player/variables on event s_ramp_inner_exit_active with priority 200. Handlers: [RegisteredHandler(callback=<bound method ConfigPlayer.config_play_callback of ConfigPlayer.variable_player/variables>, priority=200, kwargs={'calling_context': 's_ramp_inner_exit_active', 'mode': <Mode.pilot_mission_qualifier>, 'settings': {'previous_switch_type': {'action': 'set', 'int': <NativeTemplate 0>, 'priority': 0, 'float': None, 'string': None, 'block': False, 'player': None, 'condition': None}}}, key=UUID('3706cb2e-e9f5-41e4-ac26-1eecf6639fd5'), condition=None, blocking_facility=None), RegisteredHandler(callback=<bound method ConfigPlayer.config_play_callback of ConfigPlayer.variable_player/variables>, priority=200, kwargs={'calling_context': 's_ramp_inner_exit_active', 'mode': <Mode.iceman_letters>, 'settings': {'right_post_locked_out': {'action': 'set', 'int': <NativeTemplate 1>, 'priority': 0, 'float': None, 'string': None, 'block': False, 'player': None, 'condition': None}}}, key=UUID('84d48d89-0158-4ef3-a004-3685bdd31d6a'), condition=None, blocking_facility=None)]. The order of those handlers is not defined and they will be executed in random order. This might lead to race conditions and potential bugs.
2026-05-11 15:31:24,512 : INFO : EventManager : Unordered handler for class ConfigPlayer.event_player/events on event mode_battle_jester_started with priority 200. Handlers: [RegisteredHandler(callback=<bound method ConfigPlayer.config_play_callback of ConfigPlayer.event_player/events>, priority=200, kwargs={'calling_context': 'mode_battle_jester_started', 'mode': <Mode.pilot_mission_qualifier>, 'settings': {'reset_topgun_letters': [{'condition': None, 'number': None, 'priority': 0, 'params': {}}], 'check_all_pilot_modes_played': [{'condition': None, 'number': None, 'priority': 0, 'params': {}}], 'ball_search_reset': [{'condition': None, 'number': None, 'priority': 0, 'params': {}}], 'ball_search_block': [{'condition': None, 'number': None, 'priority': 0, 'params': {}}]}}, key=UUID('699c9087-bb7b-4fa4-80d6-5fb5826adc02'), condition=None, blocking_facility=None), RegisteredHandler(callback=<bound method ConfigPlayer.config_play_callback of ConfigPlayer.event_player/events>, priority=200, kwargs={'calling_context': 'mode_battle_jester_started', 'mode': <Mode.iceman_letters>, 'settings': {'stop_all_training_pulse_shows': [{'condition': None, 'number': None, 'priority': 0, 'params': {}}]}}, key=UUID('cea2611f-54dd-4a46-b31e-9543128ef340'), condition=None, blocking_facility=None)]. The order of those handlers is not defined and they will be executed in random order. This might lead to race conditions and potential bugs.
2026-05-11 15:31:24,513 : INFO : EventManager : Unordered handler for class ConfigPlayer.event_player/events on event mode_battle_jester_started with priority 200. Handlers: [RegisteredHandler(callback=<bound method ConfigPlayer.config_play_callback of ConfigPlayer.event_player/events>, priority=200, kwargs={'calling_context': 'mode_battle_jester_started', 'mode': <Mode.pilot_mission_qualifier>, 'settings': {'reset_topgun_letters': [{'condition': None, 'number': None, 'priority': 0, 'params': {}}], 'check_all_pilot_modes_played': [{'condition': None, 'number': None, 'priority': 0, 'params': {}}], 'ball_search_reset': [{'condition': None, 'number': None, 'priority': 0, 'params': {}}], 'ball_search_block': [{'condition': None, 'number': None, 'priority': 0, 'params': {}}]}}, key=UUID('699c9087-bb7b-4fa4-80d6-5fb5826adc02'), condition=None, blocking_facility=None), RegisteredHandler(callback=<bound method ConfigPlayer.config_play_callback of ConfigPlayer.event_player/events>, priority=200, kwargs={'calling_context': 'mode_battle_jester_started', 'mode': <Mode.iceman_letters>, 'settings': {'stop_all_training_pulse_shows': [{'condition': None, 'number': None, 'priority': 0, 'params': {}}]}}, key=UUID('cea2611f-54dd-4a46-b31e-9543128ef340'), condition=None, blocking_facility=None)]. The order of those handlers is not defined and they will be executed in random order. This might lead to race conditions and potential bugs.
2026-05-11 15:31:24,513 : INFO : EventManager : Unordered handler for class ConfigPlayer.event_player/events on event mode_battle_jester_started with priority 200. Handlers: [RegisteredHandler(callback=<bound method ConfigPlayer.config_play_callback of ConfigPlayer.event_player/events>, priority=200, kwargs={'calling_context': 'mode_battle_jester_started', 'mode': <Mode.pilot_mission_qualifier>, 'settings': {'reset_topgun_letters': [{'condition': None, 'number': None, 'priority': 0, 'params': {}}], 'check_all_pilot_modes_played': [{'condition': None, 'number': None, 'priority': 0, 'params': {}}], 'ball_search_reset': [{'condition': None, 'number': None, 'priority': 0, 'params': {}}], 'ball_search_block': [{'condition': None, 'number': None, 'priority': 0, 'params': {}}]}}, key=UUID('699c9087-bb7b-4fa4-80d6-5fb5826adc02'), condition=None, blocking_facility=None), RegisteredHandler(callback=<bound method ConfigPlayer.config_play_callback of ConfigPlayer.event_player/events>, priority=200, kwargs={'calling_context': 'mode_battle_jester_started', 'mode': <Mode.iceman_letters>, 'settings': {'stop_all_training_pulse_shows': [{'condition': None, 'number': None, 'priority': 0, 'params': {}}]}}, key=UUID('cea2611f-54dd-4a46-b31e-9543128ef340'), condition=None, blocking_facility=None)]. The order of those handlers is not defined and they will be executed in random order. This might lead to race conditions and potential bugs.
2026-05-11 15:31:24,516 : INFO : EventManager : Unordered handler for class ConfigPlayer.event_player/events on event mode_battle_jester_started with priority 200. Handlers: [RegisteredHandler(callback=<bound method ConfigPlayer.config_play_callback of ConfigPlayer.event_player/events>, priority=200, kwargs={'calling_context': 'mode_battle_jester_started', 'mode': <Mode.pilot_mission_qualifier>, 'settings': {'reset_topgun_letters': [{'condition': None, 'number': None, 'priority': 0, 'params': {}}], 'check_all_pilot_modes_played': [{'condition': None, 'number': None, 'priority': 0, 'params': {}}], 'ball_search_reset': [{'condition': None, 'number': None, 'priority': 0, 'params': {}}], 'ball_search_block': [{'condition': None, 'number': None, 'priority': 0, 'params': {}}]}}, key=UUID('699c9087-bb7b-4fa4-80d6-5fb5826adc02'), condition=None, blocking_facility=None), RegisteredHandler(callback=<bound method ConfigPlayer.config_play_callback of ConfigPlayer.event_player/events>, priority=200, kwargs={'calling_context': 'mode_battle_jester_started', 'mode': <Mode.iceman_letters>, 'settings': {'stop_all_training_pulse_shows': [{'condition': None, 'number': None, 'priority': 0, 'params': {}}]}}, key=UUID('cea2611f-54dd-4a46-b31e-9543128ef340'), condition=None, blocking_facility=None)]. The order of those handlers is not defined and they will be executed in random order. This might lead to race conditions and potential bugs.
2026-05-11 15:31:24,516 : INFO : EventManager : Unordered handler for class ConfigPlayer.variable_player/variables on event ball_will_end with priority 200. Handlers: [RegisteredHandler(callback=<bound method ConfigPlayer.config_play_callback of ConfigPlayer.variable_player/variables>, priority=200, kwargs={'calling_context': 'ball_will_end', 'mode': <Mode.pilot_mission_qualifier>, 'settings': {'mystery_just_lit_pilot': {'action': 'set', 'int': <NativeTemplate 0>, 'priority': 0, 'float': None, 'string': None, 'block': False, 'player': None, 'condition': None}, 'scoop_release_pending': {'action': 'set', 'int': <NativeTemplate 0>, 'priority': 0, 'float': None, 'string': None, 'block': False, 'player': None, 'condition': None}}}, key=UUID('ae723b50-a055-4724-934a-5c372b28500d'), condition=None, blocking_facility=None), RegisteredHandler(callback=<bound method ConfigPlayer.config_play_callback of ConfigPlayer.variable_player/variables>, priority=200, kwargs={'calling_context': 'ball_will_end', 'mode': <Mode.mig_letters>, 'settings': {'mig_letter_m': {'action': 'set', 'int': <NativeTemplate 0>, 'priority': 0, 'float': None, 'string': None, 'block': False, 'player': None, 'condition': None}, 'mig_letter_i': {'action': 'set', 'int': <NativeTemplate 0>, 'priority': 0, 'float': None, 'string': None, 'block': False, 'player': None, 'condition': None}, 'mig_letter_g': {'action': 'set', 'int': <NativeTemplate 0>, 'priority': 0, 'float': None, 'string': None, 'block': False, 'player': None, 'condition': None}, 'mig_completing': {'action': 'set', 'int': <NativeTemplate 0>, 'priority': 0, 'float': None, 'string': None, 'block': False, 'player': None, 'condition': None}}}, key=UUID('b9727e7b-11a4-45f3-8e21-f952364d51d6'), condition=None, blocking_facility=None)]. The order of those handlers is not defined and they will be executed in random order. This might lead to race conditions and potential bugs.
2026-05-11 15:31:24,517 : INFO : EventManager : Event: ======'mode_battle_jester_starting'====== Args={'priority': 0}
2026-05-11 15:31:24,517 : INFO : Mode.battle_jester : Started. Priority: 600
2026-05-11 15:31:24,517 : INFO : EventManager : Event: ======'modes_active_modes_changed'====== Args={}
2026-05-11 15:31:24,517 : INFO : EventManager : Event: ======'mode_battle_jester_started'====== Args={'priority': 0}
2026-05-11 15:31:24,517 : INFO : EventManager : Event: ======'barrier_raise'====== Args={'priority': 0}
2026-05-11 15:31:24,518 : INFO : EventManager : Event: ======'player_missiles_perk_blocked'====== Args={'value': 0, 'prev_value': 0, 'change': 0, 'player_num': 1, 'source': 'battle_jester'}
2026-05-11 15:31:24,518 : INFO : EventManager : Event: ======'player_pilot_mode_active'====== Args={'value': 1, 'prev_value': 0, 'change': 1, 'player_num': 1, 'source': 'battle_jester'}
2026-05-11 15:31:24,518 : INFO : EventManager : Event: ======'player_bonus_delay_time'====== Args={'value': 5, 'prev_value': 0, 'change': 5, 'player_num': 1, 'source': 'battle_jester'}
2026-05-11 15:31:24,518 : INFO : EventManager : Event: ======'player_letter_collection_paused'====== Args={'value': 1, 'prev_value': 0, 'change': 1, 'player_num': 1, 'source': 'battle_jester'}
2026-05-11 15:31:24,518 : INFO : EventManager : Event: ======'player_pilot_missions_played'====== Args={'value': 2, 'prev_value': 1, 'change': 1, 'player_num': 1, 'source': 'battle_jester'}
2026-05-11 15:31:24,518 : INFO : EventManager : Event: ======'player_battle_jester_step'====== Args={'value': 0, 'prev_value': 0, 'change': 0, 'player_num': 1, 'source': 'battle_jester'}
2026-05-11 15:31:24,519 : INFO : EventManager : Event: ======'player_battle_jester_complete_flag'====== Args={'value': 0, 'prev_value': 0, 'change': 0, 'player_num': 1, 'source': 'battle_jester'}
2026-05-11 15:31:24,519 : INFO : EventManager : Event: ======'player_battle_jester_shots_remaining'====== Args={'value': 11, 'prev_value': 0, 'change': 11, 'player_num': 1, 'source': 'battle_jester'}
2026-05-11 15:31:24,519 : INFO : EventManager : Event: ======'player_battle_jester_points_bank'====== Args={'value': 0, 'prev_value': 0, 'change': 0, 'player_num': 1, 'source': 'battle_jester'}
2026-05-11 15:31:24,519 : INFO : EventManager : Event: ======'player_battle_jester_points_awarded'====== Args={'value': 0, 'prev_value': 0, 'change': 0, 'player_num': 1, 'source': 'battle_jester'}
2026-05-11 15:31:24,519 : INFO : EventManager : Event: ======'player_battle_jester_ramps_hit'====== Args={'value': 0, 'prev_value': 0, 'change': 0, 'player_num': 1, 'source': 'battle_jester'}
2026-05-11 15:31:24,519 : INFO : EventManager : Event: ======'player_battle_jester_tower_choice'====== Args={'value': 0, 'prev_value': 0, 'change': 0, 'player_num': 1, 'source': 'battle_jester'}
2026-05-11 15:31:24,519 : INFO : EventManager : Event: ======'player_battle_jester_tower_challenge_timer_tick'====== Args={'value': 20, 'prev_value': 0, 'change': 20, 'player_num': 1, 'source': 'battle_jester'}
2026-05-11 15:31:24,520 : INFO : EventManager : Event: ======'reset_topgun_letters'====== Args={'priority': 0}
2026-05-11 15:31:24,520 : INFO : EventManager : Event: ======'check_all_pilot_modes_played'====== Args={'priority': 0}
2026-05-11 15:31:24,520 : INFO : EventManager : Event: ======'ball_search_reset'====== Args={'priority': 0}
2026-05-11 15:31:24,520 : INFO : EventManager : Event: ======'ball_search_block'====== Args={'priority': 0}
2026-05-11 15:31:24,520 : INFO : EventManager : Event: ======'player_qualified_mode_number'====== Args={'value': 0, 'prev_value': 4, 'change': -4, 'player_num': 1, 'source': 'pilot_mission_qualifier'}
2026-05-11 15:31:24,520 : INFO : EventManager : Event: ======'stop_all_training_pulse_shows'====== Args={'priority': 0}
2026-05-11 15:31:24,520 : INFO : Timer.battle_jester_intro_video_delay : Starting Timer.
2026-05-11 15:31:24,520 : INFO : EventManager : Event: ======'timer_battle_jester_intro_video_delay_started'====== Args={'ticks': 0, 'ticks_remaining': 8}
2026-05-11 15:31:24,520 : INFO : EventManager : Event: ======'timer_battle_jester_intro_video_delay_tick'====== Args={'ticks': 0, 'ticks_remaining': 8}
2026-05-11 15:31:24,520 : INFO : coil.c_mode_barrier : Disabling Driver
2026-05-11 15:31:24,520 : INFO : Timer.global_scoop_eject_delay : Stopping Timer
2026-05-11 15:31:24,520 : INFO : EventManager : Event: ======'timer_global_scoop_eject_delay_stopped'====== Args={'ticks': 1, 'ticks_remaining': 1}
2026-05-11 15:31:24,521 : INFO : EventManager : Event: ======'topgun_letters_reset'====== Args={'priority': 0}
2026-05-11 15:31:24,521 : INFO : EventManager : Event: ======'update_training_qual_lights'====== Args={'priority': 0}
2026-05-11 15:31:24,542 : INFO : EventManager : Event: ======'slide_battle_jester_shots_remaining_created'====== Args={'_from_bcp': True}
2026-05-11 15:31:24,560 : INFO : EventManager : Event: ======'slide_battle_jester_intro_video_created'====== Args={'_from_bcp': True}
2026-05-11 15:31:24,581 : INFO : EventManager : Event: ======'slide_battle_jester_step_1_instructions_created'====== Args={'_from_bcp': True}
2026-05-11 15:31:24,582 : INFO : EventManager : Event: ======'slide_mach_scoring_expired_video_inactive'====== Args={'is_removing': False, '_from_bcp': True}
2026-05-11 15:31:24,582 : INFO : EventManager : Event: ======'slide_battle_jester_shots_remaining_active'====== Args={'original_context': 'battle_jester', 'original_calling_context': 'mode_battle_jester_started', 'priority': 600.0, 'cmd': 'slides_play', '_from_bcp': True}
2026-05-11 15:31:24,583 : INFO : EventManager : Event: ======'slide_battle_jester_timer_created'====== Args={'_from_bcp': True}
2026-05-11 15:31:24,584 : INFO : EventManager : Event: ======'slide_battle_jester_shots_remaining_inactive'====== Args={'is_removing': False, '_from_bcp': True}
2026-05-11 15:31:24,584 : INFO : EventManager : Event: ======'slide_battle_jester_timer_active'====== Args={'original_context': 'battle_jester', 'original_calling_context': 'mode_battle_jester_started{current_player.afterburner_perk_active==0}', 'priority': 600.0, 'cmd': 'slides_play', '_from_bcp': True}
2026-05-11 15:31:24,584 : INFO : EventManager : Event: ======'slide_topgun_6_removed'====== Args={'_from_bcp': True}
2026-05-11 15:31:24,585 : INFO : EventManager : Event: ======'slide_topgun_0_created'====== Args={'_from_bcp': True}
2026-05-11 15:31:24,791 : INFO : EventManager : Event: ======'balldevice_bd_mode_scoop_ball_count_changed'====== Args={'balls': 1}
2026-05-11 15:31:24,791 : INFO : ball_device.bd_mode_scoop : Received unexpected ball
2026-05-11 15:31:24,791 : INFO : EventManager : Event: ======'balldevice_captured_from_playfield'====== Args={'balls': 1}
2026-05-11 15:31:24,792 : INFO : EventManager : Event: ======'sw_playfield_active'====== Args={'balls': 1}
2026-05-11 15:31:24,792 : INFO : EventManager : Event: ======'playfield_ball_count_change'====== Args={'balls': 0, 'change': -1}
2026-05-11 15:31:24,792 : INFO : EventManager : Event: ======'balldevice_bd_mode_scoop_ball_enter'====== Args={'new_balls': 1, 'unclaimed_balls': 1, 'new_available_balls': 1, 'device': <ball_device.bd_mode_scoop>}
2026-05-11 15:31:24,793 : INFO : EventManager : Event: ======'ball_hold_battle_jester_scoop_hold_held_ball'====== Args={'balls_held': 1, 'total_balls_held': 1}
2026-05-11 15:31:24,793 : INFO : EventManager : Event: ======'ball_hold_battle_jester_scoop_hold_full'====== Args={'balls': 1}
2026-05-11 15:31:24,794 : INFO : EventManager : Event: ======'balldevice_balls_available'====== Args={}
2026-05-11 15:31:24,794 : INFO : EventManager : Event: ======'balldevice_bd_mode_scoop_ball_entered'====== Args={'new_balls': 1, 'device': <ball_device.bd_mode_scoop>}
2026-05-11 15:31:25,508 : INFO : EventManager : Event: ======'player_battle_jester_battle_jester_intro_video_delay_tick'====== Args={'value': 1, 'prev_value': 0, 'change': 1, 'player_num': 1}
2026-05-11 15:31:25,508 : INFO : EventManager : Event: ======'timer_battle_jester_intro_video_delay_tick'====== Args={'ticks': 1, 'ticks_remaining': 7}
2026-05-11 15:31:26,004 : INFO : EventManager : Event: ======'slide_mach_scoring_expired_video_removed'====== Args={'_from_bcp': True}
2026-05-11 15:31:26,520 : INFO : EventManager : Event: ======'player_battle_jester_battle_jester_intro_video_delay_tick'====== Args={'value': 2, 'prev_value': 1, 'change': 1, 'player_num': 1}
2026-05-11 15:31:26,520 : INFO : EventManager : Event: ======'timer_battle_jester_intro_video_delay_tick'====== Args={'ticks': 2, 'ticks_remaining': 6}
2026-05-11 15:31:26,674 : INFO : SwitchController : <<<<<<< 's_flipper_right' active >>>>>>>
2026-05-11 15:31:26,674 : INFO : EventManager : Event: ======'s_flipper_right_active'====== Args={}
2026-05-11 15:31:26,674 : INFO : EventManager : Event: ======'machine_var_audits_switches_s_flipper_right'====== Args={'value': 54760, 'prev_value': 54759, 'change': 1}
2026-05-11 15:31:26,675 : INFO : SwitchController : <<<<<<< 's_flipper_left' active >>>>>>>
2026-05-11 15:31:26,675 : INFO : EventManager : Event: ======'s_flipper_left_active'====== Args={}
2026-05-11 15:31:26,675 : INFO : EventManager : Event: ======'flipper_cancel'====== Args={'triggering_group': 1, 'triggering_switch': 's_flipper_left'}
2026-05-11 15:31:26,675 : INFO : EventManager : Event: ======'machine_var_audits_switches_s_flipper_left'====== Args={'value': 56566, 'prev_value': 56565, 'change': 1}
2026-05-11 15:31:26,676 : INFO : SwitchController : <<<<<<< 's_flipper_left_upper' active >>>>>>>
2026-05-11 15:31:26,676 : INFO : EventManager : Event: ======'machine_var_audits_switches_s_flipper_left_upper'====== Args={'value': 55885, 'prev_value': 55884, 'change': 1}
2026-05-11 15:31:26,677 : INFO : EventManager : Event: ======'battle_jester_check_skip_intro'====== Args={'priority': 0}
2026-05-11 15:31:26,677 : INFO : EventManager : Event: ======'goose_rotate_right_execute'====== Args={'priority': 0}
2026-05-11 15:31:26,677 : INFO : EventManager : Event: ======'player_goose_temp_g'====== Args={'value': 1, 'prev_value': 0, 'change': 1, 'player_num': 1, 'source': 'goose_letters'}
2026-05-11 15:31:26,677 : INFO : EventManager : Event: ======'player_goose_temp_o_left'====== Args={'value': 0, 'prev_value': 1, 'change': -1, 'player_num': 1, 'source': 'goose_letters'}
2026-05-11 15:31:26,678 : INFO : EventManager : Event: ======'mig_rotate_right_execute'====== Args={'priority': 0}
2026-05-11 15:31:26,678 : INFO : EventManager : Event: ======'status_mode_entry_both_held'====== Args={'priority': 0}
2026-05-11 15:31:26,678 : INFO : EventManager : Event: ======'ball_search_reset'====== Args={'priority': 0}
2026-05-11 15:31:26,678 : INFO : EventManager : Event: ======'battle_jester_skip_intro'====== Args={'priority': 0}
2026-05-11 15:31:26,678 : INFO : EventManager : Event: ======'barrier_drop'====== Args={'priority': 0}
2026-05-11 15:31:26,678 : INFO : EventManager : Event: ======'battle_jester_ball_released'====== Args={'priority': 0}
2026-05-11 15:31:26,679 : INFO : EventManager : Event: ======'battle_jester_setup_step_1'====== Args={'priority': 0}
2026-05-11 15:31:26,679 : INFO : Timer.battle_jester_intro_video_delay : Stopping Timer
2026-05-11 15:31:26,679 : INFO : EventManager : Event: ======'timer_battle_jester_intro_video_delay_stopped'====== Args={'ticks': 2, 'ticks_remaining': 6}
2026-05-11 15:31:26,679 : INFO : coil.c_mode_barrier : Enabling Driver with power 0.25 (pulse_ms 45ms and pulse_power 0.75)
2026-05-11 15:31:26,679 : INFO : ball_device.bd_mode_scoop : Adding 1 ball(s) to the eject_queue with target <playfield.playfield>.
2026-05-11 15:31:26,679 : INFO : EventManager : Event: ======'balldevice_balls_available'====== Args={}
2026-05-11 15:31:26,680 : INFO : EventManager : Event: ======'ball_hold_battle_jester_scoop_hold_balls_released'====== Args={'balls_released': 1}
2026-05-11 15:31:26,680 : INFO : Timer.battle_jester_barrier_delay : Starting Timer.
2026-05-11 15:31:26,680 : INFO : EventManager : Event: ======'timer_battle_jester_barrier_delay_started'====== Args={'ticks': 0, 'ticks_remaining': 2}
2026-05-11 15:31:26,680 : INFO : EventManager : Event: ======'timer_battle_jester_barrier_delay_tick'====== Args={'ticks': 0, 'ticks_remaining': 2}
2026-05-11 15:31:26,680 : INFO : EventManager : Event: ======'player_goose_letter_g'====== Args={'value': 0, 'prev_value': 1, 'change': -1, 'player_num': 1, 'source': 'goose_letters'}
2026-05-11 15:31:26,680 : INFO : EventManager : Event: ======'player_goose_letter_o_left'====== Args={'value': 1, 'prev_value': 0, 'change': 1, 'player_num': 1, 'source': 'goose_letters'}
2026-05-11 15:31:26,682 : INFO : Timer.status_mode_entry : Starting Timer.
2026-05-11 15:31:26,682 : INFO : EventManager : Event: ======'timer_status_mode_entry_started'====== Args={'ticks': 0, 'ticks_remaining': 4}
2026-05-11 15:31:26,682 : INFO : EventManager : Event: ======'timer_status_mode_entry_tick'====== Args={'ticks': 0, 'ticks_remaining': 4}
2026-05-11 15:31:26,682 : INFO : EventManager : Event: ======'goose_rotate_left_execute'====== Args={'priority': 0}
2026-05-11 15:31:26,682 : INFO : EventManager : Event: ======'player_goose_temp_g'====== Args={'value': 0, 'prev_value': 1, 'change': -1, 'player_num': 1, 'source': 'goose_letters'}
2026-05-11 15:31:26,682 : INFO : EventManager : Event: ======'player_goose_temp_o_left'====== Args={'value': 1, 'prev_value': 0, 'change': 1, 'player_num': 1, 'source': 'goose_letters'}
2026-05-11 15:31:26,682 : INFO : EventManager : Event: ======'mig_rotate_left_execute'====== Args={'priority': 0}
2026-05-11 15:31:26,682 : INFO : EventManager : Event: ======'status_mode_entry_both_held'====== Args={'priority': 0}
2026-05-11 15:31:26,683 : INFO : EventManager : Event: ======'ball_search_reset'====== Args={'priority': 0}
2026-05-11 15:31:26,683 : INFO : EventManager : Event: ======'player_goose_letter_g'====== Args={'value': 1, 'prev_value': 0, 'change': 1, 'player_num': 1, 'source': 'goose_letters'}
2026-05-11 15:31:26,683 : INFO : EventManager : Event: ======'player_goose_letter_o_left'====== Args={'value': 0, 'prev_value': 1, 'change': -1, 'player_num': 1, 'source': 'goose_letters'}
2026-05-11 15:31:26,683 : INFO : EventManager : Event: ======'timer_status_mode_entry_tick'====== Args={'ticks': 0, 'ticks_remaining': 4}
2026-05-11 15:31:26,693 : INFO : SwitchController : <<<<<<< 's_flipper_right_eos' active >>>>>>>
2026-05-11 15:31:26,693 : INFO : EventManager : Event: ======'machine_var_audits_switches_s_flipper_right_eos'====== Args={'value': 49231, 'prev_value': 49230, 'change': 1}
2026-05-11 15:31:26,694 : INFO : SwitchController : <<<<<<< 's_flipper_left_eos' active >>>>>>>
2026-05-11 15:31:26,694 : INFO : EventManager : Event: ======'machine_var_audits_switches_s_flipper_left_eos'====== Args={'value': 51351, 'prev_value': 51350, 'change': 1}
2026-05-11 15:31:26,696 : INFO : SwitchController : <<<<<<< 's_flipper_left_upper_eos' active >>>>>>>
2026-05-11 15:31:26,696 : INFO : EventManager : Event: ======'s_flipper_left_upper_eos_active'====== Args={}
2026-05-11 15:31:26,696 : INFO : EventManager : Event: ======'machine_var_audits_switches_s_flipper_left_upper_eos'====== Args={'value': 63071, 'prev_value': 63070, 'change': 1}
2026-05-11 15:31:26,697 : INFO : EventManager : Event: ======'player_previous_switch_type'====== Args={'value': 2, 'prev_value': 0, 'change': 2, 'player_num': 1, 'source': 'pilot_mission_qualifier'}
2026-05-11 15:31:26,699 : INFO : ball_device.bd_mode_scoop : State: waiting_for_target_ready
2026-05-11 15:31:26,699 : INFO : EventManager : Event: ======'balldevice_bd_mode_scoop_ball_eject_attempt'====== Args={'balls': 1, 'target': <playfield.playfield>, 'source': <ball_device.bd_mode_scoop>, 'mechanical_eject': False, 'num_attempts': 0}
2026-05-11 15:31:26,700 : INFO : ball_device.bd_mode_scoop : State: ejecting
2026-05-11 15:31:26,700 : INFO : ball_device.bd_mode_scoop : Ejecting ball to <playfield.playfield>
2026-05-11 15:31:26,700 : INFO : EventManager : Event: ======'balldevice_bd_mode_scoop_ejecting_ball'====== Args={'balls': 1, 'target': <playfield.playfield>, 'source': <ball_device.bd_mode_scoop>, 'mechanical_eject': False, 'num_attempts': 0}
2026-05-11 15:31:26,701 : INFO : EventManager : Event: ======'ball_save_scoop_eject_save_timer_start'====== Args={}
2026-05-11 15:31:26,701 : INFO : EventManager : Event: ======'ball_save_scoop_eject_save_enabled'====== Args={}
2026-05-11 15:31:26,701 : INFO : EventManager : Event: ======'player_ball_save_scoop_save_countdown_tick'====== Args={'value': 5, 'prev_value': 0, 'change': 5, 'player_num': 1}
2026-05-11 15:31:26,703 : INFO : Timer.scoop_save_countdown : Starting Timer.
2026-05-11 15:31:26,703 : INFO : EventManager : Event: ======'timer_scoop_save_countdown_started'====== Args={'ticks': 5, 'ticks_remaining': 5}
2026-05-11 15:31:26,703 : INFO : EventManager : Event: ======'timer_scoop_save_countdown_tick'====== Args={'ticks': 5, 'ticks_remaining': 5}
2026-05-11 15:31:26,703 : INFO : EventManager : Event: ======'ball_save_flash_medium'====== Args={'priority': 0}
2026-05-11 15:31:26,703 : INFO : EventManager : Event: ======'player_ball_save_time_remaining'====== Args={'value': 5, 'prev_value': 1, 'change': 4, 'player_num': 1, 'source': 'ball_save'}
2026-05-11 15:31:26,703 : INFO : EventManager : Event: ======'player_ball_save_active'====== Args={'value': 1, 'prev_value': 0, 'change': 1, 'player_num': 1, 'source': 'ball_save'}
2026-05-11 15:31:26,705 : INFO : EventManager : Event: ======'slide_battle_jester_intro_video_removed'====== Args={'_from_bcp': True}
2026-05-11 15:31:26,705 : INFO : ball_device.bd_mode_scoop : Wait for ball to leave device
2026-05-11 15:31:26,721 : INFO : SwitchController : <<<<<<< 's_flipper_left_upper' inactive >>>>>>>
2026-05-11 15:31:26,736 : INFO : SwitchController : <<<<<<< 's_flipper_left' inactive >>>>>>>
2026-05-11 15:31:26,736 : INFO : EventManager : Event: ======'s_flipper_left_inactive'====== Args={}
2026-05-11 15:31:26,736 : INFO : EventManager : Event: ======'both_flippers_one'====== Args={'triggering_group': 1, 'triggering_switch': 's_flipper_left'}
2026-05-11 15:31:26,737 : INFO : EventManager : Event: ======'status_mode_entry_cancel'====== Args={'priority': 0}
2026-05-11 15:31:26,737 : INFO : Timer.status_mode_entry : Stopping Timer
2026-05-11 15:31:26,737 : INFO : EventManager : Event: ======'timer_status_mode_entry_stopped'====== Args={'ticks': 0, 'ticks_remaining': 4}
2026-05-11 15:31:26,752 : INFO : SwitchController : <<<<<<< 's_flipper_right' inactive >>>>>>>
2026-05-11 15:31:26,752 : INFO : EventManager : Event: ======'s_flipper_right_inactive'====== Args={}
2026-05-11 15:31:26,752 : INFO : EventManager : Event: ======'both_flippers_inactive'====== Args={'triggering_group': 2, 'triggering_switch': 's_flipper_right'}
2026-05-11 15:31:26,783 : INFO : coil.c_mode_outkicker : Pulsing Driver for 35ms (0.75 pulse_power)
2026-05-11 15:31:26,830 : INFO : SwitchController : <<<<<<< 's_mode_start' inactive >>>>>>>
2026-05-11 15:31:26,830 : INFO : EventManager : Event: ======'s_mode_start_inactive'====== Args={}
2026-05-11 15:31:26,830 : INFO : SwitchController : <<<<<<< 's_flipper_left_eos' inactive >>>>>>>
2026-05-11 15:31:26,831 : INFO : SwitchController : <<<<<<< 's_flipper_left_upper_eos' inactive >>>>>>>
2026-05-11 15:31:26,831 : INFO : EventManager : Event: ======'battle_jester_setup_step_1'====== Args={'priority': 0}
2026-05-11 15:31:26,832 : INFO : Timer.battle_jester_timer : Starting Timer.
2026-05-11 15:31:26,832 : INFO : EventManager : Event: ======'timer_battle_jester_timer_started'====== Args={'ticks': 120, 'ticks_remaining': 120}
2026-05-11 15:31:26,832 : INFO : EventManager : Event: ======'timer_battle_jester_timer_tick'====== Args={'ticks': 120, 'ticks_remaining': 120}
2026-05-11 15:31:26,832 : INFO : Timer.battle_jester_step_1_timer : Starting Timer.
2026-05-11 15:31:26,832 : INFO : EventManager : Event: ======'timer_battle_jester_step_1_timer_started'====== Args={'ticks': 0, 'ticks_remaining': 30}
2026-05-11 15:31:26,832 : INFO : EventManager : Event: ======'timer_battle_jester_step_1_timer_tick'====== Args={'ticks': 0, 'ticks_remaining': 30}
2026-05-11 15:31:26,834 : INFO : ball_device.bd_mode_scoop : State: ball_left
2026-05-11 15:31:26,834 : INFO : ball_device.bd_mode_scoop : Ball left
2026-05-11 15:31:26,834 : INFO : ball_device.bd_mode_scoop : Wait for confirm with timeout 3.0
2026-05-11 15:31:26,845 : INFO : SwitchController : <<<<<<< 's_flipper_right_eos' inactive >>>>>>>
2026-05-11 15:31:27,032 : INFO : EventManager : Event: ======'slide_topgun_letters_complete_2_removed'====== Args={'_from_bcp': True}
2026-05-11 15:31:27,040 : INFO : EventManager : Event: ======'start_bg_video'====== Args={'_from_bcp': True}
2026-05-11 15:31:27,041 : INFO : EventManager : Event: ======'new_video'====== Args={'_from_bcp': True}
2026-05-11 15:31:27,689 : INFO : EventManager : Event: ======'player_battle_jester_battle_jester_barrier_delay_tick'====== Args={'value': 1, 'prev_value': 0, 'change': 1, 'player_num': 1}
2026-05-11 15:31:27,690 : INFO : EventManager : Event: ======'timer_battle_jester_barrier_delay_tick'====== Args={'ticks': 1, 'ticks_remaining': 1}
2026-05-11 15:31:27,690 : INFO : EventManager : Event: ======'player_ball_save_scoop_save_countdown_tick'====== Args={'value': 4, 'prev_value': 5, 'change': -1, 'player_num': 1}
2026-05-11 15:31:27,690 : INFO : EventManager : Event: ======'timer_scoop_save_countdown_tick'====== Args={'ticks': 4, 'ticks_remaining': 4}
2026-05-11 15:31:27,690 : INFO : EventManager : Event: ======'ball_save_flash_medium'====== Args={'priority': 0}
2026-05-11 15:31:27,692 : INFO : EventManager : Event: ======'player_ball_save_time_remaining'====== Args={'value': 4, 'prev_value': 5, 'change': -1, 'player_num': 1, 'source': 'ball_save'}
2026-05-11 15:31:27,815 : INFO : EventManager : Event: ======'player_battle_jester_battle_jester_step_1_timer_tick'====== Args={'value': 1, 'prev_value': 0, 'change': 1, 'player_num': 1}
2026-05-11 15:31:27,815 : INFO : EventManager : Event: ======'timer_battle_jester_step_1_timer_tick'====== Args={'ticks': 1, 'ticks_remaining': 29}
2026-05-11 15:31:27,815 : INFO : EventManager : Event: ======'player_battle_jester_battle_jester_timer_tick'====== Args={'value': 119, 'prev_value': 120, 'change': -1, 'player_num': 1}
2026-05-11 15:31:27,816 : INFO : EventManager : Event: ======'timer_battle_jester_timer_tick'====== Args={'ticks': 119, 'ticks_remaining': 119}
2026-05-11 15:31:28,686 : INFO : EventManager : Event: ======'player_battle_jester_battle_jester_barrier_delay_tick'====== Args={'value': 2, 'prev_value': 1, 'change': 1, 'player_num': 1}
2026-05-11 15:31:28,686 : INFO : Timer.battle_jester_barrier_delay : Timer Complete
2026-05-11 15:31:28,686 : INFO : Timer.battle_jester_barrier_delay : Stopping Timer
2026-05-11 15:31:28,687 : INFO : EventManager : Event: ======'timer_battle_jester_barrier_delay_stopped'====== Args={'ticks': 2, 'ticks_remaining': 1}
2026-05-11 15:31:28,687 : INFO : EventManager : Event: ======'timer_battle_jester_barrier_delay_complete'====== Args={'ticks': 2, 'ticks_remaining': 1}
2026-05-11 15:31:28,687 : INFO : EventManager : Event: ======'player_ball_save_scoop_save_countdown_tick'====== Args={'value': 3, 'prev_value': 4, 'change': -1, 'player_num': 1}
2026-05-11 15:31:28,687 : INFO : EventManager : Event: ======'timer_scoop_save_countdown_tick'====== Args={'ticks': 3, 'ticks_remaining': 3}
2026-05-11 15:31:28,687 : INFO : EventManager : Event: ======'battle_jester_barrier_raise'====== Args={'priority': 0}
2026-05-11 15:31:28,688 : INFO : EventManager : Event: ======'barrier_raise'====== Args={'priority': 0}
2026-05-11 15:31:28,688 : INFO : coil.c_mode_barrier : Disabling Driver
2026-05-11 15:31:28,688 : INFO : Timer.global_scoop_eject_delay : Stopping Timer
2026-05-11 15:31:28,688 : INFO : EventManager : Event: ======'timer_global_scoop_eject_delay_stopped'====== Args={'ticks': 1, 'ticks_remaining': 1}
2026-05-11 15:31:28,688 : INFO : EventManager : Event: ======'ball_save_flash_fast'====== Args={'priority': 0}
2026-05-11 15:31:28,688 : INFO : EventManager : Event: ======'player_ball_save_time_remaining'====== Args={'value': 3, 'prev_value': 4, 'change': -1, 'player_num': 1, 'source': 'ball_save'}
2026-05-11 15:31:28,811 : INFO : EventManager : Event: ======'player_battle_jester_battle_jester_timer_tick'====== Args={'value': 118, 'prev_value': 119, 'change': -1, 'player_num': 1}
2026-05-11 15:31:28,812 : INFO : EventManager : Event: ======'timer_battle_jester_timer_tick'====== Args={'ticks': 118, 'ticks_remaining': 118}
2026-05-11 15:31:28,812 : INFO : EventManager : Event: ======'player_battle_jester_battle_jester_step_1_timer_tick'====== Args={'value': 2, 'prev_value': 1, 'change': 1, 'player_num': 1}
2026-05-11 15:31:28,812 : INFO : EventManager : Event: ======'timer_battle_jester_step_1_timer_tick'====== Args={'ticks': 2, 'ticks_remaining': 28}
2026-05-11 15:31:29,421 : INFO : SwitchController : <<<<<<< 's_orbit_left' active >>>>>>>
2026-05-11 15:31:29,421 : INFO : EventManager : Event: ======'s_orbit_left_active'====== Args={}
2026-05-11 15:31:29,421 : INFO : EventManager : Event: ======'sw_playfield_active'====== Args={}
2026-05-11 15:31:29,421 : INFO : EventManager : Event: ======'machine_var_audits_switches_s_orbit_left'====== Args={'value': 8490, 'prev_value': 8489, 'change': 1}
2026-05-11 15:31:29,423 : INFO : EventManager : Event: ======'player_previous_switch_type'====== Args={'value': 1, 'prev_value': 2, 'change': -1, 'player_num': 1, 'source': 'pilot_mission_qualifier'}
2026-05-11 15:31:29,423 : INFO : EventManager : Event: ======'player_score'====== Args={'value': 16720125, 'prev_value': 16712125, 'change': 8000, 'player_num': 1, 'source': 'base'}
2026-05-11 15:31:29,424 : INFO : EventManager : Event: ======'player_bonus_switches_count'====== Args={'value': 40, 'prev_value': 39, 'change': 1, 'player_num': 1, 'source': 'base'}
2026-05-11 15:31:29,424 : INFO : EventManager : Event: ======'player_pilot_mission_qualifier_left_orbit_shot_timeout_tick'====== Args={'value': 0, 'prev_value': 3, 'change': -3, 'player_num': 1}
2026-05-11 15:31:29,424 : INFO : Timer.left_orbit_shot_timeout : Starting Timer.
2026-05-11 15:31:29,424 : INFO : EventManager : Event: ======'timer_left_orbit_shot_timeout_started'====== Args={'ticks': 0, 'ticks_remaining': 3}
2026-05-11 15:31:29,424 : INFO : EventManager : Event: ======'timer_left_orbit_shot_timeout_tick'====== Args={'ticks': 0, 'ticks_remaining': 3}
2026-05-11 15:31:29,424 : INFO : EventManager : Event: ======'playfield_active'====== Args={'source': None}
2026-05-11 15:31:29,432 : INFO : ball_device.bd_mode_scoop : Got eject confirm
2026-05-11 15:31:29,433 : INFO : ball_device.bd_mode_scoop : Eject successful
2026-05-11 15:31:29,433 : INFO : EventManager : Event: ======'balldevice_bd_mode_scoop_ball_eject_success'====== Args={'balls': 1, 'target': <playfield.playfield>}
2026-05-11 15:31:29,433 : INFO : EventManager : Event: ======'balldevice_playfield_ball_enter'====== Args={'new_balls': 1, 'unclaimed_balls': 1, 'device': <playfield.playfield>}
2026-05-11 15:31:29,434 : INFO : EventManager : Event: ======'playfield_ball_count_change'====== Args={'balls': 1, 'change': 1}
2026-05-11 15:31:29,434 : INFO : EventManager : Event: ======'balldevice_bd_mode_scoop_ball_count_changed'====== Args={'balls': 0}
2026-05-11 15:31:29,434 : INFO : ball_device.bd_mode_scoop : State: idle
2026-05-11 15:31:29,437 : INFO : SwitchController : <<<<<<< 's_orbit_left' inactive >>>>>>>
2026-05-11 15:31:29,689 : INFO : EventManager : Event: ======'player_ball_save_scoop_save_countdown_tick'====== Args={'value': 2, 'prev_value': 3, 'change': -1, 'player_num': 1}
2026-05-11 15:31:29,690 : INFO : EventManager : Event: ======'timer_scoop_save_countdown_tick'====== Args={'ticks': 2, 'ticks_remaining': 2}
2026-05-11 15:31:29,690 : INFO : EventManager : Event: ======'ball_save_flash_off'====== Args={'priority': 0}
2026-05-11 15:31:29,690 : INFO : EventManager : Event: ======'player_ball_save_time_remaining'====== Args={'value': 2, 'prev_value': 3, 'change': -1, 'player_num': 1, 'source': 'ball_save'}
2026-05-11 15:31:29,800 : INFO : SwitchController : <<<<<<< 's_orbit_right' active >>>>>>>
2026-05-11 15:31:29,800 : INFO : EventManager : Event: ======'s_orbit_right_active'====== Args={}
2026-05-11 15:31:29,800 : INFO : EventManager : Event: ======'sw_playfield_active'====== Args={}
2026-05-11 15:31:29,800 : INFO : EventManager : Event: ======'machine_var_audits_switches_s_orbit_right'====== Args={'value': 6978, 'prev_value': 6977, 'change': 1}
2026-05-11 15:31:29,801 : INFO : EventManager : Event: ======'left_orbit_shot_hit'====== Args={'priority': 0}
2026-05-11 15:31:29,801 : INFO : EventManager : Event: ======'timer_left_orbit_shot_timeout_stop'====== Args={'priority': 0}
2026-05-11 15:31:29,801 : INFO : EventManager : Event: ======'player_previous_switch_type'====== Args={'value': 0, 'prev_value': 1, 'change': -1, 'player_num': 1, 'source': 'pilot_mission_qualifier'}
2026-05-11 15:31:29,801 : INFO : EventManager : Event: ======'restart_right_orbit_lockout_timer'====== Args={'priority': 0}
2026-05-11 15:31:29,801 : INFO : EventManager : Event: ======'player_right_post_locked_out'====== Args={'value': 1, 'prev_value': 0, 'change': 1, 'player_num': 1, 'source': 'iceman_letters'}
2026-05-11 15:31:29,801 : INFO : EventManager : Event: ======'player_score'====== Args={'value': 16728125, 'prev_value': 16720125, 'change': 8000, 'player_num': 1, 'source': 'base'}
2026-05-11 15:31:29,801 : INFO : EventManager : Event: ======'player_bonus_switches_count'====== Args={'value': 41, 'prev_value': 40, 'change': 1, 'player_num': 1, 'source': 'base'}
2026-05-11 15:31:29,801 : INFO : EventManager : Event: ======'player_pilot_mission_qualifier_right_orbit_shot_timeout_tick'====== Args={'value': 0, 'prev_value': 3, 'change': -3, 'player_num': 1}
2026-05-11 15:31:29,801 : INFO : Timer.right_orbit_shot_timeout : Starting Timer.
2026-05-11 15:31:29,801 : INFO : EventManager : Event: ======'timer_right_orbit_shot_timeout_started'====== Args={'ticks': 0, 'ticks_remaining': 3}
2026-05-11 15:31:29,801 : INFO : EventManager : Event: ======'timer_right_orbit_shot_timeout_tick'====== Args={'ticks': 0, 'ticks_remaining': 3}
2026-05-11 15:31:29,801 : INFO : EventManager : Event: ======'battle_jester_step_1_complete'====== Args={'priority': 0}
2026-05-11 15:31:29,801 : INFO : EventManager : Event: ======'battle_jester_setup_step_2'====== Args={'priority': 0}
2026-05-11 15:31:29,801 : INFO : EventManager : Event: ======'battle_jester_add_time_green'====== Args={'priority': 0}
2026-05-11 15:31:29,803 : INFO : EventManager : Event: ======'player_battle_jester_points_bank'====== Args={'value': 800000, 'prev_value': 0, 'change': 800000, 'player_num': 1, 'source': 'battle_jester'}
2026-05-11 15:31:29,803 : INFO : EventManager : Event: ======'player_battle_jester_shots_remaining'====== Args={'value': 10, 'prev_value': 11, 'change': -1, 'player_num': 1, 'source': 'battle_jester'}
2026-05-11 15:31:29,803 : INFO : EventManager : Event: ======'player_orbit_shot_lockout'====== Args={'value': 1, 'prev_value': 0, 'change': 1, 'player_num': 1, 'source': 'pilot_mission_qualifier'}
2026-05-11 15:31:29,803 : INFO : EventManager : Event: ======'player_pilot_mission_qualifier_orbit_shot_lockout_timer_tick'====== Args={'value': 0, 'prev_value': 1, 'change': -1, 'player_num': 1}
2026-05-11 15:31:29,803 : INFO : Timer.orbit_shot_lockout_timer : Starting Timer.
2026-05-11 15:31:29,803 : INFO : EventManager : Event: ======'timer_orbit_shot_lockout_timer_started'====== Args={'ticks': 0, 'ticks_remaining': 1}
2026-05-11 15:31:29,803 : INFO : EventManager : Event: ======'timer_orbit_shot_lockout_timer_tick'====== Args={'ticks': 0, 'ticks_remaining': 1}
2026-05-11 15:31:29,803 : INFO : EventManager : Event: ======'shaker_soft'====== Args={'priority': 0}
2026-05-11 15:31:29,803 : INFO : EventManager : Event: ======'player_battle_jester_step'====== Args={'value': 1, 'prev_value': 0, 'change': 1, 'player_num': 1, 'source': 'battle_jester'}
2026-05-11 15:31:29,803 : INFO : EventManager : Event: ======'player_battle_jester_shots_remaining'====== Args={'value': 9, 'prev_value': 10, 'change': -1, 'player_num': 1, 'source': 'battle_jester'}
2026-05-11 15:31:29,803 : INFO : Timer.battle_jester_step_1_timer : Stopping Timer
2026-05-11 15:31:29,803 : INFO : EventManager : Event: ======'timer_battle_jester_step_1_timer_stopped'====== Args={'ticks': 2, 'ticks_remaining': 28}
2026-05-11 15:31:29,803 : INFO : Timer.battle_jester_step_2_timer : Starting Timer.
2026-05-11 15:31:29,803 : INFO : EventManager : Event: ======'timer_battle_jester_step_2_timer_started'====== Args={'ticks': 0, 'ticks_remaining': 30}
2026-05-11 15:31:29,803 : INFO : EventManager : Event: ======'timer_battle_jester_step_2_timer_tick'====== Args={'ticks': 0, 'ticks_remaining': 30}
2026-05-11 15:31:29,804 : INFO : EventManager : Event: ======'battle_jester_timer_add_5s'====== Args={'priority': 0}
2026-05-11 15:31:29,804 : INFO : EventManager : Event: ======'battle_jester_timer_add'====== Args={'priority': 0}
2026-05-11 15:31:29,804 : INFO : EventManager : Event: ======'player_battle_jester_battle_jester_timer_tick'====== Args={'value': 123, 'prev_value': 118, 'change': 5, 'player_num': 1}
2026-05-11 15:31:29,804 : INFO : EventManager : Event: ======'timer_battle_jester_timer_time_added'====== Args={'ticks': 123, 'ticks_added': 118, 'ticks_remaining': 118}
2026-05-11 15:31:29,805 : INFO : EventManager : Event: ======'player_iceman_letters_right_orbit_lockout_timer_tick'====== Args={'value': 0, 'prev_value': 3, 'change': -3, 'player_num': 1}
2026-05-11 15:31:29,805 : INFO : Timer.right_orbit_lockout_timer : Starting Timer.
2026-05-11 15:31:29,805 : INFO : EventManager : Event: ======'timer_right_orbit_lockout_timer_started'====== Args={'ticks': 0, 'ticks_remaining': 3}
2026-05-11 15:31:29,805 : INFO : EventManager : Event: ======'timer_right_orbit_lockout_timer_tick'====== Args={'ticks': 0, 'ticks_remaining': 3}
2026-05-11 15:31:29,806 : INFO : EventManager : Event: ======'player_battle_jester_battle_jester_timer_tick'====== Args={'value': 122, 'prev_value': 123, 'change': -1, 'player_num': 1}
2026-05-11 15:31:29,807 : INFO : EventManager : Event: ======'timer_battle_jester_timer_tick'====== Args={'ticks': 122, 'ticks_remaining': 122}
2026-05-11 15:31:29,813 : INFO : EventManager : Event: ======'slide_battle_jester_points_bank_created'====== Args={'_from_bcp': True}
2026-05-11 15:31:29,831 : INFO : EventManager : Event: ======'slide_battle_jester_step_1_video_created'====== Args={'_from_bcp': True}
2026-05-11 15:31:29,833 : INFO : EventManager : Event: ======'slide_battle_jester_timer_inactive'====== Args={'is_removing': False, '_from_bcp': True}
2026-05-11 15:31:29,833 : INFO : EventManager : Event: ======'slide_battle_jester_points_bank_active'====== Args={'original_context': 'battle_jester', 'original_calling_context': 'battle_jester_step_1_complete', 'priority': 600.0, 'cmd': 'slides_play', '_from_bcp': True}
2026-05-11 15:31:29,847 : INFO : SwitchController : <<<<<<< 's_orbit_right' inactive >>>>>>>
2026-05-11 15:31:30,317 : INFO : EventManager : Event: ======'player_pilot_mission_qualifier_orbit_shot_lockout_timer_tick'====== Args={'value': 1, 'prev_value': 0, 'change': 1, 'player_num': 1}
2026-05-11 15:31:30,318 : INFO : Timer.orbit_shot_lockout_timer : Timer Complete
2026-05-11 15:31:30,318 : INFO : Timer.orbit_shot_lockout_timer : Stopping Timer
2026-05-11 15:31:30,318 : INFO : EventManager : Event: ======'timer_orbit_shot_lockout_timer_stopped'====== Args={'ticks': 1, 'ticks_remaining': 1}
2026-05-11 15:31:30,318 : INFO : EventManager : Event: ======'timer_orbit_shot_lockout_timer_complete'====== Args={'ticks': 1, 'ticks_remaining': 1}
2026-05-11 15:31:30,319 : INFO : EventManager : Event: ======'player_orbit_shot_lockout'====== Args={'value': 0, 'prev_value': 1, 'change': -1, 'player_num': 1, 'source': 'pilot_mission_qualifier'}
2026-05-11 15:31:30,380 : INFO : SwitchController : <<<<<<< 's_lane_right' active >>>>>>>
2026-05-11 15:31:30,380 : INFO : EventManager : Event: ======'s_lane_right_active'====== Args={}
2026-05-11 15:31:30,380 : INFO : EventManager : Event: ======'sw_playfield_active'====== Args={}
2026-05-11 15:31:30,381 : INFO : EventManager : Event: ======'machine_var_audits_switches_s_lane_right'====== Args={'value': 4631, 'prev_value': 4630, 'change': 1}
2026-05-11 15:31:30,382 : INFO : EventManager : Event: ======'player_score'====== Args={'value': 16733125, 'prev_value': 16728125, 'change': 5000, 'player_num': 1, 'source': 'base'}
2026-05-11 15:31:30,382 : INFO : EventManager : Event: ======'player_bonus_switches_count'====== Args={'value': 42, 'prev_value': 41, 'change': 1, 'player_num': 1, 'source': 'base'}
2026-05-11 15:31:30,411 : INFO : EventManager : Event: ======'player_pilot_mission_qualifier_left_orbit_shot_timeout_tick'====== Args={'value': 1, 'prev_value': 0, 'change': 1, 'player_num': 1}
2026-05-11 15:31:30,412 : INFO : EventManager : Event: ======'timer_left_orbit_shot_timeout_tick'====== Args={'ticks': 1, 'ticks_remaining': 2}
2026-05-11 15:31:30,412 : INFO : SwitchController : <<<<<<< 's_lane_right' inactive >>>>>>>
2026-05-11 15:31:30,677 : INFO : EventManager : Event: ======'player_ball_save_scoop_save_countdown_tick'====== Args={'value': 1, 'prev_value': 2, 'change': -1, 'player_num': 1}
2026-05-11 15:31:30,678 : INFO : EventManager : Event: ======'timer_scoop_save_countdown_tick'====== Args={'ticks': 1, 'ticks_remaining': 1}
2026-05-11 15:31:30,678 : INFO : EventManager : Event: ======'ball_save_flash_off'====== Args={'priority': 0}
2026-05-11 15:31:30,678 : INFO : EventManager : Event: ======'player_ball_save_time_remaining'====== Args={'value': 1, 'prev_value': 2, 'change': -1, 'player_num': 1, 'source': 'ball_save'}
2026-05-11 15:31:30,773 : INFO : EventManager : Event: ======'player_pilot_mission_qualifier_right_orbit_shot_timeout_tick'====== Args={'value': 1, 'prev_value': 0, 'change': 1, 'player_num': 1}
2026-05-11 15:31:30,773 : INFO : EventManager : Event: ======'timer_right_orbit_shot_timeout_tick'====== Args={'ticks': 1, 'ticks_remaining': 2}
2026-05-11 15:31:30,804 : INFO : EventManager : Event: ======'player_iceman_letters_right_orbit_lockout_timer_tick'====== Args={'value': 1, 'prev_value': 0, 'change': 1, 'player_num': 1}
2026-05-11 15:31:30,804 : INFO : EventManager : Event: ======'timer_right_orbit_lockout_timer_tick'====== Args={'ticks': 1, 'ticks_remaining': 2}
2026-05-11 15:31:30,804 : INFO : EventManager : Event: ======'player_battle_jester_battle_jester_step_2_timer_tick'====== Args={'value': 1, 'prev_value': 0, 'change': 1, 'player_num': 1}
2026-05-11 15:31:30,805 : INFO : EventManager : Event: ======'timer_battle_jester_step_2_timer_tick'====== Args={'ticks': 1, 'ticks_remaining': 29}
2026-05-11 15:31:30,805 : INFO : EventManager : Event: ======'player_battle_jester_battle_jester_timer_tick'====== Args={'value': 121, 'prev_value': 122, 'change': -1, 'player_num': 1}
2026-05-11 15:31:30,805 : INFO : EventManager : Event: ======'timer_battle_jester_timer_tick'====== Args={'ticks': 121, 'ticks_remaining': 121}
2026-05-11 15:31:31,400 : INFO : EventManager : Event: ======'player_pilot_mission_qualifier_left_orbit_shot_timeout_tick'====== Args={'value': 2, 'prev_value': 1, 'change': 1, 'player_num': 1}
2026-05-11 15:31:31,400 : INFO : EventManager : Event: ======'timer_left_orbit_shot_timeout_tick'====== Args={'ticks': 2, 'ticks_remaining': 1}
2026-05-11 15:31:31,681 : INFO : EventManager : Event: ======'ball_save_scoop_eject_save_grace_period'====== Args={}
2026-05-11 15:31:31,681 : INFO : EventManager : Event: ======'player_ball_save_scoop_save_countdown_tick'====== Args={'value': 0, 'prev_value': 1, 'change': -1, 'player_num': 1}
2026-05-11 15:31:31,682 : INFO : Timer.scoop_save_countdown : Timer Complete
2026-05-11 15:31:31,682 : INFO : Timer.scoop_save_countdown : Stopping Timer
2026-05-11 15:31:31,682 : INFO : EventManager : Event: ======'timer_scoop_save_countdown_stopped'====== Args={'ticks': 0, 'ticks_remaining': 1}
2026-05-11 15:31:31,682 : INFO : EventManager : Event: ======'timer_scoop_save_countdown_complete'====== Args={'ticks': 0, 'ticks_remaining': 1}
2026-05-11 15:31:31,682 : INFO : EventManager : Event: ======'ball_save_scoop_eject_save_hurry_up'====== Args={}
2026-05-11 15:31:31,682 : INFO : EventManager : Event: ======'ball_save_flash_stop'====== Args={'priority': 0}
2026-05-11 15:31:31,776 : INFO : EventManager : Event: ======'player_pilot_mission_qualifier_right_orbit_shot_timeout_tick'====== Args={'value': 2, 'prev_value': 1, 'change': 1, 'player_num': 1}
2026-05-11 15:31:31,776 : INFO : EventManager : Event: ======'timer_right_orbit_shot_timeout_tick'====== Args={'ticks': 2, 'ticks_remaining': 1}
2026-05-11 15:31:31,807 : INFO : EventManager : Event: ======'player_iceman_letters_right_orbit_lockout_timer_tick'====== Args={'value': 2, 'prev_value': 1, 'change': 1, 'player_num': 1}
2026-05-11 15:31:31,807 : INFO : EventManager : Event: ======'timer_right_orbit_lockout_timer_tick'====== Args={'ticks': 2, 'ticks_remaining': 1}
2026-05-11 15:31:31,807 : INFO : EventManager : Event: ======'player_battle_jester_battle_jester_step_2_timer_tick'====== Args={'value': 2, 'prev_value': 1, 'change': 1, 'player_num': 1}
2026-05-11 15:31:31,807 : INFO : EventManager : Event: ======'timer_battle_jester_step_2_timer_tick'====== Args={'ticks': 2, 'ticks_remaining': 28}
2026-05-11 15:31:31,808 : INFO : EventManager : Event: ======'player_battle_jester_battle_jester_timer_tick'====== Args={'value': 120, 'prev_value': 121, 'change': -1, 'player_num': 1}
2026-05-11 15:31:31,808 : INFO : EventManager : Event: ======'timer_battle_jester_timer_tick'====== Args={'ticks': 120, 'ticks_remaining': 120}
2026-05-11 15:31:31,819 : INFO : EventManager : Event: ======'slide_battle_jester_points_bank_inactive'====== Args={'is_removing': True, '_from_bcp': True}
2026-05-11 15:31:31,819 : INFO : EventManager : Event: ======'slide_battle_jester_timer_active'====== Args={'_from_bcp': True}
2026-05-11 15:31:31,820 : INFO : EventManager : Event: ======'slide_battle_jester_points_bank_removed'====== Args={'_from_bcp': True}
2026-05-11 15:31:32,185 : INFO : EventManager : Event: ======'ball_save_scoop_eject_save_disabled'====== Args={}
2026-05-11 15:31:32,186 : INFO : EventManager : Event: ======'player_ball_save_active'====== Args={'value': 0, 'prev_value': 1, 'change': -1, 'player_num': 1, 'source': 'ball_save'}
2026-05-11 15:31:32,186 : INFO : Timer.scoop_save_countdown : Stopping Timer
2026-05-11 15:31:32,186 : INFO : EventManager : Event: ======'timer_scoop_save_countdown_stopped'====== Args={'ticks': 0, 'ticks_remaining': 1}
2026-05-11 15:31:32,403 : INFO : EventManager : Event: ======'player_pilot_mission_qualifier_left_orbit_shot_timeout_tick'====== Args={'value': 3, 'prev_value': 2, 'change': 1, 'player_num': 1}
2026-05-11 15:31:32,404 : INFO : Timer.left_orbit_shot_timeout : Timer Complete
2026-05-11 15:31:32,404 : INFO : Timer.left_orbit_shot_timeout : Stopping Timer
2026-05-11 15:31:32,404 : INFO : EventManager : Event: ======'timer_left_orbit_shot_timeout_stopped'====== Args={'ticks': 3, 'ticks_remaining': 1}
2026-05-11 15:31:32,404 : INFO : EventManager : Event: ======'timer_left_orbit_shot_timeout_complete'====== Args={'ticks': 3, 'ticks_remaining': 1}
2026-05-11 15:31:32,421 : INFO : EventManager : Event: ======'slide_battle_jester_step_1_video_removed'====== Args={'_from_bcp': True}
2026-05-11 15:31:32,779 : INFO : EventManager : Event: ======'player_pilot_mission_qualifier_right_orbit_shot_timeout_tick'====== Args={'value': 3, 'prev_value': 2, 'change': 1, 'player_num': 1}
2026-05-11 15:31:32,779 : INFO : Timer.right_orbit_shot_timeout : Timer Complete
2026-05-11 15:31:32,779 : INFO : Timer.right_orbit_shot_timeout : Stopping Timer
2026-05-11 15:31:32,779 : INFO : EventManager : Event: ======'timer_right_orbit_shot_timeout_stopped'====== Args={'ticks': 3, 'ticks_remaining': 1}
2026-05-11 15:31:32,780 : INFO : EventManager : Event: ======'timer_right_orbit_shot_timeout_complete'====== Args={'ticks': 3, 'ticks_remaining': 1}
2026-05-11 15:31:32,810 : INFO : EventManager : Event: ======'player_battle_jester_battle_jester_step_2_timer_tick'====== Args={'value': 3, 'prev_value': 2, 'change': 1, 'player_num': 1}
2026-05-11 15:31:32,810 : INFO : EventManager : Event: ======'timer_battle_jester_step_2_timer_tick'====== Args={'ticks': 3, 'ticks_remaining': 27}
2026-05-11 15:31:32,811 : INFO : EventManager : Event: ======'player_iceman_letters_right_orbit_lockout_timer_tick'====== Args={'value': 3, 'prev_value': 2, 'change': 1, 'player_num': 1}
2026-05-11 15:31:32,811 : INFO : Timer.right_orbit_lockout_timer : Timer Complete
2026-05-11 15:31:32,811 : INFO : Timer.right_orbit_lockout_timer : Stopping Timer
2026-05-11 15:31:32,811 : INFO : EventManager : Event: ======'timer_right_orbit_lockout_timer_stopped'====== Args={'ticks': 3, 'ticks_remaining': 1}
2026-05-11 15:31:32,811 : INFO : EventManager : Event: ======'timer_right_orbit_lockout_timer_complete'====== Args={'ticks': 3, 'ticks_remaining': 1}
2026-05-11 15:31:32,811 : INFO : EventManager : Event: ======'player_battle_jester_battle_jester_timer_tick'====== Args={'value': 119, 'prev_value': 120, 'change': -1, 'player_num': 1}
2026-05-11 15:31:32,811 : INFO : EventManager : Event: ======'timer_battle_jester_timer_tick'====== Args={'ticks': 119, 'ticks_remaining': 119}
2026-05-11 15:31:32,813 : INFO : EventManager : Event: ======'player_right_post_locked_out'====== Args={'value': 0, 'prev_value': 1, 'change': -1, 'player_num': 1, 'source': 'iceman_letters'}
2026-05-11 15:31:33,708 : INFO : SwitchController : <<<<<<< 's_barrier_target' active >>>>>>>
2026-05-11 15:31:33,708 : INFO : EventManager : Event: ======'s_barrier_target_active'====== Args={}
2026-05-11 15:31:33,708 : INFO : EventManager : Event: ======'sw_playfield_active'====== Args={}
2026-05-11 15:31:33,708 : INFO : EventManager : Event: ======'sw_playfield_active'====== Args={}
2026-05-11 15:31:33,708 : INFO : EventManager : Event: ======'machine_var_audits_switches_s_barrier_target'====== Args={'value': 1450, 'prev_value': 1449, 'change': 1}
2026-05-11 15:31:33,709 : INFO : EventManager : Event: ======'battle_jester_step_2_complete'====== Args={'priority': 0}
2026-05-11 15:31:33,710 : INFO : EventManager : Event: ======'battle_jester_setup_step_3'====== Args={'priority': 0}
2026-05-11 15:31:33,710 : INFO : EventManager : Event: ======'battle_jester_add_time_green'====== Args={'priority': 0}
2026-05-11 15:31:33,710 : INFO : EventManager : Event: ======'player_battle_jester_points_bank'====== Args={'value': 1200000, 'prev_value': 800000, 'change': 400000, 'player_num': 1, 'source': 'battle_jester'}
2026-05-11 15:31:33,710 : INFO : EventManager : Event: ======'player_hd_sw_barrier'====== Args={'value': 1, 'prev_value': 0, 'change': 1, 'player_num': 1, 'source': 'hard_deck_qualifiers'}
2026-05-11 15:31:33,710 : INFO : EventManager : Event: ======'player_score'====== Args={'value': 16736125, 'prev_value': 16733125, 'change': 3000, 'player_num': 1, 'source': 'base'}
2026-05-11 15:31:33,711 : INFO : EventManager : Event: ======'player_bonus_switches_count'====== Args={'value': 43, 'prev_value': 42, 'change': 1, 'player_num': 1, 'source': 'base'}
2026-05-11 15:31:33,711 : INFO : EventManager : Event: ======'shaker_soft'====== Args={'priority': 0}
2026-05-11 15:31:33,711 : INFO : EventManager : Event: ======'player_battle_jester_step'====== Args={'value': 2, 'prev_value': 1, 'change': 1, 'player_num': 1, 'source': 'battle_jester'}
2026-05-11 15:31:33,711 : INFO : EventManager : Event: ======'player_battle_jester_shots_remaining'====== Args={'value': 8, 'prev_value': 9, 'change': -1, 'player_num': 1, 'source': 'battle_jester'}
2026-05-11 15:31:33,711 : INFO : Timer.battle_jester_step_2_timer : Stopping Timer
2026-05-11 15:31:33,711 : INFO : EventManager : Event: ======'timer_battle_jester_step_2_timer_stopped'====== Args={'ticks': 3, 'ticks_remaining': 27}
2026-05-11 15:31:33,711 : INFO : Timer.battle_jester_step_3_timer : Starting Timer.
2026-05-11 15:31:33,712 : INFO : EventManager : Event: ======'timer_battle_jester_step_3_timer_started'====== Args={'ticks': 0, 'ticks_remaining': 30}
2026-05-11 15:31:33,712 : INFO : EventManager : Event: ======'timer_battle_jester_step_3_timer_tick'====== Args={'ticks': 0, 'ticks_remaining': 30}
2026-05-11 15:31:33,712 : INFO : EventManager : Event: ======'top_ramp_up'====== Args={'priority': 0}
2026-05-11 15:31:33,712 : INFO : Timer.battle_jester_servo_step3_setup_delay : Starting Timer.
2026-05-11 15:31:33,712 : INFO : EventManager : Event: ======'timer_battle_jester_servo_step3_setup_delay_started'====== Args={'ticks': 0, 'ticks_remaining': 1}
2026-05-11 15:31:33,712 : INFO : EventManager : Event: ======'timer_battle_jester_servo_step3_setup_delay_tick'====== Args={'ticks': 0, 'ticks_remaining': 1}
2026-05-11 15:31:33,712 : INFO : EventManager : Event: ======'battle_jester_timer_add_5s'====== Args={'priority': 0}
2026-05-11 15:31:33,713 : INFO : EventManager : Event: ======'battle_jester_timer_add'====== Args={'priority': 0}
2026-05-11 15:31:33,713 : INFO : EventManager : Event: ======'player_battle_jester_battle_jester_timer_tick'====== Args={'value': 124, 'prev_value': 119, 'change': 5, 'player_num': 1}
2026-05-11 15:31:33,713 : INFO : EventManager : Event: ======'timer_battle_jester_timer_time_added'====== Args={'ticks': 124, 'ticks_added': 119, 'ticks_remaining': 119}
2026-05-11 15:31:33,723 : INFO : SwitchController : <<<<<<< 's_barrier_target' inactive >>>>>>>
2026-05-11 15:31:33,724 : INFO : EventManager : Event: ======'slide_battle_jester_points_bank_created'====== Args={'_from_bcp': True}
2026-05-11 15:31:33,740 : INFO : EventManager : Event: ======'slide_battle_jester_step_2_video_created'====== Args={'_from_bcp': True}
2026-05-11 15:31:33,742 : INFO : EventManager : Event: ======'slide_battle_jester_timer_inactive'====== Args={'is_removing': False, '_from_bcp': True}
2026-05-11 15:31:33,742 : INFO : EventManager : Event: ======'slide_battle_jester_points_bank_active'====== Args={'original_context': 'battle_jester', 'original_calling_context': 'battle_jester_step_2_complete', 'priority': 600.0, 'cmd': 'slides_play', '_from_bcp': True}
2026-05-11 15:31:33,816 : INFO : EventManager : Event: ======'player_battle_jester_battle_jester_timer_tick'====== Args={'value': 123, 'prev_value': 124, 'change': -1, 'player_num': 1}
2026-05-11 15:31:33,816 : INFO : EventManager : Event: ======'timer_battle_jester_timer_tick'====== Args={'ticks': 123, 'ticks_remaining': 123}
2026-05-11 15:31:34,222 : INFO : EventManager : Event: ======'player_battle_jester_battle_jester_servo_step3_setup_delay_tick'====== Args={'value': 1, 'prev_value': 0, 'change': 1, 'player_num': 1}
2026-05-11 15:31:34,222 : INFO : Timer.battle_jester_servo_step3_setup_delay : Timer Complete
2026-05-11 15:31:34,222 : INFO : Timer.battle_jester_servo_step3_setup_delay : Stopping Timer
2026-05-11 15:31:34,223 : INFO : EventManager : Event: ======'timer_battle_jester_servo_step3_setup_delay_stopped'====== Args={'ticks': 1, 'ticks_remaining': 1}
2026-05-11 15:31:34,223 : INFO : EventManager : Event: ======'timer_battle_jester_servo_step3_setup_delay_complete'====== Args={'ticks': 1, 'ticks_remaining': 1}
2026-05-11 15:31:34,223 : INFO : EventManager : Event: ======'right_ramp_up'====== Args={'priority': 0}
2026-05-11 15:31:34,224 : INFO : coil.c_right_orbit_diverter : Enabling Driver with power 0.375 (pulse_ms 50ms and pulse_power 1.0)
2026-05-11 15:31:34,224 : INFO : EventManager : Event: ======'player_right_orbit_diverter_requested'====== Args={'value': 1, 'prev_value': 0, 'change': 1, 'player_num': 1, 'source': 'base'}
2026-05-11 15:31:34,723 : INFO : EventManager : Event: ======'player_battle_jester_battle_jester_step_3_timer_tick'====== Args={'value': 1, 'prev_value': 0, 'change': 1, 'player_num': 1}
2026-05-11 15:31:34,723 : INFO : EventManager : Event: ======'timer_battle_jester_step_3_timer_tick'====== Args={'ticks': 1, 'ticks_remaining': 29}
2026-05-11 15:31:34,817 : INFO : EventManager : Event: ======'player_battle_jester_battle_jester_timer_tick'====== Args={'value': 122, 'prev_value': 123, 'change': -1, 'player_num': 1}
2026-05-11 15:31:34,818 : INFO : EventManager : Event: ======'timer_battle_jester_timer_tick'====== Args={'ticks': 122, 'ticks_remaining': 122}
2026-05-11 15:31:35,710 : INFO : EventManager : Event: ======'player_battle_jester_battle_jester_step_3_timer_tick'====== Args={'value': 2, 'prev_value': 1, 'change': 1, 'player_num': 1}
2026-05-11 15:31:35,710 : INFO : EventManager : Event: ======'timer_battle_jester_step_3_timer_tick'====== Args={'ticks': 2, 'ticks_remaining': 28}
2026-05-11 15:31:35,744 : INFO : EventManager : Event: ======'slide_battle_jester_points_bank_inactive'====== Args={'is_removing': True, '_from_bcp': True}
2026-05-11 15:31:35,744 : INFO : EventManager : Event: ======'slide_battle_jester_timer_active'====== Args={'_from_bcp': True}
2026-05-11 15:31:35,745 : INFO : EventManager : Event: ======'slide_battle_jester_points_bank_removed'====== Args={'_from_bcp': True}
2026-05-11 15:31:35,805 : INFO : EventManager : Event: ======'player_battle_jester_battle_jester_timer_tick'====== Args={'value': 121, 'prev_value': 122, 'change': -1, 'player_num': 1}
2026-05-11 15:31:35,805 : INFO : EventManager : Event: ======'timer_battle_jester_timer_tick'====== Args={'ticks': 121, 'ticks_remaining': 121}
2026-05-11 15:31:36,717 : INFO : EventManager : Event: ======'player_battle_jester_battle_jester_step_3_timer_tick'====== Args={'value': 3, 'prev_value': 2, 'change': 1, 'player_num': 1}
2026-05-11 15:31:36,717 : INFO : EventManager : Event: ======'timer_battle_jester_step_3_timer_tick'====== Args={'ticks': 3, 'ticks_remaining': 27}
2026-05-11 15:31:36,810 : INFO : EventManager : Event: ======'player_battle_jester_battle_jester_timer_tick'====== Args={'value': 120, 'prev_value': 121, 'change': -1, 'player_num': 1}
2026-05-11 15:31:36,810 : INFO : EventManager : Event: ======'timer_battle_jester_timer_tick'====== Args={'ticks': 120, 'ticks_remaining': 120}
2026-05-11 15:31:37,485 : INFO : SwitchController : <<<<<<< 's_orbit_lower' active >>>>>>>
2026-05-11 15:31:37,485 : INFO : EventManager : Event: ======'s_orbit_lower_active'====== Args={}
2026-05-11 15:31:37,485 : INFO : EventManager : Event: ======'sw_playfield_active'====== Args={}
2026-05-11 15:31:37,485 : INFO : EventManager : Event: ======'sw_playfield_active'====== Args={}
2026-05-11 15:31:37,486 : INFO : EventManager : Event: ======'machine_var_audits_switches_s_orbit_lower'====== Args={'value': 524, 'prev_value': 523, 'change': 1}
2026-05-11 15:31:37,487 : INFO : EventManager : Event: ======'battle_jester_step_3_complete'====== Args={'priority': 0}
2026-05-11 15:31:37,488 : INFO : EventManager : Event: ======'battle_jester_setup_step_4'====== Args={'priority': 0}
2026-05-11 15:31:37,488 : INFO : EventManager : Event: ======'battle_jester_add_time_green'====== Args={'priority': 0}
2026-05-11 15:31:37,488 : INFO : EventManager : Event: ======'player_battle_jester_points_bank'====== Args={'value': 2100000, 'prev_value': 1200000, 'change': 900000, 'player_num': 1, 'source': 'battle_jester'}
2026-05-11 15:31:37,488 : INFO : EventManager : Event: ======'mach_ramp_hit'====== Args={'priority': 0}
2026-05-11 15:31:37,488 : INFO : EventManager : Event: ======'player_score'====== Args={'value': 16746125, 'prev_value': 16736125, 'change': 10000, 'player_num': 1, 'source': 'base'}
2026-05-11 15:31:37,488 : INFO : EventManager : Event: ======'player_bonus_switches_count'====== Args={'value': 44, 'prev_value': 43, 'change': 1, 'player_num': 1, 'source': 'base'}
2026-05-11 15:31:37,490 : INFO : EventManager : Event: ======'shaker_soft'====== Args={'priority': 0}
2026-05-11 15:31:37,490 : INFO : EventManager : Event: ======'right_ramp_down'====== Args={'priority': 0}
2026-05-11 15:31:37,490 : INFO : EventManager : Event: ======'player_battle_jester_step'====== Args={'value': 3, 'prev_value': 2, 'change': 1, 'player_num': 1, 'source': 'battle_jester'}
2026-05-11 15:31:37,490 : INFO : EventManager : Event: ======'player_battle_jester_shots_remaining'====== Args={'value': 7, 'prev_value': 8, 'change': -1, 'player_num': 1, 'source': 'battle_jester'}
2026-05-11 15:31:37,490 : INFO : Timer.battle_jester_step_3_timer : Stopping Timer
2026-05-11 15:31:37,491 : INFO : EventManager : Event: ======'timer_battle_jester_step_3_timer_stopped'====== Args={'ticks': 3, 'ticks_remaining': 27}
2026-05-11 15:31:37,491 : INFO : Timer.battle_jester_step_4_timer : Starting Timer.
2026-05-11 15:31:37,491 : INFO : EventManager : Event: ======'timer_battle_jester_step_4_timer_started'====== Args={'ticks': 0, 'ticks_remaining': 20}
2026-05-11 15:31:37,491 : INFO : EventManager : Event: ======'timer_battle_jester_step_4_timer_tick'====== Args={'ticks': 0, 'ticks_remaining': 20}
2026-05-11 15:31:37,491 : INFO : Timer.battle_jester_servo_step3_done_delay : Starting Timer.
2026-05-11 15:31:37,491 : INFO : EventManager : Event: ======'timer_battle_jester_servo_step3_done_delay_started'====== Args={'ticks': 0, 'ticks_remaining': 1}
2026-05-11 15:31:37,491 : INFO : EventManager : Event: ======'timer_battle_jester_servo_step3_done_delay_tick'====== Args={'ticks': 0, 'ticks_remaining': 1}
2026-05-11 15:31:37,491 : INFO : coil.c_right_orbit_diverter : Disabling Driver
2026-05-11 15:31:37,491 : INFO : EventManager : Event: ======'player_right_orbit_diverter_requested'====== Args={'value': 0, 'prev_value': 1, 'change': -1, 'player_num': 1, 'source': 'base'}
2026-05-11 15:31:37,492 : INFO : EventManager : Event: ======'battle_jester_timer_add_5s'====== Args={'priority': 0}
2026-05-11 15:31:37,492 : INFO : EventManager : Event: ======'battle_jester_timer_add'====== Args={'priority': 0}
2026-05-11 15:31:37,492 : INFO : EventManager : Event: ======'player_battle_jester_battle_jester_timer_tick'====== Args={'value': 125, 'prev_value': 120, 'change': 5, 'player_num': 1}
2026-05-11 15:31:37,492 : INFO : EventManager : Event: ======'timer_battle_jester_timer_time_added'====== Args={'ticks': 125, 'ticks_added': 120, 'ticks_remaining': 120}
2026-05-11 15:31:37,492 : INFO : EventManager : Event: ======'mach_first_hit'====== Args={'priority': 0}
2026-05-11 15:31:37,492 : INFO : EventManager : Event: ======'player_mach_step'====== Args={'value': 1, 'prev_value': 0, 'change': 1, 'player_num': 1, 'source': 'mach_scoring'}
2026-05-11 15:31:37,493 : INFO : Timer.mach_qualify_timer : Starting Timer.
2026-05-11 15:31:37,493 : INFO : EventManager : Event: ======'timer_mach_qualify_timer_started'====== Args={'ticks': 10, 'ticks_remaining': 10}
2026-05-11 15:31:37,493 : INFO : EventManager : Event: ======'timer_mach_qualify_timer_tick'====== Args={'ticks': 10, 'ticks_remaining': 10}
2026-05-11 15:31:37,503 : INFO : SwitchController : <<<<<<< 's_orbit_lower' inactive >>>>>>>
2026-05-11 15:31:37,504 : INFO : EventManager : Event: ======'slide_battle_jester_step_2_video_removed'====== Args={'_from_bcp': True}
2026-05-11 15:31:37,513 : INFO : EventManager : Event: ======'slide_battle_jester_points_bank_created'====== Args={'_from_bcp': True}
2026-05-11 15:31:37,533 : INFO : EventManager : Event: ======'slide_battle_jester_step_3_video_created'====== Args={'_from_bcp': True}
2026-05-11 15:31:37,534 : INFO : EventManager : Event: ======'slide_battle_jester_timer_inactive'====== Args={'is_removing': False, '_from_bcp': True}
2026-05-11 15:31:37,534 : INFO : EventManager : Event: ======'slide_battle_jester_points_bank_active'====== Args={'original_context': 'battle_jester', 'original_calling_context': 'battle_jester_step_3_complete', 'priority': 600.0, 'cmd': 'slides_play', '_from_bcp': True}
2026-05-11 15:31:37,814 : INFO : EventManager : Event: ======'player_battle_jester_battle_jester_timer_tick'====== Args={'value': 124, 'prev_value': 125, 'change': -1, 'player_num': 1}
2026-05-11 15:31:37,814 : INFO : EventManager : Event: ======'timer_battle_jester_timer_tick'====== Args={'ticks': 124, 'ticks_remaining': 124}
2026-05-11 15:31:37,989 : INFO : EventManager : Event: ======'player_battle_jester_battle_jester_servo_step3_done_delay_tick'====== Args={'value': 1, 'prev_value': 0, 'change': 1, 'player_num': 1}
2026-05-11 15:31:37,989 : INFO : Timer.battle_jester_servo_step3_done_delay : Timer Complete
2026-05-11 15:31:37,989 : INFO : Timer.battle_jester_servo_step3_done_delay : Stopping Timer
2026-05-11 15:31:37,989 : INFO : EventManager : Event: ======'timer_battle_jester_servo_step3_done_delay_stopped'====== Args={'ticks': 1, 'ticks_remaining': 1}
2026-05-11 15:31:37,990 : INFO : EventManager : Event: ======'timer_battle_jester_servo_step3_done_delay_complete'====== Args={'ticks': 1, 'ticks_remaining': 1}
2026-05-11 15:31:37,990 : INFO : EventManager : Event: ======'top_ramp_down'====== Args={'priority': 0}
2026-05-11 15:31:38,487 : INFO : EventManager : Event: ======'player_mach_scoring_mach_qualify_timer_tick'====== Args={'value': 9, 'prev_value': 10, 'change': -1, 'player_num': 1}
2026-05-11 15:31:38,488 : INFO : EventManager : Event: ======'timer_mach_qualify_timer_tick'====== Args={'ticks': 9, 'ticks_remaining': 9}
2026-05-11 15:31:38,488 : INFO : EventManager : Event: ======'player_battle_jester_battle_jester_step_4_timer_tick'====== Args={'value': 1, 'prev_value': 0, 'change': 1, 'player_num': 1}
2026-05-11 15:31:38,488 : INFO : EventManager : Event: ======'timer_battle_jester_step_4_timer_tick'====== Args={'ticks': 1, 'ticks_remaining': 19}
2026-05-11 15:31:38,661 : INFO : SwitchController : <<<<<<< 's_lane_right' active >>>>>>>
2026-05-11 15:31:38,661 : INFO : EventManager : Event: ======'s_lane_right_active'====== Args={}
2026-05-11 15:31:38,661 : INFO : EventManager : Event: ======'sw_playfield_active'====== Args={}
2026-05-11 15:31:38,661 : INFO : EventManager : Event: ======'machine_var_audits_switches_s_lane_right'====== Args={'value': 4632, 'prev_value': 4631, 'change': 1}
2026-05-11 15:31:38,662 : INFO : EventManager : Event: ======'player_score'====== Args={'value': 16751125, 'prev_value': 16746125, 'change': 5000, 'player_num': 1, 'source': 'base'}
2026-05-11 15:31:38,662 : INFO : EventManager : Event: ======'player_bonus_switches_count'====== Args={'value': 45, 'prev_value': 44, 'change': 1, 'player_num': 1, 'source': 'base'}
2026-05-11 15:31:38,708 : INFO : SwitchController : <<<<<<< 's_lane_right' inactive >>>>>>>
2026-05-11 15:31:38,803 : INFO : EventManager : Event: ======'player_battle_jester_battle_jester_timer_tick'====== Args={'value': 123, 'prev_value': 124, 'change': -1, 'player_num': 1}
2026-05-11 15:31:38,804 : INFO : EventManager : Event: ======'timer_battle_jester_timer_tick'====== Args={'ticks': 123, 'ticks_remaining': 123}
2026-05-11 15:31:39,474 : INFO : EventManager : Event: ======'player_mach_scoring_mach_qualify_timer_tick'====== Args={'value': 8, 'prev_value': 9, 'change': -1, 'player_num': 1}
2026-05-11 15:31:39,475 : INFO : EventManager : Event: ======'timer_mach_qualify_timer_tick'====== Args={'ticks': 8, 'ticks_remaining': 8}
2026-05-11 15:31:39,475 : INFO : EventManager : Event: ======'player_battle_jester_battle_jester_step_4_timer_tick'====== Args={'value': 2, 'prev_value': 1, 'change': 1, 'player_num': 1}
2026-05-11 15:31:39,475 : INFO : EventManager : Event: ======'timer_battle_jester_step_4_timer_tick'====== Args={'ticks': 2, 'ticks_remaining': 18}
2026-05-11 15:31:39,511 : INFO : EventManager : Event: ======'slide_battle_jester_points_bank_inactive'====== Args={'is_removing': True, '_from_bcp': True}
2026-05-11 15:31:39,511 : INFO : EventManager : Event: ======'slide_battle_jester_timer_active'====== Args={'_from_bcp': True}
2026-05-11 15:31:39,512 : INFO : EventManager : Event: ======'slide_battle_jester_points_bank_removed'====== Args={'_from_bcp': True}
2026-05-11 15:31:39,817 : INFO : EventManager : Event: ======'player_battle_jester_battle_jester_timer_tick'====== Args={'value': 122, 'prev_value': 123, 'change': -1, 'player_num': 1}
2026-05-11 15:31:39,817 : INFO : EventManager : Event: ======'timer_battle_jester_timer_tick'====== Args={'ticks': 122, 'ticks_remaining': 122}
2026-05-11 15:31:40,488 : INFO : EventManager : Event: ======'player_mach_scoring_mach_qualify_timer_tick'====== Args={'value': 7, 'prev_value': 8, 'change': -1, 'player_num': 1}
2026-05-11 15:31:40,489 : INFO : EventManager : Event: ======'timer_mach_qualify_timer_tick'====== Args={'ticks': 7, 'ticks_remaining': 7}
2026-05-11 15:31:40,489 : INFO : EventManager : Event: ======'player_battle_jester_battle_jester_step_4_timer_tick'====== Args={'value': 3, 'prev_value': 2, 'change': 1, 'player_num': 1}
2026-05-11 15:31:40,489 : INFO : EventManager : Event: ======'timer_battle_jester_step_4_timer_tick'====== Args={'ticks': 3, 'ticks_remaining': 17}
2026-05-11 15:31:40,816 : INFO : EventManager : Event: ======'player_battle_jester_battle_jester_timer_tick'====== Args={'value': 121, 'prev_value': 122, 'change': -1, 'player_num': 1}
2026-05-11 15:31:40,816 : INFO : EventManager : Event: ======'timer_battle_jester_timer_tick'====== Args={'ticks': 121, 'ticks_remaining': 121}
2026-05-11 15:31:41,487 : INFO : EventManager : Event: ======'player_mach_scoring_mach_qualify_timer_tick'====== Args={'value': 6, 'prev_value': 7, 'change': -1, 'player_num': 1}
2026-05-11 15:31:41,487 : INFO : EventManager : Event: ======'timer_mach_qualify_timer_tick'====== Args={'ticks': 6, 'ticks_remaining': 6}
2026-05-11 15:31:41,488 : INFO : EventManager : Event: ======'player_battle_jester_battle_jester_step_4_timer_tick'====== Args={'value': 4, 'prev_value': 3, 'change': 1, 'player_num': 1}
2026-05-11 15:31:41,488 : INFO : EventManager : Event: ======'timer_battle_jester_step_4_timer_tick'====== Args={'ticks': 4, 'ticks_remaining': 16}
2026-05-11 15:31:41,816 : INFO : EventManager : Event: ======'player_battle_jester_battle_jester_timer_tick'====== Args={'value': 120, 'prev_value': 121, 'change': -1, 'player_num': 1}
2026-05-11 15:31:41,816 : INFO : EventManager : Event: ======'timer_battle_jester_timer_tick'====== Args={'ticks': 120, 'ticks_remaining': 120}
2026-05-11 15:31:42,183 : INFO : EventManager : Event: ======'slide_battle_jester_step_3_video_removed'====== Args={'_from_bcp': True}
2026-05-11 15:31:42,222 : INFO : SwitchController : <<<<<<< 's_inner_inlane_right' active >>>>>>>
2026-05-11 15:31:42,222 : INFO : EventManager : Event: ======'s_inner_inlane_right_active'====== Args={}
2026-05-11 15:31:42,222 : INFO : EventManager : Event: ======'sw_playfield_active'====== Args={}
2026-05-11 15:31:42,222 : INFO : EventManager : Event: ======'sw_playfield_active'====== Args={}
2026-05-11 15:31:42,223 : INFO : EventManager : Event: ======'machine_var_audits_switches_s_inner_inlane_right'====== Args={'value': 3205, 'prev_value': 3204, 'change': 1}
2026-05-11 15:31:42,223 : INFO : EventManager : Event: ======'check_goose_complete'====== Args={'priority': 0}
2026-05-11 15:31:42,224 : INFO : EventManager : Event: ======'player_goose_letter_o_right'====== Args={'value': 1, 'prev_value': 0, 'change': 1, 'player_num': 1, 'source': 'goose_letters'}
2026-05-11 15:31:42,224 : INFO : EventManager : Event: ======'player_goose_last_letter_collected'====== Args={'value': 4, 'prev_value': 1, 'change': 3, 'player_num': 1, 'source': 'goose_letters'}
2026-05-11 15:31:42,224 : INFO : EventManager : Event: ======'player_hd_sw_inlane_inner_r'====== Args={'value': 1, 'prev_value': 0, 'change': 1, 'player_num': 1, 'source': 'hard_deck_qualifiers'}
2026-05-11 15:31:42,224 : INFO : EventManager : Event: ======'player_score'====== Args={'value': 16753125, 'prev_value': 16751125, 'change': 2000, 'player_num': 1, 'source': 'base'}
2026-05-11 15:31:42,224 : INFO : EventManager : Event: ======'player_bonus_switches_count'====== Args={'value': 46, 'prev_value': 45, 'change': 1, 'player_num': 1, 'source': 'base'}
2026-05-11 15:31:42,362 : INFO : SwitchController : <<<<<<< 's_inner_inlane_right' inactive >>>>>>>
2026-05-11 15:31:42,489 : INFO : EventManager : Event: ======'player_mach_scoring_mach_qualify_timer_tick'====== Args={'value': 5, 'prev_value': 6, 'change': -1, 'player_num': 1}
2026-05-11 15:31:42,490 : INFO : EventManager : Event: ======'timer_mach_qualify_timer_tick'====== Args={'ticks': 5, 'ticks_remaining': 5}
2026-05-11 15:31:42,490 : INFO : EventManager : Event: ======'player_battle_jester_battle_jester_step_4_timer_tick'====== Args={'value': 5, 'prev_value': 4, 'change': 1, 'player_num': 1}
2026-05-11 15:31:42,490 : INFO : EventManager : Event: ======'timer_battle_jester_step_4_timer_tick'====== Args={'ticks': 5, 'ticks_remaining': 15}
2026-05-11 15:31:42,802 : INFO : EventManager : Event: ======'player_battle_jester_battle_jester_timer_tick'====== Args={'value': 119, 'prev_value': 120, 'change': -1, 'player_num': 1}
2026-05-11 15:31:42,802 : INFO : EventManager : Event: ======'timer_battle_jester_timer_tick'====== Args={'ticks': 119, 'ticks_remaining': 119}
2026-05-11 15:31:43,475 : INFO : EventManager : Event: ======'player_battle_jester_battle_jester_step_4_timer_tick'====== Args={'value': 6, 'prev_value': 5, 'change': 1, 'player_num': 1}
2026-05-11 15:31:43,475 : INFO : EventManager : Event: ======'timer_battle_jester_step_4_timer_tick'====== Args={'ticks': 6, 'ticks_remaining': 14}
2026-05-11 15:31:43,475 : INFO : EventManager : Event: ======'player_mach_scoring_mach_qualify_timer_tick'====== Args={'value': 4, 'prev_value': 5, 'change': -1, 'player_num': 1}
2026-05-11 15:31:43,476 : INFO : EventManager : Event: ======'timer_mach_qualify_timer_tick'====== Args={'ticks': 4, 'ticks_remaining': 4}
2026-05-11 15:31:43,803 : INFO : EventManager : Event: ======'player_battle_jester_battle_jester_timer_tick'====== Args={'value': 118, 'prev_value': 119, 'change': -1, 'player_num': 1}
2026-05-11 15:31:43,803 : INFO : EventManager : Event: ======'timer_battle_jester_timer_tick'====== Args={'ticks': 118, 'ticks_remaining': 118}
2026-05-11 15:31:44,475 : INFO : EventManager : Event: ======'player_mach_scoring_mach_qualify_timer_tick'====== Args={'value': 3, 'prev_value': 4, 'change': -1, 'player_num': 1}
2026-05-11 15:31:44,475 : INFO : EventManager : Event: ======'timer_mach_qualify_timer_tick'====== Args={'ticks': 3, 'ticks_remaining': 3}
2026-05-11 15:31:44,475 : INFO : EventManager : Event: ======'player_battle_jester_battle_jester_step_4_timer_tick'====== Args={'value': 7, 'prev_value': 6, 'change': 1, 'player_num': 1}
2026-05-11 15:31:44,476 : INFO : EventManager : Event: ======'timer_battle_jester_step_4_timer_tick'====== Args={'ticks': 7, 'ticks_remaining': 13}
2026-05-11 15:31:44,804 : INFO : EventManager : Event: ======'player_battle_jester_battle_jester_timer_tick'====== Args={'value': 117, 'prev_value': 118, 'change': -1, 'player_num': 1}
2026-05-11 15:31:44,804 : INFO : EventManager : Event: ======'timer_battle_jester_timer_tick'====== Args={'ticks': 117, 'ticks_remaining': 117}
2026-05-11 15:31:45,477 : INFO : EventManager : Event: ======'player_battle_jester_battle_jester_step_4_timer_tick'====== Args={'value': 8, 'prev_value': 7, 'change': 1, 'player_num': 1}
2026-05-11 15:31:45,477 : INFO : EventManager : Event: ======'timer_battle_jester_step_4_timer_tick'====== Args={'ticks': 8, 'ticks_remaining': 12}
2026-05-11 15:31:45,478 : INFO : EventManager : Event: ======'player_mach_scoring_mach_qualify_timer_tick'====== Args={'value': 2, 'prev_value': 3, 'change': -1, 'player_num': 1}
2026-05-11 15:31:45,478 : INFO : EventManager : Event: ======'timer_mach_qualify_timer_tick'====== Args={'ticks': 2, 'ticks_remaining': 2}
2026-05-11 15:31:45,805 : INFO : EventManager : Event: ======'player_battle_jester_battle_jester_timer_tick'====== Args={'value': 116, 'prev_value': 117, 'change': -1, 'player_num': 1}
2026-05-11 15:31:45,805 : INFO : EventManager : Event: ======'timer_battle_jester_timer_tick'====== Args={'ticks': 116, 'ticks_remaining': 116}
2026-05-11 15:31:46,477 : INFO : EventManager : Event: ======'player_battle_jester_battle_jester_step_4_timer_tick'====== Args={'value': 9, 'prev_value': 8, 'change': 1, 'player_num': 1}
2026-05-11 15:31:46,478 : INFO : EventManager : Event: ======'timer_battle_jester_step_4_timer_tick'====== Args={'ticks': 9, 'ticks_remaining': 11}
2026-05-11 15:31:46,478 : INFO : EventManager : Event: ======'player_mach_scoring_mach_qualify_timer_tick'====== Args={'value': 1, 'prev_value': 2, 'change': -1, 'player_num': 1}
2026-05-11 15:31:46,478 : INFO : EventManager : Event: ======'timer_mach_qualify_timer_tick'====== Args={'ticks': 1, 'ticks_remaining': 1}
2026-05-11 15:31:46,805 : INFO : EventManager : Event: ======'player_battle_jester_battle_jester_timer_tick'====== Args={'value': 115, 'prev_value': 116, 'change': -1, 'player_num': 1}
2026-05-11 15:31:46,805 : INFO : EventManager : Event: ======'timer_battle_jester_timer_tick'====== Args={'ticks': 115, 'ticks_remaining': 115}
2026-05-11 15:31:47,478 : INFO : EventManager : Event: ======'player_mach_scoring_mach_qualify_timer_tick'====== Args={'value': 0, 'prev_value': 1, 'change': -1, 'player_num': 1}
2026-05-11 15:31:47,478 : INFO : Timer.mach_qualify_timer : Timer Complete
2026-05-11 15:31:47,478 : INFO : Timer.mach_qualify_timer : Stopping Timer
2026-05-11 15:31:47,478 : INFO : EventManager : Event: ======'timer_mach_qualify_timer_stopped'====== Args={'ticks': 0, 'ticks_remaining': 1}
2026-05-11 15:31:47,478 : INFO : EventManager : Event: ======'timer_mach_qualify_timer_complete'====== Args={'ticks': 0, 'ticks_remaining': 1}
2026-05-11 15:31:47,480 : INFO : EventManager : Event: ======'player_battle_jester_battle_jester_step_4_timer_tick'====== Args={'value': 10, 'prev_value': 9, 'change': 1, 'player_num': 1}
2026-05-11 15:31:47,480 : INFO : EventManager : Event: ======'timer_battle_jester_step_4_timer_tick'====== Args={'ticks': 10, 'ticks_remaining': 10}
2026-05-11 15:31:47,480 : INFO : EventManager : Event: ======'mach_reset'====== Args={'priority': 0}
2026-05-11 15:31:47,480 : INFO : EventManager : Event: ======'player_mach_step'====== Args={'value': 0, 'prev_value': 1, 'change': -1, 'player_num': 1, 'source': 'mach_scoring'}
2026-05-11 15:31:47,809 : INFO : EventManager : Event: ======'player_battle_jester_battle_jester_timer_tick'====== Args={'value': 114, 'prev_value': 115, 'change': -1, 'player_num': 1}
2026-05-11 15:31:47,809 : INFO : EventManager : Event: ======'timer_battle_jester_timer_tick'====== Args={'ticks': 114, 'ticks_remaining': 114}
2026-05-11 15:31:48,418 : INFO : SwitchController : <<<<<<< 's_inner_inlane_right' active >>>>>>>
2026-05-11 15:31:48,418 : INFO : EventManager : Event: ======'s_inner_inlane_right_active'====== Args={}
2026-05-11 15:31:48,418 : INFO : EventManager : Event: ======'sw_playfield_active'====== Args={}
2026-05-11 15:31:48,418 : INFO : EventManager : Event: ======'sw_playfield_active'====== Args={}
2026-05-11 15:31:48,418 : INFO : EventManager : Event: ======'machine_var_audits_switches_s_inner_inlane_right'====== Args={'value': 3206, 'prev_value': 3205, 'change': 1}
2026-05-11 15:31:48,420 : INFO : EventManager : Event: ======'player_hd_sw_inlane_inner_r'====== Args={'value': 2, 'prev_value': 1, 'change': 1, 'player_num': 1, 'source': 'hard_deck_qualifiers'}
2026-05-11 15:31:48,420 : INFO : EventManager : Event: ======'player_score'====== Args={'value': 16755125, 'prev_value': 16753125, 'change': 2000, 'player_num': 1, 'source': 'base'}
2026-05-11 15:31:48,420 : INFO : EventManager : Event: ======'player_bonus_switches_count'====== Args={'value': 47, 'prev_value': 46, 'change': 1, 'player_num': 1, 'source': 'base'}
2026-05-11 15:31:48,420 : INFO : EventManager : Event: ======'player_hd_switches_completed'====== Args={'value': 8, 'prev_value': 7, 'change': 1, 'player_num': 1, 'source': 'hard_deck_qualifiers'}
2026-05-11 15:31:48,481 : INFO : EventManager : Event: ======'player_battle_jester_battle_jester_step_4_timer_tick'====== Args={'value': 11, 'prev_value': 10, 'change': 1, 'player_num': 1}
2026-05-11 15:31:48,482 : INFO : EventManager : Event: ======'timer_battle_jester_step_4_timer_tick'====== Args={'ticks': 11, 'ticks_remaining': 9}
2026-05-11 15:31:48,560 : INFO : SwitchController : <<<<<<< 's_inner_inlane_right' inactive >>>>>>>
2026-05-11 15:31:48,810 : INFO : EventManager : Event: ======'player_battle_jester_battle_jester_timer_tick'====== Args={'value': 113, 'prev_value': 114, 'change': -1, 'player_num': 1}
2026-05-11 15:31:48,810 : INFO : EventManager : Event: ======'timer_battle_jester_timer_tick'====== Args={'ticks': 113, 'ticks_remaining': 113}
2026-05-11 15:31:49,484 : INFO : EventManager : Event: ======'player_battle_jester_battle_jester_step_4_timer_tick'====== Args={'value': 12, 'prev_value': 11, 'change': 1, 'player_num': 1}
2026-05-11 15:31:49,485 : INFO : EventManager : Event: ======'timer_battle_jester_step_4_timer_tick'====== Args={'ticks': 12, 'ticks_remaining': 8}
2026-05-11 15:31:49,814 : INFO : EventManager : Event: ======'player_battle_jester_battle_jester_timer_tick'====== Args={'value': 112, 'prev_value': 113, 'change': -1, 'player_num': 1}
2026-05-11 15:31:49,814 : INFO : EventManager : Event: ======'timer_battle_jester_timer_tick'====== Args={'ticks': 112, 'ticks_remaining': 112}
2026-05-11 15:31:50,487 : INFO : EventManager : Event: ======'player_battle_jester_battle_jester_step_4_timer_tick'====== Args={'value': 13, 'prev_value': 12, 'change': 1, 'player_num': 1}
2026-05-11 15:31:50,487 : INFO : EventManager : Event: ======'timer_battle_jester_step_4_timer_tick'====== Args={'ticks': 13, 'ticks_remaining': 7}
2026-05-11 15:31:50,816 : INFO : EventManager : Event: ======'player_battle_jester_battle_jester_timer_tick'====== Args={'value': 111, 'prev_value': 112, 'change': -1, 'player_num': 1}
2026-05-11 15:31:50,817 : INFO : EventManager : Event: ======'timer_battle_jester_timer_tick'====== Args={'ticks': 111, 'ticks_remaining': 111}
2026-05-11 15:31:51,489 : INFO : EventManager : Event: ======'player_battle_jester_battle_jester_step_4_timer_tick'====== Args={'value': 14, 'prev_value': 13, 'change': 1, 'player_num': 1}
2026-05-11 15:31:51,489 : INFO : EventManager : Event: ======'timer_battle_jester_step_4_timer_tick'====== Args={'ticks': 14, 'ticks_remaining': 6}
2026-05-11 15:31:51,804 : INFO : EventManager : Event: ======'player_battle_jester_battle_jester_timer_tick'====== Args={'value': 110, 'prev_value': 111, 'change': -1, 'player_num': 1}
2026-05-11 15:31:51,804 : INFO : EventManager : Event: ======'timer_battle_jester_timer_tick'====== Args={'ticks': 110, 'ticks_remaining': 110}
2026-05-11 15:31:52,477 : INFO : EventManager : Event: ======'player_battle_jester_battle_jester_step_4_timer_tick'====== Args={'value': 15, 'prev_value': 14, 'change': 1, 'player_num': 1}
2026-05-11 15:31:52,477 : INFO : EventManager : Event: ======'timer_battle_jester_step_4_timer_tick'====== Args={'ticks': 15, 'ticks_remaining': 5}
2026-05-11 15:31:52,806 : INFO : EventManager : Event: ======'player_battle_jester_battle_jester_timer_tick'====== Args={'value': 109, 'prev_value': 110, 'change': -1, 'player_num': 1}
2026-05-11 15:31:52,806 : INFO : EventManager : Event: ======'timer_battle_jester_timer_tick'====== Args={'ticks': 109, 'ticks_remaining': 109}
2026-05-11 15:31:53,479 : INFO : EventManager : Event: ======'player_battle_jester_battle_jester_step_4_timer_tick'====== Args={'value': 16, 'prev_value': 15, 'change': 1, 'player_num': 1}
2026-05-11 15:31:53,479 : INFO : EventManager : Event: ======'timer_battle_jester_step_4_timer_tick'====== Args={'ticks': 16, 'ticks_remaining': 4}
2026-05-11 15:31:53,807 : INFO : EventManager : Event: ======'player_battle_jester_battle_jester_timer_tick'====== Args={'value': 108, 'prev_value': 109, 'change': -1, 'player_num': 1}
2026-05-11 15:31:53,807 : INFO : EventManager : Event: ======'timer_battle_jester_timer_tick'====== Args={'ticks': 108, 'ticks_remaining': 108}
2026-05-11 15:31:54,476 : INFO : EventManager : Event: ======'player_battle_jester_battle_jester_step_4_timer_tick'====== Args={'value': 17, 'prev_value': 16, 'change': 1, 'player_num': 1}
2026-05-11 15:31:54,476 : INFO : EventManager : Event: ======'timer_battle_jester_step_4_timer_tick'====== Args={'ticks': 17, 'ticks_remaining': 3}
2026-05-11 15:31:54,804 : INFO : EventManager : Event: ======'player_battle_jester_battle_jester_timer_tick'====== Args={'value': 107, 'prev_value': 108, 'change': -1, 'player_num': 1}
2026-05-11 15:31:54,805 : INFO : EventManager : Event: ======'timer_battle_jester_timer_tick'====== Args={'ticks': 107, 'ticks_remaining': 107}
2026-05-11 15:31:55,477 : INFO : EventManager : Event: ======'player_battle_jester_battle_jester_step_4_timer_tick'====== Args={'value': 18, 'prev_value': 17, 'change': 1, 'player_num': 1}
2026-05-11 15:31:55,477 : INFO : EventManager : Event: ======'timer_battle_jester_step_4_timer_tick'====== Args={'ticks': 18, 'ticks_remaining': 2}
2026-05-11 15:31:55,805 : INFO : EventManager : Event: ======'player_battle_jester_battle_jester_timer_tick'====== Args={'value': 106, 'prev_value': 107, 'change': -1, 'player_num': 1}
2026-05-11 15:31:55,806 : INFO : EventManager : Event: ======'timer_battle_jester_timer_tick'====== Args={'ticks': 106, 'ticks_remaining': 106}
2026-05-11 15:31:56,488 : INFO : EventManager : Event: ======'player_battle_jester_battle_jester_step_4_timer_tick'====== Args={'value': 19, 'prev_value': 18, 'change': 1, 'player_num': 1}
2026-05-11 15:31:56,489 : INFO : EventManager : Event: ======'timer_battle_jester_step_4_timer_tick'====== Args={'ticks': 19, 'ticks_remaining': 1}
2026-05-11 15:31:56,815 : INFO : EventManager : Event: ======'player_battle_jester_battle_jester_timer_tick'====== Args={'value': 105, 'prev_value': 106, 'change': -1, 'player_num': 1}
2026-05-11 15:31:56,815 : INFO : EventManager : Event: ======'timer_battle_jester_timer_tick'====== Args={'ticks': 105, 'ticks_remaining': 105}
2026-05-11 15:31:57,474 : INFO : EventManager : Event: ======'player_battle_jester_battle_jester_step_4_timer_tick'====== Args={'value': 20, 'prev_value': 19, 'change': 1, 'player_num': 1}
2026-05-11 15:31:57,475 : INFO : Timer.battle_jester_step_4_timer : Timer Complete
2026-05-11 15:31:57,475 : INFO : Timer.battle_jester_step_4_timer : Stopping Timer
2026-05-11 15:31:57,475 : INFO : EventManager : Event: ======'timer_battle_jester_step_4_timer_stopped'====== Args={'ticks': 20, 'ticks_remaining': 1}
2026-05-11 15:31:57,475 : INFO : EventManager : Event: ======'timer_battle_jester_step_4_timer_complete'====== Args={'ticks': 20, 'ticks_remaining': 1}
2026-05-11 15:31:57,816 : INFO : EventManager : Event: ======'player_battle_jester_battle_jester_timer_tick'====== Args={'value': 104, 'prev_value': 105, 'change': -1, 'player_num': 1}
2026-05-11 15:31:57,816 : INFO : EventManager : Event: ======'timer_battle_jester_timer_tick'====== Args={'ticks': 104, 'ticks_remaining': 104}
2026-05-11 15:31:58,751 : INFO : SwitchController : <<<<<<< 's_inner_inlane_right' active >>>>>>>
2026-05-11 15:31:58,751 : INFO : EventManager : Event: ======'s_inner_inlane_right_active'====== Args={}
2026-05-11 15:31:58,751 : INFO : EventManager : Event: ======'sw_playfield_active'====== Args={}
2026-05-11 15:31:58,751 : INFO : EventManager : Event: ======'sw_playfield_active'====== Args={}
2026-05-11 15:31:58,751 : INFO : EventManager : Event: ======'machine_var_audits_switches_s_inner_inlane_right'====== Args={'value': 3207, 'prev_value': 3206, 'change': 1}
2026-05-11 15:31:58,753 : INFO : EventManager : Event: ======'player_score'====== Args={'value': 16757125, 'prev_value': 16755125, 'change': 2000, 'player_num': 1, 'source': 'base'}
2026-05-11 15:31:58,753 : INFO : EventManager : Event: ======'player_bonus_switches_count'====== Args={'value': 48, 'prev_value': 47, 'change': 1, 'player_num': 1, 'source': 'base'}
2026-05-11 15:31:58,814 : INFO : EventManager : Event: ======'player_battle_jester_battle_jester_timer_tick'====== Args={'value': 103, 'prev_value': 104, 'change': -1, 'player_num': 1}
2026-05-11 15:31:58,814 : INFO : EventManager : Event: ======'timer_battle_jester_timer_tick'====== Args={'ticks': 103, 'ticks_remaining': 103}
2026-05-11 15:31:58,938 : INFO : SwitchController : <<<<<<< 's_inner_inlane_right' inactive >>>>>>>
2026-05-11 15:31:59,111 : INFO : SwitchController : <<<<<<< 's_inner_inlane_right' active >>>>>>>
2026-05-11 15:31:59,111 : INFO : EventManager : Event: ======'s_inner_inlane_right_active'====== Args={}
2026-05-11 15:31:59,111 : INFO : EventManager : Event: ======'sw_playfield_active'====== Args={}
2026-05-11 15:31:59,111 : INFO : EventManager : Event: ======'sw_playfield_active'====== Args={}
2026-05-11 15:31:59,111 : INFO : EventManager : Event: ======'machine_var_audits_switches_s_inner_inlane_right'====== Args={'value': 3208, 'prev_value': 3207, 'change': 1}
2026-05-11 15:31:59,113 : INFO : EventManager : Event: ======'player_score'====== Args={'value': 16759125, 'prev_value': 16757125, 'change': 2000, 'player_num': 1, 'source': 'base'}
2026-05-11 15:31:59,113 : INFO : EventManager : Event: ======'player_bonus_switches_count'====== Args={'value': 49, 'prev_value': 48, 'change': 1, 'player_num': 1, 'source': 'base'}
2026-05-11 15:31:59,174 : INFO : SwitchController : <<<<<<< 's_inner_inlane_right' inactive >>>>>>>
2026-05-11 15:31:59,301 : INFO : SwitchController : <<<<<<< 's_inner_inlane_right' active >>>>>>>
2026-05-11 15:31:59,301 : INFO : EventManager : Event: ======'s_inner_inlane_right_active'====== Args={}
2026-05-11 15:31:59,301 : INFO : EventManager : Event: ======'sw_playfield_active'====== Args={}
2026-05-11 15:31:59,301 : INFO : EventManager : Event: ======'sw_playfield_active'====== Args={}
2026-05-11 15:31:59,301 : INFO : EventManager : Event: ======'machine_var_audits_switches_s_inner_inlane_right'====== Args={'value': 3209, 'prev_value': 3208, 'change': 1}
2026-05-11 15:31:59,302 : INFO : EventManager : Event: ======'player_score'====== Args={'value': 16761125, 'prev_value': 16759125, 'change': 2000, 'player_num': 1, 'source': 'base'}
2026-05-11 15:31:59,302 : INFO : EventManager : Event: ======'player_bonus_switches_count'====== Args={'value': 50, 'prev_value': 49, 'change': 1, 'player_num': 1, 'source': 'base'}
2026-05-11 15:31:59,393 : INFO : SwitchController : <<<<<<< 's_inner_inlane_right' inactive >>>>>>>
2026-05-11 15:31:59,814 : INFO : EventManager : Event: ======'player_battle_jester_battle_jester_timer_tick'====== Args={'value': 102, 'prev_value': 103, 'change': -1, 'player_num': 1}
2026-05-11 15:31:59,814 : INFO : EventManager : Event: ======'timer_battle_jester_timer_tick'====== Args={'ticks': 102, 'ticks_remaining': 102}
2026-05-11 15:32:00,143 : INFO : SwitchController : <<<<<<< 's_inner_inlane_right' active >>>>>>>
2026-05-11 15:32:00,143 : INFO : EventManager : Event: ======'s_inner_inlane_right_active'====== Args={}
2026-05-11 15:32:00,143 : INFO : EventManager : Event: ======'sw_playfield_active'====== Args={}
2026-05-11 15:32:00,143 : INFO : EventManager : Event: ======'sw_playfield_active'====== Args={}
2026-05-11 15:32:00,143 : INFO : EventManager : Event: ======'machine_var_audits_switches_s_inner_inlane_right'====== Args={'value': 3210, 'prev_value': 3209, 'change': 1}
2026-05-11 15:32:00,144 : INFO : EventManager : Event: ======'player_score'====== Args={'value': 16763125, 'prev_value': 16761125, 'change': 2000, 'player_num': 1, 'source': 'base'}
2026-05-11 15:32:00,145 : INFO : EventManager : Event: ======'player_bonus_switches_count'====== Args={'value': 51, 'prev_value': 50, 'change': 1, 'player_num': 1, 'source': 'base'}
2026-05-11 15:32:00,267 : INFO : SwitchController : <<<<<<< 's_inner_inlane_right' inactive >>>>>>>
2026-05-11 15:32:00,814 : INFO : EventManager : Event: ======'player_battle_jester_battle_jester_timer_tick'====== Args={'value': 101, 'prev_value': 102, 'change': -1, 'player_num': 1}
2026-05-11 15:32:00,814 : INFO : EventManager : Event: ======'timer_battle_jester_timer_tick'====== Args={'ticks': 101, 'ticks_remaining': 101}
2026-05-11 15:32:01,815 : INFO : EventManager : Event: ======'player_battle_jester_battle_jester_timer_tick'====== Args={'value': 100, 'prev_value': 101, 'change': -1, 'player_num': 1}
2026-05-11 15:32:01,816 : INFO : EventManager : Event: ======'timer_battle_jester_timer_tick'====== Args={'ticks': 100, 'ticks_remaining': 100}
2026-05-11 15:32:01,816 : INFO : SwitchController : <<<<<<< 's_orbit_left' active >>>>>>>
2026-05-11 15:32:01,816 : INFO : EventManager : Event: ======'s_orbit_left_active'====== Args={}
2026-05-11 15:32:01,816 : INFO : EventManager : Event: ======'sw_playfield_active'====== Args={}
2026-05-11 15:32:01,816 : INFO : EventManager : Event: ======'machine_var_audits_switches_s_orbit_left'====== Args={'value': 8491, 'prev_value': 8490, 'change': 1}
2026-05-11 15:32:01,817 : INFO : EventManager : Event: ======'player_previous_switch_type'====== Args={'value': 1, 'prev_value': 0, 'change': 1, 'player_num': 1, 'source': 'pilot_mission_qualifier'}
2026-05-11 15:32:01,817 : INFO : EventManager : Event: ======'player_score'====== Args={'value': 16771125, 'prev_value': 16763125, 'change': 8000, 'player_num': 1, 'source': 'base'}
2026-05-11 15:32:01,817 : INFO : EventManager : Event: ======'player_bonus_switches_count'====== Args={'value': 52, 'prev_value': 51, 'change': 1, 'player_num': 1, 'source': 'base'}
2026-05-11 15:32:01,818 : INFO : EventManager : Event: ======'player_pilot_mission_qualifier_left_orbit_shot_timeout_tick'====== Args={'value': 0, 'prev_value': 3, 'change': -3, 'player_num': 1}
2026-05-11 15:32:01,818 : INFO : Timer.left_orbit_shot_timeout : Starting Timer.
2026-05-11 15:32:01,818 : INFO : EventManager : Event: ======'timer_left_orbit_shot_timeout_started'====== Args={'ticks': 0, 'ticks_remaining': 3}
2026-05-11 15:32:01,818 : INFO : EventManager : Event: ======'timer_left_orbit_shot_timeout_tick'====== Args={'ticks': 0, 'ticks_remaining': 3}
2026-05-11 15:32:01,830 : INFO : SwitchController : <<<<<<< 's_orbit_left' inactive >>>>>>>
2026-05-11 15:32:02,111 : INFO : SwitchController : <<<<<<< 's_orbit_right' active >>>>>>>
2026-05-11 15:32:02,111 : INFO : EventManager : Event: ======'s_orbit_right_active'====== Args={}
2026-05-11 15:32:02,111 : INFO : EventManager : Event: ======'sw_playfield_active'====== Args={}
2026-05-11 15:32:02,111 : INFO : EventManager : Event: ======'machine_var_audits_switches_s_orbit_right'====== Args={'value': 6979, 'prev_value': 6978, 'change': 1}
2026-05-11 15:32:02,113 : INFO : EventManager : Event: ======'left_orbit_shot_hit'====== Args={'priority': 0}
2026-05-11 15:32:02,113 : INFO : EventManager : Event: ======'timer_left_orbit_shot_timeout_stop'====== Args={'priority': 0}
2026-05-11 15:32:02,113 : INFO : EventManager : Event: ======'player_previous_switch_type'====== Args={'value': 0, 'prev_value': 1, 'change': -1, 'player_num': 1, 'source': 'pilot_mission_qualifier'}
2026-05-11 15:32:02,113 : INFO : EventManager : Event: ======'restart_right_orbit_lockout_timer'====== Args={'priority': 0}
2026-05-11 15:32:02,113 : INFO : EventManager : Event: ======'player_right_post_locked_out'====== Args={'value': 1, 'prev_value': 0, 'change': 1, 'player_num': 1, 'source': 'iceman_letters'}
2026-05-11 15:32:02,113 : INFO : EventManager : Event: ======'player_score'====== Args={'value': 16779125, 'prev_value': 16771125, 'change': 8000, 'player_num': 1, 'source': 'base'}
2026-05-11 15:32:02,114 : INFO : EventManager : Event: ======'player_bonus_switches_count'====== Args={'value': 53, 'prev_value': 52, 'change': 1, 'player_num': 1, 'source': 'base'}
2026-05-11 15:32:02,114 : INFO : EventManager : Event: ======'player_pilot_mission_qualifier_right_orbit_shot_timeout_tick'====== Args={'value': 0, 'prev_value': 3, 'change': -3, 'player_num': 1}
2026-05-11 15:32:02,114 : INFO : Timer.right_orbit_shot_timeout : Starting Timer.
2026-05-11 15:32:02,114 : INFO : EventManager : Event: ======'timer_right_orbit_shot_timeout_started'====== Args={'ticks': 0, 'ticks_remaining': 3}
2026-05-11 15:32:02,114 : INFO : EventManager : Event: ======'timer_right_orbit_shot_timeout_tick'====== Args={'ticks': 0, 'ticks_remaining': 3}
2026-05-11 15:32:02,114 : INFO : EventManager : Event: ======'battle_jester_subtract_time_red'====== Args={'priority': 0}
2026-05-11 15:32:02,114 : INFO : EventManager : Event: ======'player_battle_jester_points_bank'====== Args={'value': 2900000, 'prev_value': 2100000, 'change': 800000, 'player_num': 1, 'source': 'battle_jester'}
2026-05-11 15:32:02,114 : INFO : EventManager : Event: ======'player_orbit_shot_lockout'====== Args={'value': 1, 'prev_value': 0, 'change': 1, 'player_num': 1, 'source': 'pilot_mission_qualifier'}
2026-05-11 15:32:02,114 : INFO : EventManager : Event: ======'player_pilot_mission_qualifier_orbit_shot_lockout_timer_tick'====== Args={'value': 0, 'prev_value': 1, 'change': -1, 'player_num': 1}
2026-05-11 15:32:02,115 : INFO : Timer.orbit_shot_lockout_timer : Starting Timer.
2026-05-11 15:32:02,115 : INFO : EventManager : Event: ======'timer_orbit_shot_lockout_timer_started'====== Args={'ticks': 0, 'ticks_remaining': 1}
2026-05-11 15:32:02,115 : INFO : EventManager : Event: ======'timer_orbit_shot_lockout_timer_tick'====== Args={'ticks': 0, 'ticks_remaining': 1}
2026-05-11 15:32:02,115 : INFO : EventManager : Event: ======'battle_jester_timer_subtract_5s'====== Args={'priority': 0}
2026-05-11 15:32:02,115 : INFO : EventManager : Event: ======'battle_jester_play_missed_3'====== Args={}
2026-05-11 15:32:02,116 : INFO : EventManager : Event: ======'battle_jester_timer_subtract'====== Args={'priority': 0}
2026-05-11 15:32:02,116 : INFO : EventManager : Event: ======'player_battle_jester_battle_jester_timer_tick'====== Args={'value': 95, 'prev_value': 100, 'change': -5, 'player_num': 1}
2026-05-11 15:32:02,116 : INFO : EventManager : Event: ======'timer_battle_jester_timer_time_subtracted'====== Args={'ticks': 95, 'ticks_subtracted': 5, 'ticks_remaining': 100}
2026-05-11 15:32:02,116 : INFO : EventManager : Event: ======'player_iceman_letters_right_orbit_lockout_timer_tick'====== Args={'value': 0, 'prev_value': 3, 'change': -3, 'player_num': 1}
2026-05-11 15:32:02,116 : INFO : Timer.right_orbit_lockout_timer : Starting Timer.
2026-05-11 15:32:02,116 : INFO : EventManager : Event: ======'timer_right_orbit_lockout_timer_started'====== Args={'ticks': 0, 'ticks_remaining': 3}
2026-05-11 15:32:02,116 : INFO : EventManager : Event: ======'timer_right_orbit_lockout_timer_tick'====== Args={'ticks': 0, 'ticks_remaining': 3}
2026-05-11 15:32:02,143 : INFO : SwitchController : <<<<<<< 's_orbit_right' inactive >>>>>>>
2026-05-11 15:32:02,144 : INFO : EventManager : Event: ======'slide_battle_jester_missed_3_video_created'====== Args={'_from_bcp': True}
2026-05-11 15:32:02,614 : INFO : EventManager : Event: ======'player_pilot_mission_qualifier_orbit_shot_lockout_timer_tick'====== Args={'value': 1, 'prev_value': 0, 'change': 1, 'player_num': 1}
2026-05-11 15:32:02,615 : INFO : Timer.orbit_shot_lockout_timer : Timer Complete
2026-05-11 15:32:02,615 : INFO : Timer.orbit_shot_lockout_timer : Stopping Timer
2026-05-11 15:32:02,615 : INFO : EventManager : Event: ======'timer_orbit_shot_lockout_timer_stopped'====== Args={'ticks': 1, 'ticks_remaining': 1}
2026-05-11 15:32:02,615 : INFO : EventManager : Event: ======'timer_orbit_shot_lockout_timer_complete'====== Args={'ticks': 1, 'ticks_remaining': 1}
2026-05-11 15:32:02,616 : INFO : EventManager : Event: ======'player_orbit_shot_lockout'====== Args={'value': 0, 'prev_value': 1, 'change': -1, 'player_num': 1, 'source': 'pilot_mission_qualifier'}
2026-05-11 15:32:02,646 : INFO : SwitchController : <<<<<<< 's_lane_right' active >>>>>>>
2026-05-11 15:32:02,646 : INFO : EventManager : Event: ======'s_lane_right_active'====== Args={}
2026-05-11 15:32:02,647 : INFO : EventManager : Event: ======'sw_playfield_active'====== Args={}
2026-05-11 15:32:02,647 : INFO : EventManager : Event: ======'machine_var_audits_switches_s_lane_right'====== Args={'value': 4633, 'prev_value': 4632, 'change': 1}
2026-05-11 15:32:02,648 : INFO : EventManager : Event: ======'player_score'====== Args={'value': 16784125, 'prev_value': 16779125, 'change': 5000, 'player_num': 1, 'source': 'base'}
2026-05-11 15:32:02,648 : INFO : EventManager : Event: ======'player_bonus_switches_count'====== Args={'value': 54, 'prev_value': 53, 'change': 1, 'player_num': 1, 'source': 'base'}
2026-05-11 15:32:02,678 : INFO : SwitchController : <<<<<<< 's_lane_right' inactive >>>>>>>
2026-05-11 15:32:02,803 : INFO : EventManager : Event: ======'player_battle_jester_battle_jester_timer_tick'====== Args={'value': 94, 'prev_value': 95, 'change': -1, 'player_num': 1}
2026-05-11 15:32:02,804 : INFO : EventManager : Event: ======'timer_battle_jester_timer_tick'====== Args={'ticks': 94, 'ticks_remaining': 94}
2026-05-11 15:32:02,804 : INFO : EventManager : Event: ======'player_pilot_mission_qualifier_left_orbit_shot_timeout_tick'====== Args={'value': 1, 'prev_value': 0, 'change': 1, 'player_num': 1}
2026-05-11 15:32:02,804 : INFO : EventManager : Event: ======'timer_left_orbit_shot_timeout_tick'====== Args={'ticks': 1, 'ticks_remaining': 2}
2026-05-11 15:32:03,114 : INFO : EventManager : Event: ======'player_pilot_mission_qualifier_right_orbit_shot_timeout_tick'====== Args={'value': 1, 'prev_value': 0, 'change': 1, 'player_num': 1}
2026-05-11 15:32:03,115 : INFO : EventManager : Event: ======'timer_right_orbit_shot_timeout_tick'====== Args={'ticks': 1, 'ticks_remaining': 2}
2026-05-11 15:32:03,115 : INFO : EventManager : Event: ======'player_iceman_letters_right_orbit_lockout_timer_tick'====== Args={'value': 1, 'prev_value': 0, 'change': 1, 'player_num': 1}
2026-05-11 15:32:03,115 : INFO : EventManager : Event: ======'timer_right_orbit_lockout_timer_tick'====== Args={'ticks': 1, 'ticks_remaining': 2}
2026-05-11 15:32:03,817 : INFO : EventManager : Event: ======'player_pilot_mission_qualifier_left_orbit_shot_timeout_tick'====== Args={'value': 2, 'prev_value': 1, 'change': 1, 'player_num': 1}
2026-05-11 15:32:03,818 : INFO : EventManager : Event: ======'timer_left_orbit_shot_timeout_tick'====== Args={'ticks': 2, 'ticks_remaining': 1}
2026-05-11 15:32:03,818 : INFO : EventManager : Event: ======'player_battle_jester_battle_jester_timer_tick'====== Args={'value': 93, 'prev_value': 94, 'change': -1, 'player_num': 1}
2026-05-11 15:32:03,818 : INFO : EventManager : Event: ======'timer_battle_jester_timer_tick'====== Args={'ticks': 93, 'ticks_remaining': 93}
2026-05-11 15:32:04,111 : INFO : EventManager : Event: ======'player_pilot_mission_qualifier_right_orbit_shot_timeout_tick'====== Args={'value': 2, 'prev_value': 1, 'change': 1, 'player_num': 1}
2026-05-11 15:32:04,111 : INFO : EventManager : Event: ======'timer_right_orbit_shot_timeout_tick'====== Args={'ticks': 2, 'ticks_remaining': 1}
2026-05-11 15:32:04,111 : INFO : EventManager : Event: ======'player_iceman_letters_right_orbit_lockout_timer_tick'====== Args={'value': 2, 'prev_value': 1, 'change': 1, 'player_num': 1}
2026-05-11 15:32:04,111 : INFO : EventManager : Event: ======'timer_right_orbit_lockout_timer_tick'====== Args={'ticks': 2, 'ticks_remaining': 1}
2026-05-11 15:32:04,688 : INFO : EventManager : Event: ======'slide_battle_jester_missed_3_video_removed'====== Args={'_from_bcp': True}
2026-05-11 15:32:04,816 : INFO : EventManager : Event: ======'player_pilot_mission_qualifier_left_orbit_shot_timeout_tick'====== Args={'value': 3, 'prev_value': 2, 'change': 1, 'player_num': 1}
2026-05-11 15:32:04,817 : INFO : Timer.left_orbit_shot_timeout : Timer Complete
2026-05-11 15:32:04,817 : INFO : Timer.left_orbit_shot_timeout : Stopping Timer
2026-05-11 15:32:04,817 : INFO : EventManager : Event: ======'timer_left_orbit_shot_timeout_stopped'====== Args={'ticks': 3, 'ticks_remaining': 1}
2026-05-11 15:32:04,817 : INFO : EventManager : Event: ======'timer_left_orbit_shot_timeout_complete'====== Args={'ticks': 3, 'ticks_remaining': 1}
2026-05-11 15:32:04,817 : INFO : EventManager : Event: ======'player_battle_jester_battle_jester_timer_tick'====== Args={'value': 92, 'prev_value': 93, 'change': -1, 'player_num': 1}
2026-05-11 15:32:04,817 : INFO : EventManager : Event: ======'timer_battle_jester_timer_tick'====== Args={'ticks': 92, 'ticks_remaining': 92}
2026-05-11 15:32:05,114 : INFO : EventManager : Event: ======'player_pilot_mission_qualifier_right_orbit_shot_timeout_tick'====== Args={'value': 3, 'prev_value': 2, 'change': 1, 'player_num': 1}
2026-05-11 15:32:05,114 : INFO : Timer.right_orbit_shot_timeout : Timer Complete
2026-05-11 15:32:05,114 : INFO : Timer.right_orbit_shot_timeout : Stopping Timer
2026-05-11 15:32:05,116 : INFO : EventManager : Event: ======'timer_right_orbit_shot_timeout_stopped'====== Args={'ticks': 3, 'ticks_remaining': 1}
2026-05-11 15:32:05,116 : INFO : EventManager : Event: ======'timer_right_orbit_shot_timeout_complete'====== Args={'ticks': 3, 'ticks_remaining': 1}
2026-05-11 15:32:05,116 : INFO : EventManager : Event: ======'player_iceman_letters_right_orbit_lockout_timer_tick'====== Args={'value': 3, 'prev_value': 2, 'change': 1, 'player_num': 1}
2026-05-11 15:32:05,116 : INFO : Timer.right_orbit_lockout_timer : Timer Complete
2026-05-11 15:32:05,116 : INFO : Timer.right_orbit_lockout_timer : Stopping Timer
2026-05-11 15:32:05,116 : INFO : EventManager : Event: ======'timer_right_orbit_lockout_timer_stopped'====== Args={'ticks': 3, 'ticks_remaining': 1}
2026-05-11 15:32:05,116 : INFO : EventManager : Event: ======'timer_right_orbit_lockout_timer_complete'====== Args={'ticks': 3, 'ticks_remaining': 1}
2026-05-11 15:32:05,116 : INFO : EventManager : Event: ======'player_right_post_locked_out'====== Args={'value': 0, 'prev_value': 1, 'change': -1, 'player_num': 1, 'source': 'iceman_letters'}
2026-05-11 15:32:05,807 : INFO : EventManager : Event: ======'player_battle_jester_battle_jester_timer_tick'====== Args={'value': 91, 'prev_value': 92, 'change': -1, 'player_num': 1}
2026-05-11 15:32:05,807 : INFO : EventManager : Event: ======'timer_battle_jester_timer_tick'====== Args={'ticks': 91, 'ticks_remaining': 91}
2026-05-11 15:32:06,815 : INFO : EventManager : Event: ======'player_battle_jester_battle_jester_timer_tick'====== Args={'value': 90, 'prev_value': 91, 'change': -1, 'player_num': 1}
2026-05-11 15:32:06,816 : INFO : EventManager : Event: ======'timer_battle_jester_timer_tick'====== Args={'ticks': 90, 'ticks_remaining': 90}
2026-05-11 15:32:07,817 : INFO : EventManager : Event: ======'player_battle_jester_battle_jester_timer_tick'====== Args={'value': 89, 'prev_value': 90, 'change': -1, 'player_num': 1}
2026-05-11 15:32:07,818 : INFO : EventManager : Event: ======'timer_battle_jester_timer_tick'====== Args={'ticks': 89, 'ticks_remaining': 89}
2026-05-11 15:32:08,807 : INFO : EventManager : Event: ======'player_battle_jester_battle_jester_timer_tick'====== Args={'value': 88, 'prev_value': 89, 'change': -1, 'player_num': 1}
2026-05-11 15:32:08,807 : INFO : EventManager : Event: ======'timer_battle_jester_timer_tick'====== Args={'ticks': 88, 'ticks_remaining': 88}
2026-05-11 15:32:09,811 : INFO : EventManager : Event: ======'player_battle_jester_battle_jester_timer_tick'====== Args={'value': 87, 'prev_value': 88, 'change': -1, 'player_num': 1}
2026-05-11 15:32:09,811 : INFO : EventManager : Event: ======'timer_battle_jester_timer_tick'====== Args={'ticks': 87, 'ticks_remaining': 87}
2026-05-11 15:32:10,813 : INFO : EventManager : Event: ======'player_battle_jester_battle_jester_timer_tick'====== Args={'value': 86, 'prev_value': 87, 'change': -1, 'player_num': 1}
2026-05-11 15:32:10,813 : INFO : EventManager : Event: ======'timer_battle_jester_timer_tick'====== Args={'ticks': 86, 'ticks_remaining': 86}
2026-05-11 15:32:11,812 : INFO : EventManager : Event: ======'player_battle_jester_battle_jester_timer_tick'====== Args={'value': 85, 'prev_value': 86, 'change': -1, 'player_num': 1}
2026-05-11 15:32:11,812 : INFO : EventManager : Event: ======'timer_battle_jester_timer_tick'====== Args={'ticks': 85, 'ticks_remaining': 85}
2026-05-11 15:32:12,810 : INFO : EventManager : Event: ======'player_battle_jester_battle_jester_timer_tick'====== Args={'value': 84, 'prev_value': 85, 'change': -1, 'player_num': 1}
2026-05-11 15:32:12,810 : INFO : EventManager : Event: ======'timer_battle_jester_timer_tick'====== Args={'ticks': 84, 'ticks_remaining': 84}
2026-05-11 15:32:13,813 : INFO : EventManager : Event: ======'player_battle_jester_battle_jester_timer_tick'====== Args={'value': 83, 'prev_value': 84, 'change': -1, 'player_num': 1}
2026-05-11 15:32:13,813 : INFO : EventManager : Event: ======'timer_battle_jester_timer_tick'====== Args={'ticks': 83, 'ticks_remaining': 83}
2026-05-11 15:32:14,016 : INFO : SwitchController : <<<<<<< 's_ramp_left_exit' active >>>>>>>
2026-05-11 15:32:14,016 : INFO : EventManager : Event: ======'s_ramp_left_exit_active'====== Args={}
2026-05-11 15:32:14,016 : INFO : EventManager : Event: ======'sw_playfield_active'====== Args={}
2026-05-11 15:32:14,016 : INFO : EventManager : Event: ======'sw_playfield_active'====== Args={}
2026-05-11 15:32:14,016 : INFO : EventManager : Event: ======'machine_var_audits_switches_s_ramp_left_exit'====== Args={'value': 2964, 'prev_value': 2963, 'change': 1}
2026-05-11 15:32:14,018 : INFO : EventManager : Event: ======'battle_jester_step_4_complete'====== Args={'priority': 0}
2026-05-11 15:32:14,018 : INFO : EventManager : Event: ======'battle_jester_setup_step_5'====== Args={'priority': 0}
2026-05-11 15:32:14,018 : INFO : EventManager : Event: ======'battle_jester_add_time_green'====== Args={'priority': 0}
2026-05-11 15:32:14,018 : INFO : EventManager : Event: ======'player_battle_jester_points_bank'====== Args={'value': 3550000, 'prev_value': 2900000, 'change': 650000, 'player_num': 1, 'source': 'battle_jester'}
2026-05-11 15:32:14,019 : INFO : EventManager : Event: ======'player_hd_sw_ramp_left'====== Args={'value': 1, 'prev_value': 0, 'change': 1, 'player_num': 1, 'source': 'hard_deck_qualifiers'}
2026-05-11 15:32:14,019 : INFO : EventManager : Event: ======'player_score'====== Args={'value': 16794125, 'prev_value': 16784125, 'change': 10000, 'player_num': 1, 'source': 'base'}
2026-05-11 15:32:14,019 : INFO : EventManager : Event: ======'player_bonus_switches_count'====== Args={'value': 55, 'prev_value': 54, 'change': 1, 'player_num': 1, 'source': 'base'}
2026-05-11 15:32:14,019 : INFO : EventManager : Event: ======'player_bonus_ramps_count'====== Args={'value': 3, 'prev_value': 2, 'change': 1, 'player_num': 1, 'source': 'base'}
2026-05-11 15:32:14,019 : INFO : EventManager : Event: ======'shaker_soft'====== Args={'priority': 0}
2026-05-11 15:32:14,020 : INFO : EventManager : Event: ======'player_battle_jester_step'====== Args={'value': 4, 'prev_value': 3, 'change': 1, 'player_num': 1, 'source': 'battle_jester'}
2026-05-11 15:32:14,020 : INFO : EventManager : Event: ======'player_battle_jester_shots_remaining'====== Args={'value': 6, 'prev_value': 7, 'change': -1, 'player_num': 1, 'source': 'battle_jester'}
2026-05-11 15:32:14,020 : INFO : Timer.battle_jester_step_4_timer : Stopping Timer
2026-05-11 15:32:14,020 : INFO : EventManager : Event: ======'timer_battle_jester_step_4_timer_stopped'====== Args={'ticks': 20, 'ticks_remaining': 1}
2026-05-11 15:32:14,020 : INFO : Timer.battle_jester_step_5_timer : Starting Timer.
2026-05-11 15:32:14,020 : INFO : EventManager : Event: ======'timer_battle_jester_step_5_timer_started'====== Args={'ticks': 0, 'ticks_remaining': 20}
2026-05-11 15:32:14,020 : INFO : EventManager : Event: ======'timer_battle_jester_step_5_timer_tick'====== Args={'ticks': 0, 'ticks_remaining': 20}
2026-05-11 15:32:14,021 : INFO : EventManager : Event: ======'battle_jester_timer_add_5s'====== Args={'priority': 0}
2026-05-11 15:32:14,021 : INFO : EventManager : Event: ======'battle_jester_timer_add'====== Args={'priority': 0}
2026-05-11 15:32:14,021 : INFO : EventManager : Event: ======'player_battle_jester_battle_jester_timer_tick'====== Args={'value': 88, 'prev_value': 83, 'change': 5, 'player_num': 1}
2026-05-11 15:32:14,023 : INFO : EventManager : Event: ======'timer_battle_jester_timer_time_added'====== Args={'ticks': 88, 'ticks_added': 83, 'ticks_remaining': 83}
2026-05-11 15:32:14,039 : INFO : EventManager : Event: ======'slide_battle_jester_points_bank_created'====== Args={'_from_bcp': True}
2026-05-11 15:32:14,039 : INFO : SwitchController : <<<<<<< 's_ramp_left_exit' inactive >>>>>>>
2026-05-11 15:32:14,057 : INFO : EventManager : Event: ======'slide_battle_jester_step_4_video_created'====== Args={'_from_bcp': True}
2026-05-11 15:32:14,058 : INFO : EventManager : Event: ======'slide_battle_jester_timer_inactive'====== Args={'is_removing': False, '_from_bcp': True}
2026-05-11 15:32:14,058 : INFO : EventManager : Event: ======'slide_battle_jester_points_bank_active'====== Args={'original_context': 'battle_jester', 'original_calling_context': 'battle_jester_step_4_complete', 'priority': 600.0, 'cmd': 'slides_play', '_from_bcp': True}
2026-05-11 15:32:14,813 : INFO : EventManager : Event: ======'player_battle_jester_battle_jester_timer_tick'====== Args={'value': 87, 'prev_value': 88, 'change': -1, 'player_num': 1}
2026-05-11 15:32:14,813 : INFO : EventManager : Event: ======'timer_battle_jester_timer_tick'====== Args={'ticks': 87, 'ticks_remaining': 87}
2026-05-11 15:32:15,017 : INFO : EventManager : Event: ======'player_battle_jester_battle_jester_step_5_timer_tick'====== Args={'value': 1, 'prev_value': 0, 'change': 1, 'player_num': 1}
2026-05-11 15:32:15,017 : INFO : EventManager : Event: ======'timer_battle_jester_step_5_timer_tick'====== Args={'ticks': 1, 'ticks_remaining': 19}
2026-05-11 15:32:15,407 : INFO : SwitchController : <<<<<<< 's_inlane_left' active >>>>>>>
2026-05-11 15:32:15,407 : INFO : EventManager : Event: ======'s_inlane_left_active'====== Args={}
2026-05-11 15:32:15,407 : INFO : EventManager : Event: ======'sw_playfield_active'====== Args={}
2026-05-11 15:32:15,408 : INFO : EventManager : Event: ======'sw_playfield_active'====== Args={}
2026-05-11 15:32:15,408 : INFO : EventManager : Event: ======'machine_var_audits_switches_s_inlane_left'====== Args={'value': 4885, 'prev_value': 4884, 'change': 1}
2026-05-11 15:32:15,409 : INFO : EventManager : Event: ======'check_goose_complete'====== Args={'priority': 0}
2026-05-11 15:32:15,411 : INFO : EventManager : Event: ======'player_goose_letter_o_left'====== Args={'value': 1, 'prev_value': 0, 'change': 1, 'player_num': 1, 'source': 'goose_letters'}
2026-05-11 15:32:15,411 : INFO : EventManager : Event: ======'player_goose_last_letter_collected'====== Args={'value': 2, 'prev_value': 4, 'change': -2, 'player_num': 1, 'source': 'goose_letters'}
2026-05-11 15:32:15,411 : INFO : EventManager : Event: ======'player_hd_sw_inlane_left'====== Args={'value': 1, 'prev_value': 0, 'change': 1, 'player_num': 1, 'source': 'hard_deck_qualifiers'}
2026-05-11 15:32:15,411 : INFO : EventManager : Event: ======'player_score'====== Args={'value': 16796125, 'prev_value': 16794125, 'change': 2000, 'player_num': 1, 'source': 'base'}
2026-05-11 15:32:15,412 : INFO : EventManager : Event: ======'player_bonus_switches_count'====== Args={'value': 56, 'prev_value': 55, 'change': 1, 'player_num': 1, 'source': 'base'}
2026-05-11 15:32:15,420 : INFO : SwitchController : <<<<<<< 's_inlane_left' inactive >>>>>>>
2026-05-11 15:32:15,815 : INFO : EventManager : Event: ======'player_battle_jester_battle_jester_timer_tick'====== Args={'value': 86, 'prev_value': 87, 'change': -1, 'player_num': 1}
2026-05-11 15:32:15,815 : INFO : EventManager : Event: ======'timer_battle_jester_timer_tick'====== Args={'ticks': 86, 'ticks_remaining': 86}
2026-05-11 15:32:16,020 : INFO : EventManager : Event: ======'player_battle_jester_battle_jester_step_5_timer_tick'====== Args={'value': 2, 'prev_value': 1, 'change': 1, 'player_num': 1}
2026-05-11 15:32:16,020 : INFO : EventManager : Event: ======'timer_battle_jester_step_5_timer_tick'====== Args={'ticks': 2, 'ticks_remaining': 18}
2026-05-11 15:32:16,031 : INFO : EventManager : Event: ======'slide_battle_jester_points_bank_inactive'====== Args={'is_removing': True, '_from_bcp': True}
2026-05-11 15:32:16,031 : INFO : EventManager : Event: ======'slide_battle_jester_timer_active'====== Args={'_from_bcp': True}
2026-05-11 15:32:16,032 : INFO : EventManager : Event: ======'slide_battle_jester_points_bank_removed'====== Args={'_from_bcp': True}
2026-05-11 15:32:16,815 : INFO : EventManager : Event: ======'player_battle_jester_battle_jester_timer_tick'====== Args={'value': 85, 'prev_value': 86, 'change': -1, 'player_num': 1}
2026-05-11 15:32:16,815 : INFO : EventManager : Event: ======'timer_battle_jester_timer_tick'====== Args={'ticks': 85, 'ticks_remaining': 85}
2026-05-11 15:32:17,019 : INFO : EventManager : Event: ======'player_battle_jester_battle_jester_step_5_timer_tick'====== Args={'value': 3, 'prev_value': 2, 'change': 1, 'player_num': 1}
2026-05-11 15:32:17,019 : INFO : EventManager : Event: ======'timer_battle_jester_step_5_timer_tick'====== Args={'ticks': 3, 'ticks_remaining': 17}
2026-05-11 15:32:17,817 : INFO : EventManager : Event: ======'player_battle_jester_battle_jester_timer_tick'====== Args={'value': 84, 'prev_value': 85, 'change': -1, 'player_num': 1}
2026-05-11 15:32:17,817 : INFO : EventManager : Event: ======'timer_battle_jester_timer_tick'====== Args={'ticks': 84, 'ticks_remaining': 84}
2026-05-11 15:32:17,836 : INFO : EventManager : Event: ======'slide_battle_jester_step_4_video_removed'====== Args={'_from_bcp': True}
2026-05-11 15:32:18,019 : INFO : EventManager : Event: ======'player_battle_jester_battle_jester_step_5_timer_tick'====== Args={'value': 4, 'prev_value': 3, 'change': 1, 'player_num': 1}
2026-05-11 15:32:18,019 : INFO : EventManager : Event: ======'timer_battle_jester_step_5_timer_tick'====== Args={'ticks': 4, 'ticks_remaining': 16}
2026-05-11 15:32:18,458 : INFO : SwitchController : <<<<<<< 's_ramp_right_exit' active >>>>>>>
2026-05-11 15:32:18,458 : INFO : EventManager : Event: ======'s_ramp_right_exit_active'====== Args={}
2026-05-11 15:32:18,458 : INFO : EventManager : Event: ======'sw_playfield_active'====== Args={}
2026-05-11 15:32:18,458 : INFO : EventManager : Event: ======'sw_playfield_active'====== Args={}
2026-05-11 15:32:18,459 : INFO : EventManager : Event: ======'machine_var_audits_switches_s_ramp_right_exit'====== Args={'value': 1155, 'prev_value': 1154, 'change': 1}
2026-05-11 15:32:18,460 : INFO : EventManager : Event: ======'battle_jester_step_5_complete'====== Args={'priority': 0}
2026-05-11 15:32:18,460 : INFO : EventManager : Event: ======'battle_jester_setup_step_6'====== Args={'priority': 0}
2026-05-11 15:32:18,460 : INFO : EventManager : Event: ======'battle_jester_add_time_green'====== Args={'priority': 0}
2026-05-11 15:32:18,460 : INFO : EventManager : Event: ======'player_battle_jester_points_bank'====== Args={'value': 4350000, 'prev_value': 3550000, 'change': 800000, 'player_num': 1, 'source': 'battle_jester'}
2026-05-11 15:32:18,460 : INFO : EventManager : Event: ======'player_hd_sw_ramp_right'====== Args={'value': 1, 'prev_value': 0, 'change': 1, 'player_num': 1, 'source': 'hard_deck_qualifiers'}
2026-05-11 15:32:18,461 : INFO : EventManager : Event: ======'player_score'====== Args={'value': 16806125, 'prev_value': 16796125, 'change': 10000, 'player_num': 1, 'source': 'base'}
2026-05-11 15:32:18,461 : INFO : EventManager : Event: ======'player_bonus_switches_count'====== Args={'value': 57, 'prev_value': 56, 'change': 1, 'player_num': 1, 'source': 'base'}
2026-05-11 15:32:18,461 : INFO : EventManager : Event: ======'player_bonus_ramps_count'====== Args={'value': 4, 'prev_value': 3, 'change': 1, 'player_num': 1, 'source': 'base'}
2026-05-11 15:32:18,461 : INFO : EventManager : Event: ======'shaker_soft'====== Args={'priority': 0}
2026-05-11 15:32:18,461 : INFO : EventManager : Event: ======'right_ramp_down'====== Args={'priority': 0}
2026-05-11 15:32:18,461 : INFO : EventManager : Event: ======'player_battle_jester_step'====== Args={'value': 5, 'prev_value': 4, 'change': 1, 'player_num': 1, 'source': 'battle_jester'}
2026-05-11 15:32:18,461 : INFO : EventManager : Event: ======'player_missiles_perk_blocked'====== Args={'value': 1, 'prev_value': 0, 'change': 1, 'player_num': 1, 'source': 'battle_jester'}
2026-05-11 15:32:18,461 : INFO : EventManager : Event: ======'player_battle_jester_shots_remaining'====== Args={'value': 5, 'prev_value': 6, 'change': -1, 'player_num': 1, 'source': 'battle_jester'}
2026-05-11 15:32:18,461 : INFO : Timer.battle_jester_step_5_timer : Stopping Timer
2026-05-11 15:32:18,461 : INFO : EventManager : Event: ======'timer_battle_jester_step_5_timer_stopped'====== Args={'ticks': 4, 'ticks_remaining': 16}
2026-05-11 15:32:18,463 : INFO : coil.c_right_orbit_diverter : Disabling Driver
2026-05-11 15:32:18,463 : INFO : EventManager : Event: ======'barrier_drop'====== Args={'priority': 0}
2026-05-11 15:32:18,463 : INFO : coil.c_mode_barrier : Enabling Driver with power 0.25 (pulse_ms 45ms and pulse_power 0.75)
2026-05-11 15:32:18,463 : INFO : EventManager : Event: ======'battle_jester_timer_add_5s'====== Args={'priority': 0}
2026-05-11 15:32:18,464 : INFO : EventManager : Event: ======'battle_jester_timer_add'====== Args={'priority': 0}
2026-05-11 15:32:18,464 : INFO : EventManager : Event: ======'player_battle_jester_battle_jester_timer_tick'====== Args={'value': 89, 'prev_value': 84, 'change': 5, 'player_num': 1}
2026-05-11 15:32:18,464 : INFO : EventManager : Event: ======'timer_battle_jester_timer_time_added'====== Args={'ticks': 89, 'ticks_added': 84, 'ticks_remaining': 84}
2026-05-11 15:32:18,478 : INFO : EventManager : Event: ======'slide_battle_jester_step_1_instructions_removed'====== Args={'_from_bcp': True}
2026-05-11 15:32:18,490 : INFO : SwitchController : <<<<<<< 's_ramp_right_exit' inactive >>>>>>>
2026-05-11 15:32:18,501 : INFO : EventManager : Event: ======'slide_battle_jester_step_5_instructions_created'====== Args={'_from_bcp': True}
2026-05-11 15:32:18,503 : INFO : EventManager : Event: ======'slide_battle_jester_points_bank_created'====== Args={'_from_bcp': True}
2026-05-11 15:32:18,522 : INFO : EventManager : Event: ======'slide_battle_jester_step_5_video_created'====== Args={'_from_bcp': True}
2026-05-11 15:32:18,523 : INFO : EventManager : Event: ======'slide_battle_jester_timer_inactive'====== Args={'is_removing': False, '_from_bcp': True}
2026-05-11 15:32:18,523 : INFO : EventManager : Event: ======'slide_battle_jester_points_bank_active'====== Args={'original_context': 'battle_jester', 'original_calling_context': 'battle_jester_step_5_complete', 'priority': 600.0, 'cmd': 'slides_play', '_from_bcp': True}
2026-05-11 15:32:18,818 : INFO : EventManager : Event: ======'player_battle_jester_battle_jester_timer_tick'====== Args={'value': 88, 'prev_value': 89, 'change': -1, 'player_num': 1}
2026-05-11 15:32:18,819 : INFO : EventManager : Event: ======'timer_battle_jester_timer_tick'====== Args={'ticks': 88, 'ticks_remaining': 88}
2026-05-11 15:32:19,537 : INFO : SwitchController : <<<<<<< 's_outer_inlane_right' active >>>>>>>
2026-05-11 15:32:19,537 : INFO : EventManager : Event: ======'s_outer_inlane_right_active'====== Args={}
2026-05-11 15:32:19,538 : INFO : EventManager : Event: ======'sw_playfield_active'====== Args={}
2026-05-11 15:32:19,538 : INFO : EventManager : Event: ======'sw_playfield_active'====== Args={}
2026-05-11 15:32:19,538 : INFO : EventManager : Event: ======'machine_var_audits_switches_s_outer_inlane_right'====== Args={'value': 4680, 'prev_value': 4679, 'change': 1}
2026-05-11 15:32:19,539 : INFO : EventManager : Event: ======'check_goose_complete'====== Args={'priority': 0}
2026-05-11 15:32:19,539 : INFO : EventManager : Event: ======'player_goose_letter_s'====== Args={'value': 1, 'prev_value': 0, 'change': 1, 'player_num': 1, 'source': 'goose_letters'}
2026-05-11 15:32:19,539 : INFO : EventManager : Event: ======'player_goose_last_letter_collected'====== Args={'value': 5, 'prev_value': 2, 'change': 3, 'player_num': 1, 'source': 'goose_letters'}
2026-05-11 15:32:19,539 : INFO : EventManager : Event: ======'player_hd_sw_inlane_outer_r'====== Args={'value': 1, 'prev_value': 0, 'change': 1, 'player_num': 1, 'source': 'hard_deck_qualifiers'}
2026-05-11 15:32:19,539 : INFO : EventManager : Event: ======'player_score'====== Args={'value': 16808125, 'prev_value': 16806125, 'change': 2000, 'player_num': 1, 'source': 'base'}
2026-05-11 15:32:19,539 : INFO : EventManager : Event: ======'player_bonus_switches_count'====== Args={'value': 58, 'prev_value': 57, 'change': 1, 'player_num': 1, 'source': 'base'}
2026-05-11 15:32:19,568 : INFO : SwitchController : <<<<<<< 's_outer_inlane_right' inactive >>>>>>>
2026-05-11 15:32:19,804 : INFO : EventManager : Event: ======'player_battle_jester_battle_jester_timer_tick'====== Args={'value': 87, 'prev_value': 88, 'change': -1, 'player_num': 1}
2026-05-11 15:32:19,804 : INFO : EventManager : Event: ======'timer_battle_jester_timer_tick'====== Args={'ticks': 87, 'ticks_remaining': 87}
2026-05-11 15:32:20,352 : INFO : EventManager : Event: ======'slide_battle_jester_step_5_video_removed'====== Args={'_from_bcp': True}
2026-05-11 15:32:20,454 : INFO : EventManager : Event: ======'slide_battle_jester_points_bank_inactive'====== Args={'is_removing': True, '_from_bcp': True}
2026-05-11 15:32:20,454 : INFO : EventManager : Event: ======'slide_battle_jester_timer_active'====== Args={'_from_bcp': True}
2026-05-11 15:32:20,455 : INFO : EventManager : Event: ======'slide_battle_jester_points_bank_removed'====== Args={'_from_bcp': True}
2026-05-11 15:32:20,808 : INFO : EventManager : Event: ======'player_battle_jester_battle_jester_timer_tick'====== Args={'value': 86, 'prev_value': 87, 'change': -1, 'player_num': 1}
2026-05-11 15:32:20,809 : INFO : EventManager : Event: ======'timer_battle_jester_timer_tick'====== Args={'ticks': 86, 'ticks_remaining': 86}
2026-05-11 15:32:21,105 : INFO : SwitchController : <<<<<<< 's_mode_start' active >>>>>>>
2026-05-11 15:32:21,105 : INFO : EventManager : Event: ======'s_mode_start_active'====== Args={}
2026-05-11 15:32:21,105 : INFO : EventManager : Event: ======'sw_playfield_active'====== Args={}
2026-05-11 15:32:21,105 : INFO : EventManager : Event: ======'machine_var_audits_switches_s_mode_start'====== Args={'value': 1987, 'prev_value': 1986, 'change': 1}
2026-05-11 15:32:21,107 : INFO : EventManager : Event: ======'battle_jester_mode_scoop_debounce_start'====== Args={'priority': 0}
2026-05-11 15:32:21,107 : INFO : EventManager : Event: ======'battle_jester_pause_timer'====== Args={'priority': 0}
2026-05-11 15:32:21,107 : INFO : EventManager : Event: ======'battle_jester_step_6_scoop_entered'====== Args={'priority': 0}
2026-05-11 15:32:21,107 : INFO : EventManager : Event: ======'player_battle_jester_points_bank'====== Args={'value': 5350000, 'prev_value': 4350000, 'change': 1000000, 'player_num': 1, 'source': 'battle_jester'}
2026-05-11 15:32:21,108 : INFO : Timer.lock_mb_eject_debounce : Stopping Timer
2026-05-11 15:32:21,108 : INFO : EventManager : Event: ======'timer_lock_mb_eject_debounce_stopped'====== Args={'ticks': 0, 'ticks_remaining': 0}
2026-05-11 15:32:21,108 : INFO : Timer.battle_jester_timer : Pausing Timer for 0 ms
2026-05-11 15:32:21,108 : INFO : EventManager : Event: ======'timer_battle_jester_timer_paused'====== Args={'ticks': 86, 'ticks_remaining': 86}
2026-05-11 15:32:21,108 : INFO : EventManager : Event: ======'battle_jester_mode_scoop_debounce_restart'====== Args={'priority': 0}
2026-05-11 15:32:21,108 : INFO : Timer.battle_jester_mode_scoop_debounce : Starting Timer.
2026-05-11 15:32:21,108 : INFO : EventManager : Event: ======'timer_battle_jester_mode_scoop_debounce_started'====== Args={'ticks': 0, 'ticks_remaining': 1}
2026-05-11 15:32:21,108 : INFO : EventManager : Event: ======'timer_battle_jester_mode_scoop_debounce_tick'====== Args={'ticks': 0, 'ticks_remaining': 1}
2026-05-11 15:32:21,417 : INFO : EventManager : Event: ======'balldevice_bd_mode_scoop_ball_count_changed'====== Args={'balls': 1}
2026-05-11 15:32:21,417 : INFO : ball_device.bd_mode_scoop : Received unexpected ball
2026-05-11 15:32:21,417 : INFO : EventManager : Event: ======'balldevice_captured_from_playfield'====== Args={'balls': 1}
2026-05-11 15:32:21,418 : INFO : EventManager : Event: ======'sw_playfield_active'====== Args={'balls': 1}
2026-05-11 15:32:21,418 : INFO : EventManager : Event: ======'playfield_ball_count_change'====== Args={'balls': 0, 'change': -1}
2026-05-11 15:32:21,419 : INFO : EventManager : Event: ======'balldevice_bd_mode_scoop_ball_enter'====== Args={'new_balls': 1, 'unclaimed_balls': 1, 'new_available_balls': 1, 'device': <ball_device.bd_mode_scoop>}
2026-05-11 15:32:21,419 : INFO : EventManager : Event: ======'ball_hold_battle_jester_scoop_hold_held_ball'====== Args={'balls_held': 1, 'total_balls_held': 1}
2026-05-11 15:32:21,419 : INFO : EventManager : Event: ======'ball_hold_battle_jester_scoop_hold_full'====== Args={'balls': 1}
2026-05-11 15:32:21,420 : INFO : EventManager : Event: ======'balldevice_balls_available'====== Args={}
2026-05-11 15:32:21,420 : INFO : EventManager : Event: ======'balldevice_bd_mode_scoop_ball_entered'====== Args={'new_balls': 1, 'device': <ball_device.bd_mode_scoop>}
2026-05-11 15:32:22,106 : INFO : EventManager : Event: ======'player_battle_jester_battle_jester_mode_scoop_debounce_tick'====== Args={'value': 1, 'prev_value': 0, 'change': 1, 'player_num': 1}
2026-05-11 15:32:22,106 : INFO : Timer.battle_jester_mode_scoop_debounce : Timer Complete
2026-05-11 15:32:22,106 : INFO : Timer.battle_jester_mode_scoop_debounce : Stopping Timer
2026-05-11 15:32:22,106 : INFO : EventManager : Event: ======'timer_battle_jester_mode_scoop_debounce_stopped'====== Args={'ticks': 1, 'ticks_remaining': 1}
2026-05-11 15:32:22,106 : INFO : EventManager : Event: ======'timer_battle_jester_mode_scoop_debounce_complete'====== Args={'ticks': 1, 'ticks_remaining': 1}
2026-05-11 15:32:22,107 : INFO : EventManager : Event: ======'battle_jester_step_6_shot_made'====== Args={'priority': 0}
2026-05-11 15:32:22,107 : INFO : EventManager : Event: ======'battle_jester_step_6_complete'====== Args={'priority': 0}
2026-05-11 15:32:22,107 : INFO : EventManager : Event: ======'battle_jester_step_6_video_delay_start'====== Args={'priority': 0}
2026-05-11 15:32:22,107 : INFO : EventManager : Event: ======'battle_jester_add_time_green'====== Args={'priority': 0}
2026-05-11 15:32:22,107 : INFO : EventManager : Event: ======'shaker_soft'====== Args={'priority': 0}
2026-05-11 15:32:22,107 : INFO : EventManager : Event: ======'player_battle_jester_step'====== Args={'value': 6, 'prev_value': 5, 'change': 1, 'player_num': 1, 'source': 'battle_jester'}
2026-05-11 15:32:22,107 : INFO : EventManager : Event: ======'player_missiles_perk_blocked'====== Args={'value': 0, 'prev_value': 1, 'change': -1, 'player_num': 1, 'source': 'battle_jester'}
2026-05-11 15:32:22,107 : INFO : EventManager : Event: ======'player_battle_jester_shots_remaining'====== Args={'value': 4, 'prev_value': 5, 'change': -1, 'player_num': 1, 'source': 'battle_jester'}
2026-05-11 15:32:22,107 : INFO : Timer.battle_jester_step_6_video_delay : Starting Timer.
2026-05-11 15:32:22,107 : INFO : EventManager : Event: ======'timer_battle_jester_step_6_video_delay_started'====== Args={'ticks': 0, 'ticks_remaining': 8}
2026-05-11 15:32:22,107 : INFO : EventManager : Event: ======'timer_battle_jester_step_6_video_delay_tick'====== Args={'ticks': 0, 'ticks_remaining': 8}
2026-05-11 15:32:22,108 : INFO : EventManager : Event: ======'battle_jester_timer_add_5s'====== Args={'priority': 0}
2026-05-11 15:32:22,108 : INFO : EventManager : Event: ======'battle_jester_timer_add'====== Args={'priority': 0}
2026-05-11 15:32:22,108 : INFO : EventManager : Event: ======'player_battle_jester_battle_jester_timer_tick'====== Args={'value': 91, 'prev_value': 86, 'change': 5, 'player_num': 1}
2026-05-11 15:32:22,108 : INFO : EventManager : Event: ======'timer_battle_jester_timer_time_added'====== Args={'ticks': 91, 'ticks_added': 86, 'ticks_remaining': 86}
2026-05-11 15:32:22,115 : INFO : EventManager : Event: ======'slide_battle_jester_step_5_instructions_removed'====== Args={'_from_bcp': True}
2026-05-11 15:32:22,124 : INFO : EventManager : Event: ======'slide_battle_jester_points_bank_created'====== Args={'_from_bcp': True}
2026-05-11 15:32:22,142 : INFO : EventManager : Event: ======'slide_battle_jester_step_6_video_created'====== Args={'_from_bcp': True}
2026-05-11 15:32:22,143 : INFO : EventManager : Event: ======'slide_battle_jester_timer_inactive'====== Args={'is_removing': False, '_from_bcp': True}
2026-05-11 15:32:22,143 : INFO : EventManager : Event: ======'slide_battle_jester_points_bank_active'====== Args={'original_context': 'battle_jester', 'original_calling_context': 'battle_jester_step_6_complete', 'priority': 600.0, 'cmd': 'slides_play', '_from_bcp': True}
2026-05-11 15:32:23,105 : INFO : EventManager : Event: ======'player_battle_jester_battle_jester_step_6_video_delay_tick'====== Args={'value': 1, 'prev_value': 0, 'change': 1, 'player_num': 1}
2026-05-11 15:32:23,105 : INFO : EventManager : Event: ======'timer_battle_jester_step_6_video_delay_tick'====== Args={'ticks': 1, 'ticks_remaining': 7}
2026-05-11 15:32:24,106 : INFO : EventManager : Event: ======'player_battle_jester_battle_jester_step_6_video_delay_tick'====== Args={'value': 2, 'prev_value': 1, 'change': 1, 'player_num': 1}
2026-05-11 15:32:24,106 : INFO : EventManager : Event: ======'timer_battle_jester_step_6_video_delay_tick'====== Args={'ticks': 2, 'ticks_remaining': 6}
2026-05-11 15:32:24,139 : INFO : EventManager : Event: ======'slide_battle_jester_points_bank_inactive'====== Args={'is_removing': True, '_from_bcp': True}
2026-05-11 15:32:24,140 : INFO : EventManager : Event: ======'slide_battle_jester_timer_active'====== Args={'_from_bcp': True}
2026-05-11 15:32:24,141 : INFO : EventManager : Event: ======'slide_battle_jester_points_bank_removed'====== Args={'_from_bcp': True}
2026-05-11 15:32:25,108 : INFO : EventManager : Event: ======'player_battle_jester_battle_jester_step_6_video_delay_tick'====== Args={'value': 3, 'prev_value': 2, 'change': 1, 'player_num': 1}
2026-05-11 15:32:25,108 : INFO : EventManager : Event: ======'timer_battle_jester_step_6_video_delay_tick'====== Args={'ticks': 3, 'ticks_remaining': 5}
2026-05-11 15:32:26,099 : INFO : EventManager : Event: ======'player_battle_jester_battle_jester_step_6_video_delay_tick'====== Args={'value': 4, 'prev_value': 3, 'change': 1, 'player_num': 1}
2026-05-11 15:32:26,099 : INFO : EventManager : Event: ======'timer_battle_jester_step_6_video_delay_tick'====== Args={'ticks': 4, 'ticks_remaining': 4}
2026-05-11 15:32:27,114 : INFO : EventManager : Event: ======'player_battle_jester_battle_jester_step_6_video_delay_tick'====== Args={'value': 5, 'prev_value': 4, 'change': 1, 'player_num': 1}
2026-05-11 15:32:27,114 : INFO : EventManager : Event: ======'timer_battle_jester_step_6_video_delay_tick'====== Args={'ticks': 5, 'ticks_remaining': 3}
2026-05-11 15:32:28,099 : INFO : EventManager : Event: ======'player_battle_jester_battle_jester_step_6_video_delay_tick'====== Args={'value': 6, 'prev_value': 5, 'change': 1, 'player_num': 1}
2026-05-11 15:32:28,099 : INFO : EventManager : Event: ======'timer_battle_jester_step_6_video_delay_tick'====== Args={'ticks': 6, 'ticks_remaining': 2}
2026-05-11 15:32:29,111 : INFO : EventManager : Event: ======'player_battle_jester_battle_jester_step_6_video_delay_tick'====== Args={'value': 7, 'prev_value': 6, 'change': 1, 'player_num': 1}
2026-05-11 15:32:29,111 : INFO : EventManager : Event: ======'timer_battle_jester_step_6_video_delay_tick'====== Args={'ticks': 7, 'ticks_remaining': 1}
2026-05-11 15:32:30,099 : INFO : EventManager : Event: ======'player_battle_jester_battle_jester_step_6_video_delay_tick'====== Args={'value': 8, 'prev_value': 7, 'change': 1, 'player_num': 1}
2026-05-11 15:32:30,099 : INFO : Timer.battle_jester_step_6_video_delay : Timer Complete
2026-05-11 15:32:30,099 : INFO : Timer.battle_jester_step_6_video_delay : Stopping Timer
2026-05-11 15:32:30,099 : INFO : EventManager : Event: ======'timer_battle_jester_step_6_video_delay_stopped'====== Args={'ticks': 8, 'ticks_remaining': 1}
2026-05-11 15:32:30,099 : INFO : EventManager : Event: ======'timer_battle_jester_step_6_video_delay_complete'====== Args={'ticks': 8, 'ticks_remaining': 1}
2026-05-11 15:32:30,100 : INFO : EventManager : Event: ======'battle_jester_step_6_ball_release'====== Args={'priority': 0}
2026-05-11 15:32:30,100 : INFO : EventManager : Event: ======'battle_jester_ball_released'====== Args={'priority': 0}
2026-05-11 15:32:30,100 : INFO : ball_device.bd_mode_scoop : Adding 1 ball(s) to the eject_queue with target <playfield.playfield>.
2026-05-11 15:32:30,100 : INFO : EventManager : Event: ======'balldevice_balls_available'====== Args={}
2026-05-11 15:32:30,100 : INFO : EventManager : Event: ======'ball_hold_battle_jester_scoop_hold_balls_released'====== Args={'balls_released': 1}
2026-05-11 15:32:30,100 : INFO : EventManager : Event: ======'player_battle_jester_battle_jester_barrier_delay_tick'====== Args={'value': 0, 'prev_value': 2, 'change': -2, 'player_num': 1}
2026-05-11 15:32:30,100 : INFO : Timer.battle_jester_barrier_delay : Starting Timer.
2026-05-11 15:32:30,100 : INFO : EventManager : Event: ======'timer_battle_jester_barrier_delay_started'====== Args={'ticks': 0, 'ticks_remaining': 2}
2026-05-11 15:32:30,100 : INFO : EventManager : Event: ======'timer_battle_jester_barrier_delay_tick'====== Args={'ticks': 0, 'ticks_remaining': 2}
2026-05-11 15:32:30,103 : INFO : ball_device.bd_mode_scoop : State: waiting_for_target_ready
2026-05-11 15:32:30,104 : INFO : EventManager : Event: ======'balldevice_bd_mode_scoop_ball_eject_attempt'====== Args={'balls': 1, 'target': <playfield.playfield>, 'source': <ball_device.bd_mode_scoop>, 'mechanical_eject': False, 'num_attempts': 0}
2026-05-11 15:32:30,104 : INFO : ball_device.bd_mode_scoop : State: ejecting
2026-05-11 15:32:30,105 : INFO : ball_device.bd_mode_scoop : Ejecting ball to <playfield.playfield>
2026-05-11 15:32:30,105 : INFO : EventManager : Event: ======'balldevice_bd_mode_scoop_ejecting_ball'====== Args={'balls': 1, 'target': <playfield.playfield>, 'source': <ball_device.bd_mode_scoop>, 'mechanical_eject': False, 'num_attempts': 0}
2026-05-11 15:32:30,106 : INFO : EventManager : Event: ======'ball_save_scoop_eject_save_timer_start'====== Args={}
2026-05-11 15:32:30,106 : INFO : EventManager : Event: ======'ball_save_scoop_eject_save_enabled'====== Args={}
2026-05-11 15:32:30,106 : INFO : EventManager : Event: ======'player_ball_save_scoop_save_countdown_tick'====== Args={'value': 5, 'prev_value': 0, 'change': 5, 'player_num': 1}
2026-05-11 15:32:30,107 : INFO : Timer.scoop_save_countdown : Starting Timer.
2026-05-11 15:32:30,107 : INFO : EventManager : Event: ======'timer_scoop_save_countdown_started'====== Args={'ticks': 5, 'ticks_remaining': 5}
2026-05-11 15:32:30,107 : INFO : EventManager : Event: ======'timer_scoop_save_countdown_tick'====== Args={'ticks': 5, 'ticks_remaining': 5}
2026-05-11 15:32:30,107 : INFO : EventManager : Event: ======'ball_save_flash_medium'====== Args={'priority': 0}
2026-05-11 15:32:30,107 : INFO : EventManager : Event: ======'player_ball_save_time_remaining'====== Args={'value': 5, 'prev_value': 1, 'change': 4, 'player_num': 1, 'source': 'ball_save'}
2026-05-11 15:32:30,107 : INFO : EventManager : Event: ======'player_ball_save_active'====== Args={'value': 1, 'prev_value': 0, 'change': 1, 'player_num': 1, 'source': 'ball_save'}
2026-05-11 15:32:30,109 : INFO : ball_device.bd_mode_scoop : Wait for ball to leave device
2026-05-11 15:32:30,109 : INFO : coil.c_mode_outkicker : Pulsing Driver for 35ms (0.75 pulse_power)
2026-05-11 15:32:30,146 : INFO : SwitchController : <<<<<<< 's_mode_start' inactive >>>>>>>
2026-05-11 15:32:30,146 : INFO : EventManager : Event: ======'s_mode_start_inactive'====== Args={}
2026-05-11 15:32:30,147 : INFO : EventManager : Event: ======'battle_jester_setup_step_7'====== Args={'priority': 0}
2026-05-11 15:32:30,147 : INFO : Timer.battle_jester_timer : Starting Timer.
2026-05-11 15:32:30,147 : INFO : EventManager : Event: ======'timer_battle_jester_timer_started'====== Args={'ticks': 91, 'ticks_remaining': 91}
2026-05-11 15:32:30,147 : INFO : EventManager : Event: ======'timer_battle_jester_timer_tick'====== Args={'ticks': 91, 'ticks_remaining': 91}
2026-05-11 15:32:30,147 : INFO : Timer.battle_jester_step_1_timer : Starting Timer.
2026-05-11 15:32:30,147 : INFO : EventManager : Event: ======'timer_battle_jester_step_1_timer_started'====== Args={'ticks': 2, 'ticks_remaining': 28}
2026-05-11 15:32:30,147 : INFO : EventManager : Event: ======'timer_battle_jester_step_1_timer_tick'====== Args={'ticks': 2, 'ticks_remaining': 28}
2026-05-11 15:32:30,149 : INFO : ball_device.bd_mode_scoop : State: ball_left
2026-05-11 15:32:30,149 : INFO : ball_device.bd_mode_scoop : Ball left
2026-05-11 15:32:30,149 : INFO : ball_device.bd_mode_scoop : Wait for confirm with timeout 3.0
2026-05-11 15:32:30,171 : INFO : EventManager : Event: ======'slide_battle_jester_step_7_instructions_created'====== Args={'_from_bcp': True}
2026-05-11 15:32:31,039 : INFO : SwitchController : <<<<<<< 's_slingshot_left' active >>>>>>>
2026-05-11 15:32:31,039 : INFO : EventManager : Event: ======'s_slingshot_left_active'====== Args={}
2026-05-11 15:32:31,040 : INFO : EventManager : Event: ======'sw_playfield_active'====== Args={}
2026-05-11 15:32:31,040 : INFO : EventManager : Event: ======'playfield_active'====== Args={'source': 'sling_left'}
2026-05-11 15:32:31,040 : INFO : EventManager : Event: ======'machine_var_audits_switches_s_slingshot_left'====== Args={'value': 6314, 'prev_value': 6313, 'change': 1}
2026-05-11 15:32:31,043 : INFO : EventManager : Event: ======'player_score'====== Args={'value': 16808625, 'prev_value': 16808125, 'change': 500, 'player_num': 1, 'source': 'base'}
2026-05-11 15:32:31,043 : INFO : EventManager : Event: ======'player_bonus_switches_count'====== Args={'value': 59, 'prev_value': 58, 'change': 1, 'player_num': 1, 'source': 'base'}
2026-05-11 15:32:31,043 : INFO : EventManager : Event: ======'playfield_active'====== Args={'source': None}
2026-05-11 15:32:31,049 : INFO : SwitchController : <<<<<<< 's_slingshot_left' inactive >>>>>>>
2026-05-11 15:32:31,050 : INFO : ball_device.bd_mode_scoop : Got eject confirm
2026-05-11 15:32:31,050 : INFO : ball_device.bd_mode_scoop : Eject successful
2026-05-11 15:32:31,050 : INFO : EventManager : Event: ======'balldevice_bd_mode_scoop_ball_eject_success'====== Args={'balls': 1, 'target': <playfield.playfield>}
2026-05-11 15:32:31,052 : INFO : EventManager : Event: ======'balldevice_playfield_ball_enter'====== Args={'new_balls': 1, 'unclaimed_balls': 1, 'device': <playfield.playfield>}
2026-05-11 15:32:31,052 : INFO : EventManager : Event: ======'playfield_ball_count_change'====== Args={'balls': 1, 'change': 1}
2026-05-11 15:32:31,052 : INFO : EventManager : Event: ======'balldevice_bd_mode_scoop_ball_count_changed'====== Args={'balls': 0}
2026-05-11 15:32:31,052 : INFO : ball_device.bd_mode_scoop : State: idle
2026-05-11 15:32:31,103 : INFO : EventManager : Event: ======'player_ball_save_scoop_save_countdown_tick'====== Args={'value': 4, 'prev_value': 5, 'change': -1, 'player_num': 1}
2026-05-11 15:32:31,103 : INFO : EventManager : Event: ======'timer_scoop_save_countdown_tick'====== Args={'ticks': 4, 'ticks_remaining': 4}
2026-05-11 15:32:31,103 : INFO : EventManager : Event: ======'player_battle_jester_battle_jester_barrier_delay_tick'====== Args={'value': 1, 'prev_value': 0, 'change': 1, 'player_num': 1}
2026-05-11 15:32:31,104 : INFO : EventManager : Event: ======'timer_battle_jester_barrier_delay_tick'====== Args={'ticks': 1, 'ticks_remaining': 1}
2026-05-11 15:32:31,104 : INFO : EventManager : Event: ======'ball_save_flash_medium'====== Args={'priority': 0}
2026-05-11 15:32:31,104 : INFO : EventManager : Event: ======'player_ball_save_time_remaining'====== Args={'value': 4, 'prev_value': 5, 'change': -1, 'player_num': 1, 'source': 'ball_save'}
2026-05-11 15:32:31,150 : INFO : EventManager : Event: ======'player_battle_jester_battle_jester_timer_tick'====== Args={'value': 90, 'prev_value': 91, 'change': -1, 'player_num': 1}
2026-05-11 15:32:31,150 : INFO : EventManager : Event: ======'timer_battle_jester_timer_tick'====== Args={'ticks': 90, 'ticks_remaining': 90}
2026-05-11 15:32:31,150 : INFO : EventManager : Event: ======'player_battle_jester_battle_jester_step_1_timer_tick'====== Args={'value': 3, 'prev_value': 2, 'change': 1, 'player_num': 1}
2026-05-11 15:32:31,150 : INFO : EventManager : Event: ======'timer_battle_jester_step_1_timer_tick'====== Args={'ticks': 3, 'ticks_remaining': 27}
2026-05-11 15:32:32,108 : INFO : EventManager : Event: ======'player_battle_jester_battle_jester_barrier_delay_tick'====== Args={'value': 2, 'prev_value': 1, 'change': 1, 'player_num': 1}
2026-05-11 15:32:32,109 : INFO : Timer.battle_jester_barrier_delay : Timer Complete
2026-05-11 15:32:32,109 : INFO : Timer.battle_jester_barrier_delay : Stopping Timer
2026-05-11 15:32:32,109 : INFO : EventManager : Event: ======'timer_battle_jester_barrier_delay_stopped'====== Args={'ticks': 2, 'ticks_remaining': 1}
2026-05-11 15:32:32,109 : INFO : EventManager : Event: ======'timer_battle_jester_barrier_delay_complete'====== Args={'ticks': 2, 'ticks_remaining': 1}
2026-05-11 15:32:32,109 : INFO : EventManager : Event: ======'player_ball_save_scoop_save_countdown_tick'====== Args={'value': 3, 'prev_value': 4, 'change': -1, 'player_num': 1}
2026-05-11 15:32:32,109 : INFO : EventManager : Event: ======'timer_scoop_save_countdown_tick'====== Args={'ticks': 3, 'ticks_remaining': 3}
2026-05-11 15:32:32,110 : INFO : EventManager : Event: ======'battle_jester_barrier_raise'====== Args={'priority': 0}
2026-05-11 15:32:32,110 : INFO : EventManager : Event: ======'barrier_raise'====== Args={'priority': 0}
2026-05-11 15:32:32,110 : INFO : coil.c_mode_barrier : Disabling Driver
2026-05-11 15:32:32,111 : INFO : Timer.global_scoop_eject_delay : Stopping Timer
2026-05-11 15:32:32,111 : INFO : EventManager : Event: ======'timer_global_scoop_eject_delay_stopped'====== Args={'ticks': 1, 'ticks_remaining': 1}
2026-05-11 15:32:32,111 : INFO : EventManager : Event: ======'ball_save_flash_fast'====== Args={'priority': 0}
2026-05-11 15:32:32,111 : INFO : EventManager : Event: ======'player_ball_save_time_remaining'====== Args={'value': 3, 'prev_value': 4, 'change': -1, 'player_num': 1, 'source': 'ball_save'}
2026-05-11 15:32:32,155 : INFO : EventManager : Event: ======'player_battle_jester_battle_jester_timer_tick'====== Args={'value': 89, 'prev_value': 90, 'change': -1, 'player_num': 1}
2026-05-11 15:32:32,155 : INFO : EventManager : Event: ======'timer_battle_jester_timer_tick'====== Args={'ticks': 89, 'ticks_remaining': 89}
2026-05-11 15:32:32,155 : INFO : EventManager : Event: ======'player_battle_jester_battle_jester_step_1_timer_tick'====== Args={'value': 4, 'prev_value': 3, 'change': 1, 'player_num': 1}
2026-05-11 15:32:32,156 : INFO : EventManager : Event: ======'timer_battle_jester_step_1_timer_tick'====== Args={'ticks': 4, 'ticks_remaining': 26}
2026-05-11 15:32:33,048 : INFO : SwitchController : <<<<<<< 's_flipper_left' active >>>>>>>
2026-05-11 15:32:33,048 : INFO : EventManager : Event: ======'s_flipper_left_active'====== Args={}
2026-05-11 15:32:33,048 : INFO : EventManager : Event: ======'machine_var_audits_switches_s_flipper_left'====== Args={'value': 56567, 'prev_value': 56566, 'change': 1}
2026-05-11 15:32:33,049 : INFO : SwitchController : <<<<<<< 's_flipper_left_upper' active >>>>>>>
2026-05-11 15:32:33,049 : INFO : EventManager : Event: ======'machine_var_audits_switches_s_flipper_left_upper'====== Args={'value': 55886, 'prev_value': 55885, 'change': 1}
2026-05-11 15:32:33,050 : INFO : EventManager : Event: ======'goose_rotate_left_execute'====== Args={'priority': 0}
2026-05-11 15:32:33,051 : INFO : EventManager : Event: ======'player_goose_temp_g'====== Args={'value': 1, 'prev_value': 0, 'change': 1, 'player_num': 1, 'source': 'goose_letters'}
2026-05-11 15:32:33,051 : INFO : EventManager : Event: ======'player_goose_temp_o_right'====== Args={'value': 1, 'prev_value': 0, 'change': 1, 'player_num': 1, 'source': 'goose_letters'}
2026-05-11 15:32:33,051 : INFO : EventManager : Event: ======'player_goose_temp_s'====== Args={'value': 1, 'prev_value': 0, 'change': 1, 'player_num': 1, 'source': 'goose_letters'}
2026-05-11 15:32:33,051 : INFO : EventManager : Event: ======'mig_rotate_left_execute'====== Args={'priority': 0}
2026-05-11 15:32:33,052 : INFO : EventManager : Event: ======'ball_search_reset'====== Args={'priority': 0}
2026-05-11 15:32:33,052 : INFO : EventManager : Event: ======'player_goose_letter_s'====== Args={'value': 0, 'prev_value': 1, 'change': -1, 'player_num': 1, 'source': 'goose_letters'}
2026-05-11 15:32:33,052 : INFO : EventManager : Event: ======'player_goose_letter_e'====== Args={'value': 1, 'prev_value': 0, 'change': 1, 'player_num': 1, 'source': 'goose_letters'}
2026-05-11 15:32:33,060 : INFO : SwitchController : <<<<<<< 's_flipper_left_eos' active >>>>>>>
2026-05-11 15:32:33,060 : INFO : EventManager : Event: ======'machine_var_audits_switches_s_flipper_left_eos'====== Args={'value': 51352, 'prev_value': 51351, 'change': 1}
2026-05-11 15:32:33,079 : INFO : SwitchController : <<<<<<< 's_flipper_left_upper_eos' active >>>>>>>
2026-05-11 15:32:33,079 : INFO : EventManager : Event: ======'s_flipper_left_upper_eos_active'====== Args={}
2026-05-11 15:32:33,079 : INFO : EventManager : Event: ======'machine_var_audits_switches_s_flipper_left_upper_eos'====== Args={'value': 63072, 'prev_value': 63071, 'change': 1}
2026-05-11 15:32:33,080 : INFO : EventManager : Event: ======'player_previous_switch_type'====== Args={'value': 2, 'prev_value': 0, 'change': 2, 'player_num': 1, 'source': 'pilot_mission_qualifier'}
2026-05-11 15:32:33,111 : INFO : EventManager : Event: ======'player_ball_save_scoop_save_countdown_tick'====== Args={'value': 2, 'prev_value': 3, 'change': -1, 'player_num': 1}
2026-05-11 15:32:33,111 : INFO : EventManager : Event: ======'timer_scoop_save_countdown_tick'====== Args={'ticks': 2, 'ticks_remaining': 2}
2026-05-11 15:32:33,112 : INFO : EventManager : Event: ======'ball_save_flash_off'====== Args={'priority': 0}
2026-05-11 15:32:33,112 : INFO : EventManager : Event: ======'player_ball_save_time_remaining'====== Args={'value': 2, 'prev_value': 3, 'change': -1, 'player_num': 1, 'source': 'ball_save'}
2026-05-11 15:32:33,143 : INFO : SwitchController : <<<<<<< 's_flipper_left_upper' inactive >>>>>>>
2026-05-11 15:32:33,144 : INFO : SwitchController : <<<<<<< 's_flipper_left' inactive >>>>>>>
2026-05-11 15:32:33,144 : INFO : EventManager : Event: ======'s_flipper_left_inactive'====== Args={}
2026-05-11 15:32:33,158 : INFO : EventManager : Event: ======'player_battle_jester_battle_jester_timer_tick'====== Args={'value': 88, 'prev_value': 89, 'change': -1, 'player_num': 1}
2026-05-11 15:32:33,158 : INFO : EventManager : Event: ======'timer_battle_jester_timer_tick'====== Args={'ticks': 88, 'ticks_remaining': 88}
2026-05-11 15:32:33,159 : INFO : EventManager : Event: ======'player_battle_jester_battle_jester_step_1_timer_tick'====== Args={'value': 5, 'prev_value': 4, 'change': 1, 'player_num': 1}
2026-05-11 15:32:33,159 : INFO : EventManager : Event: ======'timer_battle_jester_step_1_timer_tick'====== Args={'ticks': 5, 'ticks_remaining': 25}
2026-05-11 15:32:33,236 : INFO : SwitchController : <<<<<<< 's_flipper_left_eos' inactive >>>>>>>
2026-05-11 15:32:33,252 : INFO : SwitchController : <<<<<<< 's_flipper_left_upper_eos' inactive >>>>>>>
2026-05-11 15:32:33,910 : INFO : SwitchController : <<<<<<< 's_outer_inlane_right' active >>>>>>>
2026-05-11 15:32:33,911 : INFO : EventManager : Event: ======'s_outer_inlane_right_active'====== Args={}
2026-05-11 15:32:33,911 : INFO : EventManager : Event: ======'sw_playfield_active'====== Args={}
2026-05-11 15:32:33,911 : INFO : EventManager : Event: ======'sw_playfield_active'====== Args={}
2026-05-11 15:32:33,911 : INFO : EventManager : Event: ======'machine_var_audits_switches_s_outer_inlane_right'====== Args={'value': 4681, 'prev_value': 4680, 'change': 1}
2026-05-11 15:32:33,913 : INFO : EventManager : Event: ======'check_goose_complete'====== Args={'priority': 0}
2026-05-11 15:32:33,913 : INFO : EventManager : Event: ======'player_goose_letter_s'====== Args={'value': 1, 'prev_value': 0, 'change': 1, 'player_num': 1, 'source': 'goose_letters'}
2026-05-11 15:32:33,913 : INFO : EventManager : Event: ======'player_hd_sw_inlane_outer_r'====== Args={'value': 2, 'prev_value': 1, 'change': 1, 'player_num': 1, 'source': 'hard_deck_qualifiers'}
2026-05-11 15:32:33,914 : INFO : EventManager : Event: ======'player_score'====== Args={'value': 16810625, 'prev_value': 16808625, 'change': 2000, 'player_num': 1, 'source': 'base'}
2026-05-11 15:32:33,914 : INFO : EventManager : Event: ======'player_bonus_switches_count'====== Args={'value': 60, 'prev_value': 59, 'change': 1, 'player_num': 1, 'source': 'base'}
2026-05-11 15:32:33,914 : INFO : EventManager : Event: ======'goose_complete'====== Args={'priority': 100}
2026-05-11 15:32:33,914 : INFO : EventManager : Event: ======'player_goose_completing'====== Args={'value': 1, 'prev_value': 0, 'change': 1, 'player_num': 1, 'source': 'goose_letters'}
2026-05-11 15:32:33,914 : INFO : EventManager : Event: ======'player_goose_completions'====== Args={'value': 1, 'prev_value': 0, 'change': 1, 'player_num': 1, 'source': 'goose_letters'}
2026-05-11 15:32:33,915 : INFO : EventManager : Event: ======'player_ejection_shots_completed'====== Args={'value': 1, 'prev_value': 0, 'change': 1, 'player_num': 1, 'source': 'goose_letters'}
2026-05-11 15:32:33,915 : INFO : EventManager : Event: ======'player_score'====== Args={'value': 16858625, 'prev_value': 16810625, 'change': 48000, 'player_num': 1, 'source': 'goose_letters'}
2026-05-11 15:32:33,915 : INFO : Timer.goose_reset : Starting Timer.
2026-05-11 15:32:33,915 : INFO : EventManager : Event: ======'timer_goose_reset_started'====== Args={'ticks': 0, 'ticks_remaining': 1}
2026-05-11 15:32:33,915 : INFO : EventManager : Event: ======'timer_goose_reset_tick'====== Args={'ticks': 0, 'ticks_remaining': 1}
2026-05-11 15:32:33,916 : INFO : EventManager : Event: ======'player_hd_switches_completed'====== Args={'value': 9, 'prev_value': 8, 'change': 1, 'player_num': 1, 'source': 'hard_deck_qualifiers'}
2026-05-11 15:32:34,003 : INFO : SwitchController : <<<<<<< 's_outer_inlane_right' inactive >>>>>>>
2026-05-11 15:32:34,112 : INFO : EventManager : Event: ======'player_ball_save_scoop_save_countdown_tick'====== Args={'value': 1, 'prev_value': 2, 'change': -1, 'player_num': 1}
2026-05-11 15:32:34,113 : INFO : EventManager : Event: ======'timer_scoop_save_countdown_tick'====== Args={'ticks': 1, 'ticks_remaining': 1}
2026-05-11 15:32:34,114 : INFO : EventManager : Event: ======'ball_save_flash_off'====== Args={'priority': 0}
2026-05-11 15:32:34,114 : INFO : EventManager : Event: ======'player_ball_save_time_remaining'====== Args={'value': 1, 'prev_value': 2, 'change': -1, 'player_num': 1, 'source': 'ball_save'}
2026-05-11 15:32:34,159 : INFO : EventManager : Event: ======'player_battle_jester_battle_jester_timer_tick'====== Args={'value': 87, 'prev_value': 88, 'change': -1, 'player_num': 1}
2026-05-11 15:32:34,159 : INFO : EventManager : Event: ======'timer_battle_jester_timer_tick'====== Args={'ticks': 87, 'ticks_remaining': 87}
2026-05-11 15:32:34,160 : INFO : EventManager : Event: ======'player_battle_jester_battle_jester_step_1_timer_tick'====== Args={'value': 6, 'prev_value': 5, 'change': 1, 'player_num': 1}
2026-05-11 15:32:34,160 : INFO : EventManager : Event: ======'timer_battle_jester_step_1_timer_tick'====== Args={'ticks': 6, 'ticks_remaining': 24}
2026-05-11 15:32:34,407 : INFO : EventManager : Event: ======'player_goose_letters_goose_reset_tick'====== Args={'value': 1, 'prev_value': 0, 'change': 1, 'player_num': 1}
2026-05-11 15:32:34,408 : INFO : Timer.goose_reset : Timer Complete
2026-05-11 15:32:34,408 : INFO : Timer.goose_reset : Stopping Timer
2026-05-11 15:32:34,408 : INFO : EventManager : Event: ======'timer_goose_reset_stopped'====== Args={'ticks': 1, 'ticks_remaining': 1}
2026-05-11 15:32:34,408 : INFO : EventManager : Event: ======'timer_goose_reset_complete'====== Args={'ticks': 1, 'ticks_remaining': 1}
2026-05-11 15:32:34,408 : INFO : EventManager : Event: ======'goose_reset_letters'====== Args={'priority': 0}
2026-05-11 15:32:34,408 : INFO : EventManager : Event: ======'x2_update_display'====== Args={'priority': 0}
2026-05-11 15:32:34,408 : INFO : EventManager : Event: ======'x2_check_qualification'====== Args={'priority': 0}
2026-05-11 15:32:34,408 : INFO : EventManager : Event: ======'player_x2_goose_count'====== Args={'value': 1, 'prev_value': 0, 'change': 1, 'player_num': 1, 'source': '2x_playfield'}
2026-05-11 15:32:34,409 : INFO : EventManager : Event: ======'player_goose_letter_g'====== Args={'value': 0, 'prev_value': 1, 'change': -1, 'player_num': 1, 'source': 'goose_letters'}
2026-05-11 15:32:34,409 : INFO : EventManager : Event: ======'player_goose_letter_o_left'====== Args={'value': 0, 'prev_value': 1, 'change': -1, 'player_num': 1, 'source': 'goose_letters'}
2026-05-11 15:32:34,409 : INFO : EventManager : Event: ======'player_goose_letter_e'====== Args={'value': 0, 'prev_value': 1, 'change': -1, 'player_num': 1, 'source': 'goose_letters'}
2026-05-11 15:32:34,409 : INFO : EventManager : Event: ======'player_goose_letter_o_right'====== Args={'value': 0, 'prev_value': 1, 'change': -1, 'player_num': 1, 'source': 'goose_letters'}
2026-05-11 15:32:34,409 : INFO : EventManager : Event: ======'player_goose_letter_s'====== Args={'value': 0, 'prev_value': 1, 'change': -1, 'player_num': 1, 'source': 'goose_letters'}
2026-05-11 15:32:34,409 : INFO : EventManager : Event: ======'player_goose_completing'====== Args={'value': 0, 'prev_value': 1, 'change': -1, 'player_num': 1, 'source': 'goose_letters'}
2026-05-11 15:32:35,111 : INFO : EventManager : Event: ======'player_ball_save_scoop_save_countdown_tick'====== Args={'value': 0, 'prev_value': 1, 'change': -1, 'player_num': 1}
2026-05-11 15:32:35,112 : INFO : Timer.scoop_save_countdown : Timer Complete
2026-05-11 15:32:35,112 : INFO : Timer.scoop_save_countdown : Stopping Timer
2026-05-11 15:32:35,112 : INFO : EventManager : Event: ======'timer_scoop_save_countdown_stopped'====== Args={'ticks': 0, 'ticks_remaining': 1}
2026-05-11 15:32:35,112 : INFO : EventManager : Event: ======'timer_scoop_save_countdown_complete'====== Args={'ticks': 0, 'ticks_remaining': 1}
2026-05-11 15:32:35,112 : INFO : EventManager : Event: ======'ball_save_scoop_eject_save_hurry_up'====== Args={}
2026-05-11 15:32:35,112 : INFO : EventManager : Event: ======'ball_save_flash_stop'====== Args={'priority': 0}
2026-05-11 15:32:35,113 : INFO : EventManager : Event: ======'ball_save_scoop_eject_save_grace_period'====== Args={}
2026-05-11 15:32:35,157 : INFO : EventManager : Event: ======'player_battle_jester_battle_jester_timer_tick'====== Args={'value': 86, 'prev_value': 87, 'change': -1, 'player_num': 1}
2026-05-11 15:32:35,157 : INFO : EventManager : Event: ======'timer_battle_jester_timer_tick'====== Args={'ticks': 86, 'ticks_remaining': 86}
2026-05-11 15:32:35,158 : INFO : EventManager : Event: ======'player_battle_jester_battle_jester_step_1_timer_tick'====== Args={'value': 7, 'prev_value': 6, 'change': 1, 'player_num': 1}
2026-05-11 15:32:35,158 : INFO : EventManager : Event: ======'timer_battle_jester_step_1_timer_tick'====== Args={'ticks': 7, 'ticks_remaining': 23}
2026-05-11 15:32:35,610 : INFO : EventManager : Event: ======'ball_save_scoop_eject_save_disabled'====== Args={}
2026-05-11 15:32:35,610 : INFO : EventManager : Event: ======'player_ball_save_active'====== Args={'value': 0, 'prev_value': 1, 'change': -1, 'player_num': 1, 'source': 'ball_save'}
2026-05-11 15:32:35,611 : INFO : Timer.scoop_save_countdown : Stopping Timer
2026-05-11 15:32:35,611 : INFO : EventManager : Event: ======'timer_scoop_save_countdown_stopped'====== Args={'ticks': 0, 'ticks_remaining': 1}
2026-05-11 15:32:36,157 : INFO : EventManager : Event: ======'player_battle_jester_battle_jester_step_1_timer_tick'====== Args={'value': 8, 'prev_value': 7, 'change': 1, 'player_num': 1}
2026-05-11 15:32:36,157 : INFO : EventManager : Event: ======'timer_battle_jester_step_1_timer_tick'====== Args={'ticks': 8, 'ticks_remaining': 22}
2026-05-11 15:32:36,157 : INFO : EventManager : Event: ======'player_battle_jester_battle_jester_timer_tick'====== Args={'value': 85, 'prev_value': 86, 'change': -1, 'player_num': 1}
2026-05-11 15:32:36,158 : INFO : EventManager : Event: ======'timer_battle_jester_timer_tick'====== Args={'ticks': 85, 'ticks_remaining': 85}
2026-05-11 15:32:36,469 : INFO : SwitchController : <<<<<<< 's_ramp_left_exit' active >>>>>>>
2026-05-11 15:32:36,469 : INFO : EventManager : Event: ======'s_ramp_left_exit_active'====== Args={}
2026-05-11 15:32:36,469 : INFO : EventManager : Event: ======'sw_playfield_active'====== Args={}
2026-05-11 15:32:36,469 : INFO : EventManager : Event: ======'sw_playfield_active'====== Args={}
2026-05-11 15:32:36,469 : INFO : EventManager : Event: ======'machine_var_audits_switches_s_ramp_left_exit'====== Args={'value': 2965, 'prev_value': 2964, 'change': 1}
2026-05-11 15:32:36,471 : INFO : EventManager : Event: ======'player_battle_jester_points_bank'====== Args={'value': 6000000, 'prev_value': 5350000, 'change': 650000, 'player_num': 1, 'source': 'battle_jester'}
2026-05-11 15:32:36,471 : INFO : EventManager : Event: ======'player_battle_jester_ramps_hit'====== Args={'value': 1, 'prev_value': 0, 'change': 1, 'player_num': 1, 'source': 'battle_jester'}
2026-05-11 15:32:36,471 : INFO : EventManager : Event: ======'player_previous_switch_type'====== Args={'value': 0, 'prev_value': 2, 'change': -2, 'player_num': 1, 'source': 'pilot_mission_qualifier'}
2026-05-11 15:32:36,472 : INFO : EventManager : Event: ======'player_hd_sw_ramp_left'====== Args={'value': 2, 'prev_value': 1, 'change': 1, 'player_num': 1, 'source': 'hard_deck_qualifiers'}
2026-05-11 15:32:36,472 : INFO : EventManager : Event: ======'player_score'====== Args={'value': 16868625, 'prev_value': 16858625, 'change': 10000, 'player_num': 1, 'source': 'base'}
2026-05-11 15:32:36,472 : INFO : EventManager : Event: ======'player_bonus_switches_count'====== Args={'value': 61, 'prev_value': 60, 'change': 1, 'player_num': 1, 'source': 'base'}
2026-05-11 15:32:36,472 : INFO : EventManager : Event: ======'player_bonus_ramps_count'====== Args={'value': 5, 'prev_value': 4, 'change': 1, 'player_num': 1, 'source': 'base'}
2026-05-11 15:32:36,473 : INFO : EventManager : Event: ======'battle_jester_step_7_video'====== Args={'priority': 0}
2026-05-11 15:32:36,473 : INFO : EventManager : Event: ======'battle_jester_shots_remaining_decrement'====== Args={'priority': 0}
2026-05-11 15:32:36,473 : INFO : EventManager : Event: ======'battle_jester_add_time_green'====== Args={'priority': 0}
2026-05-11 15:32:36,473 : INFO : EventManager : Event: ======'battle_jester_shots_remaining_minus_one'====== Args={'priority': 0}
2026-05-11 15:32:36,474 : INFO : EventManager : Event: ======'player_battle_jester_shots_remaining'====== Args={'value': 3, 'prev_value': 4, 'change': -1, 'player_num': 1, 'source': 'battle_jester'}
2026-05-11 15:32:36,474 : INFO : EventManager : Event: ======'battle_jester_timer_add_5s'====== Args={'priority': 0}
2026-05-11 15:32:36,475 : INFO : EventManager : Event: ======'battle_jester_timer_add'====== Args={'priority': 0}
2026-05-11 15:32:36,475 : INFO : EventManager : Event: ======'player_battle_jester_battle_jester_timer_tick'====== Args={'value': 90, 'prev_value': 85, 'change': 5, 'player_num': 1}
2026-05-11 15:32:36,475 : INFO : EventManager : Event: ======'timer_battle_jester_timer_time_added'====== Args={'ticks': 90, 'ticks_added': 85, 'ticks_remaining': 85}
2026-05-11 15:32:36,475 : INFO : EventManager : Event: ======'player_hd_switches_completed'====== Args={'value': 10, 'prev_value': 9, 'change': 1, 'player_num': 1, 'source': 'hard_deck_qualifiers'}
2026-05-11 15:32:36,488 : INFO : EventManager : Event: ======'slide_battle_jester_step_6_video_removed'====== Args={'_from_bcp': True}
2026-05-11 15:32:36,496 : INFO : EventManager : Event: ======'slide_battle_jester_points_bank_created'====== Args={'_from_bcp': True}
2026-05-11 15:32:36,514 : INFO : EventManager : Event: ======'slide_battle_jester_step_7_created'====== Args={'_from_bcp': True}
2026-05-11 15:32:36,515 : INFO : EventManager : Event: ======'slide_battle_jester_timer_inactive'====== Args={'is_removing': False, '_from_bcp': True}
2026-05-11 15:32:36,515 : INFO : EventManager : Event: ======'slide_battle_jester_points_bank_active'====== Args={'original_context': 'battle_jester', 'original_calling_context': 'battle_jester_step_7_video', 'priority': 600.0, 'cmd': 'slides_play', '_from_bcp': True}
2026-05-11 15:32:36,532 : INFO : SwitchController : <<<<<<< 's_ramp_left_exit' inactive >>>>>>>
2026-05-11 15:32:37,155 : INFO : EventManager : Event: ======'player_battle_jester_battle_jester_timer_tick'====== Args={'value': 89, 'prev_value': 90, 'change': -1, 'player_num': 1}
2026-05-11 15:32:37,155 : INFO : EventManager : Event: ======'timer_battle_jester_timer_tick'====== Args={'ticks': 89, 'ticks_remaining': 89}
2026-05-11 15:32:37,155 : INFO : EventManager : Event: ======'player_battle_jester_battle_jester_step_1_timer_tick'====== Args={'value': 9, 'prev_value': 8, 'change': 1, 'player_num': 1}
2026-05-11 15:32:37,155 : INFO : EventManager : Event: ======'timer_battle_jester_step_1_timer_tick'====== Args={'ticks': 9, 'ticks_remaining': 21}
2026-05-11 15:32:37,963 : INFO : SwitchController : <<<<<<< 's_inlane_left' active >>>>>>>
2026-05-11 15:32:37,963 : INFO : EventManager : Event: ======'s_inlane_left_active'====== Args={}
2026-05-11 15:32:37,963 : INFO : EventManager : Event: ======'sw_playfield_active'====== Args={}
2026-05-11 15:32:37,963 : INFO : EventManager : Event: ======'sw_playfield_active'====== Args={}
2026-05-11 15:32:37,963 : INFO : EventManager : Event: ======'machine_var_audits_switches_s_inlane_left'====== Args={'value': 4886, 'prev_value': 4885, 'change': 1}
2026-05-11 15:32:37,965 : INFO : EventManager : Event: ======'check_goose_complete'====== Args={'priority': 0}
2026-05-11 15:32:37,966 : INFO : EventManager : Event: ======'player_goose_letter_o_left'====== Args={'value': 1, 'prev_value': 0, 'change': 1, 'player_num': 1, 'source': 'goose_letters'}
2026-05-11 15:32:37,966 : INFO : EventManager : Event: ======'player_goose_last_letter_collected'====== Args={'value': 2, 'prev_value': 5, 'change': -3, 'player_num': 1, 'source': 'goose_letters'}
2026-05-11 15:32:37,966 : INFO : EventManager : Event: ======'player_hd_sw_inlane_left'====== Args={'value': 2, 'prev_value': 1, 'change': 1, 'player_num': 1, 'source': 'hard_deck_qualifiers'}
2026-05-11 15:32:37,966 : INFO : EventManager : Event: ======'player_score'====== Args={'value': 16870625, 'prev_value': 16868625, 'change': 2000, 'player_num': 1, 'source': 'base'}
2026-05-11 15:32:37,966 : INFO : EventManager : Event: ======'player_bonus_switches_count'====== Args={'value': 62, 'prev_value': 61, 'change': 1, 'player_num': 1, 'source': 'base'}
2026-05-11 15:32:37,967 : INFO : EventManager : Event: ======'player_hd_switches_completed'====== Args={'value': 11, 'prev_value': 10, 'change': 1, 'player_num': 1, 'source': 'hard_deck_qualifiers'}
2026-05-11 15:32:37,974 : INFO : SwitchController : <<<<<<< 's_inlane_left' inactive >>>>>>>
2026-05-11 15:32:38,149 : INFO : EventManager : Event: ======'player_battle_jester_battle_jester_step_1_timer_tick'====== Args={'value': 10, 'prev_value': 9, 'change': 1, 'player_num': 1}
2026-05-11 15:32:38,150 : INFO : EventManager : Event: ======'timer_battle_jester_step_1_timer_tick'====== Args={'ticks': 10, 'ticks_remaining': 20}
2026-05-11 15:32:38,150 : INFO : EventManager : Event: ======'player_battle_jester_battle_jester_timer_tick'====== Args={'value': 88, 'prev_value': 89, 'change': -1, 'player_num': 1}
2026-05-11 15:32:38,150 : INFO : EventManager : Event: ======'timer_battle_jester_timer_tick'====== Args={'ticks': 88, 'ticks_remaining': 88}
2026-05-11 15:32:38,508 : INFO : EventManager : Event: ======'slide_battle_jester_points_bank_inactive'====== Args={'is_removing': True, '_from_bcp': True}
2026-05-11 15:32:38,508 : INFO : EventManager : Event: ======'slide_battle_jester_timer_active'====== Args={'_from_bcp': True}
2026-05-11 15:32:38,509 : INFO : EventManager : Event: ======'slide_battle_jester_points_bank_removed'====== Args={'_from_bcp': True}
2026-05-11 15:32:39,146 : INFO : EventManager : Event: ======'player_battle_jester_battle_jester_timer_tick'====== Args={'value': 87, 'prev_value': 88, 'change': -1, 'player_num': 1}
2026-05-11 15:32:39,147 : INFO : EventManager : Event: ======'timer_battle_jester_timer_tick'====== Args={'ticks': 87, 'ticks_remaining': 87}
2026-05-11 15:32:39,147 : INFO : EventManager : Event: ======'player_battle_jester_battle_jester_step_1_timer_tick'====== Args={'value': 11, 'prev_value': 10, 'change': 1, 'player_num': 1}
2026-05-11 15:32:39,147 : INFO : EventManager : Event: ======'timer_battle_jester_step_1_timer_tick'====== Args={'ticks': 11, 'ticks_remaining': 19}
2026-05-11 15:32:40,156 : INFO : EventManager : Event: ======'player_battle_jester_battle_jester_step_1_timer_tick'====== Args={'value': 12, 'prev_value': 11, 'change': 1, 'player_num': 1}
2026-05-11 15:32:40,156 : INFO : EventManager : Event: ======'timer_battle_jester_step_1_timer_tick'====== Args={'ticks': 12, 'ticks_remaining': 18}
2026-05-11 15:32:40,156 : INFO : EventManager : Event: ======'player_battle_jester_battle_jester_timer_tick'====== Args={'value': 86, 'prev_value': 87, 'change': -1, 'player_num': 1}
2026-05-11 15:32:40,156 : INFO : EventManager : Event: ======'timer_battle_jester_timer_tick'====== Args={'ticks': 86, 'ticks_remaining': 86}
2026-05-11 15:32:40,997 : INFO : SwitchController : <<<<<<< 's_ramp_right_exit' active >>>>>>>
2026-05-11 15:32:40,997 : INFO : EventManager : Event: ======'s_ramp_right_exit_active'====== Args={}
2026-05-11 15:32:40,997 : INFO : EventManager : Event: ======'sw_playfield_active'====== Args={}
2026-05-11 15:32:40,997 : INFO : EventManager : Event: ======'sw_playfield_active'====== Args={}
2026-05-11 15:32:40,997 : INFO : EventManager : Event: ======'machine_var_audits_switches_s_ramp_right_exit'====== Args={'value': 1156, 'prev_value': 1155, 'change': 1}
2026-05-11 15:32:40,999 : INFO : EventManager : Event: ======'player_battle_jester_points_bank'====== Args={'value': 6800000, 'prev_value': 6000000, 'change': 800000, 'player_num': 1, 'source': 'battle_jester'}
2026-05-11 15:32:40,999 : INFO : EventManager : Event: ======'player_battle_jester_ramps_hit'====== Args={'value': 2, 'prev_value': 1, 'change': 1, 'player_num': 1, 'source': 'battle_jester'}
2026-05-11 15:32:40,999 : INFO : EventManager : Event: ======'player_hd_sw_ramp_right'====== Args={'value': 2, 'prev_value': 1, 'change': 1, 'player_num': 1, 'source': 'hard_deck_qualifiers'}
2026-05-11 15:32:40,999 : INFO : EventManager : Event: ======'player_score'====== Args={'value': 16880625, 'prev_value': 16870625, 'change': 10000, 'player_num': 1, 'source': 'base'}
2026-05-11 15:32:40,999 : INFO : EventManager : Event: ======'player_bonus_switches_count'====== Args={'value': 63, 'prev_value': 62, 'change': 1, 'player_num': 1, 'source': 'base'}
2026-05-11 15:32:40,999 : INFO : EventManager : Event: ======'player_bonus_ramps_count'====== Args={'value': 6, 'prev_value': 5, 'change': 1, 'player_num': 1, 'source': 'base'}
2026-05-11 15:32:41,000 : INFO : EventManager : Event: ======'battle_jester_step_8_video'====== Args={'priority': 0}
2026-05-11 15:32:41,000 : INFO : EventManager : Event: ======'battle_jester_shots_remaining_decrement'====== Args={'priority': 0}
2026-05-11 15:32:41,000 : INFO : EventManager : Event: ======'battle_jester_add_time_green'====== Args={'priority': 0}
2026-05-11 15:32:41,000 : INFO : EventManager : Event: ======'battle_jester_shots_remaining_minus_one'====== Args={'priority': 0}
2026-05-11 15:32:41,000 : INFO : EventManager : Event: ======'player_battle_jester_shots_remaining'====== Args={'value': 2, 'prev_value': 3, 'change': -1, 'player_num': 1, 'source': 'battle_jester'}
2026-05-11 15:32:41,000 : INFO : EventManager : Event: ======'battle_jester_timer_add_5s'====== Args={'priority': 0}
2026-05-11 15:32:41,001 : INFO : EventManager : Event: ======'battle_jester_timer_add'====== Args={'priority': 0}
2026-05-11 15:32:41,001 : INFO : EventManager : Event: ======'player_battle_jester_battle_jester_timer_tick'====== Args={'value': 91, 'prev_value': 86, 'change': 5, 'player_num': 1}
2026-05-11 15:32:41,001 : INFO : EventManager : Event: ======'timer_battle_jester_timer_time_added'====== Args={'ticks': 91, 'ticks_added': 86, 'ticks_remaining': 86}
2026-05-11 15:32:41,001 : INFO : EventManager : Event: ======'player_hd_switches_completed'====== Args={'value': 12, 'prev_value': 11, 'change': 1, 'player_num': 1, 'source': 'hard_deck_qualifiers'}
2026-05-11 15:32:41,011 : INFO : EventManager : Event: ======'slide_battle_jester_step_7_removed'====== Args={'_from_bcp': True}
2026-05-11 15:32:41,019 : INFO : EventManager : Event: ======'slide_battle_jester_points_bank_created'====== Args={'_from_bcp': True}
2026-05-11 15:32:41,028 : INFO : SwitchController : <<<<<<< 's_ramp_right_exit' inactive >>>>>>>
2026-05-11 15:32:41,035 : INFO : EventManager : Event: ======'slide_battle_jester_step_8_created'====== Args={'_from_bcp': True}
2026-05-11 15:32:41,035 : INFO : EventManager : Event: ======'slide_battle_jester_timer_inactive'====== Args={'is_removing': False, '_from_bcp': True}
2026-05-11 15:32:41,036 : INFO : EventManager : Event: ======'slide_battle_jester_points_bank_active'====== Args={'original_context': 'battle_jester', 'original_calling_context': 'battle_jester_step_8_video', 'priority': 600.0, 'cmd': 'slides_play', '_from_bcp': True}
2026-05-11 15:32:41,154 : INFO : EventManager : Event: ======'player_battle_jester_battle_jester_timer_tick'====== Args={'value': 90, 'prev_value': 91, 'change': -1, 'player_num': 1}
2026-05-11 15:32:41,154 : INFO : EventManager : Event: ======'timer_battle_jester_timer_tick'====== Args={'ticks': 90, 'ticks_remaining': 90}
2026-05-11 15:32:41,154 : INFO : EventManager : Event: ======'player_battle_jester_battle_jester_step_1_timer_tick'====== Args={'value': 13, 'prev_value': 12, 'change': 1, 'player_num': 1}
2026-05-11 15:32:41,155 : INFO : EventManager : Event: ======'timer_battle_jester_step_1_timer_tick'====== Args={'ticks': 13, 'ticks_remaining': 17}
2026-05-11 15:32:42,129 : INFO : SwitchController : <<<<<<< 's_outer_inlane_right' active >>>>>>>
2026-05-11 15:32:42,129 : INFO : EventManager : Event: ======'s_outer_inlane_right_active'====== Args={}
2026-05-11 15:32:42,129 : INFO : EventManager : Event: ======'sw_playfield_active'====== Args={}
2026-05-11 15:32:42,129 : INFO : EventManager : Event: ======'sw_playfield_active'====== Args={}
2026-05-11 15:32:42,129 : INFO : EventManager : Event: ======'machine_var_audits_switches_s_outer_inlane_right'====== Args={'value': 4682, 'prev_value': 4681, 'change': 1}
2026-05-11 15:32:42,131 : INFO : EventManager : Event: ======'check_goose_complete'====== Args={'priority': 0}
2026-05-11 15:32:42,131 : INFO : EventManager : Event: ======'player_goose_letter_s'====== Args={'value': 1, 'prev_value': 0, 'change': 1, 'player_num': 1, 'source': 'goose_letters'}
2026-05-11 15:32:42,132 : INFO : EventManager : Event: ======'player_goose_last_letter_collected'====== Args={'value': 5, 'prev_value': 2, 'change': 3, 'player_num': 1, 'source': 'goose_letters'}
2026-05-11 15:32:42,132 : INFO : EventManager : Event: ======'player_score'====== Args={'value': 16882625, 'prev_value': 16880625, 'change': 2000, 'player_num': 1, 'source': 'base'}
2026-05-11 15:32:42,132 : INFO : EventManager : Event: ======'player_bonus_switches_count'====== Args={'value': 64, 'prev_value': 63, 'change': 1, 'player_num': 1, 'source': 'base'}
2026-05-11 15:32:42,144 : INFO : SwitchController : <<<<<<< 's_outer_inlane_right' inactive >>>>>>>
2026-05-11 15:32:42,160 : INFO : EventManager : Event: ======'player_battle_jester_battle_jester_timer_tick'====== Args={'value': 89, 'prev_value': 90, 'change': -1, 'player_num': 1}
2026-05-11 15:32:42,160 : INFO : EventManager : Event: ======'timer_battle_jester_timer_tick'====== Args={'ticks': 89, 'ticks_remaining': 89}
2026-05-11 15:32:42,160 : INFO : EventManager : Event: ======'player_battle_jester_battle_jester_step_1_timer_tick'====== Args={'value': 14, 'prev_value': 13, 'change': 1, 'player_num': 1}
2026-05-11 15:32:42,160 : INFO : EventManager : Event: ======'timer_battle_jester_step_1_timer_tick'====== Args={'ticks': 14, 'ticks_remaining': 16}
2026-05-11 15:32:43,023 : INFO : EventManager : Event: ======'slide_battle_jester_points_bank_inactive'====== Args={'is_removing': True, '_from_bcp': True}
2026-05-11 15:32:43,024 : INFO : EventManager : Event: ======'slide_battle_jester_timer_active'====== Args={'_from_bcp': True}
2026-05-11 15:32:43,024 : INFO : EventManager : Event: ======'slide_battle_jester_points_bank_removed'====== Args={'_from_bcp': True}
2026-05-11 15:32:43,158 : INFO : EventManager : Event: ======'player_battle_jester_battle_jester_step_1_timer_tick'====== Args={'value': 15, 'prev_value': 14, 'change': 1, 'player_num': 1}
2026-05-11 15:32:43,158 : INFO : EventManager : Event: ======'timer_battle_jester_step_1_timer_tick'====== Args={'ticks': 15, 'ticks_remaining': 15}
2026-05-11 15:32:43,158 : INFO : EventManager : Event: ======'player_battle_jester_battle_jester_timer_tick'====== Args={'value': 88, 'prev_value': 89, 'change': -1, 'player_num': 1}
2026-05-11 15:32:43,158 : INFO : EventManager : Event: ======'timer_battle_jester_timer_tick'====== Args={'ticks': 88, 'ticks_remaining': 88}
2026-05-11 15:32:44,157 : INFO : EventManager : Event: ======'player_battle_jester_battle_jester_timer_tick'====== Args={'value': 87, 'prev_value': 88, 'change': -1, 'player_num': 1}
2026-05-11 15:32:44,157 : INFO : EventManager : Event: ======'timer_battle_jester_timer_tick'====== Args={'ticks': 87, 'ticks_remaining': 87}
2026-05-11 15:32:44,157 : INFO : EventManager : Event: ======'player_battle_jester_battle_jester_step_1_timer_tick'====== Args={'value': 16, 'prev_value': 15, 'change': 1, 'player_num': 1}
2026-05-11 15:32:44,157 : INFO : EventManager : Event: ======'timer_battle_jester_step_1_timer_tick'====== Args={'ticks': 16, 'ticks_remaining': 14}
2026-05-11 15:32:44,298 : INFO : SwitchController : <<<<<<< 's_ramp_left_exit' active >>>>>>>
2026-05-11 15:32:44,298 : INFO : EventManager : Event: ======'s_ramp_left_exit_active'====== Args={}
2026-05-11 15:32:44,298 : INFO : EventManager : Event: ======'sw_playfield_active'====== Args={}
2026-05-11 15:32:44,298 : INFO : EventManager : Event: ======'sw_playfield_active'====== Args={}
2026-05-11 15:32:44,298 : INFO : EventManager : Event: ======'machine_var_audits_switches_s_ramp_left_exit'====== Args={'value': 2966, 'prev_value': 2965, 'change': 1}
2026-05-11 15:32:44,300 : INFO : EventManager : Event: ======'player_battle_jester_points_bank'====== Args={'value': 7450000, 'prev_value': 6800000, 'change': 650000, 'player_num': 1, 'source': 'battle_jester'}
2026-05-11 15:32:44,300 : INFO : EventManager : Event: ======'player_battle_jester_ramps_hit'====== Args={'value': 3, 'prev_value': 2, 'change': 1, 'player_num': 1, 'source': 'battle_jester'}
2026-05-11 15:32:44,300 : INFO : EventManager : Event: ======'player_score'====== Args={'value': 16892625, 'prev_value': 16882625, 'change': 10000, 'player_num': 1, 'source': 'base'}
2026-05-11 15:32:44,300 : INFO : EventManager : Event: ======'player_bonus_switches_count'====== Args={'value': 65, 'prev_value': 64, 'change': 1, 'player_num': 1, 'source': 'base'}
2026-05-11 15:32:44,301 : INFO : EventManager : Event: ======'player_bonus_ramps_count'====== Args={'value': 7, 'prev_value': 6, 'change': 1, 'player_num': 1, 'source': 'base'}
2026-05-11 15:32:44,301 : INFO : EventManager : Event: ======'battle_jester_step_9_video'====== Args={'priority': 0}
2026-05-11 15:32:44,301 : INFO : EventManager : Event: ======'battle_jester_shots_remaining_decrement'====== Args={'priority': 0}
2026-05-11 15:32:44,301 : INFO : EventManager : Event: ======'battle_jester_add_time_green'====== Args={'priority': 0}
2026-05-11 15:32:44,301 : INFO : EventManager : Event: ======'battle_jester_shots_remaining_minus_one'====== Args={'priority': 0}
2026-05-11 15:32:44,301 : INFO : EventManager : Event: ======'player_battle_jester_shots_remaining'====== Args={'value': 1, 'prev_value': 2, 'change': -1, 'player_num': 1, 'source': 'battle_jester'}
2026-05-11 15:32:44,301 : INFO : EventManager : Event: ======'battle_jester_timer_add_5s'====== Args={'priority': 0}
2026-05-11 15:32:44,301 : INFO : EventManager : Event: ======'battle_jester_timer_add'====== Args={'priority': 0}
2026-05-11 15:32:44,301 : INFO : EventManager : Event: ======'player_battle_jester_battle_jester_timer_tick'====== Args={'value': 92, 'prev_value': 87, 'change': 5, 'player_num': 1}
2026-05-11 15:32:44,303 : INFO : EventManager : Event: ======'timer_battle_jester_timer_time_added'====== Args={'ticks': 92, 'ticks_added': 87, 'ticks_remaining': 87}
2026-05-11 15:32:44,312 : INFO : EventManager : Event: ======'slide_battle_jester_step_8_removed'====== Args={'_from_bcp': True}
2026-05-11 15:32:44,316 : INFO : EventManager : Event: ======'slide_battle_jester_points_bank_created'====== Args={'_from_bcp': True}
2026-05-11 15:32:44,337 : INFO : EventManager : Event: ======'slide_battle_jester_step_9_created'====== Args={'_from_bcp': True}
2026-05-11 15:32:44,337 : INFO : EventManager : Event: ======'slide_battle_jester_timer_inactive'====== Args={'is_removing': False, '_from_bcp': True}
2026-05-11 15:32:44,337 : INFO : SwitchController : <<<<<<< 's_ramp_left_exit' inactive >>>>>>>
2026-05-11 15:32:44,338 : INFO : EventManager : Event: ======'slide_battle_jester_points_bank_active'====== Args={'original_context': 'battle_jester', 'original_calling_context': 'battle_jester_step_9_video', 'priority': 600.0, 'cmd': 'slides_play', '_from_bcp': True}
2026-05-11 15:32:45,160 : INFO : EventManager : Event: ======'player_battle_jester_battle_jester_step_1_timer_tick'====== Args={'value': 17, 'prev_value': 16, 'change': 1, 'player_num': 1}
2026-05-11 15:32:45,160 : INFO : EventManager : Event: ======'timer_battle_jester_step_1_timer_tick'====== Args={'ticks': 17, 'ticks_remaining': 13}
2026-05-11 15:32:45,160 : INFO : EventManager : Event: ======'player_battle_jester_battle_jester_timer_tick'====== Args={'value': 91, 'prev_value': 92, 'change': -1, 'player_num': 1}
2026-05-11 15:32:45,161 : INFO : EventManager : Event: ======'timer_battle_jester_timer_tick'====== Args={'ticks': 91, 'ticks_remaining': 91}
2026-05-11 15:32:45,885 : INFO : SwitchController : <<<<<<< 's_inlane_left' active >>>>>>>
2026-05-11 15:32:45,885 : INFO : EventManager : Event: ======'s_inlane_left_active'====== Args={}
2026-05-11 15:32:45,885 : INFO : EventManager : Event: ======'sw_playfield_active'====== Args={}
2026-05-11 15:32:45,885 : INFO : EventManager : Event: ======'sw_playfield_active'====== Args={}
2026-05-11 15:32:45,885 : INFO : EventManager : Event: ======'machine_var_audits_switches_s_inlane_left'====== Args={'value': 4887, 'prev_value': 4886, 'change': 1}
2026-05-11 15:32:45,887 : INFO : EventManager : Event: ======'player_score'====== Args={'value': 16894625, 'prev_value': 16892625, 'change': 2000, 'player_num': 1, 'source': 'base'}
2026-05-11 15:32:45,887 : INFO : EventManager : Event: ======'player_bonus_switches_count'====== Args={'value': 66, 'prev_value': 65, 'change': 1, 'player_num': 1, 'source': 'base'}
2026-05-11 15:32:45,900 : INFO : SwitchController : <<<<<<< 's_inlane_left' inactive >>>>>>>
2026-05-11 15:32:46,151 : INFO : EventManager : Event: ======'player_battle_jester_battle_jester_timer_tick'====== Args={'value': 90, 'prev_value': 91, 'change': -1, 'player_num': 1}
2026-05-11 15:32:46,151 : INFO : EventManager : Event: ======'timer_battle_jester_timer_tick'====== Args={'ticks': 90, 'ticks_remaining': 90}
2026-05-11 15:32:46,152 : INFO : EventManager : Event: ======'player_battle_jester_battle_jester_step_1_timer_tick'====== Args={'value': 18, 'prev_value': 17, 'change': 1, 'player_num': 1}
2026-05-11 15:32:46,152 : INFO : EventManager : Event: ======'timer_battle_jester_step_1_timer_tick'====== Args={'ticks': 18, 'ticks_remaining': 12}
2026-05-11 15:32:46,331 : INFO : EventManager : Event: ======'slide_battle_jester_points_bank_inactive'====== Args={'is_removing': True, '_from_bcp': True}
2026-05-11 15:32:46,331 : INFO : EventManager : Event: ======'slide_battle_jester_timer_active'====== Args={'_from_bcp': True}
2026-05-11 15:32:46,333 : INFO : EventManager : Event: ======'slide_battle_jester_points_bank_removed'====== Args={'_from_bcp': True}
2026-05-11 15:32:47,155 : INFO : EventManager : Event: ======'player_battle_jester_battle_jester_step_1_timer_tick'====== Args={'value': 19, 'prev_value': 18, 'change': 1, 'player_num': 1}
2026-05-11 15:32:47,156 : INFO : EventManager : Event: ======'timer_battle_jester_step_1_timer_tick'====== Args={'ticks': 19, 'ticks_remaining': 11}
2026-05-11 15:32:47,156 : INFO : EventManager : Event: ======'player_battle_jester_battle_jester_timer_tick'====== Args={'value': 89, 'prev_value': 90, 'change': -1, 'player_num': 1}
2026-05-11 15:32:47,156 : INFO : EventManager : Event: ======'timer_battle_jester_timer_tick'====== Args={'ticks': 89, 'ticks_remaining': 89}
2026-05-11 15:32:47,954 : INFO : SwitchController : <<<<<<< 's_ramp_tower_exit' active >>>>>>>
2026-05-11 15:32:47,954 : INFO : EventManager : Event: ======'s_ramp_tower_exit_active'====== Args={}
2026-05-11 15:32:47,954 : INFO : EventManager : Event: ======'sw_playfield_active'====== Args={}
2026-05-11 15:32:47,954 : INFO : EventManager : Event: ======'sw_playfield_active'====== Args={}
2026-05-11 15:32:47,954 : INFO : EventManager : Event: ======'machine_var_audits_switches_s_ramp_tower_exit'====== Args={'value': 2986, 'prev_value': 2985, 'change': 1}
2026-05-11 15:32:47,956 : INFO : EventManager : Event: ======'player_battle_jester_points_bank'====== Args={'value': 8100000, 'prev_value': 7450000, 'change': 650000, 'player_num': 1, 'source': 'battle_jester'}
2026-05-11 15:32:47,957 : INFO : EventManager : Event: ======'player_battle_jester_ramps_hit'====== Args={'value': 4, 'prev_value': 3, 'change': 1, 'player_num': 1, 'source': 'battle_jester'}
2026-05-11 15:32:47,957 : INFO : EventManager : Event: ======'player_score'====== Args={'value': 16909625, 'prev_value': 16894625, 'change': 15000, 'player_num': 1, 'source': 'base'}
2026-05-11 15:32:47,957 : INFO : EventManager : Event: ======'player_bonus_switches_count'====== Args={'value': 67, 'prev_value': 66, 'change': 1, 'player_num': 1, 'source': 'base'}
2026-05-11 15:32:47,958 : INFO : EventManager : Event: ======'player_bonus_ramps_count'====== Args={'value': 8, 'prev_value': 7, 'change': 1, 'player_num': 1, 'source': 'base'}
2026-05-11 15:32:47,958 : INFO : EventManager : Event: ======'battle_jester_step_10_video'====== Args={'priority': 0}
2026-05-11 15:32:47,958 : INFO : EventManager : Event: ======'battle_jester_ramps_complete'====== Args={'priority': 0}
2026-05-11 15:32:47,958 : INFO : EventManager : Event: ======'battle_jester_setup_step_11'====== Args={'priority': 0}
2026-05-11 15:32:47,958 : INFO : EventManager : Event: ======'battle_jester_shots_remaining_decrement'====== Args={'priority': 0}
2026-05-11 15:32:47,958 : INFO : EventManager : Event: ======'battle_jester_add_time_green'====== Args={'priority': 0}
2026-05-11 15:32:47,958 : INFO : EventManager : Event: ======'player_battle_jester_step'====== Args={'value': 10, 'prev_value': 6, 'change': 4, 'player_num': 1, 'source': 'battle_jester'}
2026-05-11 15:32:47,959 : INFO : EventManager : Event: ======'right_ramp_up'====== Args={'priority': 0}
2026-05-11 15:32:47,959 : INFO : coil.c_right_orbit_diverter : Enabling Driver with power 0.375 (pulse_ms 50ms and pulse_power 1.0)
2026-05-11 15:32:47,960 : INFO : EventManager : Event: ======'player_right_orbit_diverter_requested'====== Args={'value': 1, 'prev_value': 0, 'change': 1, 'player_num': 1, 'source': 'base'}
2026-05-11 15:32:47,960 : INFO : EventManager : Event: ======'battle_jester_shots_remaining_minus_one'====== Args={'priority': 0}
2026-05-11 15:32:47,960 : INFO : EventManager : Event: ======'player_battle_jester_shots_remaining'====== Args={'value': 0, 'prev_value': 1, 'change': -1, 'player_num': 1, 'source': 'battle_jester'}
2026-05-11 15:32:47,960 : INFO : EventManager : Event: ======'battle_jester_timer_add_5s'====== Args={'priority': 0}
2026-05-11 15:32:47,961 : INFO : EventManager : Event: ======'battle_jester_timer_add'====== Args={'priority': 0}
2026-05-11 15:32:47,961 : INFO : EventManager : Event: ======'player_battle_jester_battle_jester_timer_tick'====== Args={'value': 94, 'prev_value': 89, 'change': 5, 'player_num': 1}
2026-05-11 15:32:47,961 : INFO : EventManager : Event: ======'timer_battle_jester_timer_time_added'====== Args={'ticks': 94, 'ticks_added': 89, 'ticks_remaining': 89}
2026-05-11 15:32:47,971 : INFO : EventManager : Event: ======'slide_battle_jester_step_9_removed'====== Args={'_from_bcp': True}
2026-05-11 15:32:47,983 : INFO : EventManager : Event: ======'slide_battle_jester_points_bank_created'====== Args={'_from_bcp': True}
2026-05-11 15:32:48,001 : INFO : SwitchController : <<<<<<< 's_ramp_tower_exit' inactive >>>>>>>
2026-05-11 15:32:48,001 : INFO : SwitchController : <<<<<<< 's_ramp_tower_exit' active >>>>>>>
2026-05-11 15:32:48,001 : INFO : EventManager : Event: ======'s_ramp_tower_exit_active'====== Args={}
2026-05-11 15:32:48,002 : INFO : EventManager : Event: ======'sw_playfield_active'====== Args={}
2026-05-11 15:32:48,002 : INFO : EventManager : Event: ======'sw_playfield_active'====== Args={}
2026-05-11 15:32:48,002 : INFO : EventManager : Event: ======'machine_var_audits_switches_s_ramp_tower_exit'====== Args={'value': 2987, 'prev_value': 2986, 'change': 1}
2026-05-11 15:32:48,003 : INFO : EventManager : Event: ======'battle_jester_subtract_time_red'====== Args={'priority': 0}
2026-05-11 15:32:48,003 : INFO : EventManager : Event: ======'player_score'====== Args={'value': 16924625, 'prev_value': 16909625, 'change': 15000, 'player_num': 1, 'source': 'base'}
2026-05-11 15:32:48,004 : INFO : EventManager : Event: ======'player_bonus_switches_count'====== Args={'value': 68, 'prev_value': 67, 'change': 1, 'player_num': 1, 'source': 'base'}
2026-05-11 15:32:48,004 : INFO : EventManager : Event: ======'player_bonus_ramps_count'====== Args={'value': 9, 'prev_value': 8, 'change': 1, 'player_num': 1, 'source': 'base'}
2026-05-11 15:32:48,004 : INFO : EventManager : Event: ======'battle_jester_timer_subtract_5s'====== Args={'priority': 0}
2026-05-11 15:32:48,004 : INFO : EventManager : Event: ======'battle_jester_play_missed_4'====== Args={}
2026-05-11 15:32:48,005 : INFO : EventManager : Event: ======'battle_jester_timer_subtract'====== Args={'priority': 0}
2026-05-11 15:32:48,005 : INFO : EventManager : Event: ======'player_battle_jester_battle_jester_timer_tick'====== Args={'value': 89, 'prev_value': 94, 'change': -5, 'player_num': 1}
2026-05-11 15:32:48,006 : INFO : EventManager : Event: ======'timer_battle_jester_timer_time_subtracted'====== Args={'ticks': 89, 'ticks_subtracted': 5, 'ticks_remaining': 94}
2026-05-11 15:32:48,008 : INFO : EventManager : Event: ======'slide_battle_jester_step_10_created'====== Args={'_from_bcp': True}
2026-05-11 15:32:48,009 : INFO : EventManager : Event: ======'slide_battle_jester_timer_inactive'====== Args={'is_removing': False, '_from_bcp': True}
2026-05-11 15:32:48,009 : INFO : EventManager : Event: ======'slide_battle_jester_points_bank_active'====== Args={'original_context': 'battle_jester', 'original_calling_context': 'battle_jester_step_10_video', 'priority': 600.0, 'cmd': 'slides_play', '_from_bcp': True}
2026-05-11 15:32:48,009 : INFO : EventManager : Event: ======'slide_battle_jester_step_10_removed'====== Args={'_from_bcp': True}
2026-05-11 15:32:48,009 : INFO : SwitchController : <<<<<<< 's_ramp_tower_exit' inactive >>>>>>>
2026-05-11 15:32:48,013 : INFO : EventManager : Event: ======'slide_battle_jester_step_7_instructions_removed'====== Args={'_from_bcp': True}
2026-05-11 15:32:48,039 : INFO : EventManager : Event: ======'slide_battle_jester_step_11_instructions_created'====== Args={'_from_bcp': True}
2026-05-11 15:32:48,057 : INFO : EventManager : Event: ======'slide_battle_jester_missed_4_video_created'====== Args={'_from_bcp': True}
2026-05-11 15:32:48,159 : INFO : EventManager : Event: ======'player_battle_jester_battle_jester_timer_tick'====== Args={'value': 88, 'prev_value': 89, 'change': -1, 'player_num': 1}
2026-05-11 15:32:48,159 : INFO : EventManager : Event: ======'timer_battle_jester_timer_tick'====== Args={'ticks': 88, 'ticks_remaining': 88}
2026-05-11 15:32:48,160 : INFO : EventManager : Event: ======'player_battle_jester_battle_jester_step_1_timer_tick'====== Args={'value': 20, 'prev_value': 19, 'change': 1, 'player_num': 1}
2026-05-11 15:32:48,160 : INFO : EventManager : Event: ======'timer_battle_jester_step_1_timer_tick'====== Args={'ticks': 20, 'ticks_remaining': 10}
2026-05-11 15:32:49,157 : INFO : EventManager : Event: ======'player_battle_jester_battle_jester_step_1_timer_tick'====== Args={'value': 21, 'prev_value': 20, 'change': 1, 'player_num': 1}
2026-05-11 15:32:49,158 : INFO : EventManager : Event: ======'timer_battle_jester_step_1_timer_tick'====== Args={'ticks': 21, 'ticks_remaining': 9}
2026-05-11 15:32:49,158 : INFO : EventManager : Event: ======'player_battle_jester_battle_jester_timer_tick'====== Args={'value': 87, 'prev_value': 88, 'change': -1, 'player_num': 1}
2026-05-11 15:32:49,158 : INFO : EventManager : Event: ======'timer_battle_jester_timer_tick'====== Args={'ticks': 87, 'ticks_remaining': 87}
2026-05-11 15:32:49,439 : INFO : SwitchController : <<<<<<< 's_outer_inlane_right' active >>>>>>>
2026-05-11 15:32:49,439 : INFO : EventManager : Event: ======'s_outer_inlane_right_active'====== Args={}
2026-05-11 15:32:49,439 : INFO : EventManager : Event: ======'sw_playfield_active'====== Args={}
2026-05-11 15:32:49,439 : INFO : EventManager : Event: ======'sw_playfield_active'====== Args={}
2026-05-11 15:32:49,439 : INFO : EventManager : Event: ======'machine_var_audits_switches_s_outer_inlane_right'====== Args={'value': 4683, 'prev_value': 4682, 'change': 1}
2026-05-11 15:32:49,440 : INFO : EventManager : Event: ======'player_score'====== Args={'value': 16926625, 'prev_value': 16924625, 'change': 2000, 'player_num': 1, 'source': 'base'}
2026-05-11 15:32:49,442 : INFO : EventManager : Event: ======'player_bonus_switches_count'====== Args={'value': 69, 'prev_value': 68, 'change': 1, 'player_num': 1, 'source': 'base'}
2026-05-11 15:32:49,455 : INFO : SwitchController : <<<<<<< 's_outer_inlane_right' inactive >>>>>>>
2026-05-11 15:32:49,940 : INFO : EventManager : Event: ======'slide_battle_jester_points_bank_inactive'====== Args={'is_removing': True, '_from_bcp': True}
2026-05-11 15:32:49,940 : INFO : EventManager : Event: ======'slide_battle_jester_timer_active'====== Args={'_from_bcp': True}
2026-05-11 15:32:49,941 : INFO : EventManager : Event: ======'slide_battle_jester_points_bank_removed'====== Args={'_from_bcp': True}
2026-05-11 15:32:50,159 : INFO : EventManager : Event: ======'player_battle_jester_battle_jester_timer_tick'====== Args={'value': 86, 'prev_value': 87, 'change': -1, 'player_num': 1}
2026-05-11 15:32:50,160 : INFO : EventManager : Event: ======'timer_battle_jester_timer_tick'====== Args={'ticks': 86, 'ticks_remaining': 86}
2026-05-11 15:32:50,160 : INFO : EventManager : Event: ======'player_battle_jester_battle_jester_step_1_timer_tick'====== Args={'value': 22, 'prev_value': 21, 'change': 1, 'player_num': 1}
2026-05-11 15:32:50,160 : INFO : EventManager : Event: ======'timer_battle_jester_step_1_timer_tick'====== Args={'ticks': 22, 'ticks_remaining': 8}
2026-05-11 15:32:50,440 : INFO : SwitchController : <<<<<<< 's_flipper_left' active >>>>>>>
2026-05-11 15:32:50,440 : INFO : EventManager : Event: ======'s_flipper_left_active'====== Args={}
2026-05-11 15:32:50,441 : INFO : EventManager : Event: ======'machine_var_audits_switches_s_flipper_left'====== Args={'value': 56568, 'prev_value': 56567, 'change': 1}
2026-05-11 15:32:50,443 : INFO : EventManager : Event: ======'goose_rotate_left_execute'====== Args={'priority': 0}
2026-05-11 15:32:50,443 : INFO : EventManager : Event: ======'player_goose_temp_g'====== Args={'value': 0, 'prev_value': 1, 'change': -1, 'player_num': 1, 'source': 'goose_letters'}
2026-05-11 15:32:50,443 : INFO : EventManager : Event: ======'player_goose_temp_o_right'====== Args={'value': 0, 'prev_value': 1, 'change': -1, 'player_num': 1, 'source': 'goose_letters'}
2026-05-11 15:32:50,443 : INFO : EventManager : Event: ======'mig_rotate_left_execute'====== Args={'priority': 0}
2026-05-11 15:32:50,444 : INFO : EventManager : Event: ======'ball_search_reset'====== Args={'priority': 0}
2026-05-11 15:32:50,444 : INFO : EventManager : Event: ======'player_goose_letter_g'====== Args={'value': 1, 'prev_value': 0, 'change': 1, 'player_num': 1, 'source': 'goose_letters'}
2026-05-11 15:32:50,444 : INFO : EventManager : Event: ======'player_goose_letter_o_left'====== Args={'value': 0, 'prev_value': 1, 'change': -1, 'player_num': 1, 'source': 'goose_letters'}
2026-05-11 15:32:50,444 : INFO : EventManager : Event: ======'player_goose_letter_o_right'====== Args={'value': 1, 'prev_value': 0, 'change': 1, 'player_num': 1, 'source': 'goose_letters'}
2026-05-11 15:32:50,444 : INFO : EventManager : Event: ======'player_goose_letter_s'====== Args={'value': 0, 'prev_value': 1, 'change': -1, 'player_num': 1, 'source': 'goose_letters'}
2026-05-11 15:32:50,456 : INFO : SwitchController : <<<<<<< 's_flipper_left_upper' active >>>>>>>
2026-05-11 15:32:50,456 : INFO : EventManager : Event: ======'machine_var_audits_switches_s_flipper_left_upper'====== Args={'value': 55887, 'prev_value': 55886, 'change': 1}
2026-05-11 15:32:50,457 : INFO : SwitchController : <<<<<<< 's_flipper_left_eos' active >>>>>>>
2026-05-11 15:32:50,457 : INFO : EventManager : Event: ======'machine_var_audits_switches_s_flipper_left_eos'====== Args={'value': 51353, 'prev_value': 51352, 'change': 1}
2026-05-11 15:32:50,487 : INFO : SwitchController : <<<<<<< 's_flipper_left_upper_eos' active >>>>>>>
2026-05-11 15:32:50,487 : INFO : EventManager : Event: ======'s_flipper_left_upper_eos_active'====== Args={}
2026-05-11 15:32:50,487 : INFO : EventManager : Event: ======'machine_var_audits_switches_s_flipper_left_upper_eos'====== Args={'value': 63073, 'prev_value': 63072, 'change': 1}
2026-05-11 15:32:50,488 : INFO : EventManager : Event: ======'player_previous_switch_type'====== Args={'value': 2, 'prev_value': 0, 'change': 2, 'player_num': 1, 'source': 'pilot_mission_qualifier'}
2026-05-11 15:32:50,501 : INFO : EventManager : Event: ======'slide_battle_jester_missed_4_video_removed'====== Args={'_from_bcp': True}
2026-05-11 15:32:51,158 : INFO : EventManager : Event: ======'player_battle_jester_battle_jester_timer_tick'====== Args={'value': 85, 'prev_value': 86, 'change': -1, 'player_num': 1}
2026-05-11 15:32:51,159 : INFO : EventManager : Event: ======'timer_battle_jester_timer_tick'====== Args={'ticks': 85, 'ticks_remaining': 85}
2026-05-11 15:32:51,159 : INFO : EventManager : Event: ======'player_battle_jester_battle_jester_step_1_timer_tick'====== Args={'value': 23, 'prev_value': 22, 'change': 1, 'player_num': 1}
2026-05-11 15:32:51,159 : INFO : EventManager : Event: ======'timer_battle_jester_step_1_timer_tick'====== Args={'ticks': 23, 'ticks_remaining': 7}
2026-05-11 15:32:51,818 : INFO : SwitchController : <<<<<<< 's_flipper_left_upper' inactive >>>>>>>
2026-05-11 15:32:51,818 : INFO : SwitchController : <<<<<<< 's_flipper_left' inactive >>>>>>>
2026-05-11 15:32:51,818 : INFO : EventManager : Event: ======'s_flipper_left_inactive'====== Args={}
2026-05-11 15:32:51,913 : INFO : SwitchController : <<<<<<< 's_flipper_left_eos' inactive >>>>>>>
2026-05-11 15:32:51,913 : INFO : SwitchController : <<<<<<< 's_flipper_left_upper_eos' inactive >>>>>>>
2026-05-11 15:32:51,976 : INFO : SwitchController : <<<<<<< 's_lane_left' active >>>>>>>
2026-05-11 15:32:51,976 : INFO : EventManager : Event: ======'s_lane_left_active'====== Args={}
2026-05-11 15:32:51,976 : INFO : EventManager : Event: ======'sw_playfield_active'====== Args={}
2026-05-11 15:32:51,976 : INFO : EventManager : Event: ======'sw_playfield_active'====== Args={}
2026-05-11 15:32:51,976 : INFO : EventManager : Event: ======'machine_var_audits_switches_s_lane_left'====== Args={'value': 2607, 'prev_value': 2606, 'change': 1}
2026-05-11 15:32:51,978 : INFO : EventManager : Event: ======'battle_jester_pause_timer'====== Args={'priority': 0}
2026-05-11 15:32:51,978 : INFO : EventManager : Event: ======'battle_jester_activate_left_lane_post'====== Args={'priority': 0}
2026-05-11 15:32:51,978 : INFO : EventManager : Event: ======'battle_jester_deactivate_left_diverter'====== Args={'priority': 0}
2026-05-11 15:32:51,978 : INFO : EventManager : Event: ======'right_ramp_down'====== Args={'priority': 0}
2026-05-11 15:32:51,978 : INFO : EventManager : Event: ======'battle_jester_step_11_complete'====== Args={'priority': 0}
2026-05-11 15:32:51,979 : INFO : EventManager : Event: ======'under_flipper_shot_hit'====== Args={'priority': 0}
2026-05-11 15:32:51,979 : INFO : EventManager : Event: ======'player_previous_switch_type'====== Args={'value': 0, 'prev_value': 2, 'change': -2, 'player_num': 1, 'source': 'pilot_mission_qualifier'}
2026-05-11 15:32:51,979 : INFO : EventManager : Event: ======'player_score'====== Args={'value': 16931625, 'prev_value': 16926625, 'change': 5000, 'player_num': 1, 'source': 'base'}
2026-05-11 15:32:51,981 : INFO : EventManager : Event: ======'player_bonus_switches_count'====== Args={'value': 70, 'prev_value': 69, 'change': 1, 'player_num': 1, 'source': 'base'}
2026-05-11 15:32:51,981 : INFO : Timer.battle_jester_step_11_decision_video : Starting Timer.
2026-05-11 15:32:51,981 : INFO : EventManager : Event: ======'timer_battle_jester_step_11_decision_video_started'====== Args={'ticks': 0, 'ticks_remaining': 9}
2026-05-11 15:32:51,981 : INFO : EventManager : Event: ======'timer_battle_jester_step_11_decision_video_tick'====== Args={'ticks': 0, 'ticks_remaining': 9}
2026-05-11 15:32:51,981 : INFO : coil.c_left_lane_up_post : Enabling Driver with power 0.25 (pulse_ms 20ms and pulse_power 0.75)
2026-05-11 15:32:51,981 : INFO : coil.c_left_orbit_diverter : Disabling Driver
2026-05-11 15:32:51,981 : INFO : coil.c_right_orbit_diverter : Disabling Driver
2026-05-11 15:32:51,981 : INFO : EventManager : Event: ======'player_right_orbit_diverter_requested'====== Args={'value': 0, 'prev_value': 1, 'change': -1, 'player_num': 1, 'source': 'base'}
2026-05-11 15:32:51,982 : INFO : EventManager : Event: ======'shaker_soft'====== Args={'priority': 0}
2026-05-11 15:32:51,982 : INFO : EventManager : Event: ======'player_battle_jester_step'====== Args={'value': 11, 'prev_value': 10, 'change': 1, 'player_num': 1, 'source': 'battle_jester'}
2026-05-11 15:32:51,982 : INFO : EventManager : Event: ======'player_pilot_missions_won'====== Args={'value': 2, 'prev_value': 1, 'change': 1, 'player_num': 1, 'source': 'battle_jester'}
2026-05-11 15:32:51,982 : INFO : EventManager : Event: ======'player_battle_jester_battle_jester_timer_tick'====== Args={'value': 20, 'prev_value': 85, 'change': -65, 'player_num': 1}
2026-05-11 15:32:52,016 : INFO : EventManager : Event: ======'slide_battle_jester_step_11_decision_created'====== Args={'_from_bcp': True}
2026-05-11 15:32:52,017 : INFO : EventManager : Event: ======'slide_battle_jester_step_11_instructions_removed'====== Args={'_from_bcp': True}
2026-05-11 15:32:52,149 : INFO : EventManager : Event: ======'player_battle_jester_battle_jester_step_1_timer_tick'====== Args={'value': 24, 'prev_value': 23, 'change': 1, 'player_num': 1}
2026-05-11 15:32:52,149 : INFO : EventManager : Event: ======'timer_battle_jester_step_1_timer_tick'====== Args={'ticks': 24, 'ticks_remaining': 6}
2026-05-11 15:32:52,976 : INFO : EventManager : Event: ======'player_battle_jester_battle_jester_step_11_decision_video_tick'====== Args={'value': 1, 'prev_value': 0, 'change': 1, 'player_num': 1}
2026-05-11 15:32:52,976 : INFO : EventManager : Event: ======'timer_battle_jester_step_11_decision_video_tick'====== Args={'ticks': 1, 'ticks_remaining': 8}
2026-05-11 15:32:52,977 : INFO : EventManager : Event: ======'player_battle_jester_battle_jester_timer_tick'====== Args={'value': 19, 'prev_value': 20, 'change': -1, 'player_num': 1}
2026-05-11 15:32:52,977 : INFO : EventManager : Event: ======'timer_battle_jester_timer_tick'====== Args={'ticks': 19, 'ticks_remaining': 19}
2026-05-11 15:32:53,148 : INFO : EventManager : Event: ======'player_battle_jester_battle_jester_step_1_timer_tick'====== Args={'value': 25, 'prev_value': 24, 'change': 1, 'player_num': 1}
2026-05-11 15:32:53,148 : INFO : EventManager : Event: ======'timer_battle_jester_step_1_timer_tick'====== Args={'ticks': 25, 'ticks_remaining': 5}
2026-05-11 15:32:53,979 : INFO : EventManager : Event: ======'player_battle_jester_battle_jester_step_11_decision_video_tick'====== Args={'value': 2, 'prev_value': 1, 'change': 1, 'player_num': 1}
2026-05-11 15:32:53,979 : INFO : EventManager : Event: ======'timer_battle_jester_step_11_decision_video_tick'====== Args={'ticks': 2, 'ticks_remaining': 7}
2026-05-11 15:32:53,981 : INFO : EventManager : Event: ======'player_battle_jester_battle_jester_timer_tick'====== Args={'value': 18, 'prev_value': 19, 'change': -1, 'player_num': 1}
2026-05-11 15:32:53,981 : INFO : EventManager : Event: ======'timer_battle_jester_timer_tick'====== Args={'ticks': 18, 'ticks_remaining': 18}
2026-05-11 15:32:54,153 : INFO : EventManager : Event: ======'player_battle_jester_battle_jester_step_1_timer_tick'====== Args={'value': 26, 'prev_value': 25, 'change': 1, 'player_num': 1}
2026-05-11 15:32:54,153 : INFO : EventManager : Event: ======'timer_battle_jester_step_1_timer_tick'====== Args={'ticks': 26, 'ticks_remaining': 4}
2026-05-11 15:32:54,984 : INFO : EventManager : Event: ======'player_battle_jester_battle_jester_timer_tick'====== Args={'value': 17, 'prev_value': 18, 'change': -1, 'player_num': 1}
2026-05-11 15:32:54,984 : INFO : EventManager : Event: ======'timer_battle_jester_timer_tick'====== Args={'ticks': 17, 'ticks_remaining': 17}
2026-05-11 15:32:54,984 : INFO : EventManager : Event: ======'player_battle_jester_battle_jester_step_11_decision_video_tick'====== Args={'value': 3, 'prev_value': 2, 'change': 1, 'player_num': 1}
2026-05-11 15:32:54,984 : INFO : EventManager : Event: ======'timer_battle_jester_step_11_decision_video_tick'====== Args={'ticks': 3, 'ticks_remaining': 6}
2026-05-11 15:32:55,156 : INFO : EventManager : Event: ======'player_battle_jester_battle_jester_step_1_timer_tick'====== Args={'value': 27, 'prev_value': 26, 'change': 1, 'player_num': 1}
2026-05-11 15:32:55,156 : INFO : EventManager : Event: ======'timer_battle_jester_step_1_timer_tick'====== Args={'ticks': 27, 'ticks_remaining': 3}
2026-05-11 15:32:55,297 : INFO : SwitchController : <<<<<<< 's_flipper_right' active >>>>>>>
2026-05-11 15:32:55,297 : INFO : EventManager : Event: ======'s_flipper_right_active'====== Args={}
2026-05-11 15:32:55,297 : INFO : EventManager : Event: ======'machine_var_audits_switches_s_flipper_right'====== Args={'value': 54761, 'prev_value': 54760, 'change': 1}
2026-05-11 15:32:55,299 : INFO : EventManager : Event: ======'battle_jester_choice_yes'====== Args={'priority': 0}
2026-05-11 15:32:55,299 : INFO : EventManager : Event: ======'goose_rotate_right_execute'====== Args={'priority': 0}
2026-05-11 15:32:55,300 : INFO : EventManager : Event: ======'player_goose_temp_g'====== Args={'value': 1, 'prev_value': 0, 'change': 1, 'player_num': 1, 'source': 'goose_letters'}
2026-05-11 15:32:55,300 : INFO : EventManager : Event: ======'player_goose_temp_o_left'====== Args={'value': 0, 'prev_value': 1, 'change': -1, 'player_num': 1, 'source': 'goose_letters'}
2026-05-11 15:32:55,300 : INFO : EventManager : Event: ======'player_goose_temp_o_right'====== Args={'value': 1, 'prev_value': 0, 'change': 1, 'player_num': 1, 'source': 'goose_letters'}
2026-05-11 15:32:55,300 : INFO : EventManager : Event: ======'player_goose_temp_s'====== Args={'value': 0, 'prev_value': 1, 'change': -1, 'player_num': 1, 'source': 'goose_letters'}
2026-05-11 15:32:55,301 : INFO : EventManager : Event: ======'mig_rotate_right_execute'====== Args={'priority': 0}
2026-05-11 15:32:55,301 : INFO : EventManager : Event: ======'ball_search_reset'====== Args={'priority': 0}
2026-05-11 15:32:55,301 : INFO : EventManager : Event: ======'player_battle_jester_tower_choice'====== Args={'value': 1, 'prev_value': 0, 'change': 1, 'player_num': 1, 'source': 'battle_jester'}
2026-05-11 15:32:55,301 : INFO : Timer.battle_jester_timer : Stopping Timer
2026-05-11 15:32:55,301 : INFO : EventManager : Event: ======'timer_battle_jester_timer_stopped'====== Args={'ticks': 17, 'ticks_remaining': 17}
2026-05-11 15:32:55,301 : INFO : Timer.battle_jester_buzz_tower_accepted_delay : Starting Timer.
2026-05-11 15:32:55,301 : INFO : EventManager : Event: ======'timer_battle_jester_buzz_tower_accepted_delay_started'====== Args={'ticks': 0, 'ticks_remaining': 8}
2026-05-11 15:32:55,302 : INFO : EventManager : Event: ======'timer_battle_jester_buzz_tower_accepted_delay_tick'====== Args={'ticks': 0, 'ticks_remaining': 8}
2026-05-11 15:32:55,302 : INFO : EventManager : Event: ======'player_goose_letter_g'====== Args={'value': 0, 'prev_value': 1, 'change': -1, 'player_num': 1, 'source': 'goose_letters'}
2026-05-11 15:32:55,302 : INFO : EventManager : Event: ======'player_goose_letter_s'====== Args={'value': 1, 'prev_value': 0, 'change': 1, 'player_num': 1, 'source': 'goose_letters'}
2026-05-11 15:32:55,302 : INFO : EventManager : Event: ======'player_goose_letter_o_right'====== Args={'value': 0, 'prev_value': 1, 'change': -1, 'player_num': 1, 'source': 'goose_letters'}
2026-05-11 15:32:55,302 : INFO : EventManager : Event: ======'player_goose_letter_o_left'====== Args={'value': 1, 'prev_value': 0, 'change': 1, 'player_num': 1, 'source': 'goose_letters'}
2026-05-11 15:32:55,303 : INFO : SwitchController : <<<<<<< 's_flipper_right' inactive >>>>>>>
2026-05-11 15:32:55,303 : INFO : EventManager : Event: ======'s_flipper_right_inactive'====== Args={}
2026-05-11 15:32:55,309 : INFO : SwitchController : <<<<<<< 's_flipper_right_eos' active >>>>>>>
2026-05-11 15:32:55,309 : INFO : EventManager : Event: ======'machine_var_audits_switches_s_flipper_right_eos'====== Args={'value': 49232, 'prev_value': 49231, 'change': 1}
2026-05-11 15:32:55,317 : INFO : EventManager : Event: ======'slide_battle_jester_step_11_decision_removed'====== Args={'_from_bcp': True}
2026-05-11 15:32:55,330 : INFO : EventManager : Event: ======'slide_battle_jester_timer_inactive'====== Args={'is_removing': True, '_from_bcp': True}
2026-05-11 15:32:55,330 : INFO : EventManager : Event: ======'slide_battle_jester_shots_remaining_active'====== Args={'_from_bcp': True}
2026-05-11 15:32:55,331 : INFO : EventManager : Event: ======'slide_battle_jester_timer_removed'====== Args={'_from_bcp': True}
2026-05-11 15:32:55,349 : INFO : EventManager : Event: ======'slide_battle_jester_buzz_tower_accepted_created'====== Args={'_from_bcp': True}
2026-05-11 15:32:55,391 : INFO : SwitchController : <<<<<<< 's_flipper_right_eos' inactive >>>>>>>
2026-05-11 15:32:55,989 : INFO : EventManager : Event: ======'player_battle_jester_battle_jester_step_11_decision_video_tick'====== Args={'value': 4, 'prev_value': 3, 'change': 1, 'player_num': 1}
2026-05-11 15:32:55,989 : INFO : EventManager : Event: ======'timer_battle_jester_step_11_decision_video_tick'====== Args={'ticks': 4, 'ticks_remaining': 5}
2026-05-11 15:32:56,159 : INFO : EventManager : Event: ======'player_battle_jester_battle_jester_step_1_timer_tick'====== Args={'value': 28, 'prev_value': 27, 'change': 1, 'player_num': 1}
2026-05-11 15:32:56,159 : INFO : EventManager : Event: ======'timer_battle_jester_step_1_timer_tick'====== Args={'ticks': 28, 'ticks_remaining': 2}
2026-05-11 15:32:56,285 : INFO : EventManager : Event: ======'player_battle_jester_battle_jester_buzz_tower_accepted_delay_tick'====== Args={'value': 1, 'prev_value': 0, 'change': 1, 'player_num': 1}
2026-05-11 15:32:56,285 : INFO : EventManager : Event: ======'timer_battle_jester_buzz_tower_accepted_delay_tick'====== Args={'ticks': 1, 'ticks_remaining': 7}
2026-05-11 15:32:56,690 : INFO : SwitchController : <<<<<<< 's_flipper_left' active >>>>>>>
2026-05-11 15:32:56,690 : INFO : EventManager : Event: ======'s_flipper_left_active'====== Args={}
2026-05-11 15:32:56,690 : INFO : EventManager : Event: ======'machine_var_audits_switches_s_flipper_left'====== Args={'value': 56569, 'prev_value': 56568, 'change': 1}
2026-05-11 15:32:56,690 : INFO : SwitchController : <<<<<<< 's_flipper_left_upper' active >>>>>>>
2026-05-11 15:32:56,691 : INFO : EventManager : Event: ======'machine_var_audits_switches_s_flipper_left_upper'====== Args={'value': 55888, 'prev_value': 55887, 'change': 1}
2026-05-11 15:32:56,691 : INFO : SwitchController : <<<<<<< 's_flipper_right' active >>>>>>>
2026-05-11 15:32:56,691 : INFO : EventManager : Event: ======'s_flipper_right_active'====== Args={}
2026-05-11 15:32:56,691 : INFO : EventManager : Event: ======'flipper_cancel'====== Args={'triggering_group': 2, 'triggering_switch': 's_flipper_right'}
2026-05-11 15:32:56,691 : INFO : EventManager : Event: ======'machine_var_audits_switches_s_flipper_right'====== Args={'value': 54762, 'prev_value': 54761, 'change': 1}
2026-05-11 15:32:56,691 : INFO : EventManager : Event: ======'goose_rotate_left_execute'====== Args={'priority': 0}
2026-05-11 15:32:56,691 : INFO : EventManager : Event: ======'player_goose_temp_g'====== Args={'value': 0, 'prev_value': 1, 'change': -1, 'player_num': 1, 'source': 'goose_letters'}
2026-05-11 15:32:56,691 : INFO : EventManager : Event: ======'player_goose_temp_o_left'====== Args={'value': 1, 'prev_value': 0, 'change': 1, 'player_num': 1, 'source': 'goose_letters'}
2026-05-11 15:32:56,693 : INFO : EventManager : Event: ======'player_goose_temp_o_right'====== Args={'value': 0, 'prev_value': 1, 'change': -1, 'player_num': 1, 'source': 'goose_letters'}
2026-05-11 15:32:56,693 : INFO : EventManager : Event: ======'player_goose_temp_s'====== Args={'value': 1, 'prev_value': 0, 'change': 1, 'player_num': 1, 'source': 'goose_letters'}
2026-05-11 15:32:56,693 : INFO : EventManager : Event: ======'mig_rotate_left_execute'====== Args={'priority': 0}
2026-05-11 15:32:56,693 : INFO : EventManager : Event: ======'status_mode_entry_both_held'====== Args={'priority': 0}
2026-05-11 15:32:56,693 : INFO : EventManager : Event: ======'ball_search_reset'====== Args={'priority': 0}
2026-05-11 15:32:56,693 : INFO : EventManager : Event: ======'player_goose_letter_g'====== Args={'value': 1, 'prev_value': 0, 'change': 1, 'player_num': 1, 'source': 'goose_letters'}
2026-05-11 15:32:56,694 : INFO : EventManager : Event: ======'player_goose_letter_o_left'====== Args={'value': 0, 'prev_value': 1, 'change': -1, 'player_num': 1, 'source': 'goose_letters'}
2026-05-11 15:32:56,694 : INFO : EventManager : Event: ======'player_goose_letter_o_right'====== Args={'value': 1, 'prev_value': 0, 'change': 1, 'player_num': 1, 'source': 'goose_letters'}
2026-05-11 15:32:56,694 : INFO : EventManager : Event: ======'player_goose_letter_s'====== Args={'value': 0, 'prev_value': 1, 'change': -1, 'player_num': 1, 'source': 'goose_letters'}
2026-05-11 15:32:56,694 : INFO : Timer.status_mode_entry : Starting Timer.
2026-05-11 15:32:56,695 : INFO : EventManager : Event: ======'timer_status_mode_entry_started'====== Args={'ticks': 0, 'ticks_remaining': 4}
2026-05-11 15:32:56,695 : INFO : EventManager : Event: ======'timer_status_mode_entry_tick'====== Args={'ticks': 0, 'ticks_remaining': 4}
2026-05-11 15:32:56,695 : INFO : EventManager : Event: ======'goose_rotate_right_execute'====== Args={'priority': 0}
2026-05-11 15:32:56,695 : INFO : EventManager : Event: ======'player_goose_temp_g'====== Args={'value': 1, 'prev_value': 0, 'change': 1, 'player_num': 1, 'source': 'goose_letters'}
2026-05-11 15:32:56,695 : INFO : EventManager : Event: ======'player_goose_temp_o_left'====== Args={'value': 0, 'prev_value': 1, 'change': -1, 'player_num': 1, 'source': 'goose_letters'}
2026-05-11 15:32:56,695 : INFO : EventManager : Event: ======'player_goose_temp_o_right'====== Args={'value': 1, 'prev_value': 0, 'change': 1, 'player_num': 1, 'source': 'goose_letters'}
2026-05-11 15:32:56,695 : INFO : EventManager : Event: ======'player_goose_temp_s'====== Args={'value': 0, 'prev_value': 1, 'change': -1, 'player_num': 1, 'source': 'goose_letters'}
2026-05-11 15:32:56,696 : INFO : EventManager : Event: ======'mig_rotate_right_execute'====== Args={'priority': 0}
2026-05-11 15:32:56,696 : INFO : EventManager : Event: ======'status_mode_entry_both_held'====== Args={'priority': 0}
2026-05-11 15:32:56,696 : INFO : EventManager : Event: ======'ball_search_reset'====== Args={'priority': 0}
2026-05-11 15:32:56,696 : INFO : EventManager : Event: ======'player_goose_letter_g'====== Args={'value': 0, 'prev_value': 1, 'change': -1, 'player_num': 1, 'source': 'goose_letters'}
2026-05-11 15:32:56,696 : INFO : EventManager : Event: ======'player_goose_letter_s'====== Args={'value': 1, 'prev_value': 0, 'change': 1, 'player_num': 1, 'source': 'goose_letters'}
2026-05-11 15:32:56,696 : INFO : EventManager : Event: ======'player_goose_letter_o_right'====== Args={'value': 0, 'prev_value': 1, 'change': -1, 'player_num': 1, 'source': 'goose_letters'}
2026-05-11 15:32:56,697 : INFO : EventManager : Event: ======'player_goose_letter_o_left'====== Args={'value': 1, 'prev_value': 0, 'change': 1, 'player_num': 1, 'source': 'goose_letters'}
2026-05-11 15:32:56,697 : INFO : EventManager : Event: ======'timer_status_mode_entry_tick'====== Args={'ticks': 0, 'ticks_remaining': 4}
2026-05-11 15:32:56,700 : INFO : SwitchController : <<<<<<< 's_flipper_left_eos' active >>>>>>>
2026-05-11 15:32:56,701 : INFO : EventManager : Event: ======'machine_var_audits_switches_s_flipper_left_eos'====== Args={'value': 51354, 'prev_value': 51353, 'change': 1}
2026-05-11 15:32:56,703 : INFO : SwitchController : <<<<<<< 's_flipper_left_upper_eos' active >>>>>>>
2026-05-11 15:32:56,703 : INFO : EventManager : Event: ======'s_flipper_left_upper_eos_active'====== Args={}
2026-05-11 15:32:56,703 : INFO : EventManager : Event: ======'machine_var_audits_switches_s_flipper_left_upper_eos'====== Args={'value': 63074, 'prev_value': 63073, 'change': 1}
2026-05-11 15:32:56,704 : INFO : EventManager : Event: ======'player_previous_switch_type'====== Args={'value': 2, 'prev_value': 0, 'change': 2, 'player_num': 1, 'source': 'pilot_mission_qualifier'}
2026-05-11 15:32:56,705 : INFO : SwitchController : <<<<<<< 's_flipper_right_eos' active >>>>>>>
2026-05-11 15:32:56,705 : INFO : EventManager : Event: ======'machine_var_audits_switches_s_flipper_right_eos'====== Args={'value': 49233, 'prev_value': 49232, 'change': 1}
2026-05-11 15:32:56,723 : INFO : SwitchController : <<<<<<< 's_flipper_right' inactive >>>>>>>
2026-05-11 15:32:56,723 : INFO : EventManager : Event: ======'s_flipper_right_inactive'====== Args={}
2026-05-11 15:32:56,723 : INFO : EventManager : Event: ======'both_flippers_one'====== Args={'triggering_group': 2, 'triggering_switch': 's_flipper_right'}
2026-05-11 15:32:56,724 : INFO : EventManager : Event: ======'status_mode_entry_cancel'====== Args={'priority': 0}
2026-05-11 15:32:56,724 : INFO : Timer.status_mode_entry : Stopping Timer
2026-05-11 15:32:56,724 : INFO : EventManager : Event: ======'timer_status_mode_entry_stopped'====== Args={'ticks': 0, 'ticks_remaining': 4}
2026-05-11 15:32:56,725 : INFO : SwitchController : <<<<<<< 's_flipper_left_upper' inactive >>>>>>>
2026-05-11 15:32:56,725 : INFO : SwitchController : <<<<<<< 's_flipper_left' inactive >>>>>>>
2026-05-11 15:32:56,725 : INFO : EventManager : Event: ======'s_flipper_left_inactive'====== Args={}
2026-05-11 15:32:56,725 : INFO : EventManager : Event: ======'both_flippers_inactive'====== Args={'triggering_group': 1, 'triggering_switch': 's_flipper_left'}
2026-05-11 15:32:56,817 : INFO : SwitchController : <<<<<<< 's_flipper_right_eos' inactive >>>>>>>
2026-05-11 15:32:56,833 : INFO : SwitchController : <<<<<<< 's_flipper_left_eos' inactive >>>>>>>
2026-05-11 15:32:56,833 : INFO : SwitchController : <<<<<<< 's_flipper_left_upper_eos' inactive >>>>>>>
2026-05-11 15:32:56,974 : INFO : EventManager : Event: ======'player_battle_jester_battle_jester_step_11_decision_video_tick'====== Args={'value': 5, 'prev_value': 4, 'change': 1, 'player_num': 1}
2026-05-11 15:32:56,974 : INFO : EventManager : Event: ======'timer_battle_jester_step_11_decision_video_tick'====== Args={'ticks': 5, 'ticks_remaining': 4}
2026-05-11 15:32:57,160 : INFO : EventManager : Event: ======'player_battle_jester_battle_jester_step_1_timer_tick'====== Args={'value': 29, 'prev_value': 28, 'change': 1, 'player_num': 1}
2026-05-11 15:32:57,160 : INFO : EventManager : Event: ======'timer_battle_jester_step_1_timer_tick'====== Args={'ticks': 29, 'ticks_remaining': 1}
2026-05-11 15:32:57,285 : INFO : EventManager : Event: ======'player_battle_jester_battle_jester_buzz_tower_accepted_delay_tick'====== Args={'value': 2, 'prev_value': 1, 'change': 1, 'player_num': 1}
2026-05-11 15:32:57,287 : INFO : EventManager : Event: ======'timer_battle_jester_buzz_tower_accepted_delay_tick'====== Args={'ticks': 2, 'ticks_remaining': 6}
2026-05-11 15:32:57,976 : INFO : EventManager : Event: ======'player_battle_jester_battle_jester_step_11_decision_video_tick'====== Args={'value': 6, 'prev_value': 5, 'change': 1, 'player_num': 1}
2026-05-11 15:32:57,976 : INFO : EventManager : Event: ======'timer_battle_jester_step_11_decision_video_tick'====== Args={'ticks': 6, 'ticks_remaining': 3}
2026-05-11 15:32:58,148 : INFO : EventManager : Event: ======'player_battle_jester_battle_jester_step_1_timer_tick'====== Args={'value': 30, 'prev_value': 29, 'change': 1, 'player_num': 1}
2026-05-11 15:32:58,148 : INFO : Timer.battle_jester_step_1_timer : Timer Complete
2026-05-11 15:32:58,149 : INFO : Timer.battle_jester_step_1_timer : Stopping Timer
2026-05-11 15:32:58,149 : INFO : EventManager : Event: ======'timer_battle_jester_step_1_timer_stopped'====== Args={'ticks': 30, 'ticks_remaining': 1}
2026-05-11 15:32:58,149 : INFO : EventManager : Event: ======'timer_battle_jester_step_1_timer_complete'====== Args={'ticks': 30, 'ticks_remaining': 1}
2026-05-11 15:32:58,273 : INFO : EventManager : Event: ======'player_battle_jester_battle_jester_buzz_tower_accepted_delay_tick'====== Args={'value': 3, 'prev_value': 2, 'change': 1, 'player_num': 1}
2026-05-11 15:32:58,273 : INFO : EventManager : Event: ======'timer_battle_jester_buzz_tower_accepted_delay_tick'====== Args={'ticks': 3, 'ticks_remaining': 5}
2026-05-11 15:32:58,976 : INFO : EventManager : Event: ======'player_battle_jester_battle_jester_step_11_decision_video_tick'====== Args={'value': 7, 'prev_value': 6, 'change': 1, 'player_num': 1}
2026-05-11 15:32:58,976 : INFO : EventManager : Event: ======'timer_battle_jester_step_11_decision_video_tick'====== Args={'ticks': 7, 'ticks_remaining': 2}
2026-05-11 15:32:59,275 : INFO : EventManager : Event: ======'player_battle_jester_battle_jester_buzz_tower_accepted_delay_tick'====== Args={'value': 4, 'prev_value': 3, 'change': 1, 'player_num': 1}
2026-05-11 15:32:59,275 : INFO : EventManager : Event: ======'timer_battle_jester_buzz_tower_accepted_delay_tick'====== Args={'ticks': 4, 'ticks_remaining': 4}
2026-05-11 15:32:59,977 : INFO : EventManager : Event: ======'player_battle_jester_battle_jester_step_11_decision_video_tick'====== Args={'value': 8, 'prev_value': 7, 'change': 1, 'player_num': 1}
2026-05-11 15:32:59,977 : INFO : EventManager : Event: ======'timer_battle_jester_step_11_decision_video_tick'====== Args={'ticks': 8, 'ticks_remaining': 1}
2026-05-11 15:33:00,276 : INFO : EventManager : Event: ======'player_battle_jester_battle_jester_buzz_tower_accepted_delay_tick'====== Args={'value': 5, 'prev_value': 4, 'change': 1, 'player_num': 1}
2026-05-11 15:33:00,276 : INFO : EventManager : Event: ======'timer_battle_jester_buzz_tower_accepted_delay_tick'====== Args={'ticks': 5, 'ticks_remaining': 3}
2026-05-11 15:33:00,979 : INFO : EventManager : Event: ======'player_battle_jester_battle_jester_step_11_decision_video_tick'====== Args={'value': 9, 'prev_value': 8, 'change': 1, 'player_num': 1}
2026-05-11 15:33:00,979 : INFO : Timer.battle_jester_step_11_decision_video : Timer Complete
2026-05-11 15:33:00,979 : INFO : Timer.battle_jester_step_11_decision_video : Stopping Timer
2026-05-11 15:33:00,979 : INFO : EventManager : Event: ======'timer_battle_jester_step_11_decision_video_stopped'====== Args={'ticks': 9, 'ticks_remaining': 1}
2026-05-11 15:33:00,979 : INFO : EventManager : Event: ======'timer_battle_jester_step_11_decision_video_complete'====== Args={'ticks': 9, 'ticks_remaining': 1}
2026-05-11 15:33:00,980 : INFO : EventManager : Event: ======'battle_jester_wait_for_decision'====== Args={'priority': 0}
2026-05-11 15:33:01,277 : INFO : EventManager : Event: ======'player_battle_jester_battle_jester_buzz_tower_accepted_delay_tick'====== Args={'value': 6, 'prev_value': 5, 'change': 1, 'player_num': 1}
2026-05-11 15:33:01,277 : INFO : EventManager : Event: ======'timer_battle_jester_buzz_tower_accepted_delay_tick'====== Args={'ticks': 6, 'ticks_remaining': 2}
2026-05-11 15:33:02,280 : INFO : EventManager : Event: ======'player_battle_jester_battle_jester_buzz_tower_accepted_delay_tick'====== Args={'value': 7, 'prev_value': 6, 'change': 1, 'player_num': 1}
2026-05-11 15:33:02,280 : INFO : EventManager : Event: ======'timer_battle_jester_buzz_tower_accepted_delay_tick'====== Args={'ticks': 7, 'ticks_remaining': 1}
2026-05-11 15:33:03,284 : INFO : EventManager : Event: ======'player_battle_jester_battle_jester_buzz_tower_accepted_delay_tick'====== Args={'value': 8, 'prev_value': 7, 'change': 1, 'player_num': 1}
2026-05-11 15:33:03,285 : INFO : Timer.battle_jester_buzz_tower_accepted_delay : Timer Complete
2026-05-11 15:33:03,285 : INFO : Timer.battle_jester_buzz_tower_accepted_delay : Stopping Timer
2026-05-11 15:33:03,285 : INFO : EventManager : Event: ======'timer_battle_jester_buzz_tower_accepted_delay_stopped'====== Args={'ticks': 8, 'ticks_remaining': 1}
2026-05-11 15:33:03,285 : INFO : EventManager : Event: ======'timer_battle_jester_buzz_tower_accepted_delay_complete'====== Args={'ticks': 8, 'ticks_remaining': 1}
2026-05-11 15:33:03,285 : INFO : EventManager : Event: ======'battle_jester_tower_challenge_start'====== Args={'priority': 0}
2026-05-11 15:33:03,285 : INFO : EventManager : Event: ======'battle_jester_deactivate_left_lane_post'====== Args={'priority': 0}
2026-05-11 15:33:03,286 : INFO : coil.c_left_lane_up_post : Disabling Driver
2026-05-11 15:33:03,303 : INFO : EventManager : Event: ======'slide_battle_jester_buzz_tower_accepted_removed'====== Args={'_from_bcp': True}
2026-05-11 15:33:03,334 : INFO : EventManager : Event: ======'slide_battle_jester_instructions_buzz_tower_created'====== Args={'_from_bcp': True}
2026-05-11 15:33:03,409 : INFO : SwitchController : <<<<<<< 's_lane_left' inactive >>>>>>>
2026-05-11 15:33:03,409 : INFO : EventManager : Event: ======'s_lane_left_inactive'====== Args={}
2026-05-11 15:33:03,410 : INFO : EventManager : Event: ======'battle_jester_tower_ball_released'====== Args={'priority': 0}
2026-05-11 15:33:03,410 : INFO : Timer.battle_jester_tower_challenge_timer : Starting Timer.
2026-05-11 15:33:03,410 : INFO : EventManager : Event: ======'timer_battle_jester_tower_challenge_timer_started'====== Args={'ticks': 20, 'ticks_remaining': 20}
2026-05-11 15:33:03,410 : INFO : EventManager : Event: ======'timer_battle_jester_tower_challenge_timer_tick'====== Args={'ticks': 20, 'ticks_remaining': 20}
2026-05-11 15:33:04,401 : INFO : EventManager : Event: ======'player_battle_jester_battle_jester_tower_challenge_timer_tick'====== Args={'value': 19, 'prev_value': 20, 'change': -1, 'player_num': 1}
2026-05-11 15:33:04,401 : INFO : EventManager : Event: ======'timer_battle_jester_tower_challenge_timer_tick'====== Args={'ticks': 19, 'ticks_remaining': 19}
2026-05-11 15:33:04,402 : INFO : EventManager : Event: ======'player_battle_jester_tower_challenge_timer_tick'====== Args={'value': 19, 'prev_value': 20, 'change': -1, 'player_num': 1, 'source': 'battle_jester'}
2026-05-11 15:33:05,403 : INFO : EventManager : Event: ======'player_battle_jester_battle_jester_tower_challenge_timer_tick'====== Args={'value': 18, 'prev_value': 19, 'change': -1, 'player_num': 1}
2026-05-11 15:33:05,403 : INFO : EventManager : Event: ======'timer_battle_jester_tower_challenge_timer_tick'====== Args={'ticks': 18, 'ticks_remaining': 18}
2026-05-11 15:33:05,404 : INFO : EventManager : Event: ======'player_battle_jester_tower_challenge_timer_tick'====== Args={'value': 18, 'prev_value': 19, 'change': -1, 'player_num': 1, 'source': 'battle_jester'}
2026-05-11 15:33:06,404 : INFO : EventManager : Event: ======'player_battle_jester_battle_jester_tower_challenge_timer_tick'====== Args={'value': 17, 'prev_value': 18, 'change': -1, 'player_num': 1}
2026-05-11 15:33:06,404 : INFO : EventManager : Event: ======'timer_battle_jester_tower_challenge_timer_tick'====== Args={'ticks': 17, 'ticks_remaining': 17}
2026-05-11 15:33:06,405 : INFO : EventManager : Event: ======'player_battle_jester_tower_challenge_timer_tick'====== Args={'value': 17, 'prev_value': 18, 'change': -1, 'player_num': 1, 'source': 'battle_jester'}
2026-05-11 15:33:06,859 : INFO : SwitchController : <<<<<<< 's_trough_6' active >>>>>>>
2026-05-11 15:33:06,859 : INFO : EventManager : Event: ======'machine_var_audits_switches_s_trough_6'====== Args={'value': 5615, 'prev_value': 5614, 'change': 1}
2026-05-11 15:33:07,173 : INFO : EventManager : Event: ======'balldevice_bd_trough_ball_count_changed'====== Args={'balls': 6}
2026-05-11 15:33:07,173 : INFO : ball_device.bd_trough : Received unexpected ball
2026-05-11 15:33:07,173 : INFO : EventManager : Event: ======'balldevice_captured_from_playfield'====== Args={'balls': 1}
2026-05-11 15:33:07,174 : INFO : EventManager : Event: ======'sw_playfield_active'====== Args={'balls': 1}
2026-05-11 15:33:07,174 : INFO : EventManager : Event: ======'playfield_ball_count_change'====== Args={'balls': 0, 'change': -1}
2026-05-11 15:33:07,175 : INFO : EventManager : Event: ======'balldevice_bd_trough_ball_enter'====== Args={'new_balls': 1, 'unclaimed_balls': 1, 'new_available_balls': 1, 'device': <ball_device.bd_trough>}
2026-05-11 15:33:07,175 : INFO : EventManager : Event: ======'ball_drain'====== Args={'device': <ball_device.bd_trough>, 'balls': 1}
2026-05-11 15:33:07,175 : INFO : EventManager : Event: ======'extra_ball_drain_cleanup'====== Args={'priority': 0}
2026-05-11 15:33:07,176 : INFO : coil.c_left_lane_up_post : Disabling Driver
2026-05-11 15:33:07,177 : INFO : EventManager : Event: ======'ball_will_end'====== Args={}
2026-05-11 15:33:07,178 : INFO : EventManager : Event: ======'balldevice_balls_available'====== Args={}
2026-05-11 15:33:07,178 : INFO : EventManager : Event: ======'balldevice_bd_trough_ball_entered'====== Args={'new_balls': 1, 'device': <ball_device.bd_trough>}
2026-05-11 15:33:07,179 : INFO : EventManager : Event: ======'mode_tilt_will_stop'====== Args={}
2026-05-11 15:33:07,179 : INFO : EventManager : Event: ======'mode_tilt_stopping'====== Args={}
2026-05-11 15:33:07,179 : INFO : EventManager : Event: ======'player_score'====== Args={'value': 25031625, 'prev_value': 16931625, 'change': 8100000, 'player_num': 1, 'source': 'battle_jester'}
2026-05-11 15:33:07,179 : INFO : EventManager : Event: ======'player_battle_jester_points_awarded'====== Args={'value': 8100000, 'prev_value': 0, 'change': 8100000, 'player_num': 1, 'source': 'battle_jester'}
2026-05-11 15:33:07,179 : INFO : EventManager : Event: ======'player_pilot_mode_drain_pending'====== Args={'value': 1, 'prev_value': 0, 'change': 1, 'player_num': 1, 'source': 'battle_jester'}
2026-05-11 15:33:07,180 : INFO : EventManager : Event: ======'topgun_letters_reset'====== Args={'priority': 0}
2026-05-11 15:33:07,180 : INFO : EventManager : Event: ======'player_mig_completing'====== Args={'value': 0, 'prev_value': 0, 'change': 0, 'player_num': 1, 'source': 'mig_letters'}
2026-05-11 15:33:07,180 : INFO : EventManager : Event: ======'mode_extra_ball_will_stop'====== Args={}
2026-05-11 15:33:07,180 : INFO : EventManager : Event: ======'mode_extra_ball_stopping'====== Args={}
2026-05-11 15:33:07,180 : INFO : coil.c_left_lane_up_post : Disabling Driver
2026-05-11 15:33:07,180 : INFO : Timer.x2_playfield : Stopping Timer
2026-05-11 15:33:07,180 : INFO : EventManager : Event: ======'timer_x2_playfield_stopped'====== Args={'ticks': 90, 'ticks_remaining': 0}
2026-05-11 15:33:07,181 : INFO : Mode.extra_ball : Stopped.
2026-05-11 15:33:07,181 : INFO : EventManager : Event: ======'modes_active_modes_changed'====== Args={}
2026-05-11 15:33:07,181 : INFO : EventManager : Event: ======'mode_extra_ball_stopped'====== Args={}
2026-05-11 15:33:07,181 : INFO : EventManager : Event: ======'clear'====== Args={'key': 'extra_ball'}
2026-05-11 15:33:07,181 : INFO : Timer.extra_ball_hold : Stopping Timer
2026-05-11 15:33:07,181 : INFO : EventManager : Event: ======'timer_extra_ball_hold_stopped'====== Args={'ticks': 5, 'ticks_remaining': 0}
2026-05-11 15:33:07,181 : INFO : Mode.tilt : Stopped.
2026-05-11 15:33:07,181 : INFO : EventManager : Event: ======'modes_active_modes_changed'====== Args={}
2026-05-11 15:33:07,181 : INFO : EventManager : Event: ======'mode_tilt_stopped'====== Args={}
2026-05-11 15:33:07,181 : INFO : EventManager : Event: ======'clear'====== Args={'key': 'tilt'}
2026-05-11 15:33:07,181 : INFO : Timer.tilt_video_delay : Stopping Timer
2026-05-11 15:33:07,181 : INFO : EventManager : Event: ======'timer_tilt_video_delay_stopped'====== Args={'ticks': 0, 'ticks_remaining': 0}
2026-05-11 15:33:07,184 : INFO : EventManager : Event: ======'ball_ending'====== Args={}
2026-05-11 15:33:07,186 : INFO : EventManager : Event: ======'battle_jester_ball_ending_hold'====== Args={}
2026-05-11 15:33:07,186 : INFO : EventManager : Event: ======'battle_jester_tower_lost'====== Args={'priority': 0}
2026-05-11 15:33:07,187 : INFO : EventManager : Event: ======'battle_jester_drain_detected'====== Args={'priority': 0}
2026-05-11 15:33:07,187 : INFO : EventManager : Event: ======'battle_jester_cleanup'====== Args={'priority': 0}
2026-05-11 15:33:07,187 : INFO : EventManager : Event: ======'missiles_perk_unload'====== Args={'priority': 0}
2026-05-11 15:33:07,187 : INFO : EventManager : Event: ======'player_score'====== Args={'value': 29081625, 'prev_value': 25031625, 'change': 4050000, 'player_num': 1, 'source': 'battle_jester'}
2026-05-11 15:33:07,187 : INFO : EventManager : Event: ======'player_battle_jester_points_awarded'====== Args={'value': 4050000, 'prev_value': 8100000, 'change': -4050000, 'player_num': 1, 'source': 'battle_jester'}
2026-05-11 15:33:07,187 : INFO : EventManager : Event: ======'player_battle_jester_complete_flag'====== Args={'value': 1, 'prev_value': 0, 'change': 1, 'player_num': 1, 'source': 'battle_jester'}
2026-05-11 15:33:07,188 : INFO : EventManager : Event: ======'player_mode_battle_jester_played'====== Args={'value': 1, 'prev_value': 0, 'change': 1, 'player_num': 1, 'source': 'pilot_mission_qualifier'}
2026-05-11 15:33:07,188 : INFO : Timer.battle_jester_tower_lost_delay : Starting Timer.
2026-05-11 15:33:07,188 : INFO : EventManager : Event: ======'timer_battle_jester_tower_lost_delay_started'====== Args={'ticks': 0, 'ticks_remaining': 5}
2026-05-11 15:33:07,188 : INFO : EventManager : Event: ======'timer_battle_jester_tower_lost_delay_tick'====== Args={'ticks': 0, 'ticks_remaining': 5}
2026-05-11 15:33:07,189 : INFO : coil.c_left_orbit_diverter : Disabling Driver
2026-05-11 15:33:07,189 : INFO : coil.c_left_lane_up_post : Disabling Driver
2026-05-11 15:33:07,189 : INFO : EventManager : Event: ======'barrier_raise'====== Args={'priority': 0}
2026-05-11 15:33:07,189 : INFO : EventManager : Event: ======'right_ramp_down'====== Args={'priority': 0}
2026-05-11 15:33:07,190 : INFO : Timer.battle_jester_servo_cleanup_delay : Starting Timer.
2026-05-11 15:33:07,190 : INFO : EventManager : Event: ======'timer_battle_jester_servo_cleanup_delay_started'====== Args={'ticks': 0, 'ticks_remaining': 1}
2026-05-11 15:33:07,190 : INFO : EventManager : Event: ======'timer_battle_jester_servo_cleanup_delay_tick'====== Args={'ticks': 0, 'ticks_remaining': 1}
2026-05-11 15:33:07,190 : INFO : coil.c_mode_barrier : Disabling Driver
2026-05-11 15:33:07,191 : INFO : Timer.global_scoop_eject_delay : Stopping Timer
2026-05-11 15:33:07,191 : INFO : EventManager : Event: ======'timer_global_scoop_eject_delay_stopped'====== Args={'ticks': 1, 'ticks_remaining': 1}
2026-05-11 15:33:07,191 : INFO : coil.c_right_orbit_diverter : Disabling Driver
2026-05-11 15:33:07,191 : INFO : Timer.missile_fire_delay : Stopping Timer
2026-05-11 15:33:07,191 : INFO : EventManager : Event: ======'timer_missile_fire_delay_stopped'====== Args={'ticks': 0, 'ticks_remaining': 0}
2026-05-11 15:33:07,191 : INFO : Timer.battle_jester_drain_delay : Starting Timer.
2026-05-11 15:33:07,191 : INFO : EventManager : Event: ======'timer_battle_jester_drain_delay_started'====== Args={'ticks': 0, 'ticks_remaining': 5}
2026-05-11 15:33:07,191 : INFO : EventManager : Event: ======'timer_battle_jester_drain_delay_tick'====== Args={'ticks': 0, 'ticks_remaining': 5}
2026-05-11 15:33:07,207 : INFO : EventManager : Event: ======'slide_battle_jester_shots_remaining_inactive'====== Args={'is_removing': True, '_from_bcp': True}
2026-05-11 15:33:07,207 : INFO : EventManager : Event: ======'slide_battle_jester_instructions_buzz_tower_active'====== Args={'_from_bcp': True}
2026-05-11 15:33:07,207 : INFO : EventManager : Event: ======'slide_battle_jester_shots_remaining_removed'====== Args={'_from_bcp': True}
2026-05-11 15:33:07,208 : INFO : EventManager : Event: ======'slide_battle_jester_instructions_buzz_tower_inactive'====== Args={'is_removing': True, '_from_bcp': True}
2026-05-11 15:33:07,208 : INFO : EventManager : Event: ======'slide_mach_1_active'====== Args={'_from_bcp': True}
2026-05-11 15:33:07,216 : INFO : EventManager : Event: ======'slide_battle_jester_instructions_buzz_tower_removed'====== Args={'_from_bcp': True}
2026-05-11 15:33:07,259 : INFO : EventManager : Event: ======'slide_battle_jester_lost2_video_created'====== Args={'_from_bcp': True}
2026-05-11 15:33:07,260 : INFO : EventManager : Event: ======'slide_mach_1_inactive'====== Args={'is_removing': False, '_from_bcp': True}
2026-05-11 15:33:07,260 : INFO : EventManager : Event: ======'slide_battle_jester_lost2_video_active'====== Args={'original_context': 'battle_jester', 'original_calling_context': 'battle_jester_tower_lost', 'priority': 600.0, 'cmd': 'slides_play', '_from_bcp': True}
2026-05-11 15:33:07,406 : INFO : EventManager : Event: ======'player_battle_jester_battle_jester_tower_challenge_timer_tick'====== Args={'value': 16, 'prev_value': 17, 'change': -1, 'player_num': 1}
2026-05-11 15:33:07,406 : INFO : EventManager : Event: ======'timer_battle_jester_tower_challenge_timer_tick'====== Args={'ticks': 16, 'ticks_remaining': 16}
2026-05-11 15:33:07,407 : INFO : EventManager : Event: ======'player_battle_jester_tower_challenge_timer_tick'====== Args={'value': 16, 'prev_value': 17, 'change': -1, 'player_num': 1, 'source': 'battle_jester'}
2026-05-11 15:33:07,686 : INFO : EventManager : Event: ======'player_battle_jester_battle_jester_servo_cleanup_delay_tick'====== Args={'value': 1, 'prev_value': 0, 'change': 1, 'player_num': 1}
2026-05-11 15:33:07,686 : INFO : Timer.battle_jester_servo_cleanup_delay : Timer Complete
2026-05-11 15:33:07,686 : INFO : Timer.battle_jester_servo_cleanup_delay : Stopping Timer
2026-05-11 15:33:07,686 : INFO : EventManager : Event: ======'timer_battle_jester_servo_cleanup_delay_stopped'====== Args={'ticks': 1, 'ticks_remaining': 1}
2026-05-11 15:33:07,686 : INFO : EventManager : Event: ======'timer_battle_jester_servo_cleanup_delay_complete'====== Args={'ticks': 1, 'ticks_remaining': 1}
2026-05-11 15:33:07,687 : INFO : EventManager : Event: ======'top_ramp_down'====== Args={'priority': 0}
2026-05-11 15:33:08,183 : INFO : EventManager : Event: ======'player_battle_jester_battle_jester_drain_delay_tick'====== Args={'value': 1, 'prev_value': 0, 'change': 1, 'player_num': 1}
2026-05-11 15:33:08,184 : INFO : EventManager : Event: ======'timer_battle_jester_drain_delay_tick'====== Args={'ticks': 1, 'ticks_remaining': 4}
2026-05-11 15:33:08,184 : INFO : EventManager : Event: ======'player_battle_jester_battle_jester_tower_lost_delay_tick'====== Args={'value': 1, 'prev_value': 0, 'change': 1, 'player_num': 1}
2026-05-11 15:33:08,184 : INFO : EventManager : Event: ======'timer_battle_jester_tower_lost_delay_tick'====== Args={'ticks': 1, 'ticks_remaining': 4}
2026-05-11 15:33:08,402 : INFO : EventManager : Event: ======'player_battle_jester_battle_jester_tower_challenge_timer_tick'====== Args={'value': 15, 'prev_value': 16, 'change': -1, 'player_num': 1}
2026-05-11 15:33:08,402 : INFO : EventManager : Event: ======'timer_battle_jester_tower_challenge_timer_tick'====== Args={'ticks': 15, 'ticks_remaining': 15}
2026-05-11 15:33:08,403 : INFO : EventManager : Event: ======'player_battle_jester_tower_challenge_timer_tick'====== Args={'value': 15, 'prev_value': 16, 'change': -1, 'player_num': 1, 'source': 'battle_jester'}
2026-05-11 15:33:09,185 : INFO : EventManager : Event: ======'player_battle_jester_battle_jester_drain_delay_tick'====== Args={'value': 2, 'prev_value': 1, 'change': 1, 'player_num': 1}
2026-05-11 15:33:09,185 : INFO : EventManager : Event: ======'timer_battle_jester_drain_delay_tick'====== Args={'ticks': 2, 'ticks_remaining': 3}
2026-05-11 15:33:09,185 : INFO : EventManager : Event: ======'player_battle_jester_battle_jester_tower_lost_delay_tick'====== Args={'value': 2, 'prev_value': 1, 'change': 1, 'player_num': 1}
2026-05-11 15:33:09,185 : INFO : EventManager : Event: ======'timer_battle_jester_tower_lost_delay_tick'====== Args={'ticks': 2, 'ticks_remaining': 3}
2026-05-11 15:33:09,402 : INFO : EventManager : Event: ======'player_battle_jester_battle_jester_tower_challenge_timer_tick'====== Args={'value': 14, 'prev_value': 15, 'change': -1, 'player_num': 1}
2026-05-11 15:33:09,402 : INFO : EventManager : Event: ======'timer_battle_jester_tower_challenge_timer_tick'====== Args={'ticks': 14, 'ticks_remaining': 14}
2026-05-11 15:33:09,402 : INFO : EventManager : Event: ======'player_battle_jester_tower_challenge_timer_tick'====== Args={'value': 14, 'prev_value': 15, 'change': -1, 'player_num': 1, 'source': 'battle_jester'}
2026-05-11 15:33:10,184 : INFO : EventManager : Event: ======'player_battle_jester_battle_jester_drain_delay_tick'====== Args={'value': 3, 'prev_value': 2, 'change': 1, 'player_num': 1}
2026-05-11 15:33:10,184 : INFO : EventManager : Event: ======'timer_battle_jester_drain_delay_tick'====== Args={'ticks': 3, 'ticks_remaining': 2}
2026-05-11 15:33:10,184 : INFO : EventManager : Event: ======'player_battle_jester_battle_jester_tower_lost_delay_tick'====== Args={'value': 3, 'prev_value': 2, 'change': 1, 'player_num': 1}
2026-05-11 15:33:10,184 : INFO : EventManager : Event: ======'timer_battle_jester_tower_lost_delay_tick'====== Args={'ticks': 3, 'ticks_remaining': 2}
2026-05-11 15:33:10,405 : INFO : EventManager : Event: ======'player_battle_jester_battle_jester_tower_challenge_timer_tick'====== Args={'value': 13, 'prev_value': 14, 'change': -1, 'player_num': 1}
2026-05-11 15:33:10,405 : INFO : EventManager : Event: ======'timer_battle_jester_tower_challenge_timer_tick'====== Args={'ticks': 13, 'ticks_remaining': 13}
2026-05-11 15:33:10,405 : INFO : EventManager : Event: ======'player_battle_jester_tower_challenge_timer_tick'====== Args={'value': 13, 'prev_value': 14, 'change': -1, 'player_num': 1, 'source': 'battle_jester'}
2026-05-11 15:33:11,186 : INFO : EventManager : Event: ======'player_battle_jester_battle_jester_tower_lost_delay_tick'====== Args={'value': 4, 'prev_value': 3, 'change': 1, 'player_num': 1}
2026-05-11 15:33:11,186 : INFO : EventManager : Event: ======'timer_battle_jester_tower_lost_delay_tick'====== Args={'ticks': 4, 'ticks_remaining': 1}
2026-05-11 15:33:11,186 : INFO : EventManager : Event: ======'player_battle_jester_battle_jester_drain_delay_tick'====== Args={'value': 4, 'prev_value': 3, 'change': 1, 'player_num': 1}
2026-05-11 15:33:11,187 : INFO : EventManager : Event: ======'timer_battle_jester_drain_delay_tick'====== Args={'ticks': 4, 'ticks_remaining': 1}
2026-05-11 15:33:11,406 : INFO : EventManager : Event: ======'player_battle_jester_battle_jester_tower_challenge_timer_tick'====== Args={'value': 12, 'prev_value': 13, 'change': -1, 'player_num': 1}
2026-05-11 15:33:11,406 : INFO : EventManager : Event: ======'timer_battle_jester_tower_challenge_timer_tick'====== Args={'ticks': 12, 'ticks_remaining': 12}
2026-05-11 15:33:11,407 : INFO : EventManager : Event: ======'player_battle_jester_tower_challenge_timer_tick'====== Args={'value': 12, 'prev_value': 13, 'change': -1, 'player_num': 1, 'source': 'battle_jester'}
2026-05-11 15:33:11,570 : INFO : EventManager : Event: ======'slide_battle_jester_lost2_video_inactive'====== Args={'is_removing': True, '_from_bcp': True}
2026-05-11 15:33:11,570 : INFO : EventManager : Event: ======'slide_mach_1_active'====== Args={'_from_bcp': True}
2026-05-11 15:33:11,578 : INFO : EventManager : Event: ======'slide_battle_jester_lost2_video_removed'====== Args={'_from_bcp': True}
2026-05-11 15:33:12,183 : INFO : EventManager : Event: ======'player_battle_jester_battle_jester_drain_delay_tick'====== Args={'value': 5, 'prev_value': 4, 'change': 1, 'player_num': 1}
2026-05-11 15:33:12,183 : INFO : Timer.battle_jester_drain_delay : Timer Complete
2026-05-11 15:33:12,184 : INFO : Timer.battle_jester_drain_delay : Stopping Timer
2026-05-11 15:33:12,184 : INFO : EventManager : Event: ======'timer_battle_jester_drain_delay_stopped'====== Args={'ticks': 5, 'ticks_remaining': 1}
2026-05-11 15:33:12,184 : INFO : EventManager : Event: ======'timer_battle_jester_drain_delay_complete'====== Args={'ticks': 5, 'ticks_remaining': 1}
2026-05-11 15:33:12,184 : INFO : EventManager : Event: ======'player_battle_jester_battle_jester_tower_lost_delay_tick'====== Args={'value': 5, 'prev_value': 4, 'change': 1, 'player_num': 1}
2026-05-11 15:33:12,184 : INFO : Timer.battle_jester_tower_lost_delay : Timer Complete
2026-05-11 15:33:12,184 : INFO : Timer.battle_jester_tower_lost_delay : Stopping Timer
2026-05-11 15:33:12,184 : INFO : EventManager : Event: ======'timer_battle_jester_tower_lost_delay_stopped'====== Args={'ticks': 5, 'ticks_remaining': 1}
2026-05-11 15:33:12,184 : INFO : EventManager : Event: ======'timer_battle_jester_tower_lost_delay_complete'====== Args={'ticks': 5, 'ticks_remaining': 1}
2026-05-11 15:33:12,184 : INFO : EventManager : Event: ======'battle_jester_drain_cleanup_complete'====== Args={'priority': 0}
2026-05-11 15:33:12,185 : INFO : EventManager : Event: ======'battle_jester_cleanup'====== Args={'priority': 0}
2026-05-11 15:33:12,185 : INFO : EventManager : Event: ======'mode_battle_jester_will_stop'====== Args={}
2026-05-11 15:33:12,185 : INFO : EventManager : Event: ======'mode_battle_jester_stopping'====== Args={}
2026-05-11 15:33:12,185 : INFO : Timer.battle_jester_spinner_lockout : Stopping Timer
2026-05-11 15:33:12,185 : INFO : EventManager : Event: ======'timer_battle_jester_spinner_lockout_stopped'====== Args={'ticks': 0, 'ticks_remaining': 0}
2026-05-11 15:33:12,185 : INFO : coil.c_left_orbit_diverter : Disabling Driver
2026-05-11 15:33:12,185 : INFO : coil.c_left_lane_up_post : Disabling Driver
2026-05-11 15:33:12,185 : INFO : EventManager : Event: ======'barrier_raise'====== Args={'priority': 0}
2026-05-11 15:33:12,185 : INFO : EventManager : Event: ======'right_ramp_down'====== Args={'priority': 0}
2026-05-11 15:33:12,186 : INFO : EventManager : Event: ======'player_battle_jester_battle_jester_servo_cleanup_delay_tick'====== Args={'value': 0, 'prev_value': 1, 'change': -1, 'player_num': 1}
2026-05-11 15:33:12,186 : INFO : Timer.battle_jester_servo_cleanup_delay : Starting Timer.
2026-05-11 15:33:12,186 : INFO : EventManager : Event: ======'timer_battle_jester_servo_cleanup_delay_started'====== Args={'ticks': 0, 'ticks_remaining': 1}
2026-05-11 15:33:12,186 : INFO : EventManager : Event: ======'timer_battle_jester_servo_cleanup_delay_tick'====== Args={'ticks': 0, 'ticks_remaining': 1}
2026-05-11 15:33:12,186 : INFO : coil.c_mode_barrier : Disabling Driver
2026-05-11 15:33:12,186 : INFO : Timer.global_scoop_eject_delay : Stopping Timer
2026-05-11 15:33:12,186 : INFO : EventManager : Event: ======'timer_global_scoop_eject_delay_stopped'====== Args={'ticks': 1, 'ticks_remaining': 1}
2026-05-11 15:33:12,186 : INFO : coil.c_right_orbit_diverter : Disabling Driver
2026-05-11 15:33:12,186 : INFO : EventManager : Event: ======'pilot_mode_cleanup_complete'====== Args={'priority': 0}
2026-05-11 15:33:12,187 : INFO : EventManager : Event: ======'battle_jester_cleanup'====== Args={'priority': 0}
2026-05-11 15:33:12,187 : INFO : coil.c_left_orbit_diverter : Disabling Driver
2026-05-11 15:33:12,187 : INFO : coil.c_left_lane_up_post : Disabling Driver
2026-05-11 15:33:12,187 : INFO : EventManager : Event: ======'barrier_raise'====== Args={'priority': 0}
2026-05-11 15:33:12,187 : INFO : EventManager : Event: ======'right_ramp_down'====== Args={'priority': 0}
2026-05-11 15:33:12,187 : INFO : EventManager : Event: ======'timer_battle_jester_servo_cleanup_delay_tick'====== Args={'ticks': 0, 'ticks_remaining': 1}
2026-05-11 15:33:12,187 : INFO : coil.c_mode_barrier : Disabling Driver
2026-05-11 15:33:12,188 : INFO : Timer.global_scoop_eject_delay : Stopping Timer
2026-05-11 15:33:12,188 : INFO : EventManager : Event: ======'timer_global_scoop_eject_delay_stopped'====== Args={'ticks': 1, 'ticks_remaining': 1}
2026-05-11 15:33:12,188 : INFO : coil.c_right_orbit_diverter : Disabling Driver
2026-05-11 15:33:12,188 : INFO : Mode.battle_jester : Stopped.
2026-05-11 15:33:12,188 : INFO : EventManager : Event: ======'modes_active_modes_changed'====== Args={}
2026-05-11 15:33:12,190 : INFO : EventManager : Event: ======'mode_battle_jester_stopped'====== Args={}
2026-05-11 15:33:12,190 : INFO : EventManager : Event: ======'clear'====== Args={'key': 'battle_jester'}
2026-05-11 15:33:12,190 : INFO : EventManager : Event: ======'pilot_mission_bonus_ready'====== Args={'priority': 0}
2026-05-11 15:33:12,190 : INFO : EventManager : Event: ======'pilot_mission_drain_complete'====== Args={'priority': 0}
2026-05-11 15:33:12,190 : INFO : EventManager : Event: ======'player_letter_collection_paused'====== Args={'value': 0, 'prev_value': 1, 'change': -1, 'player_num': 1, 'source': 'pilot_mission_qualifier'}
2026-05-11 15:33:12,190 : INFO : EventManager : Event: ======'player_pilot_mode_active'====== Args={'value': 0, 'prev_value': 1, 'change': -1, 'player_num': 1, 'source': 'pilot_mission_qualifier'}
2026-05-11 15:33:12,190 : INFO : EventManager : Event: ======'player_pilot_mode_drain_pending'====== Args={'value': 0, 'prev_value': 1, 'change': -1, 'player_num': 1, 'source': 'pilot_mission_qualifier'}
2026-05-11 15:33:12,190 : INFO : EventManager : Event: ======'update_qualifying_show'====== Args={'priority': 0}
2026-05-11 15:33:12,191 : INFO : EventManager : Event: ======'update_training_qual_lights'====== Args={'priority': 0}
2026-05-11 15:33:12,191 : INFO : Timer.battle_jester_buzz_tower_accepted_delay : Stopping Timer
2026-05-11 15:33:12,191 : INFO : EventManager : Event: ======'timer_battle_jester_buzz_tower_accepted_delay_stopped'====== Args={'ticks': 8, 'ticks_remaining': 1}
2026-05-11 15:33:12,191 : INFO : Timer.battle_jester_step_3_timer : Stopping Timer
2026-05-11 15:33:12,192 : INFO : EventManager : Event: ======'timer_battle_jester_step_3_timer_stopped'====== Args={'ticks': 3, 'ticks_remaining': 27}
2026-05-11 15:33:12,192 : INFO : Timer.battle_jester_tower_challenge_timer : Stopping Timer
2026-05-11 15:33:12,192 : INFO : EventManager : Event: ======'timer_battle_jester_tower_challenge_timer_stopped'====== Args={'ticks': 12, 'ticks_remaining': 12}
2026-05-11 15:33:12,192 : INFO : Timer.battle_jester_step_4_timer : Stopping Timer
2026-05-11 15:33:12,192 : INFO : EventManager : Event: ======'timer_battle_jester_step_4_timer_stopped'====== Args={'ticks': 20, 'ticks_remaining': 1}
2026-05-11 15:33:12,192 : INFO : Timer.battle_jester_timer : Stopping Timer
2026-05-11 15:33:12,192 : INFO : EventManager : Event: ======'timer_battle_jester_timer_stopped'====== Args={'ticks': 17, 'ticks_remaining': 17}
2026-05-11 15:33:12,192 : INFO : Timer.battle_jester_shot_timer_duration : Stopping Timer
2026-05-11 15:33:12,192 : INFO : EventManager : Event: ======'timer_battle_jester_shot_timer_duration_stopped'====== Args={'ticks': 0, 'ticks_remaining': 0}
2026-05-11 15:33:12,192 : INFO : Timer.battle_jester_step_5_timer : Stopping Timer
2026-05-11 15:33:12,192 : INFO : EventManager : Event: ======'timer_battle_jester_step_5_timer_stopped'====== Args={'ticks': 4, 'ticks_remaining': 16}
2026-05-11 15:33:12,192 : INFO : Timer.battle_jester_intro_video_delay : Stopping Timer
2026-05-11 15:33:12,192 : INFO : EventManager : Event: ======'timer_battle_jester_intro_video_delay_stopped'====== Args={'ticks': 2, 'ticks_remaining': 6}
2026-05-11 15:33:12,192 : INFO : Timer.battle_jester_shot_color_change_time : Stopping Timer
2026-05-11 15:33:12,192 : INFO : EventManager : Event: ======'timer_battle_jester_shot_color_change_time_stopped'====== Args={'ticks': 0, 'ticks_remaining': 0}
2026-05-11 15:33:12,192 : INFO : Timer.battle_jester_servo_step3_setup_delay : Stopping Timer
2026-05-11 15:33:12,192 : INFO : EventManager : Event: ======'timer_battle_jester_servo_step3_setup_delay_stopped'====== Args={'ticks': 1, 'ticks_remaining': 1}
2026-05-11 15:33:12,192 : INFO : Timer.battle_jester_barrier_delay : Stopping Timer
2026-05-11 15:33:12,192 : INFO : EventManager : Event: ======'timer_battle_jester_barrier_delay_stopped'====== Args={'ticks': 2, 'ticks_remaining': 1}
2026-05-11 15:33:12,193 : INFO : Timer.battle_jester_shot_grace_period : Stopping Timer
2026-05-11 15:33:12,193 : INFO : EventManager : Event: ======'timer_battle_jester_shot_grace_period_stopped'====== Args={'ticks': 0, 'ticks_remaining': 0}
2026-05-11 15:33:12,193 : INFO : Timer.battle_jester_servo_step3_done_delay : Stopping Timer
2026-05-11 15:33:12,193 : INFO : EventManager : Event: ======'timer_battle_jester_servo_step3_done_delay_stopped'====== Args={'ticks': 1, 'ticks_remaining': 1}
2026-05-11 15:33:12,193 : INFO : Timer.battle_jester_mode_scoop_debounce : Stopping Timer
2026-05-11 15:33:12,193 : INFO : EventManager : Event: ======'timer_battle_jester_mode_scoop_debounce_stopped'====== Args={'ticks': 1, 'ticks_remaining': 1}
2026-05-11 15:33:12,194 : INFO : Timer.battle_jester_drain_delay : Stopping Timer
2026-05-11 15:33:12,194 : INFO : EventManager : Event: ======'timer_battle_jester_drain_delay_stopped'====== Args={'ticks': 5, 'ticks_remaining': 1}
2026-05-11 15:33:12,194 : INFO : Timer.battle_jester_servo_cleanup_delay : Stopping Timer
2026-05-11 15:33:12,194 : INFO : EventManager : Event: ======'timer_battle_jester_servo_cleanup_delay_stopped'====== Args={'ticks': 0, 'ticks_remaining': 1}
2026-05-11 15:33:12,194 : INFO : Timer.battle_jester_step_6_video_delay : Stopping Timer
2026-05-11 15:33:12,194 : INFO : EventManager : Event: ======'timer_battle_jester_step_6_video_delay_stopped'====== Args={'ticks': 8, 'ticks_remaining': 1}
2026-05-11 15:33:12,194 : INFO : Timer.battle_jester_complete_delay : Stopping Timer
2026-05-11 15:33:12,194 : INFO : EventManager : Event: ======'timer_battle_jester_complete_delay_stopped'====== Args={'ticks': 0, 'ticks_remaining': 0}
2026-05-11 15:33:12,194 : INFO : Timer.battle_jester_spinner_lockout : Stopping Timer
2026-05-11 15:33:12,194 : INFO : EventManager : Event: ======'timer_battle_jester_spinner_lockout_stopped'====== Args={'ticks': 0, 'ticks_remaining': 0}
2026-05-11 15:33:12,194 : INFO : Timer.battle_jester_step_7_video_delay : Stopping Timer
2026-05-11 15:33:12,194 : INFO : EventManager : Event: ======'timer_battle_jester_step_7_video_delay_stopped'====== Args={'ticks': 0, 'ticks_remaining': 0}
2026-05-11 15:33:12,194 : INFO : Timer.battle_jester_failed_delay : Stopping Timer
2026-05-11 15:33:12,194 : INFO : EventManager : Event: ======'timer_battle_jester_failed_delay_stopped'====== Args={'ticks': 0, 'ticks_remaining': 0}
2026-05-11 15:33:12,194 : INFO : Timer.battle_jester_step_8_video_delay : Stopping Timer
2026-05-11 15:33:12,194 : INFO : EventManager : Event: ======'timer_battle_jester_step_8_video_delay_stopped'====== Args={'ticks': 0, 'ticks_remaining': 0}
2026-05-11 15:33:12,194 : INFO : Timer.battle_jester_tower_won_delay : Stopping Timer
2026-05-11 15:33:12,194 : INFO : EventManager : Event: ======'timer_battle_jester_tower_won_delay_stopped'====== Args={'ticks': 0, 'ticks_remaining': 0}
2026-05-11 15:33:12,194 : INFO : Timer.battle_jester_step_9_video_delay : Stopping Timer
2026-05-11 15:33:12,194 : INFO : EventManager : Event: ======'timer_battle_jester_step_9_video_delay_stopped'====== Args={'ticks': 0, 'ticks_remaining': 0}
2026-05-11 15:33:12,194 : INFO : Timer.battle_jester_tower_lost_delay : Stopping Timer
2026-05-11 15:33:12,194 : INFO : EventManager : Event: ======'timer_battle_jester_tower_lost_delay_stopped'====== Args={'ticks': 5, 'ticks_remaining': 1}
2026-05-11 15:33:12,196 : INFO : Timer.battle_jester_step_10_video_delay : Stopping Timer
2026-05-11 15:33:12,196 : INFO : EventManager : Event: ======'timer_battle_jester_step_10_video_delay_stopped'====== Args={'ticks': 0, 'ticks_remaining': 0}
2026-05-11 15:33:12,196 : INFO : Timer.battle_jester_step_1_timer : Stopping Timer
2026-05-11 15:33:12,196 : INFO : EventManager : Event: ======'timer_battle_jester_step_1_timer_stopped'====== Args={'ticks': 30, 'ticks_remaining': 1}
2026-05-11 15:33:12,196 : INFO : Timer.battle_jester_step_11_decision_video : Stopping Timer
2026-05-11 15:33:12,196 : INFO : EventManager : Event: ======'timer_battle_jester_step_11_decision_video_stopped'====== Args={'ticks': 9, 'ticks_remaining': 1}
2026-05-11 15:33:12,196 : INFO : Timer.battle_jester_step_2_timer : Stopping Timer
2026-05-11 15:33:12,196 : INFO : EventManager : Event: ======'timer_battle_jester_step_2_timer_stopped'====== Args={'ticks': 3, 'ticks_remaining': 27}
2026-05-11 15:33:12,197 : INFO : EventManager : Event: ======'mode_bonus_will_start'====== Args={'queue': <QueuedEvent>}
2026-05-11 15:33:12,200 : INFO : EventManager : Event: ======'mode_bonus_starting'====== Args={'queue': <QueuedEvent>}
2026-05-11 15:33:12,200 : INFO : Mode.bonus : Started. Priority: 500
2026-05-11 15:33:12,200 : INFO : EventManager : Event: ======'modes_active_modes_changed'====== Args={}
2026-05-11 15:33:12,200 : INFO : EventManager : Event: ======'mode_bonus_started'====== Args={'queue': <QueuedEvent>}
2026-05-11 15:33:12,200 : INFO : coil.c_mode_barrier : Disabling Driver
2026-05-11 15:33:12,201 : INFO : coil.c_left_orbit_diverter : Disabling Driver
2026-05-11 15:33:12,201 : INFO : coil.c_right_orbit_diverter : Disabling Driver
2026-05-11 15:33:12,201 : INFO : EventManager : Event: ======'bonus_start'====== Args={}
2026-05-11 15:33:12,249 : INFO : EventManager : Event: ======'slide_bonus_start_created'====== Args={'_from_bcp': True}
2026-05-11 15:33:12,250 : INFO : EventManager : Event: ======'slide_mach_1_inactive'====== Args={'is_removing': False, '_from_bcp': True}
2026-05-11 15:33:12,250 : INFO : EventManager : Event: ======'slide_bonus_start_active'====== Args={'original_context': 'bonus', 'original_calling_context': 'mode_bonus_started', 'priority': 500.0, 'queue': '<QueuedEvent>', 'cmd': 'slides_play', '_from_bcp': True}
2026-05-11 15:33:12,481 : INFO : EventManager : Event: ======'spot_topgun_letter'====== Args={'priority': 0}
2026-05-11 15:33:12,482 : INFO : EventManager : Event: ======'player_topgun_shots_collected'====== Args={'value': 1, 'prev_value': 0, 'change': 1, 'player_num': 1, 'source': 'pilot_mission_qualifier'}
2026-05-11 15:33:12,482 : INFO : EventManager : Event: ======'topgun_letter_t_lit'====== Args={'priority': 0}
2026-05-11 15:33:12,491 : INFO : EventManager : Event: ======'slide_topgun_0_removed'====== Args={'_from_bcp': True}
2026-05-11 15:33:12,491 : INFO : EventManager : Event: ======'slide_topgun_1_created'====== Args={'_from_bcp': True}
2026-05-11 15:33:14,184 : INFO : Mode.bonus : Bonus Entry 'switches': score: 24500 player_score_entry: bonus_switches_count=70
2026-05-11 15:33:14,184 : INFO : EventManager : Event: ======'bonus_entry'====== Args={'entry': 'switches', 'score': 24500, 'text': 'Switches Hit', 'bonus_score': 24500, 'hits': 70}
2026-05-11 15:33:14,184 : INFO : EventManager : Event: ======'player_bonus_switches_points'====== Args={'value': 24500, 'prev_value': 0, 'change': 24500, 'player_num': 1, 'source': 'bonus'}
2026-05-11 15:33:14,193 : INFO : EventManager : Event: ======'slide_bonus_switches_created'====== Args={'_from_bcp': True}
2026-05-11 15:33:14,193 : INFO : EventManager : Event: ======'slide_bonus_start_inactive'====== Args={'is_removing': False, '_from_bcp': True}
2026-05-11 15:33:14,193 : INFO : EventManager : Event: ======'slide_bonus_switches_active'====== Args={'original_context': 'bonus', 'original_calling_context': 'bonus_entry{entry=="switches"}', 'priority': 500.0, 'entry': 'switches', 'score': 24500.0, 'text': 'Switches Hit', 'bonus_score': 24500.0, 'hits': 70.0, 'cmd': 'slides_play', '_from_bcp': True}
2026-05-11 15:33:16,188 : INFO : Mode.bonus : Bonus Entry 'ramps': score: 22500 player_score_entry: bonus_ramps_count=9
2026-05-11 15:33:16,188 : INFO : EventManager : Event: ======'bonus_entry'====== Args={'entry': 'ramps', 'score': 22500, 'text': 'Ramps Made', 'bonus_score': 47000, 'hits': 9}
2026-05-11 15:33:16,189 : INFO : EventManager : Event: ======'player_bonus_ramps_points'====== Args={'value': 22500, 'prev_value': 0, 'change': 22500, 'player_num': 1, 'source': 'bonus'}
2026-05-11 15:33:16,201 : INFO : EventManager : Event: ======'slide_bonus_ramps_created'====== Args={'_from_bcp': True}
2026-05-11 15:33:16,201 : INFO : EventManager : Event: ======'slide_bonus_switches_inactive'====== Args={'is_removing': False, '_from_bcp': True}
2026-05-11 15:33:16,203 : INFO : EventManager : Event: ======'slide_bonus_ramps_active'====== Args={'original_context': 'bonus', 'original_calling_context': 'bonus_entry{entry=="ramps"}', 'priority': 500.0, 'entry': 'ramps', 'score': 22500.0, 'text': 'Ramps Made', 'bonus_score': 47000.0, 'hits': 9.0, 'cmd': 'slides_play', '_from_bcp': True}
2026-05-11 15:33:18,180 : INFO : Mode.bonus : Bonus Entry 'highest_mach': score: 50000 player_score_entry: bonus_highest_mach=1
2026-05-11 15:33:18,180 : INFO : EventManager : Event: ======'bonus_entry'====== Args={'entry': 'highest_mach', 'score': 50000, 'text': 'Highest Mach Level', 'bonus_score': 97000, 'hits': 1}
2026-05-11 15:33:18,180 : INFO : EventManager : Event: ======'player_bonus_highest_mach_points'====== Args={'value': 50000, 'prev_value': 0, 'change': 50000, 'player_num': 1, 'source': 'bonus'}
2026-05-11 15:33:18,196 : INFO : EventManager : Event: ======'slide_bonus_highest_mach_created'====== Args={'_from_bcp': True}
2026-05-11 15:33:18,196 : INFO : EventManager : Event: ======'slide_bonus_ramps_inactive'====== Args={'is_removing': False, '_from_bcp': True}
2026-05-11 15:33:18,196 : INFO : EventManager : Event: ======'slide_bonus_highest_mach_active'====== Args={'original_context': 'bonus', 'original_calling_context': 'bonus_entry{entry=="highest_mach"}', 'priority': 500.0, 'entry': 'highest_mach', 'score': 50000.0, 'text': 'Highest Mach Level', 'bonus_score': 97000.0, 'hits': 1.0, 'cmd': 'slides_play', '_from_bcp': True}
2026-05-11 15:33:18,278 : INFO : Machine : Shutting down...
2026-05-11 15:33:18,278 : INFO : EventManager : Event: ======'shutdown'====== Args={}
2026-05-11 15:33:18,278 : INFO : coil.c_left_lane_up_post : Disabling Driver
2026-05-11 15:33:18,278 : INFO : coil.c_left_mig_up_post : Disabling Driver
2026-05-11 15:33:18,278 : INFO : coil.c_right_mig_up_post : Disabling Driver
2026-05-11 15:33:18,278 : INFO : coil.c_left_orbit_diverter : Disabling Driver
2026-05-11 15:33:18,278 : INFO : coil.c_right_orbit_diverter : Disabling Driver
2026-05-11 15:33:18,278 : INFO : coil.c_mode_barrier : Disabling Driver
2026-05-11 15:33:18,278 : INFO : coil.c_coin_door_led : Disabling Driver
2026-05-11 15:33:18,278 : INFO : coil.c_start_button_led : Disabling Driver
2026-05-11 15:33:18,279 : INFO : EventManager : Event: ======'right_ramp_down'====== Args={'priority': 0}
2026-05-11 15:33:18,279 : INFO : EventManager : Event: ======'lock_released'====== Args={'priority': 0}
2026-05-11 15:33:18,280 : INFO : coil.c_right_orbit_diverter : Disabling Driver
2026-05-11 15:33:18,281 : INFO : EventManager : Event: ======'mode_game_will_stop'====== Args={}
2026-05-11 15:33:18,283 : INFO : EventManager : Event: ======'mode_game_stopping'====== Args={}
2026-05-11 15:33:18,285 : INFO : EventManager : Event: ======'mode_pilot_mission_qualifier_will_stop'====== Args={}
2026-05-11 15:33:18,285 : INFO : EventManager : Event: ======'mode_pilot_mission_qualifier_stopping'====== Args={}
2026-05-11 15:33:18,285 : INFO : EventManager : Event: ======'mode_shot_made_callout_randomizer_will_stop'====== Args={}
2026-05-11 15:33:18,285 : INFO : EventManager : Event: ======'mode_shot_made_callout_randomizer_stopping'====== Args={}
2026-05-11 15:33:18,285 : INFO : EventManager : Event: ======'mode_hard_deck_qualifiers_will_stop'====== Args={}
2026-05-11 15:33:18,285 : INFO : EventManager : Event: ======'mode_hard_deck_qualifiers_stopping'====== Args={}
2026-05-11 15:33:18,286 : INFO : EventManager : Event: ======'mode_shot_missed_callout_randomizer_will_stop'====== Args={}
2026-05-11 15:33:18,286 : INFO : EventManager : Event: ======'mode_shot_missed_callout_randomizer_stopping'====== Args={}
2026-05-11 15:33:18,286 : INFO : EventManager : Event: ======'mode_base_will_stop'====== Args={}
2026-05-11 15:33:18,286 : INFO : EventManager : Event: ======'mode_base_stopping'====== Args={}
2026-05-11 15:33:18,286 : INFO : EventManager : Event: ======'mode_ball_save_will_stop'====== Args={}
2026-05-11 15:33:18,286 : INFO : EventManager : Event: ======'mode_ball_save_stopping'====== Args={}
2026-05-11 15:33:18,286 : INFO : EventManager : Event: ======'mode_bumpers_will_stop'====== Args={}
2026-05-11 15:33:18,286 : INFO : EventManager : Event: ======'mode_bumpers_stopping'====== Args={}
2026-05-11 15:33:18,286 : INFO : EventManager : Event: ======'mode_mig_letters_will_stop'====== Args={}
2026-05-11 15:33:18,286 : INFO : EventManager : Event: ======'mode_mig_letters_stopping'====== Args={}
2026-05-11 15:33:18,287 : INFO : EventManager : Event: ======'mode_2x_playfield_will_stop'====== Args={}
2026-05-11 15:33:18,287 : INFO : EventManager : Event: ======'mode_2x_playfield_stopping'====== Args={}
2026-05-11 15:33:18,287 : INFO : EventManager : Event: ======'mode_bonus_will_stop'====== Args={}
2026-05-11 15:33:18,287 : INFO : EventManager : Event: ======'mode_bonus_stopping'====== Args={}
2026-05-11 15:33:18,287 : INFO : EventManager : Event: ======'mode_default_sounds_will_stop'====== Args={}
2026-05-11 15:33:18,287 : INFO : EventManager : Event: ======'mode_default_sounds_stopping'====== Args={}
2026-05-11 15:33:18,287 : INFO : EventManager : Event: ======'mode_top_gun_multiball_locks_will_stop'====== Args={}
2026-05-11 15:33:18,287 : INFO : EventManager : Event: ======'mode_top_gun_multiball_locks_stopping'====== Args={}
2026-05-11 15:33:18,287 : INFO : EventManager : Event: ======'mode_goose_letters_will_stop'====== Args={}
2026-05-11 15:33:18,287 : INFO : EventManager : Event: ======'mode_goose_letters_stopping'====== Args={}
2026-05-11 15:33:18,287 : INFO : EventManager : Event: ======'mode_iceman_letters_will_stop'====== Args={}
2026-05-11 15:33:18,287 : INFO : EventManager : Event: ======'mode_iceman_letters_stopping'====== Args={}
2026-05-11 15:33:18,287 : INFO : EventManager : Event: ======'mode_mach_scoring_will_stop'====== Args={}
2026-05-11 15:33:18,287 : INFO : EventManager : Event: ======'mode_mach_scoring_stopping'====== Args={}
2026-05-11 15:33:18,288 : INFO : coil.c_left_lane_up_post : Disabling Driver
2026-05-11 15:33:18,288 : INFO : Timer.hd_training_choice_timer : Stopping Timer
2026-05-11 15:33:18,289 : INFO : EventManager : Event: ======'timer_hd_training_choice_timer_stopped'====== Args={'ticks': 15, 'ticks_remaining': 0}
2026-05-11 15:33:18,289 : INFO : EventManager : Event: ======'stop_mode_bumpers'====== Args={'priority': 0}
2026-05-11 15:33:18,289 : INFO : coil.c_lock_diverter_magnet : Disabling Driver
2026-05-11 15:33:18,289 : INFO : Timer.lock_diverter_timeout : Stopping Timer
2026-05-11 15:33:18,289 : INFO : EventManager : Event: ======'timer_lock_diverter_timeout_stopped'====== Args={'ticks': 0, 'ticks_remaining': 0}
2026-05-11 15:33:18,289 : INFO : Timer.mb_mode_choice_timer : Stopping Timer
2026-05-11 15:33:18,289 : INFO : EventManager : Event: ======'timer_mb_mode_choice_timer_stopped'====== Args={'ticks': 15, 'ticks_remaining': 0}
2026-05-11 15:33:18,289 : INFO : Timer.lock_goose_debounce : Stopping Timer
2026-05-11 15:33:18,289 : INFO : EventManager : Event: ======'timer_lock_goose_debounce_stopped'====== Args={'ticks': 0, 'ticks_remaining': 0}
2026-05-11 15:33:18,289 : INFO : Timer.lock_mav_debounce : Stopping Timer
2026-05-11 15:33:18,289 : INFO : EventManager : Event: ======'timer_lock_mav_debounce_stopped'====== Args={'ticks': 0, 'ticks_remaining': 0}
2026-05-11 15:33:18,290 : INFO : Timer.lock_goose_callout_delay : Stopping Timer
2026-05-11 15:33:18,290 : INFO : EventManager : Event: ======'timer_lock_goose_callout_delay_stopped'====== Args={'ticks': 0, 'ticks_remaining': 0}
2026-05-11 15:33:18,290 : INFO : Timer.lock_goose_serve_delay : Stopping Timer
2026-05-11 15:33:18,290 : INFO : EventManager : Event: ======'timer_lock_goose_serve_delay_stopped'====== Args={'ticks': 0, 'ticks_remaining': 0}
2026-05-11 15:33:18,290 : INFO : Timer.lock_mav_mb_lit_callout_delay : Stopping Timer
2026-05-11 15:33:18,290 : INFO : EventManager : Event: ======'timer_lock_mav_mb_lit_callout_delay_stopped'====== Args={'ticks': 0, 'ticks_remaining': 0}
2026-05-11 15:33:18,290 : INFO : Timer.lock_mav_serve_delay : Stopping Timer
2026-05-11 15:33:18,290 : INFO : EventManager : Event: ======'timer_lock_mav_serve_delay_stopped'====== Args={'ticks': 0, 'ticks_remaining': 0}
2026-05-11 15:33:18,290 : INFO : Timer.lock_resume_arm : Stopping Timer
2026-05-11 15:33:18,290 : INFO : EventManager : Event: ======'timer_lock_resume_arm_stopped'====== Args={'ticks': 0, 'ticks_remaining': 0}
2026-05-11 15:33:18,290 : INFO : Mode.mach_scoring : Stopped.
2026-05-11 15:33:18,290 : INFO : EventManager : Event: ======'modes_active_modes_changed'====== Args={}
2026-05-11 15:33:18,291 : INFO : EventManager : Event: ======'mode_mach_scoring_stopped'====== Args={}
2026-05-11 15:33:18,291 : INFO : EventManager : Event: ======'clear'====== Args={'key': 'mach_scoring'}
2026-05-11 15:33:18,291 : INFO : Timer.mach_qualify_timer : Stopping Timer
2026-05-11 15:33:18,291 : INFO : EventManager : Event: ======'timer_mach_qualify_timer_stopped'====== Args={'ticks': 0, 'ticks_remaining': 1}
2026-05-11 15:33:18,291 : INFO : Timer.mach_timer : Stopping Timer
2026-05-11 15:33:18,291 : INFO : EventManager : Event: ======'timer_mach_timer_stopped'====== Args={'ticks': 0, 'ticks_remaining': 1}
2026-05-11 15:33:18,291 : INFO : Mode.iceman_letters : Stopped.
2026-05-11 15:33:18,291 : INFO : EventManager : Event: ======'modes_active_modes_changed'====== Args={}
2026-05-11 15:33:18,294 : INFO : EventManager : Event: ======'mode_iceman_letters_stopped'====== Args={}
2026-05-11 15:33:18,294 : INFO : EventManager : Event: ======'clear'====== Args={'key': 'iceman_letters'}
2026-05-11 15:33:18,294 : INFO : Timer.right_mig_post_timer : Stopping Timer
2026-05-11 15:33:18,294 : INFO : EventManager : Event: ======'timer_right_mig_post_timer_stopped'====== Args={'ticks': 0, 'ticks_remaining': 0}
2026-05-11 15:33:18,294 : INFO : Timer.iceman_reset : Stopping Timer
2026-05-11 15:33:18,294 : INFO : EventManager : Event: ======'timer_iceman_reset_stopped'====== Args={'ticks': 0, 'ticks_remaining': 0}
2026-05-11 15:33:18,294 : INFO : Timer.right_orbit_lockout_timer : Stopping Timer
2026-05-11 15:33:18,294 : INFO : EventManager : Event: ======'timer_right_orbit_lockout_timer_stopped'====== Args={'ticks': 3, 'ticks_remaining': 1}
2026-05-11 15:33:18,295 : INFO : Timer.left_mig_post_timer : Stopping Timer
2026-05-11 15:33:18,295 : INFO : EventManager : Event: ======'timer_left_mig_post_timer_stopped'====== Args={'ticks': 0, 'ticks_remaining': 0}
2026-05-11 15:33:18,295 : INFO : Mode.goose_letters : Stopped.
2026-05-11 15:33:18,295 : INFO : EventManager : Event: ======'modes_active_modes_changed'====== Args={}
2026-05-11 15:33:18,295 : INFO : EventManager : Event: ======'mode_goose_letters_stopped'====== Args={}
2026-05-11 15:33:18,296 : INFO : EventManager : Event: ======'clear'====== Args={'key': 'goose_letters'}
2026-05-11 15:33:18,296 : INFO : Timer.extra_ball_lit_slide_dismiss : Stopping Timer
2026-05-11 15:33:18,296 : INFO : EventManager : Event: ======'timer_extra_ball_lit_slide_dismiss_stopped'====== Args={'ticks': 0, 'ticks_remaining': 0}
2026-05-11 15:33:18,296 : INFO : Timer.goose_reset : Stopping Timer
2026-05-11 15:33:18,296 : INFO : EventManager : Event: ======'timer_goose_reset_stopped'====== Args={'ticks': 1, 'ticks_remaining': 1}
2026-05-11 15:33:18,296 : INFO : Timer.missile_fire_delay : Stopping Timer
2026-05-11 15:33:18,296 : INFO : EventManager : Event: ======'timer_missile_fire_delay_stopped'====== Args={'ticks': 0, 'ticks_remaining': 0}
2026-05-11 15:33:18,296 : INFO : Mode.top_gun_multiball_locks : Stopped.
2026-05-11 15:33:18,296 : INFO : EventManager : Event: ======'modes_active_modes_changed'====== Args={}
2026-05-11 15:33:18,297 : INFO : EventManager : Event: ======'mode_top_gun_multiball_locks_stopped'====== Args={}
2026-05-11 15:33:18,297 : INFO : EventManager : Event: ======'clear'====== Args={'key': 'top_gun_multiball_locks'}
2026-05-11 15:33:18,297 : INFO : Timer.lock_mb_release_delay : Stopping Timer
2026-05-11 15:33:18,297 : INFO : EventManager : Event: ======'timer_lock_mb_release_delay_stopped'====== Args={'ticks': 0, 'ticks_remaining': 0}
2026-05-11 15:33:18,297 : INFO : Timer.lock_letter_sound_delay : Stopping Timer
2026-05-11 15:33:18,297 : INFO : EventManager : Event: ======'timer_lock_letter_sound_delay_stopped'====== Args={'ticks': 0, 'ticks_remaining': 0}
2026-05-11 15:33:18,297 : INFO : Timer.lock_goose_callout_delay : Stopping Timer
2026-05-11 15:33:18,297 : INFO : EventManager : Event: ======'timer_lock_goose_callout_delay_stopped'====== Args={'ticks': 0, 'ticks_remaining': 0}
2026-05-11 15:33:18,297 : INFO : Timer.lock_mav_serve_delay : Stopping Timer
2026-05-11 15:33:18,297 : INFO : EventManager : Event: ======'timer_lock_mav_serve_delay_stopped'====== Args={'ticks': 0, 'ticks_remaining': 0}
2026-05-11 15:33:18,297 : INFO : Timer.lock_mb_barrier_delay : Stopping Timer
2026-05-11 15:33:18,298 : INFO : EventManager : Event: ======'timer_lock_mb_barrier_delay_stopped'====== Args={'ticks': 0, 'ticks_remaining': 0}
2026-05-11 15:33:18,298 : INFO : Timer.lock_partial_callout_cooldown : Stopping Timer
2026-05-11 15:33:18,298 : INFO : EventManager : Event: ======'timer_lock_partial_callout_cooldown_stopped'====== Args={'ticks': 0, 'ticks_remaining': 0}
2026-05-11 15:33:18,298 : INFO : Timer.lock_goose_debounce : Stopping Timer
2026-05-11 15:33:18,298 : INFO : EventManager : Event: ======'timer_lock_goose_debounce_stopped'====== Args={'ticks': 0, 'ticks_remaining': 0}
2026-05-11 15:33:18,298 : INFO : Timer.lock_goose_serve_delay : Stopping Timer
2026-05-11 15:33:18,298 : INFO : EventManager : Event: ======'timer_lock_goose_serve_delay_stopped'====== Args={'ticks': 0, 'ticks_remaining': 0}
2026-05-11 15:33:18,298 : INFO : Timer.lock_resume_arm : Stopping Timer
2026-05-11 15:33:18,298 : INFO : EventManager : Event: ======'timer_lock_resume_arm_stopped'====== Args={'ticks': 0, 'ticks_remaining': 0}
2026-05-11 15:33:18,298 : INFO : Timer.lock_mb_eject_debounce : Stopping Timer
2026-05-11 15:33:18,298 : INFO : EventManager : Event: ======'timer_lock_mb_eject_debounce_stopped'====== Args={'ticks': 0, 'ticks_remaining': 0}
2026-05-11 15:33:18,298 : INFO : Timer.mb_mode_choice_timer : Stopping Timer
2026-05-11 15:33:18,298 : INFO : EventManager : Event: ======'timer_mb_mode_choice_timer_stopped'====== Args={'ticks': 15, 'ticks_remaining': 0}
2026-05-11 15:33:18,298 : INFO : Timer.lock_mav_debounce : Stopping Timer
2026-05-11 15:33:18,298 : INFO : EventManager : Event: ======'timer_lock_mav_debounce_stopped'====== Args={'ticks': 0, 'ticks_remaining': 0}
2026-05-11 15:33:18,298 : INFO : Timer.lock_mav_mb_lit_callout_delay : Stopping Timer
2026-05-11 15:33:18,298 : INFO : EventManager : Event: ======'timer_lock_mav_mb_lit_callout_delay_stopped'====== Args={'ticks': 0, 'ticks_remaining': 0}
2026-05-11 15:33:18,299 : INFO : Timer.lock_diverter_timeout : Stopping Timer
2026-05-11 15:33:18,299 : INFO : EventManager : Event: ======'timer_lock_diverter_timeout_stopped'====== Args={'ticks': 0, 'ticks_remaining': 0}
2026-05-11 15:33:18,299 : INFO : Mode.default_sounds : Stopped.
2026-05-11 15:33:18,299 : INFO : EventManager : Event: ======'modes_active_modes_changed'====== Args={}
2026-05-11 15:33:18,299 : INFO : EventManager : Event: ======'mode_default_sounds_stopped'====== Args={}
2026-05-11 15:33:18,299 : INFO : EventManager : Event: ======'clear'====== Args={'key': 'default_sounds'}
2026-05-11 15:33:18,299 : INFO : Mode.bonus : Stopped.
2026-05-11 15:33:18,300 : INFO : EventManager : Event: ======'modes_active_modes_changed'====== Args={}
2026-05-11 15:33:18,300 : INFO : EventManager : Event: ======'mode_bonus_stopped'====== Args={}
2026-05-11 15:33:18,300 : INFO : EventManager : Event: ======'clear'====== Args={'key': 'bonus'}
2026-05-11 15:33:18,300 : INFO : Mode.2x_playfield : Stopped.
2026-05-11 15:33:18,300 : INFO : EventManager : Event: ======'modes_active_modes_changed'====== Args={}
2026-05-11 15:33:18,301 : INFO : EventManager : Event: ======'mode_2x_playfield_stopped'====== Args={}
2026-05-11 15:33:18,301 : INFO : EventManager : Event: ======'clear'====== Args={'key': '2x_playfield'}
2026-05-11 15:33:18,301 : INFO : Timer.x2_playfield : Stopping Timer
2026-05-11 15:33:18,301 : INFO : EventManager : Event: ======'timer_x2_playfield_stopped'====== Args={'ticks': 90, 'ticks_remaining': 0}
2026-05-11 15:33:18,301 : INFO : Mode.mig_letters : Stopped.
2026-05-11 15:33:18,301 : INFO : EventManager : Event: ======'modes_active_modes_changed'====== Args={}
2026-05-11 15:33:18,301 : INFO : EventManager : Event: ======'mode_mig_letters_stopped'====== Args={}
2026-05-11 15:33:18,301 : INFO : EventManager : Event: ======'clear'====== Args={'key': 'mig_letters'}
2026-05-11 15:33:18,301 : INFO : Timer.mig_reset : Stopping Timer
2026-05-11 15:33:18,301 : INFO : EventManager : Event: ======'timer_mig_reset_stopped'====== Args={'ticks': 0, 'ticks_remaining': 0}
2026-05-11 15:33:18,302 : INFO : Mode.bumpers : Stopped.
2026-05-11 15:33:18,302 : INFO : EventManager : Event: ======'modes_active_modes_changed'====== Args={}
2026-05-11 15:33:18,302 : INFO : EventManager : Event: ======'mode_bumpers_stopped'====== Args={}
2026-05-11 15:33:18,302 : INFO : EventManager : Event: ======'clear'====== Args={'key': 'bumpers'}
2026-05-11 15:33:18,302 : INFO : Mode.ball_save : Stopped.
2026-05-11 15:33:18,302 : INFO : EventManager : Event: ======'modes_active_modes_changed'====== Args={}
2026-05-11 15:33:18,302 : INFO : EventManager : Event: ======'mode_ball_save_stopped'====== Args={}
2026-05-11 15:33:18,302 : INFO : EventManager : Event: ======'clear'====== Args={'key': 'ball_save'}
2026-05-11 15:33:18,303 : INFO : Timer.scoop_save_countdown : Stopping Timer
2026-05-11 15:33:18,303 : INFO : EventManager : Event: ======'timer_scoop_save_countdown_stopped'====== Args={'ticks': 0, 'ticks_remaining': 1}
2026-05-11 15:33:18,303 : INFO : Timer.ball_save_countdown : Stopping Timer
2026-05-11 15:33:18,303 : INFO : EventManager : Event: ======'timer_ball_save_countdown_stopped'====== Args={'ticks': 0, 'ticks_remaining': 1}
2026-05-11 15:33:18,303 : INFO : Timer.ball_save_auto_plunger_delay : Stopping Timer
2026-05-11 15:33:18,303 : INFO : EventManager : Event: ======'timer_ball_save_auto_plunger_delay_stopped'====== Args={'ticks': 5, 'ticks_remaining': 1}
2026-05-11 15:33:18,303 : INFO : Timer.mode_ball_save_countdown : Stopping Timer
2026-05-11 15:33:18,303 : INFO : EventManager : Event: ======'timer_mode_ball_save_countdown_stopped'====== Args={'ticks': 30, 'ticks_remaining': 0}
2026-05-11 15:33:18,303 : INFO : Timer.consecutive_save_window : Stopping Timer
2026-05-11 15:33:18,303 : INFO : EventManager : Event: ======'timer_consecutive_save_window_stopped'====== Args={'ticks': 0, 'ticks_remaining': 1}
2026-05-11 15:33:18,303 : INFO : Mode.base : Stopped.
2026-05-11 15:33:18,303 : INFO : EventManager : Event: ======'modes_active_modes_changed'====== Args={}
2026-05-11 15:33:18,304 : INFO : EventManager : Event: ======'mode_base_stopped'====== Args={}
2026-05-11 15:33:18,304 : INFO : EventManager : Event: ======'clear'====== Args={'key': 'base'}
2026-05-11 15:33:18,304 : INFO : Timer.wingman_post_win_plunge_delay : Stopping Timer
2026-05-11 15:33:18,304 : INFO : EventManager : Event: ======'timer_wingman_post_win_plunge_delay_stopped'====== Args={'ticks': 0, 'ticks_remaining': 0}
2026-05-11 15:33:18,304 : INFO : Timer.spinner_inactivity : Stopping Timer
2026-05-11 15:33:18,305 : INFO : EventManager : Event: ======'timer_spinner_inactivity_stopped'====== Args={'ticks': 0, 'ticks_remaining': 1}
2026-05-11 15:33:18,305 : INFO : Timer.wingman_post_win_mig_delay : Stopping Timer
2026-05-11 15:33:18,305 : INFO : EventManager : Event: ======'timer_wingman_post_win_mig_delay_stopped'====== Args={'ticks': 0, 'ticks_remaining': 0}
2026-05-11 15:33:18,305 : INFO : Timer.status_mode_entry : Stopping Timer
2026-05-11 15:33:18,305 : INFO : EventManager : Event: ======'timer_status_mode_entry_stopped'====== Args={'ticks': 0, 'ticks_remaining': 4}
2026-05-11 15:33:18,305 : INFO : Timer.wingman_post_win_mig_hold : Stopping Timer
2026-05-11 15:33:18,305 : INFO : EventManager : Event: ======'timer_wingman_post_win_mig_hold_stopped'====== Args={'ticks': 0, 'ticks_remaining': 0}
2026-05-11 15:33:18,305 : INFO : Mode.shot_missed_callout_randomizer : Stopped.
2026-05-11 15:33:18,305 : INFO : EventManager : Event: ======'modes_active_modes_changed'====== Args={}
2026-05-11 15:33:18,305 : INFO : EventManager : Event: ======'mode_shot_missed_callout_randomizer_stopped'====== Args={}
2026-05-11 15:33:18,305 : INFO : EventManager : Event: ======'clear'====== Args={'key': 'shot_missed_callout_randomizer'}
2026-05-11 15:33:18,305 : INFO : Mode.hard_deck_qualifiers : Stopped.
2026-05-11 15:33:18,305 : INFO : EventManager : Event: ======'modes_active_modes_changed'====== Args={}
2026-05-11 15:33:18,306 : INFO : EventManager : Event: ======'mode_hard_deck_qualifiers_stopped'====== Args={}
2026-05-11 15:33:18,306 : INFO : EventManager : Event: ======'clear'====== Args={'key': 'hard_deck_qualifiers'}
2026-05-11 15:33:18,306 : INFO : Timer.hd_training_choice_timer : Stopping Timer
2026-05-11 15:33:18,306 : INFO : EventManager : Event: ======'timer_hd_training_choice_timer_stopped'====== Args={'ticks': 15, 'ticks_remaining': 0}
2026-05-11 15:33:18,306 : INFO : Mode.shot_made_callout_randomizer : Stopped.
2026-05-11 15:33:18,306 : INFO : EventManager : Event: ======'modes_active_modes_changed'====== Args={}
2026-05-11 15:33:18,307 : INFO : EventManager : Event: ======'mode_shot_made_callout_randomizer_stopped'====== Args={}
2026-05-11 15:33:18,307 : INFO : EventManager : Event: ======'clear'====== Args={'key': 'shot_made_callout_randomizer'}
2026-05-11 15:33:18,307 : INFO : Mode.pilot_mission_qualifier : Stopped.
2026-05-11 15:33:18,307 : INFO : EventManager : Event: ======'modes_active_modes_changed'====== Args={}
2026-05-11 15:33:18,312 : INFO : EventManager : Event: ======'mode_pilot_mission_qualifier_stopped'====== Args={}
2026-05-11 15:33:18,312 : INFO : EventManager : Event: ======'clear'====== Args={'key': 'pilot_mission_qualifier'}
2026-05-11 15:33:18,312 : INFO : Timer.inverted_bonus_topgun_delay : Stopping Timer
2026-05-11 15:33:18,312 : INFO : EventManager : Event: ======'timer_inverted_bonus_topgun_delay_stopped'====== Args={'ticks': 0, 'ticks_remaining': 0}
2026-05-11 15:33:18,313 : INFO : Timer.post_mb_barrier_restore : Stopping Timer
2026-05-11 15:33:18,313 : INFO : EventManager : Event: ======'timer_post_mb_barrier_restore_stopped'====== Args={'ticks': 0, 'ticks_remaining': 0}
2026-05-11 15:33:18,313 : INFO : Timer.skillshot_video_running : Stopping Timer
2026-05-11 15:33:18,313 : INFO : EventManager : Event: ======'timer_skillshot_video_running_stopped'====== Args={'ticks': 1, 'ticks_remaining': 1}
2026-05-11 15:33:18,313 : INFO : Timer.left_orbit_shot_timeout : Stopping Timer
2026-05-11 15:33:18,313 : INFO : EventManager : Event: ======'timer_left_orbit_shot_timeout_stopped'====== Args={'ticks': 3, 'ticks_remaining': 1}
2026-05-11 15:33:18,313 : INFO : Timer.orbit_shot_lockout_timer : Stopping Timer
2026-05-11 15:33:18,313 : INFO : EventManager : Event: ======'timer_orbit_shot_lockout_timer_stopped'====== Args={'ticks': 1, 'ticks_remaining': 1}
2026-05-11 15:33:18,313 : INFO : Timer.left_diverter_tl_hold : Stopping Timer
2026-05-11 15:33:18,313 : INFO : EventManager : Event: ======'timer_left_diverter_tl_hold_stopped'====== Args={'ticks': 0, 'ticks_remaining': 0}
2026-05-11 15:33:18,314 : INFO : Timer.topgun_ll_qualify_window : Stopping Timer
2026-05-11 15:33:18,314 : INFO : EventManager : Event: ======'timer_topgun_ll_qualify_window_stopped'====== Args={'ticks': 1, 'ticks_remaining': 1}
2026-05-11 15:33:18,314 : INFO : Timer.spinner_shot_timeout : Stopping Timer
2026-05-11 15:33:18,314 : INFO : EventManager : Event: ======'timer_spinner_shot_timeout_stopped'====== Args={'ticks': 2, 'ticks_remaining': 1}
2026-05-11 15:33:18,314 : INFO : Timer.right_orbit_shot_timeout : Stopping Timer
2026-05-11 15:33:18,314 : INFO : EventManager : Event: ======'timer_right_orbit_shot_timeout_stopped'====== Args={'ticks': 3, 'ticks_remaining': 1}
2026-05-11 15:33:18,314 : INFO : Timer.post_plunge_orbit_lockout : Stopping Timer
2026-05-11 15:33:18,314 : INFO : EventManager : Event: ======'timer_post_plunge_orbit_lockout_stopped'====== Args={'ticks': 3, 'ticks_remaining': 1}
2026-05-11 15:33:18,314 : INFO : Timer.global_scoop_eject_delay : Stopping Timer
2026-05-11 15:33:18,314 : INFO : EventManager : Event: ======'timer_global_scoop_eject_delay_stopped'====== Args={'ticks': 1, 'ticks_remaining': 1}
2026-05-11 15:33:18,314 : INFO : Timer.spinner_shot_lockout : Stopping Timer
2026-05-11 15:33:18,314 : INFO : EventManager : Event: ======'timer_spinner_shot_lockout_stopped'====== Args={'ticks': 2, 'ticks_remaining': 1}
2026-05-11 15:33:18,315 : INFO : Timer.left_diverter_tl_hold : Stopping Timer
2026-05-11 15:33:18,315 : INFO : EventManager : Event: ======'timer_left_diverter_tl_hold_stopped'====== Args={'ticks': 0, 'ticks_remaining': 0}
2026-05-11 15:33:18,315 : INFO : Mode.game : Stopped.
2026-05-11 15:33:18,315 : INFO : EventManager : Event: ======'modes_active_modes_changed'====== Args={}
2026-05-11 15:33:18,315 : INFO : EventManager : Event: ======'mode_game_stopped'====== Args={}
2026-05-11 15:33:18,315 : INFO : EventManager : Event: ======'clear'====== Args={'key': 'game'}
2026-05-11 15:33:18,434 : INFO : root : MPF run loop ended.
