2026-05-10 19:36:22,949 : INFO : root : Loading config.
2026-05-10 19:36:22,953 : INFO : YamlMultifileConfigLoader : Machine config file #1: config.yaml
2026-05-10 19:36:22,953 : INFO : ConfigProcessor : Loading config from cache: C:\Users\White\AppData\Local\Temp\39c4b34018bdb564eab7cf26b7f669ee.mpf_cache
2026-05-10 19:36:23,067 : INFO : ConfigProcessor : Loading config from cache: C:\Users\White\AppData\Local\Temp\dcfa5ee5b10d64a3b94fd534c1aa451d.mpf_cache
2026-05-10 19:36:23,069 : INFO : ConfigProcessor : Loading config from cache: C:\Users\White\AppData\Local\Temp\91cc4d1c993c58dc354e34974b9cfeac.mpf_cache
2026-05-10 19:36:23,069 : INFO : ConfigProcessor : Loading config from cache: C:\Users\White\AppData\Local\Temp\35b01af7767e50eba76da865e2d7f95a.mpf_cache
2026-05-10 19:36:23,070 : INFO : ConfigProcessor : Loading config from cache: C:\Users\White\AppData\Local\Temp\954a0964095d05f049666b24b311e3e0.mpf_cache
2026-05-10 19:36:23,071 : INFO : ConfigProcessor : Loading config from cache: C:\Users\White\AppData\Local\Temp\dcfa5ee5b10d64a3b94fd534c1aa451d.mpf_cache
2026-05-10 19:36:23,071 : INFO : ConfigProcessor : Loading config from cache: C:\Users\White\AppData\Local\Temp\a9244cf73bd1b995c8229a78fecf001a.mpf_cache
2026-05-10 19:36:23,072 : INFO : ConfigProcessor : Loading config from cache: C:\Users\White\AppData\Local\Temp\45fc6500cf8fab1ef48d0c2f81501272.mpf_cache
2026-05-10 19:36:23,072 : INFO : ConfigProcessor : Loading config from cache: C:\Users\White\AppData\Local\Temp\981e6839caefcab32cd6f1225f0b1dcf.mpf_cache
2026-05-10 19:36:23,073 : INFO : ConfigProcessor : Loading config from cache: C:\Users\White\AppData\Local\Temp\78ac3c6ac2705ccef0aca6223f38636a.mpf_cache
2026-05-10 19:36:23,075 : INFO : ConfigProcessor : Loading config from cache: C:\Users\White\AppData\Local\Temp\c416412e55ae5fd88a59da82f1a69a10.mpf_cache
2026-05-10 19:36:23,076 : INFO : ConfigProcessor : Loading config from cache: C:\Users\White\AppData\Local\Temp\a859aaec01fc9eda8e384946277a1be9.mpf_cache
2026-05-10 19:36:23,077 : INFO : ConfigProcessor : Loading config from cache: C:\Users\White\AppData\Local\Temp\3a2f2089f214eeb3c016e23cf6937b46.mpf_cache
2026-05-10 19:36:23,077 : INFO : ConfigProcessor : Loading config from cache: C:\Users\White\AppData\Local\Temp\6a827c2f81d5d6872a5c3d42d5788ee1.mpf_cache
2026-05-10 19:36:23,078 : INFO : ConfigProcessor : Loading config from cache: C:\Users\White\AppData\Local\Temp\d70718505753edc7bfae94d93c7e0d17.mpf_cache
2026-05-10 19:36:23,079 : INFO : ConfigProcessor : Loading config from cache: C:\Users\White\AppData\Local\Temp\824f161cac9e4c9f1443132020691281.mpf_cache
2026-05-10 19:36:23,079 : INFO : ConfigProcessor : Loading config from cache: C:\Users\White\AppData\Local\Temp\cd2c211e15a4dbebeef94e6a26e93112.mpf_cache
2026-05-10 19:36:23,081 : INFO : ConfigProcessor : Loading config from cache: C:\Users\White\AppData\Local\Temp\ba6e93360aa60032a4b7b34f9cffdce0.mpf_cache
2026-05-10 19:36:23,082 : INFO : ConfigProcessor : Loading config from cache: C:\Users\White\AppData\Local\Temp\4b9937c7976ed5cd1d24a4fa4018324b.mpf_cache
2026-05-10 19:36:23,082 : INFO : ConfigProcessor : Loading config from cache: C:\Users\White\AppData\Local\Temp\a41099aaa8931854bf7aeb1131eb25f5.mpf_cache
2026-05-10 19:36:23,085 : INFO : ConfigProcessor : Loading config from cache: C:\Users\White\AppData\Local\Temp\4db056afb6ae3257643d7cc331e05161.mpf_cache
2026-05-10 19:36:23,086 : INFO : ConfigProcessor : Loading config from cache: C:\Users\White\AppData\Local\Temp\a18f6718f5a170b21c37bd725ebae781.mpf_cache
2026-05-10 19:36:23,086 : INFO : ConfigProcessor : Loading config from cache: C:\Users\White\AppData\Local\Temp\8709151c8d2d3863b5fceda4c115c736.mpf_cache
2026-05-10 19:36:23,088 : INFO : ConfigProcessor : Loading config from cache: C:\Users\White\AppData\Local\Temp\769cd60133e5c0b9a985e6e3690a3631.mpf_cache
2026-05-10 19:36:23,089 : INFO : ConfigProcessor : Loading config from cache: C:\Users\White\AppData\Local\Temp\3d468c7cedf90be47a7d01e42bb936d2.mpf_cache
2026-05-10 19:36:23,090 : INFO : ConfigProcessor : Loading config from cache: C:\Users\White\AppData\Local\Temp\40a956b62e63adb1fd6230e070cc416f.mpf_cache
2026-05-10 19:36:23,091 : INFO : ConfigProcessor : Loading config from cache: C:\Users\White\AppData\Local\Temp\88387b71764ec8c6867c539ea54a2040.mpf_cache
2026-05-10 19:36:23,092 : INFO : ConfigProcessor : Loading config from cache: C:\Users\White\AppData\Local\Temp\2b752b47ed38224cd6b4953549e961ec.mpf_cache
2026-05-10 19:36:23,094 : INFO : ConfigProcessor : Loading config from cache: C:\Users\White\AppData\Local\Temp\bc5a83a7db04a21de896bef4617be537.mpf_cache
2026-05-10 19:36:23,096 : INFO : ConfigProcessor : Loading config from cache: C:\Users\White\AppData\Local\Temp\f74d72009f4dabec10fde825e0863a15.mpf_cache
2026-05-10 19:36:23,097 : INFO : ConfigProcessor : Loading config from cache: C:\Users\White\AppData\Local\Temp\66496f3db5355e441b1bd8ecccd57f05.mpf_cache
2026-05-10 19:36:23,097 : INFO : ConfigProcessor : Loading config from cache: C:\Users\White\AppData\Local\Temp\0ae832768984a3aa01ae31edc15ba990.mpf_cache
2026-05-10 19:36:23,099 : INFO : ConfigProcessor : Loading config from cache: C:\Users\White\AppData\Local\Temp\9c1b225c26aeb4cc019e2ce322947706.mpf_cache
2026-05-10 19:36:23,100 : INFO : ConfigProcessor : Loading config from cache: C:\Users\White\AppData\Local\Temp\cd7a088f79b0efe4ef0e6c248f30ea7a.mpf_cache
2026-05-10 19:36:23,123 : INFO : ConfigProcessor : Loading config from cache: C:\Users\White\AppData\Local\Temp\9ea7462f1dcba752602eb310d0ad4a44.mpf_cache
2026-05-10 19:36:23,124 : INFO : ConfigProcessor : Loading config from cache: C:\Users\White\AppData\Local\Temp\96651e0be7a1992a8a7abf26a9350bb6.mpf_cache
2026-05-10 19:36:23,126 : INFO : ConfigProcessor : Loading config from cache: C:\Users\White\AppData\Local\Temp\cbfc37a30bf6aa1a7a2aa4e455a94298.mpf_cache
2026-05-10 19:36:23,126 : INFO : ConfigProcessor : Loading config from cache: C:\Users\White\AppData\Local\Temp\fccb93411cf20b3ccac68b1dad0cbb88.mpf_cache
2026-05-10 19:36:23,128 : INFO : ConfigProcessor : Loading config from cache: C:\Users\White\AppData\Local\Temp\e16268268679c5881d2554ba916948dd.mpf_cache
2026-05-10 19:36:23,130 : INFO : ConfigProcessor : Loading config from cache: C:\Users\White\AppData\Local\Temp\81f3f7be5108efd0b69d2cf71a558028.mpf_cache
2026-05-10 19:36:23,131 : INFO : ConfigProcessor : Loading config from cache: C:\Users\White\AppData\Local\Temp\a97027ed54ab7f7f55eb3caa54f968f3.mpf_cache
2026-05-10 19:36:23,132 : INFO : ConfigProcessor : Loading config from cache: C:\Users\White\AppData\Local\Temp\fd6f0b40037ebf84651c592cbc8bc03a.mpf_cache
2026-05-10 19:36:23,133 : INFO : ConfigProcessor : Loading config from cache: C:\Users\White\AppData\Local\Temp\e1cebbcae09bac7286b592746f768daa.mpf_cache
2026-05-10 19:36:23,133 : INFO : ConfigProcessor : Loading config from cache: C:\Users\White\AppData\Local\Temp\55d5943d63961b44af3f854c02c721ad.mpf_cache
2026-05-10 19:36:23,135 : INFO : ConfigProcessor : Loading config from cache: C:\Users\White\AppData\Local\Temp\43f523791758ce46d2ad099d1ecb5a1a.mpf_cache
2026-05-10 19:36:23,137 : INFO : ConfigProcessor : Loading config from cache: C:\Users\White\AppData\Local\Temp\be0cea2a7d47c7cf979c3644b39972ab.mpf_cache
2026-05-10 19:36:23,138 : INFO : ConfigProcessor : Loading config from cache: C:\Users\White\AppData\Local\Temp\8f22b463b668cef8fc8e91f8271e08dd.mpf_cache
2026-05-10 19:36:23,142 : INFO : ConfigProcessor : Loading config from cache: C:\Users\White\AppData\Local\Temp\9ac10604873d355c34af0d8445abb8db.mpf_cache
2026-05-10 19:36:23,144 : INFO : ConfigProcessor : Loading config from cache: C:\Users\White\AppData\Local\Temp\77e3efdaa7991fde2ded950a578d622d.mpf_cache
2026-05-10 19:36:23,146 : INFO : ConfigProcessor : Loading config from cache: C:\Users\White\AppData\Local\Temp\19da4e94fc5ce3c5f810a9c7463c1354.mpf_cache
2026-05-10 19:36:23,148 : INFO : ConfigProcessor : Loading config from cache: C:\Users\White\AppData\Local\Temp\4443efc54f3a5f57a313f4078fbddd50.mpf_cache
2026-05-10 19:36:23,152 : INFO : ConfigProcessor : Loading config from cache: C:\Users\White\AppData\Local\Temp\88f72734ea72fc22245e5b82d5a75cb6.mpf_cache
2026-05-10 19:36:23,153 : INFO : ConfigProcessor : Loading config from cache: C:\Users\White\AppData\Local\Temp\2b3f78690e4e473b8e5df94cdc0ab039.mpf_cache
2026-05-10 19:36:23,154 : INFO : ConfigProcessor : Loading config from cache: C:\Users\White\AppData\Local\Temp\fa987fd2c3266ab64543e0b64578d739.mpf_cache
2026-05-10 19:36:23,158 : INFO : ConfigProcessor : Loading config from cache: C:\Users\White\AppData\Local\Temp\f26c5a15de77ef0685e209821eddbe7d.mpf_cache
2026-05-10 19:36:23,160 : INFO : ConfigProcessor : Loading config from cache: C:\Users\White\AppData\Local\Temp\c2c1510818de090aac140fad4cc773a2.mpf_cache
2026-05-10 19:36:23,160 : INFO : ConfigProcessor : Loading config from cache: C:\Users\White\AppData\Local\Temp\98d3d7eb23a2f141af3b9c324af06e38.mpf_cache
2026-05-10 19:36:23,167 : INFO : ConfigProcessor : Loading config from cache: C:\Users\White\AppData\Local\Temp\9a3b340b295c94e005fb29d2d35803d1.mpf_cache
2026-05-10 19:36:23,173 : INFO : ConfigProcessor : Loading config from cache: C:\Users\White\AppData\Local\Temp\6a788fdfb83194d81af99a12c59a319a.mpf_cache
2026-05-10 19:36:23,176 : INFO : ConfigProcessor : Loading config from cache: C:\Users\White\AppData\Local\Temp\2fe82acdc56ea652ff3066fd375b17fa.mpf_cache
2026-05-10 19:36:23,178 : INFO : ConfigProcessor : Loading config from cache: C:\Users\White\AppData\Local\Temp\d567fbe46807f36791c9019d207c2440.mpf_cache
2026-05-10 19:36:23,180 : INFO : ConfigProcessor : Loading config from cache: C:\Users\White\AppData\Local\Temp\b81a2f9431aaa1a40681603f4f13c3d2.mpf_cache
2026-05-10 19:36:23,181 : INFO : ConfigProcessor : Loading config from cache: C:\Users\White\AppData\Local\Temp\92e144f57e074048034118dddced307a.mpf_cache
2026-05-10 19:36:23,183 : INFO : ConfigProcessor : Loading config from cache: C:\Users\White\AppData\Local\Temp\4e3068d09bb0285319ebd926b91ae940.mpf_cache
2026-05-10 19:36:23,184 : INFO : ConfigProcessor : Loading config from cache: C:\Users\White\AppData\Local\Temp\e5ea79f25cd6e043f8fb75b2032d482e.mpf_cache
2026-05-10 19:36:23,184 : INFO : ConfigProcessor : Loading config from cache: C:\Users\White\AppData\Local\Temp\9947d160cef245c9a8496495e8a78885.mpf_cache
2026-05-10 19:36:23,185 : INFO : ConfigProcessor : Loading config from cache: C:\Users\White\AppData\Local\Temp\923f5edd3096433804c151ef9ced7fb1.mpf_cache
2026-05-10 19:36:23,186 : INFO : ConfigProcessor : Loading config from cache: C:\Users\White\AppData\Local\Temp\669bfab06c6aa3a1674b0f4b50ae7a3c.mpf_cache
2026-05-10 19:36:23,187 : INFO : ConfigProcessor : Loading config from cache: C:\Users\White\AppData\Local\Temp\81e3ac1306f02cfb95eeca67698417dc.mpf_cache
2026-05-10 19:36:23,189 : INFO : ConfigProcessor : Loading config from cache: C:\Users\White\AppData\Local\Temp\a6fe037899bc77554e846472e6476319.mpf_cache
2026-05-10 19:36:23,190 : INFO : ConfigProcessor : Loading config from cache: C:\Users\White\AppData\Local\Temp\cd20ab9d6bcfc3d94797e381db389ad9.mpf_cache
2026-05-10 19:36:23,191 : INFO : ConfigProcessor : Loading config from cache: C:\Users\White\AppData\Local\Temp\d763b47a22b017336bfbe57a6af89149.mpf_cache
2026-05-10 19:36:23,192 : INFO : ConfigProcessor : Loading config from cache: C:\Users\White\AppData\Local\Temp\386baade319655b6aedfa45ddbf562f0.mpf_cache
2026-05-10 19:36:23,193 : INFO : ConfigProcessor : Loading config from cache: C:\Users\White\AppData\Local\Temp\f939ce46d02c41a03afd31c4270c8c55.mpf_cache
2026-05-10 19:36:23,194 : INFO : ConfigProcessor : Loading config from cache: C:\Users\White\AppData\Local\Temp\59ab671ab96a4594304638e27b0542c8.mpf_cache
2026-05-10 19:36:23,195 : INFO : ConfigProcessor : Loading config from cache: C:\Users\White\AppData\Local\Temp\0ba5adb65e1d75578edd80699100c28e.mpf_cache
2026-05-10 19:36:23,195 : INFO : ConfigProcessor : Loading config from cache: C:\Users\White\AppData\Local\Temp\b5471f08be9278463d25e3c2f06df8dd.mpf_cache
2026-05-10 19:36:23,196 : INFO : ConfigProcessor : Loading config from cache: C:\Users\White\AppData\Local\Temp\e9dfca965102979619879287aaffd4da.mpf_cache
2026-05-10 19:36:23,196 : INFO : ConfigProcessor : Loading config from cache: C:\Users\White\AppData\Local\Temp\ce1ea71bb3ca3937ce71fdff0b263bdb.mpf_cache
2026-05-10 19:36:23,198 : INFO : ConfigProcessor : Loading config from cache: C:\Users\White\AppData\Local\Temp\29b7b020f0513127005b35e19f0d78e3.mpf_cache
2026-05-10 19:36:23,198 : INFO : ConfigProcessor : Loading config from cache: C:\Users\White\AppData\Local\Temp\a19f4094f571d5e3f4a6bb0d76ddc2bd.mpf_cache
2026-05-10 19:36:23,199 : INFO : ConfigProcessor : Loading config from cache: C:\Users\White\AppData\Local\Temp\2df17da133132edc82ded3ea13a7f2d2.mpf_cache
2026-05-10 19:36:23,200 : INFO : ConfigProcessor : Loading config from cache: C:\Users\White\AppData\Local\Temp\6e45c09d2e2fb19b3ec22c705aafb8a5.mpf_cache
2026-05-10 19:36:23,201 : INFO : ConfigProcessor : Loading config from cache: C:\Users\White\AppData\Local\Temp\e8d87e5ea50ea035195c03c37d485b96.mpf_cache
2026-05-10 19:36:23,201 : INFO : ConfigProcessor : Loading config from cache: C:\Users\White\AppData\Local\Temp\19e4bb8a4a9bf220e72c77e0c232cd72.mpf_cache
2026-05-10 19:36:23,202 : INFO : ConfigProcessor : Loading config from cache: C:\Users\White\AppData\Local\Temp\3719082fa9c5864b8378f7ec54f99cf0.mpf_cache
2026-05-10 19:36:23,203 : INFO : ConfigProcessor : Loading config from cache: C:\Users\White\AppData\Local\Temp\49cfb4bed9324bfe32f6074e3237ab91.mpf_cache
2026-05-10 19:36:23,204 : INFO : ConfigProcessor : Loading config from cache: C:\Users\White\AppData\Local\Temp\a3c5a80388cfc77cd0b14076a224a42b.mpf_cache
2026-05-10 19:36:23,205 : INFO : ConfigProcessor : Loading config from cache: C:\Users\White\AppData\Local\Temp\a48c8ce24f2758d196071669d149efd3.mpf_cache
2026-05-10 19:36:23,206 : INFO : ConfigProcessor : Loading config from cache: C:\Users\White\AppData\Local\Temp\1ed53c621b8f6af903a3041468102589.mpf_cache
2026-05-10 19:36:23,207 : INFO : ConfigProcessor : Loading config from cache: C:\Users\White\AppData\Local\Temp\41a845a48ffaa7677954152e6e297d40.mpf_cache
2026-05-10 19:36:23,208 : INFO : ConfigProcessor : Loading config from cache: C:\Users\White\AppData\Local\Temp\45a44881320e4c811d0578688ed7af5f.mpf_cache
2026-05-10 19:36:23,208 : INFO : ConfigProcessor : Loading config from cache: C:\Users\White\AppData\Local\Temp\b17acfedfaf18761d1b243a909fa6e25.mpf_cache
2026-05-10 19:36:23,208 : INFO : ConfigProcessor : Loading config from cache: C:\Users\White\AppData\Local\Temp\0352b9b582e3dca83b90b72973f30cb3.mpf_cache
2026-05-10 19:36:23,209 : INFO : ConfigProcessor : Loading config from cache: C:\Users\White\AppData\Local\Temp\5f9963cc4a0205527c292dff60ac95bf.mpf_cache
2026-05-10 19:36:23,210 : INFO : ConfigProcessor : Loading config from cache: C:\Users\White\AppData\Local\Temp\7d9d3a879fccd9ce7a432e5bad71a77d.mpf_cache
2026-05-10 19:36:23,211 : INFO : ConfigProcessor : Loading config from cache: C:\Users\White\AppData\Local\Temp\43a2267f77020b63ca7745b7b3fb05c5.mpf_cache
2026-05-10 19:36:23,211 : INFO : ConfigProcessor : Loading config from cache: C:\Users\White\AppData\Local\Temp\37a4804cb847e12400be24a6c2bfa250.mpf_cache
2026-05-10 19:36:23,212 : INFO : ConfigProcessor : Loading config from cache: C:\Users\White\AppData\Local\Temp\63828b82b94aa94cbe7d3a7a04305cb7.mpf_cache
2026-05-10 19:36:23,213 : INFO : ConfigProcessor : Loading config from cache: C:\Users\White\AppData\Local\Temp\c6c68f34067f4d4cd8da7c0d895bd8a2.mpf_cache
2026-05-10 19:36:23,214 : INFO : ConfigProcessor : Loading config from cache: C:\Users\White\AppData\Local\Temp\0420af4d870b9d4dca0c113858eeb892.mpf_cache
2026-05-10 19:36:23,215 : INFO : ConfigProcessor : Loading config from cache: C:\Users\White\AppData\Local\Temp\29db96f2862a8d571fce5d97e7bfa998.mpf_cache
2026-05-10 19:36:23,215 : INFO : ConfigProcessor : Loading config from cache: C:\Users\White\AppData\Local\Temp\c4e65309e05241fe1ada1112ae55c9ef.mpf_cache
2026-05-10 19:36:23,217 : INFO : ConfigProcessor : Loading config from cache: C:\Users\White\AppData\Local\Temp\bcabc7c4504a6189bbb8c27e26d16460.mpf_cache
2026-05-10 19:36:23,218 : INFO : ConfigProcessor : Loading config from cache: C:\Users\White\AppData\Local\Temp\6855b42a221992257d709a7391c0c3e8.mpf_cache
2026-05-10 19:36:23,218 : INFO : Machine : Mission Pinball Framework Core Engine v0.80.0.dev11
2026-05-10 19:36:23,218 : INFO : Machine : Command line arguments: {'no_load_cache': False, 'create_config_cache': True, 'bcp': True, 'configfile': ['config.yaml'], 'force_assets_load': False, 'platform_integration_test': False, 'jsonlogging': False, 'logfile': 'logs\\2026-05-10-19-36-22-mpf-TopGunPinball.log', 'pause': False, 'production': False, 'text_ui': False, 'loglevel': 15, 'consoleloglevel': 20, 'force_platform': None, 'syslog_address': None, 'full_logfile_path': 'C:\\Users\\White\\documents\\top_gun_pinball\\logs\\2026-05-10-19-36-22-mpf-TopGunPinball.log'}
2026-05-10 19:36:23,218 : INFO : Machine : MPF path: C:\Users\White\mpf\Lib\site-packages\mpf
2026-05-10 19:36:23,218 : INFO : Machine : Machine path: C:\Users\White\documents\top_gun_pinball
2026-05-10 19:36:23,218 : INFO : Machine : Platform: win32
2026-05-10 19:36:23,218 : INFO : Machine : Python executable location: C:\Users\White\mpf\Scripts\python.exe
2026-05-10 19:36:23,218 : INFO : Machine : Python version: 3.12.7 (64-bit)
2026-05-10 19:36:23,221 : INFO : Machine : Initializing MPF...
2026-05-10 19:36:23,363 : INFO : FAST : Auto-detecting ports for the following connections: ['net', 'exp', 'aud']
2026-05-10 19:36:23,900 : INFO : FAST : Detected AUD on port COM7
2026-05-10 19:36:23,900 : INFO : FAST : Detected NET on port COM3
2026-05-10 19:36:23,930 : INFO : FAST : Detected EXP on port COM4
2026-05-10 19:36:24,041 : INFO : FAST [NET] : Trying to connect to COM3 at 921600bps
2026-05-10 19:36:24,118 : INFO : FAST [NET] : Connected to COM3 at 921600bps
2026-05-10 19:36:24,135 : INFO : FAST [NET] : Connected to FP-CPU-2000 with firmware v02.26
2026-05-10 19:36:24,165 : ERROR : FAST [NET] : No node board found at I/O position 0, board cabinet_board will not be available. Please check your cable connections.
2026-05-10 19:36:24,181 : ERROR : FAST [NET] : No node board found at I/O position 1, board playfield_board_lower will not be available. Please check your cable connections.
2026-05-10 19:36:24,196 : ERROR : FAST [NET] : No node board found at I/O position 2, board playfield_board_upper will not be available. Please check your cable connections.
2026-05-10 19:36:24,211 : ERROR : FAST [NET] : No node board found at I/O position 3, board playfield_board_mags_diverter_mechs will not be available. Please check your cable connections.
2026-05-10 19:36:24,226 : ERROR : FAST [NET] : No node board found at I/O position 4, board playfield_board_lock_ramps_mechs will not be available. Please check your cable connections.
2026-05-10 19:36:24,229 : INFO : FAST [EXP] : Trying to connect to COM4 at 921600bps
2026-05-10 19:36:24,306 : INFO : FAST [EXP] : Connected to COM4 at 921600bps
2026-05-10 19:36:24,319 : INFO : FAST [EXP] : Verifying hardware for EXP "neuron" (FP-EXP-2000, @48) with ID string "EXP FP-EXP-2000  0.38", board address 48
2026-05-10 19:36:24,335 : INFO : FAST [EXP] : Verifying hardware for EXP "neuron" (FP-EXP-2000, @48) with ID string "LED FP-BRK-0001  0.8", board address 480
2026-05-10 19:36:24,366 : INFO : FAST [EXP] : Verifying hardware for EXP "light_expansion_board" (FP-EXP-0071, @B4) with ID string "EXP FP-EXP-0071  0.38", board address B4
2026-05-10 19:36:24,382 : INFO : FAST [EXP] : Verifying hardware for EXP "light_expansion_board" (FP-EXP-0071, @B4) with ID string "BRK FP-EXP-0071  0.38", board address B40
2026-05-10 19:36:24,414 : INFO : FAST [EXP] : Verifying hardware for EXP "shaker_board" (FP-EXP-1313, @30) with ID string "EXP FP-EXP-1313  0.48", board address 30
2026-05-10 19:36:24,430 : INFO : FAST [EXP] : Verifying hardware for EXP "shaker_board" (FP-EXP-1313, @30) with ID string "BRK FP-EXP-1313  0.48", board address 300
2026-05-10 19:36:24,446 : INFO : FAST [AUD] : Trying to connect to COM7 at 230400bps
2026-05-10 19:36:24,578 : INFO : FAST [AUD] : Connected to COM7 at 230400bps
2026-05-10 19:36:24,585 : WARNING : FAST [AUD] : Received XX response:F
2026-05-10 19:36:24,585 : WARNING : FAST [AUD] : Received XX response:F
2026-05-10 19:36:24,585 : WARNING : FAST [AUD] : Received XX response:F
2026-05-10 19:36:24,585 : WARNING : FAST [AUD] : Received XX response:F
2026-05-10 19:36:24,585 : INFO : FAST [AUD] : Connected to FP-AUD-0099 with firmware v0.10
2026-05-10 19:36:24,587 : INFO : EventManager : Event: ======'machine_var_credits_string'====== Args={'value': 'FREE PLAY', 'prev_value': None, 'change': True}
2026-05-10 19:36:24,620 : INFO : EventManager : Event: ======'machine_var_audit_balls_played'====== Args={'value': 0, 'prev_value': None, 'change': True}
2026-05-10 19:36:24,620 : INFO : EventManager : Event: ======'machine_var_audit_games_played'====== Args={'value': 0, 'prev_value': None, 'change': True}
2026-05-10 19:36:24,620 : INFO : EventManager : Event: ======'machine_var_audit_high_score'====== Args={'value': 0, 'prev_value': None, 'change': True}
2026-05-10 19:36:24,620 : INFO : EventManager : Event: ======'machine_var_audit_total_game_time'====== Args={'value': 0, 'prev_value': None, 'change': True}
2026-05-10 19:36:24,620 : INFO : EventManager : Event: ======'machine_var_audit_total_plays'====== Args={'value': 0, 'prev_value': None, 'change': True}
2026-05-10 19:36:24,620 : INFO : EventManager : Event: ======'machine_var_fast_audio_headphones_volume'====== Args={'value': 50, 'prev_value': None, 'change': True}
2026-05-10 19:36:24,620 : INFO : EventManager : Event: ======'machine_var_fast_audio_main_volume'====== Args={'value': 39, 'prev_value': None, 'change': True}
2026-05-10 19:36:24,621 : INFO : EventManager : Event: ======'machine_var_master_volume'====== Args={'value': 0.5, 'prev_value': None, 'change': True}
2026-05-10 19:36:24,621 : INFO : EventManager : Event: ======'machine_var_player1_score'====== Args={'value': 9575250, 'prev_value': None, 'change': True}
2026-05-10 19:36:24,621 : INFO : EventManager : Event: ======'machine_var_service_menu_level'====== Args={'value': 0, 'prev_value': None, 'change': True}
2026-05-10 19:36:24,621 : INFO : EventManager : Event: ======'machine_var_service_main_index'====== Args={'value': 0, 'prev_value': None, 'change': True}
2026-05-10 19:36:24,621 : INFO : EventManager : Event: ======'machine_var_service_switch_index'====== Args={'value': 0, 'prev_value': None, 'change': True}
2026-05-10 19:36:24,621 : INFO : EventManager : Event: ======'machine_var_service_coil_index'====== Args={'value': 0, 'prev_value': None, 'change': True}
2026-05-10 19:36:24,621 : INFO : EventManager : Event: ======'machine_var_service_light_index'====== Args={'value': 0, 'prev_value': None, 'change': True}
2026-05-10 19:36:24,621 : INFO : EventManager : Event: ======'machine_var_service_light_color_index'====== Args={'value': 0, 'prev_value': None, 'change': True}
2026-05-10 19:36:24,621 : INFO : EventManager : Event: ======'machine_var_service_adjustment_index'====== Args={'value': 0, 'prev_value': None, 'change': True}
2026-05-10 19:36:24,621 : INFO : EventManager : Event: ======'machine_var_service_audit_index'====== Args={'value': 0, 'prev_value': None, 'change': True}
2026-05-10 19:36:24,621 : INFO : EventManager : Event: ======'machine_var_service_feature_index'====== Args={'value': 0, 'prev_value': None, 'change': True}
2026-05-10 19:36:24,621 : INFO : EventManager : Event: ======'machine_var_service_main_text'====== Args={'value': 'SWITCH TEST', 'prev_value': None, 'change': True}
2026-05-10 19:36:24,621 : INFO : EventManager : Event: ======'machine_var_service_switch_name'====== Args={'value': 'Start Button', 'prev_value': None, 'change': True}
2026-05-10 19:36:24,622 : INFO : EventManager : Event: ======'machine_var_service_switch_num'====== Args={'value': 'Switch 1/63', 'prev_value': None, 'change': True}
2026-05-10 19:36:24,622 : INFO : EventManager : Event: ======'machine_var_service_switch_state'====== Args={'value': 'OPEN', 'prev_value': None, 'change': True}
2026-05-10 19:36:24,622 : INFO : EventManager : Event: ======'machine_var_service_coil_name'====== Args={'value': 'Left Flipper', 'prev_value': None, 'change': True}
2026-05-10 19:36:24,622 : INFO : EventManager : Event: ======'machine_var_service_coil_num'====== Args={'value': 'Coil 1/22', 'prev_value': None, 'change': True}
2026-05-10 19:36:24,622 : INFO : EventManager : Event: ======'machine_var_service_light_name'====== Args={'value': 'Eject Insert', 'prev_value': None, 'change': True}
2026-05-10 19:36:24,622 : INFO : EventManager : Event: ======'machine_var_service_light_num'====== Args={'value': 'Light 1/91', 'prev_value': None, 'change': True}
2026-05-10 19:36:24,622 : INFO : EventManager : Event: ======'machine_var_service_servo_index'====== Args={'value': 0, 'prev_value': None, 'change': True}
2026-05-10 19:36:24,622 : INFO : EventManager : Event: ======'machine_var_service_servo_name'====== Args={'value': 'Right Ramp', 'prev_value': None, 'change': True}
2026-05-10 19:36:24,622 : INFO : EventManager : Event: ======'machine_var_service_servo_num'====== Args={'value': 'Servo 1/6', 'prev_value': None, 'change': True}
2026-05-10 19:36:24,622 : INFO : EventManager : Event: ======'machine_var_service_servo_position'====== Args={'value': 'Pos: 0.05', 'prev_value': None, 'change': True}
2026-05-10 19:36:24,622 : INFO : EventManager : Event: ======'machine_var_service_adjustment_name'====== Args={'value': 'Balls Per Game', 'prev_value': None, 'change': True}
2026-05-10 19:36:24,622 : INFO : EventManager : Event: ======'machine_var_service_adjustment_num'====== Args={'value': 'Setting 1/15', 'prev_value': None, 'change': True}
2026-05-10 19:36:24,622 : INFO : EventManager : Event: ======'machine_var_service_audit_name'====== Args={'value': 'Games Played', 'prev_value': None, 'change': True}
2026-05-10 19:36:24,622 : INFO : EventManager : Event: ======'machine_var_service_audit_num'====== Args={'value': 'Audit 1/10', 'prev_value': None, 'change': True}
2026-05-10 19:36:24,622 : INFO : EventManager : Event: ======'machine_var_service_feature_name'====== Args={'value': 'Pilot Mode Timer', 'prev_value': None, 'change': True}
2026-05-10 19:36:24,623 : INFO : EventManager : Event: ======'machine_var_service_feature_num'====== Args={'value': 'Feature 1/10', 'prev_value': None, 'change': True}
2026-05-10 19:36:24,623 : INFO : EventManager : Event: ======'machine_var_ball_search_servo_count'====== Args={'value': 0, 'prev_value': None, 'change': True}
2026-05-10 19:36:24,623 : INFO : EventManager : Event: ======'machine_var_hs_letter_index'====== Args={'value': 0, 'prev_value': None, 'change': True}
2026-05-10 19:36:24,623 : INFO : EventManager : Event: ======'machine_var_hs_select_trigger'====== Args={'value': 0, 'prev_value': None, 'change': True}
2026-05-10 19:36:24,623 : INFO : EventManager : Event: ======'machine_var_hs_award_text'====== Args={'value': '', 'prev_value': None, 'change': True}
2026-05-10 19:36:24,623 : INFO : EventManager : Event: ======'machine_var_hs_player_num'====== Args={'value': 1, 'prev_value': None, 'change': True}
2026-05-10 19:36:24,623 : INFO : EventManager : Event: ======'machine_var_hs_score_value'====== Args={'value': 0, 'prev_value': None, 'change': True}
2026-05-10 19:36:24,623 : INFO : EventManager : Event: ======'machine_var_hs_entry_made'====== Args={'value': 0, 'prev_value': None, 'change': True}
2026-05-10 19:36:24,623 : INFO : EventManager : Event: ======'machine_var_mpf_version'====== Args={'value': 'Mission Pinball Framework v0.80.0.dev11', 'prev_value': None, 'change': True}
2026-05-10 19:36:24,623 : INFO : EventManager : Event: ======'machine_var_mpf_extended_version'====== Args={'value': 'Mission Pinball Framework v0.80.0.dev11, Config version:6, Show version: 6, BCP version:1.1', 'prev_value': None, 'change': True}
2026-05-10 19:36:24,624 : INFO : EventManager : Event: ======'machine_var_python_version'====== Args={'value': '3.12.7', 'prev_value': None, 'change': True}
2026-05-10 19:36:24,784 : INFO : EventManager : Event: ======'machine_var_platform'====== Args={'value': 'Windows-11-10.0.26200-SP0', 'prev_value': None, 'change': True}
2026-05-10 19:36:24,784 : INFO : EventManager : Event: ======'machine_var_platform_system'====== Args={'value': 'Windows', 'prev_value': None, 'change': True}
2026-05-10 19:36:24,784 : INFO : EventManager : Event: ======'machine_var_platform_release'====== Args={'value': '11', 'prev_value': None, 'change': True}
2026-05-10 19:36:24,784 : INFO : EventManager : Event: ======'machine_var_platform_version'====== Args={'value': '10.0.26200', 'prev_value': None, 'change': True}
2026-05-10 19:36:24,784 : INFO : EventManager : Event: ======'machine_var_platform_machine'====== Args={'value': 'AMD64', 'prev_value': None, 'change': True}
2026-05-10 19:36:24,784 : INFO : EventManager : Event: ======'machine_var_log_file_path'====== Args={'value': 'C:\\Users\\White\\documents\\top_gun_pinball\\logs\\2026-05-10-19-36-22-mpf-TopGunPinball.log', 'prev_value': None, 'change': True}
2026-05-10 19:36:24,784 : INFO : EventManager : Event: ======'init_phase_1'====== Args={}
2026-05-10 19:36:24,920 : ERROR : asyncio : Task exception was never retrieved
future: <Task finished name='Task-79' coro=<SystemWideDevice.device_added_system_wide() done, defined at C:\Users\White\mpf\Lib\site-packages\mpf\core\system_wide_device.py:15> exception=ConfigFileError('Failed to configure switch s_orbit_left in platform. See error above')>
Traceback (most recent call last):
  File "C:\Users\White\mpf\Lib\site-packages\mpf\platforms\fast\fast.py", line 490, in _parse_switch_number
    board = self.io_boards_by_name[board_str]
            ~~~~~~~~~~~~~~~~~~~~~~^^^^^^^^^^^
KeyError: 'playfield_board_upper'

During handling of the above exception, another exception occurred:

Traceback (most recent call last):
  File "C:\Users\White\mpf\Lib\site-packages\mpf\devices\switch.py", line 149, in _initialize
    self.hw_switch = self.platform.configure_switch(
                     ^^^^^^^^^^^^^^^^^^^^^^^^^^^^^^^
  File "C:\Users\White\mpf\Lib\site-packages\mpf\platforms\fast\fast.py", line 577, in configure_switch
    number = self._parse_switch_number(number)
             ^^^^^^^^^^^^^^^^^^^^^^^^^^^^^^^^^
  File "C:\Users\White\mpf\Lib\site-packages\mpf\platforms\fast\fast.py", line 492, in _parse_switch_number
    raise AssertionError(f"Board {board_str} does not exist for switch {number}")
AssertionError: Board playfield_board_upper does not exist for switch playfield_board_upper-11

The above exception was the direct cause of the following exception:

Traceback (most recent call last):
  File "C:\Users\White\mpf\Lib\site-packages\mpf\core\system_wide_device.py", line 17, in device_added_system_wide
    await self._initialize()
  File "C:\Users\White\mpf\Lib\site-packages\mpf\devices\switch.py", line 152, in _initialize
    raise ConfigFileError("Failed to configure switch {} in platform. See error above".format(self.name), 2,
mpf.exceptions.config_file_error.ConfigFileError: Config File Error in switch: Failed to configure switch s_orbit_left in platform. See error above Error Code: CFE-switch-2 (https://missionpinball.org/logs)
2026-05-10 19:36:24,953 : ERROR : asyncio : Task exception was never retrieved
future: <Task finished name='Task-36' coro=<SystemWideDevice.device_added_system_wide() done, defined at C:\Users\White\mpf\Lib\site-packages\mpf\core\system_wide_device.py:15> exception=AssertionError('Failed to configure driver c_mode_outkicker in platform. See error above')>
Traceback (most recent call last):
  File "C:\Users\White\mpf\Lib\site-packages\mpf\platforms\fast\fast.py", line 346, in _parse_driver_number
    board = self.io_boards_by_name[board_str]
            ~~~~~~~~~~~~~~~~~~~~~~^^^^^^^^^^^
KeyError: 'playfield_board_upper'

During handling of the above exception, another exception occurred:

Traceback (most recent call last):
  File "C:\Users\White\mpf\Lib\site-packages\mpf\devices\driver.py", line 118, in _initialize
    self.hw_driver = self.platform.configure_driver(config, self.config['number'], platform_settings)
                     ^^^^^^^^^^^^^^^^^^^^^^^^^^^^^^^^^^^^^^^^^^^^^^^^^^^^^^^^^^^^^^^^^^^^^^^^^^^^^^^^
  File "C:\Users\White\mpf\Lib\site-packages\mpf\platforms\fast\fast.py", line 395, in configure_driver
    index = self._parse_driver_number(number)
            ^^^^^^^^^^^^^^^^^^^^^^^^^^^^^^^^^
  File "C:\Users\White\mpf\Lib\site-packages\mpf\platforms\fast\fast.py", line 348, in _parse_driver_number
    raise AssertionError(f"I/O Board {board_str} does not exist for driver {number}")
AssertionError: I/O Board playfield_board_upper does not exist for driver playfield_board_upper-2

The above exception was the direct cause of the following exception:

Traceback (most recent call last):
  File "C:\Users\White\mpf\Lib\site-packages\mpf\core\system_wide_device.py", line 17, in device_added_system_wide
    await self._initialize()
  File "C:\Users\White\mpf\Lib\site-packages\mpf\devices\driver.py", line 120, in _initialize
    raise AssertionError("Failed to configure driver {} in platform. See error above".format(self.name)) from e
AssertionError: Failed to configure driver c_mode_outkicker in platform. See error above
2026-05-10 19:36:24,967 : ERROR : asyncio : Task exception was never retrieved
future: <Task finished name='Task-80' coro=<SystemWideDevice.device_added_system_wide() done, defined at C:\Users\White\mpf\Lib\site-packages\mpf\core\system_wide_device.py:15> exception=ConfigFileError('Failed to configure switch s_orbit_upper in platform. See error above')>
Traceback (most recent call last):
  File "C:\Users\White\mpf\Lib\site-packages\mpf\platforms\fast\fast.py", line 490, in _parse_switch_number
    board = self.io_boards_by_name[board_str]
            ~~~~~~~~~~~~~~~~~~~~~~^^^^^^^^^^^
KeyError: 'playfield_board_upper'

During handling of the above exception, another exception occurred:

Traceback (most recent call last):
  File "C:\Users\White\mpf\Lib\site-packages\mpf\devices\switch.py", line 149, in _initialize
    self.hw_switch = self.platform.configure_switch(
                     ^^^^^^^^^^^^^^^^^^^^^^^^^^^^^^^
  File "C:\Users\White\mpf\Lib\site-packages\mpf\platforms\fast\fast.py", line 577, in configure_switch
    number = self._parse_switch_number(number)
             ^^^^^^^^^^^^^^^^^^^^^^^^^^^^^^^^^
  File "C:\Users\White\mpf\Lib\site-packages\mpf\platforms\fast\fast.py", line 492, in _parse_switch_number
    raise AssertionError(f"Board {board_str} does not exist for switch {number}")
AssertionError: Board playfield_board_upper does not exist for switch playfield_board_upper-26

The above exception was the direct cause of the following exception:

Traceback (most recent call last):
  File "C:\Users\White\mpf\Lib\site-packages\mpf\core\system_wide_device.py", line 17, in device_added_system_wide
    await self._initialize()
  File "C:\Users\White\mpf\Lib\site-packages\mpf\devices\switch.py", line 152, in _initialize
    raise ConfigFileError("Failed to configure switch {} in platform. See error above".format(self.name), 2,
mpf.exceptions.config_file_error.ConfigFileError: Config File Error in switch: Failed to configure switch s_orbit_upper in platform. See error above Error Code: CFE-switch-2 (https://missionpinball.org/logs)
2026-05-10 19:36:24,968 : ERROR : asyncio : Task exception was never retrieved
future: <Task finished name='Task-37' coro=<SystemWideDevice.device_added_system_wide() done, defined at C:\Users\White\mpf\Lib\site-packages\mpf\core\system_wide_device.py:15> exception=AssertionError('Failed to configure driver c_lock_release in platform. See error above')>
Traceback (most recent call last):
  File "C:\Users\White\mpf\Lib\site-packages\mpf\platforms\fast\fast.py", line 346, in _parse_driver_number
    board = self.io_boards_by_name[board_str]
            ~~~~~~~~~~~~~~~~~~~~~~^^^^^^^^^^^
KeyError: 'playfield_board_lock_ramps_mechs'

During handling of the above exception, another exception occurred:

Traceback (most recent call last):
  File "C:\Users\White\mpf\Lib\site-packages\mpf\devices\driver.py", line 118, in _initialize
    self.hw_driver = self.platform.configure_driver(config, self.config['number'], platform_settings)
                     ^^^^^^^^^^^^^^^^^^^^^^^^^^^^^^^^^^^^^^^^^^^^^^^^^^^^^^^^^^^^^^^^^^^^^^^^^^^^^^^^
  File "C:\Users\White\mpf\Lib\site-packages\mpf\platforms\fast\fast.py", line 395, in configure_driver
    index = self._parse_driver_number(number)
            ^^^^^^^^^^^^^^^^^^^^^^^^^^^^^^^^^
  File "C:\Users\White\mpf\Lib\site-packages\mpf\platforms\fast\fast.py", line 348, in _parse_driver_number
    raise AssertionError(f"I/O Board {board_str} does not exist for driver {number}")
AssertionError: I/O Board playfield_board_lock_ramps_mechs does not exist for driver playfield_board_lock_ramps_mechs-1

The above exception was the direct cause of the following exception:

Traceback (most recent call last):
  File "C:\Users\White\mpf\Lib\site-packages\mpf\core\system_wide_device.py", line 17, in device_added_system_wide
    await self._initialize()
  File "C:\Users\White\mpf\Lib\site-packages\mpf\devices\driver.py", line 120, in _initialize
    raise AssertionError("Failed to configure driver {} in platform. See error above".format(self.name)) from e
AssertionError: Failed to configure driver c_lock_release in platform. See error above
2026-05-10 19:36:24,969 : ERROR : asyncio : Task exception was never retrieved
future: <Task finished name='Task-81' coro=<SystemWideDevice.device_added_system_wide() done, defined at C:\Users\White\mpf\Lib\site-packages\mpf\core\system_wide_device.py:15> exception=ConfigFileError('Failed to configure switch s_orbit_lower in platform. See error above')>
Traceback (most recent call last):
  File "C:\Users\White\mpf\Lib\site-packages\mpf\platforms\fast\fast.py", line 490, in _parse_switch_number
    board = self.io_boards_by_name[board_str]
            ~~~~~~~~~~~~~~~~~~~~~~^^^^^^^^^^^
KeyError: 'playfield_board_upper'

During handling of the above exception, another exception occurred:

Traceback (most recent call last):
  File "C:\Users\White\mpf\Lib\site-packages\mpf\devices\switch.py", line 149, in _initialize
    self.hw_switch = self.platform.configure_switch(
                     ^^^^^^^^^^^^^^^^^^^^^^^^^^^^^^^
  File "C:\Users\White\mpf\Lib\site-packages\mpf\platforms\fast\fast.py", line 577, in configure_switch
    number = self._parse_switch_number(number)
             ^^^^^^^^^^^^^^^^^^^^^^^^^^^^^^^^^
  File "C:\Users\White\mpf\Lib\site-packages\mpf\platforms\fast\fast.py", line 492, in _parse_switch_number
    raise AssertionError(f"Board {board_str} does not exist for switch {number}")
AssertionError: Board playfield_board_upper does not exist for switch playfield_board_upper-25

The above exception was the direct cause of the following exception:

Traceback (most recent call last):
  File "C:\Users\White\mpf\Lib\site-packages\mpf\core\system_wide_device.py", line 17, in device_added_system_wide
    await self._initialize()
  File "C:\Users\White\mpf\Lib\site-packages\mpf\devices\switch.py", line 152, in _initialize
    raise ConfigFileError("Failed to configure switch {} in platform. See error above".format(self.name), 2,
mpf.exceptions.config_file_error.ConfigFileError: Config File Error in switch: Failed to configure switch s_orbit_lower in platform. See error above Error Code: CFE-switch-2 (https://missionpinball.org/logs)
2026-05-10 19:36:24,970 : ERROR : asyncio : Task exception was never retrieved
future: <Task finished name='Task-38' coro=<SystemWideDevice.device_added_system_wide() done, defined at C:\Users\White\mpf\Lib\site-packages\mpf\core\system_wide_device.py:15> exception=AssertionError('Failed to configure driver c_lock_upkicker in platform. See error above')>
Traceback (most recent call last):
  File "C:\Users\White\mpf\Lib\site-packages\mpf\platforms\fast\fast.py", line 346, in _parse_driver_number
    board = self.io_boards_by_name[board_str]
            ~~~~~~~~~~~~~~~~~~~~~~^^^^^^^^^^^
KeyError: 'playfield_board_lock_ramps_mechs'

During handling of the above exception, another exception occurred:

Traceback (most recent call last):
  File "C:\Users\White\mpf\Lib\site-packages\mpf\devices\driver.py", line 118, in _initialize
    self.hw_driver = self.platform.configure_driver(config, self.config['number'], platform_settings)
                     ^^^^^^^^^^^^^^^^^^^^^^^^^^^^^^^^^^^^^^^^^^^^^^^^^^^^^^^^^^^^^^^^^^^^^^^^^^^^^^^^
  File "C:\Users\White\mpf\Lib\site-packages\mpf\platforms\fast\fast.py", line 395, in configure_driver
    index = self._parse_driver_number(number)
            ^^^^^^^^^^^^^^^^^^^^^^^^^^^^^^^^^
  File "C:\Users\White\mpf\Lib\site-packages\mpf\platforms\fast\fast.py", line 348, in _parse_driver_number
    raise AssertionError(f"I/O Board {board_str} does not exist for driver {number}")
AssertionError: I/O Board playfield_board_lock_ramps_mechs does not exist for driver playfield_board_lock_ramps_mechs-0

The above exception was the direct cause of the following exception:

Traceback (most recent call last):
  File "C:\Users\White\mpf\Lib\site-packages\mpf\core\system_wide_device.py", line 17, in device_added_system_wide
    await self._initialize()
  File "C:\Users\White\mpf\Lib\site-packages\mpf\devices\driver.py", line 120, in _initialize
    raise AssertionError("Failed to configure driver {} in platform. See error above".format(self.name)) from e
AssertionError: Failed to configure driver c_lock_upkicker in platform. See error above
2026-05-10 19:36:24,971 : ERROR : asyncio : Task exception was never retrieved
future: <Task finished name='Task-82' coro=<SystemWideDevice.device_added_system_wide() done, defined at C:\Users\White\mpf\Lib\site-packages\mpf\core\system_wide_device.py:15> exception=ConfigFileError('Failed to configure switch s_orbit_right in platform. See error above')>
Traceback (most recent call last):
  File "C:\Users\White\mpf\Lib\site-packages\mpf\platforms\fast\fast.py", line 490, in _parse_switch_number
    board = self.io_boards_by_name[board_str]
            ~~~~~~~~~~~~~~~~~~~~~~^^^^^^^^^^^
KeyError: 'playfield_board_upper'

During handling of the above exception, another exception occurred:

Traceback (most recent call last):
  File "C:\Users\White\mpf\Lib\site-packages\mpf\devices\switch.py", line 149, in _initialize
    self.hw_switch = self.platform.configure_switch(
                     ^^^^^^^^^^^^^^^^^^^^^^^^^^^^^^^
  File "C:\Users\White\mpf\Lib\site-packages\mpf\platforms\fast\fast.py", line 577, in configure_switch
    number = self._parse_switch_number(number)
             ^^^^^^^^^^^^^^^^^^^^^^^^^^^^^^^^^
  File "C:\Users\White\mpf\Lib\site-packages\mpf\platforms\fast\fast.py", line 492, in _parse_switch_number
    raise AssertionError(f"Board {board_str} does not exist for switch {number}")
AssertionError: Board playfield_board_upper does not exist for switch playfield_board_upper-27

The above exception was the direct cause of the following exception:

Traceback (most recent call last):
  File "C:\Users\White\mpf\Lib\site-packages\mpf\core\system_wide_device.py", line 17, in device_added_system_wide
    await self._initialize()
  File "C:\Users\White\mpf\Lib\site-packages\mpf\devices\switch.py", line 152, in _initialize
    raise ConfigFileError("Failed to configure switch {} in platform. See error above".format(self.name), 2,
mpf.exceptions.config_file_error.ConfigFileError: Config File Error in switch: Failed to configure switch s_orbit_right in platform. See error above Error Code: CFE-switch-2 (https://missionpinball.org/logs)
2026-05-10 19:36:24,972 : ERROR : asyncio : Task exception was never retrieved
future: <Task finished name='Task-39' coro=<SystemWideDevice.device_added_system_wide() done, defined at C:\Users\White\mpf\Lib\site-packages\mpf\core\system_wide_device.py:15> exception=AssertionError('Failed to configure driver c_lock_diverter_magnet in platform. See error above')>
Traceback (most recent call last):
  File "C:\Users\White\mpf\Lib\site-packages\mpf\platforms\fast\fast.py", line 346, in _parse_driver_number
    board = self.io_boards_by_name[board_str]
            ~~~~~~~~~~~~~~~~~~~~~~^^^^^^^^^^^
KeyError: 'playfield_board_mags_diverter_mechs'

During handling of the above exception, another exception occurred:

Traceback (most recent call last):
  File "C:\Users\White\mpf\Lib\site-packages\mpf\devices\driver.py", line 118, in _initialize
    self.hw_driver = self.platform.configure_driver(config, self.config['number'], platform_settings)
                     ^^^^^^^^^^^^^^^^^^^^^^^^^^^^^^^^^^^^^^^^^^^^^^^^^^^^^^^^^^^^^^^^^^^^^^^^^^^^^^^^
  File "C:\Users\White\mpf\Lib\site-packages\mpf\platforms\fast\fast.py", line 395, in configure_driver
    index = self._parse_driver_number(number)
            ^^^^^^^^^^^^^^^^^^^^^^^^^^^^^^^^^
  File "C:\Users\White\mpf\Lib\site-packages\mpf\platforms\fast\fast.py", line 348, in _parse_driver_number
    raise AssertionError(f"I/O Board {board_str} does not exist for driver {number}")
AssertionError: I/O Board playfield_board_mags_diverter_mechs does not exist for driver playfield_board_mags_diverter_mechs-3

The above exception was the direct cause of the following exception:

Traceback (most recent call last):
  File "C:\Users\White\mpf\Lib\site-packages\mpf\core\system_wide_device.py", line 17, in device_added_system_wide
    await self._initialize()
  File "C:\Users\White\mpf\Lib\site-packages\mpf\devices\driver.py", line 120, in _initialize
    raise AssertionError("Failed to configure driver {} in platform. See error above".format(self.name)) from e
AssertionError: Failed to configure driver c_lock_diverter_magnet in platform. See error above
2026-05-10 19:36:24,973 : ERROR : asyncio : Task exception was never retrieved
future: <Task finished name='Task-83' coro=<SystemWideDevice.device_added_system_wide() done, defined at C:\Users\White\mpf\Lib\site-packages\mpf\core\system_wide_device.py:15> exception=ConfigFileError('Failed to configure switch s_lane_right in platform. See error above')>
Traceback (most recent call last):
  File "C:\Users\White\mpf\Lib\site-packages\mpf\platforms\fast\fast.py", line 490, in _parse_switch_number
    board = self.io_boards_by_name[board_str]
            ~~~~~~~~~~~~~~~~~~~~~~^^^^^^^^^^^
KeyError: 'playfield_board_lower'

During handling of the above exception, another exception occurred:

Traceback (most recent call last):
  File "C:\Users\White\mpf\Lib\site-packages\mpf\devices\switch.py", line 149, in _initialize
    self.hw_switch = self.platform.configure_switch(
                     ^^^^^^^^^^^^^^^^^^^^^^^^^^^^^^^
  File "C:\Users\White\mpf\Lib\site-packages\mpf\platforms\fast\fast.py", line 577, in configure_switch
    number = self._parse_switch_number(number)
             ^^^^^^^^^^^^^^^^^^^^^^^^^^^^^^^^^
  File "C:\Users\White\mpf\Lib\site-packages\mpf\platforms\fast\fast.py", line 492, in _parse_switch_number
    raise AssertionError(f"Board {board_str} does not exist for switch {number}")
AssertionError: Board playfield_board_lower does not exist for switch playfield_board_lower-18

The above exception was the direct cause of the following exception:

Traceback (most recent call last):
  File "C:\Users\White\mpf\Lib\site-packages\mpf\core\system_wide_device.py", line 17, in device_added_system_wide
    await self._initialize()
  File "C:\Users\White\mpf\Lib\site-packages\mpf\devices\switch.py", line 152, in _initialize
    raise ConfigFileError("Failed to configure switch {} in platform. See error above".format(self.name), 2,
mpf.exceptions.config_file_error.ConfigFileError: Config File Error in switch: Failed to configure switch s_lane_right in platform. See error above Error Code: CFE-switch-2 (https://missionpinball.org/logs)
2026-05-10 19:36:24,974 : ERROR : asyncio : Task exception was never retrieved
future: <Task finished name='Task-40' coro=<SystemWideDevice.device_added_system_wide() done, defined at C:\Users\White\mpf\Lib\site-packages\mpf\core\system_wide_device.py:15> exception=AssertionError('Failed to configure driver c_start_button_led in platform. See error above')>
Traceback (most recent call last):
  File "C:\Users\White\mpf\Lib\site-packages\mpf\platforms\fast\fast.py", line 346, in _parse_driver_number
    board = self.io_boards_by_name[board_str]
            ~~~~~~~~~~~~~~~~~~~~~~^^^^^^^^^^^
KeyError: 'cabinet_board'

During handling of the above exception, another exception occurred:

Traceback (most recent call last):
  File "C:\Users\White\mpf\Lib\site-packages\mpf\devices\driver.py", line 118, in _initialize
    self.hw_driver = self.platform.configure_driver(config, self.config['number'], platform_settings)
                     ^^^^^^^^^^^^^^^^^^^^^^^^^^^^^^^^^^^^^^^^^^^^^^^^^^^^^^^^^^^^^^^^^^^^^^^^^^^^^^^^
  File "C:\Users\White\mpf\Lib\site-packages\mpf\platforms\fast\fast.py", line 395, in configure_driver
    index = self._parse_driver_number(number)
            ^^^^^^^^^^^^^^^^^^^^^^^^^^^^^^^^^
  File "C:\Users\White\mpf\Lib\site-packages\mpf\platforms\fast\fast.py", line 348, in _parse_driver_number
    raise AssertionError(f"I/O Board {board_str} does not exist for driver {number}")
AssertionError: I/O Board cabinet_board does not exist for driver cabinet_board-3

The above exception was the direct cause of the following exception:

Traceback (most recent call last):
  File "C:\Users\White\mpf\Lib\site-packages\mpf\core\system_wide_device.py", line 17, in device_added_system_wide
    await self._initialize()
  File "C:\Users\White\mpf\Lib\site-packages\mpf\devices\driver.py", line 120, in _initialize
    raise AssertionError("Failed to configure driver {} in platform. See error above".format(self.name)) from e
AssertionError: Failed to configure driver c_start_button_led in platform. See error above
2026-05-10 19:36:24,975 : ERROR : asyncio : Task exception was never retrieved
future: <Task finished name='Task-84' coro=<SystemWideDevice.device_added_system_wide() done, defined at C:\Users\White\mpf\Lib\site-packages\mpf\core\system_wide_device.py:15> exception=ConfigFileError('Failed to configure switch s_i_iceman_target in platform. See error above')>
Traceback (most recent call last):
  File "C:\Users\White\mpf\Lib\site-packages\mpf\platforms\fast\fast.py", line 490, in _parse_switch_number
    board = self.io_boards_by_name[board_str]
            ~~~~~~~~~~~~~~~~~~~~~~^^^^^^^^^^^
KeyError: 'playfield_board_lower'

During handling of the above exception, another exception occurred:

Traceback (most recent call last):
  File "C:\Users\White\mpf\Lib\site-packages\mpf\devices\switch.py", line 149, in _initialize
    self.hw_switch = self.platform.configure_switch(
                     ^^^^^^^^^^^^^^^^^^^^^^^^^^^^^^^
  File "C:\Users\White\mpf\Lib\site-packages\mpf\platforms\fast\fast.py", line 577, in configure_switch
    number = self._parse_switch_number(number)
             ^^^^^^^^^^^^^^^^^^^^^^^^^^^^^^^^^
  File "C:\Users\White\mpf\Lib\site-packages\mpf\platforms\fast\fast.py", line 492, in _parse_switch_number
    raise AssertionError(f"Board {board_str} does not exist for switch {number}")
AssertionError: Board playfield_board_lower does not exist for switch playfield_board_lower-25

The above exception was the direct cause of the following exception:

Traceback (most recent call last):
  File "C:\Users\White\mpf\Lib\site-packages\mpf\core\system_wide_device.py", line 17, in device_added_system_wide
    await self._initialize()
  File "C:\Users\White\mpf\Lib\site-packages\mpf\devices\switch.py", line 152, in _initialize
    raise ConfigFileError("Failed to configure switch {} in platform. See error above".format(self.name), 2,
mpf.exceptions.config_file_error.ConfigFileError: Config File Error in switch: Failed to configure switch s_i_iceman_target in platform. See error above Error Code: CFE-switch-2 (https://missionpinball.org/logs)
2026-05-10 19:36:24,976 : ERROR : asyncio : Task exception was never retrieved
future: <Task finished name='Task-41' coro=<SystemWideDevice.device_added_system_wide() done, defined at C:\Users\White\mpf\Lib\site-packages\mpf\core\system_wide_device.py:15> exception=AssertionError('Failed to configure driver c_coin_door_led in platform. See error above')>
Traceback (most recent call last):
  File "C:\Users\White\mpf\Lib\site-packages\mpf\platforms\fast\fast.py", line 346, in _parse_driver_number
    board = self.io_boards_by_name[board_str]
            ~~~~~~~~~~~~~~~~~~~~~~^^^^^^^^^^^
KeyError: 'cabinet_board'

During handling of the above exception, another exception occurred:

Traceback (most recent call last):
  File "C:\Users\White\mpf\Lib\site-packages\mpf\devices\driver.py", line 118, in _initialize
    self.hw_driver = self.platform.configure_driver(config, self.config['number'], platform_settings)
                     ^^^^^^^^^^^^^^^^^^^^^^^^^^^^^^^^^^^^^^^^^^^^^^^^^^^^^^^^^^^^^^^^^^^^^^^^^^^^^^^^
  File "C:\Users\White\mpf\Lib\site-packages\mpf\platforms\fast\fast.py", line 395, in configure_driver
    index = self._parse_driver_number(number)
            ^^^^^^^^^^^^^^^^^^^^^^^^^^^^^^^^^
  File "C:\Users\White\mpf\Lib\site-packages\mpf\platforms\fast\fast.py", line 348, in _parse_driver_number
    raise AssertionError(f"I/O Board {board_str} does not exist for driver {number}")
AssertionError: I/O Board cabinet_board does not exist for driver cabinet_board-0

The above exception was the direct cause of the following exception:

Traceback (most recent call last):
  File "C:\Users\White\mpf\Lib\site-packages\mpf\core\system_wide_device.py", line 17, in device_added_system_wide
    await self._initialize()
  File "C:\Users\White\mpf\Lib\site-packages\mpf\devices\driver.py", line 120, in _initialize
    raise AssertionError("Failed to configure driver {} in platform. See error above".format(self.name)) from e
AssertionError: Failed to configure driver c_coin_door_led in platform. See error above
2026-05-10 19:36:24,978 : ERROR : asyncio : Task exception was never retrieved
future: <Task finished name='Task-85' coro=<SystemWideDevice.device_added_system_wide() done, defined at C:\Users\White\mpf\Lib\site-packages\mpf\core\system_wide_device.py:15> exception=ConfigFileError('Failed to configure switch s_c_iceman_target in platform. See error above')>
Traceback (most recent call last):
  File "C:\Users\White\mpf\Lib\site-packages\mpf\platforms\fast\fast.py", line 490, in _parse_switch_number
    board = self.io_boards_by_name[board_str]
            ~~~~~~~~~~~~~~~~~~~~~~^^^^^^^^^^^
KeyError: 'playfield_board_lower'

During handling of the above exception, another exception occurred:

Traceback (most recent call last):
  File "C:\Users\White\mpf\Lib\site-packages\mpf\devices\switch.py", line 149, in _initialize
    self.hw_switch = self.platform.configure_switch(
                     ^^^^^^^^^^^^^^^^^^^^^^^^^^^^^^^
  File "C:\Users\White\mpf\Lib\site-packages\mpf\platforms\fast\fast.py", line 577, in configure_switch
    number = self._parse_switch_number(number)
             ^^^^^^^^^^^^^^^^^^^^^^^^^^^^^^^^^
  File "C:\Users\White\mpf\Lib\site-packages\mpf\platforms\fast\fast.py", line 492, in _parse_switch_number
    raise AssertionError(f"Board {board_str} does not exist for switch {number}")
AssertionError: Board playfield_board_lower does not exist for switch playfield_board_lower-26

The above exception was the direct cause of the following exception:

Traceback (most recent call last):
  File "C:\Users\White\mpf\Lib\site-packages\mpf\core\system_wide_device.py", line 17, in device_added_system_wide
    await self._initialize()
  File "C:\Users\White\mpf\Lib\site-packages\mpf\devices\switch.py", line 152, in _initialize
    raise ConfigFileError("Failed to configure switch {} in platform. See error above".format(self.name), 2,
mpf.exceptions.config_file_error.ConfigFileError: Config File Error in switch: Failed to configure switch s_c_iceman_target in platform. See error above Error Code: CFE-switch-2 (https://missionpinball.org/logs)
2026-05-10 19:36:24,978 : ERROR : asyncio : Task exception was never retrieved
future: <Task finished name='Task-42' coro=<SystemWideDevice.device_added_system_wide() done, defined at C:\Users\White\mpf\Lib\site-packages\mpf\core\system_wide_device.py:15> exception=ConfigFileError('Failed to configure switch s_start in platform. See error above')>
Traceback (most recent call last):
  File "C:\Users\White\mpf\Lib\site-packages\mpf\platforms\fast\fast.py", line 490, in _parse_switch_number
    board = self.io_boards_by_name[board_str]
            ~~~~~~~~~~~~~~~~~~~~~~^^^^^^^^^^^
KeyError: 'cabinet_board'

During handling of the above exception, another exception occurred:

Traceback (most recent call last):
  File "C:\Users\White\mpf\Lib\site-packages\mpf\devices\switch.py", line 149, in _initialize
    self.hw_switch = self.platform.configure_switch(
                     ^^^^^^^^^^^^^^^^^^^^^^^^^^^^^^^
  File "C:\Users\White\mpf\Lib\site-packages\mpf\platforms\fast\fast.py", line 577, in configure_switch
    number = self._parse_switch_number(number)
             ^^^^^^^^^^^^^^^^^^^^^^^^^^^^^^^^^
  File "C:\Users\White\mpf\Lib\site-packages\mpf\platforms\fast\fast.py", line 492, in _parse_switch_number
    raise AssertionError(f"Board {board_str} does not exist for switch {number}")
AssertionError: Board cabinet_board does not exist for switch cabinet_board-8

The above exception was the direct cause of the following exception:

Traceback (most recent call last):
  File "C:\Users\White\mpf\Lib\site-packages\mpf\core\system_wide_device.py", line 17, in device_added_system_wide
    await self._initialize()
  File "C:\Users\White\mpf\Lib\site-packages\mpf\devices\switch.py", line 152, in _initialize
    raise ConfigFileError("Failed to configure switch {} in platform. See error above".format(self.name), 2,
mpf.exceptions.config_file_error.ConfigFileError: Config File Error in switch: Failed to configure switch s_start in platform. See error above Error Code: CFE-switch-2 (https://missionpinball.org/logs)
2026-05-10 19:36:24,979 : ERROR : asyncio : Task exception was never retrieved
future: <Task finished name='Task-86' coro=<SystemWideDevice.device_added_system_wide() done, defined at C:\Users\White\mpf\Lib\site-packages\mpf\core\system_wide_device.py:15> exception=ConfigFileError('Failed to configure switch s_e_iceman_target in platform. See error above')>
Traceback (most recent call last):
  File "C:\Users\White\mpf\Lib\site-packages\mpf\platforms\fast\fast.py", line 490, in _parse_switch_number
    board = self.io_boards_by_name[board_str]
            ~~~~~~~~~~~~~~~~~~~~~~^^^^^^^^^^^
KeyError: 'playfield_board_lower'

During handling of the above exception, another exception occurred:

Traceback (most recent call last):
  File "C:\Users\White\mpf\Lib\site-packages\mpf\devices\switch.py", line 149, in _initialize
    self.hw_switch = self.platform.configure_switch(
                     ^^^^^^^^^^^^^^^^^^^^^^^^^^^^^^^
  File "C:\Users\White\mpf\Lib\site-packages\mpf\platforms\fast\fast.py", line 577, in configure_switch
    number = self._parse_switch_number(number)
             ^^^^^^^^^^^^^^^^^^^^^^^^^^^^^^^^^
  File "C:\Users\White\mpf\Lib\site-packages\mpf\platforms\fast\fast.py", line 492, in _parse_switch_number
    raise AssertionError(f"Board {board_str} does not exist for switch {number}")
AssertionError: Board playfield_board_lower does not exist for switch playfield_board_lower-27

The above exception was the direct cause of the following exception:

Traceback (most recent call last):
  File "C:\Users\White\mpf\Lib\site-packages\mpf\core\system_wide_device.py", line 17, in device_added_system_wide
    await self._initialize()
  File "C:\Users\White\mpf\Lib\site-packages\mpf\devices\switch.py", line 152, in _initialize
    raise ConfigFileError("Failed to configure switch {} in platform. See error above".format(self.name), 2,
mpf.exceptions.config_file_error.ConfigFileError: Config File Error in switch: Failed to configure switch s_e_iceman_target in platform. See error above Error Code: CFE-switch-2 (https://missionpinball.org/logs)
2026-05-10 19:36:24,980 : ERROR : asyncio : Task exception was never retrieved
future: <Task finished name='Task-43' coro=<SystemWideDevice.device_added_system_wide() done, defined at C:\Users\White\mpf\Lib\site-packages\mpf\core\system_wide_device.py:15> exception=ConfigFileError('Failed to configure switch s_tilt in platform. See error above')>
Traceback (most recent call last):
  File "C:\Users\White\mpf\Lib\site-packages\mpf\platforms\fast\fast.py", line 490, in _parse_switch_number
    board = self.io_boards_by_name[board_str]
            ~~~~~~~~~~~~~~~~~~~~~~^^^^^^^^^^^
KeyError: 'cabinet_board'

During handling of the above exception, another exception occurred:

Traceback (most recent call last):
  File "C:\Users\White\mpf\Lib\site-packages\mpf\devices\switch.py", line 149, in _initialize
    self.hw_switch = self.platform.configure_switch(
                     ^^^^^^^^^^^^^^^^^^^^^^^^^^^^^^^
  File "C:\Users\White\mpf\Lib\site-packages\mpf\platforms\fast\fast.py", line 577, in configure_switch
    number = self._parse_switch_number(number)
             ^^^^^^^^^^^^^^^^^^^^^^^^^^^^^^^^^
  File "C:\Users\White\mpf\Lib\site-packages\mpf\platforms\fast\fast.py", line 492, in _parse_switch_number
    raise AssertionError(f"Board {board_str} does not exist for switch {number}")
AssertionError: Board cabinet_board does not exist for switch cabinet_board-13

The above exception was the direct cause of the following exception:

Traceback (most recent call last):
  File "C:\Users\White\mpf\Lib\site-packages\mpf\core\system_wide_device.py", line 17, in device_added_system_wide
    await self._initialize()
  File "C:\Users\White\mpf\Lib\site-packages\mpf\devices\switch.py", line 152, in _initialize
    raise ConfigFileError("Failed to configure switch {} in platform. See error above".format(self.name), 2,
mpf.exceptions.config_file_error.ConfigFileError: Config File Error in switch: Failed to configure switch s_tilt in platform. See error above Error Code: CFE-switch-2 (https://missionpinball.org/logs)
2026-05-10 19:36:24,981 : ERROR : asyncio : Task exception was never retrieved
future: <Task finished name='Task-44' coro=<SystemWideDevice.device_added_system_wide() done, defined at C:\Users\White\mpf\Lib\site-packages\mpf\core\system_wide_device.py:15> exception=ConfigFileError('Failed to configure switch s_48v_disable in platform. See error above')>
Traceback (most recent call last):
  File "C:\Users\White\mpf\Lib\site-packages\mpf\platforms\fast\fast.py", line 490, in _parse_switch_number
    board = self.io_boards_by_name[board_str]
            ~~~~~~~~~~~~~~~~~~~~~~^^^^^^^^^^^
KeyError: 'cabinet_board'

During handling of the above exception, another exception occurred:

Traceback (most recent call last):
  File "C:\Users\White\mpf\Lib\site-packages\mpf\devices\switch.py", line 149, in _initialize
    self.hw_switch = self.platform.configure_switch(
                     ^^^^^^^^^^^^^^^^^^^^^^^^^^^^^^^
  File "C:\Users\White\mpf\Lib\site-packages\mpf\platforms\fast\fast.py", line 577, in configure_switch
    number = self._parse_switch_number(number)
             ^^^^^^^^^^^^^^^^^^^^^^^^^^^^^^^^^
  File "C:\Users\White\mpf\Lib\site-packages\mpf\platforms\fast\fast.py", line 492, in _parse_switch_number
    raise AssertionError(f"Board {board_str} does not exist for switch {number}")
AssertionError: Board cabinet_board does not exist for switch cabinet_board-0

The above exception was the direct cause of the following exception:

Traceback (most recent call last):
  File "C:\Users\White\mpf\Lib\site-packages\mpf\core\system_wide_device.py", line 17, in device_added_system_wide
    await self._initialize()
  File "C:\Users\White\mpf\Lib\site-packages\mpf\devices\switch.py", line 152, in _initialize
    raise ConfigFileError("Failed to configure switch {} in platform. See error above".format(self.name), 2,
mpf.exceptions.config_file_error.ConfigFileError: Config File Error in switch: Failed to configure switch s_48v_disable in platform. See error above Error Code: CFE-switch-2 (https://missionpinball.org/logs)
2026-05-10 19:36:24,982 : ERROR : asyncio : Task exception was never retrieved
future: <Task finished name='Task-87' coro=<SystemWideDevice.device_added_system_wide() done, defined at C:\Users\White\mpf\Lib\site-packages\mpf\core\system_wide_device.py:15> exception=ConfigFileError('Failed to configure switch s_m_iceman_target in platform. See error above')>
Traceback (most recent call last):
  File "C:\Users\White\mpf\Lib\site-packages\mpf\platforms\fast\fast.py", line 490, in _parse_switch_number
    board = self.io_boards_by_name[board_str]
            ~~~~~~~~~~~~~~~~~~~~~~^^^^^^^^^^^
KeyError: 'playfield_board_lower'

During handling of the above exception, another exception occurred:

Traceback (most recent call last):
  File "C:\Users\White\mpf\Lib\site-packages\mpf\devices\switch.py", line 149, in _initialize
    self.hw_switch = self.platform.configure_switch(
                     ^^^^^^^^^^^^^^^^^^^^^^^^^^^^^^^
  File "C:\Users\White\mpf\Lib\site-packages\mpf\platforms\fast\fast.py", line 577, in configure_switch
    number = self._parse_switch_number(number)
             ^^^^^^^^^^^^^^^^^^^^^^^^^^^^^^^^^
  File "C:\Users\White\mpf\Lib\site-packages\mpf\platforms\fast\fast.py", line 492, in _parse_switch_number
    raise AssertionError(f"Board {board_str} does not exist for switch {number}")
AssertionError: Board playfield_board_lower does not exist for switch playfield_board_lower-30

The above exception was the direct cause of the following exception:

Traceback (most recent call last):
  File "C:\Users\White\mpf\Lib\site-packages\mpf\core\system_wide_device.py", line 17, in device_added_system_wide
    await self._initialize()
  File "C:\Users\White\mpf\Lib\site-packages\mpf\devices\switch.py", line 152, in _initialize
    raise ConfigFileError("Failed to configure switch {} in platform. See error above".format(self.name), 2,
mpf.exceptions.config_file_error.ConfigFileError: Config File Error in switch: Failed to configure switch s_m_iceman_target in platform. See error above Error Code: CFE-switch-2 (https://missionpinball.org/logs)
2026-05-10 19:36:24,982 : ERROR : asyncio : Task exception was never retrieved
future: <Task finished name='Task-45' coro=<SystemWideDevice.device_added_system_wide() done, defined at C:\Users\White\mpf\Lib\site-packages\mpf\core\system_wide_device.py:15> exception=ConfigFileError('Failed to configure switch s_coin_door in platform. See error above')>
Traceback (most recent call last):
  File "C:\Users\White\mpf\Lib\site-packages\mpf\platforms\fast\fast.py", line 490, in _parse_switch_number
    board = self.io_boards_by_name[board_str]
            ~~~~~~~~~~~~~~~~~~~~~~^^^^^^^^^^^
KeyError: 'cabinet_board'

During handling of the above exception, another exception occurred:

Traceback (most recent call last):
  File "C:\Users\White\mpf\Lib\site-packages\mpf\devices\switch.py", line 149, in _initialize
    self.hw_switch = self.platform.configure_switch(
                     ^^^^^^^^^^^^^^^^^^^^^^^^^^^^^^^
  File "C:\Users\White\mpf\Lib\site-packages\mpf\platforms\fast\fast.py", line 577, in configure_switch
    number = self._parse_switch_number(number)
             ^^^^^^^^^^^^^^^^^^^^^^^^^^^^^^^^^
  File "C:\Users\White\mpf\Lib\site-packages\mpf\platforms\fast\fast.py", line 492, in _parse_switch_number
    raise AssertionError(f"Board {board_str} does not exist for switch {number}")
AssertionError: Board cabinet_board does not exist for switch cabinet_board-23

The above exception was the direct cause of the following exception:

Traceback (most recent call last):
  File "C:\Users\White\mpf\Lib\site-packages\mpf\core\system_wide_device.py", line 17, in device_added_system_wide
    await self._initialize()
  File "C:\Users\White\mpf\Lib\site-packages\mpf\devices\switch.py", line 152, in _initialize
    raise ConfigFileError("Failed to configure switch {} in platform. See error above".format(self.name), 2,
mpf.exceptions.config_file_error.ConfigFileError: Config File Error in switch: Failed to configure switch s_coin_door in platform. See error above Error Code: CFE-switch-2 (https://missionpinball.org/logs)
2026-05-10 19:36:24,983 : ERROR : asyncio : Task exception was never retrieved
future: <Task finished name='Task-88' coro=<SystemWideDevice.device_added_system_wide() done, defined at C:\Users\White\mpf\Lib\site-packages\mpf\core\system_wide_device.py:15> exception=ConfigFileError('Failed to configure switch s_a_iceman_target in platform. See error above')>
Traceback (most recent call last):
  File "C:\Users\White\mpf\Lib\site-packages\mpf\platforms\fast\fast.py", line 490, in _parse_switch_number
    board = self.io_boards_by_name[board_str]
            ~~~~~~~~~~~~~~~~~~~~~~^^^^^^^^^^^
KeyError: 'playfield_board_lower'

During handling of the above exception, another exception occurred:

Traceback (most recent call last):
  File "C:\Users\White\mpf\Lib\site-packages\mpf\devices\switch.py", line 149, in _initialize
    self.hw_switch = self.platform.configure_switch(
                     ^^^^^^^^^^^^^^^^^^^^^^^^^^^^^^^
  File "C:\Users\White\mpf\Lib\site-packages\mpf\platforms\fast\fast.py", line 577, in configure_switch
    number = self._parse_switch_number(number)
             ^^^^^^^^^^^^^^^^^^^^^^^^^^^^^^^^^
  File "C:\Users\White\mpf\Lib\site-packages\mpf\platforms\fast\fast.py", line 492, in _parse_switch_number
    raise AssertionError(f"Board {board_str} does not exist for switch {number}")
AssertionError: Board playfield_board_lower does not exist for switch playfield_board_lower-28

The above exception was the direct cause of the following exception:

Traceback (most recent call last):
  File "C:\Users\White\mpf\Lib\site-packages\mpf\core\system_wide_device.py", line 17, in device_added_system_wide
    await self._initialize()
  File "C:\Users\White\mpf\Lib\site-packages\mpf\devices\switch.py", line 152, in _initialize
    raise ConfigFileError("Failed to configure switch {} in platform. See error above".format(self.name), 2,
mpf.exceptions.config_file_error.ConfigFileError: Config File Error in switch: Failed to configure switch s_a_iceman_target in platform. See error above Error Code: CFE-switch-2 (https://missionpinball.org/logs)
2026-05-10 19:36:24,985 : ERROR : asyncio : Task exception was never retrieved
future: <Task finished name='Task-46' coro=<SystemWideDevice.device_added_system_wide() done, defined at C:\Users\White\mpf\Lib\site-packages\mpf\core\system_wide_device.py:15> exception=ConfigFileError('Failed to configure switch s_coin_door_service_1 in platform. See error above')>
Traceback (most recent call last):
  File "C:\Users\White\mpf\Lib\site-packages\mpf\platforms\fast\fast.py", line 490, in _parse_switch_number
    board = self.io_boards_by_name[board_str]
            ~~~~~~~~~~~~~~~~~~~~~~^^^^^^^^^^^
KeyError: 'cabinet_board'

During handling of the above exception, another exception occurred:

Traceback (most recent call last):
  File "C:\Users\White\mpf\Lib\site-packages\mpf\devices\switch.py", line 149, in _initialize
    self.hw_switch = self.platform.configure_switch(
                     ^^^^^^^^^^^^^^^^^^^^^^^^^^^^^^^
  File "C:\Users\White\mpf\Lib\site-packages\mpf\platforms\fast\fast.py", line 577, in configure_switch
    number = self._parse_switch_number(number)
             ^^^^^^^^^^^^^^^^^^^^^^^^^^^^^^^^^
  File "C:\Users\White\mpf\Lib\site-packages\mpf\platforms\fast\fast.py", line 492, in _parse_switch_number
    raise AssertionError(f"Board {board_str} does not exist for switch {number}")
AssertionError: Board cabinet_board does not exist for switch cabinet_board-4

The above exception was the direct cause of the following exception:

Traceback (most recent call last):
  File "C:\Users\White\mpf\Lib\site-packages\mpf\core\system_wide_device.py", line 17, in device_added_system_wide
    await self._initialize()
  File "C:\Users\White\mpf\Lib\site-packages\mpf\devices\switch.py", line 152, in _initialize
    raise ConfigFileError("Failed to configure switch {} in platform. See error above".format(self.name), 2,
mpf.exceptions.config_file_error.ConfigFileError: Config File Error in switch: Failed to configure switch s_coin_door_service_1 in platform. See error above Error Code: CFE-switch-2 (https://missionpinball.org/logs)
2026-05-10 19:36:24,986 : ERROR : asyncio : Task exception was never retrieved
future: <Task finished name='Task-89' coro=<SystemWideDevice.device_added_system_wide() done, defined at C:\Users\White\mpf\Lib\site-packages\mpf\core\system_wide_device.py:15> exception=ConfigFileError('Failed to configure switch s_n_iceman_target in platform. See error above')>
Traceback (most recent call last):
  File "C:\Users\White\mpf\Lib\site-packages\mpf\platforms\fast\fast.py", line 490, in _parse_switch_number
    board = self.io_boards_by_name[board_str]
            ~~~~~~~~~~~~~~~~~~~~~~^^^^^^^^^^^
KeyError: 'playfield_board_lower'

During handling of the above exception, another exception occurred:

Traceback (most recent call last):
  File "C:\Users\White\mpf\Lib\site-packages\mpf\devices\switch.py", line 149, in _initialize
    self.hw_switch = self.platform.configure_switch(
                     ^^^^^^^^^^^^^^^^^^^^^^^^^^^^^^^
  File "C:\Users\White\mpf\Lib\site-packages\mpf\platforms\fast\fast.py", line 577, in configure_switch
    number = self._parse_switch_number(number)
             ^^^^^^^^^^^^^^^^^^^^^^^^^^^^^^^^^
  File "C:\Users\White\mpf\Lib\site-packages\mpf\platforms\fast\fast.py", line 492, in _parse_switch_number
    raise AssertionError(f"Board {board_str} does not exist for switch {number}")
AssertionError: Board playfield_board_lower does not exist for switch playfield_board_lower-29

The above exception was the direct cause of the following exception:

Traceback (most recent call last):
  File "C:\Users\White\mpf\Lib\site-packages\mpf\core\system_wide_device.py", line 17, in device_added_system_wide
    await self._initialize()
  File "C:\Users\White\mpf\Lib\site-packages\mpf\devices\switch.py", line 152, in _initialize
    raise ConfigFileError("Failed to configure switch {} in platform. See error above".format(self.name), 2,
mpf.exceptions.config_file_error.ConfigFileError: Config File Error in switch: Failed to configure switch s_n_iceman_target in platform. See error above Error Code: CFE-switch-2 (https://missionpinball.org/logs)
2026-05-10 19:36:24,986 : ERROR : asyncio : Task exception was never retrieved
future: <Task finished name='Task-47' coro=<SystemWideDevice.device_added_system_wide() done, defined at C:\Users\White\mpf\Lib\site-packages\mpf\core\system_wide_device.py:15> exception=ConfigFileError('Failed to configure switch s_coin_door_service_2 in platform. See error above')>
Traceback (most recent call last):
  File "C:\Users\White\mpf\Lib\site-packages\mpf\platforms\fast\fast.py", line 490, in _parse_switch_number
    board = self.io_boards_by_name[board_str]
            ~~~~~~~~~~~~~~~~~~~~~~^^^^^^^^^^^
KeyError: 'cabinet_board'

During handling of the above exception, another exception occurred:

Traceback (most recent call last):
  File "C:\Users\White\mpf\Lib\site-packages\mpf\devices\switch.py", line 149, in _initialize
    self.hw_switch = self.platform.configure_switch(
                     ^^^^^^^^^^^^^^^^^^^^^^^^^^^^^^^
  File "C:\Users\White\mpf\Lib\site-packages\mpf\platforms\fast\fast.py", line 577, in configure_switch
    number = self._parse_switch_number(number)
             ^^^^^^^^^^^^^^^^^^^^^^^^^^^^^^^^^
  File "C:\Users\White\mpf\Lib\site-packages\mpf\platforms\fast\fast.py", line 492, in _parse_switch_number
    raise AssertionError(f"Board {board_str} does not exist for switch {number}")
AssertionError: Board cabinet_board does not exist for switch cabinet_board-5

The above exception was the direct cause of the following exception:

Traceback (most recent call last):
  File "C:\Users\White\mpf\Lib\site-packages\mpf\core\system_wide_device.py", line 17, in device_added_system_wide
    await self._initialize()
  File "C:\Users\White\mpf\Lib\site-packages\mpf\devices\switch.py", line 152, in _initialize
    raise ConfigFileError("Failed to configure switch {} in platform. See error above".format(self.name), 2,
mpf.exceptions.config_file_error.ConfigFileError: Config File Error in switch: Failed to configure switch s_coin_door_service_2 in platform. See error above Error Code: CFE-switch-2 (https://missionpinball.org/logs)
2026-05-10 19:36:24,988 : ERROR : asyncio : Task exception was never retrieved
future: <Task finished name='Task-90' coro=<SystemWideDevice.device_added_system_wide() done, defined at C:\Users\White\mpf\Lib\site-packages\mpf\core\system_wide_device.py:15> exception=ConfigFileError('Failed to configure switch s_l_lock_target in platform. See error above')>
Traceback (most recent call last):
  File "C:\Users\White\mpf\Lib\site-packages\mpf\platforms\fast\fast.py", line 490, in _parse_switch_number
    board = self.io_boards_by_name[board_str]
            ~~~~~~~~~~~~~~~~~~~~~~^^^^^^^^^^^
KeyError: 'playfield_board_upper'

During handling of the above exception, another exception occurred:

Traceback (most recent call last):
  File "C:\Users\White\mpf\Lib\site-packages\mpf\devices\switch.py", line 149, in _initialize
    self.hw_switch = self.platform.configure_switch(
                     ^^^^^^^^^^^^^^^^^^^^^^^^^^^^^^^
  File "C:\Users\White\mpf\Lib\site-packages\mpf\platforms\fast\fast.py", line 577, in configure_switch
    number = self._parse_switch_number(number)
             ^^^^^^^^^^^^^^^^^^^^^^^^^^^^^^^^^
  File "C:\Users\White\mpf\Lib\site-packages\mpf\platforms\fast\fast.py", line 492, in _parse_switch_number
    raise AssertionError(f"Board {board_str} does not exist for switch {number}")
AssertionError: Board playfield_board_upper does not exist for switch playfield_board_upper-0

The above exception was the direct cause of the following exception:

Traceback (most recent call last):
  File "C:\Users\White\mpf\Lib\site-packages\mpf\core\system_wide_device.py", line 17, in device_added_system_wide
    await self._initialize()
  File "C:\Users\White\mpf\Lib\site-packages\mpf\devices\switch.py", line 152, in _initialize
    raise ConfigFileError("Failed to configure switch {} in platform. See error above".format(self.name), 2,
mpf.exceptions.config_file_error.ConfigFileError: Config File Error in switch: Failed to configure switch s_l_lock_target in platform. See error above Error Code: CFE-switch-2 (https://missionpinball.org/logs)
2026-05-10 19:36:24,989 : ERROR : asyncio : Task exception was never retrieved
future: <Task finished name='Task-48' coro=<SystemWideDevice.device_added_system_wide() done, defined at C:\Users\White\mpf\Lib\site-packages\mpf\core\system_wide_device.py:15> exception=ConfigFileError('Failed to configure switch s_coin_door_service_3 in platform. See error above')>
Traceback (most recent call last):
  File "C:\Users\White\mpf\Lib\site-packages\mpf\platforms\fast\fast.py", line 490, in _parse_switch_number
    board = self.io_boards_by_name[board_str]
            ~~~~~~~~~~~~~~~~~~~~~~^^^^^^^^^^^
KeyError: 'cabinet_board'

During handling of the above exception, another exception occurred:

Traceback (most recent call last):
  File "C:\Users\White\mpf\Lib\site-packages\mpf\devices\switch.py", line 149, in _initialize
    self.hw_switch = self.platform.configure_switch(
                     ^^^^^^^^^^^^^^^^^^^^^^^^^^^^^^^
  File "C:\Users\White\mpf\Lib\site-packages\mpf\platforms\fast\fast.py", line 577, in configure_switch
    number = self._parse_switch_number(number)
             ^^^^^^^^^^^^^^^^^^^^^^^^^^^^^^^^^
  File "C:\Users\White\mpf\Lib\site-packages\mpf\platforms\fast\fast.py", line 492, in _parse_switch_number
    raise AssertionError(f"Board {board_str} does not exist for switch {number}")
AssertionError: Board cabinet_board does not exist for switch cabinet_board-6

The above exception was the direct cause of the following exception:

Traceback (most recent call last):
  File "C:\Users\White\mpf\Lib\site-packages\mpf\core\system_wide_device.py", line 17, in device_added_system_wide
    await self._initialize()
  File "C:\Users\White\mpf\Lib\site-packages\mpf\devices\switch.py", line 152, in _initialize
    raise ConfigFileError("Failed to configure switch {} in platform. See error above".format(self.name), 2,
mpf.exceptions.config_file_error.ConfigFileError: Config File Error in switch: Failed to configure switch s_coin_door_service_3 in platform. See error above Error Code: CFE-switch-2 (https://missionpinball.org/logs)
2026-05-10 19:36:24,990 : ERROR : asyncio : Task exception was never retrieved
future: <Task finished name='Task-91' coro=<SystemWideDevice.device_added_system_wide() done, defined at C:\Users\White\mpf\Lib\site-packages\mpf\core\system_wide_device.py:15> exception=ConfigFileError('Failed to configure switch s_o_lock_target in platform. See error above')>
Traceback (most recent call last):
  File "C:\Users\White\mpf\Lib\site-packages\mpf\platforms\fast\fast.py", line 490, in _parse_switch_number
    board = self.io_boards_by_name[board_str]
            ~~~~~~~~~~~~~~~~~~~~~~^^^^^^^^^^^
KeyError: 'playfield_board_upper'

During handling of the above exception, another exception occurred:

Traceback (most recent call last):
  File "C:\Users\White\mpf\Lib\site-packages\mpf\devices\switch.py", line 149, in _initialize
    self.hw_switch = self.platform.configure_switch(
                     ^^^^^^^^^^^^^^^^^^^^^^^^^^^^^^^
  File "C:\Users\White\mpf\Lib\site-packages\mpf\platforms\fast\fast.py", line 577, in configure_switch
    number = self._parse_switch_number(number)
             ^^^^^^^^^^^^^^^^^^^^^^^^^^^^^^^^^
  File "C:\Users\White\mpf\Lib\site-packages\mpf\platforms\fast\fast.py", line 492, in _parse_switch_number
    raise AssertionError(f"Board {board_str} does not exist for switch {number}")
AssertionError: Board playfield_board_upper does not exist for switch playfield_board_upper-1

The above exception was the direct cause of the following exception:

Traceback (most recent call last):
  File "C:\Users\White\mpf\Lib\site-packages\mpf\core\system_wide_device.py", line 17, in device_added_system_wide
    await self._initialize()
  File "C:\Users\White\mpf\Lib\site-packages\mpf\devices\switch.py", line 152, in _initialize
    raise ConfigFileError("Failed to configure switch {} in platform. See error above".format(self.name), 2,
mpf.exceptions.config_file_error.ConfigFileError: Config File Error in switch: Failed to configure switch s_o_lock_target in platform. See error above Error Code: CFE-switch-2 (https://missionpinball.org/logs)
2026-05-10 19:36:24,991 : ERROR : asyncio : Task exception was never retrieved
future: <Task finished name='Task-49' coro=<SystemWideDevice.device_added_system_wide() done, defined at C:\Users\White\mpf\Lib\site-packages\mpf\core\system_wide_device.py:15> exception=ConfigFileError('Failed to configure switch s_coin_door_service_4 in platform. See error above')>
Traceback (most recent call last):
  File "C:\Users\White\mpf\Lib\site-packages\mpf\platforms\fast\fast.py", line 490, in _parse_switch_number
    board = self.io_boards_by_name[board_str]
            ~~~~~~~~~~~~~~~~~~~~~~^^^^^^^^^^^
KeyError: 'cabinet_board'

During handling of the above exception, another exception occurred:

Traceback (most recent call last):
  File "C:\Users\White\mpf\Lib\site-packages\mpf\devices\switch.py", line 149, in _initialize
    self.hw_switch = self.platform.configure_switch(
                     ^^^^^^^^^^^^^^^^^^^^^^^^^^^^^^^
  File "C:\Users\White\mpf\Lib\site-packages\mpf\platforms\fast\fast.py", line 577, in configure_switch
    number = self._parse_switch_number(number)
             ^^^^^^^^^^^^^^^^^^^^^^^^^^^^^^^^^
  File "C:\Users\White\mpf\Lib\site-packages\mpf\platforms\fast\fast.py", line 492, in _parse_switch_number
    raise AssertionError(f"Board {board_str} does not exist for switch {number}")
AssertionError: Board cabinet_board does not exist for switch cabinet_board-7

The above exception was the direct cause of the following exception:

Traceback (most recent call last):
  File "C:\Users\White\mpf\Lib\site-packages\mpf\core\system_wide_device.py", line 17, in device_added_system_wide
    await self._initialize()
  File "C:\Users\White\mpf\Lib\site-packages\mpf\devices\switch.py", line 152, in _initialize
    raise ConfigFileError("Failed to configure switch {} in platform. See error above".format(self.name), 2,
mpf.exceptions.config_file_error.ConfigFileError: Config File Error in switch: Failed to configure switch s_coin_door_service_4 in platform. See error above Error Code: CFE-switch-2 (https://missionpinball.org/logs)
2026-05-10 19:36:24,992 : ERROR : asyncio : Task exception was never retrieved
future: <Task finished name='Task-92' coro=<SystemWideDevice.device_added_system_wide() done, defined at C:\Users\White\mpf\Lib\site-packages\mpf\core\system_wide_device.py:15> exception=ConfigFileError('Failed to configure switch s_c_lock_target in platform. See error above')>
Traceback (most recent call last):
  File "C:\Users\White\mpf\Lib\site-packages\mpf\platforms\fast\fast.py", line 490, in _parse_switch_number
    board = self.io_boards_by_name[board_str]
            ~~~~~~~~~~~~~~~~~~~~~~^^^^^^^^^^^
KeyError: 'playfield_board_upper'

During handling of the above exception, another exception occurred:

Traceback (most recent call last):
  File "C:\Users\White\mpf\Lib\site-packages\mpf\devices\switch.py", line 149, in _initialize
    self.hw_switch = self.platform.configure_switch(
                     ^^^^^^^^^^^^^^^^^^^^^^^^^^^^^^^
  File "C:\Users\White\mpf\Lib\site-packages\mpf\platforms\fast\fast.py", line 577, in configure_switch
    number = self._parse_switch_number(number)
             ^^^^^^^^^^^^^^^^^^^^^^^^^^^^^^^^^
  File "C:\Users\White\mpf\Lib\site-packages\mpf\platforms\fast\fast.py", line 492, in _parse_switch_number
    raise AssertionError(f"Board {board_str} does not exist for switch {number}")
AssertionError: Board playfield_board_upper does not exist for switch playfield_board_upper-2

The above exception was the direct cause of the following exception:

Traceback (most recent call last):
  File "C:\Users\White\mpf\Lib\site-packages\mpf\core\system_wide_device.py", line 17, in device_added_system_wide
    await self._initialize()
  File "C:\Users\White\mpf\Lib\site-packages\mpf\devices\switch.py", line 152, in _initialize
    raise ConfigFileError("Failed to configure switch {} in platform. See error above".format(self.name), 2,
mpf.exceptions.config_file_error.ConfigFileError: Config File Error in switch: Failed to configure switch s_c_lock_target in platform. See error above Error Code: CFE-switch-2 (https://missionpinball.org/logs)
2026-05-10 19:36:24,993 : ERROR : asyncio : Task exception was never retrieved
future: <Task finished name='Task-50' coro=<SystemWideDevice.device_added_system_wide() done, defined at C:\Users\White\mpf\Lib\site-packages\mpf\core\system_wide_device.py:15> exception=ConfigFileError('Failed to configure switch s_coin_door_credit_right in platform. See error above')>
Traceback (most recent call last):
  File "C:\Users\White\mpf\Lib\site-packages\mpf\platforms\fast\fast.py", line 490, in _parse_switch_number
    board = self.io_boards_by_name[board_str]
            ~~~~~~~~~~~~~~~~~~~~~~^^^^^^^^^^^
KeyError: 'cabinet_board'

During handling of the above exception, another exception occurred:

Traceback (most recent call last):
  File "C:\Users\White\mpf\Lib\site-packages\mpf\devices\switch.py", line 149, in _initialize
    self.hw_switch = self.platform.configure_switch(
                     ^^^^^^^^^^^^^^^^^^^^^^^^^^^^^^^
  File "C:\Users\White\mpf\Lib\site-packages\mpf\platforms\fast\fast.py", line 577, in configure_switch
    number = self._parse_switch_number(number)
             ^^^^^^^^^^^^^^^^^^^^^^^^^^^^^^^^^
  File "C:\Users\White\mpf\Lib\site-packages\mpf\platforms\fast\fast.py", line 492, in _parse_switch_number
    raise AssertionError(f"Board {board_str} does not exist for switch {number}")
AssertionError: Board cabinet_board does not exist for switch cabinet_board-3

The above exception was the direct cause of the following exception:

Traceback (most recent call last):
  File "C:\Users\White\mpf\Lib\site-packages\mpf\core\system_wide_device.py", line 17, in device_added_system_wide
    await self._initialize()
  File "C:\Users\White\mpf\Lib\site-packages\mpf\devices\switch.py", line 152, in _initialize
    raise ConfigFileError("Failed to configure switch {} in platform. See error above".format(self.name), 2,
mpf.exceptions.config_file_error.ConfigFileError: Config File Error in switch: Failed to configure switch s_coin_door_credit_right in platform. See error above Error Code: CFE-switch-2 (https://missionpinball.org/logs)
2026-05-10 19:36:24,994 : ERROR : asyncio : Task exception was never retrieved
future: <Task finished name='Task-93' coro=<SystemWideDevice.device_added_system_wide() done, defined at C:\Users\White\mpf\Lib\site-packages\mpf\core\system_wide_device.py:15> exception=ConfigFileError('Failed to configure switch s_k_lock_target in platform. See error above')>
Traceback (most recent call last):
  File "C:\Users\White\mpf\Lib\site-packages\mpf\platforms\fast\fast.py", line 490, in _parse_switch_number
    board = self.io_boards_by_name[board_str]
            ~~~~~~~~~~~~~~~~~~~~~~^^^^^^^^^^^
KeyError: 'playfield_board_upper'

During handling of the above exception, another exception occurred:

Traceback (most recent call last):
  File "C:\Users\White\mpf\Lib\site-packages\mpf\devices\switch.py", line 149, in _initialize
    self.hw_switch = self.platform.configure_switch(
                     ^^^^^^^^^^^^^^^^^^^^^^^^^^^^^^^
  File "C:\Users\White\mpf\Lib\site-packages\mpf\platforms\fast\fast.py", line 577, in configure_switch
    number = self._parse_switch_number(number)
             ^^^^^^^^^^^^^^^^^^^^^^^^^^^^^^^^^
  File "C:\Users\White\mpf\Lib\site-packages\mpf\platforms\fast\fast.py", line 492, in _parse_switch_number
    raise AssertionError(f"Board {board_str} does not exist for switch {number}")
AssertionError: Board playfield_board_upper does not exist for switch playfield_board_upper-3

The above exception was the direct cause of the following exception:

Traceback (most recent call last):
  File "C:\Users\White\mpf\Lib\site-packages\mpf\core\system_wide_device.py", line 17, in device_added_system_wide
    await self._initialize()
  File "C:\Users\White\mpf\Lib\site-packages\mpf\devices\switch.py", line 152, in _initialize
    raise ConfigFileError("Failed to configure switch {} in platform. See error above".format(self.name), 2,
mpf.exceptions.config_file_error.ConfigFileError: Config File Error in switch: Failed to configure switch s_k_lock_target in platform. See error above Error Code: CFE-switch-2 (https://missionpinball.org/logs)
2026-05-10 19:36:24,995 : ERROR : asyncio : Task exception was never retrieved
future: <Task finished name='Task-51' coro=<SystemWideDevice.device_added_system_wide() done, defined at C:\Users\White\mpf\Lib\site-packages\mpf\core\system_wide_device.py:15> exception=ConfigFileError('Failed to configure switch s_coin_door_credit_left in platform. See error above')>
Traceback (most recent call last):
  File "C:\Users\White\mpf\Lib\site-packages\mpf\platforms\fast\fast.py", line 490, in _parse_switch_number
    board = self.io_boards_by_name[board_str]
            ~~~~~~~~~~~~~~~~~~~~~~^^^^^^^^^^^
KeyError: 'cabinet_board'

During handling of the above exception, another exception occurred:

Traceback (most recent call last):
  File "C:\Users\White\mpf\Lib\site-packages\mpf\devices\switch.py", line 149, in _initialize
    self.hw_switch = self.platform.configure_switch(
                     ^^^^^^^^^^^^^^^^^^^^^^^^^^^^^^^
  File "C:\Users\White\mpf\Lib\site-packages\mpf\platforms\fast\fast.py", line 577, in configure_switch
    number = self._parse_switch_number(number)
             ^^^^^^^^^^^^^^^^^^^^^^^^^^^^^^^^^
  File "C:\Users\White\mpf\Lib\site-packages\mpf\platforms\fast\fast.py", line 492, in _parse_switch_number
    raise AssertionError(f"Board {board_str} does not exist for switch {number}")
AssertionError: Board cabinet_board does not exist for switch cabinet_board-2

The above exception was the direct cause of the following exception:

Traceback (most recent call last):
  File "C:\Users\White\mpf\Lib\site-packages\mpf\core\system_wide_device.py", line 17, in device_added_system_wide
    await self._initialize()
  File "C:\Users\White\mpf\Lib\site-packages\mpf\devices\switch.py", line 152, in _initialize
    raise ConfigFileError("Failed to configure switch {} in platform. See error above".format(self.name), 2,
mpf.exceptions.config_file_error.ConfigFileError: Config File Error in switch: Failed to configure switch s_coin_door_credit_left in platform. See error above Error Code: CFE-switch-2 (https://missionpinball.org/logs)
2026-05-10 19:36:24,996 : ERROR : asyncio : Task exception was never retrieved
future: <Task finished name='Task-94' coro=<SystemWideDevice.device_added_system_wide() done, defined at C:\Users\White\mpf\Lib\site-packages\mpf\core\system_wide_device.py:15> exception=ConfigFileError('Failed to configure switch s_barrier_target in platform. See error above')>
Traceback (most recent call last):
  File "C:\Users\White\mpf\Lib\site-packages\mpf\platforms\fast\fast.py", line 490, in _parse_switch_number
    board = self.io_boards_by_name[board_str]
            ~~~~~~~~~~~~~~~~~~~~~~^^^^^^^^^^^
KeyError: 'playfield_board_upper'

During handling of the above exception, another exception occurred:

Traceback (most recent call last):
  File "C:\Users\White\mpf\Lib\site-packages\mpf\devices\switch.py", line 149, in _initialize
    self.hw_switch = self.platform.configure_switch(
                     ^^^^^^^^^^^^^^^^^^^^^^^^^^^^^^^
  File "C:\Users\White\mpf\Lib\site-packages\mpf\platforms\fast\fast.py", line 577, in configure_switch
    number = self._parse_switch_number(number)
             ^^^^^^^^^^^^^^^^^^^^^^^^^^^^^^^^^
  File "C:\Users\White\mpf\Lib\site-packages\mpf\platforms\fast\fast.py", line 492, in _parse_switch_number
    raise AssertionError(f"Board {board_str} does not exist for switch {number}")
AssertionError: Board playfield_board_upper does not exist for switch playfield_board_upper-5

The above exception was the direct cause of the following exception:

Traceback (most recent call last):
  File "C:\Users\White\mpf\Lib\site-packages\mpf\core\system_wide_device.py", line 17, in device_added_system_wide
    await self._initialize()
  File "C:\Users\White\mpf\Lib\site-packages\mpf\devices\switch.py", line 152, in _initialize
    raise ConfigFileError("Failed to configure switch {} in platform. See error above".format(self.name), 2,
mpf.exceptions.config_file_error.ConfigFileError: Config File Error in switch: Failed to configure switch s_barrier_target in platform. See error above Error Code: CFE-switch-2 (https://missionpinball.org/logs)
2026-05-10 19:36:24,997 : ERROR : asyncio : Task exception was never retrieved
future: <Task finished name='Task-52' coro=<SystemWideDevice.device_added_system_wide() done, defined at C:\Users\White\mpf\Lib\site-packages\mpf\core\system_wide_device.py:15> exception=ConfigFileError('Failed to configure switch s_flipper_left in platform. See error above')>
Traceback (most recent call last):
  File "C:\Users\White\mpf\Lib\site-packages\mpf\platforms\fast\fast.py", line 490, in _parse_switch_number
    board = self.io_boards_by_name[board_str]
            ~~~~~~~~~~~~~~~~~~~~~~^^^^^^^^^^^
KeyError: 'cabinet_board'

During handling of the above exception, another exception occurred:

Traceback (most recent call last):
  File "C:\Users\White\mpf\Lib\site-packages\mpf\devices\switch.py", line 149, in _initialize
    self.hw_switch = self.platform.configure_switch(
                     ^^^^^^^^^^^^^^^^^^^^^^^^^^^^^^^
  File "C:\Users\White\mpf\Lib\site-packages\mpf\platforms\fast\fast.py", line 577, in configure_switch
    number = self._parse_switch_number(number)
             ^^^^^^^^^^^^^^^^^^^^^^^^^^^^^^^^^
  File "C:\Users\White\mpf\Lib\site-packages\mpf\platforms\fast\fast.py", line 492, in _parse_switch_number
    raise AssertionError(f"Board {board_str} does not exist for switch {number}")
AssertionError: Board cabinet_board does not exist for switch cabinet_board-10

The above exception was the direct cause of the following exception:

Traceback (most recent call last):
  File "C:\Users\White\mpf\Lib\site-packages\mpf\core\system_wide_device.py", line 17, in device_added_system_wide
    await self._initialize()
  File "C:\Users\White\mpf\Lib\site-packages\mpf\devices\switch.py", line 152, in _initialize
    raise ConfigFileError("Failed to configure switch {} in platform. See error above".format(self.name), 2,
mpf.exceptions.config_file_error.ConfigFileError: Config File Error in switch: Failed to configure switch s_flipper_left in platform. See error above Error Code: CFE-switch-2 (https://missionpinball.org/logs)
2026-05-10 19:36:24,998 : ERROR : asyncio : Task exception was never retrieved
future: <Task finished name='Task-95' coro=<SystemWideDevice.device_added_system_wide() done, defined at C:\Users\White\mpf\Lib\site-packages\mpf\core\system_wide_device.py:15> exception=ConfigFileError('Failed to configure switch s_flight_gear_target in platform. See error above')>
Traceback (most recent call last):
  File "C:\Users\White\mpf\Lib\site-packages\mpf\platforms\fast\fast.py", line 490, in _parse_switch_number
    board = self.io_boards_by_name[board_str]
            ~~~~~~~~~~~~~~~~~~~~~~^^^^^^^^^^^
KeyError: 'playfield_board_upper'

During handling of the above exception, another exception occurred:

Traceback (most recent call last):
  File "C:\Users\White\mpf\Lib\site-packages\mpf\devices\switch.py", line 149, in _initialize
    self.hw_switch = self.platform.configure_switch(
                     ^^^^^^^^^^^^^^^^^^^^^^^^^^^^^^^
  File "C:\Users\White\mpf\Lib\site-packages\mpf\platforms\fast\fast.py", line 577, in configure_switch
    number = self._parse_switch_number(number)
             ^^^^^^^^^^^^^^^^^^^^^^^^^^^^^^^^^
  File "C:\Users\White\mpf\Lib\site-packages\mpf\platforms\fast\fast.py", line 492, in _parse_switch_number
    raise AssertionError(f"Board {board_str} does not exist for switch {number}")
AssertionError: Board playfield_board_upper does not exist for switch playfield_board_upper-4

The above exception was the direct cause of the following exception:

Traceback (most recent call last):
  File "C:\Users\White\mpf\Lib\site-packages\mpf\core\system_wide_device.py", line 17, in device_added_system_wide
    await self._initialize()
  File "C:\Users\White\mpf\Lib\site-packages\mpf\devices\switch.py", line 152, in _initialize
    raise ConfigFileError("Failed to configure switch {} in platform. See error above".format(self.name), 2,
mpf.exceptions.config_file_error.ConfigFileError: Config File Error in switch: Failed to configure switch s_flight_gear_target in platform. See error above Error Code: CFE-switch-2 (https://missionpinball.org/logs)
2026-05-10 19:36:24,998 : ERROR : asyncio : Task exception was never retrieved
future: <Task finished name='Task-53' coro=<SystemWideDevice.device_added_system_wide() done, defined at C:\Users\White\mpf\Lib\site-packages\mpf\core\system_wide_device.py:15> exception=ConfigFileError('Failed to configure switch s_flipper_left_eos in platform. See error above')>
Traceback (most recent call last):
  File "C:\Users\White\mpf\Lib\site-packages\mpf\platforms\fast\fast.py", line 490, in _parse_switch_number
    board = self.io_boards_by_name[board_str]
            ~~~~~~~~~~~~~~~~~~~~~~^^^^^^^^^^^
KeyError: 'playfield_board_lower'

During handling of the above exception, another exception occurred:

Traceback (most recent call last):
  File "C:\Users\White\mpf\Lib\site-packages\mpf\devices\switch.py", line 149, in _initialize
    self.hw_switch = self.platform.configure_switch(
                     ^^^^^^^^^^^^^^^^^^^^^^^^^^^^^^^
  File "C:\Users\White\mpf\Lib\site-packages\mpf\platforms\fast\fast.py", line 577, in configure_switch
    number = self._parse_switch_number(number)
             ^^^^^^^^^^^^^^^^^^^^^^^^^^^^^^^^^
  File "C:\Users\White\mpf\Lib\site-packages\mpf\platforms\fast\fast.py", line 492, in _parse_switch_number
    raise AssertionError(f"Board {board_str} does not exist for switch {number}")
AssertionError: Board playfield_board_lower does not exist for switch playfield_board_lower-8

The above exception was the direct cause of the following exception:

Traceback (most recent call last):
  File "C:\Users\White\mpf\Lib\site-packages\mpf\core\system_wide_device.py", line 17, in device_added_system_wide
    await self._initialize()
  File "C:\Users\White\mpf\Lib\site-packages\mpf\devices\switch.py", line 152, in _initialize
    raise ConfigFileError("Failed to configure switch {} in platform. See error above".format(self.name), 2,
mpf.exceptions.config_file_error.ConfigFileError: Config File Error in switch: Failed to configure switch s_flipper_left_eos in platform. See error above Error Code: CFE-switch-2 (https://missionpinball.org/logs)
2026-05-10 19:36:24,999 : ERROR : asyncio : Task exception was never retrieved
future: <Task finished name='Task-96' coro=<SystemWideDevice.device_added_system_wide() done, defined at C:\Users\White\mpf\Lib\site-packages\mpf\core\system_wide_device.py:15> exception=ConfigFileError('Failed to configure switch s_spinner in platform. See error above')>
Traceback (most recent call last):
  File "C:\Users\White\mpf\Lib\site-packages\mpf\platforms\fast\fast.py", line 490, in _parse_switch_number
    board = self.io_boards_by_name[board_str]
            ~~~~~~~~~~~~~~~~~~~~~~^^^^^^^^^^^
KeyError: 'playfield_board_upper'

During handling of the above exception, another exception occurred:

Traceback (most recent call last):
  File "C:\Users\White\mpf\Lib\site-packages\mpf\devices\switch.py", line 149, in _initialize
    self.hw_switch = self.platform.configure_switch(
                     ^^^^^^^^^^^^^^^^^^^^^^^^^^^^^^^
  File "C:\Users\White\mpf\Lib\site-packages\mpf\platforms\fast\fast.py", line 577, in configure_switch
    number = self._parse_switch_number(number)
             ^^^^^^^^^^^^^^^^^^^^^^^^^^^^^^^^^
  File "C:\Users\White\mpf\Lib\site-packages\mpf\platforms\fast\fast.py", line 492, in _parse_switch_number
    raise AssertionError(f"Board {board_str} does not exist for switch {number}")
AssertionError: Board playfield_board_upper does not exist for switch playfield_board_upper-15

The above exception was the direct cause of the following exception:

Traceback (most recent call last):
  File "C:\Users\White\mpf\Lib\site-packages\mpf\core\system_wide_device.py", line 17, in device_added_system_wide
    await self._initialize()
  File "C:\Users\White\mpf\Lib\site-packages\mpf\devices\switch.py", line 152, in _initialize
    raise ConfigFileError("Failed to configure switch {} in platform. See error above".format(self.name), 2,
mpf.exceptions.config_file_error.ConfigFileError: Config File Error in switch: Failed to configure switch s_spinner in platform. See error above Error Code: CFE-switch-2 (https://missionpinball.org/logs)
2026-05-10 19:36:25,000 : ERROR : asyncio : Task exception was never retrieved
future: <Task finished name='Task-54' coro=<SystemWideDevice.device_added_system_wide() done, defined at C:\Users\White\mpf\Lib\site-packages\mpf\core\system_wide_device.py:15> exception=ConfigFileError('Failed to configure switch s_flipper_left_upper in platform. See error above')>
Traceback (most recent call last):
  File "C:\Users\White\mpf\Lib\site-packages\mpf\platforms\fast\fast.py", line 490, in _parse_switch_number
    board = self.io_boards_by_name[board_str]
            ~~~~~~~~~~~~~~~~~~~~~~^^^^^^^^^^^
KeyError: 'cabinet_board'

During handling of the above exception, another exception occurred:

Traceback (most recent call last):
  File "C:\Users\White\mpf\Lib\site-packages\mpf\devices\switch.py", line 149, in _initialize
    self.hw_switch = self.platform.configure_switch(
                     ^^^^^^^^^^^^^^^^^^^^^^^^^^^^^^^
  File "C:\Users\White\mpf\Lib\site-packages\mpf\platforms\fast\fast.py", line 577, in configure_switch
    number = self._parse_switch_number(number)
             ^^^^^^^^^^^^^^^^^^^^^^^^^^^^^^^^^
  File "C:\Users\White\mpf\Lib\site-packages\mpf\platforms\fast\fast.py", line 492, in _parse_switch_number
    raise AssertionError(f"Board {board_str} does not exist for switch {number}")
AssertionError: Board cabinet_board does not exist for switch cabinet_board-11

The above exception was the direct cause of the following exception:

Traceback (most recent call last):
  File "C:\Users\White\mpf\Lib\site-packages\mpf\core\system_wide_device.py", line 17, in device_added_system_wide
    await self._initialize()
  File "C:\Users\White\mpf\Lib\site-packages\mpf\devices\switch.py", line 152, in _initialize
    raise ConfigFileError("Failed to configure switch {} in platform. See error above".format(self.name), 2,
mpf.exceptions.config_file_error.ConfigFileError: Config File Error in switch: Failed to configure switch s_flipper_left_upper in platform. See error above Error Code: CFE-switch-2 (https://missionpinball.org/logs)
2026-05-10 19:36:25,001 : ERROR : asyncio : Task exception was never retrieved
future: <Task finished name='Task-97' coro=<SystemWideDevice.device_added_system_wide() done, defined at C:\Users\White\mpf\Lib\site-packages\mpf\core\system_wide_device.py:15> exception=ConfigFileError('Failed to configure switch s_ramp_left_exit in platform. See error above')>
Traceback (most recent call last):
  File "C:\Users\White\mpf\Lib\site-packages\mpf\platforms\fast\fast.py", line 490, in _parse_switch_number
    board = self.io_boards_by_name[board_str]
            ~~~~~~~~~~~~~~~~~~~~~~^^^^^^^^^^^
KeyError: 'playfield_board_upper'

During handling of the above exception, another exception occurred:

Traceback (most recent call last):
  File "C:\Users\White\mpf\Lib\site-packages\mpf\devices\switch.py", line 149, in _initialize
    self.hw_switch = self.platform.configure_switch(
                     ^^^^^^^^^^^^^^^^^^^^^^^^^^^^^^^
  File "C:\Users\White\mpf\Lib\site-packages\mpf\platforms\fast\fast.py", line 577, in configure_switch
    number = self._parse_switch_number(number)
             ^^^^^^^^^^^^^^^^^^^^^^^^^^^^^^^^^
  File "C:\Users\White\mpf\Lib\site-packages\mpf\platforms\fast\fast.py", line 492, in _parse_switch_number
    raise AssertionError(f"Board {board_str} does not exist for switch {number}")
AssertionError: Board playfield_board_upper does not exist for switch playfield_board_upper-16

The above exception was the direct cause of the following exception:

Traceback (most recent call last):
  File "C:\Users\White\mpf\Lib\site-packages\mpf\core\system_wide_device.py", line 17, in device_added_system_wide
    await self._initialize()
  File "C:\Users\White\mpf\Lib\site-packages\mpf\devices\switch.py", line 152, in _initialize
    raise ConfigFileError("Failed to configure switch {} in platform. See error above".format(self.name), 2,
mpf.exceptions.config_file_error.ConfigFileError: Config File Error in switch: Failed to configure switch s_ramp_left_exit in platform. See error above Error Code: CFE-switch-2 (https://missionpinball.org/logs)
2026-05-10 19:36:25,004 : ERROR : asyncio : Task exception was never retrieved
future: <Task finished name='Task-55' coro=<SystemWideDevice.device_added_system_wide() done, defined at C:\Users\White\mpf\Lib\site-packages\mpf\core\system_wide_device.py:15> exception=ConfigFileError('Failed to configure switch s_flipper_left_upper_eos in platform. See error above')>
Traceback (most recent call last):
  File "C:\Users\White\mpf\Lib\site-packages\mpf\platforms\fast\fast.py", line 490, in _parse_switch_number
    board = self.io_boards_by_name[board_str]
            ~~~~~~~~~~~~~~~~~~~~~~^^^^^^^^^^^
KeyError: 'playfield_board_lower'

During handling of the above exception, another exception occurred:

Traceback (most recent call last):
  File "C:\Users\White\mpf\Lib\site-packages\mpf\devices\switch.py", line 149, in _initialize
    self.hw_switch = self.platform.configure_switch(
                     ^^^^^^^^^^^^^^^^^^^^^^^^^^^^^^^
  File "C:\Users\White\mpf\Lib\site-packages\mpf\platforms\fast\fast.py", line 577, in configure_switch
    number = self._parse_switch_number(number)
             ^^^^^^^^^^^^^^^^^^^^^^^^^^^^^^^^^
  File "C:\Users\White\mpf\Lib\site-packages\mpf\platforms\fast\fast.py", line 492, in _parse_switch_number
    raise AssertionError(f"Board {board_str} does not exist for switch {number}")
AssertionError: Board playfield_board_lower does not exist for switch playfield_board_lower-10

The above exception was the direct cause of the following exception:

Traceback (most recent call last):
  File "C:\Users\White\mpf\Lib\site-packages\mpf\core\system_wide_device.py", line 17, in device_added_system_wide
    await self._initialize()
  File "C:\Users\White\mpf\Lib\site-packages\mpf\devices\switch.py", line 152, in _initialize
    raise ConfigFileError("Failed to configure switch {} in platform. See error above".format(self.name), 2,
mpf.exceptions.config_file_error.ConfigFileError: Config File Error in switch: Failed to configure switch s_flipper_left_upper_eos in platform. See error above Error Code: CFE-switch-2 (https://missionpinball.org/logs)
2026-05-10 19:36:25,004 : ERROR : asyncio : Task exception was never retrieved
future: <Task finished name='Task-98' coro=<SystemWideDevice.device_added_system_wide() done, defined at C:\Users\White\mpf\Lib\site-packages\mpf\core\system_wide_device.py:15> exception=ConfigFileError('Failed to configure switch s_ramp_right_exit in platform. See error above')>
Traceback (most recent call last):
  File "C:\Users\White\mpf\Lib\site-packages\mpf\platforms\fast\fast.py", line 490, in _parse_switch_number
    board = self.io_boards_by_name[board_str]
            ~~~~~~~~~~~~~~~~~~~~~~^^^^^^^^^^^
KeyError: 'playfield_board_upper'

During handling of the above exception, another exception occurred:

Traceback (most recent call last):
  File "C:\Users\White\mpf\Lib\site-packages\mpf\devices\switch.py", line 149, in _initialize
    self.hw_switch = self.platform.configure_switch(
                     ^^^^^^^^^^^^^^^^^^^^^^^^^^^^^^^
  File "C:\Users\White\mpf\Lib\site-packages\mpf\platforms\fast\fast.py", line 577, in configure_switch
    number = self._parse_switch_number(number)
             ^^^^^^^^^^^^^^^^^^^^^^^^^^^^^^^^^
  File "C:\Users\White\mpf\Lib\site-packages\mpf\platforms\fast\fast.py", line 492, in _parse_switch_number
    raise AssertionError(f"Board {board_str} does not exist for switch {number}")
AssertionError: Board playfield_board_upper does not exist for switch playfield_board_upper-21

The above exception was the direct cause of the following exception:

Traceback (most recent call last):
  File "C:\Users\White\mpf\Lib\site-packages\mpf\core\system_wide_device.py", line 17, in device_added_system_wide
    await self._initialize()
  File "C:\Users\White\mpf\Lib\site-packages\mpf\devices\switch.py", line 152, in _initialize
    raise ConfigFileError("Failed to configure switch {} in platform. See error above".format(self.name), 2,
mpf.exceptions.config_file_error.ConfigFileError: Config File Error in switch: Failed to configure switch s_ramp_right_exit in platform. See error above Error Code: CFE-switch-2 (https://missionpinball.org/logs)
2026-05-10 19:36:25,005 : ERROR : asyncio : Task exception was never retrieved
future: <Task finished name='Task-56' coro=<SystemWideDevice.device_added_system_wide() done, defined at C:\Users\White\mpf\Lib\site-packages\mpf\core\system_wide_device.py:15> exception=ConfigFileError('Failed to configure switch s_flipper_right in platform. See error above')>
Traceback (most recent call last):
  File "C:\Users\White\mpf\Lib\site-packages\mpf\platforms\fast\fast.py", line 490, in _parse_switch_number
    board = self.io_boards_by_name[board_str]
            ~~~~~~~~~~~~~~~~~~~~~~^^^^^^^^^^^
KeyError: 'cabinet_board'

During handling of the above exception, another exception occurred:

Traceback (most recent call last):
  File "C:\Users\White\mpf\Lib\site-packages\mpf\devices\switch.py", line 149, in _initialize
    self.hw_switch = self.platform.configure_switch(
                     ^^^^^^^^^^^^^^^^^^^^^^^^^^^^^^^
  File "C:\Users\White\mpf\Lib\site-packages\mpf\platforms\fast\fast.py", line 577, in configure_switch
    number = self._parse_switch_number(number)
             ^^^^^^^^^^^^^^^^^^^^^^^^^^^^^^^^^
  File "C:\Users\White\mpf\Lib\site-packages\mpf\platforms\fast\fast.py", line 492, in _parse_switch_number
    raise AssertionError(f"Board {board_str} does not exist for switch {number}")
AssertionError: Board cabinet_board does not exist for switch cabinet_board-12

The above exception was the direct cause of the following exception:

Traceback (most recent call last):
  File "C:\Users\White\mpf\Lib\site-packages\mpf\core\system_wide_device.py", line 17, in device_added_system_wide
    await self._initialize()
  File "C:\Users\White\mpf\Lib\site-packages\mpf\devices\switch.py", line 152, in _initialize
    raise ConfigFileError("Failed to configure switch {} in platform. See error above".format(self.name), 2,
mpf.exceptions.config_file_error.ConfigFileError: Config File Error in switch: Failed to configure switch s_flipper_right in platform. See error above Error Code: CFE-switch-2 (https://missionpinball.org/logs)
2026-05-10 19:36:25,006 : ERROR : asyncio : Task exception was never retrieved
future: <Task finished name='Task-99' coro=<SystemWideDevice.device_added_system_wide() done, defined at C:\Users\White\mpf\Lib\site-packages\mpf\core\system_wide_device.py:15> exception=ConfigFileError('Failed to configure switch s_ramp_inner_exit in platform. See error above')>
Traceback (most recent call last):
  File "C:\Users\White\mpf\Lib\site-packages\mpf\platforms\fast\fast.py", line 490, in _parse_switch_number
    board = self.io_boards_by_name[board_str]
            ~~~~~~~~~~~~~~~~~~~~~~^^^^^^^^^^^
KeyError: 'playfield_board_upper'

During handling of the above exception, another exception occurred:

Traceback (most recent call last):
  File "C:\Users\White\mpf\Lib\site-packages\mpf\devices\switch.py", line 149, in _initialize
    self.hw_switch = self.platform.configure_switch(
                     ^^^^^^^^^^^^^^^^^^^^^^^^^^^^^^^
  File "C:\Users\White\mpf\Lib\site-packages\mpf\platforms\fast\fast.py", line 577, in configure_switch
    number = self._parse_switch_number(number)
             ^^^^^^^^^^^^^^^^^^^^^^^^^^^^^^^^^
  File "C:\Users\White\mpf\Lib\site-packages\mpf\platforms\fast\fast.py", line 492, in _parse_switch_number
    raise AssertionError(f"Board {board_str} does not exist for switch {number}")
AssertionError: Board playfield_board_upper does not exist for switch playfield_board_upper-22

The above exception was the direct cause of the following exception:

Traceback (most recent call last):
  File "C:\Users\White\mpf\Lib\site-packages\mpf\core\system_wide_device.py", line 17, in device_added_system_wide
    await self._initialize()
  File "C:\Users\White\mpf\Lib\site-packages\mpf\devices\switch.py", line 152, in _initialize
    raise ConfigFileError("Failed to configure switch {} in platform. See error above".format(self.name), 2,
mpf.exceptions.config_file_error.ConfigFileError: Config File Error in switch: Failed to configure switch s_ramp_inner_exit in platform. See error above Error Code: CFE-switch-2 (https://missionpinball.org/logs)
2026-05-10 19:36:25,007 : ERROR : asyncio : Task exception was never retrieved
future: <Task finished name='Task-57' coro=<SystemWideDevice.device_added_system_wide() done, defined at C:\Users\White\mpf\Lib\site-packages\mpf\core\system_wide_device.py:15> exception=ConfigFileError('Failed to configure switch s_flipper_right_eos in platform. See error above')>
Traceback (most recent call last):
  File "C:\Users\White\mpf\Lib\site-packages\mpf\platforms\fast\fast.py", line 490, in _parse_switch_number
    board = self.io_boards_by_name[board_str]
            ~~~~~~~~~~~~~~~~~~~~~~^^^^^^^^^^^
KeyError: 'playfield_board_lower'

During handling of the above exception, another exception occurred:

Traceback (most recent call last):
  File "C:\Users\White\mpf\Lib\site-packages\mpf\devices\switch.py", line 149, in _initialize
    self.hw_switch = self.platform.configure_switch(
                     ^^^^^^^^^^^^^^^^^^^^^^^^^^^^^^^
  File "C:\Users\White\mpf\Lib\site-packages\mpf\platforms\fast\fast.py", line 577, in configure_switch
    number = self._parse_switch_number(number)
             ^^^^^^^^^^^^^^^^^^^^^^^^^^^^^^^^^
  File "C:\Users\White\mpf\Lib\site-packages\mpf\platforms\fast\fast.py", line 492, in _parse_switch_number
    raise AssertionError(f"Board {board_str} does not exist for switch {number}")
AssertionError: Board playfield_board_lower does not exist for switch playfield_board_lower-9

The above exception was the direct cause of the following exception:

Traceback (most recent call last):
  File "C:\Users\White\mpf\Lib\site-packages\mpf\core\system_wide_device.py", line 17, in device_added_system_wide
    await self._initialize()
  File "C:\Users\White\mpf\Lib\site-packages\mpf\devices\switch.py", line 152, in _initialize
    raise ConfigFileError("Failed to configure switch {} in platform. See error above".format(self.name), 2,
mpf.exceptions.config_file_error.ConfigFileError: Config File Error in switch: Failed to configure switch s_flipper_right_eos in platform. See error above Error Code: CFE-switch-2 (https://missionpinball.org/logs)
2026-05-10 19:36:25,008 : ERROR : asyncio : Task exception was never retrieved
future: <Task finished name='Task-100' coro=<SystemWideDevice.device_added_system_wide() done, defined at C:\Users\White\mpf\Lib\site-packages\mpf\core\system_wide_device.py:15> exception=ConfigFileError('Failed to configure switch s_ramp_tower_exit in platform. See error above')>
Traceback (most recent call last):
  File "C:\Users\White\mpf\Lib\site-packages\mpf\platforms\fast\fast.py", line 490, in _parse_switch_number
    board = self.io_boards_by_name[board_str]
            ~~~~~~~~~~~~~~~~~~~~~~^^^^^^^^^^^
KeyError: 'playfield_board_upper'

During handling of the above exception, another exception occurred:

Traceback (most recent call last):
  File "C:\Users\White\mpf\Lib\site-packages\mpf\devices\switch.py", line 149, in _initialize
    self.hw_switch = self.platform.configure_switch(
                     ^^^^^^^^^^^^^^^^^^^^^^^^^^^^^^^
  File "C:\Users\White\mpf\Lib\site-packages\mpf\platforms\fast\fast.py", line 577, in configure_switch
    number = self._parse_switch_number(number)
             ^^^^^^^^^^^^^^^^^^^^^^^^^^^^^^^^^
  File "C:\Users\White\mpf\Lib\site-packages\mpf\platforms\fast\fast.py", line 492, in _parse_switch_number
    raise AssertionError(f"Board {board_str} does not exist for switch {number}")
AssertionError: Board playfield_board_upper does not exist for switch playfield_board_upper-20

The above exception was the direct cause of the following exception:

Traceback (most recent call last):
  File "C:\Users\White\mpf\Lib\site-packages\mpf\core\system_wide_device.py", line 17, in device_added_system_wide
    await self._initialize()
  File "C:\Users\White\mpf\Lib\site-packages\mpf\devices\switch.py", line 152, in _initialize
    raise ConfigFileError("Failed to configure switch {} in platform. See error above".format(self.name), 2,
mpf.exceptions.config_file_error.ConfigFileError: Config File Error in switch: Failed to configure switch s_ramp_tower_exit in platform. See error above Error Code: CFE-switch-2 (https://missionpinball.org/logs)
2026-05-10 19:36:25,009 : ERROR : asyncio : Task exception was never retrieved
future: <Task finished name='Task-58' coro=<SystemWideDevice.device_added_system_wide() done, defined at C:\Users\White\mpf\Lib\site-packages\mpf\core\system_wide_device.py:15> exception=ConfigFileError('Failed to configure switch s_trough_1 in platform. See error above')>
Traceback (most recent call last):
  File "C:\Users\White\mpf\Lib\site-packages\mpf\platforms\fast\fast.py", line 490, in _parse_switch_number
    board = self.io_boards_by_name[board_str]
            ~~~~~~~~~~~~~~~~~~~~~~^^^^^^^^^^^
KeyError: 'playfield_board_lower'

During handling of the above exception, another exception occurred:

Traceback (most recent call last):
  File "C:\Users\White\mpf\Lib\site-packages\mpf\devices\switch.py", line 149, in _initialize
    self.hw_switch = self.platform.configure_switch(
                     ^^^^^^^^^^^^^^^^^^^^^^^^^^^^^^^
  File "C:\Users\White\mpf\Lib\site-packages\mpf\platforms\fast\fast.py", line 577, in configure_switch
    number = self._parse_switch_number(number)
             ^^^^^^^^^^^^^^^^^^^^^^^^^^^^^^^^^
  File "C:\Users\White\mpf\Lib\site-packages\mpf\platforms\fast\fast.py", line 492, in _parse_switch_number
    raise AssertionError(f"Board {board_str} does not exist for switch {number}")
AssertionError: Board playfield_board_lower does not exist for switch playfield_board_lower-0

The above exception was the direct cause of the following exception:

Traceback (most recent call last):
  File "C:\Users\White\mpf\Lib\site-packages\mpf\core\system_wide_device.py", line 17, in device_added_system_wide
    await self._initialize()
  File "C:\Users\White\mpf\Lib\site-packages\mpf\devices\switch.py", line 152, in _initialize
    raise ConfigFileError("Failed to configure switch {} in platform. See error above".format(self.name), 2,
mpf.exceptions.config_file_error.ConfigFileError: Config File Error in switch: Failed to configure switch s_trough_1 in platform. See error above Error Code: CFE-switch-2 (https://missionpinball.org/logs)
2026-05-10 19:36:25,010 : ERROR : asyncio : Task exception was never retrieved
future: <Task finished name='Task-101' coro=<SystemWideDevice.device_added_system_wide() done, defined at C:\Users\White\mpf\Lib\site-packages\mpf\core\system_wide_device.py:15> exception=ConfigFileError('Failed to configure switch s_lock_plunger in platform. See error above')>
Traceback (most recent call last):
  File "C:\Users\White\mpf\Lib\site-packages\mpf\platforms\fast\fast.py", line 490, in _parse_switch_number
    board = self.io_boards_by_name[board_str]
            ~~~~~~~~~~~~~~~~~~~~~~^^^^^^^^^^^
KeyError: 'playfield_board_upper'

During handling of the above exception, another exception occurred:

Traceback (most recent call last):
  File "C:\Users\White\mpf\Lib\site-packages\mpf\devices\switch.py", line 149, in _initialize
    self.hw_switch = self.platform.configure_switch(
                     ^^^^^^^^^^^^^^^^^^^^^^^^^^^^^^^
  File "C:\Users\White\mpf\Lib\site-packages\mpf\platforms\fast\fast.py", line 577, in configure_switch
    number = self._parse_switch_number(number)
             ^^^^^^^^^^^^^^^^^^^^^^^^^^^^^^^^^
  File "C:\Users\White\mpf\Lib\site-packages\mpf\platforms\fast\fast.py", line 492, in _parse_switch_number
    raise AssertionError(f"Board {board_str} does not exist for switch {number}")
AssertionError: Board playfield_board_upper does not exist for switch playfield_board_upper-19

The above exception was the direct cause of the following exception:

Traceback (most recent call last):
  File "C:\Users\White\mpf\Lib\site-packages\mpf\core\system_wide_device.py", line 17, in device_added_system_wide
    await self._initialize()
  File "C:\Users\White\mpf\Lib\site-packages\mpf\devices\switch.py", line 152, in _initialize
    raise ConfigFileError("Failed to configure switch {} in platform. See error above".format(self.name), 2,
mpf.exceptions.config_file_error.ConfigFileError: Config File Error in switch: Failed to configure switch s_lock_plunger in platform. See error above Error Code: CFE-switch-2 (https://missionpinball.org/logs)
2026-05-10 19:36:25,010 : ERROR : asyncio : Task exception was never retrieved
future: <Task finished name='Task-59' coro=<SystemWideDevice.device_added_system_wide() done, defined at C:\Users\White\mpf\Lib\site-packages\mpf\core\system_wide_device.py:15> exception=ConfigFileError('Failed to configure switch s_trough_2 in platform. See error above')>
Traceback (most recent call last):
  File "C:\Users\White\mpf\Lib\site-packages\mpf\platforms\fast\fast.py", line 490, in _parse_switch_number
    board = self.io_boards_by_name[board_str]
            ~~~~~~~~~~~~~~~~~~~~~~^^^^^^^^^^^
KeyError: 'playfield_board_lower'

During handling of the above exception, another exception occurred:

Traceback (most recent call last):
  File "C:\Users\White\mpf\Lib\site-packages\mpf\devices\switch.py", line 149, in _initialize
    self.hw_switch = self.platform.configure_switch(
                     ^^^^^^^^^^^^^^^^^^^^^^^^^^^^^^^
  File "C:\Users\White\mpf\Lib\site-packages\mpf\platforms\fast\fast.py", line 577, in configure_switch
    number = self._parse_switch_number(number)
             ^^^^^^^^^^^^^^^^^^^^^^^^^^^^^^^^^
  File "C:\Users\White\mpf\Lib\site-packages\mpf\platforms\fast\fast.py", line 492, in _parse_switch_number
    raise AssertionError(f"Board {board_str} does not exist for switch {number}")
AssertionError: Board playfield_board_lower does not exist for switch playfield_board_lower-1

The above exception was the direct cause of the following exception:

Traceback (most recent call last):
  File "C:\Users\White\mpf\Lib\site-packages\mpf\core\system_wide_device.py", line 17, in device_added_system_wide
    await self._initialize()
  File "C:\Users\White\mpf\Lib\site-packages\mpf\devices\switch.py", line 152, in _initialize
    raise ConfigFileError("Failed to configure switch {} in platform. See error above".format(self.name), 2,
mpf.exceptions.config_file_error.ConfigFileError: Config File Error in switch: Failed to configure switch s_trough_2 in platform. See error above Error Code: CFE-switch-2 (https://missionpinball.org/logs)
2026-05-10 19:36:25,012 : ERROR : asyncio : Task exception was never retrieved
future: <Task finished name='Task-102' coro=<SystemWideDevice.device_added_system_wide() done, defined at C:\Users\White\mpf\Lib\site-packages\mpf\core\system_wide_device.py:15> exception=ConfigFileError('Failed to configure switch s_lock_mav in platform. See error above')>
Traceback (most recent call last):
  File "C:\Users\White\mpf\Lib\site-packages\mpf\platforms\fast\fast.py", line 490, in _parse_switch_number
    board = self.io_boards_by_name[board_str]
            ~~~~~~~~~~~~~~~~~~~~~~^^^^^^^^^^^
KeyError: 'playfield_board_upper'

During handling of the above exception, another exception occurred:

Traceback (most recent call last):
  File "C:\Users\White\mpf\Lib\site-packages\mpf\devices\switch.py", line 149, in _initialize
    self.hw_switch = self.platform.configure_switch(
                     ^^^^^^^^^^^^^^^^^^^^^^^^^^^^^^^
  File "C:\Users\White\mpf\Lib\site-packages\mpf\platforms\fast\fast.py", line 577, in configure_switch
    number = self._parse_switch_number(number)
             ^^^^^^^^^^^^^^^^^^^^^^^^^^^^^^^^^
  File "C:\Users\White\mpf\Lib\site-packages\mpf\platforms\fast\fast.py", line 492, in _parse_switch_number
    raise AssertionError(f"Board {board_str} does not exist for switch {number}")
AssertionError: Board playfield_board_upper does not exist for switch playfield_board_upper-17

The above exception was the direct cause of the following exception:

Traceback (most recent call last):
  File "C:\Users\White\mpf\Lib\site-packages\mpf\core\system_wide_device.py", line 17, in device_added_system_wide
    await self._initialize()
  File "C:\Users\White\mpf\Lib\site-packages\mpf\devices\switch.py", line 152, in _initialize
    raise ConfigFileError("Failed to configure switch {} in platform. See error above".format(self.name), 2,
mpf.exceptions.config_file_error.ConfigFileError: Config File Error in switch: Failed to configure switch s_lock_mav in platform. See error above Error Code: CFE-switch-2 (https://missionpinball.org/logs)
2026-05-10 19:36:25,013 : ERROR : asyncio : Task exception was never retrieved
future: <Task finished name='Task-60' coro=<SystemWideDevice.device_added_system_wide() done, defined at C:\Users\White\mpf\Lib\site-packages\mpf\core\system_wide_device.py:15> exception=ConfigFileError('Failed to configure switch s_trough_3 in platform. See error above')>
Traceback (most recent call last):
  File "C:\Users\White\mpf\Lib\site-packages\mpf\platforms\fast\fast.py", line 490, in _parse_switch_number
    board = self.io_boards_by_name[board_str]
            ~~~~~~~~~~~~~~~~~~~~~~^^^^^^^^^^^
KeyError: 'playfield_board_lower'

During handling of the above exception, another exception occurred:

Traceback (most recent call last):
  File "C:\Users\White\mpf\Lib\site-packages\mpf\devices\switch.py", line 149, in _initialize
    self.hw_switch = self.platform.configure_switch(
                     ^^^^^^^^^^^^^^^^^^^^^^^^^^^^^^^
  File "C:\Users\White\mpf\Lib\site-packages\mpf\platforms\fast\fast.py", line 577, in configure_switch
    number = self._parse_switch_number(number)
             ^^^^^^^^^^^^^^^^^^^^^^^^^^^^^^^^^
  File "C:\Users\White\mpf\Lib\site-packages\mpf\platforms\fast\fast.py", line 492, in _parse_switch_number
    raise AssertionError(f"Board {board_str} does not exist for switch {number}")
AssertionError: Board playfield_board_lower does not exist for switch playfield_board_lower-2

The above exception was the direct cause of the following exception:

Traceback (most recent call last):
  File "C:\Users\White\mpf\Lib\site-packages\mpf\core\system_wide_device.py", line 17, in device_added_system_wide
    await self._initialize()
  File "C:\Users\White\mpf\Lib\site-packages\mpf\devices\switch.py", line 152, in _initialize
    raise ConfigFileError("Failed to configure switch {} in platform. See error above".format(self.name), 2,
mpf.exceptions.config_file_error.ConfigFileError: Config File Error in switch: Failed to configure switch s_trough_3 in platform. See error above Error Code: CFE-switch-2 (https://missionpinball.org/logs)
2026-05-10 19:36:25,014 : ERROR : asyncio : Task exception was never retrieved
future: <Task finished name='Task-103' coro=<SystemWideDevice.device_added_system_wide() done, defined at C:\Users\White\mpf\Lib\site-packages\mpf\core\system_wide_device.py:15> exception=ConfigFileError('Failed to configure switch s_lock_goose in platform. See error above')>
Traceback (most recent call last):
  File "C:\Users\White\mpf\Lib\site-packages\mpf\platforms\fast\fast.py", line 490, in _parse_switch_number
    board = self.io_boards_by_name[board_str]
            ~~~~~~~~~~~~~~~~~~~~~~^^^^^^^^^^^
KeyError: 'playfield_board_upper'

During handling of the above exception, another exception occurred:

Traceback (most recent call last):
  File "C:\Users\White\mpf\Lib\site-packages\mpf\devices\switch.py", line 149, in _initialize
    self.hw_switch = self.platform.configure_switch(
                     ^^^^^^^^^^^^^^^^^^^^^^^^^^^^^^^
  File "C:\Users\White\mpf\Lib\site-packages\mpf\platforms\fast\fast.py", line 577, in configure_switch
    number = self._parse_switch_number(number)
             ^^^^^^^^^^^^^^^^^^^^^^^^^^^^^^^^^
  File "C:\Users\White\mpf\Lib\site-packages\mpf\platforms\fast\fast.py", line 492, in _parse_switch_number
    raise AssertionError(f"Board {board_str} does not exist for switch {number}")
AssertionError: Board playfield_board_upper does not exist for switch playfield_board_upper-18

The above exception was the direct cause of the following exception:

Traceback (most recent call last):
  File "C:\Users\White\mpf\Lib\site-packages\mpf\core\system_wide_device.py", line 17, in device_added_system_wide
    await self._initialize()
  File "C:\Users\White\mpf\Lib\site-packages\mpf\devices\switch.py", line 152, in _initialize
    raise ConfigFileError("Failed to configure switch {} in platform. See error above".format(self.name), 2,
mpf.exceptions.config_file_error.ConfigFileError: Config File Error in switch: Failed to configure switch s_lock_goose in platform. See error above Error Code: CFE-switch-2 (https://missionpinball.org/logs)
2026-05-10 19:36:25,015 : ERROR : asyncio : Task exception was never retrieved
future: <Task finished name='Task-61' coro=<SystemWideDevice.device_added_system_wide() done, defined at C:\Users\White\mpf\Lib\site-packages\mpf\core\system_wide_device.py:15> exception=ConfigFileError('Failed to configure switch s_trough_4 in platform. See error above')>
Traceback (most recent call last):
  File "C:\Users\White\mpf\Lib\site-packages\mpf\platforms\fast\fast.py", line 490, in _parse_switch_number
    board = self.io_boards_by_name[board_str]
            ~~~~~~~~~~~~~~~~~~~~~~^^^^^^^^^^^
KeyError: 'playfield_board_lower'

During handling of the above exception, another exception occurred:

Traceback (most recent call last):
  File "C:\Users\White\mpf\Lib\site-packages\mpf\devices\switch.py", line 149, in _initialize
    self.hw_switch = self.platform.configure_switch(
                     ^^^^^^^^^^^^^^^^^^^^^^^^^^^^^^^
  File "C:\Users\White\mpf\Lib\site-packages\mpf\platforms\fast\fast.py", line 577, in configure_switch
    number = self._parse_switch_number(number)
             ^^^^^^^^^^^^^^^^^^^^^^^^^^^^^^^^^
  File "C:\Users\White\mpf\Lib\site-packages\mpf\platforms\fast\fast.py", line 492, in _parse_switch_number
    raise AssertionError(f"Board {board_str} does not exist for switch {number}")
AssertionError: Board playfield_board_lower does not exist for switch playfield_board_lower-3

The above exception was the direct cause of the following exception:

Traceback (most recent call last):
  File "C:\Users\White\mpf\Lib\site-packages\mpf\core\system_wide_device.py", line 17, in device_added_system_wide
    await self._initialize()
  File "C:\Users\White\mpf\Lib\site-packages\mpf\devices\switch.py", line 152, in _initialize
    raise ConfigFileError("Failed to configure switch {} in platform. See error above".format(self.name), 2,
mpf.exceptions.config_file_error.ConfigFileError: Config File Error in switch: Failed to configure switch s_trough_4 in platform. See error above Error Code: CFE-switch-2 (https://missionpinball.org/logs)
2026-05-10 19:36:25,016 : ERROR : asyncio : Task exception was never retrieved
future: <Task finished name='Task-19' coro=<SystemWideDevice.device_added_system_wide() done, defined at C:\Users\White\mpf\Lib\site-packages\mpf\core\system_wide_device.py:15> exception=AssertionError('Failed to configure driver c_flipper_left in platform. See error above')>
Traceback (most recent call last):
  File "C:\Users\White\mpf\Lib\site-packages\mpf\platforms\fast\fast.py", line 346, in _parse_driver_number
    board = self.io_boards_by_name[board_str]
            ~~~~~~~~~~~~~~~~~~~~~~^^^^^^^^^^^
KeyError: 'playfield_board_lower'

During handling of the above exception, another exception occurred:

Traceback (most recent call last):
  File "C:\Users\White\mpf\Lib\site-packages\mpf\devices\driver.py", line 118, in _initialize
    self.hw_driver = self.platform.configure_driver(config, self.config['number'], platform_settings)
                     ^^^^^^^^^^^^^^^^^^^^^^^^^^^^^^^^^^^^^^^^^^^^^^^^^^^^^^^^^^^^^^^^^^^^^^^^^^^^^^^^
  File "C:\Users\White\mpf\Lib\site-packages\mpf\platforms\fast\fast.py", line 395, in configure_driver
    index = self._parse_driver_number(number)
            ^^^^^^^^^^^^^^^^^^^^^^^^^^^^^^^^^
  File "C:\Users\White\mpf\Lib\site-packages\mpf\platforms\fast\fast.py", line 348, in _parse_driver_number
    raise AssertionError(f"I/O Board {board_str} does not exist for driver {number}")
AssertionError: I/O Board playfield_board_lower does not exist for driver playfield_board_lower-3

The above exception was the direct cause of the following exception:

Traceback (most recent call last):
  File "C:\Users\White\mpf\Lib\site-packages\mpf\core\system_wide_device.py", line 17, in device_added_system_wide
    await self._initialize()
  File "C:\Users\White\mpf\Lib\site-packages\mpf\devices\driver.py", line 120, in _initialize
    raise AssertionError("Failed to configure driver {} in platform. See error above".format(self.name)) from e
AssertionError: Failed to configure driver c_flipper_left in platform. See error above
2026-05-10 19:36:25,017 : ERROR : asyncio : Task exception was never retrieved
future: <Task finished name='Task-104' coro=<SystemWideDevice.device_added_system_wide() done, defined at C:\Users\White\mpf\Lib\site-packages\mpf\core\system_wide_device.py:15> exception=ConfigFileError('Failed to configure switch s_mode_start in platform. See error above')>
Traceback (most recent call last):
  File "C:\Users\White\mpf\Lib\site-packages\mpf\platforms\fast\fast.py", line 490, in _parse_switch_number
    board = self.io_boards_by_name[board_str]
            ~~~~~~~~~~~~~~~~~~~~~~^^^^^^^^^^^
KeyError: 'playfield_board_upper'

During handling of the above exception, another exception occurred:

Traceback (most recent call last):
  File "C:\Users\White\mpf\Lib\site-packages\mpf\devices\switch.py", line 149, in _initialize
    self.hw_switch = self.platform.configure_switch(
                     ^^^^^^^^^^^^^^^^^^^^^^^^^^^^^^^
  File "C:\Users\White\mpf\Lib\site-packages\mpf\platforms\fast\fast.py", line 577, in configure_switch
    number = self._parse_switch_number(number)
             ^^^^^^^^^^^^^^^^^^^^^^^^^^^^^^^^^
  File "C:\Users\White\mpf\Lib\site-packages\mpf\platforms\fast\fast.py", line 492, in _parse_switch_number
    raise AssertionError(f"Board {board_str} does not exist for switch {number}")
AssertionError: Board playfield_board_upper does not exist for switch playfield_board_upper-6

The above exception was the direct cause of the following exception:

Traceback (most recent call last):
  File "C:\Users\White\mpf\Lib\site-packages\mpf\core\system_wide_device.py", line 17, in device_added_system_wide
    await self._initialize()
  File "C:\Users\White\mpf\Lib\site-packages\mpf\devices\switch.py", line 152, in _initialize
    raise ConfigFileError("Failed to configure switch {} in platform. See error above".format(self.name), 2,
mpf.exceptions.config_file_error.ConfigFileError: Config File Error in switch: Failed to configure switch s_mode_start in platform. See error above Error Code: CFE-switch-2 (https://missionpinball.org/logs)
2026-05-10 19:36:25,018 : ERROR : asyncio : Task exception was never retrieved
future: <Task finished name='Task-62' coro=<SystemWideDevice.device_added_system_wide() done, defined at C:\Users\White\mpf\Lib\site-packages\mpf\core\system_wide_device.py:15> exception=ConfigFileError('Failed to configure switch s_trough_5 in platform. See error above')>
Traceback (most recent call last):
  File "C:\Users\White\mpf\Lib\site-packages\mpf\platforms\fast\fast.py", line 490, in _parse_switch_number
    board = self.io_boards_by_name[board_str]
            ~~~~~~~~~~~~~~~~~~~~~~^^^^^^^^^^^
KeyError: 'playfield_board_lower'

During handling of the above exception, another exception occurred:

Traceback (most recent call last):
  File "C:\Users\White\mpf\Lib\site-packages\mpf\devices\switch.py", line 149, in _initialize
    self.hw_switch = self.platform.configure_switch(
                     ^^^^^^^^^^^^^^^^^^^^^^^^^^^^^^^
  File "C:\Users\White\mpf\Lib\site-packages\mpf\platforms\fast\fast.py", line 577, in configure_switch
    number = self._parse_switch_number(number)
             ^^^^^^^^^^^^^^^^^^^^^^^^^^^^^^^^^
  File "C:\Users\White\mpf\Lib\site-packages\mpf\platforms\fast\fast.py", line 492, in _parse_switch_number
    raise AssertionError(f"Board {board_str} does not exist for switch {number}")
AssertionError: Board playfield_board_lower does not exist for switch playfield_board_lower-4

The above exception was the direct cause of the following exception:

Traceback (most recent call last):
  File "C:\Users\White\mpf\Lib\site-packages\mpf\core\system_wide_device.py", line 17, in device_added_system_wide
    await self._initialize()
  File "C:\Users\White\mpf\Lib\site-packages\mpf\devices\switch.py", line 152, in _initialize
    raise ConfigFileError("Failed to configure switch {} in platform. See error above".format(self.name), 2,
mpf.exceptions.config_file_error.ConfigFileError: Config File Error in switch: Failed to configure switch s_trough_5 in platform. See error above Error Code: CFE-switch-2 (https://missionpinball.org/logs)
2026-05-10 19:36:25,019 : ERROR : asyncio : Task exception was never retrieved
future: <Task finished name='Task-20' coro=<SystemWideDevice.device_added_system_wide() done, defined at C:\Users\White\mpf\Lib\site-packages\mpf\core\system_wide_device.py:15> exception=AssertionError('Failed to configure driver c_flipper_left_upper in platform. See error above')>
Traceback (most recent call last):
  File "C:\Users\White\mpf\Lib\site-packages\mpf\platforms\fast\fast.py", line 346, in _parse_driver_number
    board = self.io_boards_by_name[board_str]
            ~~~~~~~~~~~~~~~~~~~~~~^^^^^^^^^^^
KeyError: 'playfield_board_upper'

During handling of the above exception, another exception occurred:

Traceback (most recent call last):
  File "C:\Users\White\mpf\Lib\site-packages\mpf\devices\driver.py", line 118, in _initialize
    self.hw_driver = self.platform.configure_driver(config, self.config['number'], platform_settings)
                     ^^^^^^^^^^^^^^^^^^^^^^^^^^^^^^^^^^^^^^^^^^^^^^^^^^^^^^^^^^^^^^^^^^^^^^^^^^^^^^^^
  File "C:\Users\White\mpf\Lib\site-packages\mpf\platforms\fast\fast.py", line 395, in configure_driver
    index = self._parse_driver_number(number)
            ^^^^^^^^^^^^^^^^^^^^^^^^^^^^^^^^^
  File "C:\Users\White\mpf\Lib\site-packages\mpf\platforms\fast\fast.py", line 348, in _parse_driver_number
    raise AssertionError(f"I/O Board {board_str} does not exist for driver {number}")
AssertionError: I/O Board playfield_board_upper does not exist for driver playfield_board_upper-0

The above exception was the direct cause of the following exception:

Traceback (most recent call last):
  File "C:\Users\White\mpf\Lib\site-packages\mpf\core\system_wide_device.py", line 17, in device_added_system_wide
    await self._initialize()
  File "C:\Users\White\mpf\Lib\site-packages\mpf\devices\driver.py", line 120, in _initialize
    raise AssertionError("Failed to configure driver {} in platform. See error above".format(self.name)) from e
AssertionError: Failed to configure driver c_flipper_left_upper in platform. See error above
2026-05-10 19:36:25,020 : ERROR : asyncio : Task exception was never retrieved
future: <Task finished name='Task-63' coro=<SystemWideDevice.device_added_system_wide() done, defined at C:\Users\White\mpf\Lib\site-packages\mpf\core\system_wide_device.py:15> exception=ConfigFileError('Failed to configure switch s_trough_6 in platform. See error above')>
Traceback (most recent call last):
  File "C:\Users\White\mpf\Lib\site-packages\mpf\platforms\fast\fast.py", line 490, in _parse_switch_number
    board = self.io_boards_by_name[board_str]
            ~~~~~~~~~~~~~~~~~~~~~~^^^^^^^^^^^
KeyError: 'playfield_board_lower'

During handling of the above exception, another exception occurred:

Traceback (most recent call last):
  File "C:\Users\White\mpf\Lib\site-packages\mpf\devices\switch.py", line 149, in _initialize
    self.hw_switch = self.platform.configure_switch(
                     ^^^^^^^^^^^^^^^^^^^^^^^^^^^^^^^
  File "C:\Users\White\mpf\Lib\site-packages\mpf\platforms\fast\fast.py", line 577, in configure_switch
    number = self._parse_switch_number(number)
             ^^^^^^^^^^^^^^^^^^^^^^^^^^^^^^^^^
  File "C:\Users\White\mpf\Lib\site-packages\mpf\platforms\fast\fast.py", line 492, in _parse_switch_number
    raise AssertionError(f"Board {board_str} does not exist for switch {number}")
AssertionError: Board playfield_board_lower does not exist for switch playfield_board_lower-5

The above exception was the direct cause of the following exception:

Traceback (most recent call last):
  File "C:\Users\White\mpf\Lib\site-packages\mpf\core\system_wide_device.py", line 17, in device_added_system_wide
    await self._initialize()
  File "C:\Users\White\mpf\Lib\site-packages\mpf\devices\switch.py", line 152, in _initialize
    raise ConfigFileError("Failed to configure switch {} in platform. See error above".format(self.name), 2,
mpf.exceptions.config_file_error.ConfigFileError: Config File Error in switch: Failed to configure switch s_trough_6 in platform. See error above Error Code: CFE-switch-2 (https://missionpinball.org/logs)
2026-05-10 19:36:25,020 : ERROR : asyncio : Task exception was never retrieved
future: <Task finished name='Task-21' coro=<SystemWideDevice.device_added_system_wide() done, defined at C:\Users\White\mpf\Lib\site-packages\mpf\core\system_wide_device.py:15> exception=AssertionError('Failed to configure driver c_flipper_right in platform. See error above')>
Traceback (most recent call last):
  File "C:\Users\White\mpf\Lib\site-packages\mpf\platforms\fast\fast.py", line 346, in _parse_driver_number
    board = self.io_boards_by_name[board_str]
            ~~~~~~~~~~~~~~~~~~~~~~^^^^^^^^^^^
KeyError: 'playfield_board_lower'

During handling of the above exception, another exception occurred:

Traceback (most recent call last):
  File "C:\Users\White\mpf\Lib\site-packages\mpf\devices\driver.py", line 118, in _initialize
    self.hw_driver = self.platform.configure_driver(config, self.config['number'], platform_settings)
                     ^^^^^^^^^^^^^^^^^^^^^^^^^^^^^^^^^^^^^^^^^^^^^^^^^^^^^^^^^^^^^^^^^^^^^^^^^^^^^^^^
  File "C:\Users\White\mpf\Lib\site-packages\mpf\platforms\fast\fast.py", line 395, in configure_driver
    index = self._parse_driver_number(number)
            ^^^^^^^^^^^^^^^^^^^^^^^^^^^^^^^^^
  File "C:\Users\White\mpf\Lib\site-packages\mpf\platforms\fast\fast.py", line 348, in _parse_driver_number
    raise AssertionError(f"I/O Board {board_str} does not exist for driver {number}")
AssertionError: I/O Board playfield_board_lower does not exist for driver playfield_board_lower-2

The above exception was the direct cause of the following exception:

Traceback (most recent call last):
  File "C:\Users\White\mpf\Lib\site-packages\mpf\core\system_wide_device.py", line 17, in device_added_system_wide
    await self._initialize()
  File "C:\Users\White\mpf\Lib\site-packages\mpf\devices\driver.py", line 120, in _initialize
    raise AssertionError("Failed to configure driver {} in platform. See error above".format(self.name)) from e
AssertionError: Failed to configure driver c_flipper_right in platform. See error above
2026-05-10 19:36:25,021 : ERROR : asyncio : Task exception was never retrieved
future: <Task finished name='Task-64' coro=<SystemWideDevice.device_added_system_wide() done, defined at C:\Users\White\mpf\Lib\site-packages\mpf\core\system_wide_device.py:15> exception=ConfigFileError('Failed to configure switch s_jam in platform. See error above')>
Traceback (most recent call last):
  File "C:\Users\White\mpf\Lib\site-packages\mpf\platforms\fast\fast.py", line 490, in _parse_switch_number
    board = self.io_boards_by_name[board_str]
            ~~~~~~~~~~~~~~~~~~~~~~^^^^^^^^^^^
KeyError: 'playfield_board_lower'

During handling of the above exception, another exception occurred:

Traceback (most recent call last):
  File "C:\Users\White\mpf\Lib\site-packages\mpf\devices\switch.py", line 149, in _initialize
    self.hw_switch = self.platform.configure_switch(
                     ^^^^^^^^^^^^^^^^^^^^^^^^^^^^^^^
  File "C:\Users\White\mpf\Lib\site-packages\mpf\platforms\fast\fast.py", line 577, in configure_switch
    number = self._parse_switch_number(number)
             ^^^^^^^^^^^^^^^^^^^^^^^^^^^^^^^^^
  File "C:\Users\White\mpf\Lib\site-packages\mpf\platforms\fast\fast.py", line 492, in _parse_switch_number
    raise AssertionError(f"Board {board_str} does not exist for switch {number}")
AssertionError: Board playfield_board_lower does not exist for switch playfield_board_lower-6

The above exception was the direct cause of the following exception:

Traceback (most recent call last):
  File "C:\Users\White\mpf\Lib\site-packages\mpf\core\system_wide_device.py", line 17, in device_added_system_wide
    await self._initialize()
  File "C:\Users\White\mpf\Lib\site-packages\mpf\devices\switch.py", line 152, in _initialize
    raise ConfigFileError("Failed to configure switch {} in platform. See error above".format(self.name), 2,
mpf.exceptions.config_file_error.ConfigFileError: Config File Error in switch: Failed to configure switch s_jam in platform. See error above Error Code: CFE-switch-2 (https://missionpinball.org/logs)
2026-05-10 19:36:25,023 : ERROR : asyncio : Task exception was never retrieved
future: <Task finished name='Task-22' coro=<SystemWideDevice.device_added_system_wide() done, defined at C:\Users\White\mpf\Lib\site-packages\mpf\core\system_wide_device.py:15> exception=AssertionError('Failed to configure driver c_trough_eject in platform. See error above')>
Traceback (most recent call last):
  File "C:\Users\White\mpf\Lib\site-packages\mpf\platforms\fast\fast.py", line 346, in _parse_driver_number
    board = self.io_boards_by_name[board_str]
            ~~~~~~~~~~~~~~~~~~~~~~^^^^^^^^^^^
KeyError: 'playfield_board_lower'

During handling of the above exception, another exception occurred:

Traceback (most recent call last):
  File "C:\Users\White\mpf\Lib\site-packages\mpf\devices\driver.py", line 118, in _initialize
    self.hw_driver = self.platform.configure_driver(config, self.config['number'], platform_settings)
                     ^^^^^^^^^^^^^^^^^^^^^^^^^^^^^^^^^^^^^^^^^^^^^^^^^^^^^^^^^^^^^^^^^^^^^^^^^^^^^^^^
  File "C:\Users\White\mpf\Lib\site-packages\mpf\platforms\fast\fast.py", line 395, in configure_driver
    index = self._parse_driver_number(number)
            ^^^^^^^^^^^^^^^^^^^^^^^^^^^^^^^^^
  File "C:\Users\White\mpf\Lib\site-packages\mpf\platforms\fast\fast.py", line 348, in _parse_driver_number
    raise AssertionError(f"I/O Board {board_str} does not exist for driver {number}")
AssertionError: I/O Board playfield_board_lower does not exist for driver playfield_board_lower-0

The above exception was the direct cause of the following exception:

Traceback (most recent call last):
  File "C:\Users\White\mpf\Lib\site-packages\mpf\core\system_wide_device.py", line 17, in device_added_system_wide
    await self._initialize()
  File "C:\Users\White\mpf\Lib\site-packages\mpf\devices\driver.py", line 120, in _initialize
    raise AssertionError("Failed to configure driver {} in platform. See error above".format(self.name)) from e
AssertionError: Failed to configure driver c_trough_eject in platform. See error above
2026-05-10 19:36:25,024 : ERROR : asyncio : Task exception was never retrieved
future: <Task finished name='Task-65' coro=<SystemWideDevice.device_added_system_wide() done, defined at C:\Users\White\mpf\Lib\site-packages\mpf\core\system_wide_device.py:15> exception=ConfigFileError('Failed to configure switch s_shooter_lane in platform. See error above')>
Traceback (most recent call last):
  File "C:\Users\White\mpf\Lib\site-packages\mpf\platforms\fast\fast.py", line 490, in _parse_switch_number
    board = self.io_boards_by_name[board_str]
            ~~~~~~~~~~~~~~~~~~~~~~^^^^^^^^^^^
KeyError: 'playfield_board_lower'

During handling of the above exception, another exception occurred:

Traceback (most recent call last):
  File "C:\Users\White\mpf\Lib\site-packages\mpf\devices\switch.py", line 149, in _initialize
    self.hw_switch = self.platform.configure_switch(
                     ^^^^^^^^^^^^^^^^^^^^^^^^^^^^^^^
  File "C:\Users\White\mpf\Lib\site-packages\mpf\platforms\fast\fast.py", line 577, in configure_switch
    number = self._parse_switch_number(number)
             ^^^^^^^^^^^^^^^^^^^^^^^^^^^^^^^^^
  File "C:\Users\White\mpf\Lib\site-packages\mpf\platforms\fast\fast.py", line 492, in _parse_switch_number
    raise AssertionError(f"Board {board_str} does not exist for switch {number}")
AssertionError: Board playfield_board_lower does not exist for switch playfield_board_lower-7

The above exception was the direct cause of the following exception:

Traceback (most recent call last):
  File "C:\Users\White\mpf\Lib\site-packages\mpf\core\system_wide_device.py", line 17, in device_added_system_wide
    await self._initialize()
  File "C:\Users\White\mpf\Lib\site-packages\mpf\devices\switch.py", line 152, in _initialize
    raise ConfigFileError("Failed to configure switch {} in platform. See error above".format(self.name), 2,
mpf.exceptions.config_file_error.ConfigFileError: Config File Error in switch: Failed to configure switch s_shooter_lane in platform. See error above Error Code: CFE-switch-2 (https://missionpinball.org/logs)
2026-05-10 19:36:25,025 : ERROR : asyncio : Task exception was never retrieved
future: <Task finished name='Task-23' coro=<SystemWideDevice.device_added_system_wide() done, defined at C:\Users\White\mpf\Lib\site-packages\mpf\core\system_wide_device.py:15> exception=AssertionError('Failed to configure driver c_plunger in platform. See error above')>
Traceback (most recent call last):
  File "C:\Users\White\mpf\Lib\site-packages\mpf\platforms\fast\fast.py", line 346, in _parse_driver_number
    board = self.io_boards_by_name[board_str]
            ~~~~~~~~~~~~~~~~~~~~~~^^^^^^^^^^^
KeyError: 'playfield_board_lower'

During handling of the above exception, another exception occurred:

Traceback (most recent call last):
  File "C:\Users\White\mpf\Lib\site-packages\mpf\devices\driver.py", line 118, in _initialize
    self.hw_driver = self.platform.configure_driver(config, self.config['number'], platform_settings)
                     ^^^^^^^^^^^^^^^^^^^^^^^^^^^^^^^^^^^^^^^^^^^^^^^^^^^^^^^^^^^^^^^^^^^^^^^^^^^^^^^^
  File "C:\Users\White\mpf\Lib\site-packages\mpf\platforms\fast\fast.py", line 395, in configure_driver
    index = self._parse_driver_number(number)
            ^^^^^^^^^^^^^^^^^^^^^^^^^^^^^^^^^
  File "C:\Users\White\mpf\Lib\site-packages\mpf\platforms\fast\fast.py", line 348, in _parse_driver_number
    raise AssertionError(f"I/O Board {board_str} does not exist for driver {number}")
AssertionError: I/O Board playfield_board_lower does not exist for driver playfield_board_lower-1

The above exception was the direct cause of the following exception:

Traceback (most recent call last):
  File "C:\Users\White\mpf\Lib\site-packages\mpf\core\system_wide_device.py", line 17, in device_added_system_wide
    await self._initialize()
  File "C:\Users\White\mpf\Lib\site-packages\mpf\devices\driver.py", line 120, in _initialize
    raise AssertionError("Failed to configure driver {} in platform. See error above".format(self.name)) from e
AssertionError: Failed to configure driver c_plunger in platform. See error above
2026-05-10 19:36:25,026 : ERROR : asyncio : Task exception was never retrieved
future: <Task finished name='Task-66' coro=<SystemWideDevice.device_added_system_wide() done, defined at C:\Users\White\mpf\Lib\site-packages\mpf\core\system_wide_device.py:15> exception=ConfigFileError('Failed to configure switch s_bumper_left in platform. See error above')>
Traceback (most recent call last):
  File "C:\Users\White\mpf\Lib\site-packages\mpf\platforms\fast\fast.py", line 490, in _parse_switch_number
    board = self.io_boards_by_name[board_str]
            ~~~~~~~~~~~~~~~~~~~~~~^^^^^^^^^^^
KeyError: 'playfield_board_upper'

During handling of the above exception, another exception occurred:

Traceback (most recent call last):
  File "C:\Users\White\mpf\Lib\site-packages\mpf\devices\switch.py", line 149, in _initialize
    self.hw_switch = self.platform.configure_switch(
                     ^^^^^^^^^^^^^^^^^^^^^^^^^^^^^^^
  File "C:\Users\White\mpf\Lib\site-packages\mpf\platforms\fast\fast.py", line 577, in configure_switch
    number = self._parse_switch_number(number)
             ^^^^^^^^^^^^^^^^^^^^^^^^^^^^^^^^^
  File "C:\Users\White\mpf\Lib\site-packages\mpf\platforms\fast\fast.py", line 492, in _parse_switch_number
    raise AssertionError(f"Board {board_str} does not exist for switch {number}")
AssertionError: Board playfield_board_upper does not exist for switch playfield_board_upper-9

The above exception was the direct cause of the following exception:

Traceback (most recent call last):
  File "C:\Users\White\mpf\Lib\site-packages\mpf\core\system_wide_device.py", line 17, in device_added_system_wide
    await self._initialize()
  File "C:\Users\White\mpf\Lib\site-packages\mpf\devices\switch.py", line 152, in _initialize
    raise ConfigFileError("Failed to configure switch {} in platform. See error above".format(self.name), 2,
mpf.exceptions.config_file_error.ConfigFileError: Config File Error in switch: Failed to configure switch s_bumper_left in platform. See error above Error Code: CFE-switch-2 (https://missionpinball.org/logs)
2026-05-10 19:36:25,026 : ERROR : asyncio : Task exception was never retrieved
future: <Task finished name='Task-24' coro=<SystemWideDevice.device_added_system_wide() done, defined at C:\Users\White\mpf\Lib\site-packages\mpf\core\system_wide_device.py:15> exception=AssertionError('Failed to configure driver c_sling_left in platform. See error above')>
Traceback (most recent call last):
  File "C:\Users\White\mpf\Lib\site-packages\mpf\platforms\fast\fast.py", line 346, in _parse_driver_number
    board = self.io_boards_by_name[board_str]
            ~~~~~~~~~~~~~~~~~~~~~~^^^^^^^^^^^
KeyError: 'playfield_board_lower'

During handling of the above exception, another exception occurred:

Traceback (most recent call last):
  File "C:\Users\White\mpf\Lib\site-packages\mpf\devices\driver.py", line 118, in _initialize
    self.hw_driver = self.platform.configure_driver(config, self.config['number'], platform_settings)
                     ^^^^^^^^^^^^^^^^^^^^^^^^^^^^^^^^^^^^^^^^^^^^^^^^^^^^^^^^^^^^^^^^^^^^^^^^^^^^^^^^
  File "C:\Users\White\mpf\Lib\site-packages\mpf\platforms\fast\fast.py", line 395, in configure_driver
    index = self._parse_driver_number(number)
            ^^^^^^^^^^^^^^^^^^^^^^^^^^^^^^^^^
  File "C:\Users\White\mpf\Lib\site-packages\mpf\platforms\fast\fast.py", line 348, in _parse_driver_number
    raise AssertionError(f"I/O Board {board_str} does not exist for driver {number}")
AssertionError: I/O Board playfield_board_lower does not exist for driver playfield_board_lower-5

The above exception was the direct cause of the following exception:

Traceback (most recent call last):
  File "C:\Users\White\mpf\Lib\site-packages\mpf\core\system_wide_device.py", line 17, in device_added_system_wide
    await self._initialize()
  File "C:\Users\White\mpf\Lib\site-packages\mpf\devices\driver.py", line 120, in _initialize
    raise AssertionError("Failed to configure driver {} in platform. See error above".format(self.name)) from e
AssertionError: Failed to configure driver c_sling_left in platform. See error above
2026-05-10 19:36:25,028 : ERROR : asyncio : Task exception was never retrieved
future: <Task finished name='Task-67' coro=<SystemWideDevice.device_added_system_wide() done, defined at C:\Users\White\mpf\Lib\site-packages\mpf\core\system_wide_device.py:15> exception=ConfigFileError('Failed to configure switch s_bumper_center in platform. See error above')>
Traceback (most recent call last):
  File "C:\Users\White\mpf\Lib\site-packages\mpf\platforms\fast\fast.py", line 490, in _parse_switch_number
    board = self.io_boards_by_name[board_str]
            ~~~~~~~~~~~~~~~~~~~~~~^^^^^^^^^^^
KeyError: 'playfield_board_upper'

During handling of the above exception, another exception occurred:

Traceback (most recent call last):
  File "C:\Users\White\mpf\Lib\site-packages\mpf\devices\switch.py", line 149, in _initialize
    self.hw_switch = self.platform.configure_switch(
                     ^^^^^^^^^^^^^^^^^^^^^^^^^^^^^^^
  File "C:\Users\White\mpf\Lib\site-packages\mpf\platforms\fast\fast.py", line 577, in configure_switch
    number = self._parse_switch_number(number)
             ^^^^^^^^^^^^^^^^^^^^^^^^^^^^^^^^^
  File "C:\Users\White\mpf\Lib\site-packages\mpf\platforms\fast\fast.py", line 492, in _parse_switch_number
    raise AssertionError(f"Board {board_str} does not exist for switch {number}")
AssertionError: Board playfield_board_upper does not exist for switch playfield_board_upper-10

The above exception was the direct cause of the following exception:

Traceback (most recent call last):
  File "C:\Users\White\mpf\Lib\site-packages\mpf\core\system_wide_device.py", line 17, in device_added_system_wide
    await self._initialize()
  File "C:\Users\White\mpf\Lib\site-packages\mpf\devices\switch.py", line 152, in _initialize
    raise ConfigFileError("Failed to configure switch {} in platform. See error above".format(self.name), 2,
mpf.exceptions.config_file_error.ConfigFileError: Config File Error in switch: Failed to configure switch s_bumper_center in platform. See error above Error Code: CFE-switch-2 (https://missionpinball.org/logs)
2026-05-10 19:36:25,029 : ERROR : asyncio : Task exception was never retrieved
future: <Task finished name='Task-25' coro=<SystemWideDevice.device_added_system_wide() done, defined at C:\Users\White\mpf\Lib\site-packages\mpf\core\system_wide_device.py:15> exception=AssertionError('Failed to configure driver c_sling_right in platform. See error above')>
Traceback (most recent call last):
  File "C:\Users\White\mpf\Lib\site-packages\mpf\platforms\fast\fast.py", line 346, in _parse_driver_number
    board = self.io_boards_by_name[board_str]
            ~~~~~~~~~~~~~~~~~~~~~~^^^^^^^^^^^
KeyError: 'playfield_board_lower'

During handling of the above exception, another exception occurred:

Traceback (most recent call last):
  File "C:\Users\White\mpf\Lib\site-packages\mpf\devices\driver.py", line 118, in _initialize
    self.hw_driver = self.platform.configure_driver(config, self.config['number'], platform_settings)
                     ^^^^^^^^^^^^^^^^^^^^^^^^^^^^^^^^^^^^^^^^^^^^^^^^^^^^^^^^^^^^^^^^^^^^^^^^^^^^^^^^
  File "C:\Users\White\mpf\Lib\site-packages\mpf\platforms\fast\fast.py", line 395, in configure_driver
    index = self._parse_driver_number(number)
            ^^^^^^^^^^^^^^^^^^^^^^^^^^^^^^^^^
  File "C:\Users\White\mpf\Lib\site-packages\mpf\platforms\fast\fast.py", line 348, in _parse_driver_number
    raise AssertionError(f"I/O Board {board_str} does not exist for driver {number}")
AssertionError: I/O Board playfield_board_lower does not exist for driver playfield_board_lower-4

The above exception was the direct cause of the following exception:

Traceback (most recent call last):
  File "C:\Users\White\mpf\Lib\site-packages\mpf\core\system_wide_device.py", line 17, in device_added_system_wide
    await self._initialize()
  File "C:\Users\White\mpf\Lib\site-packages\mpf\devices\driver.py", line 120, in _initialize
    raise AssertionError("Failed to configure driver {} in platform. See error above".format(self.name)) from e
AssertionError: Failed to configure driver c_sling_right in platform. See error above
2026-05-10 19:36:25,029 : ERROR : asyncio : Task exception was never retrieved
future: <Task finished name='Task-68' coro=<SystemWideDevice.device_added_system_wide() done, defined at C:\Users\White\mpf\Lib\site-packages\mpf\core\system_wide_device.py:15> exception=ConfigFileError('Failed to configure switch s_bumper_right in platform. See error above')>
Traceback (most recent call last):
  File "C:\Users\White\mpf\Lib\site-packages\mpf\platforms\fast\fast.py", line 490, in _parse_switch_number
    board = self.io_boards_by_name[board_str]
            ~~~~~~~~~~~~~~~~~~~~~~^^^^^^^^^^^
KeyError: 'playfield_board_upper'

During handling of the above exception, another exception occurred:

Traceback (most recent call last):
  File "C:\Users\White\mpf\Lib\site-packages\mpf\devices\switch.py", line 149, in _initialize
    self.hw_switch = self.platform.configure_switch(
                     ^^^^^^^^^^^^^^^^^^^^^^^^^^^^^^^
  File "C:\Users\White\mpf\Lib\site-packages\mpf\platforms\fast\fast.py", line 577, in configure_switch
    number = self._parse_switch_number(number)
             ^^^^^^^^^^^^^^^^^^^^^^^^^^^^^^^^^
  File "C:\Users\White\mpf\Lib\site-packages\mpf\platforms\fast\fast.py", line 492, in _parse_switch_number
    raise AssertionError(f"Board {board_str} does not exist for switch {number}")
AssertionError: Board playfield_board_upper does not exist for switch playfield_board_upper-8

The above exception was the direct cause of the following exception:

Traceback (most recent call last):
  File "C:\Users\White\mpf\Lib\site-packages\mpf\core\system_wide_device.py", line 17, in device_added_system_wide
    await self._initialize()
  File "C:\Users\White\mpf\Lib\site-packages\mpf\devices\switch.py", line 152, in _initialize
    raise ConfigFileError("Failed to configure switch {} in platform. See error above".format(self.name), 2,
mpf.exceptions.config_file_error.ConfigFileError: Config File Error in switch: Failed to configure switch s_bumper_right in platform. See error above Error Code: CFE-switch-2 (https://missionpinball.org/logs)
2026-05-10 19:36:25,030 : ERROR : asyncio : Task exception was never retrieved
future: <Task finished name='Task-26' coro=<SystemWideDevice.device_added_system_wide() done, defined at C:\Users\White\mpf\Lib\site-packages\mpf\core\system_wide_device.py:15> exception=AssertionError('Failed to configure driver c_bumper_left in platform. See error above')>
Traceback (most recent call last):
  File "C:\Users\White\mpf\Lib\site-packages\mpf\platforms\fast\fast.py", line 346, in _parse_driver_number
    board = self.io_boards_by_name[board_str]
            ~~~~~~~~~~~~~~~~~~~~~~^^^^^^^^^^^
KeyError: 'playfield_board_upper'

During handling of the above exception, another exception occurred:

Traceback (most recent call last):
  File "C:\Users\White\mpf\Lib\site-packages\mpf\devices\driver.py", line 118, in _initialize
    self.hw_driver = self.platform.configure_driver(config, self.config['number'], platform_settings)
                     ^^^^^^^^^^^^^^^^^^^^^^^^^^^^^^^^^^^^^^^^^^^^^^^^^^^^^^^^^^^^^^^^^^^^^^^^^^^^^^^^
  File "C:\Users\White\mpf\Lib\site-packages\mpf\platforms\fast\fast.py", line 395, in configure_driver
    index = self._parse_driver_number(number)
            ^^^^^^^^^^^^^^^^^^^^^^^^^^^^^^^^^
  File "C:\Users\White\mpf\Lib\site-packages\mpf\platforms\fast\fast.py", line 348, in _parse_driver_number
    raise AssertionError(f"I/O Board {board_str} does not exist for driver {number}")
AssertionError: I/O Board playfield_board_upper does not exist for driver playfield_board_upper-5

The above exception was the direct cause of the following exception:

Traceback (most recent call last):
  File "C:\Users\White\mpf\Lib\site-packages\mpf\core\system_wide_device.py", line 17, in device_added_system_wide
    await self._initialize()
  File "C:\Users\White\mpf\Lib\site-packages\mpf\devices\driver.py", line 120, in _initialize
    raise AssertionError("Failed to configure driver {} in platform. See error above".format(self.name)) from e
AssertionError: Failed to configure driver c_bumper_left in platform. See error above
2026-05-10 19:36:25,031 : ERROR : asyncio : Task exception was never retrieved
future: <Task finished name='Task-69' coro=<SystemWideDevice.device_added_system_wide() done, defined at C:\Users\White\mpf\Lib\site-packages\mpf\core\system_wide_device.py:15> exception=ConfigFileError('Failed to configure switch s_slingshot_left in platform. See error above')>
Traceback (most recent call last):
  File "C:\Users\White\mpf\Lib\site-packages\mpf\platforms\fast\fast.py", line 490, in _parse_switch_number
    board = self.io_boards_by_name[board_str]
            ~~~~~~~~~~~~~~~~~~~~~~^^^^^^^^^^^
KeyError: 'playfield_board_lower'

During handling of the above exception, another exception occurred:

Traceback (most recent call last):
  File "C:\Users\White\mpf\Lib\site-packages\mpf\devices\switch.py", line 149, in _initialize
    self.hw_switch = self.platform.configure_switch(
                     ^^^^^^^^^^^^^^^^^^^^^^^^^^^^^^^
  File "C:\Users\White\mpf\Lib\site-packages\mpf\platforms\fast\fast.py", line 577, in configure_switch
    number = self._parse_switch_number(number)
             ^^^^^^^^^^^^^^^^^^^^^^^^^^^^^^^^^
  File "C:\Users\White\mpf\Lib\site-packages\mpf\platforms\fast\fast.py", line 492, in _parse_switch_number
    raise AssertionError(f"Board {board_str} does not exist for switch {number}")
AssertionError: Board playfield_board_lower does not exist for switch playfield_board_lower-16

The above exception was the direct cause of the following exception:

Traceback (most recent call last):
  File "C:\Users\White\mpf\Lib\site-packages\mpf\core\system_wide_device.py", line 17, in device_added_system_wide
    await self._initialize()
  File "C:\Users\White\mpf\Lib\site-packages\mpf\devices\switch.py", line 152, in _initialize
    raise ConfigFileError("Failed to configure switch {} in platform. See error above".format(self.name), 2,
mpf.exceptions.config_file_error.ConfigFileError: Config File Error in switch: Failed to configure switch s_slingshot_left in platform. See error above Error Code: CFE-switch-2 (https://missionpinball.org/logs)
2026-05-10 19:36:25,032 : ERROR : asyncio : Task exception was never retrieved
future: <Task finished name='Task-27' coro=<SystemWideDevice.device_added_system_wide() done, defined at C:\Users\White\mpf\Lib\site-packages\mpf\core\system_wide_device.py:15> exception=AssertionError('Failed to configure driver c_bumper_right in platform. See error above')>
Traceback (most recent call last):
  File "C:\Users\White\mpf\Lib\site-packages\mpf\platforms\fast\fast.py", line 346, in _parse_driver_number
    board = self.io_boards_by_name[board_str]
            ~~~~~~~~~~~~~~~~~~~~~~^^^^^^^^^^^
KeyError: 'playfield_board_upper'

During handling of the above exception, another exception occurred:

Traceback (most recent call last):
  File "C:\Users\White\mpf\Lib\site-packages\mpf\devices\driver.py", line 118, in _initialize
    self.hw_driver = self.platform.configure_driver(config, self.config['number'], platform_settings)
                     ^^^^^^^^^^^^^^^^^^^^^^^^^^^^^^^^^^^^^^^^^^^^^^^^^^^^^^^^^^^^^^^^^^^^^^^^^^^^^^^^
  File "C:\Users\White\mpf\Lib\site-packages\mpf\platforms\fast\fast.py", line 395, in configure_driver
    index = self._parse_driver_number(number)
            ^^^^^^^^^^^^^^^^^^^^^^^^^^^^^^^^^
  File "C:\Users\White\mpf\Lib\site-packages\mpf\platforms\fast\fast.py", line 348, in _parse_driver_number
    raise AssertionError(f"I/O Board {board_str} does not exist for driver {number}")
AssertionError: I/O Board playfield_board_upper does not exist for driver playfield_board_upper-4

The above exception was the direct cause of the following exception:

Traceback (most recent call last):
  File "C:\Users\White\mpf\Lib\site-packages\mpf\core\system_wide_device.py", line 17, in device_added_system_wide
    await self._initialize()
  File "C:\Users\White\mpf\Lib\site-packages\mpf\devices\driver.py", line 120, in _initialize
    raise AssertionError("Failed to configure driver {} in platform. See error above".format(self.name)) from e
AssertionError: Failed to configure driver c_bumper_right in platform. See error above
2026-05-10 19:36:25,033 : ERROR : asyncio : Task exception was never retrieved
future: <Task finished name='Task-70' coro=<SystemWideDevice.device_added_system_wide() done, defined at C:\Users\White\mpf\Lib\site-packages\mpf\core\system_wide_device.py:15> exception=ConfigFileError('Failed to configure switch s_slingshot_right in platform. See error above')>
Traceback (most recent call last):
  File "C:\Users\White\mpf\Lib\site-packages\mpf\platforms\fast\fast.py", line 490, in _parse_switch_number
    board = self.io_boards_by_name[board_str]
            ~~~~~~~~~~~~~~~~~~~~~~^^^^^^^^^^^
KeyError: 'playfield_board_lower'

During handling of the above exception, another exception occurred:

Traceback (most recent call last):
  File "C:\Users\White\mpf\Lib\site-packages\mpf\devices\switch.py", line 149, in _initialize
    self.hw_switch = self.platform.configure_switch(
                     ^^^^^^^^^^^^^^^^^^^^^^^^^^^^^^^
  File "C:\Users\White\mpf\Lib\site-packages\mpf\platforms\fast\fast.py", line 577, in configure_switch
    number = self._parse_switch_number(number)
             ^^^^^^^^^^^^^^^^^^^^^^^^^^^^^^^^^
  File "C:\Users\White\mpf\Lib\site-packages\mpf\platforms\fast\fast.py", line 492, in _parse_switch_number
    raise AssertionError(f"Board {board_str} does not exist for switch {number}")
AssertionError: Board playfield_board_lower does not exist for switch playfield_board_lower-17

The above exception was the direct cause of the following exception:

Traceback (most recent call last):
  File "C:\Users\White\mpf\Lib\site-packages\mpf\core\system_wide_device.py", line 17, in device_added_system_wide
    await self._initialize()
  File "C:\Users\White\mpf\Lib\site-packages\mpf\devices\switch.py", line 152, in _initialize
    raise ConfigFileError("Failed to configure switch {} in platform. See error above".format(self.name), 2,
mpf.exceptions.config_file_error.ConfigFileError: Config File Error in switch: Failed to configure switch s_slingshot_right in platform. See error above Error Code: CFE-switch-2 (https://missionpinball.org/logs)
2026-05-10 19:36:25,034 : ERROR : asyncio : Task exception was never retrieved
future: <Task finished name='Task-28' coro=<SystemWideDevice.device_added_system_wide() done, defined at C:\Users\White\mpf\Lib\site-packages\mpf\core\system_wide_device.py:15> exception=AssertionError('Failed to configure driver c_bumper_center in platform. See error above')>
Traceback (most recent call last):
  File "C:\Users\White\mpf\Lib\site-packages\mpf\platforms\fast\fast.py", line 346, in _parse_driver_number
    board = self.io_boards_by_name[board_str]
            ~~~~~~~~~~~~~~~~~~~~~~^^^^^^^^^^^
KeyError: 'playfield_board_upper'

During handling of the above exception, another exception occurred:

Traceback (most recent call last):
  File "C:\Users\White\mpf\Lib\site-packages\mpf\devices\driver.py", line 118, in _initialize
    self.hw_driver = self.platform.configure_driver(config, self.config['number'], platform_settings)
                     ^^^^^^^^^^^^^^^^^^^^^^^^^^^^^^^^^^^^^^^^^^^^^^^^^^^^^^^^^^^^^^^^^^^^^^^^^^^^^^^^
  File "C:\Users\White\mpf\Lib\site-packages\mpf\platforms\fast\fast.py", line 395, in configure_driver
    index = self._parse_driver_number(number)
            ^^^^^^^^^^^^^^^^^^^^^^^^^^^^^^^^^
  File "C:\Users\White\mpf\Lib\site-packages\mpf\platforms\fast\fast.py", line 348, in _parse_driver_number
    raise AssertionError(f"I/O Board {board_str} does not exist for driver {number}")
AssertionError: I/O Board playfield_board_upper does not exist for driver playfield_board_upper-3

The above exception was the direct cause of the following exception:

Traceback (most recent call last):
  File "C:\Users\White\mpf\Lib\site-packages\mpf\core\system_wide_device.py", line 17, in device_added_system_wide
    await self._initialize()
  File "C:\Users\White\mpf\Lib\site-packages\mpf\devices\driver.py", line 120, in _initialize
    raise AssertionError("Failed to configure driver {} in platform. See error above".format(self.name)) from e
AssertionError: Failed to configure driver c_bumper_center in platform. See error above
2026-05-10 19:36:25,035 : ERROR : asyncio : Task exception was never retrieved
future: <Task finished name='Task-71' coro=<SystemWideDevice.device_added_system_wide() done, defined at C:\Users\White\mpf\Lib\site-packages\mpf\core\system_wide_device.py:15> exception=ConfigFileError('Failed to configure switch s_outlane_left in platform. See error above')>
Traceback (most recent call last):
  File "C:\Users\White\mpf\Lib\site-packages\mpf\platforms\fast\fast.py", line 490, in _parse_switch_number
    board = self.io_boards_by_name[board_str]
            ~~~~~~~~~~~~~~~~~~~~~~^^^^^^^^^^^
KeyError: 'playfield_board_lower'

During handling of the above exception, another exception occurred:

Traceback (most recent call last):
  File "C:\Users\White\mpf\Lib\site-packages\mpf\devices\switch.py", line 149, in _initialize
    self.hw_switch = self.platform.configure_switch(
                     ^^^^^^^^^^^^^^^^^^^^^^^^^^^^^^^
  File "C:\Users\White\mpf\Lib\site-packages\mpf\platforms\fast\fast.py", line 577, in configure_switch
    number = self._parse_switch_number(number)
             ^^^^^^^^^^^^^^^^^^^^^^^^^^^^^^^^^
  File "C:\Users\White\mpf\Lib\site-packages\mpf\platforms\fast\fast.py", line 492, in _parse_switch_number
    raise AssertionError(f"Board {board_str} does not exist for switch {number}")
AssertionError: Board playfield_board_lower does not exist for switch playfield_board_lower-11

The above exception was the direct cause of the following exception:

Traceback (most recent call last):
  File "C:\Users\White\mpf\Lib\site-packages\mpf\core\system_wide_device.py", line 17, in device_added_system_wide
    await self._initialize()
  File "C:\Users\White\mpf\Lib\site-packages\mpf\devices\switch.py", line 152, in _initialize
    raise ConfigFileError("Failed to configure switch {} in platform. See error above".format(self.name), 2,
mpf.exceptions.config_file_error.ConfigFileError: Config File Error in switch: Failed to configure switch s_outlane_left in platform. See error above Error Code: CFE-switch-2 (https://missionpinball.org/logs)
2026-05-10 19:36:25,036 : ERROR : asyncio : Task exception was never retrieved
future: <Task finished name='Task-29' coro=<SystemWideDevice.device_added_system_wide() done, defined at C:\Users\White\mpf\Lib\site-packages\mpf\core\system_wide_device.py:15> exception=AssertionError('Failed to configure driver c_left_lane_up_post in platform. See error above')>
Traceback (most recent call last):
  File "C:\Users\White\mpf\Lib\site-packages\mpf\platforms\fast\fast.py", line 346, in _parse_driver_number
    board = self.io_boards_by_name[board_str]
            ~~~~~~~~~~~~~~~~~~~~~~^^^^^^^^^^^
KeyError: 'playfield_board_lower'

During handling of the above exception, another exception occurred:

Traceback (most recent call last):
  File "C:\Users\White\mpf\Lib\site-packages\mpf\devices\driver.py", line 118, in _initialize
    self.hw_driver = self.platform.configure_driver(config, self.config['number'], platform_settings)
                     ^^^^^^^^^^^^^^^^^^^^^^^^^^^^^^^^^^^^^^^^^^^^^^^^^^^^^^^^^^^^^^^^^^^^^^^^^^^^^^^^
  File "C:\Users\White\mpf\Lib\site-packages\mpf\platforms\fast\fast.py", line 395, in configure_driver
    index = self._parse_driver_number(number)
            ^^^^^^^^^^^^^^^^^^^^^^^^^^^^^^^^^
  File "C:\Users\White\mpf\Lib\site-packages\mpf\platforms\fast\fast.py", line 348, in _parse_driver_number
    raise AssertionError(f"I/O Board {board_str} does not exist for driver {number}")
AssertionError: I/O Board playfield_board_lower does not exist for driver playfield_board_lower-6

The above exception was the direct cause of the following exception:

Traceback (most recent call last):
  File "C:\Users\White\mpf\Lib\site-packages\mpf\core\system_wide_device.py", line 17, in device_added_system_wide
    await self._initialize()
  File "C:\Users\White\mpf\Lib\site-packages\mpf\devices\driver.py", line 120, in _initialize
    raise AssertionError("Failed to configure driver {} in platform. See error above".format(self.name)) from e
AssertionError: Failed to configure driver c_left_lane_up_post in platform. See error above
2026-05-10 19:36:25,036 : ERROR : asyncio : Task exception was never retrieved
future: <Task finished name='Task-72' coro=<SystemWideDevice.device_added_system_wide() done, defined at C:\Users\White\mpf\Lib\site-packages\mpf\core\system_wide_device.py:15> exception=ConfigFileError('Failed to configure switch s_inlane_left in platform. See error above')>
Traceback (most recent call last):
  File "C:\Users\White\mpf\Lib\site-packages\mpf\platforms\fast\fast.py", line 490, in _parse_switch_number
    board = self.io_boards_by_name[board_str]
            ~~~~~~~~~~~~~~~~~~~~~~^^^^^^^^^^^
KeyError: 'playfield_board_lower'

During handling of the above exception, another exception occurred:

Traceback (most recent call last):
  File "C:\Users\White\mpf\Lib\site-packages\mpf\devices\switch.py", line 149, in _initialize
    self.hw_switch = self.platform.configure_switch(
                     ^^^^^^^^^^^^^^^^^^^^^^^^^^^^^^^
  File "C:\Users\White\mpf\Lib\site-packages\mpf\platforms\fast\fast.py", line 577, in configure_switch
    number = self._parse_switch_number(number)
             ^^^^^^^^^^^^^^^^^^^^^^^^^^^^^^^^^
  File "C:\Users\White\mpf\Lib\site-packages\mpf\platforms\fast\fast.py", line 492, in _parse_switch_number
    raise AssertionError(f"Board {board_str} does not exist for switch {number}")
AssertionError: Board playfield_board_lower does not exist for switch playfield_board_lower-12

The above exception was the direct cause of the following exception:

Traceback (most recent call last):
  File "C:\Users\White\mpf\Lib\site-packages\mpf\core\system_wide_device.py", line 17, in device_added_system_wide
    await self._initialize()
  File "C:\Users\White\mpf\Lib\site-packages\mpf\devices\switch.py", line 152, in _initialize
    raise ConfigFileError("Failed to configure switch {} in platform. See error above".format(self.name), 2,
mpf.exceptions.config_file_error.ConfigFileError: Config File Error in switch: Failed to configure switch s_inlane_left in platform. See error above Error Code: CFE-switch-2 (https://missionpinball.org/logs)
2026-05-10 19:36:25,038 : ERROR : asyncio : Task exception was never retrieved
future: <Task finished name='Task-30' coro=<SystemWideDevice.device_added_system_wide() done, defined at C:\Users\White\mpf\Lib\site-packages\mpf\core\system_wide_device.py:15> exception=AssertionError('Failed to configure driver c_left_mig_up_post in platform. See error above')>
Traceback (most recent call last):
  File "C:\Users\White\mpf\Lib\site-packages\mpf\platforms\fast\fast.py", line 346, in _parse_driver_number
    board = self.io_boards_by_name[board_str]
            ~~~~~~~~~~~~~~~~~~~~~~^^^^^^^^^^^
KeyError: 'playfield_board_upper'

During handling of the above exception, another exception occurred:

Traceback (most recent call last):
  File "C:\Users\White\mpf\Lib\site-packages\mpf\devices\driver.py", line 118, in _initialize
    self.hw_driver = self.platform.configure_driver(config, self.config['number'], platform_settings)
                     ^^^^^^^^^^^^^^^^^^^^^^^^^^^^^^^^^^^^^^^^^^^^^^^^^^^^^^^^^^^^^^^^^^^^^^^^^^^^^^^^
  File "C:\Users\White\mpf\Lib\site-packages\mpf\platforms\fast\fast.py", line 395, in configure_driver
    index = self._parse_driver_number(number)
            ^^^^^^^^^^^^^^^^^^^^^^^^^^^^^^^^^
  File "C:\Users\White\mpf\Lib\site-packages\mpf\platforms\fast\fast.py", line 348, in _parse_driver_number
    raise AssertionError(f"I/O Board {board_str} does not exist for driver {number}")
AssertionError: I/O Board playfield_board_upper does not exist for driver playfield_board_upper-6

The above exception was the direct cause of the following exception:

Traceback (most recent call last):
  File "C:\Users\White\mpf\Lib\site-packages\mpf\core\system_wide_device.py", line 17, in device_added_system_wide
    await self._initialize()
  File "C:\Users\White\mpf\Lib\site-packages\mpf\devices\driver.py", line 120, in _initialize
    raise AssertionError("Failed to configure driver {} in platform. See error above".format(self.name)) from e
AssertionError: Failed to configure driver c_left_mig_up_post in platform. See error above
2026-05-10 19:36:25,039 : ERROR : asyncio : Task exception was never retrieved
future: <Task finished name='Task-73' coro=<SystemWideDevice.device_added_system_wide() done, defined at C:\Users\White\mpf\Lib\site-packages\mpf\core\system_wide_device.py:15> exception=ConfigFileError('Failed to configure switch s_inner_inlane_right in platform. See error above')>
Traceback (most recent call last):
  File "C:\Users\White\mpf\Lib\site-packages\mpf\platforms\fast\fast.py", line 490, in _parse_switch_number
    board = self.io_boards_by_name[board_str]
            ~~~~~~~~~~~~~~~~~~~~~~^^^^^^^^^^^
KeyError: 'playfield_board_lower'

During handling of the above exception, another exception occurred:

Traceback (most recent call last):
  File "C:\Users\White\mpf\Lib\site-packages\mpf\devices\switch.py", line 149, in _initialize
    self.hw_switch = self.platform.configure_switch(
                     ^^^^^^^^^^^^^^^^^^^^^^^^^^^^^^^
  File "C:\Users\White\mpf\Lib\site-packages\mpf\platforms\fast\fast.py", line 577, in configure_switch
    number = self._parse_switch_number(number)
             ^^^^^^^^^^^^^^^^^^^^^^^^^^^^^^^^^
  File "C:\Users\White\mpf\Lib\site-packages\mpf\platforms\fast\fast.py", line 492, in _parse_switch_number
    raise AssertionError(f"Board {board_str} does not exist for switch {number}")
AssertionError: Board playfield_board_lower does not exist for switch playfield_board_lower-13

The above exception was the direct cause of the following exception:

Traceback (most recent call last):
  File "C:\Users\White\mpf\Lib\site-packages\mpf\core\system_wide_device.py", line 17, in device_added_system_wide
    await self._initialize()
  File "C:\Users\White\mpf\Lib\site-packages\mpf\devices\switch.py", line 152, in _initialize
    raise ConfigFileError("Failed to configure switch {} in platform. See error above".format(self.name), 2,
mpf.exceptions.config_file_error.ConfigFileError: Config File Error in switch: Failed to configure switch s_inner_inlane_right in platform. See error above Error Code: CFE-switch-2 (https://missionpinball.org/logs)
2026-05-10 19:36:25,040 : ERROR : asyncio : Task exception was never retrieved
future: <Task finished name='Task-31' coro=<SystemWideDevice.device_added_system_wide() done, defined at C:\Users\White\mpf\Lib\site-packages\mpf\core\system_wide_device.py:15> exception=AssertionError('Failed to configure driver c_right_mig_up_post in platform. See error above')>
Traceback (most recent call last):
  File "C:\Users\White\mpf\Lib\site-packages\mpf\platforms\fast\fast.py", line 346, in _parse_driver_number
    board = self.io_boards_by_name[board_str]
            ~~~~~~~~~~~~~~~~~~~~~~^^^^^^^^^^^
KeyError: 'playfield_board_upper'

During handling of the above exception, another exception occurred:

Traceback (most recent call last):
  File "C:\Users\White\mpf\Lib\site-packages\mpf\devices\driver.py", line 118, in _initialize
    self.hw_driver = self.platform.configure_driver(config, self.config['number'], platform_settings)
                     ^^^^^^^^^^^^^^^^^^^^^^^^^^^^^^^^^^^^^^^^^^^^^^^^^^^^^^^^^^^^^^^^^^^^^^^^^^^^^^^^
  File "C:\Users\White\mpf\Lib\site-packages\mpf\platforms\fast\fast.py", line 395, in configure_driver
    index = self._parse_driver_number(number)
            ^^^^^^^^^^^^^^^^^^^^^^^^^^^^^^^^^
  File "C:\Users\White\mpf\Lib\site-packages\mpf\platforms\fast\fast.py", line 348, in _parse_driver_number
    raise AssertionError(f"I/O Board {board_str} does not exist for driver {number}")
AssertionError: I/O Board playfield_board_upper does not exist for driver playfield_board_upper-7

The above exception was the direct cause of the following exception:

Traceback (most recent call last):
  File "C:\Users\White\mpf\Lib\site-packages\mpf\core\system_wide_device.py", line 17, in device_added_system_wide
    await self._initialize()
  File "C:\Users\White\mpf\Lib\site-packages\mpf\devices\driver.py", line 120, in _initialize
    raise AssertionError("Failed to configure driver {} in platform. See error above".format(self.name)) from e
AssertionError: Failed to configure driver c_right_mig_up_post in platform. See error above
2026-05-10 19:36:25,041 : ERROR : asyncio : Task exception was never retrieved
future: <Task finished name='Task-74' coro=<SystemWideDevice.device_added_system_wide() done, defined at C:\Users\White\mpf\Lib\site-packages\mpf\core\system_wide_device.py:15> exception=ConfigFileError('Failed to configure switch s_outer_inlane_right in platform. See error above')>
Traceback (most recent call last):
  File "C:\Users\White\mpf\Lib\site-packages\mpf\platforms\fast\fast.py", line 490, in _parse_switch_number
    board = self.io_boards_by_name[board_str]
            ~~~~~~~~~~~~~~~~~~~~~~^^^^^^^^^^^
KeyError: 'playfield_board_lower'

During handling of the above exception, another exception occurred:

Traceback (most recent call last):
  File "C:\Users\White\mpf\Lib\site-packages\mpf\devices\switch.py", line 149, in _initialize
    self.hw_switch = self.platform.configure_switch(
                     ^^^^^^^^^^^^^^^^^^^^^^^^^^^^^^^
  File "C:\Users\White\mpf\Lib\site-packages\mpf\platforms\fast\fast.py", line 577, in configure_switch
    number = self._parse_switch_number(number)
             ^^^^^^^^^^^^^^^^^^^^^^^^^^^^^^^^^
  File "C:\Users\White\mpf\Lib\site-packages\mpf\platforms\fast\fast.py", line 492, in _parse_switch_number
    raise AssertionError(f"Board {board_str} does not exist for switch {number}")
AssertionError: Board playfield_board_lower does not exist for switch playfield_board_lower-14

The above exception was the direct cause of the following exception:

Traceback (most recent call last):
  File "C:\Users\White\mpf\Lib\site-packages\mpf\core\system_wide_device.py", line 17, in device_added_system_wide
    await self._initialize()
  File "C:\Users\White\mpf\Lib\site-packages\mpf\devices\switch.py", line 152, in _initialize
    raise ConfigFileError("Failed to configure switch {} in platform. See error above".format(self.name), 2,
mpf.exceptions.config_file_error.ConfigFileError: Config File Error in switch: Failed to configure switch s_outer_inlane_right in platform. See error above Error Code: CFE-switch-2 (https://missionpinball.org/logs)
2026-05-10 19:36:25,042 : ERROR : asyncio : Task exception was never retrieved
future: <Task finished name='Task-32' coro=<SystemWideDevice.device_added_system_wide() done, defined at C:\Users\White\mpf\Lib\site-packages\mpf\core\system_wide_device.py:15> exception=AssertionError('Failed to configure driver c_left_orbit_diverter in platform. See error above')>
Traceback (most recent call last):
  File "C:\Users\White\mpf\Lib\site-packages\mpf\platforms\fast\fast.py", line 346, in _parse_driver_number
    board = self.io_boards_by_name[board_str]
            ~~~~~~~~~~~~~~~~~~~~~~^^^^^^^^^^^
KeyError: 'playfield_board_mags_diverter_mechs'

During handling of the above exception, another exception occurred:

Traceback (most recent call last):
  File "C:\Users\White\mpf\Lib\site-packages\mpf\devices\driver.py", line 118, in _initialize
    self.hw_driver = self.platform.configure_driver(config, self.config['number'], platform_settings)
                     ^^^^^^^^^^^^^^^^^^^^^^^^^^^^^^^^^^^^^^^^^^^^^^^^^^^^^^^^^^^^^^^^^^^^^^^^^^^^^^^^
  File "C:\Users\White\mpf\Lib\site-packages\mpf\platforms\fast\fast.py", line 395, in configure_driver
    index = self._parse_driver_number(number)
            ^^^^^^^^^^^^^^^^^^^^^^^^^^^^^^^^^
  File "C:\Users\White\mpf\Lib\site-packages\mpf\platforms\fast\fast.py", line 348, in _parse_driver_number
    raise AssertionError(f"I/O Board {board_str} does not exist for driver {number}")
AssertionError: I/O Board playfield_board_mags_diverter_mechs does not exist for driver playfield_board_mags_diverter_mechs-0

The above exception was the direct cause of the following exception:

Traceback (most recent call last):
  File "C:\Users\White\mpf\Lib\site-packages\mpf\core\system_wide_device.py", line 17, in device_added_system_wide
    await self._initialize()
  File "C:\Users\White\mpf\Lib\site-packages\mpf\devices\driver.py", line 120, in _initialize
    raise AssertionError("Failed to configure driver {} in platform. See error above".format(self.name)) from e
AssertionError: Failed to configure driver c_left_orbit_diverter in platform. See error above
2026-05-10 19:36:25,042 : ERROR : asyncio : Task exception was never retrieved
future: <Task finished name='Task-75' coro=<SystemWideDevice.device_added_system_wide() done, defined at C:\Users\White\mpf\Lib\site-packages\mpf\core\system_wide_device.py:15> exception=ConfigFileError('Failed to configure switch s_outlane_right in platform. See error above')>
Traceback (most recent call last):
  File "C:\Users\White\mpf\Lib\site-packages\mpf\platforms\fast\fast.py", line 490, in _parse_switch_number
    board = self.io_boards_by_name[board_str]
            ~~~~~~~~~~~~~~~~~~~~~~^^^^^^^^^^^
KeyError: 'playfield_board_lower'

During handling of the above exception, another exception occurred:

Traceback (most recent call last):
  File "C:\Users\White\mpf\Lib\site-packages\mpf\devices\switch.py", line 149, in _initialize
    self.hw_switch = self.platform.configure_switch(
                     ^^^^^^^^^^^^^^^^^^^^^^^^^^^^^^^
  File "C:\Users\White\mpf\Lib\site-packages\mpf\platforms\fast\fast.py", line 577, in configure_switch
    number = self._parse_switch_number(number)
             ^^^^^^^^^^^^^^^^^^^^^^^^^^^^^^^^^
  File "C:\Users\White\mpf\Lib\site-packages\mpf\platforms\fast\fast.py", line 492, in _parse_switch_number
    raise AssertionError(f"Board {board_str} does not exist for switch {number}")
AssertionError: Board playfield_board_lower does not exist for switch playfield_board_lower-15

The above exception was the direct cause of the following exception:

Traceback (most recent call last):
  File "C:\Users\White\mpf\Lib\site-packages\mpf\core\system_wide_device.py", line 17, in device_added_system_wide
    await self._initialize()
  File "C:\Users\White\mpf\Lib\site-packages\mpf\devices\switch.py", line 152, in _initialize
    raise ConfigFileError("Failed to configure switch {} in platform. See error above".format(self.name), 2,
mpf.exceptions.config_file_error.ConfigFileError: Config File Error in switch: Failed to configure switch s_outlane_right in platform. See error above Error Code: CFE-switch-2 (https://missionpinball.org/logs)
2026-05-10 19:36:25,043 : ERROR : asyncio : Task exception was never retrieved
future: <Task finished name='Task-33' coro=<SystemWideDevice.device_added_system_wide() done, defined at C:\Users\White\mpf\Lib\site-packages\mpf\core\system_wide_device.py:15> exception=AssertionError('Failed to configure driver c_right_orbit_diverter in platform. See error above')>
Traceback (most recent call last):
  File "C:\Users\White\mpf\Lib\site-packages\mpf\platforms\fast\fast.py", line 346, in _parse_driver_number
    board = self.io_boards_by_name[board_str]
            ~~~~~~~~~~~~~~~~~~~~~~^^^^^^^^^^^
KeyError: 'playfield_board_mags_diverter_mechs'

During handling of the above exception, another exception occurred:

Traceback (most recent call last):
  File "C:\Users\White\mpf\Lib\site-packages\mpf\devices\driver.py", line 118, in _initialize
    self.hw_driver = self.platform.configure_driver(config, self.config['number'], platform_settings)
                     ^^^^^^^^^^^^^^^^^^^^^^^^^^^^^^^^^^^^^^^^^^^^^^^^^^^^^^^^^^^^^^^^^^^^^^^^^^^^^^^^
  File "C:\Users\White\mpf\Lib\site-packages\mpf\platforms\fast\fast.py", line 395, in configure_driver
    index = self._parse_driver_number(number)
            ^^^^^^^^^^^^^^^^^^^^^^^^^^^^^^^^^
  File "C:\Users\White\mpf\Lib\site-packages\mpf\platforms\fast\fast.py", line 348, in _parse_driver_number
    raise AssertionError(f"I/O Board {board_str} does not exist for driver {number}")
AssertionError: I/O Board playfield_board_mags_diverter_mechs does not exist for driver playfield_board_mags_diverter_mechs-1

The above exception was the direct cause of the following exception:

Traceback (most recent call last):
  File "C:\Users\White\mpf\Lib\site-packages\mpf\core\system_wide_device.py", line 17, in device_added_system_wide
    await self._initialize()
  File "C:\Users\White\mpf\Lib\site-packages\mpf\devices\driver.py", line 120, in _initialize
    raise AssertionError("Failed to configure driver {} in platform. See error above".format(self.name)) from e
AssertionError: Failed to configure driver c_right_orbit_diverter in platform. See error above
2026-05-10 19:36:25,044 : ERROR : asyncio : Task exception was never retrieved
future: <Task finished name='Task-76' coro=<SystemWideDevice.device_added_system_wide() done, defined at C:\Users\White\mpf\Lib\site-packages\mpf\core\system_wide_device.py:15> exception=ConfigFileError('Failed to configure switch s_mig_lane_left in platform. See error above')>
Traceback (most recent call last):
  File "C:\Users\White\mpf\Lib\site-packages\mpf\platforms\fast\fast.py", line 490, in _parse_switch_number
    board = self.io_boards_by_name[board_str]
            ~~~~~~~~~~~~~~~~~~~~~~^^^^^^^^^^^
KeyError: 'playfield_board_upper'

During handling of the above exception, another exception occurred:

Traceback (most recent call last):
  File "C:\Users\White\mpf\Lib\site-packages\mpf\devices\switch.py", line 149, in _initialize
    self.hw_switch = self.platform.configure_switch(
                     ^^^^^^^^^^^^^^^^^^^^^^^^^^^^^^^
  File "C:\Users\White\mpf\Lib\site-packages\mpf\platforms\fast\fast.py", line 577, in configure_switch
    number = self._parse_switch_number(number)
             ^^^^^^^^^^^^^^^^^^^^^^^^^^^^^^^^^
  File "C:\Users\White\mpf\Lib\site-packages\mpf\platforms\fast\fast.py", line 492, in _parse_switch_number
    raise AssertionError(f"Board {board_str} does not exist for switch {number}")
AssertionError: Board playfield_board_upper does not exist for switch playfield_board_upper-12

The above exception was the direct cause of the following exception:

Traceback (most recent call last):
  File "C:\Users\White\mpf\Lib\site-packages\mpf\core\system_wide_device.py", line 17, in device_added_system_wide
    await self._initialize()
  File "C:\Users\White\mpf\Lib\site-packages\mpf\devices\switch.py", line 152, in _initialize
    raise ConfigFileError("Failed to configure switch {} in platform. See error above".format(self.name), 2,
mpf.exceptions.config_file_error.ConfigFileError: Config File Error in switch: Failed to configure switch s_mig_lane_left in platform. See error above Error Code: CFE-switch-2 (https://missionpinball.org/logs)
2026-05-10 19:36:25,045 : ERROR : asyncio : Task exception was never retrieved
future: <Task finished name='Task-34' coro=<SystemWideDevice.device_added_system_wide() done, defined at C:\Users\White\mpf\Lib\site-packages\mpf\core\system_wide_device.py:15> exception=AssertionError('Failed to configure driver c_ejection_seat_magnet in platform. See error above')>
Traceback (most recent call last):
  File "C:\Users\White\mpf\Lib\site-packages\mpf\platforms\fast\fast.py", line 346, in _parse_driver_number
    board = self.io_boards_by_name[board_str]
            ~~~~~~~~~~~~~~~~~~~~~~^^^^^^^^^^^
KeyError: 'playfield_board_mags_diverter_mechs'

During handling of the above exception, another exception occurred:

Traceback (most recent call last):
  File "C:\Users\White\mpf\Lib\site-packages\mpf\devices\driver.py", line 118, in _initialize
    self.hw_driver = self.platform.configure_driver(config, self.config['number'], platform_settings)
                     ^^^^^^^^^^^^^^^^^^^^^^^^^^^^^^^^^^^^^^^^^^^^^^^^^^^^^^^^^^^^^^^^^^^^^^^^^^^^^^^^
  File "C:\Users\White\mpf\Lib\site-packages\mpf\platforms\fast\fast.py", line 395, in configure_driver
    index = self._parse_driver_number(number)
            ^^^^^^^^^^^^^^^^^^^^^^^^^^^^^^^^^
  File "C:\Users\White\mpf\Lib\site-packages\mpf\platforms\fast\fast.py", line 348, in _parse_driver_number
    raise AssertionError(f"I/O Board {board_str} does not exist for driver {number}")
AssertionError: I/O Board playfield_board_mags_diverter_mechs does not exist for driver playfield_board_mags_diverter_mechs-2

The above exception was the direct cause of the following exception:

Traceback (most recent call last):
  File "C:\Users\White\mpf\Lib\site-packages\mpf\core\system_wide_device.py", line 17, in device_added_system_wide
    await self._initialize()
  File "C:\Users\White\mpf\Lib\site-packages\mpf\devices\driver.py", line 120, in _initialize
    raise AssertionError("Failed to configure driver {} in platform. See error above".format(self.name)) from e
AssertionError: Failed to configure driver c_ejection_seat_magnet in platform. See error above
2026-05-10 19:36:25,046 : ERROR : asyncio : Task exception was never retrieved
future: <Task finished name='Task-77' coro=<SystemWideDevice.device_added_system_wide() done, defined at C:\Users\White\mpf\Lib\site-packages\mpf\core\system_wide_device.py:15> exception=ConfigFileError('Failed to configure switch s_mig_lane_right in platform. See error above')>
Traceback (most recent call last):
  File "C:\Users\White\mpf\Lib\site-packages\mpf\platforms\fast\fast.py", line 490, in _parse_switch_number
    board = self.io_boards_by_name[board_str]
            ~~~~~~~~~~~~~~~~~~~~~~^^^^^^^^^^^
KeyError: 'playfield_board_upper'

During handling of the above exception, another exception occurred:

Traceback (most recent call last):
  File "C:\Users\White\mpf\Lib\site-packages\mpf\devices\switch.py", line 149, in _initialize
    self.hw_switch = self.platform.configure_switch(
                     ^^^^^^^^^^^^^^^^^^^^^^^^^^^^^^^
  File "C:\Users\White\mpf\Lib\site-packages\mpf\platforms\fast\fast.py", line 577, in configure_switch
    number = self._parse_switch_number(number)
             ^^^^^^^^^^^^^^^^^^^^^^^^^^^^^^^^^
  File "C:\Users\White\mpf\Lib\site-packages\mpf\platforms\fast\fast.py", line 492, in _parse_switch_number
    raise AssertionError(f"Board {board_str} does not exist for switch {number}")
AssertionError: Board playfield_board_upper does not exist for switch playfield_board_upper-13

The above exception was the direct cause of the following exception:

Traceback (most recent call last):
  File "C:\Users\White\mpf\Lib\site-packages\mpf\core\system_wide_device.py", line 17, in device_added_system_wide
    await self._initialize()
  File "C:\Users\White\mpf\Lib\site-packages\mpf\devices\switch.py", line 152, in _initialize
    raise ConfigFileError("Failed to configure switch {} in platform. See error above".format(self.name), 2,
mpf.exceptions.config_file_error.ConfigFileError: Config File Error in switch: Failed to configure switch s_mig_lane_right in platform. See error above Error Code: CFE-switch-2 (https://missionpinball.org/logs)
2026-05-10 19:36:25,046 : ERROR : asyncio : Task exception was never retrieved
future: <Task finished name='Task-35' coro=<SystemWideDevice.device_added_system_wide() done, defined at C:\Users\White\mpf\Lib\site-packages\mpf\core\system_wide_device.py:15> exception=AssertionError('Failed to configure driver c_mode_barrier in platform. See error above')>
Traceback (most recent call last):
  File "C:\Users\White\mpf\Lib\site-packages\mpf\platforms\fast\fast.py", line 346, in _parse_driver_number
    board = self.io_boards_by_name[board_str]
            ~~~~~~~~~~~~~~~~~~~~~~^^^^^^^^^^^
KeyError: 'playfield_board_upper'

During handling of the above exception, another exception occurred:

Traceback (most recent call last):
  File "C:\Users\White\mpf\Lib\site-packages\mpf\devices\driver.py", line 118, in _initialize
    self.hw_driver = self.platform.configure_driver(config, self.config['number'], platform_settings)
                     ^^^^^^^^^^^^^^^^^^^^^^^^^^^^^^^^^^^^^^^^^^^^^^^^^^^^^^^^^^^^^^^^^^^^^^^^^^^^^^^^
  File "C:\Users\White\mpf\Lib\site-packages\mpf\platforms\fast\fast.py", line 395, in configure_driver
    index = self._parse_driver_number(number)
            ^^^^^^^^^^^^^^^^^^^^^^^^^^^^^^^^^
  File "C:\Users\White\mpf\Lib\site-packages\mpf\platforms\fast\fast.py", line 348, in _parse_driver_number
    raise AssertionError(f"I/O Board {board_str} does not exist for driver {number}")
AssertionError: I/O Board playfield_board_upper does not exist for driver playfield_board_upper-1

The above exception was the direct cause of the following exception:

Traceback (most recent call last):
  File "C:\Users\White\mpf\Lib\site-packages\mpf\core\system_wide_device.py", line 17, in device_added_system_wide
    await self._initialize()
  File "C:\Users\White\mpf\Lib\site-packages\mpf\devices\driver.py", line 120, in _initialize
    raise AssertionError("Failed to configure driver {} in platform. See error above".format(self.name)) from e
AssertionError: Failed to configure driver c_mode_barrier in platform. See error above
2026-05-10 19:36:25,048 : ERROR : asyncio : Task exception was never retrieved
future: <Task finished name='Task-78' coro=<SystemWideDevice.device_added_system_wide() done, defined at C:\Users\White\mpf\Lib\site-packages\mpf\core\system_wide_device.py:15> exception=ConfigFileError('Failed to configure switch s_lane_left in platform. See error above')>
Traceback (most recent call last):
  File "C:\Users\White\mpf\Lib\site-packages\mpf\platforms\fast\fast.py", line 490, in _parse_switch_number
    board = self.io_boards_by_name[board_str]
            ~~~~~~~~~~~~~~~~~~~~~~^^^^^^^^^^^
KeyError: 'playfield_board_upper'

During handling of the above exception, another exception occurred:

Traceback (most recent call last):
  File "C:\Users\White\mpf\Lib\site-packages\mpf\devices\switch.py", line 149, in _initialize
    self.hw_switch = self.platform.configure_switch(
                     ^^^^^^^^^^^^^^^^^^^^^^^^^^^^^^^
  File "C:\Users\White\mpf\Lib\site-packages\mpf\platforms\fast\fast.py", line 577, in configure_switch
    number = self._parse_switch_number(number)
             ^^^^^^^^^^^^^^^^^^^^^^^^^^^^^^^^^
  File "C:\Users\White\mpf\Lib\site-packages\mpf\platforms\fast\fast.py", line 492, in _parse_switch_number
    raise AssertionError(f"Board {board_str} does not exist for switch {number}")
AssertionError: Board playfield_board_upper does not exist for switch playfield_board_upper-7

The above exception was the direct cause of the following exception:

Traceback (most recent call last):
  File "C:\Users\White\mpf\Lib\site-packages\mpf\core\system_wide_device.py", line 17, in device_added_system_wide
    await self._initialize()
  File "C:\Users\White\mpf\Lib\site-packages\mpf\devices\switch.py", line 152, in _initialize
    raise ConfigFileError("Failed to configure switch {} in platform. See error above".format(self.name), 2,
mpf.exceptions.config_file_error.ConfigFileError: Config File Error in switch: Failed to configure switch s_lane_left in platform. See error above Error Code: CFE-switch-2 (https://missionpinball.org/logs)
2026-05-10 19:36:25,050 : INFO : Machine : Starting the main run loop with active modes: []
2026-05-10 19:36:25,050 : WARNING : Machine : Attract mode is not active, game will not be playable. Please check your attract mode configuration.
2026-05-10 19:36:25,050 : INFO : Machine : Shutting down...
2026-05-10 19:36:25,050 : INFO : EventManager : Event: ======'shutdown'====== Args={}
2026-05-10 19:36:26,163 : ERROR : Machine : Runtime Exception
Traceback (most recent call last):
  File "C:\Users\White\mpf\Lib\site-packages\mpf\platforms\fast\fast.py", line 490, in _parse_switch_number
    board = self.io_boards_by_name[board_str]
            ~~~~~~~~~~~~~~~~~~~~~~^^^^^^^^^^^
KeyError: 'playfield_board_upper'

During handling of the above exception, another exception occurred:

Traceback (most recent call last):
  File "C:\Users\White\mpf\Lib\site-packages\mpf\devices\switch.py", line 149, in _initialize
    self.hw_switch = self.platform.configure_switch(
                     ^^^^^^^^^^^^^^^^^^^^^^^^^^^^^^^
  File "C:\Users\White\mpf\Lib\site-packages\mpf\platforms\fast\fast.py", line 577, in configure_switch
    number = self._parse_switch_number(number)
             ^^^^^^^^^^^^^^^^^^^^^^^^^^^^^^^^^
  File "C:\Users\White\mpf\Lib\site-packages\mpf\platforms\fast\fast.py", line 492, in _parse_switch_number
    raise AssertionError(f"Board {board_str} does not exist for switch {number}")
AssertionError: Board playfield_board_upper does not exist for switch playfield_board_upper-11

The above exception was the direct cause of the following exception:

Traceback (most recent call last):
  File "C:\Users\White\mpf\Lib\site-packages\mpf\core\machine.py", line 810, in _run_loop
    raise self._exception['exception']
  File "C:\Users\White\mpf\Lib\site-packages\mpf\core\system_wide_device.py", line 17, in device_added_system_wide
    await self._initialize()
  File "C:\Users\White\mpf\Lib\site-packages\mpf\devices\switch.py", line 152, in _initialize
    raise ConfigFileError("Failed to configure switch {} in platform. See error above".format(self.name), 2,
mpf.exceptions.config_file_error.ConfigFileError: Config File Error in switch: Failed to configure switch s_orbit_left in platform. See error above Error Code: CFE-switch-2 (https://missionpinball.org/logs)
2026-05-10 19:36:26,165 : INFO : root : MPF run loop ended.
