2026-05-17 15:07:14,936 : INFO : root : Loading config.
2026-05-17 15:07:14,941 : INFO : YamlMultifileConfigLoader : Machine config file #1: config.yaml
2026-05-17 15:07:14,942 : INFO : ConfigProcessor : Loading config from cache: C:\Users\White\AppData\Local\Temp\39c4b34018bdb564eab7cf26b7f669ee.mpf_cache
2026-05-17 15:07:15,084 : INFO : ConfigProcessor : Loading config from cache: C:\Users\White\AppData\Local\Temp\dcfa5ee5b10d64a3b94fd534c1aa451d.mpf_cache
2026-05-17 15:07:15,085 : INFO : ConfigProcessor : Loading config from cache: C:\Users\White\AppData\Local\Temp\91cc4d1c993c58dc354e34974b9cfeac.mpf_cache
2026-05-17 15:07:15,086 : INFO : ConfigProcessor : Loading config from cache: C:\Users\White\AppData\Local\Temp\35b01af7767e50eba76da865e2d7f95a.mpf_cache
2026-05-17 15:07:15,087 : INFO : ConfigProcessor : Loading config from cache: C:\Users\White\AppData\Local\Temp\954a0964095d05f049666b24b311e3e0.mpf_cache
2026-05-17 15:07:15,089 : INFO : ConfigProcessor : Loading config from cache: C:\Users\White\AppData\Local\Temp\dcfa5ee5b10d64a3b94fd534c1aa451d.mpf_cache
2026-05-17 15:07:15,089 : INFO : ConfigProcessor : Loading config from cache: C:\Users\White\AppData\Local\Temp\a9244cf73bd1b995c8229a78fecf001a.mpf_cache
2026-05-17 15:07:15,091 : INFO : ConfigProcessor : Loading config from cache: C:\Users\White\AppData\Local\Temp\45fc6500cf8fab1ef48d0c2f81501272.mpf_cache
2026-05-17 15:07:15,092 : WARNING : ConfigProcessor : Config file in cache changed: C:\Users\White\documents\top_gun_pinball\modes\base\config\base.yaml
2026-05-17 15:07:15,092 : INFO : ConfigProcessor : Loading config from file C:\Users\White\documents\top_gun_pinball\modes\base\config\base.yaml.
2026-05-17 15:07:15,137 : INFO : ConfigProcessor : Loading config: C:\Users\White\documents\top_gun_pinball\modes\base\config\base.yaml
2026-05-17 15:07:15,140 : INFO : ConfigProcessor : Config file cache created: C:\Users\White\AppData\Local\Temp\981e6839caefcab32cd6f1225f0b1dcf.mpf_cache
2026-05-17 15:07:15,141 : INFO : ConfigProcessor : Loading config from cache: C:\Users\White\AppData\Local\Temp\78ac3c6ac2705ccef0aca6223f38636a.mpf_cache
2026-05-17 15:07:15,143 : INFO : ConfigProcessor : Loading config from cache: C:\Users\White\AppData\Local\Temp\c416412e55ae5fd88a59da82f1a69a10.mpf_cache
2026-05-17 15:07:15,145 : INFO : ConfigProcessor : Loading config from cache: C:\Users\White\AppData\Local\Temp\a859aaec01fc9eda8e384946277a1be9.mpf_cache
2026-05-17 15:07:15,146 : INFO : ConfigProcessor : Loading config from cache: C:\Users\White\AppData\Local\Temp\3a2f2089f214eeb3c016e23cf6937b46.mpf_cache
2026-05-17 15:07:15,146 : INFO : ConfigProcessor : Loading config from cache: C:\Users\White\AppData\Local\Temp\6a827c2f81d5d6872a5c3d42d5788ee1.mpf_cache
2026-05-17 15:07:15,148 : INFO : ConfigProcessor : Loading config from cache: C:\Users\White\AppData\Local\Temp\d70718505753edc7bfae94d93c7e0d17.mpf_cache
2026-05-17 15:07:15,148 : INFO : ConfigProcessor : Loading config from cache: C:\Users\White\AppData\Local\Temp\824f161cac9e4c9f1443132020691281.mpf_cache
2026-05-17 15:07:15,149 : INFO : ConfigProcessor : Loading config from cache: C:\Users\White\AppData\Local\Temp\cd2c211e15a4dbebeef94e6a26e93112.mpf_cache
2026-05-17 15:07:15,168 : INFO : ConfigProcessor : Loading config from cache: C:\Users\White\AppData\Local\Temp\ba6e93360aa60032a4b7b34f9cffdce0.mpf_cache
2026-05-17 15:07:15,170 : WARNING : ConfigProcessor : Config file in cache changed: C:\Users\White\documents\top_gun_pinball\modes\hard_deck_charlie\config\hard_deck_charlie.yaml
2026-05-17 15:07:15,170 : INFO : ConfigProcessor : Loading config from file C:\Users\White\documents\top_gun_pinball\modes\hard_deck_charlie\config\hard_deck_charlie.yaml.
2026-05-17 15:07:15,200 : INFO : ConfigProcessor : Loading config: C:\Users\White\documents\top_gun_pinball\modes\hard_deck_charlie\config\hard_deck_charlie.yaml
2026-05-17 15:07:15,201 : INFO : ConfigProcessor : Config file cache created: C:\Users\White\AppData\Local\Temp\992372f28951cdccc92372849f705691.mpf_cache
2026-05-17 15:07:15,202 : INFO : ConfigProcessor : Loading config from cache: C:\Users\White\AppData\Local\Temp\4b9937c7976ed5cd1d24a4fa4018324b.mpf_cache
2026-05-17 15:07:15,204 : INFO : ConfigProcessor : Loading config from cache: C:\Users\White\AppData\Local\Temp\a41099aaa8931854bf7aeb1131eb25f5.mpf_cache
2026-05-17 15:07:15,207 : INFO : ConfigProcessor : Loading config from cache: C:\Users\White\AppData\Local\Temp\4db056afb6ae3257643d7cc331e05161.mpf_cache
2026-05-17 15:07:15,226 : WARNING : ConfigProcessor : Config file in cache changed: C:\Users\White\documents\top_gun_pinball\modes\iceman_letters\config\iceman_letters.yaml
2026-05-17 15:07:15,227 : INFO : ConfigProcessor : Loading config from file C:\Users\White\documents\top_gun_pinball\modes\iceman_letters\config\iceman_letters.yaml.
2026-05-17 15:07:15,268 : INFO : ConfigProcessor : Loading config: C:\Users\White\documents\top_gun_pinball\modes\iceman_letters\config\iceman_letters.yaml
2026-05-17 15:07:15,270 : INFO : ConfigProcessor : Config file cache created: C:\Users\White\AppData\Local\Temp\a18f6718f5a170b21c37bd725ebae781.mpf_cache
2026-05-17 15:07:15,271 : INFO : ConfigProcessor : Loading config from cache: C:\Users\White\AppData\Local\Temp\8709151c8d2d3863b5fceda4c115c736.mpf_cache
2026-05-17 15:07:15,274 : INFO : ConfigProcessor : Loading config from cache: C:\Users\White\AppData\Local\Temp\769cd60133e5c0b9a985e6e3690a3631.mpf_cache
2026-05-17 15:07:15,275 : INFO : ConfigProcessor : Loading config from cache: C:\Users\White\AppData\Local\Temp\3d468c7cedf90be47a7d01e42bb936d2.mpf_cache
2026-05-17 15:07:15,276 : INFO : ConfigProcessor : Loading config from cache: C:\Users\White\AppData\Local\Temp\40a956b62e63adb1fd6230e070cc416f.mpf_cache
2026-05-17 15:07:15,293 : INFO : ConfigProcessor : Loading config from cache: C:\Users\White\AppData\Local\Temp\88387b71764ec8c6867c539ea54a2040.mpf_cache
2026-05-17 15:07:15,295 : INFO : ConfigProcessor : Loading config from cache: C:\Users\White\AppData\Local\Temp\2b752b47ed38224cd6b4953549e961ec.mpf_cache
2026-05-17 15:07:15,298 : INFO : ConfigProcessor : Loading config from cache: C:\Users\White\AppData\Local\Temp\bc5a83a7db04a21de896bef4617be537.mpf_cache
2026-05-17 15:07:15,299 : INFO : ConfigProcessor : Loading config from cache: C:\Users\White\AppData\Local\Temp\f74d72009f4dabec10fde825e0863a15.mpf_cache
2026-05-17 15:07:15,301 : INFO : ConfigProcessor : Loading config from cache: C:\Users\White\AppData\Local\Temp\66496f3db5355e441b1bd8ecccd57f05.mpf_cache
2026-05-17 15:07:15,303 : INFO : ConfigProcessor : Loading config from cache: C:\Users\White\AppData\Local\Temp\0ae832768984a3aa01ae31edc15ba990.mpf_cache
2026-05-17 15:07:15,305 : INFO : ConfigProcessor : Loading config from cache: C:\Users\White\AppData\Local\Temp\9c1b225c26aeb4cc019e2ce322947706.mpf_cache
2026-05-17 15:07:15,306 : INFO : ConfigProcessor : Loading config from cache: C:\Users\White\AppData\Local\Temp\cd7a088f79b0efe4ef0e6c248f30ea7a.mpf_cache
2026-05-17 15:07:15,308 : INFO : ConfigProcessor : Loading config from cache: C:\Users\White\AppData\Local\Temp\9ea7462f1dcba752602eb310d0ad4a44.mpf_cache
2026-05-17 15:07:15,310 : INFO : ConfigProcessor : Loading config from cache: C:\Users\White\AppData\Local\Temp\96651e0be7a1992a8a7abf26a9350bb6.mpf_cache
2026-05-17 15:07:15,312 : INFO : ConfigProcessor : Loading config from cache: C:\Users\White\AppData\Local\Temp\cbfc37a30bf6aa1a7a2aa4e455a94298.mpf_cache
2026-05-17 15:07:15,314 : INFO : ConfigProcessor : Loading config from cache: C:\Users\White\AppData\Local\Temp\fccb93411cf20b3ccac68b1dad0cbb88.mpf_cache
2026-05-17 15:07:15,315 : INFO : ConfigProcessor : Loading config from cache: C:\Users\White\AppData\Local\Temp\e16268268679c5881d2554ba916948dd.mpf_cache
2026-05-17 15:07:15,317 : INFO : ConfigProcessor : Loading config from cache: C:\Users\White\AppData\Local\Temp\81f3f7be5108efd0b69d2cf71a558028.mpf_cache
2026-05-17 15:07:15,318 : INFO : ConfigProcessor : Loading config from cache: C:\Users\White\AppData\Local\Temp\a97027ed54ab7f7f55eb3caa54f968f3.mpf_cache
2026-05-17 15:07:15,318 : INFO : ConfigProcessor : Loading config from cache: C:\Users\White\AppData\Local\Temp\fd6f0b40037ebf84651c592cbc8bc03a.mpf_cache
2026-05-17 15:07:15,319 : INFO : ConfigProcessor : Loading config from cache: C:\Users\White\AppData\Local\Temp\e1cebbcae09bac7286b592746f768daa.mpf_cache
2026-05-17 15:07:15,320 : WARNING : ConfigProcessor : Config file in cache changed: C:\Users\White\documents\top_gun_pinball\modes\pilot_mission_qualifier\config\pilot_mission_qualifier.yaml
2026-05-17 15:07:15,321 : INFO : ConfigProcessor : Loading config from file C:\Users\White\documents\top_gun_pinball\modes\pilot_mission_qualifier\config\pilot_mission_qualifier.yaml.
2026-05-17 15:07:15,406 : INFO : ConfigProcessor : Loading config: C:\Users\White\documents\top_gun_pinball\modes\pilot_mission_qualifier\config\pilot_mission_qualifier.yaml
2026-05-17 15:07:15,412 : INFO : ConfigProcessor : Config file cache created: C:\Users\White\AppData\Local\Temp\55d5943d63961b44af3f854c02c721ad.mpf_cache
2026-05-17 15:07:15,414 : INFO : ConfigProcessor : Loading config from cache: C:\Users\White\AppData\Local\Temp\43f523791758ce46d2ad099d1ecb5a1a.mpf_cache
2026-05-17 15:07:15,415 : INFO : ConfigProcessor : Loading config from cache: C:\Users\White\AppData\Local\Temp\be0cea2a7d47c7cf979c3644b39972ab.mpf_cache
2026-05-17 15:07:15,416 : INFO : ConfigProcessor : Loading config from cache: C:\Users\White\AppData\Local\Temp\8f22b463b668cef8fc8e91f8271e08dd.mpf_cache
2026-05-17 15:07:15,418 : INFO : ConfigProcessor : Loading config from cache: C:\Users\White\AppData\Local\Temp\9ac10604873d355c34af0d8445abb8db.mpf_cache
2026-05-17 15:07:15,421 : INFO : ConfigProcessor : Loading config from cache: C:\Users\White\AppData\Local\Temp\77e3efdaa7991fde2ded950a578d622d.mpf_cache
2026-05-17 15:07:15,425 : INFO : ConfigProcessor : Loading config from cache: C:\Users\White\AppData\Local\Temp\19da4e94fc5ce3c5f810a9c7463c1354.mpf_cache
2026-05-17 15:07:15,427 : INFO : ConfigProcessor : Loading config from cache: C:\Users\White\AppData\Local\Temp\4443efc54f3a5f57a313f4078fbddd50.mpf_cache
2026-05-17 15:07:15,429 : INFO : ConfigProcessor : Loading config from cache: C:\Users\White\AppData\Local\Temp\88f72734ea72fc22245e5b82d5a75cb6.mpf_cache
2026-05-17 15:07:15,431 : INFO : ConfigProcessor : Loading config from cache: C:\Users\White\AppData\Local\Temp\2b3f78690e4e473b8e5df94cdc0ab039.mpf_cache
2026-05-17 15:07:15,432 : INFO : ConfigProcessor : Loading config from cache: C:\Users\White\AppData\Local\Temp\fa987fd2c3266ab64543e0b64578d739.mpf_cache
2026-05-17 15:07:15,436 : INFO : ConfigProcessor : Loading config from cache: C:\Users\White\AppData\Local\Temp\f26c5a15de77ef0685e209821eddbe7d.mpf_cache
2026-05-17 15:07:15,437 : INFO : ConfigProcessor : Loading config from cache: C:\Users\White\AppData\Local\Temp\c2c1510818de090aac140fad4cc773a2.mpf_cache
2026-05-17 15:07:15,439 : INFO : ConfigProcessor : Loading config from cache: C:\Users\White\AppData\Local\Temp\98d3d7eb23a2f141af3b9c324af06e38.mpf_cache
2026-05-17 15:07:15,445 : INFO : ConfigProcessor : Loading config from cache: C:\Users\White\AppData\Local\Temp\9a3b340b295c94e005fb29d2d35803d1.mpf_cache
2026-05-17 15:07:15,450 : INFO : ConfigProcessor : Loading config from cache: C:\Users\White\AppData\Local\Temp\6a788fdfb83194d81af99a12c59a319a.mpf_cache
2026-05-17 15:07:15,453 : INFO : ConfigProcessor : Loading config from cache: C:\Users\White\AppData\Local\Temp\2fe82acdc56ea652ff3066fd375b17fa.mpf_cache
2026-05-17 15:07:15,455 : INFO : ConfigProcessor : Loading config from cache: C:\Users\White\AppData\Local\Temp\d567fbe46807f36791c9019d207c2440.mpf_cache
2026-05-17 15:07:15,458 : INFO : ConfigProcessor : Loading config from cache: C:\Users\White\AppData\Local\Temp\b81a2f9431aaa1a40681603f4f13c3d2.mpf_cache
2026-05-17 15:07:15,460 : INFO : ConfigProcessor : Loading config from cache: C:\Users\White\AppData\Local\Temp\92e144f57e074048034118dddced307a.mpf_cache
2026-05-17 15:07:15,461 : INFO : ConfigProcessor : Loading config from cache: C:\Users\White\AppData\Local\Temp\4e3068d09bb0285319ebd926b91ae940.mpf_cache
2026-05-17 15:07:15,462 : INFO : ConfigProcessor : Loading config from cache: C:\Users\White\AppData\Local\Temp\e5ea79f25cd6e043f8fb75b2032d482e.mpf_cache
2026-05-17 15:07:15,463 : INFO : ConfigProcessor : Loading config from cache: C:\Users\White\AppData\Local\Temp\9947d160cef245c9a8496495e8a78885.mpf_cache
2026-05-17 15:07:15,464 : INFO : ConfigProcessor : Loading config from cache: C:\Users\White\AppData\Local\Temp\923f5edd3096433804c151ef9ced7fb1.mpf_cache
2026-05-17 15:07:15,464 : INFO : ConfigProcessor : Loading config from cache: C:\Users\White\AppData\Local\Temp\669bfab06c6aa3a1674b0f4b50ae7a3c.mpf_cache
2026-05-17 15:07:15,467 : INFO : ConfigProcessor : Loading config from cache: C:\Users\White\AppData\Local\Temp\81e3ac1306f02cfb95eeca67698417dc.mpf_cache
2026-05-17 15:07:15,468 : INFO : ConfigProcessor : Loading config from cache: C:\Users\White\AppData\Local\Temp\a6fe037899bc77554e846472e6476319.mpf_cache
2026-05-17 15:07:15,469 : INFO : ConfigProcessor : Loading config from cache: C:\Users\White\AppData\Local\Temp\cd20ab9d6bcfc3d94797e381db389ad9.mpf_cache
2026-05-17 15:07:15,471 : INFO : ConfigProcessor : Loading config from cache: C:\Users\White\AppData\Local\Temp\d763b47a22b017336bfbe57a6af89149.mpf_cache
2026-05-17 15:07:15,473 : INFO : ConfigProcessor : Loading config from cache: C:\Users\White\AppData\Local\Temp\386baade319655b6aedfa45ddbf562f0.mpf_cache
2026-05-17 15:07:15,474 : INFO : ConfigProcessor : Loading config from cache: C:\Users\White\AppData\Local\Temp\f939ce46d02c41a03afd31c4270c8c55.mpf_cache
2026-05-17 15:07:15,476 : INFO : ConfigProcessor : Loading config from cache: C:\Users\White\AppData\Local\Temp\59ab671ab96a4594304638e27b0542c8.mpf_cache
2026-05-17 15:07:15,476 : INFO : ConfigProcessor : Loading config from cache: C:\Users\White\AppData\Local\Temp\0ba5adb65e1d75578edd80699100c28e.mpf_cache
2026-05-17 15:07:15,477 : INFO : ConfigProcessor : Loading config from cache: C:\Users\White\AppData\Local\Temp\b5471f08be9278463d25e3c2f06df8dd.mpf_cache
2026-05-17 15:07:15,478 : INFO : ConfigProcessor : Loading config from cache: C:\Users\White\AppData\Local\Temp\e9dfca965102979619879287aaffd4da.mpf_cache
2026-05-17 15:07:15,479 : INFO : ConfigProcessor : Loading config from cache: C:\Users\White\AppData\Local\Temp\ce1ea71bb3ca3937ce71fdff0b263bdb.mpf_cache
2026-05-17 15:07:15,479 : INFO : ConfigProcessor : Loading config from cache: C:\Users\White\AppData\Local\Temp\29b7b020f0513127005b35e19f0d78e3.mpf_cache
2026-05-17 15:07:15,481 : INFO : ConfigProcessor : Loading config from cache: C:\Users\White\AppData\Local\Temp\a19f4094f571d5e3f4a6bb0d76ddc2bd.mpf_cache
2026-05-17 15:07:15,481 : INFO : ConfigProcessor : Loading config from cache: C:\Users\White\AppData\Local\Temp\2df17da133132edc82ded3ea13a7f2d2.mpf_cache
2026-05-17 15:07:15,482 : INFO : ConfigProcessor : Loading config from cache: C:\Users\White\AppData\Local\Temp\6e45c09d2e2fb19b3ec22c705aafb8a5.mpf_cache
2026-05-17 15:07:15,483 : INFO : ConfigProcessor : Loading config from cache: C:\Users\White\AppData\Local\Temp\e8d87e5ea50ea035195c03c37d485b96.mpf_cache
2026-05-17 15:07:15,484 : INFO : ConfigProcessor : Loading config from cache: C:\Users\White\AppData\Local\Temp\19e4bb8a4a9bf220e72c77e0c232cd72.mpf_cache
2026-05-17 15:07:15,485 : INFO : ConfigProcessor : Loading config from cache: C:\Users\White\AppData\Local\Temp\3719082fa9c5864b8378f7ec54f99cf0.mpf_cache
2026-05-17 15:07:15,485 : INFO : ConfigProcessor : Loading config from cache: C:\Users\White\AppData\Local\Temp\49cfb4bed9324bfe32f6074e3237ab91.mpf_cache
2026-05-17 15:07:15,487 : INFO : ConfigProcessor : Loading config from cache: C:\Users\White\AppData\Local\Temp\a3c5a80388cfc77cd0b14076a224a42b.mpf_cache
2026-05-17 15:07:15,490 : INFO : ConfigProcessor : Loading config from cache: C:\Users\White\AppData\Local\Temp\a48c8ce24f2758d196071669d149efd3.mpf_cache
2026-05-17 15:07:15,491 : INFO : ConfigProcessor : Loading config from cache: C:\Users\White\AppData\Local\Temp\1ed53c621b8f6af903a3041468102589.mpf_cache
2026-05-17 15:07:15,491 : INFO : ConfigProcessor : Loading config from cache: C:\Users\White\AppData\Local\Temp\41a845a48ffaa7677954152e6e297d40.mpf_cache
2026-05-17 15:07:15,492 : INFO : ConfigProcessor : Loading config from cache: C:\Users\White\AppData\Local\Temp\45a44881320e4c811d0578688ed7af5f.mpf_cache
2026-05-17 15:07:15,493 : INFO : ConfigProcessor : Loading config from cache: C:\Users\White\AppData\Local\Temp\b17acfedfaf18761d1b243a909fa6e25.mpf_cache
2026-05-17 15:07:15,493 : INFO : ConfigProcessor : Loading config from cache: C:\Users\White\AppData\Local\Temp\0352b9b582e3dca83b90b72973f30cb3.mpf_cache
2026-05-17 15:07:15,494 : INFO : ConfigProcessor : Loading config from cache: C:\Users\White\AppData\Local\Temp\5f9963cc4a0205527c292dff60ac95bf.mpf_cache
2026-05-17 15:07:15,496 : INFO : ConfigProcessor : Loading config from cache: C:\Users\White\AppData\Local\Temp\7d9d3a879fccd9ce7a432e5bad71a77d.mpf_cache
2026-05-17 15:07:15,497 : INFO : ConfigProcessor : Loading config from cache: C:\Users\White\AppData\Local\Temp\43a2267f77020b63ca7745b7b3fb05c5.mpf_cache
2026-05-17 15:07:15,498 : INFO : ConfigProcessor : Loading config from cache: C:\Users\White\AppData\Local\Temp\37a4804cb847e12400be24a6c2bfa250.mpf_cache
2026-05-17 15:07:15,499 : INFO : ConfigProcessor : Loading config from cache: C:\Users\White\AppData\Local\Temp\63828b82b94aa94cbe7d3a7a04305cb7.mpf_cache
2026-05-17 15:07:15,499 : INFO : ConfigProcessor : Loading config from cache: C:\Users\White\AppData\Local\Temp\c6c68f34067f4d4cd8da7c0d895bd8a2.mpf_cache
2026-05-17 15:07:15,501 : INFO : ConfigProcessor : Loading config from cache: C:\Users\White\AppData\Local\Temp\0420af4d870b9d4dca0c113858eeb892.mpf_cache
2026-05-17 15:07:15,502 : INFO : ConfigProcessor : Loading config from cache: C:\Users\White\AppData\Local\Temp\29db96f2862a8d571fce5d97e7bfa998.mpf_cache
2026-05-17 15:07:15,505 : INFO : ConfigProcessor : Loading config from cache: C:\Users\White\AppData\Local\Temp\c4e65309e05241fe1ada1112ae55c9ef.mpf_cache
2026-05-17 15:07:15,506 : INFO : ConfigProcessor : Loading config from cache: C:\Users\White\AppData\Local\Temp\bcabc7c4504a6189bbb8c27e26d16460.mpf_cache
2026-05-17 15:07:15,507 : INFO : ConfigProcessor : Loading config from cache: C:\Users\White\AppData\Local\Temp\6855b42a221992257d709a7391c0c3e8.mpf_cache
2026-05-17 15:07:15,507 : INFO : Machine : Mission Pinball Framework Core Engine v0.80.0.dev11
2026-05-17 15:07:15,507 : INFO : Machine : Command line arguments: {'no_load_cache': False, 'create_config_cache': True, 'bcp': True, 'configfile': ['config.yaml'], 'force_assets_load': False, 'platform_integration_test': False, 'jsonlogging': False, 'logfile': 'logs\\2026-05-17-15-07-14-mpf-TopGunPinball.log', 'pause': False, 'production': False, 'text_ui': False, 'loglevel': 15, 'consoleloglevel': 20, 'force_platform': None, 'syslog_address': None, 'full_logfile_path': 'C:\\Users\\White\\documents\\top_gun_pinball\\logs\\2026-05-17-15-07-14-mpf-TopGunPinball.log'}
2026-05-17 15:07:15,507 : INFO : Machine : MPF path: C:\Users\White\mpf\Lib\site-packages\mpf
2026-05-17 15:07:15,507 : INFO : Machine : Machine path: C:\Users\White\documents\top_gun_pinball
2026-05-17 15:07:15,507 : INFO : Machine : Platform: win32
2026-05-17 15:07:15,507 : INFO : Machine : Python executable location: C:\Users\White\mpf\Scripts\python.exe
2026-05-17 15:07:15,507 : INFO : Machine : Python version: 3.12.7 (64-bit)
2026-05-17 15:07:15,510 : INFO : Machine : Initializing MPF...
2026-05-17 15:07:15,651 : INFO : FAST : Auto-detecting ports for the following connections: ['net', 'exp', 'aud']
2026-05-17 15:07:16,272 : INFO : FAST : Detected AUD on port COM7
2026-05-17 15:07:16,272 : INFO : FAST : Detected NET on port COM3
2026-05-17 15:07:16,288 : INFO : FAST : Detected EXP on port COM4
2026-05-17 15:07:16,398 : INFO : FAST [NET] : Trying to connect to COM3 at 921600bps
2026-05-17 15:07:16,476 : INFO : FAST [NET] : Connected to COM3 at 921600bps
2026-05-17 15:07:16,491 : INFO : FAST [NET] : Connected to FP-CPU-2000 with firmware v02.26
2026-05-17 15:07:16,522 : INFO : FAST [NET] : Registered I/O Board 0: Model: FP-I/O-0024, Firmware: 01.10, Switches: 24, Drivers: 8
2026-05-17 15:07:16,538 : INFO : FAST [NET] : Registered I/O Board 1: Model: FP-I/O-3208, Firmware: 01.10, Switches: 32, Drivers: 8
2026-05-17 15:07:16,555 : INFO : FAST [NET] : Registered I/O Board 2: Model: FP-I/O-3208, Firmware: 01.10, Switches: 32, Drivers: 8
2026-05-17 15:07:16,570 : INFO : FAST [NET] : Registered I/O Board 3: Model: FP-I/O-0804, Firmware: 01.10, Switches: 8, Drivers: 4
2026-05-17 15:07:16,585 : INFO : FAST [NET] : Registered I/O Board 4: Model: FP-I/O-0804, Firmware: 01.10, Switches: 8, Drivers: 4
2026-05-17 15:07:16,587 : INFO : FAST [EXP] : Trying to connect to COM4 at 921600bps
2026-05-17 15:07:16,666 : INFO : FAST [EXP] : Connected to COM4 at 921600bps
2026-05-17 15:07:16,680 : INFO : FAST [EXP] : Verifying hardware for EXP "neuron" (FP-EXP-2000, @48) with ID string "EXP FP-EXP-2000  0.38", board address 48
2026-05-17 15:07:16,695 : INFO : FAST [EXP] : Verifying hardware for EXP "neuron" (FP-EXP-2000, @48) with ID string "LED FP-BRK-0001  0.8", board address 480
2026-05-17 15:07:16,727 : INFO : FAST [EXP] : Verifying hardware for EXP "light_expansion_board" (FP-EXP-0071, @B4) with ID string "EXP FP-EXP-0071  0.38", board address B4
2026-05-17 15:07:16,743 : INFO : FAST [EXP] : Verifying hardware for EXP "light_expansion_board" (FP-EXP-0071, @B4) with ID string "BRK FP-EXP-0071  0.38", board address B40
2026-05-17 15:07:16,775 : INFO : FAST [EXP] : Verifying hardware for EXP "shaker_board" (FP-EXP-1313, @30) with ID string "EXP FP-EXP-1313  0.48", board address 30
2026-05-17 15:07:16,790 : INFO : FAST [EXP] : Verifying hardware for EXP "shaker_board" (FP-EXP-1313, @30) with ID string "BRK FP-EXP-1313  0.48", board address 300
2026-05-17 15:07:16,808 : INFO : FAST [AUD] : Trying to connect to COM7 at 230400bps
2026-05-17 15:07:16,947 : INFO : FAST [AUD] : Connected to COM7 at 230400bps
2026-05-17 15:07:16,963 : WARNING : FAST [AUD] : Received XX response:F
2026-05-17 15:07:16,963 : WARNING : FAST [AUD] : Received XX response:F
2026-05-17 15:07:16,963 : WARNING : FAST [AUD] : Received XX response:F
2026-05-17 15:07:16,963 : WARNING : FAST [AUD] : Received XX response:F
2026-05-17 15:07:16,963 : INFO : FAST [AUD] : Connected to FP-AUD-0099 with firmware v0.10
2026-05-17 15:07:16,964 : INFO : EventManager : Event: ======'machine_var_credits_string'====== Args={'value': 'FREE PLAY', 'prev_value': None, 'change': True}
2026-05-17 15:07:16,996 : INFO : EventManager : Event: ======'machine_var_audit_balls_played'====== Args={'value': 0, 'prev_value': None, 'change': True}
2026-05-17 15:07:16,996 : INFO : EventManager : Event: ======'machine_var_audit_games_played'====== Args={'value': 0, 'prev_value': None, 'change': True}
2026-05-17 15:07:16,996 : INFO : EventManager : Event: ======'machine_var_audit_high_score'====== Args={'value': 0, 'prev_value': None, 'change': True}
2026-05-17 15:07:16,996 : INFO : EventManager : Event: ======'machine_var_audit_total_game_time'====== Args={'value': 0, 'prev_value': None, 'change': True}
2026-05-17 15:07:16,996 : INFO : EventManager : Event: ======'machine_var_audit_total_plays'====== Args={'value': 0, 'prev_value': None, 'change': True}
2026-05-17 15:07:16,996 : INFO : EventManager : Event: ======'machine_var_fast_audio_headphones_volume'====== Args={'value': 50, 'prev_value': None, 'change': True}
2026-05-17 15:07:16,997 : INFO : EventManager : Event: ======'machine_var_fast_audio_main_volume'====== Args={'value': 38, 'prev_value': None, 'change': True}
2026-05-17 15:07:16,997 : INFO : EventManager : Event: ======'machine_var_master_volume'====== Args={'value': 0.5, 'prev_value': None, 'change': True}
2026-05-17 15:07:16,997 : INFO : EventManager : Event: ======'machine_var_player1_score'====== Args={'value': 32083965, 'prev_value': None, 'change': True}
2026-05-17 15:07:16,997 : INFO : EventManager : Event: ======'machine_var_extra_ball_award_mode'====== Args={'value': 0, 'prev_value': None, 'change': True}
2026-05-17 15:07:16,997 : INFO : EventManager : Event: ======'machine_var_service_menu_level'====== Args={'value': 0, 'prev_value': None, 'change': True}
2026-05-17 15:07:16,997 : INFO : EventManager : Event: ======'machine_var_service_main_index'====== Args={'value': 0, 'prev_value': None, 'change': True}
2026-05-17 15:07:16,997 : INFO : EventManager : Event: ======'machine_var_service_switch_index'====== Args={'value': 0, 'prev_value': None, 'change': True}
2026-05-17 15:07:16,997 : INFO : EventManager : Event: ======'machine_var_service_coil_index'====== Args={'value': 0, 'prev_value': None, 'change': True}
2026-05-17 15:07:16,997 : INFO : EventManager : Event: ======'machine_var_service_light_index'====== Args={'value': 0, 'prev_value': None, 'change': True}
2026-05-17 15:07:16,997 : INFO : EventManager : Event: ======'machine_var_service_light_color_index'====== Args={'value': 0, 'prev_value': None, 'change': True}
2026-05-17 15:07:16,997 : INFO : EventManager : Event: ======'machine_var_service_adjustment_index'====== Args={'value': 0, 'prev_value': None, 'change': True}
2026-05-17 15:07:16,997 : INFO : EventManager : Event: ======'machine_var_service_audit_index'====== Args={'value': 0, 'prev_value': None, 'change': True}
2026-05-17 15:07:16,997 : INFO : EventManager : Event: ======'machine_var_service_feature_index'====== Args={'value': 0, 'prev_value': None, 'change': True}
2026-05-17 15:07:16,997 : INFO : EventManager : Event: ======'machine_var_service_main_text'====== Args={'value': 'SWITCH TEST', 'prev_value': None, 'change': True}
2026-05-17 15:07:16,998 : INFO : EventManager : Event: ======'machine_var_service_switch_name'====== Args={'value': 'Start Button', 'prev_value': None, 'change': True}
2026-05-17 15:07:16,998 : INFO : EventManager : Event: ======'machine_var_service_switch_num'====== Args={'value': 'Switch 1/63', 'prev_value': None, 'change': True}
2026-05-17 15:07:16,998 : INFO : EventManager : Event: ======'machine_var_service_switch_state'====== Args={'value': 'OPEN', 'prev_value': None, 'change': True}
2026-05-17 15:07:16,998 : INFO : EventManager : Event: ======'machine_var_service_coil_name'====== Args={'value': 'Left Flipper', 'prev_value': None, 'change': True}
2026-05-17 15:07:16,998 : INFO : EventManager : Event: ======'machine_var_service_coil_num'====== Args={'value': 'Coil 1/22', 'prev_value': None, 'change': True}
2026-05-17 15:07:16,998 : INFO : EventManager : Event: ======'machine_var_service_light_name'====== Args={'value': 'Eject Insert', 'prev_value': None, 'change': True}
2026-05-17 15:07:16,998 : INFO : EventManager : Event: ======'machine_var_service_light_num'====== Args={'value': 'Light 1/91', 'prev_value': None, 'change': True}
2026-05-17 15:07:16,998 : INFO : EventManager : Event: ======'machine_var_service_servo_index'====== Args={'value': 0, 'prev_value': None, 'change': True}
2026-05-17 15:07:16,998 : INFO : EventManager : Event: ======'machine_var_service_servo_name'====== Args={'value': 'Right Ramp', 'prev_value': None, 'change': True}
2026-05-17 15:07:16,998 : INFO : EventManager : Event: ======'machine_var_service_servo_num'====== Args={'value': 'Servo 1/6', 'prev_value': None, 'change': True}
2026-05-17 15:07:16,998 : INFO : EventManager : Event: ======'machine_var_service_servo_position'====== Args={'value': 'Pos: 0.05', 'prev_value': None, 'change': True}
2026-05-17 15:07:16,998 : INFO : EventManager : Event: ======'machine_var_service_adjustment_name'====== Args={'value': 'Balls Per Game', 'prev_value': None, 'change': True}
2026-05-17 15:07:16,998 : INFO : EventManager : Event: ======'machine_var_service_adjustment_num'====== Args={'value': 'Setting 1/15', 'prev_value': None, 'change': True}
2026-05-17 15:07:16,998 : INFO : EventManager : Event: ======'machine_var_service_audit_name'====== Args={'value': 'Games Played', 'prev_value': None, 'change': True}
2026-05-17 15:07:16,999 : INFO : EventManager : Event: ======'machine_var_service_audit_num'====== Args={'value': 'Audit 1/10', 'prev_value': None, 'change': True}
2026-05-17 15:07:16,999 : INFO : EventManager : Event: ======'machine_var_service_feature_name'====== Args={'value': 'Pilot Mode Timer', 'prev_value': None, 'change': True}
2026-05-17 15:07:16,999 : INFO : EventManager : Event: ======'machine_var_service_feature_num'====== Args={'value': 'Feature 1/10', 'prev_value': None, 'change': True}
2026-05-17 15:07:16,999 : INFO : EventManager : Event: ======'machine_var_ball_search_servo_count'====== Args={'value': 0, 'prev_value': None, 'change': True}
2026-05-17 15:07:16,999 : INFO : EventManager : Event: ======'machine_var_hs_letter_index'====== Args={'value': 0, 'prev_value': None, 'change': True}
2026-05-17 15:07:16,999 : INFO : EventManager : Event: ======'machine_var_hs_select_trigger'====== Args={'value': 0, 'prev_value': None, 'change': True}
2026-05-17 15:07:16,999 : INFO : EventManager : Event: ======'machine_var_hs_award_text'====== Args={'value': '', 'prev_value': None, 'change': True}
2026-05-17 15:07:16,999 : INFO : EventManager : Event: ======'machine_var_hs_player_num'====== Args={'value': 1, 'prev_value': None, 'change': True}
2026-05-17 15:07:16,999 : INFO : EventManager : Event: ======'machine_var_hs_score_value'====== Args={'value': 0, 'prev_value': None, 'change': True}
2026-05-17 15:07:16,999 : INFO : EventManager : Event: ======'machine_var_hs_entry_made'====== Args={'value': 0, 'prev_value': None, 'change': True}
2026-05-17 15:07:16,999 : INFO : EventManager : Event: ======'machine_var_mpf_version'====== Args={'value': 'Mission Pinball Framework v0.80.0.dev11', 'prev_value': None, 'change': True}
2026-05-17 15:07:16,999 : INFO : EventManager : Event: ======'machine_var_mpf_extended_version'====== Args={'value': 'Mission Pinball Framework v0.80.0.dev11, Config version:6, Show version: 6, BCP version:1.1', 'prev_value': None, 'change': True}
2026-05-17 15:07:16,999 : INFO : EventManager : Event: ======'machine_var_python_version'====== Args={'value': '3.12.7', 'prev_value': None, 'change': True}
2026-05-17 15:07:17,166 : INFO : EventManager : Event: ======'machine_var_platform'====== Args={'value': 'Windows-11-10.0.26200-SP0', 'prev_value': None, 'change': True}
2026-05-17 15:07:17,166 : INFO : EventManager : Event: ======'machine_var_platform_system'====== Args={'value': 'Windows', 'prev_value': None, 'change': True}
2026-05-17 15:07:17,167 : INFO : EventManager : Event: ======'machine_var_platform_release'====== Args={'value': '11', 'prev_value': None, 'change': True}
2026-05-17 15:07:17,167 : INFO : EventManager : Event: ======'machine_var_platform_version'====== Args={'value': '10.0.26200', 'prev_value': None, 'change': True}
2026-05-17 15:07:17,167 : INFO : EventManager : Event: ======'machine_var_platform_machine'====== Args={'value': 'AMD64', 'prev_value': None, 'change': True}
2026-05-17 15:07:17,167 : INFO : EventManager : Event: ======'machine_var_log_file_path'====== Args={'value': 'C:\\Users\\White\\documents\\top_gun_pinball\\logs\\2026-05-17-15-07-14-mpf-TopGunPinball.log', 'prev_value': None, 'change': True}
2026-05-17 15:07:17,167 : INFO : EventManager : Event: ======'init_phase_1'====== Args={}
2026-05-17 15:07:19,854 : INFO : SwitchController : <<<<<<< 's_48v_disable' active >>>>>>>
2026-05-17 15:07:19,854 : INFO : SwitchController : <<<<<<< 's_trough_1' active >>>>>>>
2026-05-17 15:07:19,854 : INFO : SwitchController : <<<<<<< 's_trough_2' active >>>>>>>
2026-05-17 15:07:19,854 : INFO : SwitchController : <<<<<<< 's_trough_3' active >>>>>>>
2026-05-17 15:07:19,854 : INFO : SwitchController : <<<<<<< 's_trough_4' active >>>>>>>
2026-05-17 15:07:19,854 : INFO : SwitchController : <<<<<<< 's_trough_5' active >>>>>>>
2026-05-17 15:07:19,855 : INFO : SwitchController : <<<<<<< 's_trough_6' active >>>>>>>
2026-05-17 15:07:19,903 : INFO : EventManager : Event: ======'init_phase_2'====== Args={}
2026-05-17 15:07:19,904 : INFO : SwitchController : Found active switch: (0, [FAST Platform Interface]) <switch.s_48v_disable>
2026-05-17 15:07:19,904 : INFO : SwitchController : Found active switch: (24, [FAST Platform Interface]) <switch.s_trough_1>
2026-05-17 15:07:19,904 : INFO : SwitchController : Found active switch: (25, [FAST Platform Interface]) <switch.s_trough_2>
2026-05-17 15:07:19,904 : INFO : SwitchController : Found active switch: (26, [FAST Platform Interface]) <switch.s_trough_3>
2026-05-17 15:07:19,904 : INFO : SwitchController : Found active switch: (27, [FAST Platform Interface]) <switch.s_trough_4>
2026-05-17 15:07:19,904 : INFO : SwitchController : Found active switch: (28, [FAST Platform Interface]) <switch.s_trough_5>
2026-05-17 15:07:19,904 : INFO : SwitchController : Found active switch: (29, [FAST Platform Interface]) <switch.s_trough_6>
2026-05-17 15:07:20,348 : INFO : EventManager : Event: ======'machine_var_score1_label'====== Args={'value': "You're the new top gun!", 'prev_value': None, 'change': True}
2026-05-17 15:07:20,348 : INFO : EventManager : Event: ======'machine_var_score1_name'====== Args={'value': 'BEH', 'prev_value': None, 'change': True}
2026-05-17 15:07:20,348 : INFO : EventManager : Event: ======'machine_var_score1_value'====== Args={'value': 32083965, 'prev_value': None, 'change': True}
2026-05-17 15:07:20,348 : INFO : EventManager : Event: ======'machine_var_score2_label'====== Args={'value': 'Almost at the top!', 'prev_value': None, 'change': True}
2026-05-17 15:07:20,348 : INFO : EventManager : Event: ======'machine_var_score2_name'====== Args={'value': 'BEH', 'prev_value': None, 'change': True}
2026-05-17 15:07:20,348 : INFO : EventManager : Event: ======'machine_var_score2_value'====== Args={'value': 31315500, 'prev_value': None, 'change': True}
2026-05-17 15:07:20,348 : INFO : EventManager : Event: ======'machine_var_score3_label'====== Args={'value': 'Never Leave your Wingman!', 'prev_value': None, 'change': True}
2026-05-17 15:07:20,349 : INFO : EventManager : Event: ======'machine_var_score3_name'====== Args={'value': 'BEH', 'prev_value': None, 'change': True}
2026-05-17 15:07:20,349 : INFO : EventManager : Event: ======'machine_var_score3_value'====== Args={'value': 29522025, 'prev_value': None, 'change': True}
2026-05-17 15:07:20,349 : INFO : EventManager : Event: ======'machine_var_score4_label'====== Args={'value': 'Are you a good Pilot?', 'prev_value': None, 'change': True}
2026-05-17 15:07:20,349 : INFO : EventManager : Event: ======'machine_var_score4_name'====== Args={'value': 'BEH', 'prev_value': None, 'change': True}
2026-05-17 15:07:20,349 : INFO : EventManager : Event: ======'machine_var_score4_value'====== Args={'value': 28019671, 'prev_value': None, 'change': True}
2026-05-17 15:07:20,349 : INFO : EventManager : Event: ======'machine_var_score5_label'====== Args={'value': "It's the Cargo Plane for you!", 'prev_value': None, 'change': True}
2026-05-17 15:07:20,349 : INFO : EventManager : Event: ======'machine_var_score5_name'====== Args={'value': 'MAVERICK', 'prev_value': None, 'change': True}
2026-05-17 15:07:20,349 : INFO : EventManager : Event: ======'machine_var_score5_value'====== Args={'value': 25000000, 'prev_value': None, 'change': True}
2026-05-17 15:07:20,349 : INFO : EventManager : Event: ======'machine_var_score6_label'====== Args={'value': '6th Place', 'prev_value': None, 'change': True}
2026-05-17 15:07:20,349 : INFO : EventManager : Event: ======'machine_var_score6_name'====== Args={'value': 'BEH', 'prev_value': None, 'change': True}
2026-05-17 15:07:20,349 : INFO : EventManager : Event: ======'machine_var_score6_value'====== Args={'value': 21377200, 'prev_value': None, 'change': True}
2026-05-17 15:07:20,349 : INFO : EventManager : Event: ======'machine_var_score7_label'====== Args={'value': '7th Place', 'prev_value': None, 'change': True}
2026-05-17 15:07:20,349 : INFO : EventManager : Event: ======'machine_var_score7_name'====== Args={'value': 'ICEMAN', 'prev_value': None, 'change': True}
2026-05-17 15:07:20,349 : INFO : EventManager : Event: ======'machine_var_score7_value'====== Args={'value': 20000000, 'prev_value': None, 'change': True}
2026-05-17 15:07:20,349 : INFO : EventManager : Event: ======'machine_var_score8_label'====== Args={'value': '8th Place', 'prev_value': None, 'change': True}
2026-05-17 15:07:20,349 : INFO : EventManager : Event: ======'machine_var_score8_name'====== Args={'value': 'BEH', 'prev_value': None, 'change': True}
2026-05-17 15:07:20,349 : INFO : EventManager : Event: ======'machine_var_score8_value'====== Args={'value': 18833875, 'prev_value': None, 'change': True}
2026-05-17 15:07:20,349 : INFO : EventManager : Event: ======'machine_var_score9_label'====== Args={'value': '9th Place', 'prev_value': None, 'change': True}
2026-05-17 15:07:20,349 : INFO : EventManager : Event: ======'machine_var_score9_name'====== Args={'value': 'BEH', 'prev_value': None, 'change': True}
2026-05-17 15:07:20,349 : INFO : EventManager : Event: ======'machine_var_score9_value'====== Args={'value': 16744456, 'prev_value': None, 'change': True}
2026-05-17 15:07:20,349 : INFO : EventManager : Event: ======'machine_var_score10_label'====== Args={'value': '10th Place', 'prev_value': None, 'change': True}
2026-05-17 15:07:20,349 : INFO : EventManager : Event: ======'machine_var_score10_name'====== Args={'value': 'ROOSTER', 'prev_value': None, 'change': True}
2026-05-17 15:07:20,349 : INFO : EventManager : Event: ======'machine_var_score10_value'====== Args={'value': 15000000, 'prev_value': None, 'change': True}
2026-05-17 15:07:20,350 : INFO : EventManager : Event: ======'machine_var_score11_label'====== Args={'value': '11th Place', 'prev_value': None, 'change': True}
2026-05-17 15:07:20,350 : INFO : EventManager : Event: ======'machine_var_score11_name'====== Args={'value': 'LFS', 'prev_value': None, 'change': True}
2026-05-17 15:07:20,350 : INFO : EventManager : Event: ======'machine_var_score11_value'====== Args={'value': 14268425, 'prev_value': None, 'change': True}
2026-05-17 15:07:20,350 : INFO : EventManager : Event: ======'machine_var_score12_label'====== Args={'value': '12th Place', 'prev_value': None, 'change': True}
2026-05-17 15:07:20,350 : INFO : EventManager : Event: ======'machine_var_score12_name'====== Args={'value': 'BEH', 'prev_value': None, 'change': True}
2026-05-17 15:07:20,350 : INFO : EventManager : Event: ======'machine_var_score12_value'====== Args={'value': 14191995, 'prev_value': None, 'change': True}
2026-05-17 15:07:20,350 : INFO : EventManager : Event: ======'machine_var_score13_label'====== Args={'value': '13th Place', 'prev_value': None, 'change': True}
2026-05-17 15:07:20,350 : INFO : EventManager : Event: ======'machine_var_score13_name'====== Args={'value': 'LFS', 'prev_value': None, 'change': True}
2026-05-17 15:07:20,350 : INFO : EventManager : Event: ======'machine_var_score13_value'====== Args={'value': 13607100, 'prev_value': None, 'change': True}
2026-05-17 15:07:20,350 : INFO : EventManager : Event: ======'machine_var_score14_label'====== Args={'value': '14th Place', 'prev_value': None, 'change': True}
2026-05-17 15:07:20,350 : INFO : EventManager : Event: ======'machine_var_score14_name'====== Args={'value': 'BEH', 'prev_value': None, 'change': True}
2026-05-17 15:07:20,350 : INFO : EventManager : Event: ======'machine_var_score14_value'====== Args={'value': 12550525, 'prev_value': None, 'change': True}
2026-05-17 15:07:20,350 : INFO : EventManager : Event: ======'machine_var_score15_label'====== Args={'value': '15th Place', 'prev_value': None, 'change': True}
2026-05-17 15:07:20,350 : INFO : EventManager : Event: ======'machine_var_score15_name'====== Args={'value': 'BEH', 'prev_value': None, 'change': True}
2026-05-17 15:07:20,350 : INFO : EventManager : Event: ======'machine_var_score15_value'====== Args={'value': 12052660, 'prev_value': None, 'change': True}
2026-05-17 15:07:20,351 : INFO : EventManager : Event: ======'bcp_connection_attempt'====== Args={'name': 'local_display', 'host': 'localhost', 'port': 5050}
2026-05-17 15:07:20,353 : INFO : BCPClientSocket : Connecting BCP to 'local_display' at localhost:5050...
2026-05-17 15:07:20,367 : INFO : BCPClientSocket : Connected BCP to 'local_display' localhost:5050
2026-05-17 15:07:20,367 : INFO : EventManager : Event: ======'bcp_clients_connected'====== Args={}
2026-05-17 15:07:20,368 : INFO : ball_device.bd_plunger : BCH: Initial count: 0
2026-05-17 15:07:20,369 : INFO : ball_device.bd_plunger : State: idle
2026-05-17 15:07:20,370 : INFO : ball_device.bd_trough : BCH: Initial count: 6
2026-05-17 15:07:20,370 : INFO : ball_device.bd_trough : State: idle
2026-05-17 15:07:20,371 : INFO : ball_device.bd_lock_elevator : BCH: Initial count: 0
2026-05-17 15:07:20,371 : INFO : ball_device.bd_lock_elevator : State: idle
2026-05-17 15:07:20,372 : INFO : ball_device.bd_lock_goose : BCH: Initial count: 0
2026-05-17 15:07:20,373 : INFO : ball_device.bd_lock_goose : State: idle
2026-05-17 15:07:20,373 : INFO : ball_device.bd_lock_mav : BCH: Initial count: 0
2026-05-17 15:07:20,374 : INFO : ball_device.bd_lock_mav : State: idle
2026-05-17 15:07:20,374 : INFO : ball_device.bd_mode_scoop : BCH: Initial count: 0
2026-05-17 15:07:20,375 : INFO : ball_device.bd_mode_scoop : State: idle
2026-05-17 15:07:20,389 : INFO : EventManager : Event: ======'init_phase_3'====== Args={}
2026-05-17 15:07:23,395 : INFO : EventManager : Event: ======'init_phase_4'====== Args={}
2026-05-17 15:07:23,396 : INFO : BallController : Initial balls found: 6
2026-05-17 15:07:23,398 : INFO : EventManager : Event: ======'machine_var_audits_events_game_ended'====== Args={'value': 440, 'prev_value': None, 'change': True}
2026-05-17 15:07:23,398 : INFO : EventManager : Event: ======'machine_var_audits_events_game_started'====== Args={'value': 1892, 'prev_value': None, 'change': True}
2026-05-17 15:07:23,398 : INFO : EventManager : Event: ======'machine_var_audits_missing_switches_s_48v_disable'====== Args={'value': 1068, 'prev_value': None, 'change': True}
2026-05-17 15:07:23,398 : INFO : EventManager : Event: ======'machine_var_audits_missing_switches_s_a_iceman_target'====== Args={'value': 3, 'prev_value': None, 'change': True}
2026-05-17 15:07:23,398 : INFO : EventManager : Event: ======'machine_var_audits_missing_switches_s_barrier_target'====== Args={'value': 3, 'prev_value': None, 'change': True}
2026-05-17 15:07:23,398 : INFO : EventManager : Event: ======'machine_var_audits_missing_switches_s_bumper_center'====== Args={'value': 3, 'prev_value': None, 'change': True}
2026-05-17 15:07:23,398 : INFO : EventManager : Event: ======'machine_var_audits_missing_switches_s_bumper_left'====== Args={'value': 3, 'prev_value': None, 'change': True}
2026-05-17 15:07:23,398 : INFO : EventManager : Event: ======'machine_var_audits_missing_switches_s_bumper_right'====== Args={'value': 3, 'prev_value': None, 'change': True}
2026-05-17 15:07:23,398 : INFO : EventManager : Event: ======'machine_var_audits_missing_switches_s_c_iceman_target'====== Args={'value': 3, 'prev_value': None, 'change': True}
2026-05-17 15:07:23,398 : INFO : EventManager : Event: ======'machine_var_audits_missing_switches_s_c_lock_target'====== Args={'value': 3, 'prev_value': None, 'change': True}
2026-05-17 15:07:23,398 : INFO : EventManager : Event: ======'machine_var_audits_missing_switches_s_coin_door'====== Args={'value': 5, 'prev_value': None, 'change': True}
2026-05-17 15:07:23,399 : INFO : EventManager : Event: ======'machine_var_audits_missing_switches_s_coin_door_credit_left'====== Args={'value': 1683, 'prev_value': None, 'change': True}
2026-05-17 15:07:23,399 : INFO : EventManager : Event: ======'machine_var_audits_missing_switches_s_coin_door_credit_right'====== Args={'value': 1075, 'prev_value': None, 'change': True}
2026-05-17 15:07:23,399 : INFO : EventManager : Event: ======'machine_var_audits_missing_switches_s_coin_door_service_1'====== Args={'value': 201, 'prev_value': None, 'change': True}
2026-05-17 15:07:23,399 : INFO : EventManager : Event: ======'machine_var_audits_missing_switches_s_coin_door_service_2'====== Args={'value': 32, 'prev_value': None, 'change': True}
2026-05-17 15:07:23,399 : INFO : EventManager : Event: ======'machine_var_audits_missing_switches_s_coin_door_service_3'====== Args={'value': 32, 'prev_value': None, 'change': True}
2026-05-17 15:07:23,399 : INFO : EventManager : Event: ======'machine_var_audits_missing_switches_s_coin_door_service_4'====== Args={'value': 201, 'prev_value': None, 'change': True}
2026-05-17 15:07:23,399 : INFO : EventManager : Event: ======'machine_var_audits_missing_switches_s_e_iceman_target'====== Args={'value': 3, 'prev_value': None, 'change': True}
2026-05-17 15:07:23,399 : INFO : EventManager : Event: ======'machine_var_audits_missing_switches_s_flight_gear_target'====== Args={'value': 3, 'prev_value': None, 'change': True}
2026-05-17 15:07:23,399 : INFO : EventManager : Event: ======'machine_var_audits_missing_switches_s_i_iceman_target'====== Args={'value': 3, 'prev_value': None, 'change': True}
2026-05-17 15:07:23,399 : INFO : EventManager : Event: ======'machine_var_audits_missing_switches_s_inlane_left'====== Args={'value': 3, 'prev_value': None, 'change': True}
2026-05-17 15:07:23,399 : INFO : EventManager : Event: ======'machine_var_audits_missing_switches_s_inner_inlane_right'====== Args={'value': 1, 'prev_value': None, 'change': True}
2026-05-17 15:07:23,399 : INFO : EventManager : Event: ======'machine_var_audits_missing_switches_s_k_lock_target'====== Args={'value': 3, 'prev_value': None, 'change': True}
2026-05-17 15:07:23,399 : INFO : EventManager : Event: ======'machine_var_audits_missing_switches_s_lock_goose'====== Args={'value': 3, 'prev_value': None, 'change': True}
2026-05-17 15:07:23,399 : INFO : EventManager : Event: ======'machine_var_audits_missing_switches_s_lock_mav'====== Args={'value': 3, 'prev_value': None, 'change': True}
2026-05-17 15:07:23,399 : INFO : EventManager : Event: ======'machine_var_audits_missing_switches_s_lock_plunger'====== Args={'value': 3, 'prev_value': None, 'change': True}
2026-05-17 15:07:23,399 : INFO : EventManager : Event: ======'machine_var_audits_missing_switches_s_m_iceman_target'====== Args={'value': 3, 'prev_value': None, 'change': True}
2026-05-17 15:07:23,399 : INFO : EventManager : Event: ======'machine_var_audits_missing_switches_s_mig_lane_left'====== Args={'value': 3, 'prev_value': None, 'change': True}
2026-05-17 15:07:23,399 : INFO : EventManager : Event: ======'machine_var_audits_missing_switches_s_mig_lane_right'====== Args={'value': 3, 'prev_value': None, 'change': True}
2026-05-17 15:07:23,399 : INFO : EventManager : Event: ======'machine_var_audits_missing_switches_s_mode_start'====== Args={'value': 2, 'prev_value': None, 'change': True}
2026-05-17 15:07:23,399 : INFO : EventManager : Event: ======'machine_var_audits_missing_switches_s_n_iceman_target'====== Args={'value': 2, 'prev_value': None, 'change': True}
2026-05-17 15:07:23,399 : INFO : EventManager : Event: ======'machine_var_audits_missing_switches_s_o_lock_target'====== Args={'value': 3, 'prev_value': None, 'change': True}
2026-05-17 15:07:23,399 : INFO : EventManager : Event: ======'machine_var_audits_missing_switches_s_orbit_left'====== Args={'value': 2, 'prev_value': None, 'change': True}
2026-05-17 15:07:23,399 : INFO : EventManager : Event: ======'machine_var_audits_missing_switches_s_orbit_lower'====== Args={'value': 3, 'prev_value': None, 'change': True}
2026-05-17 15:07:23,400 : INFO : EventManager : Event: ======'machine_var_audits_missing_switches_s_orbit_right'====== Args={'value': 1, 'prev_value': None, 'change': True}
2026-05-17 15:07:23,400 : INFO : EventManager : Event: ======'machine_var_audits_missing_switches_s_orbit_upper'====== Args={'value': 3, 'prev_value': None, 'change': True}
2026-05-17 15:07:23,400 : INFO : EventManager : Event: ======'machine_var_audits_missing_switches_s_outer_inlane_right'====== Args={'value': 1, 'prev_value': None, 'change': True}
2026-05-17 15:07:23,400 : INFO : EventManager : Event: ======'machine_var_audits_missing_switches_s_outlane_left'====== Args={'value': 1, 'prev_value': None, 'change': True}
2026-05-17 15:07:23,400 : INFO : EventManager : Event: ======'machine_var_audits_missing_switches_s_outlane_right'====== Args={'value': 1, 'prev_value': None, 'change': True}
2026-05-17 15:07:23,400 : INFO : EventManager : Event: ======'machine_var_audits_missing_switches_s_plunger_lane'====== Args={'value': 10, 'prev_value': None, 'change': True}
2026-05-17 15:07:23,400 : INFO : EventManager : Event: ======'machine_var_audits_missing_switches_s_ramp_inner_exit'====== Args={'value': 3, 'prev_value': None, 'change': True}
2026-05-17 15:07:23,400 : INFO : EventManager : Event: ======'machine_var_audits_missing_switches_s_ramp_left_exit'====== Args={'value': 3, 'prev_value': None, 'change': True}
2026-05-17 15:07:23,400 : INFO : EventManager : Event: ======'machine_var_audits_missing_switches_s_ramp_right_exit'====== Args={'value': 3, 'prev_value': None, 'change': True}
2026-05-17 15:07:23,400 : INFO : EventManager : Event: ======'machine_var_audits_missing_switches_s_ramp_tower_exit'====== Args={'value': 3, 'prev_value': None, 'change': True}
2026-05-17 15:07:23,400 : INFO : EventManager : Event: ======'machine_var_audits_missing_switches_s_slingshot_left'====== Args={'value': 1, 'prev_value': None, 'change': True}
2026-05-17 15:07:23,400 : INFO : EventManager : Event: ======'machine_var_audits_missing_switches_s_slingshot_right'====== Args={'value': 1, 'prev_value': None, 'change': True}
2026-05-17 15:07:23,400 : INFO : EventManager : Event: ======'machine_var_audits_missing_switches_s_spinner'====== Args={'value': 1, 'prev_value': None, 'change': True}
2026-05-17 15:07:23,400 : INFO : EventManager : Event: ======'machine_var_audits_missing_switches_s_start'====== Args={'value': 4, 'prev_value': None, 'change': True}
2026-05-17 15:07:23,400 : INFO : EventManager : Event: ======'machine_var_audits_missing_switches_s_tilt'====== Args={'value': 3, 'prev_value': None, 'change': True}
2026-05-17 15:07:23,400 : INFO : EventManager : Event: ======'machine_var_audits_player_score'====== Args={'value': {'average': 2936997, 'top': [78940560, 42150145, 36434308, 35813075, 35351774, 33498550, 32083965, 31315500, 29522025, 29420000], 'total': 668}, 'prev_value': None, 'change': True}
2026-05-17 15:07:23,400 : INFO : EventManager : Event: ======'machine_var_audits_shots_bumper_center'====== Args={'value': 9004, 'prev_value': None, 'change': True}
2026-05-17 15:07:23,400 : INFO : EventManager : Event: ======'machine_var_audits_shots_bumper_left'====== Args={'value': 11455, 'prev_value': None, 'change': True}
2026-05-17 15:07:23,400 : INFO : EventManager : Event: ======'machine_var_audits_shots_bumper_right'====== Args={'value': 8979, 'prev_value': None, 'change': True}
2026-05-17 15:07:23,400 : INFO : EventManager : Event: ======'machine_var_audits_shots_mach_ramp'====== Args={'value': 1937, 'prev_value': None, 'change': True}
2026-05-17 15:07:23,400 : INFO : EventManager : Event: ======'machine_var_audits_shots_mig_lane_left'====== Args={'value': 863, 'prev_value': None, 'change': True}
2026-05-17 15:07:23,401 : INFO : EventManager : Event: ======'machine_var_audits_shots_mig_lane_right'====== Args={'value': 939, 'prev_value': None, 'change': True}
2026-05-17 15:07:23,401 : INFO : EventManager : Event: ======'machine_var_audits_shots_orbit_upper'====== Args={'value': 288, 'prev_value': None, 'change': True}
2026-05-17 15:07:23,401 : INFO : EventManager : Event: ======'machine_var_audits_shots_ramp_inner'====== Args={'value': 199, 'prev_value': None, 'change': True}
2026-05-17 15:07:23,401 : INFO : EventManager : Event: ======'machine_var_audits_shots_spinner'====== Args={'value': 253, 'prev_value': None, 'change': True}
2026-05-17 15:07:23,401 : INFO : EventManager : Event: ======'machine_var_audits_switches_s_48v_disable'====== Args={'value': 0, 'prev_value': None, 'change': True}
2026-05-17 15:07:23,401 : INFO : EventManager : Event: ======'machine_var_audits_switches_s_a_iceman_target'====== Args={'value': 2101, 'prev_value': None, 'change': True}
2026-05-17 15:07:23,401 : INFO : EventManager : Event: ======'machine_var_audits_switches_s_barrier_target'====== Args={'value': 1480, 'prev_value': None, 'change': True}
2026-05-17 15:07:23,401 : INFO : EventManager : Event: ======'machine_var_audits_switches_s_bumper_center'====== Args={'value': 9024, 'prev_value': None, 'change': True}
2026-05-17 15:07:23,401 : INFO : EventManager : Event: ======'machine_var_audits_switches_s_bumper_left'====== Args={'value': 11486, 'prev_value': None, 'change': True}
2026-05-17 15:07:23,401 : INFO : EventManager : Event: ======'machine_var_audits_switches_s_bumper_right'====== Args={'value': 8985, 'prev_value': None, 'change': True}
2026-05-17 15:07:23,401 : INFO : EventManager : Event: ======'machine_var_audits_switches_s_c_iceman_target'====== Args={'value': 1966, 'prev_value': None, 'change': True}
2026-05-17 15:07:23,401 : INFO : EventManager : Event: ======'machine_var_audits_switches_s_c_lock_target'====== Args={'value': 1948, 'prev_value': None, 'change': True}
2026-05-17 15:07:23,401 : INFO : EventManager : Event: ======'machine_var_audits_switches_s_coin_door'====== Args={'value': 124, 'prev_value': None, 'change': True}
2026-05-17 15:07:23,401 : INFO : EventManager : Event: ======'machine_var_audits_switches_s_coin_door_credit_left'====== Args={'value': 0, 'prev_value': None, 'change': True}
2026-05-17 15:07:23,401 : INFO : EventManager : Event: ======'machine_var_audits_switches_s_coin_door_credit_right'====== Args={'value': 1, 'prev_value': None, 'change': True}
2026-05-17 15:07:23,401 : INFO : EventManager : Event: ======'machine_var_audits_switches_s_coin_door_service_1'====== Args={'value': 24, 'prev_value': None, 'change': True}
2026-05-17 15:07:23,401 : INFO : EventManager : Event: ======'machine_var_audits_switches_s_coin_door_service_2'====== Args={'value': 182, 'prev_value': None, 'change': True}
2026-05-17 15:07:23,401 : INFO : EventManager : Event: ======'machine_var_audits_switches_s_coin_door_service_3'====== Args={'value': 98, 'prev_value': None, 'change': True}
2026-05-17 15:07:23,401 : INFO : EventManager : Event: ======'machine_var_audits_switches_s_coin_door_service_4'====== Args={'value': 47, 'prev_value': None, 'change': True}
2026-05-17 15:07:23,401 : INFO : EventManager : Event: ======'machine_var_audits_switches_s_e_iceman_target'====== Args={'value': 1666, 'prev_value': None, 'change': True}
2026-05-17 15:07:23,401 : INFO : EventManager : Event: ======'machine_var_audits_switches_s_flight_gear_target'====== Args={'value': 3810, 'prev_value': None, 'change': True}
2026-05-17 15:07:23,402 : INFO : EventManager : Event: ======'machine_var_audits_switches_s_flipper_left'====== Args={'value': 57372, 'prev_value': None, 'change': True}
2026-05-17 15:07:23,402 : INFO : EventManager : Event: ======'machine_var_audits_switches_s_flipper_left_eos'====== Args={'value': 52097, 'prev_value': None, 'change': True}
2026-05-17 15:07:23,402 : INFO : EventManager : Event: ======'machine_var_audits_switches_s_flipper_left_upper'====== Args={'value': 56683, 'prev_value': None, 'change': True}
2026-05-17 15:07:23,402 : INFO : EventManager : Event: ======'machine_var_audits_switches_s_flipper_left_upper_eos'====== Args={'value': 63818, 'prev_value': None, 'change': True}
2026-05-17 15:07:23,402 : INFO : EventManager : Event: ======'machine_var_audits_switches_s_flipper_right'====== Args={'value': 55634, 'prev_value': None, 'change': True}
2026-05-17 15:07:23,402 : INFO : EventManager : Event: ======'machine_var_audits_switches_s_flipper_right_eos'====== Args={'value': 50050, 'prev_value': None, 'change': True}
2026-05-17 15:07:23,402 : INFO : EventManager : Event: ======'machine_var_audits_switches_s_i_iceman_target'====== Args={'value': 2265, 'prev_value': None, 'change': True}
2026-05-17 15:07:23,402 : INFO : EventManager : Event: ======'machine_var_audits_switches_s_inlane_left'====== Args={'value': 4975, 'prev_value': None, 'change': True}
2026-05-17 15:07:23,402 : INFO : EventManager : Event: ======'machine_var_audits_switches_s_inner_inlane_right'====== Args={'value': 3235, 'prev_value': None, 'change': True}
2026-05-17 15:07:23,402 : INFO : EventManager : Event: ======'machine_var_audits_switches_s_jam'====== Args={'value': 5617, 'prev_value': None, 'change': True}
2026-05-17 15:07:23,402 : INFO : EventManager : Event: ======'machine_var_audits_switches_s_k_lock_target'====== Args={'value': 3170, 'prev_value': None, 'change': True}
2026-05-17 15:07:23,402 : INFO : EventManager : Event: ======'machine_var_audits_switches_s_l_lock_target'====== Args={'value': 2557, 'prev_value': None, 'change': True}
2026-05-17 15:07:23,402 : INFO : EventManager : Event: ======'machine_var_audits_switches_s_lane_left'====== Args={'value': 2639, 'prev_value': None, 'change': True}
2026-05-17 15:07:23,402 : INFO : EventManager : Event: ======'machine_var_audits_switches_s_lane_right'====== Args={'value': 4787, 'prev_value': None, 'change': True}
2026-05-17 15:07:23,402 : INFO : EventManager : Event: ======'machine_var_audits_switches_s_lock_goose'====== Args={'value': 641, 'prev_value': None, 'change': True}
2026-05-17 15:07:23,402 : INFO : EventManager : Event: ======'machine_var_audits_switches_s_lock_mav'====== Args={'value': 1040, 'prev_value': None, 'change': True}
2026-05-17 15:07:23,402 : INFO : EventManager : Event: ======'machine_var_audits_switches_s_lock_plunger'====== Args={'value': 502, 'prev_value': None, 'change': True}
2026-05-17 15:07:23,402 : INFO : EventManager : Event: ======'machine_var_audits_switches_s_m_iceman_target'====== Args={'value': 1522, 'prev_value': None, 'change': True}
2026-05-17 15:07:23,402 : INFO : EventManager : Event: ======'machine_var_audits_switches_s_mig_lane_left'====== Args={'value': 3008, 'prev_value': None, 'change': True}
2026-05-17 15:07:23,402 : INFO : EventManager : Event: ======'machine_var_audits_switches_s_mig_lane_right'====== Args={'value': 2233, 'prev_value': None, 'change': True}
2026-05-17 15:07:23,402 : INFO : EventManager : Event: ======'machine_var_audits_switches_s_mode_start'====== Args={'value': 2027, 'prev_value': None, 'change': True}
2026-05-17 15:07:23,402 : INFO : EventManager : Event: ======'machine_var_audits_switches_s_n_iceman_target'====== Args={'value': 1859, 'prev_value': None, 'change': True}
2026-05-17 15:07:23,402 : INFO : EventManager : Event: ======'machine_var_audits_switches_s_o_lock_target'====== Args={'value': 3797, 'prev_value': None, 'change': True}
2026-05-17 15:07:23,402 : INFO : EventManager : Event: ======'machine_var_audits_switches_s_orbit_left'====== Args={'value': 8609, 'prev_value': None, 'change': True}
2026-05-17 15:07:23,403 : INFO : EventManager : Event: ======'machine_var_audits_switches_s_orbit_lower'====== Args={'value': 537, 'prev_value': None, 'change': True}
2026-05-17 15:07:23,403 : INFO : EventManager : Event: ======'machine_var_audits_switches_s_orbit_right'====== Args={'value': 7068, 'prev_value': None, 'change': True}
2026-05-17 15:07:23,403 : INFO : EventManager : Event: ======'machine_var_audits_switches_s_orbit_upper'====== Args={'value': 2274, 'prev_value': None, 'change': True}
2026-05-17 15:07:23,403 : INFO : EventManager : Event: ======'machine_var_audits_switches_s_outer_inlane_right'====== Args={'value': 4746, 'prev_value': None, 'change': True}
2026-05-17 15:07:23,403 : INFO : EventManager : Event: ======'machine_var_audits_switches_s_outlane_left'====== Args={'value': 1809, 'prev_value': None, 'change': True}
2026-05-17 15:07:23,403 : INFO : EventManager : Event: ======'machine_var_audits_switches_s_outlane_right'====== Args={'value': 2015, 'prev_value': None, 'change': True}
2026-05-17 15:07:23,403 : INFO : EventManager : Event: ======'machine_var_audits_switches_s_plunger_lane'====== Args={'value': 46, 'prev_value': None, 'change': True}
2026-05-17 15:07:23,403 : INFO : EventManager : Event: ======'machine_var_audits_switches_s_ramp_inner_exit'====== Args={'value': 1983, 'prev_value': None, 'change': True}
2026-05-17 15:07:23,403 : INFO : EventManager : Event: ======'machine_var_audits_switches_s_ramp_left_exit'====== Args={'value': 3018, 'prev_value': None, 'change': True}
2026-05-17 15:07:23,403 : INFO : EventManager : Event: ======'machine_var_audits_switches_s_ramp_right_exit'====== Args={'value': 1176, 'prev_value': None, 'change': True}
2026-05-17 15:07:23,403 : INFO : EventManager : Event: ======'machine_var_audits_switches_s_ramp_tower_exit'====== Args={'value': 3044, 'prev_value': None, 'change': True}
2026-05-17 15:07:23,403 : INFO : EventManager : Event: ======'machine_var_audits_switches_s_shooter_lane'====== Args={'value': 6501, 'prev_value': None, 'change': True}
2026-05-17 15:07:23,403 : INFO : EventManager : Event: ======'machine_var_audits_switches_s_slingshot_left'====== Args={'value': 6399, 'prev_value': None, 'change': True}
2026-05-17 15:07:23,403 : INFO : EventManager : Event: ======'machine_var_audits_switches_s_slingshot_right'====== Args={'value': 4558, 'prev_value': None, 'change': True}
2026-05-17 15:07:23,403 : INFO : EventManager : Event: ======'machine_var_audits_switches_s_spinner'====== Args={'value': 66291, 'prev_value': None, 'change': True}
2026-05-17 15:07:23,403 : INFO : EventManager : Event: ======'machine_var_audits_switches_s_start'====== Args={'value': 1128, 'prev_value': None, 'change': True}
2026-05-17 15:07:23,403 : INFO : EventManager : Event: ======'machine_var_audits_switches_s_tilt'====== Args={'value': 3779, 'prev_value': None, 'change': True}
2026-05-17 15:07:23,403 : INFO : EventManager : Event: ======'machine_var_audits_switches_s_trough_1'====== Args={'value': 5672, 'prev_value': None, 'change': True}
2026-05-17 15:07:23,403 : INFO : EventManager : Event: ======'machine_var_audits_switches_s_trough_2'====== Args={'value': 5714, 'prev_value': None, 'change': True}
2026-05-17 15:07:23,403 : INFO : EventManager : Event: ======'machine_var_audits_switches_s_trough_3'====== Args={'value': 5740, 'prev_value': None, 'change': True}
2026-05-17 15:07:23,403 : INFO : EventManager : Event: ======'machine_var_audits_switches_s_trough_4'====== Args={'value': 5734, 'prev_value': None, 'change': True}
2026-05-17 15:07:23,403 : INFO : EventManager : Event: ======'machine_var_audits_switches_s_trough_5'====== Args={'value': 5728, 'prev_value': None, 'change': True}
2026-05-17 15:07:23,404 : INFO : EventManager : Event: ======'machine_var_audits_switches_s_trough_6'====== Args={'value': 5712, 'prev_value': None, 'change': True}
2026-05-17 15:07:23,404 : INFO : EventManager : Event: ======'init_phase_5'====== Args={}
2026-05-17 15:07:23,406 : INFO : EventManager : Event: ======'init_done'====== Args={}
2026-05-17 15:07:23,407 : INFO : coil.c_coin_door_led : Enabling Driver with power 1.0 (pulse_ms 10ms and pulse_power 1.0)
2026-05-17 15:07:23,407 : INFO : EventManager : Event: ======'machine_reset_phase_1'====== Args={}
2026-05-17 15:07:23,421 : INFO : EventManager : Event: ======'machine_reset_phase_2'====== Args={}
2026-05-17 15:07:23,423 : INFO : EventManager : Event: ======'machine_reset_phase_3'====== Args={}
2026-05-17 15:07:23,423 : INFO : EventManager : Event: ======'mode_attract_will_start'====== Args={'queue': <QueuedEvent>}
2026-05-17 15:07:23,424 : INFO : Timer.attract_carousel_timer : Starting Timer.
2026-05-17 15:07:23,424 : INFO : EventManager : Event: ======'timer_attract_carousel_timer_started'====== Args={'ticks': 0, 'ticks_remaining': 1}
2026-05-17 15:07:23,424 : INFO : EventManager : Event: ======'timer_attract_carousel_timer_tick'====== Args={'ticks': 0, 'ticks_remaining': 1}
2026-05-17 15:07:23,426 : INFO : EventManager : Event: ======'mode_attract_starting'====== Args={'queue': <QueuedEvent>}
2026-05-17 15:07:23,426 : INFO : EventManager : Event: ======'mode_ball_search_servos_will_start'====== Args={'queue': <QueuedEvent>}
2026-05-17 15:07:23,427 : INFO : EventManager : Event: ======'mode_ball_search_servos_starting'====== Args={'queue': <QueuedEvent>}
2026-05-17 15:07:23,427 : INFO : Mode.ball_search_servos : Started. Priority: 5
2026-05-17 15:07:23,427 : INFO : EventManager : Event: ======'modes_active_modes_changed'====== Args={}
2026-05-17 15:07:23,427 : INFO : EventManager : Event: ======'mode_ball_search_servos_started'====== Args={'queue': <QueuedEvent>}
2026-05-17 15:07:23,429 : INFO : Mode.attract : Started. Priority: 10
2026-05-17 15:07:23,429 : INFO : EventManager : Event: ======'modes_active_modes_changed'====== Args={}
2026-05-17 15:07:23,429 : INFO : EventManager : Event: ======'mode_attract_started'====== Args={'queue': <QueuedEvent>}
2026-05-17 15:07:23,429 : INFO : EventManager : Event: ======'attract_cycle_step1'====== Args={'priority': 0}
2026-05-17 15:07:23,429 : INFO : EventManager : Event: ======'right_ramp_down'====== Args={'priority': 0}
2026-05-17 15:07:23,429 : INFO : EventManager : Event: ======'top_ramp_down'====== Args={'priority': 0}
2026-05-17 15:07:23,429 : INFO : EventManager : Event: ======'lock_released'====== Args={'priority': 0}
2026-05-17 15:07:23,430 : INFO : coil.c_start_button_led : Enabling Driver with power 1.0 (pulse_ms 10ms and pulse_power 1.0)
2026-05-17 15:07:23,431 : INFO : Timer.attract_music_stop_timer : Starting Timer.
2026-05-17 15:07:23,431 : INFO : EventManager : Event: ======'timer_attract_music_stop_timer_started'====== Args={'ticks': 0, 'ticks_remaining': 120}
2026-05-17 15:07:23,431 : INFO : EventManager : Event: ======'timer_attract_music_stop_timer_tick'====== Args={'ticks': 0, 'ticks_remaining': 120}
2026-05-17 15:07:23,431 : INFO : EventManager : Event: ======'collecting_balls_complete'====== Args={}
2026-05-17 15:07:23,432 : INFO : EventManager : Event: ======'carousel_item_highlighted'====== Args={'carousel': 'attract', 'direction': None, 'item': 'title'}
2026-05-17 15:07:23,432 : INFO : EventManager : Event: ======'timer_attract_carousel_timer_tick'====== Args={'ticks': 0, 'ticks_remaining': 1}
2026-05-17 15:07:23,432 : INFO : EventManager : Event: ======'reset_complete'====== Args={}
2026-05-17 15:07:23,435 : INFO : Machine : Starting the main run loop with active modes: [<Mode.attract>, <Mode.ball_search_servos>]
2026-05-17 15:07:23,516 : INFO : EventManager : Event: ======'slide_attract_created'====== Args={'_from_bcp': True}
2026-05-17 15:07:23,516 : INFO : EventManager : Event: ======'slide__removed'====== Args={'_from_bcp': True}
2026-05-17 15:07:23,517 : INFO : EventManager : Event: ======'slide_attract_active'====== Args={'original_context': 'attract', 'original_calling_context': 'mode_attract_started', 'priority': 10.0, 'queue': '<QueuedEvent>', 'cmd': 'slides_play', '_from_bcp': True}
2026-05-17 15:07:24,414 : INFO : coil.c_start_button_led : Disabling Driver
2026-05-17 15:07:24,414 : INFO : EventManager : Event: ======'timer_attract_music_stop_timer_tick'====== Args={'ticks': 1, 'ticks_remaining': 119}
2026-05-17 15:07:25,420 : INFO : coil.c_start_button_led : Enabling Driver with power 1.0 (pulse_ms 10ms and pulse_power 1.0)
2026-05-17 15:07:25,420 : INFO : EventManager : Event: ======'timer_attract_music_stop_timer_tick'====== Args={'ticks': 2, 'ticks_remaining': 118}
2026-05-17 15:07:26,423 : INFO : EventManager : Event: ======'timer_attract_music_stop_timer_tick'====== Args={'ticks': 3, 'ticks_remaining': 117}
2026-05-17 15:07:26,423 : INFO : coil.c_start_button_led : Disabling Driver
2026-05-17 15:07:27,409 : INFO : coil.c_start_button_led : Enabling Driver with power 1.0 (pulse_ms 10ms and pulse_power 1.0)
2026-05-17 15:07:27,409 : INFO : EventManager : Event: ======'timer_attract_music_stop_timer_tick'====== Args={'ticks': 4, 'ticks_remaining': 116}
2026-05-17 15:07:27,955 : INFO : SwitchController : <<<<<<< 's_start' active >>>>>>>
2026-05-17 15:07:28,049 : INFO : SwitchController : <<<<<<< 's_start' inactive >>>>>>>
2026-05-17 15:07:28,049 : INFO : EventManager : Event: ======'request_to_start_game'====== Args={}
2026-05-17 15:07:28,050 : INFO : EventManager : Event: ======'game_start'====== Args={'buttons': [], 'hold_time': 0.09400000000096043}
2026-05-17 15:07:28,050 : INFO : EventManager : Event: ======'mode_game_will_start'====== Args={'buttons': [], 'hold_time': 0.09400000000096043}
2026-05-17 15:07:28,051 : INFO : EventManager : Event: ======'mode_game_starting'====== Args={'buttons': [], 'hold_time': 0.09400000000096043}
2026-05-17 15:07:28,051 : INFO : Mode.game : Started. Priority: 20
2026-05-17 15:07:28,051 : INFO : EventManager : Event: ======'modes_active_modes_changed'====== Args={}
2026-05-17 15:07:28,051 : INFO : EventManager : Event: ======'mode_game_started'====== Args={'buttons': [], 'hold_time': 0.09400000000096043}
2026-05-17 15:07:28,053 : INFO : EventManager : Event: ======'game_will_start'====== Args={}
2026-05-17 15:07:28,053 : INFO : EventManager : Event: ======'game_starting'====== Args={'game': <Mode.game>}
2026-05-17 15:07:28,054 : INFO : EventManager : Event: ======'mode_attract_will_stop'====== Args={}
2026-05-17 15:07:28,054 : INFO : EventManager : Event: ======'mode_attract_stopping'====== Args={}
2026-05-17 15:07:28,055 : INFO : EventManager : Unordered handler for class <Auditor> on event game_ended with priority 1. Handlers: [RegisteredHandler(callback=<bound method Auditor.disable of <Auditor>>, priority=1, kwargs={}, key=UUID('a52ce78c-9a86-400e-aa7c-49f3810c23af'), condition=None, blocking_facility=None), RegisteredHandler(callback=<bound method Auditor._save_audits of <Auditor>>, priority=1, kwargs={}, key=UUID('bdd29b7a-16c6-4334-bf8d-039d443e243a'), condition=None, blocking_facility=None)]. The order of those handlers is not defined and they will be executed in random order. This might lead to race conditions and potential bugs.
2026-05-17 15:07:28,055 : INFO : Timer.attract_music_stop_timer : Stopping Timer
2026-05-17 15:07:28,055 : INFO : EventManager : Event: ======'timer_attract_music_stop_timer_stopped'====== Args={'ticks': 4, 'ticks_remaining': 116}
2026-05-17 15:07:28,055 : INFO : Timer.attract_scoop_clear_delay : Stopping Timer
2026-05-17 15:07:28,055 : INFO : EventManager : Event: ======'timer_attract_scoop_clear_delay_stopped'====== Args={'ticks': 0, 'ticks_remaining': 0}
2026-05-17 15:07:28,055 : INFO : EventManager : Event: ======'player_add_request'====== Args={}
2026-05-17 15:07:28,057 : INFO : coil.c_start_button_led : Disabling Driver
2026-05-17 15:07:28,057 : INFO : coil.c_mode_barrier : Disabling Driver
2026-05-17 15:07:28,058 : INFO : coil.c_start_button_led : Disabling Driver
2026-05-17 15:07:28,058 : INFO : Mode.attract : Stopped.
2026-05-17 15:07:28,058 : INFO : EventManager : Event: ======'modes_active_modes_changed'====== Args={}
2026-05-17 15:07:28,058 : INFO : EventManager : Event: ======'mode_attract_stopped'====== Args={}
2026-05-17 15:07:28,058 : INFO : EventManager : Event: ======'clear'====== Args={'key': 'attract'}
2026-05-17 15:07:28,059 : INFO : Timer.attract_carousel_timer : Stopping Timer
2026-05-17 15:07:28,059 : INFO : EventManager : Event: ======'timer_attract_carousel_timer_stopped'====== Args={'ticks': 0, 'ticks_remaining': 1}
2026-05-17 15:07:28,059 : INFO : Timer.attract_music_stop_timer : Stopping Timer
2026-05-17 15:07:28,059 : INFO : EventManager : Event: ======'timer_attract_music_stop_timer_stopped'====== Args={'ticks': 4, 'ticks_remaining': 116}
2026-05-17 15:07:28,059 : INFO : Timer.attract_scoop_clear_delay : Stopping Timer
2026-05-17 15:07:28,059 : INFO : EventManager : Event: ======'timer_attract_scoop_clear_delay_stopped'====== Args={'ticks': 0, 'ticks_remaining': 0}
2026-05-17 15:07:28,059 : INFO : EventManager : Event: ======'player_will_add'====== Args={'number': 1}
2026-05-17 15:07:28,060 : INFO : EventManager : Event: ======'player_adding'====== Args={'player': <Player 1>, 'number': 1}
2026-05-17 15:07:28,060 : INFO : EventManager : Event: ======'player_added'====== Args={'player': <Player 1>, 'num': 1}
2026-05-17 15:07:28,060 : INFO : Mode.game : Player added successfully. Total players: 1
2026-05-17 15:07:28,060 : INFO : EventManager : Event: ======'player_index'====== Args={'value': 0, 'prev_value': 0, 'change': 0, 'player_num': 1}
2026-05-17 15:07:28,060 : INFO : EventManager : Event: ======'player_number'====== Args={'value': 1, 'prev_value': 1, 'change': 0, 'player_num': 1}
2026-05-17 15:07:28,060 : INFO : EventManager : Event: ======'player_mach_level'====== Args={'value': 1.0, 'prev_value': 1.0, 'change': 0, 'player_num': 1}
2026-05-17 15:07:28,060 : INFO : EventManager : Event: ======'player_mach_step'====== Args={'value': 0, 'prev_value': 0, 'change': 0, 'player_num': 1}
2026-05-17 15:07:28,060 : INFO : EventManager : Event: ======'player_tilt_warnings'====== Args={'value': 0, 'prev_value': 0, 'change': 0, 'player_num': 1}
2026-05-17 15:07:28,060 : INFO : EventManager : Event: ======'player_status_mode_page'====== Args={'value': 1, 'prev_value': 1, 'change': 0, 'player_num': 1}
2026-05-17 15:07:28,060 : INFO : EventManager : Event: ======'player_status_tilt_remaining'====== Args={'value': 3, 'prev_value': 3, 'change': 0, 'player_num': 1}
2026-05-17 15:07:28,060 : INFO : EventManager : Event: ======'player_status_bonus_preview'====== Args={'value': 0, 'prev_value': 0, 'change': 0, 'player_num': 1}
2026-05-17 15:07:28,060 : INFO : EventManager : Event: ======'player_status_rescue_cougar'====== Args={'value': 'Not Played', 'prev_value': 'Not Played', 'change': False, 'player_num': 1}
2026-05-17 15:07:28,060 : INFO : EventManager : Event: ======'player_status_balls_of_fire'====== Args={'value': 'Not Played', 'prev_value': 'Not Played', 'change': False, 'player_num': 1}
2026-05-17 15:07:28,060 : INFO : EventManager : Event: ======'player_status_cool_under_pressure'====== Args={'value': 'Not Played', 'prev_value': 'Not Played', 'change': False, 'player_num': 1}
2026-05-17 15:07:28,060 : INFO : EventManager : Event: ======'player_status_no_points_for_second_place'====== Args={'value': 'Not Played', 'prev_value': 'Not Played', 'change': False, 'player_num': 1}
2026-05-17 15:07:28,061 : INFO : EventManager : Event: ======'player_status_edge_of_space'====== Args={'value': 'Not Played', 'prev_value': 'Not Played', 'change': False, 'player_num': 1}
2026-05-17 15:07:28,061 : INFO : EventManager : Event: ======'player_status_below_the_hard_deck'====== Args={'value': 'Not Played', 'prev_value': 'Not Played', 'change': False, 'player_num': 1}
2026-05-17 15:07:28,061 : INFO : EventManager : Event: ======'player_status_canyon_run'====== Args={'value': 'Not Played', 'prev_value': 'Not Played', 'change': False, 'player_num': 1}
2026-05-17 15:07:28,061 : INFO : EventManager : Event: ======'player_status_no_margin_for_error'====== Args={'value': 'Not Played', 'prev_value': 'Not Played', 'change': False, 'player_num': 1}
2026-05-17 15:07:28,061 : INFO : EventManager : Event: ======'player_status_rise_of_phoenix'====== Args={'value': 'Not Played', 'prev_value': 'Not Played', 'change': False, 'player_num': 1}
2026-05-17 15:07:28,061 : INFO : EventManager : Event: ======'player_status_battle_jester'====== Args={'value': 'Not Played', 'prev_value': 'Not Played', 'change': False, 'player_num': 1}
2026-05-17 15:07:28,061 : INFO : EventManager : Event: ======'player_status_inverted'====== Args={'value': 'Not Played', 'prev_value': 'Not Played', 'change': False, 'player_num': 1}
2026-05-17 15:07:28,061 : INFO : EventManager : Event: ======'player_status_missiles'====== Args={'value': 'Not Played', 'prev_value': 'Not Played', 'change': False, 'player_num': 1}
2026-05-17 15:07:28,061 : INFO : EventManager : Event: ======'player_status_wingman'====== Args={'value': 'Not Played', 'prev_value': 'Not Played', 'change': False, 'player_num': 1}
2026-05-17 15:07:28,061 : INFO : EventManager : Event: ======'player_status_afterburner'====== Args={'value': 'Not Played', 'prev_value': 'Not Played', 'change': False, 'player_num': 1}
2026-05-17 15:07:28,061 : INFO : EventManager : Event: ======'player_status_dogfight'====== Args={'value': 'Not Coded Yet', 'prev_value': 'Not Coded Yet', 'change': False, 'player_num': 1}
2026-05-17 15:07:28,061 : INFO : EventManager : Event: ======'player_status_inverted_perk'====== Args={'value': 'Not Active', 'prev_value': 'Not Active', 'change': False, 'player_num': 1}
2026-05-17 15:07:28,061 : INFO : EventManager : Event: ======'player_status_missiles_perk'====== Args={'value': 'Not Active', 'prev_value': 'Not Active', 'change': False, 'player_num': 1}
2026-05-17 15:07:28,062 : INFO : EventManager : Event: ======'player_status_wingman_perk'====== Args={'value': 'Not Active', 'prev_value': 'Not Active', 'change': False, 'player_num': 1}
2026-05-17 15:07:28,062 : INFO : EventManager : Event: ======'player_status_afterburner_perk'====== Args={'value': 'Not Active', 'prev_value': 'Not Active', 'change': False, 'player_num': 1}
2026-05-17 15:07:28,062 : INFO : EventManager : Event: ======'player_status_ptb'====== Args={'value': 'Not Qualified', 'prev_value': 'Not Qualified', 'change': False, 'player_num': 1}
2026-05-17 15:07:28,062 : INFO : EventManager : Event: ======'player_status_iceman_hd'====== Args={'value': 'Not Played', 'prev_value': 'Not Played', 'change': False, 'player_num': 1}
2026-05-17 15:07:28,062 : INFO : EventManager : Event: ======'player_status_charlie_hd'====== Args={'value': 'Not Coded Yet', 'prev_value': 'Not Coded Yet', 'change': False, 'player_num': 1}
2026-05-17 15:07:28,062 : INFO : EventManager : Event: ======'player_status_penny_hd'====== Args={'value': 'Not Coded Yet', 'prev_value': 'Not Coded Yet', 'change': False, 'player_num': 1}
2026-05-17 15:07:28,062 : INFO : EventManager : Event: ======'player_status_goose_hd'====== Args={'value': 'Not Coded Yet', 'prev_value': 'Not Coded Yet', 'change': False, 'player_num': 1}
2026-05-17 15:07:28,062 : INFO : EventManager : Event: ======'player_status_final_dogfight'====== Args={'value': 'Not Coded Yet', 'prev_value': 'Not Coded Yet', 'change': False, 'player_num': 1}
2026-05-17 15:07:28,062 : INFO : EventManager : Event: ======'player_status_final_super_jackpot'====== Args={'value': 'Not Yet', 'prev_value': 'Not Yet', 'change': False, 'player_num': 1}
2026-05-17 15:07:28,062 : INFO : EventManager : Event: ======'player_ball_tilted'====== Args={'value': 0, 'prev_value': 0, 'change': 0, 'player_num': 1}
2026-05-17 15:07:28,062 : INFO : EventManager : Event: ======'player_right_orbit_diverter_requested'====== Args={'value': 0, 'prev_value': 0, 'change': 0, 'player_num': 1}
2026-05-17 15:07:28,062 : INFO : EventManager : Event: ======'player_diverter_temporarily_disabled'====== Args={'value': 0, 'prev_value': 0, 'change': 0, 'player_num': 1}
2026-05-17 15:07:28,062 : INFO : EventManager : Event: ======'player_score'====== Args={'value': 0, 'prev_value': 0, 'change': 0, 'player_num': 1}
2026-05-17 15:07:28,063 : INFO : EventManager : Event: ======'game_started'====== Args={}
2026-05-17 15:07:28,064 : INFO : coil.c_start_button_led : Enabling Driver with power 1.0 (pulse_ms 10ms and pulse_power 1.0)
2026-05-17 15:07:28,072 : INFO : EventManager : Event: ======'player_turn_will_start'====== Args={'player': <Player 1>, 'number': 1}
2026-05-17 15:07:28,074 : INFO : EventManager : Event: ======'player_turn_starting'====== Args={'player': <Player 1>, 'number': 1}
2026-05-17 15:07:28,075 : INFO : EventManager : Event: ======'player_ball'====== Args={'value': 1, 'prev_value': 0, 'change': 1, 'player_num': 1}
2026-05-17 15:07:28,075 : INFO : EventManager : Event: ======'player_turn_started'====== Args={'player': <Player 1>, 'number': 1}
2026-05-17 15:07:28,077 : INFO : EventManager : Event: ======'ui_player_1_up'====== Args={'priority': 0}
2026-05-17 15:07:28,078 : INFO : EventManager : Event: ======'ball_will_start'====== Args={'player': 1, 'ball': 1, 'balls_remaining': 2, 'is_extra_ball': False}
2026-05-17 15:07:28,078 : INFO : EventManager : Event: ======'ball_starting'====== Args={'player': 1, 'ball': 1, 'balls_remaining': 2, 'is_extra_ball': False}
2026-05-17 15:07:28,079 : INFO : EventManager : Event: ======'mode_tilt_will_start'====== Args={'queue': <QueuedEvent>, 'player': 1, 'ball': 1, 'balls_remaining': 2, 'is_extra_ball': False}
2026-05-17 15:07:28,081 : INFO : EventManager : Event: ======'mode_tilt_starting'====== Args={'queue': <QueuedEvent>, 'player': 1, 'ball': 1, 'balls_remaining': 2, 'is_extra_ball': False}
2026-05-17 15:07:28,081 : INFO : EventManager : Event: ======'mode_shot_missed_callout_randomizer_will_start'====== Args={'queue': <QueuedEvent>, 'player': 1, 'ball': 1, 'balls_remaining': 2, 'is_extra_ball': False}
2026-05-17 15:07:28,082 : INFO : EventManager : Event: ======'mode_shot_missed_callout_randomizer_starting'====== Args={'queue': <QueuedEvent>, 'player': 1, 'ball': 1, 'balls_remaining': 2, 'is_extra_ball': False}
2026-05-17 15:07:28,082 : INFO : EventManager : Event: ======'mode_shot_made_callout_randomizer_will_start'====== Args={'queue': <QueuedEvent>, 'player': 1, 'ball': 1, 'balls_remaining': 2, 'is_extra_ball': False}
2026-05-17 15:07:28,084 : INFO : EventManager : Event: ======'mode_shot_made_callout_randomizer_starting'====== Args={'queue': <QueuedEvent>, 'player': 1, 'ball': 1, 'balls_remaining': 2, 'is_extra_ball': False}
2026-05-17 15:07:28,084 : INFO : EventManager : Event: ======'mode_ball_save_will_start'====== Args={'queue': <QueuedEvent>, 'player': 1, 'ball': 1, 'balls_remaining': 2, 'is_extra_ball': False}
2026-05-17 15:07:28,084 : INFO : EventManager : Event: ======'player_ball_save_ball_save_countdown_tick'====== Args={'value': 20, 'prev_value': 0, 'change': 20, 'player_num': 1}
2026-05-17 15:07:28,084 : INFO : EventManager : Event: ======'player_ball_save_mode_ball_save_countdown_tick'====== Args={'value': 30, 'prev_value': 0, 'change': 30, 'player_num': 1}
2026-05-17 15:07:28,084 : INFO : EventManager : Event: ======'player_ball_save_scoop_save_countdown_tick'====== Args={'value': 5, 'prev_value': 0, 'change': 5, 'player_num': 1}
2026-05-17 15:07:28,085 : INFO : EventManager : Event: ======'player_ball_save_ball_save_auto_plunger_delay_tick'====== Args={'value': 0, 'prev_value': 0, 'change': 0, 'player_num': 1}
2026-05-17 15:07:28,085 : INFO : EventManager : Event: ======'player_ball_save_consecutive_save_window_tick'====== Args={'value': 20, 'prev_value': 0, 'change': 20, 'player_num': 1}
2026-05-17 15:07:28,088 : INFO : EventManager : Event: ======'mode_ball_save_starting'====== Args={'queue': <QueuedEvent>, 'player': 1, 'ball': 1, 'balls_remaining': 2, 'is_extra_ball': False}
2026-05-17 15:07:28,088 : INFO : EventManager : Event: ======'mode_base_will_start'====== Args={'queue': <QueuedEvent>, 'player': 1, 'ball': 1, 'balls_remaining': 2, 'is_extra_ball': False}
2026-05-17 15:07:28,089 : INFO : EventManager : Event: ======'player_base_status_mode_entry_tick'====== Args={'value': 0, 'prev_value': 0, 'change': 0, 'player_num': 1}
2026-05-17 15:07:28,089 : INFO : EventManager : Event: ======'player_base_wingman_post_win_plunge_delay_tick'====== Args={'value': 0, 'prev_value': 0, 'change': 0, 'player_num': 1}
2026-05-17 15:07:28,089 : INFO : EventManager : Event: ======'player_base_wingman_post_win_mig_delay_tick'====== Args={'value': 0, 'prev_value': 0, 'change': 0, 'player_num': 1}
2026-05-17 15:07:28,089 : INFO : EventManager : Event: ======'player_base_wingman_post_win_mig_hold_tick'====== Args={'value': 0, 'prev_value': 0, 'change': 0, 'player_num': 1}
2026-05-17 15:07:28,089 : INFO : EventManager : Event: ======'player_base_spinner_inactivity_tick'====== Args={'value': 2, 'prev_value': 0, 'change': 2, 'player_num': 1}
2026-05-17 15:07:28,099 : INFO : EventManager : Event: ======'mode_base_starting'====== Args={'queue': <QueuedEvent>, 'player': 1, 'ball': 1, 'balls_remaining': 2, 'is_extra_ball': False}
2026-05-17 15:07:28,099 : INFO : EventManager : Event: ======'mode_default_sounds_will_start'====== Args={'queue': <QueuedEvent>, 'player': 1, 'ball': 1, 'balls_remaining': 2, 'is_extra_ball': False}
2026-05-17 15:07:28,099 : INFO : EventManager : Event: ======'mode_default_sounds_starting'====== Args={'queue': <QueuedEvent>, 'player': 1, 'ball': 1, 'balls_remaining': 2, 'is_extra_ball': False}
2026-05-17 15:07:28,101 : INFO : Mode.default_sounds : Started. Priority: 50
2026-05-17 15:07:28,101 : INFO : EventManager : Event: ======'modes_active_modes_changed'====== Args={}
2026-05-17 15:07:28,101 : INFO : EventManager : Event: ======'mode_default_sounds_started'====== Args={'queue': <QueuedEvent>, 'player': 1, 'ball': 1, 'balls_remaining': 2, 'is_extra_ball': False}
2026-05-17 15:07:28,101 : INFO : Mode.base : Started. Priority: 100
2026-05-17 15:07:28,101 : INFO : EventManager : Event: ======'modes_active_modes_changed'====== Args={}
2026-05-17 15:07:28,101 : INFO : EventManager : Event: ======'mode_base_started'====== Args={'queue': <QueuedEvent>, 'player': 1, 'ball': 1, 'balls_remaining': 2, 'is_extra_ball': False}
2026-05-17 15:07:28,103 : INFO : EventManager : Event: ======'mode_mach_scoring_will_start'====== Args={'queue': <QueuedEvent>, 'player': 1, 'ball': 1, 'balls_remaining': 2, 'is_extra_ball': False}
2026-05-17 15:07:28,103 : INFO : EventManager : Event: ======'player_shot_mach_ramp_enabled'====== Args={'value': True, 'prev_value': 0, 'change': 1, 'player_num': 1}
2026-05-17 15:07:28,103 : INFO : EventManager : Event: ======'player_mach_scoring_mach_qualify_timer_tick'====== Args={'value': 10, 'prev_value': 0, 'change': 10, 'player_num': 1}
2026-05-17 15:07:28,103 : INFO : EventManager : Event: ======'player_mach_scoring_mach_timer_tick'====== Args={'value': 20, 'prev_value': 0, 'change': 20, 'player_num': 1}
2026-05-17 15:07:28,110 : INFO : EventManager : Event: ======'mode_mach_scoring_starting'====== Args={'queue': <QueuedEvent>, 'player': 1, 'ball': 1, 'balls_remaining': 2, 'is_extra_ball': False}
2026-05-17 15:07:28,111 : INFO : EventManager : Event: ======'mode_2x_playfield_will_start'====== Args={'queue': <QueuedEvent>, 'player': 1, 'ball': 1, 'balls_remaining': 2, 'is_extra_ball': False}
2026-05-17 15:07:28,111 : INFO : EventManager : Event: ======'player_2x_playfield_x2_playfield_tick'====== Args={'value': 90, 'prev_value': 0, 'change': 90, 'player_num': 1}
2026-05-17 15:07:28,115 : INFO : EventManager : Event: ======'mode_2x_playfield_starting'====== Args={'queue': <QueuedEvent>, 'player': 1, 'ball': 1, 'balls_remaining': 2, 'is_extra_ball': False}
2026-05-17 15:07:28,115 : INFO : EventManager : Event: ======'mode_goose_letters_will_start'====== Args={'queue': <QueuedEvent>, 'player': 1, 'ball': 1, 'balls_remaining': 2, 'is_extra_ball': False}
2026-05-17 15:07:28,115 : INFO : EventManager : Event: ======'player_goose_letters_goose_reset_tick'====== Args={'value': 0, 'prev_value': 0, 'change': 0, 'player_num': 1}
2026-05-17 15:07:28,115 : INFO : EventManager : Event: ======'player_goose_letters_missile_fire_delay_tick'====== Args={'value': 0, 'prev_value': 0, 'change': 0, 'player_num': 1}
2026-05-17 15:07:28,115 : INFO : EventManager : Event: ======'player_goose_letters_extra_ball_lit_slide_dismiss_tick'====== Args={'value': 0, 'prev_value': 0, 'change': 0, 'player_num': 1}
2026-05-17 15:07:28,126 : INFO : EventManager : Event: ======'mode_goose_letters_starting'====== Args={'queue': <QueuedEvent>, 'player': 1, 'ball': 1, 'balls_remaining': 2, 'is_extra_ball': False}
2026-05-17 15:07:28,126 : INFO : EventManager : Event: ======'mode_pilot_mission_qualifier_will_start'====== Args={'queue': <QueuedEvent>, 'player': 1, 'ball': 1, 'balls_remaining': 2, 'is_extra_ball': False}
2026-05-17 15:07:28,126 : INFO : EventManager : Event: ======'player_pilot_mission_qualifier_spinner_shot_timeout_tick'====== Args={'value': 0, 'prev_value': 0, 'change': 0, 'player_num': 1}
2026-05-17 15:07:28,126 : INFO : EventManager : Event: ======'player_pilot_mission_qualifier_spinner_shot_lockout_tick'====== Args={'value': 0, 'prev_value': 0, 'change': 0, 'player_num': 1}
2026-05-17 15:07:28,126 : INFO : EventManager : Event: ======'player_pilot_mission_qualifier_left_orbit_shot_timeout_tick'====== Args={'value': 0, 'prev_value': 0, 'change': 0, 'player_num': 1}
2026-05-17 15:07:28,126 : INFO : EventManager : Event: ======'player_pilot_mission_qualifier_right_orbit_shot_timeout_tick'====== Args={'value': 0, 'prev_value': 0, 'change': 0, 'player_num': 1}
2026-05-17 15:07:28,126 : INFO : EventManager : Event: ======'player_pilot_mission_qualifier_inverted_bonus_topgun_delay_tick'====== Args={'value': 0, 'prev_value': 0, 'change': 0, 'player_num': 1}
2026-05-17 15:07:28,127 : INFO : EventManager : Event: ======'player_pilot_mission_qualifier_orbit_shot_lockout_timer_tick'====== Args={'value': 0, 'prev_value': 0, 'change': 0, 'player_num': 1}
2026-05-17 15:07:28,127 : INFO : EventManager : Event: ======'player_pilot_mission_qualifier_post_plunge_orbit_lockout_tick'====== Args={'value': 0, 'prev_value': 0, 'change': 0, 'player_num': 1}
2026-05-17 15:07:28,127 : INFO : EventManager : Event: ======'player_pilot_mission_qualifier_post_mb_barrier_restore_tick'====== Args={'value': 0, 'prev_value': 0, 'change': 0, 'player_num': 1}
2026-05-17 15:07:28,129 : INFO : EventManager : Event: ======'player_pilot_mission_qualifier_left_diverter_tl_hold_tick'====== Args={'value': 0, 'prev_value': 0, 'change': 0, 'player_num': 1}
2026-05-17 15:07:28,129 : INFO : EventManager : Event: ======'player_pilot_mission_qualifier_global_scoop_eject_delay_tick'====== Args={'value': 0, 'prev_value': 0, 'change': 0, 'player_num': 1}
2026-05-17 15:07:28,129 : INFO : EventManager : Event: ======'player_pilot_mission_qualifier_skillshot_video_running_tick'====== Args={'value': 0, 'prev_value': 0, 'change': 0, 'player_num': 1}
2026-05-17 15:07:28,129 : INFO : EventManager : Event: ======'player_pilot_mission_qualifier_topgun_ll_qualify_window_tick'====== Args={'value': 0, 'prev_value': 0, 'change': 0, 'player_num': 1}
2026-05-17 15:07:28,191 : INFO : EventManager : Event: ======'mode_pilot_mission_qualifier_starting'====== Args={'queue': <QueuedEvent>, 'player': 1, 'ball': 1, 'balls_remaining': 2, 'is_extra_ball': False}
2026-05-17 15:07:28,191 : INFO : EventManager : Event: ======'mode_top_gun_multiball_locks_will_start'====== Args={'queue': <QueuedEvent>, 'player': 1, 'ball': 1, 'balls_remaining': 2, 'is_extra_ball': False}
2026-05-17 15:07:28,191 : INFO : EventManager : Event: ======'player_top_gun_multiball_locks_lock_diverter_timeout_tick'====== Args={'value': 0, 'prev_value': 0, 'change': 0, 'player_num': 1}
2026-05-17 15:07:28,191 : INFO : EventManager : Event: ======'player_top_gun_multiball_locks_lock_mb_barrier_delay_tick'====== Args={'value': 0, 'prev_value': 0, 'change': 0, 'player_num': 1}
2026-05-17 15:07:28,191 : INFO : EventManager : Event: ======'player_top_gun_multiball_locks_lock_mb_eject_debounce_tick'====== Args={'value': 0, 'prev_value': 0, 'change': 0, 'player_num': 1}
2026-05-17 15:07:28,192 : INFO : EventManager : Event: ======'player_top_gun_multiball_locks_lock_mb_release_delay_tick'====== Args={'value': 0, 'prev_value': 0, 'change': 0, 'player_num': 1}
2026-05-17 15:07:28,192 : INFO : EventManager : Event: ======'player_top_gun_multiball_locks_lock_partial_callout_cooldown_tick'====== Args={'value': 0, 'prev_value': 0, 'change': 0, 'player_num': 1}
2026-05-17 15:07:28,192 : INFO : EventManager : Event: ======'player_top_gun_multiball_locks_mb_mode_choice_timer_tick'====== Args={'value': 15, 'prev_value': 0, 'change': 15, 'player_num': 1}
2026-05-17 15:07:28,192 : INFO : EventManager : Event: ======'player_top_gun_multiball_locks_lock_letter_sound_delay_tick'====== Args={'value': 0, 'prev_value': 0, 'change': 0, 'player_num': 1}
2026-05-17 15:07:28,193 : INFO : EventManager : Event: ======'player_top_gun_multiball_locks_lock_goose_debounce_tick'====== Args={'value': 0, 'prev_value': 0, 'change': 0, 'player_num': 1}
2026-05-17 15:07:28,193 : INFO : EventManager : Event: ======'player_top_gun_multiball_locks_lock_mav_debounce_tick'====== Args={'value': 0, 'prev_value': 0, 'change': 0, 'player_num': 1}
2026-05-17 15:07:28,193 : INFO : EventManager : Event: ======'player_top_gun_multiball_locks_lock_goose_callout_delay_tick'====== Args={'value': 0, 'prev_value': 0, 'change': 0, 'player_num': 1}
2026-05-17 15:07:28,193 : INFO : EventManager : Event: ======'player_top_gun_multiball_locks_lock_goose_serve_delay_tick'====== Args={'value': 0, 'prev_value': 0, 'change': 0, 'player_num': 1}
2026-05-17 15:07:28,193 : INFO : EventManager : Event: ======'player_top_gun_multiball_locks_lock_mav_mb_lit_callout_delay_tick'====== Args={'value': 0, 'prev_value': 0, 'change': 0, 'player_num': 1}
2026-05-17 15:07:28,194 : INFO : EventManager : Event: ======'player_top_gun_multiball_locks_lock_mav_serve_delay_tick'====== Args={'value': 0, 'prev_value': 0, 'change': 0, 'player_num': 1}
2026-05-17 15:07:28,194 : INFO : EventManager : Event: ======'player_top_gun_multiball_locks_lock_resume_arm_tick'====== Args={'value': 0, 'prev_value': 0, 'change': 0, 'player_num': 1}
2026-05-17 15:07:28,204 : INFO : EventManager : Unordered handler for class ConfigPlayer.variable_player/variables on event mode_top_gun_multiball_stopped with priority 200. Handlers: [RegisteredHandler(callback=<bound method ConfigPlayer.config_play_callback of ConfigPlayer.variable_player/variables>, priority=200, kwargs={'calling_context': 'mode_top_gun_multiball_stopped', 'mode': <Mode.pilot_mission_qualifier>, 'settings': {'letter_collection_paused': {'action': 'set', 'int': <NativeTemplate 0>, 'priority': 0, 'float': None, 'string': None, 'block': False, 'player': None, 'condition': None}, 'pilot_qualifier_paused': {'action': 'set', 'int': <NativeTemplate 0>, 'priority': 0, 'float': None, 'string': None, 'block': False, 'player': None, 'condition': None}, 'lock_collection_paused': {'action': 'set', 'int': <NativeTemplate 0>, 'priority': 0, 'float': None, 'string': None, 'block': False, 'player': None, 'condition': None}, 'multiball_active': {'action': 'set', 'int': <NativeTemplate 0>, 'priority': 0, 'float': None, 'string': None, 'block': False, 'player': None, 'condition': None}}}, key=UUID('053e7344-ffd5-41f4-a542-0656149699f5'), condition=None, blocking_facility=None), RegisteredHandler(callback=<bound method ConfigPlayer.config_play_callback of ConfigPlayer.variable_player/variables>, priority=200, kwargs={'calling_context': 'mode_top_gun_multiball_stopped', 'mode': <Mode.top_gun_multiball_locks>, 'settings': {'lock_goose_lit': {'action': 'set', 'int': <NativeTemplate 0>, 'priority': 0, 'float': None, 'string': None, 'block': False, 'player': None, 'condition': None}, 'lock_mav_lit': {'action': 'set', 'int': <NativeTemplate 0>, 'priority': 0, 'float': None, 'string': None, 'block': False, 'player': None, 'condition': None}, 'lock_goose_locked': {'action': 'set', 'int': <NativeTemplate 0>, 'priority': 0, 'float': None, 'string': None, 'block': False, 'player': None, 'condition': None}, 'lock_mav_locked': {'action': 'set', 'int': <NativeTemplate 0>, 'priority': 0, 'float': None, 'string': None, 'block': False, 'player': None, 'condition': None}, 'multiball_qualified': {'action': 'set', 'int': <NativeTemplate 0>, 'priority': 0, 'float': None, 'string': None, 'block': False, 'player': None, 'condition': None}, 'multiball_starting': {'action': 'set', 'int': <NativeTemplate 0>, 'priority': 0, 'float': None, 'string': None, 'block': False, 'player': None, 'condition': None}, 'lock_completions': {'action': 'set', 'int': <NativeTemplate 0>, 'priority': 0, 'float': None, 'string': None, 'block': False, 'player': None, 'condition': None}, 'multiball_active': {'action': 'set', 'int': <NativeTemplate 0>, 'priority': 0, 'float': None, 'string': None, 'block': False, 'player': None, 'condition': None}, 'letter_collection_paused': {'action': 'set', 'int': <NativeTemplate 0>, 'priority': 0, 'float': None, 'string': None, 'block': False, 'player': None, 'condition': None}, 'pilot_qualifier_paused': {'action': 'set', 'int': <NativeTemplate 0>, 'priority': 0, 'float': None, 'string': None, 'block': False, 'player': None, 'condition': None}, 'lock_collection_paused': {'action': 'set', 'int': <NativeTemplate 0>, 'priority': 0, 'float': None, 'string': None, 'block': False, 'player': None, 'condition': None}, 'mb_mode_choice_active': {'action': 'set', 'int': <NativeTemplate 0>, 'priority': 0, 'float': None, 'string': None, 'block': False, 'player': None, 'condition': None}, 'lock_timer_paused': {'action': 'set', 'int': <NativeTemplate 0>, 'priority': 0, 'float': None, 'string': None, 'block': False, 'player': None, 'condition': None}}}, key=UUID('348a9554-8efd-4ac6-9492-2f36e8bb4e8f'), condition=None, blocking_facility=None)]. The order of those handlers is not defined and they will be executed in random order. This might lead to race conditions and potential bugs.
2026-05-17 15:07:28,208 : INFO : EventManager : Event: ======'mode_top_gun_multiball_locks_starting'====== Args={'queue': <QueuedEvent>, 'player': 1, 'ball': 1, 'balls_remaining': 2, 'is_extra_ball': False}
2026-05-17 15:07:28,208 : INFO : EventManager : Event: ======'mode_iceman_letters_will_start'====== Args={'queue': <QueuedEvent>, 'player': 1, 'ball': 1, 'balls_remaining': 2, 'is_extra_ball': False}
2026-05-17 15:07:28,208 : INFO : EventManager : Event: ======'player_iceman_letters_iceman_reset_tick'====== Args={'value': 0, 'prev_value': 0, 'change': 0, 'player_num': 1}
2026-05-17 15:07:28,208 : INFO : EventManager : Event: ======'player_iceman_letters_left_mig_post_timer_tick'====== Args={'value': 0, 'prev_value': 0, 'change': 0, 'player_num': 1}
2026-05-17 15:07:28,209 : INFO : EventManager : Event: ======'player_iceman_letters_right_mig_post_timer_tick'====== Args={'value': 0, 'prev_value': 0, 'change': 0, 'player_num': 1}
2026-05-17 15:07:28,209 : INFO : EventManager : Event: ======'player_iceman_letters_right_orbit_lockout_timer_tick'====== Args={'value': 0, 'prev_value': 0, 'change': 0, 'player_num': 1}
2026-05-17 15:07:28,209 : INFO : EventManager : Unordered handler for class ConfigPlayer.coil_player/coils on event mode_pilot_training_mission_inverted_started with priority 200. Handlers: [RegisteredHandler(callback=<bound method ConfigPlayer.config_play_callback of ConfigPlayer.coil_player/coils>, priority=200, kwargs={'calling_context': 'mode_pilot_training_mission_inverted_started', 'mode': <Mode.pilot_mission_qualifier>, 'settings': {<coil.c_mode_barrier>: {'action': 'disable', 'priority': 0, 'hold_power': None, 'pulse_power': None, 'pulse_ms': None, 'max_wait_ms': None}}}, key=UUID('b5b5fc18-6669-43e3-a55a-f8c0a4163c51'), condition=None, blocking_facility=None), RegisteredHandler(callback=<bound method ConfigPlayer.config_play_callback of ConfigPlayer.coil_player/coils>, priority=200, kwargs={'calling_context': 'mode_pilot_training_mission_inverted_started', 'mode': <Mode.iceman_letters>, 'settings': {<coil.c_mode_barrier>: {'action': 'off', 'priority': 0, 'hold_power': None, 'pulse_power': None, 'pulse_ms': None, 'max_wait_ms': None}}}, key=UUID('fe48cbfc-1f36-4ed9-a2d7-327837f04c06'), condition=None, blocking_facility=None)]. The order of those handlers is not defined and they will be executed in random order. This might lead to race conditions and potential bugs.
2026-05-17 15:07:28,209 : INFO : EventManager : Unordered handler for class ConfigPlayer.coil_player/coils on event mode_pilot_training_mission_missiles_started with priority 200. Handlers: [RegisteredHandler(callback=<bound method ConfigPlayer.config_play_callback of ConfigPlayer.coil_player/coils>, priority=200, kwargs={'calling_context': 'mode_pilot_training_mission_missiles_started', 'mode': <Mode.pilot_mission_qualifier>, 'settings': {<coil.c_mode_barrier>: {'action': 'disable', 'priority': 0, 'hold_power': None, 'pulse_power': None, 'pulse_ms': None, 'max_wait_ms': None}}}, key=UUID('de664bda-36fa-4e82-97e8-161a1cd33115'), condition=None, blocking_facility=None), RegisteredHandler(callback=<bound method ConfigPlayer.config_play_callback of ConfigPlayer.coil_player/coils>, priority=200, kwargs={'calling_context': 'mode_pilot_training_mission_missiles_started', 'mode': <Mode.iceman_letters>, 'settings': {<coil.c_mode_barrier>: {'action': 'off', 'priority': 0, 'hold_power': None, 'pulse_power': None, 'pulse_ms': None, 'max_wait_ms': None}}}, key=UUID('73af01f4-26be-470f-a501-46050b91cb4c'), condition=None, blocking_facility=None)]. The order of those handlers is not defined and they will be executed in random order. This might lead to race conditions and potential bugs.
2026-05-17 15:07:28,209 : INFO : EventManager : Unordered handler for class ConfigPlayer.coil_player/coils on event mode_pilot_training_mission_afterburner_started with priority 200. Handlers: [RegisteredHandler(callback=<bound method ConfigPlayer.config_play_callback of ConfigPlayer.coil_player/coils>, priority=200, kwargs={'calling_context': 'mode_pilot_training_mission_afterburner_started', 'mode': <Mode.pilot_mission_qualifier>, 'settings': {<coil.c_mode_barrier>: {'action': 'disable', 'priority': 0, 'hold_power': None, 'pulse_power': None, 'pulse_ms': None, 'max_wait_ms': None}}}, key=UUID('ed1e6602-980b-4db4-b9f5-4c92da3001cb'), condition=None, blocking_facility=None), RegisteredHandler(callback=<bound method ConfigPlayer.config_play_callback of ConfigPlayer.coil_player/coils>, priority=200, kwargs={'calling_context': 'mode_pilot_training_mission_afterburner_started', 'mode': <Mode.iceman_letters>, 'settings': {<coil.c_mode_barrier>: {'action': 'off', 'priority': 0, 'hold_power': None, 'pulse_power': None, 'pulse_ms': None, 'max_wait_ms': None}}}, key=UUID('a8f9aa64-8855-4284-ab77-0f1c75570d94'), condition=None, blocking_facility=None)]. The order of those handlers is not defined and they will be executed in random order. This might lead to race conditions and potential bugs.
2026-05-17 15:07:28,209 : INFO : EventManager : Unordered handler for class ConfigPlayer.coil_player/coils on event mode_pilot_training_mission_wingman_started with priority 200. Handlers: [RegisteredHandler(callback=<bound method ConfigPlayer.config_play_callback of ConfigPlayer.coil_player/coils>, priority=200, kwargs={'calling_context': 'mode_pilot_training_mission_wingman_started', 'mode': <Mode.pilot_mission_qualifier>, 'settings': {<coil.c_mode_barrier>: {'action': 'disable', 'priority': 0, 'hold_power': None, 'pulse_power': None, 'pulse_ms': None, 'max_wait_ms': None}}}, key=UUID('a6b9527a-4a69-4949-afdd-981e9c2c39db'), condition=None, blocking_facility=None), RegisteredHandler(callback=<bound method ConfigPlayer.config_play_callback of ConfigPlayer.coil_player/coils>, priority=200, kwargs={'calling_context': 'mode_pilot_training_mission_wingman_started', 'mode': <Mode.iceman_letters>, 'settings': {<coil.c_mode_barrier>: {'action': 'off', 'priority': 0, 'hold_power': None, 'pulse_power': None, 'pulse_ms': None, 'max_wait_ms': None}}}, key=UUID('610bb42a-dee0-4824-874f-964ba650c53e'), condition=None, blocking_facility=None)]. The order of those handlers is not defined and they will be executed in random order. This might lead to race conditions and potential bugs.
2026-05-17 15:07:28,217 : INFO : EventManager : Unordered handler for class ConfigPlayer.coil_player/coils on event mode_pilot_training_mission_inverted_started with priority 200. Handlers: [RegisteredHandler(callback=<bound method ConfigPlayer.config_play_callback of ConfigPlayer.coil_player/coils>, priority=200, kwargs={'calling_context': 'mode_pilot_training_mission_inverted_started', 'mode': <Mode.pilot_mission_qualifier>, 'settings': {<coil.c_mode_barrier>: {'action': 'disable', 'priority': 0, 'hold_power': None, 'pulse_power': None, 'pulse_ms': None, 'max_wait_ms': None}}}, key=UUID('b5b5fc18-6669-43e3-a55a-f8c0a4163c51'), condition=None, blocking_facility=None), RegisteredHandler(callback=<bound method ConfigPlayer.config_play_callback of ConfigPlayer.coil_player/coils>, priority=200, kwargs={'calling_context': 'mode_pilot_training_mission_inverted_started', 'mode': <Mode.iceman_letters>, 'settings': {<coil.c_mode_barrier>: {'action': 'off', 'priority': 0, 'hold_power': None, 'pulse_power': None, 'pulse_ms': None, 'max_wait_ms': None}}}, key=UUID('fe48cbfc-1f36-4ed9-a2d7-327837f04c06'), condition=None, blocking_facility=None)]. The order of those handlers is not defined and they will be executed in random order. This might lead to race conditions and potential bugs.
2026-05-17 15:07:28,217 : INFO : EventManager : Unordered handler for class ConfigPlayer.event_player/events on event mode_pilot_training_mission_inverted_started with priority 200. Handlers: [RegisteredHandler(callback=<bound method ConfigPlayer.config_play_callback of ConfigPlayer.event_player/events>, priority=200, kwargs={'calling_context': 'mode_pilot_training_mission_inverted_started', 'mode': <Mode.pilot_mission_qualifier>, 'settings': {'ball_search_reset': [{'condition': None, 'number': None, 'priority': 0, 'params': {}}], 'ball_search_block': [{'condition': None, 'number': None, 'priority': 0, 'params': {}}]}}, key=UUID('bd04f88c-4711-48e7-aca2-aa24e8913a53'), condition=None, blocking_facility=None), RegisteredHandler(callback=<bound method ConfigPlayer.config_play_callback of ConfigPlayer.event_player/events>, priority=200, kwargs={'calling_context': 'mode_pilot_training_mission_inverted_started', 'mode': <Mode.iceman_letters>, 'settings': {'stop_all_training_pulse_shows': [{'condition': None, 'number': None, 'priority': 0, 'params': {}}]}}, key=UUID('f316b9ac-69d3-4004-81a8-68f155789386'), condition=None, blocking_facility=None)]. The order of those handlers is not defined and they will be executed in random order. This might lead to race conditions and potential bugs.
2026-05-17 15:07:28,217 : INFO : EventManager : Unordered handler for class ConfigPlayer.coil_player/coils on event mode_pilot_training_mission_missiles_started with priority 200. Handlers: [RegisteredHandler(callback=<bound method ConfigPlayer.config_play_callback of ConfigPlayer.coil_player/coils>, priority=200, kwargs={'calling_context': 'mode_pilot_training_mission_missiles_started', 'mode': <Mode.pilot_mission_qualifier>, 'settings': {<coil.c_mode_barrier>: {'action': 'disable', 'priority': 0, 'hold_power': None, 'pulse_power': None, 'pulse_ms': None, 'max_wait_ms': None}}}, key=UUID('de664bda-36fa-4e82-97e8-161a1cd33115'), condition=None, blocking_facility=None), RegisteredHandler(callback=<bound method ConfigPlayer.config_play_callback of ConfigPlayer.coil_player/coils>, priority=200, kwargs={'calling_context': 'mode_pilot_training_mission_missiles_started', 'mode': <Mode.iceman_letters>, 'settings': {<coil.c_mode_barrier>: {'action': 'off', 'priority': 0, 'hold_power': None, 'pulse_power': None, 'pulse_ms': None, 'max_wait_ms': None}}}, key=UUID('73af01f4-26be-470f-a501-46050b91cb4c'), condition=None, blocking_facility=None)]. The order of those handlers is not defined and they will be executed in random order. This might lead to race conditions and potential bugs.
2026-05-17 15:07:28,217 : INFO : EventManager : Unordered handler for class ConfigPlayer.event_player/events on event mode_pilot_training_mission_missiles_started with priority 200. Handlers: [RegisteredHandler(callback=<bound method ConfigPlayer.config_play_callback of ConfigPlayer.event_player/events>, priority=200, kwargs={'calling_context': 'mode_pilot_training_mission_missiles_started', 'mode': <Mode.pilot_mission_qualifier>, 'settings': {'ball_search_reset': [{'condition': None, 'number': None, 'priority': 0, 'params': {}}], 'ball_search_block': [{'condition': None, 'number': None, 'priority': 0, 'params': {}}]}}, key=UUID('b1b45894-6cd1-4b45-aae3-db816fc259d5'), condition=None, blocking_facility=None), RegisteredHandler(callback=<bound method ConfigPlayer.config_play_callback of ConfigPlayer.event_player/events>, priority=200, kwargs={'calling_context': 'mode_pilot_training_mission_missiles_started', 'mode': <Mode.iceman_letters>, 'settings': {'stop_all_training_pulse_shows': [{'condition': None, 'number': None, 'priority': 0, 'params': {}}]}}, key=UUID('39b15f45-f81a-46c0-9206-793ab617932d'), condition=None, blocking_facility=None)]. The order of those handlers is not defined and they will be executed in random order. This might lead to race conditions and potential bugs.
2026-05-17 15:07:28,217 : INFO : EventManager : Unordered handler for class ConfigPlayer.coil_player/coils on event mode_pilot_training_mission_afterburner_started with priority 200. Handlers: [RegisteredHandler(callback=<bound method ConfigPlayer.config_play_callback of ConfigPlayer.coil_player/coils>, priority=200, kwargs={'calling_context': 'mode_pilot_training_mission_afterburner_started', 'mode': <Mode.pilot_mission_qualifier>, 'settings': {<coil.c_mode_barrier>: {'action': 'disable', 'priority': 0, 'hold_power': None, 'pulse_power': None, 'pulse_ms': None, 'max_wait_ms': None}}}, key=UUID('ed1e6602-980b-4db4-b9f5-4c92da3001cb'), condition=None, blocking_facility=None), RegisteredHandler(callback=<bound method ConfigPlayer.config_play_callback of ConfigPlayer.coil_player/coils>, priority=200, kwargs={'calling_context': 'mode_pilot_training_mission_afterburner_started', 'mode': <Mode.iceman_letters>, 'settings': {<coil.c_mode_barrier>: {'action': 'off', 'priority': 0, 'hold_power': None, 'pulse_power': None, 'pulse_ms': None, 'max_wait_ms': None}}}, key=UUID('a8f9aa64-8855-4284-ab77-0f1c75570d94'), condition=None, blocking_facility=None)]. The order of those handlers is not defined and they will be executed in random order. This might lead to race conditions and potential bugs.
2026-05-17 15:07:28,217 : INFO : EventManager : Unordered handler for class ConfigPlayer.event_player/events on event mode_pilot_training_mission_afterburner_started with priority 200. Handlers: [RegisteredHandler(callback=<bound method ConfigPlayer.config_play_callback of ConfigPlayer.event_player/events>, priority=200, kwargs={'calling_context': 'mode_pilot_training_mission_afterburner_started', 'mode': <Mode.pilot_mission_qualifier>, 'settings': {'ball_search_reset': [{'condition': None, 'number': None, 'priority': 0, 'params': {}}], 'ball_search_block': [{'condition': None, 'number': None, 'priority': 0, 'params': {}}]}}, key=UUID('d244e58a-30a2-4d08-ae90-5a240342944b'), condition=None, blocking_facility=None), RegisteredHandler(callback=<bound method ConfigPlayer.config_play_callback of ConfigPlayer.event_player/events>, priority=200, kwargs={'calling_context': 'mode_pilot_training_mission_afterburner_started', 'mode': <Mode.iceman_letters>, 'settings': {'stop_all_training_pulse_shows': [{'condition': None, 'number': None, 'priority': 0, 'params': {}}]}}, key=UUID('5f130aa2-aa49-4743-a976-1177ef212440'), condition=None, blocking_facility=None)]. The order of those handlers is not defined and they will be executed in random order. This might lead to race conditions and potential bugs.
2026-05-17 15:07:28,217 : INFO : EventManager : Unordered handler for class ConfigPlayer.coil_player/coils on event mode_pilot_training_mission_wingman_started with priority 200. Handlers: [RegisteredHandler(callback=<bound method ConfigPlayer.config_play_callback of ConfigPlayer.coil_player/coils>, priority=200, kwargs={'calling_context': 'mode_pilot_training_mission_wingman_started', 'mode': <Mode.pilot_mission_qualifier>, 'settings': {<coil.c_mode_barrier>: {'action': 'disable', 'priority': 0, 'hold_power': None, 'pulse_power': None, 'pulse_ms': None, 'max_wait_ms': None}}}, key=UUID('a6b9527a-4a69-4949-afdd-981e9c2c39db'), condition=None, blocking_facility=None), RegisteredHandler(callback=<bound method ConfigPlayer.config_play_callback of ConfigPlayer.coil_player/coils>, priority=200, kwargs={'calling_context': 'mode_pilot_training_mission_wingman_started', 'mode': <Mode.iceman_letters>, 'settings': {<coil.c_mode_barrier>: {'action': 'off', 'priority': 0, 'hold_power': None, 'pulse_power': None, 'pulse_ms': None, 'max_wait_ms': None}}}, key=UUID('610bb42a-dee0-4824-874f-964ba650c53e'), condition=None, blocking_facility=None)]. The order of those handlers is not defined and they will be executed in random order. This might lead to race conditions and potential bugs.
2026-05-17 15:07:28,217 : INFO : EventManager : Unordered handler for class ConfigPlayer.event_player/events on event mode_pilot_training_mission_wingman_started with priority 200. Handlers: [RegisteredHandler(callback=<bound method ConfigPlayer.config_play_callback of ConfigPlayer.event_player/events>, priority=200, kwargs={'calling_context': 'mode_pilot_training_mission_wingman_started', 'mode': <Mode.pilot_mission_qualifier>, 'settings': {'ball_search_reset': [{'condition': None, 'number': None, 'priority': 0, 'params': {}}], 'ball_search_block': [{'condition': None, 'number': None, 'priority': 0, 'params': {}}]}}, key=UUID('4084c20c-d5d9-4f39-aa6e-bda943dff7e2'), condition=None, blocking_facility=None), RegisteredHandler(callback=<bound method ConfigPlayer.config_play_callback of ConfigPlayer.event_player/events>, priority=200, kwargs={'calling_context': 'mode_pilot_training_mission_wingman_started', 'mode': <Mode.iceman_letters>, 'settings': {'stop_all_training_pulse_shows': [{'condition': None, 'number': None, 'priority': 0, 'params': {}}]}}, key=UUID('4e44686c-ff6c-4c3a-ba5a-780129f21007'), condition=None, blocking_facility=None)]. The order of those handlers is not defined and they will be executed in random order. This might lead to race conditions and potential bugs.
2026-05-17 15:07:28,218 : INFO : EventManager : Unordered handler for class ConfigPlayer.event_player/events on event mode_edge_of_space_started with priority 200. Handlers: [RegisteredHandler(callback=<bound method ConfigPlayer.config_play_callback of ConfigPlayer.event_player/events>, priority=200, kwargs={'calling_context': 'mode_edge_of_space_started', 'mode': <Mode.pilot_mission_qualifier>, 'settings': {'reset_topgun_letters': [{'condition': None, 'number': None, 'priority': 0, 'params': {}}], 'check_all_pilot_modes_played': [{'condition': None, 'number': None, 'priority': 0, 'params': {}}], 'ball_search_reset': [{'condition': None, 'number': None, 'priority': 0, 'params': {}}], 'ball_search_block': [{'condition': None, 'number': None, 'priority': 0, 'params': {}}]}}, key=UUID('e3d97dd4-1ff0-4f62-970b-4d0e1b2e8a31'), condition=None, blocking_facility=None), RegisteredHandler(callback=<bound method ConfigPlayer.config_play_callback of ConfigPlayer.event_player/events>, priority=200, kwargs={'calling_context': 'mode_edge_of_space_started', 'mode': <Mode.iceman_letters>, 'settings': {'stop_all_training_pulse_shows': [{'condition': None, 'number': None, 'priority': 0, 'params': {}}]}}, key=UUID('0d1fd0c0-f9d2-4071-a7af-99471fe8da38'), condition=None, blocking_facility=None)]. The order of those handlers is not defined and they will be executed in random order. This might lead to race conditions and potential bugs.
2026-05-17 15:07:28,218 : INFO : EventManager : Unordered handler for class ConfigPlayer.event_player/events on event mode_battle_jester_started with priority 200. Handlers: [RegisteredHandler(callback=<bound method ConfigPlayer.config_play_callback of ConfigPlayer.event_player/events>, priority=200, kwargs={'calling_context': 'mode_battle_jester_started', 'mode': <Mode.pilot_mission_qualifier>, 'settings': {'reset_topgun_letters': [{'condition': None, 'number': None, 'priority': 0, 'params': {}}], 'check_all_pilot_modes_played': [{'condition': None, 'number': None, 'priority': 0, 'params': {}}], 'ball_search_reset': [{'condition': None, 'number': None, 'priority': 0, 'params': {}}], 'ball_search_block': [{'condition': None, 'number': None, 'priority': 0, 'params': {}}]}}, key=UUID('e60f9589-763d-4a7f-bbd8-10e5fefc6752'), condition=None, blocking_facility=None), RegisteredHandler(callback=<bound method ConfigPlayer.config_play_callback of ConfigPlayer.event_player/events>, priority=200, kwargs={'calling_context': 'mode_battle_jester_started', 'mode': <Mode.iceman_letters>, 'settings': {'stop_all_training_pulse_shows': [{'condition': None, 'number': None, 'priority': 0, 'params': {}}]}}, key=UUID('7fe9ebb9-3d01-4a14-87fa-60da97085846'), condition=None, blocking_facility=None)]. The order of those handlers is not defined and they will be executed in random order. This might lead to race conditions and potential bugs.
2026-05-17 15:07:28,218 : INFO : EventManager : Unordered handler for class ConfigPlayer.event_player/events on event mode_canyon_run_started with priority 200. Handlers: [RegisteredHandler(callback=<bound method ConfigPlayer.config_play_callback of ConfigPlayer.event_player/events>, priority=200, kwargs={'calling_context': 'mode_canyon_run_started', 'mode': <Mode.pilot_mission_qualifier>, 'settings': {'reset_topgun_letters': [{'condition': None, 'number': None, 'priority': 0, 'params': {}}], 'check_all_pilot_modes_played': [{'condition': None, 'number': None, 'priority': 0, 'params': {}}], 'ball_search_reset': [{'condition': None, 'number': None, 'priority': 0, 'params': {}}], 'ball_search_block': [{'condition': None, 'number': None, 'priority': 0, 'params': {}}]}}, key=UUID('50fdcbcb-e629-4cce-a439-9b1351574119'), condition=None, blocking_facility=None), RegisteredHandler(callback=<bound method ConfigPlayer.config_play_callback of ConfigPlayer.event_player/events>, priority=200, kwargs={'calling_context': 'mode_canyon_run_started', 'mode': <Mode.iceman_letters>, 'settings': {'stop_all_training_pulse_shows': [{'condition': None, 'number': None, 'priority': 0, 'params': {}}]}}, key=UUID('7c276f61-1852-4c99-a21b-8a7d9b7f2cc4'), condition=None, blocking_facility=None)]. The order of those handlers is not defined and they will be executed in random order. This might lead to race conditions and potential bugs.
2026-05-17 15:07:28,218 : INFO : EventManager : Unordered handler for class ConfigPlayer.event_player/events on event mode_rise_of_phoenix_started with priority 200. Handlers: [RegisteredHandler(callback=<bound method ConfigPlayer.config_play_callback of ConfigPlayer.event_player/events>, priority=200, kwargs={'calling_context': 'mode_rise_of_phoenix_started', 'mode': <Mode.pilot_mission_qualifier>, 'settings': {'reset_topgun_letters': [{'condition': None, 'number': None, 'priority': 0, 'params': {}}], 'check_all_pilot_modes_played': [{'condition': None, 'number': None, 'priority': 0, 'params': {}}], 'ball_search_reset': [{'condition': None, 'number': None, 'priority': 0, 'params': {}}], 'ball_search_block': [{'condition': None, 'number': None, 'priority': 0, 'params': {}}]}}, key=UUID('ee43d942-c1f6-44e4-ac3c-fbe80aa36c65'), condition=None, blocking_facility=None), RegisteredHandler(callback=<bound method ConfigPlayer.config_play_callback of ConfigPlayer.event_player/events>, priority=200, kwargs={'calling_context': 'mode_rise_of_phoenix_started', 'mode': <Mode.iceman_letters>, 'settings': {'stop_all_training_pulse_shows': [{'condition': None, 'number': None, 'priority': 0, 'params': {}}]}}, key=UUID('a252f1ad-876c-4a68-83b1-02eaac13e032'), condition=None, blocking_facility=None)]. The order of those handlers is not defined and they will be executed in random order. This might lead to race conditions and potential bugs.
2026-05-17 15:07:28,220 : INFO : EventManager : Unordered handler for class ConfigPlayer.event_player/events on event mode_rescue_cougar_started with priority 200. Handlers: [RegisteredHandler(callback=<bound method ConfigPlayer.config_play_callback of ConfigPlayer.event_player/events>, priority=200, kwargs={'calling_context': 'mode_rescue_cougar_started', 'mode': <Mode.pilot_mission_qualifier>, 'settings': {'reset_topgun_letters': [{'condition': None, 'number': None, 'priority': 0, 'params': {}}], 'check_all_pilot_modes_played': [{'condition': None, 'number': None, 'priority': 0, 'params': {}}], 'ball_search_reset': [{'condition': None, 'number': None, 'priority': 0, 'params': {}}], 'ball_search_block': [{'condition': None, 'number': None, 'priority': 0, 'params': {}}]}}, key=UUID('47130696-8847-4044-901a-65139ad6a2dc'), condition=None, blocking_facility=None), RegisteredHandler(callback=<bound method ConfigPlayer.config_play_callback of ConfigPlayer.event_player/events>, priority=200, kwargs={'calling_context': 'mode_rescue_cougar_started', 'mode': <Mode.iceman_letters>, 'settings': {'stop_all_training_pulse_shows': [{'condition': None, 'number': None, 'priority': 0, 'params': {}}]}}, key=UUID('18346bb6-fc48-4035-b82b-734b2074080c'), condition=None, blocking_facility=None)]. The order of those handlers is not defined and they will be executed in random order. This might lead to race conditions and potential bugs.
2026-05-17 15:07:28,221 : INFO : EventManager : Unordered handler for class ConfigPlayer.event_player/events on event mode_cool_under_pressure_started with priority 200. Handlers: [RegisteredHandler(callback=<bound method ConfigPlayer.config_play_callback of ConfigPlayer.event_player/events>, priority=200, kwargs={'calling_context': 'mode_cool_under_pressure_started', 'mode': <Mode.pilot_mission_qualifier>, 'settings': {'reset_topgun_letters': [{'condition': None, 'number': None, 'priority': 0, 'params': {}}], 'check_all_pilot_modes_played': [{'condition': None, 'number': None, 'priority': 0, 'params': {}}], 'ball_search_reset': [{'condition': None, 'number': None, 'priority': 0, 'params': {}}], 'ball_search_block': [{'condition': None, 'number': None, 'priority': 0, 'params': {}}]}}, key=UUID('49261cca-3b0d-447d-af1e-89b9c7ad30f8'), condition=None, blocking_facility=None), RegisteredHandler(callback=<bound method ConfigPlayer.config_play_callback of ConfigPlayer.event_player/events>, priority=200, kwargs={'calling_context': 'mode_cool_under_pressure_started', 'mode': <Mode.iceman_letters>, 'settings': {'stop_all_training_pulse_shows': [{'condition': None, 'number': None, 'priority': 0, 'params': {}}]}}, key=UUID('3c522028-e7e6-4ce5-ab12-efbb5684bb50'), condition=None, blocking_facility=None)]. The order of those handlers is not defined and they will be executed in random order. This might lead to race conditions and potential bugs.
2026-05-17 15:07:28,221 : INFO : EventManager : Unordered handler for class ConfigPlayer.event_player/events on event mode_no_points_for_second_place_started with priority 200. Handlers: [RegisteredHandler(callback=<bound method ConfigPlayer.config_play_callback of ConfigPlayer.event_player/events>, priority=200, kwargs={'calling_context': 'mode_no_points_for_second_place_started', 'mode': <Mode.pilot_mission_qualifier>, 'settings': {'reset_topgun_letters': [{'condition': None, 'number': None, 'priority': 0, 'params': {}}], 'check_all_pilot_modes_played': [{'condition': None, 'number': None, 'priority': 0, 'params': {}}], 'ball_search_reset': [{'condition': None, 'number': None, 'priority': 0, 'params': {}}], 'ball_search_block': [{'condition': None, 'number': None, 'priority': 0, 'params': {}}]}}, key=UUID('bee9c9ad-bea1-4462-86c3-ce99d9629948'), condition=None, blocking_facility=None), RegisteredHandler(callback=<bound method ConfigPlayer.config_play_callback of ConfigPlayer.event_player/events>, priority=200, kwargs={'calling_context': 'mode_no_points_for_second_place_started', 'mode': <Mode.iceman_letters>, 'settings': {'stop_all_training_pulse_shows': [{'condition': None, 'number': None, 'priority': 0, 'params': {}}]}}, key=UUID('e9d4c20e-88d0-4e35-b68c-cfca99e71f0b'), condition=None, blocking_facility=None)]. The order of those handlers is not defined and they will be executed in random order. This might lead to race conditions and potential bugs.
2026-05-17 15:07:28,221 : INFO : EventManager : Unordered handler for class ConfigPlayer.event_player/events on event mode_below_the_hard_deck_started with priority 200. Handlers: [RegisteredHandler(callback=<bound method ConfigPlayer.config_play_callback of ConfigPlayer.event_player/events>, priority=200, kwargs={'calling_context': 'mode_below_the_hard_deck_started', 'mode': <Mode.pilot_mission_qualifier>, 'settings': {'reset_topgun_letters': [{'condition': None, 'number': None, 'priority': 0, 'params': {}}], 'check_all_pilot_modes_played': [{'condition': None, 'number': None, 'priority': 0, 'params': {}}], 'ball_search_reset': [{'condition': None, 'number': None, 'priority': 0, 'params': {}}], 'ball_search_block': [{'condition': None, 'number': None, 'priority': 0, 'params': {}}]}}, key=UUID('40c375fc-8da0-4b07-b0d8-9e2d109a5add'), condition=None, blocking_facility=None), RegisteredHandler(callback=<bound method ConfigPlayer.config_play_callback of ConfigPlayer.event_player/events>, priority=200, kwargs={'calling_context': 'mode_below_the_hard_deck_started', 'mode': <Mode.iceman_letters>, 'settings': {'stop_all_training_pulse_shows': [{'condition': None, 'number': None, 'priority': 0, 'params': {}}]}}, key=UUID('ab289dbd-22ca-44f0-bbe9-5752dc30b576'), condition=None, blocking_facility=None)]. The order of those handlers is not defined and they will be executed in random order. This might lead to race conditions and potential bugs.
2026-05-17 15:07:28,222 : INFO : EventManager : Unordered handler for class ConfigPlayer.event_player/events on event mode_no_margin_for_error_started with priority 200. Handlers: [RegisteredHandler(callback=<bound method ConfigPlayer.config_play_callback of ConfigPlayer.event_player/events>, priority=200, kwargs={'calling_context': 'mode_no_margin_for_error_started', 'mode': <Mode.pilot_mission_qualifier>, 'settings': {'reset_topgun_letters': [{'condition': None, 'number': None, 'priority': 0, 'params': {}}], 'check_all_pilot_modes_played': [{'condition': None, 'number': None, 'priority': 0, 'params': {}}], 'ball_search_reset': [{'condition': None, 'number': None, 'priority': 0, 'params': {}}], 'ball_search_block': [{'condition': None, 'number': None, 'priority': 0, 'params': {}}]}}, key=UUID('897f5e29-88a1-402b-b3c9-68f50817caae'), condition=None, blocking_facility=None), RegisteredHandler(callback=<bound method ConfigPlayer.config_play_callback of ConfigPlayer.event_player/events>, priority=200, kwargs={'calling_context': 'mode_no_margin_for_error_started', 'mode': <Mode.iceman_letters>, 'settings': {'stop_all_training_pulse_shows': [{'condition': None, 'number': None, 'priority': 0, 'params': {}}]}}, key=UUID('334d54b5-337e-40c7-9291-3327785e8015'), condition=None, blocking_facility=None)]. The order of those handlers is not defined and they will be executed in random order. This might lead to race conditions and potential bugs.
2026-05-17 15:07:28,222 : INFO : EventManager : Unordered handler for class ConfigPlayer.event_player/events on event mode_hard_deck_playing_with_the_boys_started with priority 200. Handlers: [RegisteredHandler(callback=<bound method ConfigPlayer.config_play_callback of ConfigPlayer.event_player/events>, priority=200, kwargs={'calling_context': 'mode_hard_deck_playing_with_the_boys_started', 'mode': <Mode.pilot_mission_qualifier>, 'settings': {'ball_search_reset': [{'condition': None, 'number': None, 'priority': 0, 'params': {}}], 'ball_search_block': [{'condition': None, 'number': None, 'priority': 0, 'params': {}}]}}, key=UUID('f4dbde95-b146-46c9-8c8a-2112e568bfc0'), condition=None, blocking_facility=None), RegisteredHandler(callback=<bound method ConfigPlayer.config_play_callback of ConfigPlayer.event_player/events>, priority=200, kwargs={'calling_context': 'mode_hard_deck_playing_with_the_boys_started', 'mode': <Mode.iceman_letters>, 'settings': {'stop_all_training_pulse_shows': [{'condition': None, 'number': None, 'priority': 0, 'params': {}}]}}, key=UUID('6bd48d64-a349-4ade-92f2-431773a5c9af'), condition=None, blocking_facility=None)]. The order of those handlers is not defined and they will be executed in random order. This might lead to race conditions and potential bugs.
2026-05-17 15:07:28,222 : INFO : EventManager : Unordered handler for class ConfigPlayer.event_player/events on event mode_hard_deck_charlie_started with priority 200. Handlers: [RegisteredHandler(callback=<bound method ConfigPlayer.config_play_callback of ConfigPlayer.event_player/events>, priority=200, kwargs={'calling_context': 'mode_hard_deck_charlie_started', 'mode': <Mode.pilot_mission_qualifier>, 'settings': {'ball_search_reset': [{'condition': None, 'number': None, 'priority': 0, 'params': {}}], 'ball_search_block': [{'condition': None, 'number': None, 'priority': 0, 'params': {}}]}}, key=UUID('9a9c0cbf-ce0b-4c1a-bd02-6360fa1a50a8'), condition=None, blocking_facility=None), RegisteredHandler(callback=<bound method ConfigPlayer.config_play_callback of ConfigPlayer.event_player/events>, priority=200, kwargs={'calling_context': 'mode_hard_deck_charlie_started', 'mode': <Mode.iceman_letters>, 'settings': {'stop_all_training_pulse_shows': [{'condition': None, 'number': None, 'priority': 0, 'params': {}}]}}, key=UUID('2e22d7db-295e-4614-8c6c-ff6e9b6f21d1'), condition=None, blocking_facility=None)]. The order of those handlers is not defined and they will be executed in random order. This might lead to race conditions and potential bugs.
2026-05-17 15:07:28,222 : INFO : EventManager : Unordered handler for class ConfigPlayer.event_player/events on event mode_hard_deck_maverick_and_penny_started with priority 200. Handlers: [RegisteredHandler(callback=<bound method ConfigPlayer.config_play_callback of ConfigPlayer.event_player/events>, priority=200, kwargs={'calling_context': 'mode_hard_deck_maverick_and_penny_started', 'mode': <Mode.pilot_mission_qualifier>, 'settings': {'ball_search_reset': [{'condition': None, 'number': None, 'priority': 0, 'params': {}}], 'ball_search_block': [{'condition': None, 'number': None, 'priority': 0, 'params': {}}]}}, key=UUID('a79b148c-8bf2-48fc-89e9-7a0ac42a8dcc'), condition=None, blocking_facility=None), RegisteredHandler(callback=<bound method ConfigPlayer.config_play_callback of ConfigPlayer.event_player/events>, priority=200, kwargs={'calling_context': 'mode_hard_deck_maverick_and_penny_started', 'mode': <Mode.iceman_letters>, 'settings': {'stop_all_training_pulse_shows': [{'condition': None, 'number': None, 'priority': 0, 'params': {}}]}}, key=UUID('eeba3a7e-45a8-4975-988e-a36f44b351c7'), condition=None, blocking_facility=None)]. The order of those handlers is not defined and they will be executed in random order. This might lead to race conditions and potential bugs.
2026-05-17 15:07:28,223 : INFO : EventManager : Unordered handler for class ConfigPlayer.event_player/events on event mode_hard_deck_honoring_iceman_started with priority 200. Handlers: [RegisteredHandler(callback=<bound method ConfigPlayer.config_play_callback of ConfigPlayer.event_player/events>, priority=200, kwargs={'calling_context': 'mode_hard_deck_honoring_iceman_started', 'mode': <Mode.pilot_mission_qualifier>, 'settings': {'ball_search_reset': [{'condition': None, 'number': None, 'priority': 0, 'params': {}}], 'ball_search_block': [{'condition': None, 'number': None, 'priority': 0, 'params': {}}]}}, key=UUID('0b7051f9-838d-49ad-b4fc-31dfeaaf255d'), condition=None, blocking_facility=None), RegisteredHandler(callback=<bound method ConfigPlayer.config_play_callback of ConfigPlayer.event_player/events>, priority=200, kwargs={'calling_context': 'mode_hard_deck_honoring_iceman_started', 'mode': <Mode.iceman_letters>, 'settings': {'stop_all_training_pulse_shows': [{'condition': None, 'number': None, 'priority': 0, 'params': {}}]}}, key=UUID('c0d26b00-5ce3-494c-80e6-b077d586ea82'), condition=None, blocking_facility=None)]. The order of those handlers is not defined and they will be executed in random order. This might lead to race conditions and potential bugs.
2026-05-17 15:07:28,225 : INFO : EventManager : Unordered handler for class ConfigPlayer.variable_player/variables on event mode_top_gun_multiball_stopped with priority 200. Handlers: [RegisteredHandler(callback=<bound method ConfigPlayer.config_play_callback of ConfigPlayer.variable_player/variables>, priority=200, kwargs={'calling_context': 'mode_top_gun_multiball_stopped', 'mode': <Mode.pilot_mission_qualifier>, 'settings': {'letter_collection_paused': {'action': 'set', 'int': <NativeTemplate 0>, 'priority': 0, 'float': None, 'string': None, 'block': False, 'player': None, 'condition': None}, 'pilot_qualifier_paused': {'action': 'set', 'int': <NativeTemplate 0>, 'priority': 0, 'float': None, 'string': None, 'block': False, 'player': None, 'condition': None}, 'lock_collection_paused': {'action': 'set', 'int': <NativeTemplate 0>, 'priority': 0, 'float': None, 'string': None, 'block': False, 'player': None, 'condition': None}, 'multiball_active': {'action': 'set', 'int': <NativeTemplate 0>, 'priority': 0, 'float': None, 'string': None, 'block': False, 'player': None, 'condition': None}}}, key=UUID('053e7344-ffd5-41f4-a542-0656149699f5'), condition=None, blocking_facility=None), RegisteredHandler(callback=<bound method ConfigPlayer.config_play_callback of ConfigPlayer.variable_player/variables>, priority=200, kwargs={'calling_context': 'mode_top_gun_multiball_stopped', 'mode': <Mode.top_gun_multiball_locks>, 'settings': {'lock_goose_lit': {'action': 'set', 'int': <NativeTemplate 0>, 'priority': 0, 'float': None, 'string': None, 'block': False, 'player': None, 'condition': None}, 'lock_mav_lit': {'action': 'set', 'int': <NativeTemplate 0>, 'priority': 0, 'float': None, 'string': None, 'block': False, 'player': None, 'condition': None}, 'lock_goose_locked': {'action': 'set', 'int': <NativeTemplate 0>, 'priority': 0, 'float': None, 'string': None, 'block': False, 'player': None, 'condition': None}, 'lock_mav_locked': {'action': 'set', 'int': <NativeTemplate 0>, 'priority': 0, 'float': None, 'string': None, 'block': False, 'player': None, 'condition': None}, 'multiball_qualified': {'action': 'set', 'int': <NativeTemplate 0>, 'priority': 0, 'float': None, 'string': None, 'block': False, 'player': None, 'condition': None}, 'multiball_starting': {'action': 'set', 'int': <NativeTemplate 0>, 'priority': 0, 'float': None, 'string': None, 'block': False, 'player': None, 'condition': None}, 'lock_completions': {'action': 'set', 'int': <NativeTemplate 0>, 'priority': 0, 'float': None, 'string': None, 'block': False, 'player': None, 'condition': None}, 'multiball_active': {'action': 'set', 'int': <NativeTemplate 0>, 'priority': 0, 'float': None, 'string': None, 'block': False, 'player': None, 'condition': None}, 'letter_collection_paused': {'action': 'set', 'int': <NativeTemplate 0>, 'priority': 0, 'float': None, 'string': None, 'block': False, 'player': None, 'condition': None}, 'pilot_qualifier_paused': {'action': 'set', 'int': <NativeTemplate 0>, 'priority': 0, 'float': None, 'string': None, 'block': False, 'player': None, 'condition': None}, 'lock_collection_paused': {'action': 'set', 'int': <NativeTemplate 0>, 'priority': 0, 'float': None, 'string': None, 'block': False, 'player': None, 'condition': None}, 'mb_mode_choice_active': {'action': 'set', 'int': <NativeTemplate 0>, 'priority': 0, 'float': None, 'string': None, 'block': False, 'player': None, 'condition': None}, 'lock_timer_paused': {'action': 'set', 'int': <NativeTemplate 0>, 'priority': 0, 'float': None, 'string': None, 'block': False, 'player': None, 'condition': None}}}, key=UUID('348a9554-8efd-4ac6-9492-2f36e8bb4e8f'), condition=None, blocking_facility=None)]. The order of those handlers is not defined and they will be executed in random order. This might lead to race conditions and potential bugs.
2026-05-17 15:07:28,228 : INFO : EventManager : Unordered handler for class ConfigPlayer.coil_player/coils on event mode_pilot_training_mission_inverted_started with priority 200. Handlers: [RegisteredHandler(callback=<bound method ConfigPlayer.config_play_callback of ConfigPlayer.coil_player/coils>, priority=200, kwargs={'calling_context': 'mode_pilot_training_mission_inverted_started', 'mode': <Mode.pilot_mission_qualifier>, 'settings': {<coil.c_mode_barrier>: {'action': 'disable', 'priority': 0, 'hold_power': None, 'pulse_power': None, 'pulse_ms': None, 'max_wait_ms': None}}}, key=UUID('b5b5fc18-6669-43e3-a55a-f8c0a4163c51'), condition=None, blocking_facility=None), RegisteredHandler(callback=<bound method ConfigPlayer.config_play_callback of ConfigPlayer.coil_player/coils>, priority=200, kwargs={'calling_context': 'mode_pilot_training_mission_inverted_started', 'mode': <Mode.iceman_letters>, 'settings': {<coil.c_mode_barrier>: {'action': 'off', 'priority': 0, 'hold_power': None, 'pulse_power': None, 'pulse_ms': None, 'max_wait_ms': None}}}, key=UUID('fe48cbfc-1f36-4ed9-a2d7-327837f04c06'), condition=None, blocking_facility=None)]. The order of those handlers is not defined and they will be executed in random order. This might lead to race conditions and potential bugs.
2026-05-17 15:07:28,228 : INFO : EventManager : Unordered handler for class ConfigPlayer.event_player/events on event mode_pilot_training_mission_inverted_started with priority 200. Handlers: [RegisteredHandler(callback=<bound method ConfigPlayer.config_play_callback of ConfigPlayer.event_player/events>, priority=200, kwargs={'calling_context': 'mode_pilot_training_mission_inverted_started', 'mode': <Mode.pilot_mission_qualifier>, 'settings': {'ball_search_reset': [{'condition': None, 'number': None, 'priority': 0, 'params': {}}], 'ball_search_block': [{'condition': None, 'number': None, 'priority': 0, 'params': {}}]}}, key=UUID('bd04f88c-4711-48e7-aca2-aa24e8913a53'), condition=None, blocking_facility=None), RegisteredHandler(callback=<bound method ConfigPlayer.config_play_callback of ConfigPlayer.event_player/events>, priority=200, kwargs={'calling_context': 'mode_pilot_training_mission_inverted_started', 'mode': <Mode.iceman_letters>, 'settings': {'stop_all_training_pulse_shows': [{'condition': None, 'number': None, 'priority': 0, 'params': {}}]}}, key=UUID('f316b9ac-69d3-4004-81a8-68f155789386'), condition=None, blocking_facility=None)]. The order of those handlers is not defined and they will be executed in random order. This might lead to race conditions and potential bugs.
2026-05-17 15:07:28,228 : INFO : EventManager : Unordered handler for class ConfigPlayer.coil_player/coils on event mode_pilot_training_mission_missiles_started with priority 200. Handlers: [RegisteredHandler(callback=<bound method ConfigPlayer.config_play_callback of ConfigPlayer.coil_player/coils>, priority=200, kwargs={'calling_context': 'mode_pilot_training_mission_missiles_started', 'mode': <Mode.pilot_mission_qualifier>, 'settings': {<coil.c_mode_barrier>: {'action': 'disable', 'priority': 0, 'hold_power': None, 'pulse_power': None, 'pulse_ms': None, 'max_wait_ms': None}}}, key=UUID('de664bda-36fa-4e82-97e8-161a1cd33115'), condition=None, blocking_facility=None), RegisteredHandler(callback=<bound method ConfigPlayer.config_play_callback of ConfigPlayer.coil_player/coils>, priority=200, kwargs={'calling_context': 'mode_pilot_training_mission_missiles_started', 'mode': <Mode.iceman_letters>, 'settings': {<coil.c_mode_barrier>: {'action': 'off', 'priority': 0, 'hold_power': None, 'pulse_power': None, 'pulse_ms': None, 'max_wait_ms': None}}}, key=UUID('73af01f4-26be-470f-a501-46050b91cb4c'), condition=None, blocking_facility=None)]. The order of those handlers is not defined and they will be executed in random order. This might lead to race conditions and potential bugs.
2026-05-17 15:07:28,228 : INFO : EventManager : Unordered handler for class ConfigPlayer.event_player/events on event mode_pilot_training_mission_missiles_started with priority 200. Handlers: [RegisteredHandler(callback=<bound method ConfigPlayer.config_play_callback of ConfigPlayer.event_player/events>, priority=200, kwargs={'calling_context': 'mode_pilot_training_mission_missiles_started', 'mode': <Mode.pilot_mission_qualifier>, 'settings': {'ball_search_reset': [{'condition': None, 'number': None, 'priority': 0, 'params': {}}], 'ball_search_block': [{'condition': None, 'number': None, 'priority': 0, 'params': {}}]}}, key=UUID('b1b45894-6cd1-4b45-aae3-db816fc259d5'), condition=None, blocking_facility=None), RegisteredHandler(callback=<bound method ConfigPlayer.config_play_callback of ConfigPlayer.event_player/events>, priority=200, kwargs={'calling_context': 'mode_pilot_training_mission_missiles_started', 'mode': <Mode.iceman_letters>, 'settings': {'stop_all_training_pulse_shows': [{'condition': None, 'number': None, 'priority': 0, 'params': {}}]}}, key=UUID('39b15f45-f81a-46c0-9206-793ab617932d'), condition=None, blocking_facility=None)]. The order of those handlers is not defined and they will be executed in random order. This might lead to race conditions and potential bugs.
2026-05-17 15:07:28,228 : INFO : EventManager : Unordered handler for class ConfigPlayer.coil_player/coils on event mode_pilot_training_mission_afterburner_started with priority 200. Handlers: [RegisteredHandler(callback=<bound method ConfigPlayer.config_play_callback of ConfigPlayer.coil_player/coils>, priority=200, kwargs={'calling_context': 'mode_pilot_training_mission_afterburner_started', 'mode': <Mode.pilot_mission_qualifier>, 'settings': {<coil.c_mode_barrier>: {'action': 'disable', 'priority': 0, 'hold_power': None, 'pulse_power': None, 'pulse_ms': None, 'max_wait_ms': None}}}, key=UUID('ed1e6602-980b-4db4-b9f5-4c92da3001cb'), condition=None, blocking_facility=None), RegisteredHandler(callback=<bound method ConfigPlayer.config_play_callback of ConfigPlayer.coil_player/coils>, priority=200, kwargs={'calling_context': 'mode_pilot_training_mission_afterburner_started', 'mode': <Mode.iceman_letters>, 'settings': {<coil.c_mode_barrier>: {'action': 'off', 'priority': 0, 'hold_power': None, 'pulse_power': None, 'pulse_ms': None, 'max_wait_ms': None}}}, key=UUID('a8f9aa64-8855-4284-ab77-0f1c75570d94'), condition=None, blocking_facility=None)]. The order of those handlers is not defined and they will be executed in random order. This might lead to race conditions and potential bugs.
2026-05-17 15:07:28,228 : INFO : EventManager : Unordered handler for class ConfigPlayer.event_player/events on event mode_pilot_training_mission_afterburner_started with priority 200. Handlers: [RegisteredHandler(callback=<bound method ConfigPlayer.config_play_callback of ConfigPlayer.event_player/events>, priority=200, kwargs={'calling_context': 'mode_pilot_training_mission_afterburner_started', 'mode': <Mode.pilot_mission_qualifier>, 'settings': {'ball_search_reset': [{'condition': None, 'number': None, 'priority': 0, 'params': {}}], 'ball_search_block': [{'condition': None, 'number': None, 'priority': 0, 'params': {}}]}}, key=UUID('d244e58a-30a2-4d08-ae90-5a240342944b'), condition=None, blocking_facility=None), RegisteredHandler(callback=<bound method ConfigPlayer.config_play_callback of ConfigPlayer.event_player/events>, priority=200, kwargs={'calling_context': 'mode_pilot_training_mission_afterburner_started', 'mode': <Mode.iceman_letters>, 'settings': {'stop_all_training_pulse_shows': [{'condition': None, 'number': None, 'priority': 0, 'params': {}}]}}, key=UUID('5f130aa2-aa49-4743-a976-1177ef212440'), condition=None, blocking_facility=None)]. The order of those handlers is not defined and they will be executed in random order. This might lead to race conditions and potential bugs.
2026-05-17 15:07:28,228 : INFO : EventManager : Unordered handler for class ConfigPlayer.coil_player/coils on event mode_pilot_training_mission_wingman_started with priority 200. Handlers: [RegisteredHandler(callback=<bound method ConfigPlayer.config_play_callback of ConfigPlayer.coil_player/coils>, priority=200, kwargs={'calling_context': 'mode_pilot_training_mission_wingman_started', 'mode': <Mode.pilot_mission_qualifier>, 'settings': {<coil.c_mode_barrier>: {'action': 'disable', 'priority': 0, 'hold_power': None, 'pulse_power': None, 'pulse_ms': None, 'max_wait_ms': None}}}, key=UUID('a6b9527a-4a69-4949-afdd-981e9c2c39db'), condition=None, blocking_facility=None), RegisteredHandler(callback=<bound method ConfigPlayer.config_play_callback of ConfigPlayer.coil_player/coils>, priority=200, kwargs={'calling_context': 'mode_pilot_training_mission_wingman_started', 'mode': <Mode.iceman_letters>, 'settings': {<coil.c_mode_barrier>: {'action': 'off', 'priority': 0, 'hold_power': None, 'pulse_power': None, 'pulse_ms': None, 'max_wait_ms': None}}}, key=UUID('610bb42a-dee0-4824-874f-964ba650c53e'), condition=None, blocking_facility=None)]. The order of those handlers is not defined and they will be executed in random order. This might lead to race conditions and potential bugs.
2026-05-17 15:07:28,228 : INFO : EventManager : Unordered handler for class ConfigPlayer.event_player/events on event mode_pilot_training_mission_wingman_started with priority 200. Handlers: [RegisteredHandler(callback=<bound method ConfigPlayer.config_play_callback of ConfigPlayer.event_player/events>, priority=200, kwargs={'calling_context': 'mode_pilot_training_mission_wingman_started', 'mode': <Mode.pilot_mission_qualifier>, 'settings': {'ball_search_reset': [{'condition': None, 'number': None, 'priority': 0, 'params': {}}], 'ball_search_block': [{'condition': None, 'number': None, 'priority': 0, 'params': {}}]}}, key=UUID('4084c20c-d5d9-4f39-aa6e-bda943dff7e2'), condition=None, blocking_facility=None), RegisteredHandler(callback=<bound method ConfigPlayer.config_play_callback of ConfigPlayer.event_player/events>, priority=200, kwargs={'calling_context': 'mode_pilot_training_mission_wingman_started', 'mode': <Mode.iceman_letters>, 'settings': {'stop_all_training_pulse_shows': [{'condition': None, 'number': None, 'priority': 0, 'params': {}}]}}, key=UUID('4e44686c-ff6c-4c3a-ba5a-780129f21007'), condition=None, blocking_facility=None)]. The order of those handlers is not defined and they will be executed in random order. This might lead to race conditions and potential bugs.
2026-05-17 15:07:28,233 : INFO : EventManager : Unordered handler for class ConfigPlayer.coil_player/coils on event mode_pilot_training_mission_inverted_started with priority 200. Handlers: [RegisteredHandler(callback=<bound method ConfigPlayer.config_play_callback of ConfigPlayer.coil_player/coils>, priority=200, kwargs={'calling_context': 'mode_pilot_training_mission_inverted_started', 'mode': <Mode.pilot_mission_qualifier>, 'settings': {<coil.c_mode_barrier>: {'action': 'disable', 'priority': 0, 'hold_power': None, 'pulse_power': None, 'pulse_ms': None, 'max_wait_ms': None}}}, key=UUID('b5b5fc18-6669-43e3-a55a-f8c0a4163c51'), condition=None, blocking_facility=None), RegisteredHandler(callback=<bound method ConfigPlayer.config_play_callback of ConfigPlayer.coil_player/coils>, priority=200, kwargs={'calling_context': 'mode_pilot_training_mission_inverted_started', 'mode': <Mode.iceman_letters>, 'settings': {<coil.c_mode_barrier>: {'action': 'off', 'priority': 0, 'hold_power': None, 'pulse_power': None, 'pulse_ms': None, 'max_wait_ms': None}}}, key=UUID('fe48cbfc-1f36-4ed9-a2d7-327837f04c06'), condition=None, blocking_facility=None)]. The order of those handlers is not defined and they will be executed in random order. This might lead to race conditions and potential bugs.
2026-05-17 15:07:28,233 : INFO : EventManager : Unordered handler for class ConfigPlayer.event_player/events on event mode_pilot_training_mission_inverted_started with priority 200. Handlers: [RegisteredHandler(callback=<bound method ConfigPlayer.config_play_callback of ConfigPlayer.event_player/events>, priority=200, kwargs={'calling_context': 'mode_pilot_training_mission_inverted_started', 'mode': <Mode.pilot_mission_qualifier>, 'settings': {'ball_search_reset': [{'condition': None, 'number': None, 'priority': 0, 'params': {}}], 'ball_search_block': [{'condition': None, 'number': None, 'priority': 0, 'params': {}}]}}, key=UUID('bd04f88c-4711-48e7-aca2-aa24e8913a53'), condition=None, blocking_facility=None), RegisteredHandler(callback=<bound method ConfigPlayer.config_play_callback of ConfigPlayer.event_player/events>, priority=200, kwargs={'calling_context': 'mode_pilot_training_mission_inverted_started', 'mode': <Mode.iceman_letters>, 'settings': {'stop_all_training_pulse_shows': [{'condition': None, 'number': None, 'priority': 0, 'params': {}}]}}, key=UUID('f316b9ac-69d3-4004-81a8-68f155789386'), condition=None, blocking_facility=None)]. The order of those handlers is not defined and they will be executed in random order. This might lead to race conditions and potential bugs.
2026-05-17 15:07:28,233 : INFO : EventManager : Unordered handler for class ConfigPlayer.coil_player/coils on event mode_pilot_training_mission_missiles_started with priority 200. Handlers: [RegisteredHandler(callback=<bound method ConfigPlayer.config_play_callback of ConfigPlayer.coil_player/coils>, priority=200, kwargs={'calling_context': 'mode_pilot_training_mission_missiles_started', 'mode': <Mode.pilot_mission_qualifier>, 'settings': {<coil.c_mode_barrier>: {'action': 'disable', 'priority': 0, 'hold_power': None, 'pulse_power': None, 'pulse_ms': None, 'max_wait_ms': None}}}, key=UUID('de664bda-36fa-4e82-97e8-161a1cd33115'), condition=None, blocking_facility=None), RegisteredHandler(callback=<bound method ConfigPlayer.config_play_callback of ConfigPlayer.coil_player/coils>, priority=200, kwargs={'calling_context': 'mode_pilot_training_mission_missiles_started', 'mode': <Mode.iceman_letters>, 'settings': {<coil.c_mode_barrier>: {'action': 'off', 'priority': 0, 'hold_power': None, 'pulse_power': None, 'pulse_ms': None, 'max_wait_ms': None}}}, key=UUID('73af01f4-26be-470f-a501-46050b91cb4c'), condition=None, blocking_facility=None)]. The order of those handlers is not defined and they will be executed in random order. This might lead to race conditions and potential bugs.
2026-05-17 15:07:28,233 : INFO : EventManager : Unordered handler for class ConfigPlayer.event_player/events on event mode_pilot_training_mission_missiles_started with priority 200. Handlers: [RegisteredHandler(callback=<bound method ConfigPlayer.config_play_callback of ConfigPlayer.event_player/events>, priority=200, kwargs={'calling_context': 'mode_pilot_training_mission_missiles_started', 'mode': <Mode.pilot_mission_qualifier>, 'settings': {'ball_search_reset': [{'condition': None, 'number': None, 'priority': 0, 'params': {}}], 'ball_search_block': [{'condition': None, 'number': None, 'priority': 0, 'params': {}}]}}, key=UUID('b1b45894-6cd1-4b45-aae3-db816fc259d5'), condition=None, blocking_facility=None), RegisteredHandler(callback=<bound method ConfigPlayer.config_play_callback of ConfigPlayer.event_player/events>, priority=200, kwargs={'calling_context': 'mode_pilot_training_mission_missiles_started', 'mode': <Mode.iceman_letters>, 'settings': {'stop_all_training_pulse_shows': [{'condition': None, 'number': None, 'priority': 0, 'params': {}}]}}, key=UUID('39b15f45-f81a-46c0-9206-793ab617932d'), condition=None, blocking_facility=None)]. The order of those handlers is not defined and they will be executed in random order. This might lead to race conditions and potential bugs.
2026-05-17 15:07:28,233 : INFO : EventManager : Unordered handler for class ConfigPlayer.coil_player/coils on event mode_pilot_training_mission_afterburner_started with priority 200. Handlers: [RegisteredHandler(callback=<bound method ConfigPlayer.config_play_callback of ConfigPlayer.coil_player/coils>, priority=200, kwargs={'calling_context': 'mode_pilot_training_mission_afterburner_started', 'mode': <Mode.pilot_mission_qualifier>, 'settings': {<coil.c_mode_barrier>: {'action': 'disable', 'priority': 0, 'hold_power': None, 'pulse_power': None, 'pulse_ms': None, 'max_wait_ms': None}}}, key=UUID('ed1e6602-980b-4db4-b9f5-4c92da3001cb'), condition=None, blocking_facility=None), RegisteredHandler(callback=<bound method ConfigPlayer.config_play_callback of ConfigPlayer.coil_player/coils>, priority=200, kwargs={'calling_context': 'mode_pilot_training_mission_afterburner_started', 'mode': <Mode.iceman_letters>, 'settings': {<coil.c_mode_barrier>: {'action': 'off', 'priority': 0, 'hold_power': None, 'pulse_power': None, 'pulse_ms': None, 'max_wait_ms': None}}}, key=UUID('a8f9aa64-8855-4284-ab77-0f1c75570d94'), condition=None, blocking_facility=None)]. The order of those handlers is not defined and they will be executed in random order. This might lead to race conditions and potential bugs.
2026-05-17 15:07:28,233 : INFO : EventManager : Unordered handler for class ConfigPlayer.event_player/events on event mode_pilot_training_mission_afterburner_started with priority 200. Handlers: [RegisteredHandler(callback=<bound method ConfigPlayer.config_play_callback of ConfigPlayer.event_player/events>, priority=200, kwargs={'calling_context': 'mode_pilot_training_mission_afterburner_started', 'mode': <Mode.pilot_mission_qualifier>, 'settings': {'ball_search_reset': [{'condition': None, 'number': None, 'priority': 0, 'params': {}}], 'ball_search_block': [{'condition': None, 'number': None, 'priority': 0, 'params': {}}]}}, key=UUID('d244e58a-30a2-4d08-ae90-5a240342944b'), condition=None, blocking_facility=None), RegisteredHandler(callback=<bound method ConfigPlayer.config_play_callback of ConfigPlayer.event_player/events>, priority=200, kwargs={'calling_context': 'mode_pilot_training_mission_afterburner_started', 'mode': <Mode.iceman_letters>, 'settings': {'stop_all_training_pulse_shows': [{'condition': None, 'number': None, 'priority': 0, 'params': {}}]}}, key=UUID('5f130aa2-aa49-4743-a976-1177ef212440'), condition=None, blocking_facility=None)]. The order of those handlers is not defined and they will be executed in random order. This might lead to race conditions and potential bugs.
2026-05-17 15:07:28,233 : INFO : EventManager : Unordered handler for class ConfigPlayer.coil_player/coils on event mode_pilot_training_mission_wingman_started with priority 200. Handlers: [RegisteredHandler(callback=<bound method ConfigPlayer.config_play_callback of ConfigPlayer.coil_player/coils>, priority=200, kwargs={'calling_context': 'mode_pilot_training_mission_wingman_started', 'mode': <Mode.pilot_mission_qualifier>, 'settings': {<coil.c_mode_barrier>: {'action': 'disable', 'priority': 0, 'hold_power': None, 'pulse_power': None, 'pulse_ms': None, 'max_wait_ms': None}}}, key=UUID('a6b9527a-4a69-4949-afdd-981e9c2c39db'), condition=None, blocking_facility=None), RegisteredHandler(callback=<bound method ConfigPlayer.config_play_callback of ConfigPlayer.coil_player/coils>, priority=200, kwargs={'calling_context': 'mode_pilot_training_mission_wingman_started', 'mode': <Mode.iceman_letters>, 'settings': {<coil.c_mode_barrier>: {'action': 'off', 'priority': 0, 'hold_power': None, 'pulse_power': None, 'pulse_ms': None, 'max_wait_ms': None}}}, key=UUID('610bb42a-dee0-4824-874f-964ba650c53e'), condition=None, blocking_facility=None)]. The order of those handlers is not defined and they will be executed in random order. This might lead to race conditions and potential bugs.
2026-05-17 15:07:28,233 : INFO : EventManager : Unordered handler for class ConfigPlayer.event_player/events on event mode_pilot_training_mission_wingman_started with priority 200. Handlers: [RegisteredHandler(callback=<bound method ConfigPlayer.config_play_callback of ConfigPlayer.event_player/events>, priority=200, kwargs={'calling_context': 'mode_pilot_training_mission_wingman_started', 'mode': <Mode.pilot_mission_qualifier>, 'settings': {'ball_search_reset': [{'condition': None, 'number': None, 'priority': 0, 'params': {}}], 'ball_search_block': [{'condition': None, 'number': None, 'priority': 0, 'params': {}}]}}, key=UUID('4084c20c-d5d9-4f39-aa6e-bda943dff7e2'), condition=None, blocking_facility=None), RegisteredHandler(callback=<bound method ConfigPlayer.config_play_callback of ConfigPlayer.event_player/events>, priority=200, kwargs={'calling_context': 'mode_pilot_training_mission_wingman_started', 'mode': <Mode.iceman_letters>, 'settings': {'stop_all_training_pulse_shows': [{'condition': None, 'number': None, 'priority': 0, 'params': {}}]}}, key=UUID('4e44686c-ff6c-4c3a-ba5a-780129f21007'), condition=None, blocking_facility=None)]. The order of those handlers is not defined and they will be executed in random order. This might lead to race conditions and potential bugs.
2026-05-17 15:07:28,234 : INFO : EventManager : Unordered handler for class ConfigPlayer.variable_player/variables on event player_added with priority 200. Handlers: [RegisteredHandler(callback=<bound method ConfigPlayer.config_play_callback of ConfigPlayer.variable_player/variables>, priority=200, kwargs={'calling_context': 'player_added', 'mode': <Mode.pilot_mission_qualifier>, 'settings': {'_pmq_initialized': {'action': 'set', 'int': <NativeTemplate 1>, 'priority': 0, 'float': None, 'string': None, 'block': False, 'player': None, 'condition': None}}}, key=UUID('df0f06d6-fddb-4b81-8365-1cf2a388efc5'), condition=None, blocking_facility=None), RegisteredHandler(callback=<bound method ConfigPlayer.config_play_callback of ConfigPlayer.variable_player/variables>, priority=200, kwargs={'calling_context': 'player_added', 'mode': <Mode.iceman_letters>, 'settings': {'iceman_letter_i': {'action': 'set', 'int': <NativeTemplate 0>, 'priority': 0, 'float': None, 'string': None, 'block': False, 'player': None, 'condition': None}, 'iceman_letter_c': {'action': 'set', 'int': <NativeTemplate 0>, 'priority': 0, 'float': None, 'string': None, 'block': False, 'player': None, 'condition': None}, 'iceman_letter_e': {'action': 'set', 'int': <NativeTemplate 0>, 'priority': 0, 'float': None, 'string': None, 'block': False, 'player': None, 'condition': None}, 'iceman_letter_m': {'action': 'set', 'int': <NativeTemplate 0>, 'priority': 0, 'float': None, 'string': None, 'block': False, 'player': None, 'condition': None}, 'iceman_letter_a': {'action': 'set', 'int': <NativeTemplate 0>, 'priority': 0, 'float': None, 'string': None, 'block': False, 'player': None, 'condition': None}, 'iceman_letter_n': {'action': 'set', 'int': <NativeTemplate 0>, 'priority': 0, 'float': None, 'string': None, 'block': False, 'player': None, 'condition': None}, 'iceman_completing': {'action': 'set', 'int': <NativeTemplate 0>, 'priority': 0, 'float': None, 'string': None, 'block': False, 'player': None, 'condition': None}, 'training_inverted_complete': {'action': 'set', 'int': <NativeTemplate 0>, 'priority': 0, 'float': None, 'string': None, 'block': False, 'player': None, 'condition': None}, 'training_missles_complete': {'action': 'set', 'int': <NativeTemplate 0>, 'priority': 0, 'float': None, 'string': None, 'block': False, 'player': None, 'condition': None}, 'training_afterburner_complete': {'action': 'set', 'int': <NativeTemplate 0>, 'priority': 0, 'float': None, 'string': None, 'block': False, 'player': None, 'condition': None}, 'training_wingman_complete': {'action': 'set', 'int': <NativeTemplate 0>, 'priority': 0, 'float': None, 'string': None, 'block': False, 'player': None, 'condition': None}, 'training_dogfight_complete': {'action': 'set', 'int': <NativeTemplate 0>, 'priority': 0, 'float': None, 'string': None, 'block': False, 'player': None, 'condition': None}, 'right_post_locked_out': {'action': 'set', 'int': <NativeTemplate 0>, 'priority': 0, 'float': None, 'string': None, 'block': False, 'player': None, 'condition': None}}}, key=UUID('ce86339f-e14d-4333-8607-4888529a1c34'), condition=None, blocking_facility=None)]. The order of those handlers is not defined and they will be executed in random order. This might lead to race conditions and potential bugs.
2026-05-17 15:07:28,234 : INFO : EventManager : Unordered handler for class ConfigPlayer.coil_player/coils on event mode_pilot_training_mission_inverted_started with priority 200. Handlers: [RegisteredHandler(callback=<bound method ConfigPlayer.config_play_callback of ConfigPlayer.coil_player/coils>, priority=200, kwargs={'calling_context': 'mode_pilot_training_mission_inverted_started', 'mode': <Mode.pilot_mission_qualifier>, 'settings': {<coil.c_mode_barrier>: {'action': 'disable', 'priority': 0, 'hold_power': None, 'pulse_power': None, 'pulse_ms': None, 'max_wait_ms': None}}}, key=UUID('b5b5fc18-6669-43e3-a55a-f8c0a4163c51'), condition=None, blocking_facility=None), RegisteredHandler(callback=<bound method ConfigPlayer.config_play_callback of ConfigPlayer.coil_player/coils>, priority=200, kwargs={'calling_context': 'mode_pilot_training_mission_inverted_started', 'mode': <Mode.iceman_letters>, 'settings': {<coil.c_mode_barrier>: {'action': 'off', 'priority': 0, 'hold_power': None, 'pulse_power': None, 'pulse_ms': None, 'max_wait_ms': None}}}, key=UUID('fe48cbfc-1f36-4ed9-a2d7-327837f04c06'), condition=None, blocking_facility=None)]. The order of those handlers is not defined and they will be executed in random order. This might lead to race conditions and potential bugs.
2026-05-17 15:07:28,234 : INFO : EventManager : Unordered handler for class ConfigPlayer.event_player/events on event mode_pilot_training_mission_inverted_started with priority 200. Handlers: [RegisteredHandler(callback=<bound method ConfigPlayer.config_play_callback of ConfigPlayer.event_player/events>, priority=200, kwargs={'calling_context': 'mode_pilot_training_mission_inverted_started', 'mode': <Mode.pilot_mission_qualifier>, 'settings': {'ball_search_reset': [{'condition': None, 'number': None, 'priority': 0, 'params': {}}], 'ball_search_block': [{'condition': None, 'number': None, 'priority': 0, 'params': {}}]}}, key=UUID('bd04f88c-4711-48e7-aca2-aa24e8913a53'), condition=None, blocking_facility=None), RegisteredHandler(callback=<bound method ConfigPlayer.config_play_callback of ConfigPlayer.event_player/events>, priority=200, kwargs={'calling_context': 'mode_pilot_training_mission_inverted_started', 'mode': <Mode.iceman_letters>, 'settings': {'stop_all_training_pulse_shows': [{'condition': None, 'number': None, 'priority': 0, 'params': {}}]}}, key=UUID('f316b9ac-69d3-4004-81a8-68f155789386'), condition=None, blocking_facility=None)]. The order of those handlers is not defined and they will be executed in random order. This might lead to race conditions and potential bugs.
2026-05-17 15:07:28,235 : INFO : EventManager : Unordered handler for class ConfigPlayer.coil_player/coils on event mode_pilot_training_mission_missiles_started with priority 200. Handlers: [RegisteredHandler(callback=<bound method ConfigPlayer.config_play_callback of ConfigPlayer.coil_player/coils>, priority=200, kwargs={'calling_context': 'mode_pilot_training_mission_missiles_started', 'mode': <Mode.pilot_mission_qualifier>, 'settings': {<coil.c_mode_barrier>: {'action': 'disable', 'priority': 0, 'hold_power': None, 'pulse_power': None, 'pulse_ms': None, 'max_wait_ms': None}}}, key=UUID('de664bda-36fa-4e82-97e8-161a1cd33115'), condition=None, blocking_facility=None), RegisteredHandler(callback=<bound method ConfigPlayer.config_play_callback of ConfigPlayer.coil_player/coils>, priority=200, kwargs={'calling_context': 'mode_pilot_training_mission_missiles_started', 'mode': <Mode.iceman_letters>, 'settings': {<coil.c_mode_barrier>: {'action': 'off', 'priority': 0, 'hold_power': None, 'pulse_power': None, 'pulse_ms': None, 'max_wait_ms': None}}}, key=UUID('73af01f4-26be-470f-a501-46050b91cb4c'), condition=None, blocking_facility=None)]. The order of those handlers is not defined and they will be executed in random order. This might lead to race conditions and potential bugs.
2026-05-17 15:07:28,235 : INFO : EventManager : Unordered handler for class ConfigPlayer.event_player/events on event mode_pilot_training_mission_missiles_started with priority 200. Handlers: [RegisteredHandler(callback=<bound method ConfigPlayer.config_play_callback of ConfigPlayer.event_player/events>, priority=200, kwargs={'calling_context': 'mode_pilot_training_mission_missiles_started', 'mode': <Mode.pilot_mission_qualifier>, 'settings': {'ball_search_reset': [{'condition': None, 'number': None, 'priority': 0, 'params': {}}], 'ball_search_block': [{'condition': None, 'number': None, 'priority': 0, 'params': {}}]}}, key=UUID('b1b45894-6cd1-4b45-aae3-db816fc259d5'), condition=None, blocking_facility=None), RegisteredHandler(callback=<bound method ConfigPlayer.config_play_callback of ConfigPlayer.event_player/events>, priority=200, kwargs={'calling_context': 'mode_pilot_training_mission_missiles_started', 'mode': <Mode.iceman_letters>, 'settings': {'stop_all_training_pulse_shows': [{'condition': None, 'number': None, 'priority': 0, 'params': {}}]}}, key=UUID('39b15f45-f81a-46c0-9206-793ab617932d'), condition=None, blocking_facility=None)]. The order of those handlers is not defined and they will be executed in random order. This might lead to race conditions and potential bugs.
2026-05-17 15:07:28,235 : INFO : EventManager : Unordered handler for class ConfigPlayer.coil_player/coils on event mode_pilot_training_mission_afterburner_started with priority 200. Handlers: [RegisteredHandler(callback=<bound method ConfigPlayer.config_play_callback of ConfigPlayer.coil_player/coils>, priority=200, kwargs={'calling_context': 'mode_pilot_training_mission_afterburner_started', 'mode': <Mode.pilot_mission_qualifier>, 'settings': {<coil.c_mode_barrier>: {'action': 'disable', 'priority': 0, 'hold_power': None, 'pulse_power': None, 'pulse_ms': None, 'max_wait_ms': None}}}, key=UUID('ed1e6602-980b-4db4-b9f5-4c92da3001cb'), condition=None, blocking_facility=None), RegisteredHandler(callback=<bound method ConfigPlayer.config_play_callback of ConfigPlayer.coil_player/coils>, priority=200, kwargs={'calling_context': 'mode_pilot_training_mission_afterburner_started', 'mode': <Mode.iceman_letters>, 'settings': {<coil.c_mode_barrier>: {'action': 'off', 'priority': 0, 'hold_power': None, 'pulse_power': None, 'pulse_ms': None, 'max_wait_ms': None}}}, key=UUID('a8f9aa64-8855-4284-ab77-0f1c75570d94'), condition=None, blocking_facility=None)]. The order of those handlers is not defined and they will be executed in random order. This might lead to race conditions and potential bugs.
2026-05-17 15:07:28,235 : INFO : EventManager : Unordered handler for class ConfigPlayer.event_player/events on event mode_pilot_training_mission_afterburner_started with priority 200. Handlers: [RegisteredHandler(callback=<bound method ConfigPlayer.config_play_callback of ConfigPlayer.event_player/events>, priority=200, kwargs={'calling_context': 'mode_pilot_training_mission_afterburner_started', 'mode': <Mode.pilot_mission_qualifier>, 'settings': {'ball_search_reset': [{'condition': None, 'number': None, 'priority': 0, 'params': {}}], 'ball_search_block': [{'condition': None, 'number': None, 'priority': 0, 'params': {}}]}}, key=UUID('d244e58a-30a2-4d08-ae90-5a240342944b'), condition=None, blocking_facility=None), RegisteredHandler(callback=<bound method ConfigPlayer.config_play_callback of ConfigPlayer.event_player/events>, priority=200, kwargs={'calling_context': 'mode_pilot_training_mission_afterburner_started', 'mode': <Mode.iceman_letters>, 'settings': {'stop_all_training_pulse_shows': [{'condition': None, 'number': None, 'priority': 0, 'params': {}}]}}, key=UUID('5f130aa2-aa49-4743-a976-1177ef212440'), condition=None, blocking_facility=None)]. The order of those handlers is not defined and they will be executed in random order. This might lead to race conditions and potential bugs.
2026-05-17 15:07:28,235 : INFO : EventManager : Unordered handler for class ConfigPlayer.coil_player/coils on event mode_pilot_training_mission_wingman_started with priority 200. Handlers: [RegisteredHandler(callback=<bound method ConfigPlayer.config_play_callback of ConfigPlayer.coil_player/coils>, priority=200, kwargs={'calling_context': 'mode_pilot_training_mission_wingman_started', 'mode': <Mode.pilot_mission_qualifier>, 'settings': {<coil.c_mode_barrier>: {'action': 'disable', 'priority': 0, 'hold_power': None, 'pulse_power': None, 'pulse_ms': None, 'max_wait_ms': None}}}, key=UUID('a6b9527a-4a69-4949-afdd-981e9c2c39db'), condition=None, blocking_facility=None), RegisteredHandler(callback=<bound method ConfigPlayer.config_play_callback of ConfigPlayer.coil_player/coils>, priority=200, kwargs={'calling_context': 'mode_pilot_training_mission_wingman_started', 'mode': <Mode.iceman_letters>, 'settings': {<coil.c_mode_barrier>: {'action': 'off', 'priority': 0, 'hold_power': None, 'pulse_power': None, 'pulse_ms': None, 'max_wait_ms': None}}}, key=UUID('610bb42a-dee0-4824-874f-964ba650c53e'), condition=None, blocking_facility=None)]. The order of those handlers is not defined and they will be executed in random order. This might lead to race conditions and potential bugs.
2026-05-17 15:07:28,235 : INFO : EventManager : Unordered handler for class ConfigPlayer.event_player/events on event mode_pilot_training_mission_wingman_started with priority 200. Handlers: [RegisteredHandler(callback=<bound method ConfigPlayer.config_play_callback of ConfigPlayer.event_player/events>, priority=200, kwargs={'calling_context': 'mode_pilot_training_mission_wingman_started', 'mode': <Mode.pilot_mission_qualifier>, 'settings': {'ball_search_reset': [{'condition': None, 'number': None, 'priority': 0, 'params': {}}], 'ball_search_block': [{'condition': None, 'number': None, 'priority': 0, 'params': {}}]}}, key=UUID('4084c20c-d5d9-4f39-aa6e-bda943dff7e2'), condition=None, blocking_facility=None), RegisteredHandler(callback=<bound method ConfigPlayer.config_play_callback of ConfigPlayer.event_player/events>, priority=200, kwargs={'calling_context': 'mode_pilot_training_mission_wingman_started', 'mode': <Mode.iceman_letters>, 'settings': {'stop_all_training_pulse_shows': [{'condition': None, 'number': None, 'priority': 0, 'params': {}}]}}, key=UUID('4e44686c-ff6c-4c3a-ba5a-780129f21007'), condition=None, blocking_facility=None)]. The order of those handlers is not defined and they will be executed in random order. This might lead to race conditions and potential bugs.
2026-05-17 15:07:28,236 : INFO : EventManager : Unordered handler for class ConfigPlayer.variable_player/variables on event s_orbit_right_active with priority 200. Handlers: [RegisteredHandler(callback=<bound method ConfigPlayer.config_play_callback of ConfigPlayer.variable_player/variables>, priority=200, kwargs={'calling_context': 's_orbit_right_active', 'mode': <Mode.pilot_mission_qualifier>, 'settings': {'previous_switch_type': {'action': 'set', 'int': <NativeTemplate 0>, 'priority': 0, 'float': None, 'string': None, 'block': False, 'player': None, 'condition': None}}}, key=UUID('3360595a-3d0b-4970-83ae-cb1970b3c9ca'), condition=None, blocking_facility=None), RegisteredHandler(callback=<bound method ConfigPlayer.config_play_callback of ConfigPlayer.variable_player/variables>, priority=200, kwargs={'calling_context': 's_orbit_right_active', 'mode': <Mode.iceman_letters>, 'settings': {'right_post_locked_out': {'action': 'set', 'int': <NativeTemplate 1>, 'priority': 0, 'float': None, 'string': None, 'block': False, 'player': None, 'condition': None}}}, key=UUID('280493e1-5242-4dc9-94f5-98b3d80d8454'), condition=None, blocking_facility=None)]. The order of those handlers is not defined and they will be executed in random order. This might lead to race conditions and potential bugs.
2026-05-17 15:07:28,237 : INFO : EventManager : Unordered handler for class ConfigPlayer.variable_player/variables on event s_ramp_inner_exit_active with priority 200. Handlers: [RegisteredHandler(callback=<bound method ConfigPlayer.config_play_callback of ConfigPlayer.variable_player/variables>, priority=200, kwargs={'calling_context': 's_ramp_inner_exit_active', 'mode': <Mode.pilot_mission_qualifier>, 'settings': {'previous_switch_type': {'action': 'set', 'int': <NativeTemplate 0>, 'priority': 0, 'float': None, 'string': None, 'block': False, 'player': None, 'condition': None}}}, key=UUID('2b7dd61e-9f09-4991-969f-e21ea4dba39d'), condition=None, blocking_facility=None), RegisteredHandler(callback=<bound method ConfigPlayer.config_play_callback of ConfigPlayer.variable_player/variables>, priority=200, kwargs={'calling_context': 's_ramp_inner_exit_active', 'mode': <Mode.iceman_letters>, 'settings': {'right_post_locked_out': {'action': 'set', 'int': <NativeTemplate 1>, 'priority': 0, 'float': None, 'string': None, 'block': False, 'player': None, 'condition': None}}}, key=UUID('19c8c907-eca8-4aa1-840d-b3a8f0409fb8'), condition=None, blocking_facility=None)]. The order of those handlers is not defined and they will be executed in random order. This might lead to race conditions and potential bugs.
2026-05-17 15:07:28,237 : INFO : EventManager : Unordered handler for class ConfigPlayer.variable_player/variables on event s_orbit_upper_active with priority 200. Handlers: [RegisteredHandler(callback=<bound method ConfigPlayer.config_play_callback of ConfigPlayer.variable_player/variables>, priority=200, kwargs={'calling_context': 's_orbit_upper_active', 'mode': <Mode.pilot_mission_qualifier>, 'settings': {'previous_switch_type': {'action': 'set', 'int': <NativeTemplate 0>, 'priority': 0, 'float': None, 'string': None, 'block': False, 'player': None, 'condition': None}}}, key=UUID('42b1ab4e-1b84-4d14-b096-498feab6dcbd'), condition=None, blocking_facility=None), RegisteredHandler(callback=<bound method ConfigPlayer.config_play_callback of ConfigPlayer.variable_player/variables>, priority=200, kwargs={'calling_context': 's_orbit_upper_active', 'mode': <Mode.iceman_letters>, 'settings': {'right_post_locked_out': {'action': 'set', 'int': <NativeTemplate 1>, 'priority': 0, 'float': None, 'string': None, 'block': False, 'player': None, 'condition': None}}}, key=UUID('cf38fcc8-53b9-409a-9c3d-18be8fb55fcd'), condition=None, blocking_facility=None)]. The order of those handlers is not defined and they will be executed in random order. This might lead to race conditions and potential bugs.
2026-05-17 15:07:28,237 : INFO : EventManager : Unordered handler for class ConfigPlayer.variable_player/variables on event s_spinner_active with priority 200. Handlers: [RegisteredHandler(callback=<bound method ConfigPlayer.config_play_callback of ConfigPlayer.variable_player/variables>, priority=200, kwargs={'calling_context': 's_spinner_active', 'mode': <Mode.pilot_mission_qualifier>, 'settings': {'spinner_spin_count': {'action': 'add', 'int': <NativeTemplate 1>, 'priority': 0, 'float': None, 'string': None, 'block': False, 'player': None, 'condition': None}, 'previous_switch_type': {'action': 'set', 'int': <NativeTemplate 0>, 'priority': 0, 'float': None, 'string': None, 'block': False, 'player': None, 'condition': None}}}, key=UUID('64affcab-07dc-4b43-8f8e-aba7253c0f9a'), condition=None, blocking_facility=None), RegisteredHandler(callback=<bound method ConfigPlayer.config_play_callback of ConfigPlayer.variable_player/variables>, priority=200, kwargs={'calling_context': 's_spinner_active', 'mode': <Mode.iceman_letters>, 'settings': {'right_post_locked_out': {'action': 'set', 'int': <NativeTemplate 1>, 'priority': 0, 'float': None, 'string': None, 'block': False, 'player': None, 'condition': None}}}, key=UUID('ecc018da-da1b-4609-8ef2-b51ff1b1a709'), condition=None, blocking_facility=None)]. The order of those handlers is not defined and they will be executed in random order. This might lead to race conditions and potential bugs.
2026-05-17 15:07:28,239 : INFO : EventManager : Event: ======'mode_iceman_letters_starting'====== Args={'queue': <QueuedEvent>, 'player': 1, 'ball': 1, 'balls_remaining': 2, 'is_extra_ball': False}
2026-05-17 15:07:28,239 : INFO : EventManager : Event: ======'mode_hard_deck_qualifiers_will_start'====== Args={'queue': <QueuedEvent>, 'player': 1, 'ball': 1, 'balls_remaining': 2, 'is_extra_ball': False}
2026-05-17 15:07:28,239 : INFO : EventManager : Event: ======'player_hard_deck_qualifiers_hd_training_choice_timer_tick'====== Args={'value': 15, 'prev_value': 0, 'change': 15, 'player_num': 1}
2026-05-17 15:07:28,241 : INFO : EventManager : Unordered handler for class ConfigPlayer.variable_player/variables on event s_orbit_upper_active with priority 200. Handlers: [RegisteredHandler(callback=<bound method ConfigPlayer.config_play_callback of ConfigPlayer.variable_player/variables>, priority=200, kwargs={'calling_context': 's_orbit_upper_active', 'mode': <Mode.pilot_mission_qualifier>, 'settings': {'previous_switch_type': {'action': 'set', 'int': <NativeTemplate 0>, 'priority': 0, 'float': None, 'string': None, 'block': False, 'player': None, 'condition': None}}}, key=UUID('42b1ab4e-1b84-4d14-b096-498feab6dcbd'), condition=None, blocking_facility=None), RegisteredHandler(callback=<bound method ConfigPlayer.config_play_callback of ConfigPlayer.variable_player/variables>, priority=200, kwargs={'calling_context': 's_orbit_upper_active', 'mode': <Mode.iceman_letters>, 'settings': {'right_post_locked_out': {'action': 'set', 'int': <NativeTemplate 1>, 'priority': 0, 'float': None, 'string': None, 'block': False, 'player': None, 'condition': None}}}, key=UUID('cf38fcc8-53b9-409a-9c3d-18be8fb55fcd'), condition=None, blocking_facility=None)]. The order of those handlers is not defined and they will be executed in random order. This might lead to race conditions and potential bugs.
2026-05-17 15:07:28,243 : INFO : EventManager : Unordered handler for class ConfigPlayer.variable_player/variables on event mode_top_gun_multiball_stopped with priority 200. Handlers: [RegisteredHandler(callback=<bound method ConfigPlayer.config_play_callback of ConfigPlayer.variable_player/variables>, priority=200, kwargs={'calling_context': 'mode_top_gun_multiball_stopped', 'mode': <Mode.pilot_mission_qualifier>, 'settings': {'letter_collection_paused': {'action': 'set', 'int': <NativeTemplate 0>, 'priority': 0, 'float': None, 'string': None, 'block': False, 'player': None, 'condition': None}, 'pilot_qualifier_paused': {'action': 'set', 'int': <NativeTemplate 0>, 'priority': 0, 'float': None, 'string': None, 'block': False, 'player': None, 'condition': None}, 'lock_collection_paused': {'action': 'set', 'int': <NativeTemplate 0>, 'priority': 0, 'float': None, 'string': None, 'block': False, 'player': None, 'condition': None}, 'multiball_active': {'action': 'set', 'int': <NativeTemplate 0>, 'priority': 0, 'float': None, 'string': None, 'block': False, 'player': None, 'condition': None}}}, key=UUID('053e7344-ffd5-41f4-a542-0656149699f5'), condition=None, blocking_facility=None), RegisteredHandler(callback=<bound method ConfigPlayer.config_play_callback of ConfigPlayer.variable_player/variables>, priority=200, kwargs={'calling_context': 'mode_top_gun_multiball_stopped', 'mode': <Mode.top_gun_multiball_locks>, 'settings': {'lock_goose_lit': {'action': 'set', 'int': <NativeTemplate 0>, 'priority': 0, 'float': None, 'string': None, 'block': False, 'player': None, 'condition': None}, 'lock_mav_lit': {'action': 'set', 'int': <NativeTemplate 0>, 'priority': 0, 'float': None, 'string': None, 'block': False, 'player': None, 'condition': None}, 'lock_goose_locked': {'action': 'set', 'int': <NativeTemplate 0>, 'priority': 0, 'float': None, 'string': None, 'block': False, 'player': None, 'condition': None}, 'lock_mav_locked': {'action': 'set', 'int': <NativeTemplate 0>, 'priority': 0, 'float': None, 'string': None, 'block': False, 'player': None, 'condition': None}, 'multiball_qualified': {'action': 'set', 'int': <NativeTemplate 0>, 'priority': 0, 'float': None, 'string': None, 'block': False, 'player': None, 'condition': None}, 'multiball_starting': {'action': 'set', 'int': <NativeTemplate 0>, 'priority': 0, 'float': None, 'string': None, 'block': False, 'player': None, 'condition': None}, 'lock_completions': {'action': 'set', 'int': <NativeTemplate 0>, 'priority': 0, 'float': None, 'string': None, 'block': False, 'player': None, 'condition': None}, 'multiball_active': {'action': 'set', 'int': <NativeTemplate 0>, 'priority': 0, 'float': None, 'string': None, 'block': False, 'player': None, 'condition': None}, 'letter_collection_paused': {'action': 'set', 'int': <NativeTemplate 0>, 'priority': 0, 'float': None, 'string': None, 'block': False, 'player': None, 'condition': None}, 'pilot_qualifier_paused': {'action': 'set', 'int': <NativeTemplate 0>, 'priority': 0, 'float': None, 'string': None, 'block': False, 'player': None, 'condition': None}, 'lock_collection_paused': {'action': 'set', 'int': <NativeTemplate 0>, 'priority': 0, 'float': None, 'string': None, 'block': False, 'player': None, 'condition': None}, 'mb_mode_choice_active': {'action': 'set', 'int': <NativeTemplate 0>, 'priority': 0, 'float': None, 'string': None, 'block': False, 'player': None, 'condition': None}, 'lock_timer_paused': {'action': 'set', 'int': <NativeTemplate 0>, 'priority': 0, 'float': None, 'string': None, 'block': False, 'player': None, 'condition': None}}}, key=UUID('348a9554-8efd-4ac6-9492-2f36e8bb4e8f'), condition=None, blocking_facility=None)]. The order of those handlers is not defined and they will be executed in random order. This might lead to race conditions and potential bugs.
2026-05-17 15:07:28,244 : INFO : EventManager : Unordered handler for class ConfigPlayer.event_player/events on event mode_hard_deck_charlie_started with priority 200. Handlers: [RegisteredHandler(callback=<bound method ConfigPlayer.config_play_callback of ConfigPlayer.event_player/events>, priority=200, kwargs={'calling_context': 'mode_hard_deck_charlie_started', 'mode': <Mode.pilot_mission_qualifier>, 'settings': {'ball_search_reset': [{'condition': None, 'number': None, 'priority': 0, 'params': {}}], 'ball_search_block': [{'condition': None, 'number': None, 'priority': 0, 'params': {}}]}}, key=UUID('9a9c0cbf-ce0b-4c1a-bd02-6360fa1a50a8'), condition=None, blocking_facility=None), RegisteredHandler(callback=<bound method ConfigPlayer.config_play_callback of ConfigPlayer.event_player/events>, priority=200, kwargs={'calling_context': 'mode_hard_deck_charlie_started', 'mode': <Mode.iceman_letters>, 'settings': {'stop_all_training_pulse_shows': [{'condition': None, 'number': None, 'priority': 0, 'params': {}}]}}, key=UUID('2e22d7db-295e-4614-8c6c-ff6e9b6f21d1'), condition=None, blocking_facility=None), RegisteredHandler(callback=<bound method ConfigPlayer.config_play_callback of ConfigPlayer.event_player/events>, priority=200, kwargs={'calling_context': 'mode_hard_deck_charlie_started', 'mode': <Mode.hard_deck_qualifiers>, 'settings': {'hd_stop_pulse_show': [{'condition': None, 'number': None, 'priority': 0, 'params': {}}]}}, key=UUID('bb3d3265-10af-43c4-ab27-ac64ace99fee'), condition=None, blocking_facility=None)]. The order of those handlers is not defined and they will be executed in random order. This might lead to race conditions and potential bugs.
2026-05-17 15:07:28,244 : INFO : EventManager : Unordered handler for class ConfigPlayer.event_player/events on event mode_hard_deck_charlie_started with priority 200. Handlers: [RegisteredHandler(callback=<bound method ConfigPlayer.config_play_callback of ConfigPlayer.event_player/events>, priority=200, kwargs={'calling_context': 'mode_hard_deck_charlie_started', 'mode': <Mode.pilot_mission_qualifier>, 'settings': {'ball_search_reset': [{'condition': None, 'number': None, 'priority': 0, 'params': {}}], 'ball_search_block': [{'condition': None, 'number': None, 'priority': 0, 'params': {}}]}}, key=UUID('9a9c0cbf-ce0b-4c1a-bd02-6360fa1a50a8'), condition=None, blocking_facility=None), RegisteredHandler(callback=<bound method ConfigPlayer.config_play_callback of ConfigPlayer.event_player/events>, priority=200, kwargs={'calling_context': 'mode_hard_deck_charlie_started', 'mode': <Mode.iceman_letters>, 'settings': {'stop_all_training_pulse_shows': [{'condition': None, 'number': None, 'priority': 0, 'params': {}}]}}, key=UUID('2e22d7db-295e-4614-8c6c-ff6e9b6f21d1'), condition=None, blocking_facility=None), RegisteredHandler(callback=<bound method ConfigPlayer.config_play_callback of ConfigPlayer.event_player/events>, priority=200, kwargs={'calling_context': 'mode_hard_deck_charlie_started', 'mode': <Mode.hard_deck_qualifiers>, 'settings': {'hd_stop_pulse_show': [{'condition': None, 'number': None, 'priority': 0, 'params': {}}]}}, key=UUID('bb3d3265-10af-43c4-ab27-ac64ace99fee'), condition=None, blocking_facility=None)]. The order of those handlers is not defined and they will be executed in random order. This might lead to race conditions and potential bugs.
2026-05-17 15:07:28,244 : INFO : EventManager : Unordered handler for class ConfigPlayer.event_player/events on event mode_hard_deck_playing_with_the_boys_started with priority 200. Handlers: [RegisteredHandler(callback=<bound method ConfigPlayer.config_play_callback of ConfigPlayer.event_player/events>, priority=200, kwargs={'calling_context': 'mode_hard_deck_playing_with_the_boys_started', 'mode': <Mode.pilot_mission_qualifier>, 'settings': {'ball_search_reset': [{'condition': None, 'number': None, 'priority': 0, 'params': {}}], 'ball_search_block': [{'condition': None, 'number': None, 'priority': 0, 'params': {}}]}}, key=UUID('f4dbde95-b146-46c9-8c8a-2112e568bfc0'), condition=None, blocking_facility=None), RegisteredHandler(callback=<bound method ConfigPlayer.config_play_callback of ConfigPlayer.event_player/events>, priority=200, kwargs={'calling_context': 'mode_hard_deck_playing_with_the_boys_started', 'mode': <Mode.iceman_letters>, 'settings': {'stop_all_training_pulse_shows': [{'condition': None, 'number': None, 'priority': 0, 'params': {}}]}}, key=UUID('6bd48d64-a349-4ade-92f2-431773a5c9af'), condition=None, blocking_facility=None), RegisteredHandler(callback=<bound method ConfigPlayer.config_play_callback of ConfigPlayer.event_player/events>, priority=200, kwargs={'calling_context': 'mode_hard_deck_playing_with_the_boys_started', 'mode': <Mode.hard_deck_qualifiers>, 'settings': {'hd_stop_pulse_show': [{'condition': None, 'number': None, 'priority': 0, 'params': {}}]}}, key=UUID('b25ed203-9bd7-4ef3-b4a6-d3e3ee332ad9'), condition=None, blocking_facility=None)]. The order of those handlers is not defined and they will be executed in random order. This might lead to race conditions and potential bugs.
2026-05-17 15:07:28,244 : INFO : EventManager : Unordered handler for class ConfigPlayer.event_player/events on event mode_hard_deck_playing_with_the_boys_started with priority 200. Handlers: [RegisteredHandler(callback=<bound method ConfigPlayer.config_play_callback of ConfigPlayer.event_player/events>, priority=200, kwargs={'calling_context': 'mode_hard_deck_playing_with_the_boys_started', 'mode': <Mode.pilot_mission_qualifier>, 'settings': {'ball_search_reset': [{'condition': None, 'number': None, 'priority': 0, 'params': {}}], 'ball_search_block': [{'condition': None, 'number': None, 'priority': 0, 'params': {}}]}}, key=UUID('f4dbde95-b146-46c9-8c8a-2112e568bfc0'), condition=None, blocking_facility=None), RegisteredHandler(callback=<bound method ConfigPlayer.config_play_callback of ConfigPlayer.event_player/events>, priority=200, kwargs={'calling_context': 'mode_hard_deck_playing_with_the_boys_started', 'mode': <Mode.iceman_letters>, 'settings': {'stop_all_training_pulse_shows': [{'condition': None, 'number': None, 'priority': 0, 'params': {}}]}}, key=UUID('6bd48d64-a349-4ade-92f2-431773a5c9af'), condition=None, blocking_facility=None), RegisteredHandler(callback=<bound method ConfigPlayer.config_play_callback of ConfigPlayer.event_player/events>, priority=200, kwargs={'calling_context': 'mode_hard_deck_playing_with_the_boys_started', 'mode': <Mode.hard_deck_qualifiers>, 'settings': {'hd_stop_pulse_show': [{'condition': None, 'number': None, 'priority': 0, 'params': {}}]}}, key=UUID('b25ed203-9bd7-4ef3-b4a6-d3e3ee332ad9'), condition=None, blocking_facility=None)]. The order of those handlers is not defined and they will be executed in random order. This might lead to race conditions and potential bugs.
2026-05-17 15:07:28,244 : INFO : EventManager : Unordered handler for class ConfigPlayer.event_player/events on event mode_hard_deck_maverick_and_penny_started with priority 200. Handlers: [RegisteredHandler(callback=<bound method ConfigPlayer.config_play_callback of ConfigPlayer.event_player/events>, priority=200, kwargs={'calling_context': 'mode_hard_deck_maverick_and_penny_started', 'mode': <Mode.pilot_mission_qualifier>, 'settings': {'ball_search_reset': [{'condition': None, 'number': None, 'priority': 0, 'params': {}}], 'ball_search_block': [{'condition': None, 'number': None, 'priority': 0, 'params': {}}]}}, key=UUID('a79b148c-8bf2-48fc-89e9-7a0ac42a8dcc'), condition=None, blocking_facility=None), RegisteredHandler(callback=<bound method ConfigPlayer.config_play_callback of ConfigPlayer.event_player/events>, priority=200, kwargs={'calling_context': 'mode_hard_deck_maverick_and_penny_started', 'mode': <Mode.iceman_letters>, 'settings': {'stop_all_training_pulse_shows': [{'condition': None, 'number': None, 'priority': 0, 'params': {}}]}}, key=UUID('eeba3a7e-45a8-4975-988e-a36f44b351c7'), condition=None, blocking_facility=None), RegisteredHandler(callback=<bound method ConfigPlayer.config_play_callback of ConfigPlayer.event_player/events>, priority=200, kwargs={'calling_context': 'mode_hard_deck_maverick_and_penny_started', 'mode': <Mode.hard_deck_qualifiers>, 'settings': {'hd_stop_pulse_show': [{'condition': None, 'number': None, 'priority': 0, 'params': {}}]}}, key=UUID('19d029f2-feb0-464f-ba1f-34f90e90b032'), condition=None, blocking_facility=None)]. The order of those handlers is not defined and they will be executed in random order. This might lead to race conditions and potential bugs.
2026-05-17 15:07:28,244 : INFO : EventManager : Unordered handler for class ConfigPlayer.event_player/events on event mode_hard_deck_maverick_and_penny_started with priority 200. Handlers: [RegisteredHandler(callback=<bound method ConfigPlayer.config_play_callback of ConfigPlayer.event_player/events>, priority=200, kwargs={'calling_context': 'mode_hard_deck_maverick_and_penny_started', 'mode': <Mode.pilot_mission_qualifier>, 'settings': {'ball_search_reset': [{'condition': None, 'number': None, 'priority': 0, 'params': {}}], 'ball_search_block': [{'condition': None, 'number': None, 'priority': 0, 'params': {}}]}}, key=UUID('a79b148c-8bf2-48fc-89e9-7a0ac42a8dcc'), condition=None, blocking_facility=None), RegisteredHandler(callback=<bound method ConfigPlayer.config_play_callback of ConfigPlayer.event_player/events>, priority=200, kwargs={'calling_context': 'mode_hard_deck_maverick_and_penny_started', 'mode': <Mode.iceman_letters>, 'settings': {'stop_all_training_pulse_shows': [{'condition': None, 'number': None, 'priority': 0, 'params': {}}]}}, key=UUID('eeba3a7e-45a8-4975-988e-a36f44b351c7'), condition=None, blocking_facility=None), RegisteredHandler(callback=<bound method ConfigPlayer.config_play_callback of ConfigPlayer.event_player/events>, priority=200, kwargs={'calling_context': 'mode_hard_deck_maverick_and_penny_started', 'mode': <Mode.hard_deck_qualifiers>, 'settings': {'hd_stop_pulse_show': [{'condition': None, 'number': None, 'priority': 0, 'params': {}}]}}, key=UUID('19d029f2-feb0-464f-ba1f-34f90e90b032'), condition=None, blocking_facility=None)]. The order of those handlers is not defined and they will be executed in random order. This might lead to race conditions and potential bugs.
2026-05-17 15:07:28,244 : INFO : EventManager : Unordered handler for class ConfigPlayer.event_player/events on event mode_hard_deck_honoring_iceman_started with priority 200. Handlers: [RegisteredHandler(callback=<bound method ConfigPlayer.config_play_callback of ConfigPlayer.event_player/events>, priority=200, kwargs={'calling_context': 'mode_hard_deck_honoring_iceman_started', 'mode': <Mode.pilot_mission_qualifier>, 'settings': {'ball_search_reset': [{'condition': None, 'number': None, 'priority': 0, 'params': {}}], 'ball_search_block': [{'condition': None, 'number': None, 'priority': 0, 'params': {}}]}}, key=UUID('0b7051f9-838d-49ad-b4fc-31dfeaaf255d'), condition=None, blocking_facility=None), RegisteredHandler(callback=<bound method ConfigPlayer.config_play_callback of ConfigPlayer.event_player/events>, priority=200, kwargs={'calling_context': 'mode_hard_deck_honoring_iceman_started', 'mode': <Mode.iceman_letters>, 'settings': {'stop_all_training_pulse_shows': [{'condition': None, 'number': None, 'priority': 0, 'params': {}}]}}, key=UUID('c0d26b00-5ce3-494c-80e6-b077d586ea82'), condition=None, blocking_facility=None), RegisteredHandler(callback=<bound method ConfigPlayer.config_play_callback of ConfigPlayer.event_player/events>, priority=200, kwargs={'calling_context': 'mode_hard_deck_honoring_iceman_started', 'mode': <Mode.hard_deck_qualifiers>, 'settings': {'hd_stop_pulse_show': [{'condition': None, 'number': None, 'priority': 0, 'params': {}}]}}, key=UUID('4a3ad8d6-50d9-40f6-a6a2-7309e5107c2e'), condition=None, blocking_facility=None)]. The order of those handlers is not defined and they will be executed in random order. This might lead to race conditions and potential bugs.
2026-05-17 15:07:28,244 : INFO : EventManager : Unordered handler for class ConfigPlayer.event_player/events on event mode_hard_deck_honoring_iceman_started with priority 200. Handlers: [RegisteredHandler(callback=<bound method ConfigPlayer.config_play_callback of ConfigPlayer.event_player/events>, priority=200, kwargs={'calling_context': 'mode_hard_deck_honoring_iceman_started', 'mode': <Mode.pilot_mission_qualifier>, 'settings': {'ball_search_reset': [{'condition': None, 'number': None, 'priority': 0, 'params': {}}], 'ball_search_block': [{'condition': None, 'number': None, 'priority': 0, 'params': {}}]}}, key=UUID('0b7051f9-838d-49ad-b4fc-31dfeaaf255d'), condition=None, blocking_facility=None), RegisteredHandler(callback=<bound method ConfigPlayer.config_play_callback of ConfigPlayer.event_player/events>, priority=200, kwargs={'calling_context': 'mode_hard_deck_honoring_iceman_started', 'mode': <Mode.iceman_letters>, 'settings': {'stop_all_training_pulse_shows': [{'condition': None, 'number': None, 'priority': 0, 'params': {}}]}}, key=UUID('c0d26b00-5ce3-494c-80e6-b077d586ea82'), condition=None, blocking_facility=None), RegisteredHandler(callback=<bound method ConfigPlayer.config_play_callback of ConfigPlayer.event_player/events>, priority=200, kwargs={'calling_context': 'mode_hard_deck_honoring_iceman_started', 'mode': <Mode.hard_deck_qualifiers>, 'settings': {'hd_stop_pulse_show': [{'condition': None, 'number': None, 'priority': 0, 'params': {}}]}}, key=UUID('4a3ad8d6-50d9-40f6-a6a2-7309e5107c2e'), condition=None, blocking_facility=None)]. The order of those handlers is not defined and they will be executed in random order. This might lead to race conditions and potential bugs.
2026-05-17 15:07:28,246 : INFO : EventManager : Unordered handler for class ConfigPlayer.variable_player/variables on event s_spinner_active with priority 200. Handlers: [RegisteredHandler(callback=<bound method ConfigPlayer.config_play_callback of ConfigPlayer.variable_player/variables>, priority=200, kwargs={'calling_context': 's_spinner_active', 'mode': <Mode.pilot_mission_qualifier>, 'settings': {'spinner_spin_count': {'action': 'add', 'int': <NativeTemplate 1>, 'priority': 0, 'float': None, 'string': None, 'block': False, 'player': None, 'condition': None}, 'previous_switch_type': {'action': 'set', 'int': <NativeTemplate 0>, 'priority': 0, 'float': None, 'string': None, 'block': False, 'player': None, 'condition': None}}}, key=UUID('64affcab-07dc-4b43-8f8e-aba7253c0f9a'), condition=None, blocking_facility=None), RegisteredHandler(callback=<bound method ConfigPlayer.config_play_callback of ConfigPlayer.variable_player/variables>, priority=200, kwargs={'calling_context': 's_spinner_active', 'mode': <Mode.iceman_letters>, 'settings': {'right_post_locked_out': {'action': 'set', 'int': <NativeTemplate 1>, 'priority': 0, 'float': None, 'string': None, 'block': False, 'player': None, 'condition': None}}}, key=UUID('ecc018da-da1b-4609-8ef2-b51ff1b1a709'), condition=None, blocking_facility=None)]. The order of those handlers is not defined and they will be executed in random order. This might lead to race conditions and potential bugs.
2026-05-17 15:07:28,246 : INFO : EventManager : Unordered handler for class ConfigPlayer.variable_player/variables on event s_orbit_upper_active with priority 200. Handlers: [RegisteredHandler(callback=<bound method ConfigPlayer.config_play_callback of ConfigPlayer.variable_player/variables>, priority=200, kwargs={'calling_context': 's_orbit_upper_active', 'mode': <Mode.pilot_mission_qualifier>, 'settings': {'previous_switch_type': {'action': 'set', 'int': <NativeTemplate 0>, 'priority': 0, 'float': None, 'string': None, 'block': False, 'player': None, 'condition': None}}}, key=UUID('42b1ab4e-1b84-4d14-b096-498feab6dcbd'), condition=None, blocking_facility=None), RegisteredHandler(callback=<bound method ConfigPlayer.config_play_callback of ConfigPlayer.variable_player/variables>, priority=200, kwargs={'calling_context': 's_orbit_upper_active', 'mode': <Mode.iceman_letters>, 'settings': {'right_post_locked_out': {'action': 'set', 'int': <NativeTemplate 1>, 'priority': 0, 'float': None, 'string': None, 'block': False, 'player': None, 'condition': None}}}, key=UUID('cf38fcc8-53b9-409a-9c3d-18be8fb55fcd'), condition=None, blocking_facility=None)]. The order of those handlers is not defined and they will be executed in random order. This might lead to race conditions and potential bugs.
2026-05-17 15:07:28,246 : INFO : EventManager : Unordered handler for class ConfigPlayer.variable_player/variables on event s_ramp_inner_exit_active with priority 200. Handlers: [RegisteredHandler(callback=<bound method ConfigPlayer.config_play_callback of ConfigPlayer.variable_player/variables>, priority=200, kwargs={'calling_context': 's_ramp_inner_exit_active', 'mode': <Mode.pilot_mission_qualifier>, 'settings': {'previous_switch_type': {'action': 'set', 'int': <NativeTemplate 0>, 'priority': 0, 'float': None, 'string': None, 'block': False, 'player': None, 'condition': None}}}, key=UUID('2b7dd61e-9f09-4991-969f-e21ea4dba39d'), condition=None, blocking_facility=None), RegisteredHandler(callback=<bound method ConfigPlayer.config_play_callback of ConfigPlayer.variable_player/variables>, priority=200, kwargs={'calling_context': 's_ramp_inner_exit_active', 'mode': <Mode.iceman_letters>, 'settings': {'right_post_locked_out': {'action': 'set', 'int': <NativeTemplate 1>, 'priority': 0, 'float': None, 'string': None, 'block': False, 'player': None, 'condition': None}}}, key=UUID('19c8c907-eca8-4aa1-840d-b3a8f0409fb8'), condition=None, blocking_facility=None)]. The order of those handlers is not defined and they will be executed in random order. This might lead to race conditions and potential bugs.
2026-05-17 15:07:28,246 : INFO : EventManager : Unordered handler for class ConfigPlayer.variable_player/variables on event s_orbit_right_active with priority 200. Handlers: [RegisteredHandler(callback=<bound method ConfigPlayer.config_play_callback of ConfigPlayer.variable_player/variables>, priority=200, kwargs={'calling_context': 's_orbit_right_active', 'mode': <Mode.pilot_mission_qualifier>, 'settings': {'previous_switch_type': {'action': 'set', 'int': <NativeTemplate 0>, 'priority': 0, 'float': None, 'string': None, 'block': False, 'player': None, 'condition': None}}}, key=UUID('3360595a-3d0b-4970-83ae-cb1970b3c9ca'), condition=None, blocking_facility=None), RegisteredHandler(callback=<bound method ConfigPlayer.config_play_callback of ConfigPlayer.variable_player/variables>, priority=200, kwargs={'calling_context': 's_orbit_right_active', 'mode': <Mode.iceman_letters>, 'settings': {'right_post_locked_out': {'action': 'set', 'int': <NativeTemplate 1>, 'priority': 0, 'float': None, 'string': None, 'block': False, 'player': None, 'condition': None}}}, key=UUID('280493e1-5242-4dc9-94f5-98b3d80d8454'), condition=None, blocking_facility=None)]. The order of those handlers is not defined and they will be executed in random order. This might lead to race conditions and potential bugs.
2026-05-17 15:07:28,250 : INFO : EventManager : Unordered handler for class ConfigPlayer.event_player/events on event mode_hard_deck_charlie_started with priority 200. Handlers: [RegisteredHandler(callback=<bound method ConfigPlayer.config_play_callback of ConfigPlayer.event_player/events>, priority=200, kwargs={'calling_context': 'mode_hard_deck_charlie_started', 'mode': <Mode.pilot_mission_qualifier>, 'settings': {'ball_search_reset': [{'condition': None, 'number': None, 'priority': 0, 'params': {}}], 'ball_search_block': [{'condition': None, 'number': None, 'priority': 0, 'params': {}}]}}, key=UUID('9a9c0cbf-ce0b-4c1a-bd02-6360fa1a50a8'), condition=None, blocking_facility=None), RegisteredHandler(callback=<bound method ConfigPlayer.config_play_callback of ConfigPlayer.event_player/events>, priority=200, kwargs={'calling_context': 'mode_hard_deck_charlie_started', 'mode': <Mode.iceman_letters>, 'settings': {'stop_all_training_pulse_shows': [{'condition': None, 'number': None, 'priority': 0, 'params': {}}]}}, key=UUID('2e22d7db-295e-4614-8c6c-ff6e9b6f21d1'), condition=None, blocking_facility=None), RegisteredHandler(callback=<bound method ConfigPlayer.config_play_callback of ConfigPlayer.event_player/events>, priority=200, kwargs={'calling_context': 'mode_hard_deck_charlie_started', 'mode': <Mode.hard_deck_qualifiers>, 'settings': {'hd_stop_pulse_show': [{'condition': None, 'number': None, 'priority': 0, 'params': {}}]}}, key=UUID('bb3d3265-10af-43c4-ab27-ac64ace99fee'), condition=None, blocking_facility=None)]. The order of those handlers is not defined and they will be executed in random order. This might lead to race conditions and potential bugs.
2026-05-17 15:07:28,251 : INFO : EventManager : Unordered handler for class ConfigPlayer.event_player/events on event mode_hard_deck_charlie_started with priority 200. Handlers: [RegisteredHandler(callback=<bound method ConfigPlayer.config_play_callback of ConfigPlayer.event_player/events>, priority=200, kwargs={'calling_context': 'mode_hard_deck_charlie_started', 'mode': <Mode.pilot_mission_qualifier>, 'settings': {'ball_search_reset': [{'condition': None, 'number': None, 'priority': 0, 'params': {}}], 'ball_search_block': [{'condition': None, 'number': None, 'priority': 0, 'params': {}}]}}, key=UUID('9a9c0cbf-ce0b-4c1a-bd02-6360fa1a50a8'), condition=None, blocking_facility=None), RegisteredHandler(callback=<bound method ConfigPlayer.config_play_callback of ConfigPlayer.event_player/events>, priority=200, kwargs={'calling_context': 'mode_hard_deck_charlie_started', 'mode': <Mode.iceman_letters>, 'settings': {'stop_all_training_pulse_shows': [{'condition': None, 'number': None, 'priority': 0, 'params': {}}]}}, key=UUID('2e22d7db-295e-4614-8c6c-ff6e9b6f21d1'), condition=None, blocking_facility=None), RegisteredHandler(callback=<bound method ConfigPlayer.config_play_callback of ConfigPlayer.event_player/events>, priority=200, kwargs={'calling_context': 'mode_hard_deck_charlie_started', 'mode': <Mode.hard_deck_qualifiers>, 'settings': {'hd_stop_pulse_show': [{'condition': None, 'number': None, 'priority': 0, 'params': {}}]}}, key=UUID('bb3d3265-10af-43c4-ab27-ac64ace99fee'), condition=None, blocking_facility=None)]. The order of those handlers is not defined and they will be executed in random order. This might lead to race conditions and potential bugs.
2026-05-17 15:07:28,251 : INFO : EventManager : Unordered handler for class ConfigPlayer.event_player/events on event mode_hard_deck_playing_with_the_boys_started with priority 200. Handlers: [RegisteredHandler(callback=<bound method ConfigPlayer.config_play_callback of ConfigPlayer.event_player/events>, priority=200, kwargs={'calling_context': 'mode_hard_deck_playing_with_the_boys_started', 'mode': <Mode.pilot_mission_qualifier>, 'settings': {'ball_search_reset': [{'condition': None, 'number': None, 'priority': 0, 'params': {}}], 'ball_search_block': [{'condition': None, 'number': None, 'priority': 0, 'params': {}}]}}, key=UUID('f4dbde95-b146-46c9-8c8a-2112e568bfc0'), condition=None, blocking_facility=None), RegisteredHandler(callback=<bound method ConfigPlayer.config_play_callback of ConfigPlayer.event_player/events>, priority=200, kwargs={'calling_context': 'mode_hard_deck_playing_with_the_boys_started', 'mode': <Mode.iceman_letters>, 'settings': {'stop_all_training_pulse_shows': [{'condition': None, 'number': None, 'priority': 0, 'params': {}}]}}, key=UUID('6bd48d64-a349-4ade-92f2-431773a5c9af'), condition=None, blocking_facility=None), RegisteredHandler(callback=<bound method ConfigPlayer.config_play_callback of ConfigPlayer.event_player/events>, priority=200, kwargs={'calling_context': 'mode_hard_deck_playing_with_the_boys_started', 'mode': <Mode.hard_deck_qualifiers>, 'settings': {'hd_stop_pulse_show': [{'condition': None, 'number': None, 'priority': 0, 'params': {}}]}}, key=UUID('b25ed203-9bd7-4ef3-b4a6-d3e3ee332ad9'), condition=None, blocking_facility=None)]. The order of those handlers is not defined and they will be executed in random order. This might lead to race conditions and potential bugs.
2026-05-17 15:07:28,251 : INFO : EventManager : Unordered handler for class ConfigPlayer.event_player/events on event mode_hard_deck_playing_with_the_boys_started with priority 200. Handlers: [RegisteredHandler(callback=<bound method ConfigPlayer.config_play_callback of ConfigPlayer.event_player/events>, priority=200, kwargs={'calling_context': 'mode_hard_deck_playing_with_the_boys_started', 'mode': <Mode.pilot_mission_qualifier>, 'settings': {'ball_search_reset': [{'condition': None, 'number': None, 'priority': 0, 'params': {}}], 'ball_search_block': [{'condition': None, 'number': None, 'priority': 0, 'params': {}}]}}, key=UUID('f4dbde95-b146-46c9-8c8a-2112e568bfc0'), condition=None, blocking_facility=None), RegisteredHandler(callback=<bound method ConfigPlayer.config_play_callback of ConfigPlayer.event_player/events>, priority=200, kwargs={'calling_context': 'mode_hard_deck_playing_with_the_boys_started', 'mode': <Mode.iceman_letters>, 'settings': {'stop_all_training_pulse_shows': [{'condition': None, 'number': None, 'priority': 0, 'params': {}}]}}, key=UUID('6bd48d64-a349-4ade-92f2-431773a5c9af'), condition=None, blocking_facility=None), RegisteredHandler(callback=<bound method ConfigPlayer.config_play_callback of ConfigPlayer.event_player/events>, priority=200, kwargs={'calling_context': 'mode_hard_deck_playing_with_the_boys_started', 'mode': <Mode.hard_deck_qualifiers>, 'settings': {'hd_stop_pulse_show': [{'condition': None, 'number': None, 'priority': 0, 'params': {}}]}}, key=UUID('b25ed203-9bd7-4ef3-b4a6-d3e3ee332ad9'), condition=None, blocking_facility=None)]. The order of those handlers is not defined and they will be executed in random order. This might lead to race conditions and potential bugs.
2026-05-17 15:07:28,251 : INFO : EventManager : Unordered handler for class ConfigPlayer.event_player/events on event mode_hard_deck_maverick_and_penny_started with priority 200. Handlers: [RegisteredHandler(callback=<bound method ConfigPlayer.config_play_callback of ConfigPlayer.event_player/events>, priority=200, kwargs={'calling_context': 'mode_hard_deck_maverick_and_penny_started', 'mode': <Mode.pilot_mission_qualifier>, 'settings': {'ball_search_reset': [{'condition': None, 'number': None, 'priority': 0, 'params': {}}], 'ball_search_block': [{'condition': None, 'number': None, 'priority': 0, 'params': {}}]}}, key=UUID('a79b148c-8bf2-48fc-89e9-7a0ac42a8dcc'), condition=None, blocking_facility=None), RegisteredHandler(callback=<bound method ConfigPlayer.config_play_callback of ConfigPlayer.event_player/events>, priority=200, kwargs={'calling_context': 'mode_hard_deck_maverick_and_penny_started', 'mode': <Mode.iceman_letters>, 'settings': {'stop_all_training_pulse_shows': [{'condition': None, 'number': None, 'priority': 0, 'params': {}}]}}, key=UUID('eeba3a7e-45a8-4975-988e-a36f44b351c7'), condition=None, blocking_facility=None), RegisteredHandler(callback=<bound method ConfigPlayer.config_play_callback of ConfigPlayer.event_player/events>, priority=200, kwargs={'calling_context': 'mode_hard_deck_maverick_and_penny_started', 'mode': <Mode.hard_deck_qualifiers>, 'settings': {'hd_stop_pulse_show': [{'condition': None, 'number': None, 'priority': 0, 'params': {}}]}}, key=UUID('19d029f2-feb0-464f-ba1f-34f90e90b032'), condition=None, blocking_facility=None)]. The order of those handlers is not defined and they will be executed in random order. This might lead to race conditions and potential bugs.
2026-05-17 15:07:28,251 : INFO : EventManager : Unordered handler for class ConfigPlayer.event_player/events on event mode_hard_deck_maverick_and_penny_started with priority 200. Handlers: [RegisteredHandler(callback=<bound method ConfigPlayer.config_play_callback of ConfigPlayer.event_player/events>, priority=200, kwargs={'calling_context': 'mode_hard_deck_maverick_and_penny_started', 'mode': <Mode.pilot_mission_qualifier>, 'settings': {'ball_search_reset': [{'condition': None, 'number': None, 'priority': 0, 'params': {}}], 'ball_search_block': [{'condition': None, 'number': None, 'priority': 0, 'params': {}}]}}, key=UUID('a79b148c-8bf2-48fc-89e9-7a0ac42a8dcc'), condition=None, blocking_facility=None), RegisteredHandler(callback=<bound method ConfigPlayer.config_play_callback of ConfigPlayer.event_player/events>, priority=200, kwargs={'calling_context': 'mode_hard_deck_maverick_and_penny_started', 'mode': <Mode.iceman_letters>, 'settings': {'stop_all_training_pulse_shows': [{'condition': None, 'number': None, 'priority': 0, 'params': {}}]}}, key=UUID('eeba3a7e-45a8-4975-988e-a36f44b351c7'), condition=None, blocking_facility=None), RegisteredHandler(callback=<bound method ConfigPlayer.config_play_callback of ConfigPlayer.event_player/events>, priority=200, kwargs={'calling_context': 'mode_hard_deck_maverick_and_penny_started', 'mode': <Mode.hard_deck_qualifiers>, 'settings': {'hd_stop_pulse_show': [{'condition': None, 'number': None, 'priority': 0, 'params': {}}]}}, key=UUID('19d029f2-feb0-464f-ba1f-34f90e90b032'), condition=None, blocking_facility=None)]. The order of those handlers is not defined and they will be executed in random order. This might lead to race conditions and potential bugs.
2026-05-17 15:07:28,251 : INFO : EventManager : Unordered handler for class ConfigPlayer.event_player/events on event mode_hard_deck_honoring_iceman_started with priority 200. Handlers: [RegisteredHandler(callback=<bound method ConfigPlayer.config_play_callback of ConfigPlayer.event_player/events>, priority=200, kwargs={'calling_context': 'mode_hard_deck_honoring_iceman_started', 'mode': <Mode.pilot_mission_qualifier>, 'settings': {'ball_search_reset': [{'condition': None, 'number': None, 'priority': 0, 'params': {}}], 'ball_search_block': [{'condition': None, 'number': None, 'priority': 0, 'params': {}}]}}, key=UUID('0b7051f9-838d-49ad-b4fc-31dfeaaf255d'), condition=None, blocking_facility=None), RegisteredHandler(callback=<bound method ConfigPlayer.config_play_callback of ConfigPlayer.event_player/events>, priority=200, kwargs={'calling_context': 'mode_hard_deck_honoring_iceman_started', 'mode': <Mode.iceman_letters>, 'settings': {'stop_all_training_pulse_shows': [{'condition': None, 'number': None, 'priority': 0, 'params': {}}]}}, key=UUID('c0d26b00-5ce3-494c-80e6-b077d586ea82'), condition=None, blocking_facility=None), RegisteredHandler(callback=<bound method ConfigPlayer.config_play_callback of ConfigPlayer.event_player/events>, priority=200, kwargs={'calling_context': 'mode_hard_deck_honoring_iceman_started', 'mode': <Mode.hard_deck_qualifiers>, 'settings': {'hd_stop_pulse_show': [{'condition': None, 'number': None, 'priority': 0, 'params': {}}]}}, key=UUID('4a3ad8d6-50d9-40f6-a6a2-7309e5107c2e'), condition=None, blocking_facility=None)]. The order of those handlers is not defined and they will be executed in random order. This might lead to race conditions and potential bugs.
2026-05-17 15:07:28,251 : INFO : EventManager : Unordered handler for class ConfigPlayer.event_player/events on event mode_hard_deck_honoring_iceman_started with priority 200. Handlers: [RegisteredHandler(callback=<bound method ConfigPlayer.config_play_callback of ConfigPlayer.event_player/events>, priority=200, kwargs={'calling_context': 'mode_hard_deck_honoring_iceman_started', 'mode': <Mode.pilot_mission_qualifier>, 'settings': {'ball_search_reset': [{'condition': None, 'number': None, 'priority': 0, 'params': {}}], 'ball_search_block': [{'condition': None, 'number': None, 'priority': 0, 'params': {}}]}}, key=UUID('0b7051f9-838d-49ad-b4fc-31dfeaaf255d'), condition=None, blocking_facility=None), RegisteredHandler(callback=<bound method ConfigPlayer.config_play_callback of ConfigPlayer.event_player/events>, priority=200, kwargs={'calling_context': 'mode_hard_deck_honoring_iceman_started', 'mode': <Mode.iceman_letters>, 'settings': {'stop_all_training_pulse_shows': [{'condition': None, 'number': None, 'priority': 0, 'params': {}}]}}, key=UUID('c0d26b00-5ce3-494c-80e6-b077d586ea82'), condition=None, blocking_facility=None), RegisteredHandler(callback=<bound method ConfigPlayer.config_play_callback of ConfigPlayer.event_player/events>, priority=200, kwargs={'calling_context': 'mode_hard_deck_honoring_iceman_started', 'mode': <Mode.hard_deck_qualifiers>, 'settings': {'hd_stop_pulse_show': [{'condition': None, 'number': None, 'priority': 0, 'params': {}}]}}, key=UUID('4a3ad8d6-50d9-40f6-a6a2-7309e5107c2e'), condition=None, blocking_facility=None)]. The order of those handlers is not defined and they will be executed in random order. This might lead to race conditions and potential bugs.
2026-05-17 15:07:28,251 : INFO : EventManager : Unordered handler for class ConfigPlayer.variable_player/variables on event mode_top_gun_multiball_stopped with priority 200. Handlers: [RegisteredHandler(callback=<bound method ConfigPlayer.config_play_callback of ConfigPlayer.variable_player/variables>, priority=200, kwargs={'calling_context': 'mode_top_gun_multiball_stopped', 'mode': <Mode.pilot_mission_qualifier>, 'settings': {'letter_collection_paused': {'action': 'set', 'int': <NativeTemplate 0>, 'priority': 0, 'float': None, 'string': None, 'block': False, 'player': None, 'condition': None}, 'pilot_qualifier_paused': {'action': 'set', 'int': <NativeTemplate 0>, 'priority': 0, 'float': None, 'string': None, 'block': False, 'player': None, 'condition': None}, 'lock_collection_paused': {'action': 'set', 'int': <NativeTemplate 0>, 'priority': 0, 'float': None, 'string': None, 'block': False, 'player': None, 'condition': None}, 'multiball_active': {'action': 'set', 'int': <NativeTemplate 0>, 'priority': 0, 'float': None, 'string': None, 'block': False, 'player': None, 'condition': None}}}, key=UUID('053e7344-ffd5-41f4-a542-0656149699f5'), condition=None, blocking_facility=None), RegisteredHandler(callback=<bound method ConfigPlayer.config_play_callback of ConfigPlayer.variable_player/variables>, priority=200, kwargs={'calling_context': 'mode_top_gun_multiball_stopped', 'mode': <Mode.top_gun_multiball_locks>, 'settings': {'lock_goose_lit': {'action': 'set', 'int': <NativeTemplate 0>, 'priority': 0, 'float': None, 'string': None, 'block': False, 'player': None, 'condition': None}, 'lock_mav_lit': {'action': 'set', 'int': <NativeTemplate 0>, 'priority': 0, 'float': None, 'string': None, 'block': False, 'player': None, 'condition': None}, 'lock_goose_locked': {'action': 'set', 'int': <NativeTemplate 0>, 'priority': 0, 'float': None, 'string': None, 'block': False, 'player': None, 'condition': None}, 'lock_mav_locked': {'action': 'set', 'int': <NativeTemplate 0>, 'priority': 0, 'float': None, 'string': None, 'block': False, 'player': None, 'condition': None}, 'multiball_qualified': {'action': 'set', 'int': <NativeTemplate 0>, 'priority': 0, 'float': None, 'string': None, 'block': False, 'player': None, 'condition': None}, 'multiball_starting': {'action': 'set', 'int': <NativeTemplate 0>, 'priority': 0, 'float': None, 'string': None, 'block': False, 'player': None, 'condition': None}, 'lock_completions': {'action': 'set', 'int': <NativeTemplate 0>, 'priority': 0, 'float': None, 'string': None, 'block': False, 'player': None, 'condition': None}, 'multiball_active': {'action': 'set', 'int': <NativeTemplate 0>, 'priority': 0, 'float': None, 'string': None, 'block': False, 'player': None, 'condition': None}, 'letter_collection_paused': {'action': 'set', 'int': <NativeTemplate 0>, 'priority': 0, 'float': None, 'string': None, 'block': False, 'player': None, 'condition': None}, 'pilot_qualifier_paused': {'action': 'set', 'int': <NativeTemplate 0>, 'priority': 0, 'float': None, 'string': None, 'block': False, 'player': None, 'condition': None}, 'lock_collection_paused': {'action': 'set', 'int': <NativeTemplate 0>, 'priority': 0, 'float': None, 'string': None, 'block': False, 'player': None, 'condition': None}, 'mb_mode_choice_active': {'action': 'set', 'int': <NativeTemplate 0>, 'priority': 0, 'float': None, 'string': None, 'block': False, 'player': None, 'condition': None}, 'lock_timer_paused': {'action': 'set', 'int': <NativeTemplate 0>, 'priority': 0, 'float': None, 'string': None, 'block': False, 'player': None, 'condition': None}}}, key=UUID('348a9554-8efd-4ac6-9492-2f36e8bb4e8f'), condition=None, blocking_facility=None)]. The order of those handlers is not defined and they will be executed in random order. This might lead to race conditions and potential bugs.
2026-05-17 15:07:28,252 : INFO : EventManager : Unordered handler for class ConfigPlayer.variable_player/variables on event mode_hard_deck_charlie_stopped with priority 200. Handlers: [RegisteredHandler(callback=<bound method ConfigPlayer.config_play_callback of ConfigPlayer.variable_player/variables>, priority=200, kwargs={'calling_context': 'mode_hard_deck_charlie_stopped', 'mode': <Mode.pilot_mission_qualifier>, 'settings': {'letter_collection_paused': {'action': 'set', 'int': <NativeTemplate 0>, 'priority': 0, 'float': None, 'string': None, 'block': False, 'player': None, 'condition': None}, 'hard_deck_active': {'action': 'set', 'int': <NativeTemplate 0>, 'priority': 0, 'float': None, 'string': None, 'block': False, 'player': None, 'condition': None}}}, key=UUID('5e370124-77cf-46f7-ad59-9ad36ca2b278'), condition=None, blocking_facility=None), RegisteredHandler(callback=<bound method ConfigPlayer.config_play_callback of ConfigPlayer.variable_player/variables>, priority=200, kwargs={'calling_context': 'mode_hard_deck_charlie_stopped', 'mode': <Mode.hard_deck_qualifiers>, 'settings': {'hard_deck_active': {'action': 'set', 'int': <NativeTemplate 0>, 'priority': 0, 'float': None, 'string': None, 'block': False, 'player': None, 'condition': None}, 'letter_collection_paused': {'action': 'set', 'int': <NativeTemplate 0>, 'priority': 0, 'float': None, 'string': None, 'block': False, 'player': None, 'condition': None}}}, key=UUID('7d42576f-f538-4060-aa90-0c0592fa30ba'), condition=None, blocking_facility=None)]. The order of those handlers is not defined and they will be executed in random order. This might lead to race conditions and potential bugs.
2026-05-17 15:07:28,252 : INFO : EventManager : Unordered handler for class ConfigPlayer.variable_player/variables on event mode_hard_deck_playing_with_the_boys_stopped with priority 200. Handlers: [RegisteredHandler(callback=<bound method ConfigPlayer.config_play_callback of ConfigPlayer.variable_player/variables>, priority=200, kwargs={'calling_context': 'mode_hard_deck_playing_with_the_boys_stopped', 'mode': <Mode.pilot_mission_qualifier>, 'settings': {'letter_collection_paused': {'action': 'set', 'int': <NativeTemplate 0>, 'priority': 0, 'float': None, 'string': None, 'block': False, 'player': None, 'condition': None}, 'hard_deck_active': {'action': 'set', 'int': <NativeTemplate 0>, 'priority': 0, 'float': None, 'string': None, 'block': False, 'player': None, 'condition': None}, 'multiball_active': {'action': 'set', 'int': <NativeTemplate 0>, 'priority': 0, 'float': None, 'string': None, 'block': False, 'player': None, 'condition': None}}}, key=UUID('22aeb876-e2c2-411a-8ddf-efa87314eaaa'), condition=None, blocking_facility=None), RegisteredHandler(callback=<bound method ConfigPlayer.config_play_callback of ConfigPlayer.variable_player/variables>, priority=200, kwargs={'calling_context': 'mode_hard_deck_playing_with_the_boys_stopped', 'mode': <Mode.hard_deck_qualifiers>, 'settings': {'hard_deck_active': {'action': 'set', 'int': <NativeTemplate 0>, 'priority': 0, 'float': None, 'string': None, 'block': False, 'player': None, 'condition': None}, 'letter_collection_paused': {'action': 'set', 'int': <NativeTemplate 0>, 'priority': 0, 'float': None, 'string': None, 'block': False, 'player': None, 'condition': None}, 'ptb_post_mode_plunge_active': {'action': 'set', 'int': <NativeTemplate 0>, 'priority': 0, 'float': None, 'string': None, 'block': False, 'player': None, 'condition': None}}}, key=UUID('1c03c11b-546c-47cc-a3a0-529541f567af'), condition=None, blocking_facility=None)]. The order of those handlers is not defined and they will be executed in random order. This might lead to race conditions and potential bugs.
2026-05-17 15:07:28,252 : INFO : EventManager : Unordered handler for class ConfigPlayer.variable_player/variables on event mode_hard_deck_maverick_and_penny_stopped with priority 200. Handlers: [RegisteredHandler(callback=<bound method ConfigPlayer.config_play_callback of ConfigPlayer.variable_player/variables>, priority=200, kwargs={'calling_context': 'mode_hard_deck_maverick_and_penny_stopped', 'mode': <Mode.pilot_mission_qualifier>, 'settings': {'letter_collection_paused': {'action': 'set', 'int': <NativeTemplate 0>, 'priority': 0, 'float': None, 'string': None, 'block': False, 'player': None, 'condition': None}, 'hard_deck_active': {'action': 'set', 'int': <NativeTemplate 0>, 'priority': 0, 'float': None, 'string': None, 'block': False, 'player': None, 'condition': None}}}, key=UUID('76c7c4a7-31ff-45a6-8909-37f75c15e456'), condition=None, blocking_facility=None), RegisteredHandler(callback=<bound method ConfigPlayer.config_play_callback of ConfigPlayer.variable_player/variables>, priority=200, kwargs={'calling_context': 'mode_hard_deck_maverick_and_penny_stopped', 'mode': <Mode.hard_deck_qualifiers>, 'settings': {'hard_deck_active': {'action': 'set', 'int': <NativeTemplate 0>, 'priority': 0, 'float': None, 'string': None, 'block': False, 'player': None, 'condition': None}, 'letter_collection_paused': {'action': 'set', 'int': <NativeTemplate 0>, 'priority': 0, 'float': None, 'string': None, 'block': False, 'player': None, 'condition': None}}}, key=UUID('b1abe4eb-6f07-4ad7-93e2-29cb8168d4ab'), condition=None, blocking_facility=None)]. The order of those handlers is not defined and they will be executed in random order. This might lead to race conditions and potential bugs.
2026-05-17 15:07:28,253 : INFO : EventManager : Unordered handler for class ConfigPlayer.variable_player/variables on event mode_hard_deck_honoring_iceman_stopped with priority 200. Handlers: [RegisteredHandler(callback=<bound method ConfigPlayer.config_play_callback of ConfigPlayer.variable_player/variables>, priority=200, kwargs={'calling_context': 'mode_hard_deck_honoring_iceman_stopped', 'mode': <Mode.pilot_mission_qualifier>, 'settings': {'letter_collection_paused': {'action': 'set', 'int': <NativeTemplate 0>, 'priority': 0, 'float': None, 'string': None, 'block': False, 'player': None, 'condition': None}, 'hard_deck_active': {'action': 'set', 'int': <NativeTemplate 0>, 'priority': 0, 'float': None, 'string': None, 'block': False, 'player': None, 'condition': None}}}, key=UUID('30164b81-3685-47aa-85a8-2f72e43d945e'), condition=None, blocking_facility=None), RegisteredHandler(callback=<bound method ConfigPlayer.config_play_callback of ConfigPlayer.variable_player/variables>, priority=200, kwargs={'calling_context': 'mode_hard_deck_honoring_iceman_stopped', 'mode': <Mode.hard_deck_qualifiers>, 'settings': {'hard_deck_active': {'action': 'set', 'int': <NativeTemplate 0>, 'priority': 0, 'float': None, 'string': None, 'block': False, 'player': None, 'condition': None}, 'letter_collection_paused': {'action': 'set', 'int': <NativeTemplate 0>, 'priority': 0, 'float': None, 'string': None, 'block': False, 'player': None, 'condition': None}}}, key=UUID('8f8e5745-b2a0-4d20-a149-b9612b9950bf'), condition=None, blocking_facility=None)]. The order of those handlers is not defined and they will be executed in random order. This might lead to race conditions and potential bugs.
2026-05-17 15:07:28,254 : INFO : EventManager : Event: ======'mode_hard_deck_qualifiers_starting'====== Args={'queue': <QueuedEvent>, 'player': 1, 'ball': 1, 'balls_remaining': 2, 'is_extra_ball': False}
2026-05-17 15:07:28,254 : INFO : EventManager : Event: ======'mode_mig_letters_will_start'====== Args={'queue': <QueuedEvent>, 'player': 1, 'ball': 1, 'balls_remaining': 2, 'is_extra_ball': False}
2026-05-17 15:07:28,254 : INFO : EventManager : Event: ======'player_mig_letters_mig_reset_tick'====== Args={'value': 0, 'prev_value': 0, 'change': 0, 'player_num': 1}
2026-05-17 15:07:28,256 : INFO : EventManager : Unordered handler for class ConfigPlayer.variable_player/variables on event player_added with priority 200. Handlers: [RegisteredHandler(callback=<bound method ConfigPlayer.config_play_callback of ConfigPlayer.variable_player/variables>, priority=200, kwargs={'calling_context': 'player_added', 'mode': <Mode.pilot_mission_qualifier>, 'settings': {'_pmq_initialized': {'action': 'set', 'int': <NativeTemplate 1>, 'priority': 0, 'float': None, 'string': None, 'block': False, 'player': None, 'condition': None}}}, key=UUID('df0f06d6-fddb-4b81-8365-1cf2a388efc5'), condition=None, blocking_facility=None), RegisteredHandler(callback=<bound method ConfigPlayer.config_play_callback of ConfigPlayer.variable_player/variables>, priority=200, kwargs={'calling_context': 'player_added', 'mode': <Mode.iceman_letters>, 'settings': {'iceman_letter_i': {'action': 'set', 'int': <NativeTemplate 0>, 'priority': 0, 'float': None, 'string': None, 'block': False, 'player': None, 'condition': None}, 'iceman_letter_c': {'action': 'set', 'int': <NativeTemplate 0>, 'priority': 0, 'float': None, 'string': None, 'block': False, 'player': None, 'condition': None}, 'iceman_letter_e': {'action': 'set', 'int': <NativeTemplate 0>, 'priority': 0, 'float': None, 'string': None, 'block': False, 'player': None, 'condition': None}, 'iceman_letter_m': {'action': 'set', 'int': <NativeTemplate 0>, 'priority': 0, 'float': None, 'string': None, 'block': False, 'player': None, 'condition': None}, 'iceman_letter_a': {'action': 'set', 'int': <NativeTemplate 0>, 'priority': 0, 'float': None, 'string': None, 'block': False, 'player': None, 'condition': None}, 'iceman_letter_n': {'action': 'set', 'int': <NativeTemplate 0>, 'priority': 0, 'float': None, 'string': None, 'block': False, 'player': None, 'condition': None}, 'iceman_completing': {'action': 'set', 'int': <NativeTemplate 0>, 'priority': 0, 'float': None, 'string': None, 'block': False, 'player': None, 'condition': None}, 'training_inverted_complete': {'action': 'set', 'int': <NativeTemplate 0>, 'priority': 0, 'float': None, 'string': None, 'block': False, 'player': None, 'condition': None}, 'training_missles_complete': {'action': 'set', 'int': <NativeTemplate 0>, 'priority': 0, 'float': None, 'string': None, 'block': False, 'player': None, 'condition': None}, 'training_afterburner_complete': {'action': 'set', 'int': <NativeTemplate 0>, 'priority': 0, 'float': None, 'string': None, 'block': False, 'player': None, 'condition': None}, 'training_wingman_complete': {'action': 'set', 'int': <NativeTemplate 0>, 'priority': 0, 'float': None, 'string': None, 'block': False, 'player': None, 'condition': None}, 'training_dogfight_complete': {'action': 'set', 'int': <NativeTemplate 0>, 'priority': 0, 'float': None, 'string': None, 'block': False, 'player': None, 'condition': None}, 'right_post_locked_out': {'action': 'set', 'int': <NativeTemplate 0>, 'priority': 0, 'float': None, 'string': None, 'block': False, 'player': None, 'condition': None}}}, key=UUID('ce86339f-e14d-4333-8607-4888529a1c34'), condition=None, blocking_facility=None), RegisteredHandler(callback=<bound method ConfigPlayer.config_play_callback of ConfigPlayer.variable_player/variables>, priority=200, kwargs={'calling_context': 'player_added', 'mode': <Mode.mig_letters>, 'settings': {'mig_letter_m': {'action': 'set', 'int': <NativeTemplate 0>, 'priority': 0, 'float': None, 'string': None, 'block': False, 'player': None, 'condition': None}, 'mig_letter_i': {'action': 'set', 'int': <NativeTemplate 0>, 'priority': 0, 'float': None, 'string': None, 'block': False, 'player': None, 'condition': None}, 'mig_letter_g': {'action': 'set', 'int': <NativeTemplate 0>, 'priority': 0, 'float': None, 'string': None, 'block': False, 'player': None, 'condition': None}, 'bonus_multiplier': {'action': 'set', 'int': <NativeTemplate 1>, 'priority': 0, 'float': None, 'string': None, 'block': False, 'player': None, 'condition': None}, 'mig_completing': {'action': 'set', 'int': <NativeTemplate 0>, 'priority': 0, 'float': None, 'string': None, 'block': False, 'player': None, 'condition': None}}}, key=UUID('46ff0377-cde3-4d9d-886e-b4574e6a104c'), condition=None, blocking_facility=None)]. The order of those handlers is not defined and they will be executed in random order. This might lead to race conditions and potential bugs.
2026-05-17 15:07:28,256 : INFO : EventManager : Unordered handler for class ConfigPlayer.variable_player/variables on event player_added with priority 200. Handlers: [RegisteredHandler(callback=<bound method ConfigPlayer.config_play_callback of ConfigPlayer.variable_player/variables>, priority=200, kwargs={'calling_context': 'player_added', 'mode': <Mode.pilot_mission_qualifier>, 'settings': {'_pmq_initialized': {'action': 'set', 'int': <NativeTemplate 1>, 'priority': 0, 'float': None, 'string': None, 'block': False, 'player': None, 'condition': None}}}, key=UUID('df0f06d6-fddb-4b81-8365-1cf2a388efc5'), condition=None, blocking_facility=None), RegisteredHandler(callback=<bound method ConfigPlayer.config_play_callback of ConfigPlayer.variable_player/variables>, priority=200, kwargs={'calling_context': 'player_added', 'mode': <Mode.iceman_letters>, 'settings': {'iceman_letter_i': {'action': 'set', 'int': <NativeTemplate 0>, 'priority': 0, 'float': None, 'string': None, 'block': False, 'player': None, 'condition': None}, 'iceman_letter_c': {'action': 'set', 'int': <NativeTemplate 0>, 'priority': 0, 'float': None, 'string': None, 'block': False, 'player': None, 'condition': None}, 'iceman_letter_e': {'action': 'set', 'int': <NativeTemplate 0>, 'priority': 0, 'float': None, 'string': None, 'block': False, 'player': None, 'condition': None}, 'iceman_letter_m': {'action': 'set', 'int': <NativeTemplate 0>, 'priority': 0, 'float': None, 'string': None, 'block': False, 'player': None, 'condition': None}, 'iceman_letter_a': {'action': 'set', 'int': <NativeTemplate 0>, 'priority': 0, 'float': None, 'string': None, 'block': False, 'player': None, 'condition': None}, 'iceman_letter_n': {'action': 'set', 'int': <NativeTemplate 0>, 'priority': 0, 'float': None, 'string': None, 'block': False, 'player': None, 'condition': None}, 'iceman_completing': {'action': 'set', 'int': <NativeTemplate 0>, 'priority': 0, 'float': None, 'string': None, 'block': False, 'player': None, 'condition': None}, 'training_inverted_complete': {'action': 'set', 'int': <NativeTemplate 0>, 'priority': 0, 'float': None, 'string': None, 'block': False, 'player': None, 'condition': None}, 'training_missles_complete': {'action': 'set', 'int': <NativeTemplate 0>, 'priority': 0, 'float': None, 'string': None, 'block': False, 'player': None, 'condition': None}, 'training_afterburner_complete': {'action': 'set', 'int': <NativeTemplate 0>, 'priority': 0, 'float': None, 'string': None, 'block': False, 'player': None, 'condition': None}, 'training_wingman_complete': {'action': 'set', 'int': <NativeTemplate 0>, 'priority': 0, 'float': None, 'string': None, 'block': False, 'player': None, 'condition': None}, 'training_dogfight_complete': {'action': 'set', 'int': <NativeTemplate 0>, 'priority': 0, 'float': None, 'string': None, 'block': False, 'player': None, 'condition': None}, 'right_post_locked_out': {'action': 'set', 'int': <NativeTemplate 0>, 'priority': 0, 'float': None, 'string': None, 'block': False, 'player': None, 'condition': None}}}, key=UUID('ce86339f-e14d-4333-8607-4888529a1c34'), condition=None, blocking_facility=None), RegisteredHandler(callback=<bound method ConfigPlayer.config_play_callback of ConfigPlayer.variable_player/variables>, priority=200, kwargs={'calling_context': 'player_added', 'mode': <Mode.mig_letters>, 'settings': {'mig_letter_m': {'action': 'set', 'int': <NativeTemplate 0>, 'priority': 0, 'float': None, 'string': None, 'block': False, 'player': None, 'condition': None}, 'mig_letter_i': {'action': 'set', 'int': <NativeTemplate 0>, 'priority': 0, 'float': None, 'string': None, 'block': False, 'player': None, 'condition': None}, 'mig_letter_g': {'action': 'set', 'int': <NativeTemplate 0>, 'priority': 0, 'float': None, 'string': None, 'block': False, 'player': None, 'condition': None}, 'bonus_multiplier': {'action': 'set', 'int': <NativeTemplate 1>, 'priority': 0, 'float': None, 'string': None, 'block': False, 'player': None, 'condition': None}, 'mig_completing': {'action': 'set', 'int': <NativeTemplate 0>, 'priority': 0, 'float': None, 'string': None, 'block': False, 'player': None, 'condition': None}}}, key=UUID('46ff0377-cde3-4d9d-886e-b4574e6a104c'), condition=None, blocking_facility=None)]. The order of those handlers is not defined and they will be executed in random order. This might lead to race conditions and potential bugs.
2026-05-17 15:07:28,257 : INFO : EventManager : Unordered handler for class ConfigPlayer.variable_player/variables on event ball_will_end with priority 200. Handlers: [RegisteredHandler(callback=<bound method ConfigPlayer.config_play_callback of ConfigPlayer.variable_player/variables>, priority=200, kwargs={'calling_context': 'ball_will_end', 'mode': <Mode.pilot_mission_qualifier>, 'settings': {'mystery_just_lit_pilot': {'action': 'set', 'int': <NativeTemplate 0>, 'priority': 0, 'float': None, 'string': None, 'block': False, 'player': None, 'condition': None}, 'scoop_release_pending': {'action': 'set', 'int': <NativeTemplate 0>, 'priority': 0, 'float': None, 'string': None, 'block': False, 'player': None, 'condition': None}}}, key=UUID('323391e8-925d-4139-9300-d01a33129726'), condition=None, blocking_facility=None), RegisteredHandler(callback=<bound method ConfigPlayer.config_play_callback of ConfigPlayer.variable_player/variables>, priority=200, kwargs={'calling_context': 'ball_will_end', 'mode': <Mode.mig_letters>, 'settings': {'mig_letter_m': {'action': 'set', 'int': <NativeTemplate 0>, 'priority': 0, 'float': None, 'string': None, 'block': False, 'player': None, 'condition': None}, 'mig_letter_i': {'action': 'set', 'int': <NativeTemplate 0>, 'priority': 0, 'float': None, 'string': None, 'block': False, 'player': None, 'condition': None}, 'mig_letter_g': {'action': 'set', 'int': <NativeTemplate 0>, 'priority': 0, 'float': None, 'string': None, 'block': False, 'player': None, 'condition': None}, 'mig_completing': {'action': 'set', 'int': <NativeTemplate 0>, 'priority': 0, 'float': None, 'string': None, 'block': False, 'player': None, 'condition': None}}}, key=UUID('b601b64f-41ad-48d1-9ed8-b821e36d412b'), condition=None, blocking_facility=None)]. The order of those handlers is not defined and they will be executed in random order. This might lead to race conditions and potential bugs.
2026-05-17 15:07:28,257 : INFO : EventManager : Event: ======'mode_mig_letters_starting'====== Args={'queue': <QueuedEvent>, 'player': 1, 'ball': 1, 'balls_remaining': 2, 'is_extra_ball': False}
2026-05-17 15:07:28,257 : INFO : EventManager : Event: ======'start_mode_bumpers'====== Args={'priority': 0}
2026-05-17 15:07:28,257 : INFO : EventManager : Event: ======'right_ramp_down'====== Args={'priority': 0}
2026-05-17 15:07:28,257 : INFO : EventManager : Event: ======'lock_released'====== Args={'priority': 0}
2026-05-17 15:07:28,259 : INFO : EventManager : Event: ======'player_total_scoring_multiplier'====== Args={'value': 1.0, 'prev_value': 0, 'change': 1.0, 'player_num': 1, 'source': 'base'}
2026-05-17 15:07:28,259 : INFO : EventManager : Event: ======'player_bonus_switches_count'====== Args={'value': 0, 'prev_value': 0, 'change': 0, 'player_num': 1, 'source': 'base'}
2026-05-17 15:07:28,259 : INFO : EventManager : Event: ======'player_bonus_ramps_count'====== Args={'value': 0, 'prev_value': 0, 'change': 0, 'player_num': 1, 'source': 'base'}
2026-05-17 15:07:28,259 : INFO : EventManager : Event: ======'player_bonus_highest_mach'====== Args={'value': 0, 'prev_value': 0, 'change': 0, 'player_num': 1, 'source': 'base'}
2026-05-17 15:07:28,259 : INFO : EventManager : Event: ======'player_bonus_multiplier'====== Args={'value': 1, 'prev_value': 0, 'change': 1, 'player_num': 1, 'source': 'base'}
2026-05-17 15:07:28,259 : INFO : EventManager : Event: ======'player_pilot_mode_drain_pending'====== Args={'value': 0, 'prev_value': 0, 'change': 0, 'player_num': 1, 'source': 'base'}
2026-05-17 15:07:28,259 : INFO : EventManager : Event: ======'player_spinner_sound_toggle'====== Args={'value': 0, 'prev_value': 0, 'change': 0, 'player_num': 1, 'source': 'base'}
2026-05-17 15:07:28,260 : INFO : EventManager : Event: ======'mode_bumpers_will_start'====== Args={'priority': 0}
2026-05-17 15:07:28,260 : INFO : EventManager : Event: ======'player_shot_bumper_left_enabled'====== Args={'value': True, 'prev_value': 0, 'change': 1, 'player_num': 1}
2026-05-17 15:07:28,260 : INFO : EventManager : Event: ======'player_shot_bumper_center_enabled'====== Args={'value': True, 'prev_value': 0, 'change': 1, 'player_num': 1}
2026-05-17 15:07:28,260 : INFO : EventManager : Event: ======'player_shot_bumper_right_enabled'====== Args={'value': True, 'prev_value': 0, 'change': 1, 'player_num': 1}
2026-05-17 15:07:28,260 : INFO : EventManager : Event: ======'bumpers_complete'====== Args={'state': 'unlit'}
2026-05-17 15:07:28,260 : INFO : EventManager : Event: ======'bumpers_unlit_complete'====== Args={}
2026-05-17 15:07:28,261 : INFO : EventManager : Event: ======'mode_bumpers_starting'====== Args={'priority': 0}
2026-05-17 15:07:28,261 : INFO : coil.c_right_orbit_diverter : Disabling Driver
2026-05-17 15:07:28,261 : INFO : Mode.bumpers : Started. Priority: 200
2026-05-17 15:07:28,261 : INFO : EventManager : Event: ======'modes_active_modes_changed'====== Args={}
2026-05-17 15:07:28,261 : INFO : EventManager : Event: ======'mode_bumpers_started'====== Args={'priority': 0}
2026-05-17 15:07:28,261 : INFO : Mode.mig_letters : Started. Priority: 200
2026-05-17 15:07:28,261 : INFO : EventManager : Event: ======'modes_active_modes_changed'====== Args={}
2026-05-17 15:07:28,261 : INFO : EventManager : Event: ======'mode_mig_letters_started'====== Args={'queue': <QueuedEvent>, 'player': 1, 'ball': 1, 'balls_remaining': 2, 'is_extra_ball': False}
2026-05-17 15:07:28,262 : INFO : Mode.hard_deck_qualifiers : Started. Priority: 200
2026-05-17 15:07:28,262 : INFO : EventManager : Event: ======'modes_active_modes_changed'====== Args={}
2026-05-17 15:07:28,262 : INFO : EventManager : Event: ======'mode_hard_deck_qualifiers_started'====== Args={'queue': <QueuedEvent>, 'player': 1, 'ball': 1, 'balls_remaining': 2, 'is_extra_ball': False}
2026-05-17 15:07:28,262 : INFO : EventManager : Event: ======'hd_qualify_charlie'====== Args={'priority': 0}
2026-05-17 15:07:28,262 : INFO : EventManager : Event: ======'player_hd_mc_qualified'====== Args={'value': 1, 'prev_value': 0, 'change': 1, 'player_num': 1, 'source': 'hard_deck_qualifiers'}
2026-05-17 15:07:28,262 : INFO : EventManager : Event: ======'player_hard_deck_qualified_mode'====== Args={'value': 1, 'prev_value': 0, 'change': 1, 'player_num': 1, 'source': 'hard_deck_qualifiers'}
2026-05-17 15:07:28,262 : INFO : Mode.iceman_letters : Started. Priority: 200
2026-05-17 15:07:28,262 : INFO : EventManager : Event: ======'modes_active_modes_changed'====== Args={}
2026-05-17 15:07:28,262 : INFO : EventManager : Event: ======'mode_iceman_letters_started'====== Args={'queue': <QueuedEvent>, 'player': 1, 'ball': 1, 'balls_remaining': 2, 'is_extra_ball': False}
2026-05-17 15:07:28,263 : INFO : EventManager : Event: ======'restore_training_mission_light'====== Args={'priority': 0}
2026-05-17 15:07:28,263 : INFO : Mode.top_gun_multiball_locks : Started. Priority: 200
2026-05-17 15:07:28,263 : INFO : EventManager : Event: ======'modes_active_modes_changed'====== Args={}
2026-05-17 15:07:28,263 : INFO : EventManager : Event: ======'mode_top_gun_multiball_locks_started'====== Args={'queue': <QueuedEvent>, 'player': 1, 'ball': 1, 'balls_remaining': 2, 'is_extra_ball': False}
2026-05-17 15:07:28,263 : INFO : EventManager : Event: ======'player_multiball_starting'====== Args={'value': 0, 'prev_value': 0, 'change': 0, 'player_num': 1, 'source': 'top_gun_multiball_locks'}
2026-05-17 15:07:28,263 : INFO : EventManager : Event: ======'player_lock_partial_callout_index'====== Args={'value': 0, 'prev_value': 0, 'change': 0, 'player_num': 1, 'source': 'top_gun_multiball_locks'}
2026-05-17 15:07:28,263 : INFO : EventManager : Event: ======'player_lock_pending_letter'====== Args={'value': 0, 'prev_value': 0, 'change': 0, 'player_num': 1, 'source': 'top_gun_multiball_locks'}
2026-05-17 15:07:28,264 : INFO : EventManager : Event: ======'player_lock_collection_paused'====== Args={'value': 0, 'prev_value': 0, 'change': 0, 'player_num': 1, 'source': 'top_gun_multiball_locks'}
2026-05-17 15:07:28,264 : INFO : EventManager : Event: ======'player_lock_timer_paused'====== Args={'value': 0, 'prev_value': 0, 'change': 0, 'player_num': 1, 'source': 'top_gun_multiball_locks'}
2026-05-17 15:07:28,264 : INFO : Mode.pilot_mission_qualifier : Started. Priority: 200
2026-05-17 15:07:28,264 : INFO : EventManager : Event: ======'modes_active_modes_changed'====== Args={}
2026-05-17 15:07:28,264 : INFO : EventManager : Event: ======'mode_pilot_mission_qualifier_started'====== Args={'queue': <QueuedEvent>, 'player': 1, 'ball': 1, 'balls_remaining': 2, 'is_extra_ball': False}
2026-05-17 15:07:28,264 : INFO : EventManager : Event: ======'check_all_pilot_modes_played'====== Args={'priority': 0}
2026-05-17 15:07:28,264 : INFO : EventManager : Event: ======'update_training_qual_lights'====== Args={'priority': 0}
2026-05-17 15:07:28,264 : INFO : EventManager : Event: ======'spot_topgun_letter'====== Args={'priority': 0}
2026-05-17 15:07:28,264 : INFO : EventManager : Event: ======'update_qualifying_show'====== Args={'priority': 0}
2026-05-17 15:07:28,264 : INFO : EventManager : Event: ======'update_training_qual_lights'====== Args={'priority': 0}
2026-05-17 15:07:28,265 : INFO : EventManager : Event: ======'player_topgun_shots_collected'====== Args={'value': 1, 'prev_value': 0, 'change': 1, 'player_num': 1, 'source': 'pilot_mission_qualifier'}
2026-05-17 15:07:28,265 : INFO : EventManager : Event: ======'topgun_letter_t_lit'====== Args={'priority': 0}
2026-05-17 15:07:28,266 : INFO : Mode.goose_letters : Started. Priority: 210
2026-05-17 15:07:28,267 : INFO : EventManager : Event: ======'modes_active_modes_changed'====== Args={}
2026-05-17 15:07:28,267 : INFO : EventManager : Event: ======'mode_goose_letters_started'====== Args={'queue': <QueuedEvent>, 'player': 1, 'ball': 1, 'balls_remaining': 2, 'is_extra_ball': False}
2026-05-17 15:07:28,267 : INFO : EventManager : Event: ======'player_ejection_shots_completed'====== Args={'value': 0, 'prev_value': 0, 'change': 0, 'player_num': 1, 'source': 'goose_letters'}
2026-05-17 15:07:28,267 : INFO : EventManager : Event: ======'player_ejection_shots_needed'====== Args={'value': 3, 'prev_value': 0, 'change': 3, 'player_num': 1, 'source': 'goose_letters'}
2026-05-17 15:07:28,267 : INFO : EventManager : Event: ======'player_goose_milestone'====== Args={'value': 3, 'prev_value': 0, 'change': 3, 'player_num': 1, 'source': 'goose_letters'}
2026-05-17 15:07:28,267 : INFO : EventManager : Event: ======'player_goose_next_award_name'====== Args={'value': 'Extra Ball', 'prev_value': 0, 'change': True, 'player_num': 1, 'source': 'goose_letters'}
2026-05-17 15:07:28,267 : INFO : EventManager : Event: ======'player_goose_next_eject_target'====== Args={'value': 3, 'prev_value': 0, 'change': 3, 'player_num': 1, 'source': 'goose_letters'}
2026-05-17 15:07:28,267 : INFO : EventManager : Event: ======'player_goose_next_mystery_target'====== Args={'value': 5, 'prev_value': 0, 'change': 5, 'player_num': 1, 'source': 'goose_letters'}
2026-05-17 15:07:28,267 : INFO : Mode.2x_playfield : Started. Priority: 250
2026-05-17 15:07:28,268 : INFO : EventManager : Event: ======'modes_active_modes_changed'====== Args={}
2026-05-17 15:07:28,268 : INFO : EventManager : Event: ======'mode_2x_playfield_started'====== Args={'queue': <QueuedEvent>, 'player': 1, 'ball': 1, 'balls_remaining': 2, 'is_extra_ball': False}
2026-05-17 15:07:28,268 : INFO : EventManager : Event: ======'x2_update_display'====== Args={'priority': 0}
2026-05-17 15:07:28,268 : INFO : EventManager : Event: ======'x2_show_progress_slides'====== Args={'priority': 0}
2026-05-17 15:07:28,269 : INFO : EventManager : Event: ======'player_x2_completions_needed'====== Args={'value': 2, 'prev_value': 0, 'change': 2, 'player_num': 1, 'source': '2x_playfield'}
2026-05-17 15:07:28,269 : INFO : EventManager : Event: ======'player_x2_rounds_complete'====== Args={'value': 0, 'prev_value': 0, 'change': 0, 'player_num': 1, 'source': '2x_playfield'}
2026-05-17 15:07:28,270 : INFO : Mode.mach_scoring : Started. Priority: 500
2026-05-17 15:07:28,270 : INFO : EventManager : Event: ======'modes_active_modes_changed'====== Args={}
2026-05-17 15:07:28,270 : INFO : EventManager : Event: ======'mode_mach_scoring_started'====== Args={'queue': <QueuedEvent>, 'player': 1, 'ball': 1, 'balls_remaining': 2, 'is_extra_ball': False}
2026-05-17 15:07:28,270 : INFO : Mode.ball_save : Started. Priority: 150
2026-05-17 15:07:28,270 : INFO : EventManager : Event: ======'modes_active_modes_changed'====== Args={}
2026-05-17 15:07:28,270 : INFO : EventManager : Event: ======'mode_ball_save_started'====== Args={'queue': <QueuedEvent>, 'player': 1, 'ball': 1, 'balls_remaining': 2, 'is_extra_ball': False}
2026-05-17 15:07:28,271 : INFO : EventManager : Event: ======'ball_save_new_ball_enable'====== Args={'priority': 0}
2026-05-17 15:07:28,271 : INFO : EventManager : Event: ======'player_consecutive_ball_saves'====== Args={'value': 0, 'prev_value': 0, 'change': 0, 'player_num': 1, 'source': 'ball_save'}
2026-05-17 15:07:28,271 : INFO : EventManager : Event: ======'ball_save_new_ball_save_enabled'====== Args={}
2026-05-17 15:07:28,271 : INFO : EventManager : Event: ======'player_ball_save_active'====== Args={'value': 1, 'prev_value': 0, 'change': 1, 'player_num': 1, 'source': 'ball_save'}
2026-05-17 15:07:28,271 : INFO : Mode.shot_made_callout_randomizer : Started. Priority: 150
2026-05-17 15:07:28,272 : INFO : EventManager : Event: ======'modes_active_modes_changed'====== Args={}
2026-05-17 15:07:28,272 : INFO : EventManager : Event: ======'mode_shot_made_callout_randomizer_started'====== Args={'queue': <QueuedEvent>, 'player': 1, 'ball': 1, 'balls_remaining': 2, 'is_extra_ball': False}
2026-05-17 15:07:28,272 : INFO : Mode.shot_missed_callout_randomizer : Started. Priority: 150
2026-05-17 15:07:28,272 : INFO : EventManager : Event: ======'modes_active_modes_changed'====== Args={}
2026-05-17 15:07:28,272 : INFO : EventManager : Event: ======'mode_shot_missed_callout_randomizer_started'====== Args={'queue': <QueuedEvent>, 'player': 1, 'ball': 1, 'balls_remaining': 2, 'is_extra_ball': False}
2026-05-17 15:07:28,272 : INFO : Mode.tilt : Started. Priority: 10000
2026-05-17 15:07:28,272 : INFO : EventManager : Event: ======'modes_active_modes_changed'====== Args={}
2026-05-17 15:07:28,272 : INFO : EventManager : Event: ======'mode_tilt_started'====== Args={'queue': <QueuedEvent>, 'player': 1, 'ball': 1, 'balls_remaining': 2, 'is_extra_ball': False}
2026-05-17 15:07:28,273 : INFO : EventManager : Unordered handler for class ConfigPlayer.variable_player/variables on event ball_will_end with priority 200. Handlers: [RegisteredHandler(callback=<bound method ConfigPlayer.config_play_callback of ConfigPlayer.variable_player/variables>, priority=200, kwargs={'calling_context': 'ball_will_end', 'mode': <Mode.pilot_mission_qualifier>, 'settings': {'mystery_just_lit_pilot': {'action': 'set', 'int': <NativeTemplate 0>, 'priority': 0, 'float': None, 'string': None, 'block': False, 'player': None, 'condition': None}, 'scoop_release_pending': {'action': 'set', 'int': <NativeTemplate 0>, 'priority': 0, 'float': None, 'string': None, 'block': False, 'player': None, 'condition': None}}}, key=UUID('323391e8-925d-4139-9300-d01a33129726'), condition=None, blocking_facility=None), RegisteredHandler(callback=<bound method ConfigPlayer.config_play_callback of ConfigPlayer.variable_player/variables>, priority=200, kwargs={'calling_context': 'ball_will_end', 'mode': <Mode.mig_letters>, 'settings': {'mig_letter_m': {'action': 'set', 'int': <NativeTemplate 0>, 'priority': 0, 'float': None, 'string': None, 'block': False, 'player': None, 'condition': None}, 'mig_letter_i': {'action': 'set', 'int': <NativeTemplate 0>, 'priority': 0, 'float': None, 'string': None, 'block': False, 'player': None, 'condition': None}, 'mig_letter_g': {'action': 'set', 'int': <NativeTemplate 0>, 'priority': 0, 'float': None, 'string': None, 'block': False, 'player': None, 'condition': None}, 'mig_completing': {'action': 'set', 'int': <NativeTemplate 0>, 'priority': 0, 'float': None, 'string': None, 'block': False, 'player': None, 'condition': None}}}, key=UUID('b601b64f-41ad-48d1-9ed8-b821e36d412b'), condition=None, blocking_facility=None)]. The order of those handlers is not defined and they will be executed in random order. This might lead to race conditions and potential bugs.
2026-05-17 15:07:28,273 : INFO : EventManager : Event: ======'balls_in_play'====== Args={'balls': 1}
2026-05-17 15:07:28,273 : INFO : EventManager : Event: ======'ball_started'====== Args={'player': 1, 'ball': 1, 'balls_remaining': 2, 'is_extra_ball': False}
2026-05-17 15:07:28,275 : INFO : EventManager : Event: ======'player_left_orbit_diverter_active'====== Args={'value': 0, 'prev_value': 0, 'change': 0, 'player_num': 1, 'source': 'pilot_mission_qualifier'}
2026-05-17 15:07:28,275 : INFO : EventManager : Event: ======'player_previous_switch_type'====== Args={'value': 0, 'prev_value': 0, 'change': 0, 'player_num': 1, 'source': 'pilot_mission_qualifier'}
2026-05-17 15:07:28,275 : INFO : EventManager : Event: ======'player_topgun_skip_video'====== Args={'value': 0, 'prev_value': 0, 'change': 0, 'player_num': 1, 'source': 'pilot_mission_qualifier'}
2026-05-17 15:07:28,275 : INFO : EventManager : Event: ======'player_topgun_ll_sixth_letter'====== Args={'value': 0, 'prev_value': 0, 'change': 0, 'player_num': 1, 'source': 'pilot_mission_qualifier'}
2026-05-17 15:07:28,275 : INFO : EventManager : Event: ======'mode_extra_ball_will_start'====== Args={'player': 1, 'ball': 1, 'balls_remaining': 2, 'is_extra_ball': False}
2026-05-17 15:07:28,275 : INFO : EventManager : Event: ======'player_extra_ball_main_num_awarded'====== Args={'value': 0, 'prev_value': 0, 'change': 0, 'player_num': 1}
2026-05-17 15:07:28,275 : INFO : EventManager : Event: ======'player_extra_ball_extra_ball_hold_tick'====== Args={'value': 5, 'prev_value': 0, 'change': 5, 'player_num': 1}
2026-05-17 15:07:28,276 : INFO : EventManager : Unordered handler for class ConfigPlayer.variable_player/variables on event ball_will_end with priority 200. Handlers: [RegisteredHandler(callback=<bound method ConfigPlayer.config_play_callback of ConfigPlayer.variable_player/variables>, priority=200, kwargs={'calling_context': 'ball_will_end', 'mode': <Mode.pilot_mission_qualifier>, 'settings': {'mystery_just_lit_pilot': {'action': 'set', 'int': <NativeTemplate 0>, 'priority': 0, 'float': None, 'string': None, 'block': False, 'player': None, 'condition': None}, 'scoop_release_pending': {'action': 'set', 'int': <NativeTemplate 0>, 'priority': 0, 'float': None, 'string': None, 'block': False, 'player': None, 'condition': None}}}, key=UUID('323391e8-925d-4139-9300-d01a33129726'), condition=None, blocking_facility=None), RegisteredHandler(callback=<bound method ConfigPlayer.config_play_callback of ConfigPlayer.variable_player/variables>, priority=200, kwargs={'calling_context': 'ball_will_end', 'mode': <Mode.mig_letters>, 'settings': {'mig_letter_m': {'action': 'set', 'int': <NativeTemplate 0>, 'priority': 0, 'float': None, 'string': None, 'block': False, 'player': None, 'condition': None}, 'mig_letter_i': {'action': 'set', 'int': <NativeTemplate 0>, 'priority': 0, 'float': None, 'string': None, 'block': False, 'player': None, 'condition': None}, 'mig_letter_g': {'action': 'set', 'int': <NativeTemplate 0>, 'priority': 0, 'float': None, 'string': None, 'block': False, 'player': None, 'condition': None}, 'mig_completing': {'action': 'set', 'int': <NativeTemplate 0>, 'priority': 0, 'float': None, 'string': None, 'block': False, 'player': None, 'condition': None}}}, key=UUID('b601b64f-41ad-48d1-9ed8-b821e36d412b'), condition=None, blocking_facility=None)]. The order of those handlers is not defined and they will be executed in random order. This might lead to race conditions and potential bugs.
2026-05-17 15:07:28,276 : INFO : EventManager : Unordered handler for class ConfigPlayer.variable_player/variables on event ball_will_end with priority 200. Handlers: [RegisteredHandler(callback=<bound method ConfigPlayer.config_play_callback of ConfigPlayer.variable_player/variables>, priority=200, kwargs={'calling_context': 'ball_will_end', 'mode': <Mode.pilot_mission_qualifier>, 'settings': {'mystery_just_lit_pilot': {'action': 'set', 'int': <NativeTemplate 0>, 'priority': 0, 'float': None, 'string': None, 'block': False, 'player': None, 'condition': None}, 'scoop_release_pending': {'action': 'set', 'int': <NativeTemplate 0>, 'priority': 0, 'float': None, 'string': None, 'block': False, 'player': None, 'condition': None}}}, key=UUID('323391e8-925d-4139-9300-d01a33129726'), condition=None, blocking_facility=None), RegisteredHandler(callback=<bound method ConfigPlayer.config_play_callback of ConfigPlayer.variable_player/variables>, priority=200, kwargs={'calling_context': 'ball_will_end', 'mode': <Mode.mig_letters>, 'settings': {'mig_letter_m': {'action': 'set', 'int': <NativeTemplate 0>, 'priority': 0, 'float': None, 'string': None, 'block': False, 'player': None, 'condition': None}, 'mig_letter_i': {'action': 'set', 'int': <NativeTemplate 0>, 'priority': 0, 'float': None, 'string': None, 'block': False, 'player': None, 'condition': None}, 'mig_letter_g': {'action': 'set', 'int': <NativeTemplate 0>, 'priority': 0, 'float': None, 'string': None, 'block': False, 'player': None, 'condition': None}, 'mig_completing': {'action': 'set', 'int': <NativeTemplate 0>, 'priority': 0, 'float': None, 'string': None, 'block': False, 'player': None, 'condition': None}}}, key=UUID('b601b64f-41ad-48d1-9ed8-b821e36d412b'), condition=None, blocking_facility=None)]. The order of those handlers is not defined and they will be executed in random order. This might lead to race conditions and potential bugs.
2026-05-17 15:07:28,278 : INFO : EventManager : Event: ======'mode_extra_ball_starting'====== Args={'player': 1, 'ball': 1, 'balls_remaining': 2, 'is_extra_ball': False}
2026-05-17 15:07:28,279 : INFO : Timer.lock_letter_sound_delay : Stopping Timer
2026-05-17 15:07:28,279 : INFO : EventManager : Event: ======'timer_lock_letter_sound_delay_stopped'====== Args={'ticks': 0, 'ticks_remaining': 0}
2026-05-17 15:07:28,279 : INFO : Mode.extra_ball : Started. Priority: 150
2026-05-17 15:07:28,279 : INFO : EventManager : Event: ======'modes_active_modes_changed'====== Args={}
2026-05-17 15:07:28,279 : INFO : EventManager : Event: ======'mode_extra_ball_started'====== Args={'player': 1, 'ball': 1, 'balls_remaining': 2, 'is_extra_ball': False}
2026-05-17 15:07:28,279 : INFO : EventManager : Event: ======'player_extra_ball_collecting'====== Args={'value': 0, 'prev_value': 0, 'change': 0, 'player_num': 1, 'source': 'extra_ball'}
2026-05-17 15:07:28,281 : INFO : EventManager : Event: ======'single_player_ball_started'====== Args={}
2026-05-17 15:07:28,284 : INFO : EventManager : Event: ======'ball_start_target'====== Args={'target': 'playfield'}
2026-05-17 15:07:28,286 : INFO : ball_device.bd_plunger : Setting up player-controlled eject. Balls: 1, Target: <playfield.playfield>, player_controlled_eject_event: None
2026-05-17 15:07:28,286 : INFO : EventManager : Event: ======'balldevice_balls_available'====== Args={}
2026-05-17 15:07:28,290 : INFO : ball_device.bd_trough : State: waiting_for_target_ready
2026-05-17 15:07:28,290 : INFO : EventManager : Event: ======'balldevice_bd_trough_ball_eject_attempt'====== Args={'balls': 1, 'target': <ball_device.bd_plunger>, 'source': <ball_device.bd_trough>, 'mechanical_eject': True, 'num_attempts': 0}
2026-05-17 15:07:28,290 : INFO : ball_device.bd_plunger : State: waiting_for_ball
2026-05-17 15:07:28,291 : INFO : ball_device.bd_trough : State: ejecting
2026-05-17 15:07:28,291 : INFO : ball_device.bd_trough : Ejecting ball to <ball_device.bd_plunger>
2026-05-17 15:07:28,291 : INFO : EventManager : Event: ======'balldevice_bd_trough_ejecting_ball'====== Args={'balls': 1, 'target': <ball_device.bd_plunger>, 'source': <ball_device.bd_trough>, 'mechanical_eject': True, 'num_attempts': 0}
2026-05-17 15:07:28,293 : INFO : ball_device.bd_trough : Wait for ball to leave device
2026-05-17 15:07:28,293 : INFO : coil.c_trough_eject : Pulsing Driver for 25ms (0.75 pulse_power)
2026-05-17 15:07:28,331 : INFO : SwitchController : <<<<<<< 's_trough_1' inactive >>>>>>>
2026-05-17 15:07:28,331 : INFO : SwitchController : <<<<<<< 's_jam' active >>>>>>>
2026-05-17 15:07:28,332 : INFO : EventManager : Event: ======'machine_var_audits_switches_s_jam'====== Args={'value': 5618, 'prev_value': 5617, 'change': 1}
2026-05-17 15:07:28,333 : INFO : ball_device.bd_trough : State: ball_left
2026-05-17 15:07:28,333 : INFO : ball_device.bd_trough : Ball left
2026-05-17 15:07:28,333 : INFO : ball_device.bd_trough : Wait for confirm with timeout 3.0
2026-05-17 15:07:28,343 : INFO : EventManager : Unordered handler for class <BCP Interface> on event player_turn_started with priority 1. Handlers: [RegisteredHandler(callback=<bound method BcpInterface._player_turn_start of <BCP Interface>>, priority=1, kwargs={}, key=UUID('cca8df5f-9522-466d-89fe-c5fc4a0e841f'), condition=None, blocking_facility=None), RegisteredHandler(callback=<bound method BcpInterface.bcp_trigger of <BCP Interface>>, priority=1, kwargs={'name': 'player_turn_started'}, key=UUID('0afda01d-fef4-455a-978c-2bb41a1c9f04'), condition=None, blocking_facility=None)]. The order of those handlers is not defined and they will be executed in random order. This might lead to race conditions and potential bugs.
2026-05-17 15:07:28,343 : INFO : EventManager : Event: ======'slide_base_slide_created'====== Args={'_from_bcp': True}
2026-05-17 15:07:28,344 : INFO : SwitchController : <<<<<<< 's_jam' inactive >>>>>>>
2026-05-17 15:07:28,344 : INFO : EventManager : Event: ======'slide_attract_inactive'====== Args={'is_removing': True, '_from_bcp': True}
2026-05-17 15:07:28,344 : INFO : EventManager : Event: ======'slide_base_slide_active'====== Args={'original_context': 'base', 'original_calling_context': 'mode_base_started', 'priority': 100.0, 'queue': '<QueuedEvent>', 'player': 1.0, 'ball': 1.0, 'balls_remaining': 2.0, 'is_extra_ball': False, 'cmd': 'slides_play', '_from_bcp': True}
2026-05-17 15:07:28,346 : INFO : EventManager : Event: ======'slide_attract_removed'====== Args={'_from_bcp': True}
2026-05-17 15:07:28,361 : INFO : EventManager : Event: ======'slide_topgun_0_created'====== Args={'_from_bcp': True}
2026-05-17 15:07:28,361 : INFO : EventManager : Event: ======'slide_base_slide_inactive'====== Args={'is_removing': False, '_from_bcp': True}
2026-05-17 15:07:28,362 : INFO : EventManager : Event: ======'slide_topgun_0_active'====== Args={'original_context': 'pilot_mission_qualifier', 'original_calling_context': 'mode_pilot_mission_qualifier_started{current_player.topgun_shots_collected==0 and current_player.qualified_mode_number==0}', 'priority': 200.0, 'queue': '<QueuedEvent>', 'player': 1.0, 'ball': 1.0, 'balls_remaining': 2.0, 'is_extra_ball': False, 'cmd': 'slides_play', '_from_bcp': True}
2026-05-17 15:07:28,362 : INFO : EventManager : Event: ======'slide_topgun_0_inactive'====== Args={'is_removing': True, '_from_bcp': True}
2026-05-17 15:07:28,362 : INFO : EventManager : Event: ======'slide_base_slide_active'====== Args={'_from_bcp': True}
2026-05-17 15:07:28,362 : INFO : EventManager : Event: ======'slide_topgun_0_removed'====== Args={'_from_bcp': True}
2026-05-17 15:07:28,374 : INFO : EventManager : Event: ======'slide_topgun_1_created'====== Args={'_from_bcp': True}
2026-05-17 15:07:28,374 : INFO : EventManager : Event: ======'slide_base_slide_inactive'====== Args={'is_removing': False, '_from_bcp': True}
2026-05-17 15:07:28,375 : INFO : EventManager : Event: ======'slide_topgun_1_active'====== Args={'original_context': 'pilot_mission_qualifier', 'original_calling_context': 'topgun_letter_t_lit', 'priority': 200.0, 'cmd': 'slides_play', '_from_bcp': True}
2026-05-17 15:07:28,376 : INFO : EventManager : Event: ======'slide_ejection_shots_completed_created'====== Args={'_from_bcp': True}
2026-05-17 15:07:28,377 : INFO : EventManager : Event: ======'slide_ejection_shots_needed_created'====== Args={'_from_bcp': True}
2026-05-17 15:07:28,378 : INFO : EventManager : Event: ======'slide_topgun_1_inactive'====== Args={'is_removing': False, '_from_bcp': True}
2026-05-17 15:07:28,378 : INFO : EventManager : Event: ======'slide_ejection_shots_needed_active'====== Args={'original_context': 'goose_letters', 'original_calling_context': 'mode_goose_letters_started{current_player.eject_mode_qualified==0}', 'priority': 210.0, 'queue': '<QueuedEvent>', 'player': 1.0, 'ball': 1.0, 'balls_remaining': 2.0, 'is_extra_ball': False, 'cmd': 'slides_play', '_from_bcp': True}
2026-05-17 15:07:28,379 : INFO : EventManager : Event: ======'slide_2x_playfield_completions_needed_created'====== Args={'_from_bcp': True}
2026-05-17 15:07:28,380 : INFO : EventManager : Event: ======'slide_2x_playfied_completions_done_created'====== Args={'_from_bcp': True}
2026-05-17 15:07:28,381 : INFO : EventManager : Event: ======'slide_ejection_shots_needed_inactive'====== Args={'is_removing': False, '_from_bcp': True}
2026-05-17 15:07:28,381 : INFO : EventManager : Event: ======'slide_2x_playfied_completions_done_active'====== Args={'original_context': '2x_playfield', 'original_calling_context': 'x2_show_progress_slides{current_player.x2_qualified==0 and current_player.x2_active==0}', 'priority': 250.0, 'cmd': 'slides_play', '_from_bcp': True}
2026-05-17 15:07:28,388 : INFO : EventManager : Event: ======'slide_mach_1_created'====== Args={'_from_bcp': True}
2026-05-17 15:07:28,388 : INFO : EventManager : Event: ======'slide_2x_playfied_completions_done_inactive'====== Args={'is_removing': False, '_from_bcp': True}
2026-05-17 15:07:28,388 : INFO : EventManager : Event: ======'slide_mach_1_active'====== Args={'original_context': 'mach_scoring', 'original_calling_context': 'mode_mach_scoring_started', 'priority': 500.0, 'queue': '<QueuedEvent>', 'player': 1.0, 'ball': 1.0, 'balls_remaining': 2.0, 'is_extra_ball': False, 'cmd': 'slides_play', '_from_bcp': True}
2026-05-17 15:07:28,441 : INFO : EventManager : Event: ======'spot_topgun_letter'====== Args={'priority': 0}
2026-05-17 15:07:28,441 : INFO : EventManager : Event: ======'player_topgun_shots_collected'====== Args={'value': 2, 'prev_value': 1, 'change': 1, 'player_num': 1, 'source': 'pilot_mission_qualifier'}
2026-05-17 15:07:28,441 : INFO : EventManager : Event: ======'topgun_letter_o_lit'====== Args={'priority': 0}
2026-05-17 15:07:28,441 : INFO : EventManager : Event: ======'set_uncoded_mode_lights'====== Args={'priority': 0}
2026-05-17 15:07:28,451 : INFO : EventManager : Event: ======'slide_topgun_1_removed'====== Args={'_from_bcp': True}
2026-05-17 15:07:28,466 : INFO : EventManager : Event: ======'slide_topgun_2_created'====== Args={'_from_bcp': True}
2026-05-17 15:07:28,630 : INFO : SwitchController : <<<<<<< 's_trough_4' inactive >>>>>>>
2026-05-17 15:07:28,630 : INFO : SwitchController : <<<<<<< 's_trough_3' inactive >>>>>>>
2026-05-17 15:07:28,645 : INFO : EventManager : Event: ======'spot_topgun_letter'====== Args={'priority': 0}
2026-05-17 15:07:28,645 : INFO : EventManager : Event: ======'player_topgun_shots_collected'====== Args={'value': 3, 'prev_value': 2, 'change': 1, 'player_num': 1, 'source': 'pilot_mission_qualifier'}
2026-05-17 15:07:28,645 : INFO : EventManager : Event: ======'topgun_letter_p_lit'====== Args={'priority': 0}
2026-05-17 15:07:28,646 : INFO : SwitchController : <<<<<<< 's_trough_2' inactive >>>>>>>
2026-05-17 15:07:28,646 : INFO : SwitchController : <<<<<<< 's_trough_5' inactive >>>>>>>
2026-05-17 15:07:28,661 : INFO : SwitchController : <<<<<<< 's_trough_6' inactive >>>>>>>
2026-05-17 15:07:28,661 : INFO : SwitchController : <<<<<<< 's_trough_1' active >>>>>>>
2026-05-17 15:07:28,661 : INFO : EventManager : Event: ======'machine_var_audits_switches_s_trough_1'====== Args={'value': 5673, 'prev_value': 5672, 'change': 1}
2026-05-17 15:07:28,662 : INFO : SwitchController : <<<<<<< 's_trough_3' active >>>>>>>
2026-05-17 15:07:28,662 : INFO : EventManager : Event: ======'machine_var_audits_switches_s_trough_3'====== Args={'value': 5741, 'prev_value': 5740, 'change': 1}
2026-05-17 15:07:28,662 : INFO : SwitchController : <<<<<<< 's_trough_2' active >>>>>>>
2026-05-17 15:07:28,662 : INFO : EventManager : Event: ======'machine_var_audits_switches_s_trough_2'====== Args={'value': 5715, 'prev_value': 5714, 'change': 1}
2026-05-17 15:07:28,668 : INFO : EventManager : Event: ======'slide_topgun_2_removed'====== Args={'_from_bcp': True}
2026-05-17 15:07:28,677 : INFO : SwitchController : <<<<<<< 's_trough_4' active >>>>>>>
2026-05-17 15:07:28,677 : INFO : EventManager : Event: ======'machine_var_audits_switches_s_trough_4'====== Args={'value': 5735, 'prev_value': 5734, 'change': 1}
2026-05-17 15:07:28,680 : INFO : EventManager : Event: ======'slide_topgun_3_created'====== Args={'_from_bcp': True}
2026-05-17 15:07:28,692 : INFO : SwitchController : <<<<<<< 's_trough_5' active >>>>>>>
2026-05-17 15:07:28,692 : INFO : EventManager : Event: ======'machine_var_audits_switches_s_trough_5'====== Args={'value': 5729, 'prev_value': 5728, 'change': 1}
2026-05-17 15:07:28,693 : INFO : SwitchController : <<<<<<< 's_shooter_lane' active >>>>>>>
2026-05-17 15:07:28,693 : INFO : EventManager : Event: ======'s_shooter_lane_active'====== Args={}
2026-05-17 15:07:28,693 : INFO : EventManager : Event: ======'machine_var_audits_switches_s_shooter_lane'====== Args={'value': 6502, 'prev_value': 6501, 'change': 1}
2026-05-17 15:07:28,694 : INFO : EventManager : Event: ======'mode_skillshot_will_start'====== Args={}
2026-05-17 15:07:28,694 : INFO : EventManager : Event: ======'player_shot_mig_lane_left_enabled'====== Args={'value': True, 'prev_value': 0, 'change': 1, 'player_num': 1}
2026-05-17 15:07:28,695 : INFO : EventManager : Event: ======'player_shot_mig_lane_right_enabled'====== Args={'value': True, 'prev_value': 0, 'change': 1, 'player_num': 1}
2026-05-17 15:07:28,695 : INFO : EventManager : Unordered handler for class ConfigPlayer.variable_player/variables on event s_spinner_active with priority 200. Handlers: [RegisteredHandler(callback=<bound method ConfigPlayer.config_play_callback of ConfigPlayer.variable_player/variables>, priority=200, kwargs={'calling_context': 's_spinner_active', 'mode': <Mode.pilot_mission_qualifier>, 'settings': {'spinner_spin_count': {'action': 'add', 'int': <NativeTemplate 1>, 'priority': 0, 'float': None, 'string': None, 'block': False, 'player': None, 'condition': None}, 'previous_switch_type': {'action': 'set', 'int': <NativeTemplate 0>, 'priority': 0, 'float': None, 'string': None, 'block': False, 'player': None, 'condition': None}}}, key=UUID('64affcab-07dc-4b43-8f8e-aba7253c0f9a'), condition=None, blocking_facility=None), RegisteredHandler(callback=<bound method ConfigPlayer.config_play_callback of ConfigPlayer.variable_player/variables>, priority=200, kwargs={'calling_context': 's_spinner_active', 'mode': <Mode.iceman_letters>, 'settings': {'right_post_locked_out': {'action': 'set', 'int': <NativeTemplate 1>, 'priority': 0, 'float': None, 'string': None, 'block': False, 'player': None, 'condition': None}}}, key=UUID('ecc018da-da1b-4609-8ef2-b51ff1b1a709'), condition=None, blocking_facility=None)]. The order of those handlers is not defined and they will be executed in random order. This might lead to race conditions and potential bugs.
2026-05-17 15:07:28,695 : INFO : EventManager : Event: ======'player_shot_spinner_enabled'====== Args={'value': True, 'prev_value': 0, 'change': 1, 'player_num': 1}
2026-05-17 15:07:28,695 : INFO : EventManager : Unordered handler for class ConfigPlayer.variable_player/variables on event s_orbit_upper_active with priority 200. Handlers: [RegisteredHandler(callback=<bound method ConfigPlayer.config_play_callback of ConfigPlayer.variable_player/variables>, priority=200, kwargs={'calling_context': 's_orbit_upper_active', 'mode': <Mode.pilot_mission_qualifier>, 'settings': {'previous_switch_type': {'action': 'set', 'int': <NativeTemplate 0>, 'priority': 0, 'float': None, 'string': None, 'block': False, 'player': None, 'condition': None}}}, key=UUID('42b1ab4e-1b84-4d14-b096-498feab6dcbd'), condition=None, blocking_facility=None), RegisteredHandler(callback=<bound method ConfigPlayer.config_play_callback of ConfigPlayer.variable_player/variables>, priority=200, kwargs={'calling_context': 's_orbit_upper_active', 'mode': <Mode.iceman_letters>, 'settings': {'right_post_locked_out': {'action': 'set', 'int': <NativeTemplate 1>, 'priority': 0, 'float': None, 'string': None, 'block': False, 'player': None, 'condition': None}}}, key=UUID('cf38fcc8-53b9-409a-9c3d-18be8fb55fcd'), condition=None, blocking_facility=None)]. The order of those handlers is not defined and they will be executed in random order. This might lead to race conditions and potential bugs.
2026-05-17 15:07:28,695 : INFO : EventManager : Event: ======'player_shot_orbit_upper_enabled'====== Args={'value': True, 'prev_value': 0, 'change': 1, 'player_num': 1}
2026-05-17 15:07:28,697 : INFO : EventManager : Unordered handler for class ConfigPlayer.variable_player/variables on event s_ramp_inner_exit_active with priority 200. Handlers: [RegisteredHandler(callback=<bound method ConfigPlayer.config_play_callback of ConfigPlayer.variable_player/variables>, priority=200, kwargs={'calling_context': 's_ramp_inner_exit_active', 'mode': <Mode.pilot_mission_qualifier>, 'settings': {'previous_switch_type': {'action': 'set', 'int': <NativeTemplate 0>, 'priority': 0, 'float': None, 'string': None, 'block': False, 'player': None, 'condition': None}}}, key=UUID('2b7dd61e-9f09-4991-969f-e21ea4dba39d'), condition=None, blocking_facility=None), RegisteredHandler(callback=<bound method ConfigPlayer.config_play_callback of ConfigPlayer.variable_player/variables>, priority=200, kwargs={'calling_context': 's_ramp_inner_exit_active', 'mode': <Mode.iceman_letters>, 'settings': {'right_post_locked_out': {'action': 'set', 'int': <NativeTemplate 1>, 'priority': 0, 'float': None, 'string': None, 'block': False, 'player': None, 'condition': None}}}, key=UUID('19c8c907-eca8-4aa1-840d-b3a8f0409fb8'), condition=None, blocking_facility=None)]. The order of those handlers is not defined and they will be executed in random order. This might lead to race conditions and potential bugs.
2026-05-17 15:07:28,697 : INFO : EventManager : Event: ======'player_shot_ramp_inner_enabled'====== Args={'value': True, 'prev_value': 0, 'change': 1, 'player_num': 1}
2026-05-17 15:07:28,697 : INFO : EventManager : Event: ======'skillshot_group_complete'====== Args={'state': 'off'}
2026-05-17 15:07:28,697 : INFO : EventManager : Event: ======'skillshot_group_off_complete'====== Args={}
2026-05-17 15:07:28,697 : INFO : EventManager : Event: ======'player_skillshot_skillshot_tick'====== Args={'value': 9, 'prev_value': 0, 'change': 9, 'player_num': 1}
2026-05-17 15:07:28,697 : INFO : EventManager : Event: ======'player_skillshot_skillshot_sound_loop_tick'====== Args={'value': 0, 'prev_value': 0, 'change': 0, 'player_num': 1}
2026-05-17 15:07:28,698 : INFO : EventManager : Event: ======'player_skillshot_skillshot_shaker_pulse_tick'====== Args={'value': 0, 'prev_value': 0, 'change': 0, 'player_num': 1}
2026-05-17 15:07:28,698 : INFO : EventManager : Event: ======'player_skillshot_skillshot_shaker_idle_tick'====== Args={'value': 0, 'prev_value': 0, 'change': 0, 'player_num': 1}
2026-05-17 15:07:28,698 : INFO : EventManager : Event: ======'player_skillshot_skillshot_left_mig_post_timer_tick'====== Args={'value': 0, 'prev_value': 0, 'change': 0, 'player_num': 1}
2026-05-17 15:07:28,706 : INFO : EventManager : Event: ======'mode_skillshot_starting'====== Args={}
2026-05-17 15:07:28,706 : INFO : Mode.skillshot : Started. Priority: 300
2026-05-17 15:07:28,706 : INFO : EventManager : Event: ======'modes_active_modes_changed'====== Args={}
2026-05-17 15:07:28,706 : INFO : EventManager : Event: ======'mode_skillshot_started'====== Args={}
2026-05-17 15:07:28,706 : INFO : EventManager : Event: ======'player_shot_spinner'====== Args={'value': 1, 'prev_value': 0, 'change': 1, 'player_num': 1}
2026-05-17 15:07:28,707 : INFO : EventManager : Event: ======'player_shot_orbit_upper'====== Args={'value': 1, 'prev_value': 0, 'change': 1, 'player_num': 1}
2026-05-17 15:07:28,707 : INFO : EventManager : Event: ======'player_shot_ramp_inner'====== Args={'value': 1, 'prev_value': 0, 'change': 1, 'player_num': 1}
2026-05-17 15:07:28,707 : INFO : EventManager : Event: ======'skillshot_mig_position_m'====== Args={'priority': 0}
2026-05-17 15:07:28,707 : INFO : EventManager : Event: ======'shaker_shooter_lane_pulse'====== Args={'priority': 0}
2026-05-17 15:07:28,707 : INFO : EventManager : Event: ======'player_pilot_qualifier_paused'====== Args={'value': 1, 'prev_value': 0, 'change': 1, 'player_num': 1, 'source': 'pilot_mission_qualifier'}
2026-05-17 15:07:28,707 : INFO : Timer.skillshot_sound_loop : Starting Timer.
2026-05-17 15:07:28,708 : INFO : EventManager : Event: ======'timer_skillshot_sound_loop_started'====== Args={'ticks': 0, 'ticks_remaining': 999}
2026-05-17 15:07:28,708 : INFO : EventManager : Event: ======'timer_skillshot_sound_loop_tick'====== Args={'ticks': 0, 'ticks_remaining': 999}
2026-05-17 15:07:28,708 : INFO : Timer.skillshot_shaker_pulse : Starting Timer.
2026-05-17 15:07:28,708 : INFO : EventManager : Event: ======'timer_skillshot_shaker_pulse_started'====== Args={'ticks': 0, 'ticks_remaining': 999}
2026-05-17 15:07:28,708 : INFO : EventManager : Event: ======'timer_skillshot_shaker_pulse_tick'====== Args={'ticks': 0, 'ticks_remaining': 999}
2026-05-17 15:07:28,708 : INFO : Timer.skillshot_shaker_idle : Starting Timer.
2026-05-17 15:07:28,708 : INFO : EventManager : Event: ======'timer_skillshot_shaker_idle_started'====== Args={'ticks': 0, 'ticks_remaining': 20}
2026-05-17 15:07:28,708 : INFO : EventManager : Event: ======'timer_skillshot_shaker_idle_tick'====== Args={'ticks': 0, 'ticks_remaining': 20}
2026-05-17 15:07:28,708 : INFO : EventManager : Event: ======'player_shot_mig_lane_left'====== Args={'value': 1, 'prev_value': 0, 'change': 1, 'player_num': 1}
2026-05-17 15:07:28,708 : INFO : EventManager : Event: ======'player_skillshot_mig_position'====== Args={'value': 0, 'prev_value': 0, 'change': 0, 'player_num': 1, 'source': 'skillshot'}
2026-05-17 15:07:28,709 : INFO : EventManager : Event: ======'shaker_shooter_lane_pulse'====== Args={'priority': 0}
2026-05-17 15:07:28,735 : INFO : EventManager : Event: ======'slide_skillshot_ball_in_shooter_lane_created'====== Args={'_from_bcp': True}
2026-05-17 15:07:28,739 : INFO : EventManager : Event: ======'top_ramp_down'====== Args={'priority': 0}
2026-05-17 15:07:29,007 : INFO : ball_device.bd_plunger : Received ball from <ball_device.bd_trough>
2026-05-17 15:07:29,008 : INFO : EventManager : Event: ======'balldevice_bd_plunger_ball_enter'====== Args={'new_balls': 1, 'unclaimed_balls': 0, 'new_available_balls': 0, 'device': <ball_device.bd_plunger>}
2026-05-17 15:07:29,009 : INFO : EventManager : Event: ======'balldevice_bd_plunger_ball_entered'====== Args={'new_balls': 0, 'device': <ball_device.bd_plunger>}
2026-05-17 15:07:29,009 : INFO : EventManager : Event: ======'balldevice_bd_plunger_ball_count_changed'====== Args={'balls': 1}
2026-05-17 15:07:29,009 : INFO : ball_device.bd_trough : Got eject confirm
2026-05-17 15:07:29,009 : INFO : ball_device.bd_trough : Eject successful
2026-05-17 15:07:29,010 : INFO : EventManager : Event: ======'balldevice_bd_trough_ball_eject_success'====== Args={'balls': 1, 'target': <ball_device.bd_plunger>}
2026-05-17 15:07:29,010 : INFO : ball_device.bd_plunger : State: waiting_for_target_ready
2026-05-17 15:07:29,010 : INFO : EventManager : Event: ======'balldevice_bd_plunger_ball_eject_attempt'====== Args={'balls': 1, 'target': <playfield.playfield>, 'source': <ball_device.bd_plunger>, 'mechanical_eject': True, 'num_attempts': 0}
2026-05-17 15:07:29,011 : INFO : EventManager : Event: ======'balldevice_bd_trough_ball_count_changed'====== Args={'balls': 5}
2026-05-17 15:07:29,011 : INFO : ball_device.bd_trough : State: idle
2026-05-17 15:07:29,012 : INFO : ball_device.bd_plunger : State: ejecting
2026-05-17 15:07:29,012 : INFO : ball_device.bd_plunger : Ejecting ball to <playfield.playfield>
2026-05-17 15:07:29,012 : INFO : EventManager : Event: ======'balldevice_bd_plunger_ejecting_ball'====== Args={'balls': 1, 'target': <playfield.playfield>, 'source': <ball_device.bd_plunger>, 'mechanical_eject': True, 'num_attempts': 0}
2026-05-17 15:07:29,013 : INFO : EventManager : Event: ======'video_idle_start'====== Args={'priority': 0}
2026-05-17 15:07:29,013 : INFO : ball_device.bd_plunger : Wait for ball to leave device
2026-05-17 15:07:29,694 : INFO : EventManager : Event: ======'player_skillshot_skillshot_shaker_pulse_tick'====== Args={'value': 1, 'prev_value': 0, 'change': 1, 'player_num': 1}
2026-05-17 15:07:29,694 : INFO : EventManager : Event: ======'timer_skillshot_shaker_pulse_tick'====== Args={'ticks': 1, 'ticks_remaining': 998}
2026-05-17 15:07:29,695 : INFO : EventManager : Event: ======'player_skillshot_skillshot_shaker_idle_tick'====== Args={'value': 1, 'prev_value': 0, 'change': 1, 'player_num': 1}
2026-05-17 15:07:29,695 : INFO : EventManager : Event: ======'timer_skillshot_shaker_idle_tick'====== Args={'ticks': 1, 'ticks_remaining': 19}
2026-05-17 15:07:29,695 : INFO : EventManager : Event: ======'shaker_shooter_lane_pulse'====== Args={'priority': 0}
2026-05-17 15:07:30,690 : INFO : EventManager : Event: ======'player_skillshot_skillshot_shaker_pulse_tick'====== Args={'value': 2, 'prev_value': 1, 'change': 1, 'player_num': 1}
2026-05-17 15:07:30,691 : INFO : EventManager : Event: ======'timer_skillshot_shaker_pulse_tick'====== Args={'ticks': 2, 'ticks_remaining': 997}
2026-05-17 15:07:30,691 : INFO : EventManager : Event: ======'player_skillshot_skillshot_shaker_idle_tick'====== Args={'value': 2, 'prev_value': 1, 'change': 1, 'player_num': 1}
2026-05-17 15:07:30,691 : INFO : EventManager : Event: ======'timer_skillshot_shaker_idle_tick'====== Args={'ticks': 2, 'ticks_remaining': 18}
2026-05-17 15:07:30,692 : INFO : EventManager : Event: ======'shaker_shooter_lane_pulse'====== Args={'priority': 0}
2026-05-17 15:07:31,519 : INFO : SwitchController : <<<<<<< 's_shooter_lane' inactive >>>>>>>
2026-05-17 15:07:31,519 : INFO : EventManager : Event: ======'s_shooter_lane_inactive'====== Args={}
2026-05-17 15:07:31,520 : INFO : EventManager : Event: ======'skillshot_shaker_stop'====== Args={'priority': 0}
2026-05-17 15:07:31,520 : INFO : EventManager : Event: ======'skillshot_activate_left_mig_post'====== Args={'priority': 0}
2026-05-17 15:07:31,521 : INFO : EventManager : Event: ======'ball_save_new_ball_timer_start'====== Args={'priority': 0}
2026-05-17 15:07:31,521 : INFO : Timer.ball_save_auto_plunger_delay : Stopping Timer
2026-05-17 15:07:31,521 : INFO : EventManager : Event: ======'timer_ball_save_auto_plunger_delay_stopped'====== Args={'ticks': 0, 'ticks_remaining': 0}
2026-05-17 15:07:31,521 : INFO : Timer.post_plunge_orbit_lockout : Starting Timer.
2026-05-17 15:07:31,521 : INFO : EventManager : Event: ======'timer_post_plunge_orbit_lockout_started'====== Args={'ticks': 0, 'ticks_remaining': 3}
2026-05-17 15:07:31,521 : INFO : EventManager : Event: ======'timer_post_plunge_orbit_lockout_tick'====== Args={'ticks': 0, 'ticks_remaining': 3}
2026-05-17 15:07:31,521 : INFO : Timer.skillshot : Starting Timer.
2026-05-17 15:07:31,521 : INFO : EventManager : Event: ======'timer_skillshot_started'====== Args={'ticks': 9, 'ticks_remaining': 9}
2026-05-17 15:07:31,521 : INFO : EventManager : Event: ======'timer_skillshot_tick'====== Args={'ticks': 9, 'ticks_remaining': 9}
2026-05-17 15:07:31,521 : INFO : Timer.skillshot_sound_loop : Stopping Timer
2026-05-17 15:07:31,523 : INFO : EventManager : Event: ======'timer_skillshot_sound_loop_stopped'====== Args={'ticks': 0, 'ticks_remaining': 999}
2026-05-17 15:07:31,523 : INFO : Timer.skillshot_shaker_pulse : Stopping Timer
2026-05-17 15:07:31,523 : INFO : EventManager : Event: ======'timer_skillshot_shaker_pulse_stopped'====== Args={'ticks': 2, 'ticks_remaining': 997}
2026-05-17 15:07:31,523 : INFO : Timer.skillshot_shaker_idle : Stopping Timer
2026-05-17 15:07:31,523 : INFO : EventManager : Event: ======'timer_skillshot_shaker_idle_stopped'====== Args={'ticks': 2, 'ticks_remaining': 18}
2026-05-17 15:07:31,523 : INFO : EventManager : Event: ======'video_launch_start'====== Args={'priority': 0}
2026-05-17 15:07:31,523 : INFO : coil.c_left_mig_up_post : Enabling Driver with power 0.25 (pulse_ms 20ms and pulse_power 0.75)
2026-05-17 15:07:31,523 : INFO : Timer.skillshot_left_mig_post_timer : Starting Timer.
2026-05-17 15:07:31,523 : INFO : EventManager : Event: ======'timer_skillshot_left_mig_post_timer_started'====== Args={'ticks': 0, 'ticks_remaining': 3}
2026-05-17 15:07:31,523 : INFO : EventManager : Event: ======'timer_skillshot_left_mig_post_timer_tick'====== Args={'ticks': 0, 'ticks_remaining': 3}
2026-05-17 15:07:31,523 : INFO : EventManager : Event: ======'ball_save_new_ball_save_timer_start'====== Args={}
2026-05-17 15:07:31,523 : INFO : Timer.ball_save_countdown : Starting Timer.
2026-05-17 15:07:31,524 : INFO : EventManager : Event: ======'timer_ball_save_countdown_started'====== Args={'ticks': 20, 'ticks_remaining': 20}
2026-05-17 15:07:31,524 : INFO : EventManager : Event: ======'timer_ball_save_countdown_tick'====== Args={'ticks': 20, 'ticks_remaining': 20}
2026-05-17 15:07:31,524 : INFO : EventManager : Event: ======'ball_save_flash_slow'====== Args={'priority': 0}
2026-05-17 15:07:31,524 : INFO : EventManager : Event: ======'player_ball_save_time_remaining'====== Args={'value': 20, 'prev_value': 0, 'change': 20, 'player_num': 1, 'source': 'ball_save'}
2026-05-17 15:07:31,528 : INFO : ball_device.bd_plunger : State: ball_left
2026-05-17 15:07:31,528 : INFO : ball_device.bd_plunger : Ball left
2026-05-17 15:07:31,528 : INFO : ball_device.bd_plunger : Wait for confirm with timeout 3.0
2026-05-17 15:07:31,530 : INFO : EventManager : Event: ======'slide_skillshot_ball_in_shooter_lane_removed'====== Args={'_from_bcp': True}
2026-05-17 15:07:31,551 : INFO : EventManager : Event: ======'slide_skillshot_ball_launched_created'====== Args={'_from_bcp': True}
2026-05-17 15:07:31,830 : INFO : SwitchController : <<<<<<< 's_lane_right' active >>>>>>>
2026-05-17 15:07:31,830 : INFO : EventManager : Event: ======'s_lane_right_active'====== Args={}
2026-05-17 15:07:31,830 : INFO : EventManager : Event: ======'sw_playfield_active'====== Args={}
2026-05-17 15:07:31,830 : INFO : EventManager : Event: ======'machine_var_audits_switches_s_lane_right'====== Args={'value': 4788, 'prev_value': 4787, 'change': 1}
2026-05-17 15:07:31,832 : INFO : EventManager : Event: ======'player_score'====== Args={'value': 5000, 'prev_value': 0, 'change': 5000, 'player_num': 1, 'source': 'base'}
2026-05-17 15:07:31,832 : INFO : EventManager : Event: ======'player_bonus_switches_count'====== Args={'value': 1, 'prev_value': 0, 'change': 1, 'player_num': 1, 'source': 'base'}
2026-05-17 15:07:31,832 : INFO : EventManager : Event: ======'playfield_active'====== Args={'source': None}
2026-05-17 15:07:31,892 : INFO : SwitchController : <<<<<<< 's_lane_right' inactive >>>>>>>
2026-05-17 15:07:32,532 : INFO : EventManager : Event: ======'player_pilot_mission_qualifier_post_plunge_orbit_lockout_tick'====== Args={'value': 1, 'prev_value': 0, 'change': 1, 'player_num': 1}
2026-05-17 15:07:32,532 : INFO : EventManager : Event: ======'timer_post_plunge_orbit_lockout_tick'====== Args={'ticks': 1, 'ticks_remaining': 2}
2026-05-17 15:07:32,532 : INFO : EventManager : Event: ======'player_skillshot_skillshot_left_mig_post_timer_tick'====== Args={'value': 1, 'prev_value': 0, 'change': 1, 'player_num': 1}
2026-05-17 15:07:32,533 : INFO : EventManager : Event: ======'timer_skillshot_left_mig_post_timer_tick'====== Args={'ticks': 1, 'ticks_remaining': 2}
2026-05-17 15:07:32,533 : INFO : EventManager : Event: ======'player_ball_save_ball_save_countdown_tick'====== Args={'value': 19, 'prev_value': 20, 'change': -1, 'player_num': 1}
2026-05-17 15:07:32,533 : INFO : EventManager : Event: ======'timer_ball_save_countdown_tick'====== Args={'ticks': 19, 'ticks_remaining': 19}
2026-05-17 15:07:32,533 : INFO : EventManager : Event: ======'player_skillshot_skillshot_tick'====== Args={'value': 8, 'prev_value': 9, 'change': -1, 'player_num': 1}
2026-05-17 15:07:32,533 : INFO : EventManager : Event: ======'timer_skillshot_tick'====== Args={'ticks': 8, 'ticks_remaining': 8}
2026-05-17 15:07:32,534 : INFO : EventManager : Event: ======'ball_save_flash_slow'====== Args={'priority': 0}
2026-05-17 15:07:32,534 : INFO : EventManager : Event: ======'player_ball_save_time_remaining'====== Args={'value': 19, 'prev_value': 20, 'change': -1, 'player_num': 1, 'source': 'ball_save'}
2026-05-17 15:07:32,906 : INFO : SwitchController : <<<<<<< 's_lane_right' active >>>>>>>
2026-05-17 15:07:32,906 : INFO : EventManager : Event: ======'s_lane_right_active'====== Args={}
2026-05-17 15:07:32,907 : INFO : EventManager : Event: ======'sw_playfield_active'====== Args={}
2026-05-17 15:07:32,907 : INFO : EventManager : Event: ======'machine_var_audits_switches_s_lane_right'====== Args={'value': 4789, 'prev_value': 4788, 'change': 1}
2026-05-17 15:07:32,908 : INFO : EventManager : Event: ======'player_score'====== Args={'value': 10000, 'prev_value': 5000, 'change': 5000, 'player_num': 1, 'source': 'base'}
2026-05-17 15:07:32,908 : INFO : EventManager : Event: ======'player_bonus_switches_count'====== Args={'value': 2, 'prev_value': 1, 'change': 1, 'player_num': 1, 'source': 'base'}
2026-05-17 15:07:32,909 : INFO : EventManager : Event: ======'playfield_active'====== Args={'source': None}
2026-05-17 15:07:33,002 : INFO : SwitchController : <<<<<<< 's_lane_right' inactive >>>>>>>
2026-05-17 15:07:33,519 : INFO : EventManager : Event: ======'player_skillshot_skillshot_left_mig_post_timer_tick'====== Args={'value': 2, 'prev_value': 1, 'change': 1, 'player_num': 1}
2026-05-17 15:07:33,520 : INFO : EventManager : Event: ======'timer_skillshot_left_mig_post_timer_tick'====== Args={'ticks': 2, 'ticks_remaining': 1}
2026-05-17 15:07:33,520 : INFO : EventManager : Event: ======'player_ball_save_ball_save_countdown_tick'====== Args={'value': 18, 'prev_value': 19, 'change': -1, 'player_num': 1}
2026-05-17 15:07:33,520 : INFO : EventManager : Event: ======'timer_ball_save_countdown_tick'====== Args={'ticks': 18, 'ticks_remaining': 18}
2026-05-17 15:07:33,520 : INFO : EventManager : Event: ======'player_skillshot_skillshot_tick'====== Args={'value': 7, 'prev_value': 8, 'change': -1, 'player_num': 1}
2026-05-17 15:07:33,520 : INFO : EventManager : Event: ======'timer_skillshot_tick'====== Args={'ticks': 7, 'ticks_remaining': 7}
2026-05-17 15:07:33,520 : INFO : EventManager : Event: ======'player_pilot_mission_qualifier_post_plunge_orbit_lockout_tick'====== Args={'value': 2, 'prev_value': 1, 'change': 1, 'player_num': 1}
2026-05-17 15:07:33,520 : INFO : EventManager : Event: ======'timer_post_plunge_orbit_lockout_tick'====== Args={'ticks': 2, 'ticks_remaining': 1}
2026-05-17 15:07:33,521 : INFO : EventManager : Event: ======'ball_save_flash_slow'====== Args={'priority': 0}
2026-05-17 15:07:33,521 : INFO : EventManager : Event: ======'player_ball_save_time_remaining'====== Args={'value': 18, 'prev_value': 19, 'change': -1, 'player_num': 1, 'source': 'ball_save'}
2026-05-17 15:07:34,530 : INFO : EventManager : Event: ======'player_ball_save_ball_save_countdown_tick'====== Args={'value': 17, 'prev_value': 18, 'change': -1, 'player_num': 1}
2026-05-17 15:07:34,532 : INFO : EventManager : Event: ======'timer_ball_save_countdown_tick'====== Args={'ticks': 17, 'ticks_remaining': 17}
2026-05-17 15:07:34,532 : INFO : EventManager : Event: ======'player_pilot_mission_qualifier_post_plunge_orbit_lockout_tick'====== Args={'value': 3, 'prev_value': 2, 'change': 1, 'player_num': 1}
2026-05-17 15:07:34,532 : INFO : Timer.post_plunge_orbit_lockout : Timer Complete
2026-05-17 15:07:34,532 : INFO : Timer.post_plunge_orbit_lockout : Stopping Timer
2026-05-17 15:07:34,532 : INFO : EventManager : Event: ======'timer_post_plunge_orbit_lockout_stopped'====== Args={'ticks': 3, 'ticks_remaining': 1}
2026-05-17 15:07:34,532 : INFO : EventManager : Event: ======'timer_post_plunge_orbit_lockout_complete'====== Args={'ticks': 3, 'ticks_remaining': 1}
2026-05-17 15:07:34,532 : INFO : EventManager : Event: ======'player_skillshot_skillshot_left_mig_post_timer_tick'====== Args={'value': 3, 'prev_value': 2, 'change': 1, 'player_num': 1}
2026-05-17 15:07:34,532 : INFO : Timer.skillshot_left_mig_post_timer : Timer Complete
2026-05-17 15:07:34,533 : INFO : Timer.skillshot_left_mig_post_timer : Stopping Timer
2026-05-17 15:07:34,533 : INFO : EventManager : Event: ======'timer_skillshot_left_mig_post_timer_stopped'====== Args={'ticks': 3, 'ticks_remaining': 1}
2026-05-17 15:07:34,533 : INFO : EventManager : Event: ======'timer_skillshot_left_mig_post_timer_complete'====== Args={'ticks': 3, 'ticks_remaining': 1}
2026-05-17 15:07:34,533 : INFO : EventManager : Event: ======'player_skillshot_skillshot_tick'====== Args={'value': 6, 'prev_value': 7, 'change': -1, 'player_num': 1}
2026-05-17 15:07:34,533 : INFO : EventManager : Event: ======'timer_skillshot_tick'====== Args={'ticks': 6, 'ticks_remaining': 6}
2026-05-17 15:07:34,533 : INFO : EventManager : Event: ======'ball_save_flash_slow'====== Args={'priority': 0}
2026-05-17 15:07:34,533 : INFO : EventManager : Event: ======'player_ball_save_time_remaining'====== Args={'value': 17, 'prev_value': 18, 'change': -1, 'player_num': 1, 'source': 'ball_save'}
2026-05-17 15:07:34,534 : INFO : EventManager : Event: ======'skillshot_deactivate_left_mig_post'====== Args={'priority': 0}
2026-05-17 15:07:34,534 : INFO : coil.c_left_mig_up_post : Disabling Driver
2026-05-17 15:07:34,534 : INFO : ball_device.bd_plunger : State: failed_confirm
2026-05-17 15:07:34,534 : INFO : ball_device.bd_plunger : Got timeout (3.0s) before confirm from <playfield.playfield>
2026-05-17 15:07:34,639 : INFO : ball_device.bd_plunger : Confirming eject because target is playfield and ball did not return.
2026-05-17 15:07:34,639 : INFO : ball_device.bd_plunger : Eject successful
2026-05-17 15:07:34,639 : INFO : EventManager : Event: ======'balldevice_bd_plunger_ball_eject_success'====== Args={'balls': 1, 'target': <playfield.playfield>}
2026-05-17 15:07:34,640 : INFO : EventManager : Event: ======'balldevice_playfield_ball_enter'====== Args={'new_balls': 1, 'unclaimed_balls': 1, 'device': <playfield.playfield>}
2026-05-17 15:07:34,640 : INFO : EventManager : Event: ======'playfield_ball_count_change'====== Args={'balls': 1, 'change': 1}
2026-05-17 15:07:34,642 : INFO : EventManager : Event: ======'balldevice_bd_plunger_ball_count_changed'====== Args={'balls': 0}
2026-05-17 15:07:34,642 : INFO : ball_device.bd_plunger : State: idle
2026-05-17 15:07:34,946 : INFO : EventManager : Event: ======'slide_skillshot_ball_launched_removed'====== Args={'_from_bcp': True}
2026-05-17 15:07:34,949 : INFO : EventManager : Event: ======'start_bg_video'====== Args={'_from_bcp': True}
2026-05-17 15:07:34,949 : INFO : EventManager : Event: ======'new_video'====== Args={'_from_bcp': True}
2026-05-17 15:07:35,216 : INFO : SwitchController : <<<<<<< 's_flipper_right' active >>>>>>>
2026-05-17 15:07:35,216 : INFO : EventManager : Event: ======'s_flipper_right_active'====== Args={}
2026-05-17 15:07:35,216 : INFO : EventManager : Event: ======'machine_var_audits_switches_s_flipper_right'====== Args={'value': 55635, 'prev_value': 55634, 'change': 1}
2026-05-17 15:07:35,217 : INFO : EventManager : Event: ======'skillshot_shaker_flipper_activity'====== Args={'priority': 0}
2026-05-17 15:07:35,218 : INFO : EventManager : Event: ======'shaker_shooter_lane_pulse'====== Args={'priority': 0}
2026-05-17 15:07:35,218 : INFO : EventManager : Event: ======'skillshot_mig_position_i'====== Args={'priority': 0}
2026-05-17 15:07:35,218 : INFO : EventManager : Event: ======'goose_rotate_right_execute'====== Args={'priority': 0}
2026-05-17 15:07:35,218 : INFO : EventManager : Event: ======'player_goose_temp_g'====== Args={'value': 0, 'prev_value': 0, 'change': 0, 'player_num': 1, 'source': 'goose_letters'}
2026-05-17 15:07:35,218 : INFO : EventManager : Event: ======'player_goose_temp_o_left'====== Args={'value': 0, 'prev_value': 0, 'change': 0, 'player_num': 1, 'source': 'goose_letters'}
2026-05-17 15:07:35,218 : INFO : EventManager : Event: ======'player_goose_temp_e'====== Args={'value': 0, 'prev_value': 0, 'change': 0, 'player_num': 1, 'source': 'goose_letters'}
2026-05-17 15:07:35,218 : INFO : EventManager : Event: ======'player_goose_temp_o_right'====== Args={'value': 0, 'prev_value': 0, 'change': 0, 'player_num': 1, 'source': 'goose_letters'}
2026-05-17 15:07:35,219 : INFO : EventManager : Event: ======'player_goose_temp_s'====== Args={'value': 0, 'prev_value': 0, 'change': 0, 'player_num': 1, 'source': 'goose_letters'}
2026-05-17 15:07:35,219 : INFO : EventManager : Event: ======'player_missile_temp_g'====== Args={'value': 0, 'prev_value': 0, 'change': 0, 'player_num': 1, 'source': 'goose_letters'}
2026-05-17 15:07:35,219 : INFO : EventManager : Event: ======'player_missile_temp_o_left'====== Args={'value': 0, 'prev_value': 0, 'change': 0, 'player_num': 1, 'source': 'goose_letters'}
2026-05-17 15:07:35,219 : INFO : EventManager : Event: ======'player_missile_temp_e'====== Args={'value': 0, 'prev_value': 0, 'change': 0, 'player_num': 1, 'source': 'goose_letters'}
2026-05-17 15:07:35,219 : INFO : EventManager : Event: ======'player_missile_temp_o_right'====== Args={'value': 0, 'prev_value': 0, 'change': 0, 'player_num': 1, 'source': 'goose_letters'}
2026-05-17 15:07:35,219 : INFO : EventManager : Event: ======'player_missile_temp_s'====== Args={'value': 0, 'prev_value': 0, 'change': 0, 'player_num': 1, 'source': 'goose_letters'}
2026-05-17 15:07:35,219 : INFO : EventManager : Event: ======'mig_rotate_right_execute'====== Args={'priority': 0}
2026-05-17 15:07:35,219 : INFO : EventManager : Event: ======'player_mig_temp_m'====== Args={'value': 0, 'prev_value': 0, 'change': 0, 'player_num': 1, 'source': 'mig_letters'}
2026-05-17 15:07:35,219 : INFO : EventManager : Event: ======'player_mig_temp_i'====== Args={'value': 0, 'prev_value': 0, 'change': 0, 'player_num': 1, 'source': 'mig_letters'}
2026-05-17 15:07:35,219 : INFO : EventManager : Event: ======'player_mig_temp_g'====== Args={'value': 0, 'prev_value': 0, 'change': 0, 'player_num': 1, 'source': 'mig_letters'}
2026-05-17 15:07:35,219 : INFO : EventManager : Event: ======'ball_search_reset'====== Args={'priority': 0}
2026-05-17 15:07:35,221 : INFO : EventManager : Event: ======'player_skillshot_skillshot_shaker_pulse_tick'====== Args={'value': 0, 'prev_value': 2, 'change': -2, 'player_num': 1}
2026-05-17 15:07:35,221 : INFO : Timer.skillshot_shaker_pulse : Starting Timer.
2026-05-17 15:07:35,221 : INFO : EventManager : Event: ======'timer_skillshot_shaker_pulse_started'====== Args={'ticks': 0, 'ticks_remaining': 999}
2026-05-17 15:07:35,221 : INFO : EventManager : Event: ======'timer_skillshot_shaker_pulse_tick'====== Args={'ticks': 0, 'ticks_remaining': 999}
2026-05-17 15:07:35,221 : INFO : EventManager : Event: ======'player_skillshot_skillshot_shaker_idle_tick'====== Args={'value': 0, 'prev_value': 2, 'change': -2, 'player_num': 1}
2026-05-17 15:07:35,221 : INFO : Timer.skillshot_shaker_idle : Starting Timer.
2026-05-17 15:07:35,221 : INFO : EventManager : Event: ======'timer_skillshot_shaker_idle_started'====== Args={'ticks': 0, 'ticks_remaining': 20}
2026-05-17 15:07:35,221 : INFO : EventManager : Event: ======'timer_skillshot_shaker_idle_tick'====== Args={'ticks': 0, 'ticks_remaining': 20}
2026-05-17 15:07:35,221 : INFO : EventManager : Event: ======'shaker_shooter_lane_pulse'====== Args={'priority': 0}
2026-05-17 15:07:35,221 : INFO : EventManager : Event: ======'player_shot_mig_lane_left'====== Args={'value': 0, 'prev_value': 1, 'change': -1, 'player_num': 1}
2026-05-17 15:07:35,222 : INFO : EventManager : Event: ======'player_skillshot_mig_position'====== Args={'value': 1, 'prev_value': 0, 'change': 1, 'player_num': 1, 'source': 'skillshot'}
2026-05-17 15:07:35,222 : INFO : EventManager : Event: ======'player_goose_letter_g'====== Args={'value': 0, 'prev_value': 0, 'change': 0, 'player_num': 1, 'source': 'goose_letters'}
2026-05-17 15:07:35,222 : INFO : EventManager : Event: ======'player_goose_letter_e'====== Args={'value': 0, 'prev_value': 0, 'change': 0, 'player_num': 1, 'source': 'goose_letters'}
2026-05-17 15:07:35,222 : INFO : EventManager : Event: ======'player_goose_letter_s'====== Args={'value': 0, 'prev_value': 0, 'change': 0, 'player_num': 1, 'source': 'goose_letters'}
2026-05-17 15:07:35,222 : INFO : EventManager : Event: ======'player_goose_letter_o_right'====== Args={'value': 0, 'prev_value': 0, 'change': 0, 'player_num': 1, 'source': 'goose_letters'}
2026-05-17 15:07:35,222 : INFO : EventManager : Event: ======'player_goose_letter_o_left'====== Args={'value': 0, 'prev_value': 0, 'change': 0, 'player_num': 1, 'source': 'goose_letters'}
2026-05-17 15:07:35,223 : INFO : EventManager : Event: ======'player_missile_pos_g'====== Args={'value': 0, 'prev_value': 0, 'change': 0, 'player_num': 1, 'source': 'goose_letters'}
2026-05-17 15:07:35,223 : INFO : EventManager : Event: ======'player_missile_pos_e'====== Args={'value': 0, 'prev_value': 0, 'change': 0, 'player_num': 1, 'source': 'goose_letters'}
2026-05-17 15:07:35,223 : INFO : EventManager : Event: ======'player_missile_pos_s'====== Args={'value': 0, 'prev_value': 0, 'change': 0, 'player_num': 1, 'source': 'goose_letters'}
2026-05-17 15:07:35,223 : INFO : EventManager : Event: ======'player_missile_pos_o_right'====== Args={'value': 0, 'prev_value': 0, 'change': 0, 'player_num': 1, 'source': 'goose_letters'}
2026-05-17 15:07:35,223 : INFO : EventManager : Event: ======'player_missile_pos_o_left'====== Args={'value': 0, 'prev_value': 0, 'change': 0, 'player_num': 1, 'source': 'goose_letters'}
2026-05-17 15:07:35,224 : INFO : EventManager : Event: ======'player_mig_letter_m'====== Args={'value': 0, 'prev_value': 0, 'change': 0, 'player_num': 1, 'source': 'mig_letters'}
2026-05-17 15:07:35,224 : INFO : EventManager : Event: ======'player_mig_letter_g'====== Args={'value': 0, 'prev_value': 0, 'change': 0, 'player_num': 1, 'source': 'mig_letters'}
2026-05-17 15:07:35,224 : INFO : EventManager : Event: ======'player_mig_letter_i'====== Args={'value': 0, 'prev_value': 0, 'change': 0, 'player_num': 1, 'source': 'mig_letters'}
2026-05-17 15:07:35,249 : INFO : SwitchController : <<<<<<< 's_flipper_right_eos' active >>>>>>>
2026-05-17 15:07:35,249 : INFO : EventManager : Event: ======'machine_var_audits_switches_s_flipper_right_eos'====== Args={'value': 50051, 'prev_value': 50050, 'change': 1}
2026-05-17 15:07:35,483 : INFO : SwitchController : <<<<<<< 's_spinner' active >>>>>>>
2026-05-17 15:07:35,483 : INFO : EventManager : Event: ======'s_spinner_active'====== Args={}
2026-05-17 15:07:35,483 : INFO : EventManager : Event: ======'sw_playfield_active'====== Args={}
2026-05-17 15:07:35,483 : INFO : EventManager : Event: ======'sw_playfield_active'====== Args={}
2026-05-17 15:07:35,483 : INFO : EventManager : Event: ======'machine_var_audits_switches_s_spinner'====== Args={'value': 66292, 'prev_value': 66291, 'change': 1}
2026-05-17 15:07:35,484 : INFO : EventManager : Event: ======'machine_var_audits_shots_spinner'====== Args={'value': 254, 'prev_value': 253, 'change': 1}
2026-05-17 15:07:35,484 : INFO : EventManager : Event: ======'spinner_hit'====== Args={'profile': 'skill', 'state': 'lit', 'advancing': False}
2026-05-17 15:07:35,484 : INFO : EventManager : Event: ======'spinner_skill_hit'====== Args={'profile': 'skill', 'state': 'lit', 'advancing': False}
2026-05-17 15:07:35,484 : INFO : EventManager : Event: ======'spinner_skill_lit_hit'====== Args={'profile': 'skill', 'state': 'lit', 'advancing': False}
2026-05-17 15:07:35,485 : INFO : EventManager : Event: ======'spinner_lit_hit'====== Args={'profile': 'skill', 'state': 'lit', 'advancing': False}
2026-05-17 15:07:35,485 : INFO : EventManager : Event: ======'player_spinner_spin_count'====== Args={'value': 1, 'prev_value': 0, 'change': 1, 'player_num': 1, 'source': 'pilot_mission_qualifier'}
2026-05-17 15:07:35,485 : INFO : EventManager : Event: ======'player_right_post_locked_out'====== Args={'value': 1, 'prev_value': 0, 'change': 1, 'player_num': 1, 'source': 'iceman_letters'}
2026-05-17 15:07:35,485 : INFO : EventManager : Event: ======'player_hd_sw_spinner'====== Args={'value': 1, 'prev_value': 0, 'change': 1, 'player_num': 1, 'source': 'hard_deck_qualifiers'}
2026-05-17 15:07:35,485 : INFO : EventManager : Event: ======'player_score'====== Args={'value': 11000, 'prev_value': 10000, 'change': 1000, 'player_num': 1, 'source': 'base'}
2026-05-17 15:07:35,485 : INFO : EventManager : Event: ======'player_bonus_switches_count'====== Args={'value': 3, 'prev_value': 2, 'change': 1, 'player_num': 1, 'source': 'base'}
2026-05-17 15:07:35,485 : INFO : EventManager : Event: ======'player_spinner_count'====== Args={'value': 1, 'prev_value': 0, 'change': 1, 'player_num': 1, 'source': 'base'}
2026-05-17 15:07:35,486 : INFO : Timer.spinner_inactivity : Starting Timer.
2026-05-17 15:07:35,486 : INFO : EventManager : Event: ======'timer_spinner_inactivity_started'====== Args={'ticks': 2, 'ticks_remaining': 2}
2026-05-17 15:07:35,486 : INFO : EventManager : Event: ======'timer_spinner_inactivity_tick'====== Args={'ticks': 2, 'ticks_remaining': 2}
2026-05-17 15:07:35,486 : INFO : Timer.spinner_shot_timeout : Starting Timer.
2026-05-17 15:07:35,486 : INFO : EventManager : Event: ======'timer_spinner_shot_timeout_started'====== Args={'ticks': 0, 'ticks_remaining': 2}
2026-05-17 15:07:35,486 : INFO : EventManager : Event: ======'timer_spinner_shot_timeout_tick'====== Args={'ticks': 0, 'ticks_remaining': 2}
2026-05-17 15:07:35,486 : INFO : EventManager : Event: ======'skillshot_group_hit'====== Args={'shot': 'spinner'}
2026-05-17 15:07:35,486 : INFO : EventManager : Event: ======'skillshot_group_lit_hit'====== Args={'shot': 'spinner'}
2026-05-17 15:07:35,486 : INFO : EventManager : Event: ======'mode_skillshot_will_stop'====== Args={}
2026-05-17 15:07:35,486 : INFO : EventManager : Event: ======'mode_skillshot_stopping'====== Args={}
2026-05-17 15:07:35,486 : INFO : EventManager : Event: ======'show_skillshot_miramar_video'====== Args={'priority': 0}
2026-05-17 15:07:35,487 : INFO : EventManager : Event: ======'skillshot_show_points'====== Args={'priority': 0}
2026-05-17 15:07:35,487 : INFO : EventManager : Event: ======'skillshot_add_topgun_letter'====== Args={'priority': 0}
2026-05-17 15:07:35,487 : INFO : EventManager : Event: ======'player_score'====== Args={'value': 211000, 'prev_value': 11000, 'change': 200000, 'player_num': 1, 'source': 'skillshot'}
2026-05-17 15:07:35,487 : INFO : EventManager : Event: ======'player_mode_points_scored'====== Args={'value': 200000, 'prev_value': 0, 'change': 200000, 'player_num': 1, 'source': 'skillshot'}
2026-05-17 15:07:35,487 : INFO : EventManager : Event: ======'player_skillshot_count'====== Args={'value': 1, 'prev_value': 0, 'change': 1, 'player_num': 1, 'source': 'skillshot'}
2026-05-17 15:07:35,487 : INFO : EventManager : Event: ======'player_priority'====== Args={'value': 600, 'prev_value': 0, 'change': 600, 'player_num': 1, 'source': 'skillshot'}
2026-05-17 15:07:35,487 : INFO : EventManager : Event: ======'eject_mode_qualified_event'====== Args={'priority': 0}
2026-05-17 15:07:35,487 : INFO : EventManager : Event: ======'player_first_skillshot_made'====== Args={'value': 1, 'prev_value': 0, 'change': 1, 'player_num': 1, 'source': 'goose_letters'}
2026-05-17 15:07:35,487 : INFO : Timer.skillshot_video_running : Starting Timer.
2026-05-17 15:07:35,488 : INFO : EventManager : Event: ======'timer_skillshot_video_running_started'====== Args={'ticks': 0, 'ticks_remaining': 1}
2026-05-17 15:07:35,488 : INFO : EventManager : Event: ======'timer_skillshot_video_running_tick'====== Args={'ticks': 0, 'ticks_remaining': 1}
2026-05-17 15:07:35,488 : INFO : coil.c_left_mig_up_post : Disabling Driver
2026-05-17 15:07:35,488 : INFO : Timer.skillshot : Stopping Timer
2026-05-17 15:07:35,488 : INFO : EventManager : Event: ======'timer_skillshot_stopped'====== Args={'ticks': 6, 'ticks_remaining': 6}
2026-05-17 15:07:35,488 : INFO : Timer.skillshot_sound_loop : Stopping Timer
2026-05-17 15:07:35,488 : INFO : EventManager : Event: ======'timer_skillshot_sound_loop_stopped'====== Args={'ticks': 0, 'ticks_remaining': 999}
2026-05-17 15:07:35,488 : INFO : Timer.skillshot_shaker_pulse : Stopping Timer
2026-05-17 15:07:35,488 : INFO : EventManager : Event: ======'timer_skillshot_shaker_pulse_stopped'====== Args={'ticks': 0, 'ticks_remaining': 999}
2026-05-17 15:07:35,488 : INFO : Timer.skillshot_shaker_idle : Stopping Timer
2026-05-17 15:07:35,488 : INFO : EventManager : Event: ======'timer_skillshot_shaker_idle_stopped'====== Args={'ticks': 0, 'ticks_remaining': 20}
2026-05-17 15:07:35,488 : INFO : Timer.skillshot_left_mig_post_timer : Stopping Timer
2026-05-17 15:07:35,488 : INFO : EventManager : Event: ======'timer_skillshot_left_mig_post_timer_stopped'====== Args={'ticks': 3, 'ticks_remaining': 1}
2026-05-17 15:07:35,489 : INFO : EventManager : Event: ======'player_topgun_shots_collected'====== Args={'value': 4, 'prev_value': 3, 'change': 1, 'player_num': 1, 'source': 'pilot_mission_qualifier'}
2026-05-17 15:07:35,489 : INFO : EventManager : Event: ======'topgun_letter_g_lit'====== Args={'priority': 0}
2026-05-17 15:07:35,490 : INFO : EventManager : Event: ======'player_eject_mode_qualified'====== Args={'value': 1, 'prev_value': 0, 'change': 1, 'player_num': 1, 'source': 'goose_letters'}
2026-05-17 15:07:35,490 : INFO : EventManager : Event: ======'player_topgun_skip_video'====== Args={'value': 1, 'prev_value': 0, 'change': 1, 'player_num': 1, 'source': 'pilot_mission_qualifier'}
2026-05-17 15:07:35,490 : INFO : Mode.skillshot : Stopped.
2026-05-17 15:07:35,490 : INFO : EventManager : Event: ======'modes_active_modes_changed'====== Args={}
2026-05-17 15:07:35,491 : INFO : EventManager : Event: ======'mode_skillshot_stopped'====== Args={}
2026-05-17 15:07:35,491 : INFO : EventManager : Event: ======'clear'====== Args={'key': 'skillshot'}
2026-05-17 15:07:35,491 : INFO : EventManager : Event: ======'player_pilot_qualifier_paused'====== Args={'value': 0, 'prev_value': 1, 'change': -1, 'player_num': 1, 'source': 'pilot_mission_qualifier'}
2026-05-17 15:07:35,491 : INFO : EventManager : Event: ======'update_qualifying_show'====== Args={'priority': 0}
2026-05-17 15:07:35,491 : INFO : EventManager : Event: ======'update_training_qual_lights'====== Args={'priority': 0}
2026-05-17 15:07:35,492 : INFO : Timer.skillshot_sound_loop : Stopping Timer
2026-05-17 15:07:35,492 : INFO : EventManager : Event: ======'timer_skillshot_sound_loop_stopped'====== Args={'ticks': 0, 'ticks_remaining': 999}
2026-05-17 15:07:35,492 : INFO : Timer.skillshot_left_mig_post_timer : Stopping Timer
2026-05-17 15:07:35,492 : INFO : EventManager : Event: ======'timer_skillshot_left_mig_post_timer_stopped'====== Args={'ticks': 3, 'ticks_remaining': 1}
2026-05-17 15:07:35,492 : INFO : Timer.skillshot_shaker_pulse : Stopping Timer
2026-05-17 15:07:35,493 : INFO : EventManager : Event: ======'timer_skillshot_shaker_pulse_stopped'====== Args={'ticks': 0, 'ticks_remaining': 999}
2026-05-17 15:07:35,493 : INFO : Timer.skillshot : Stopping Timer
2026-05-17 15:07:35,493 : INFO : EventManager : Event: ======'timer_skillshot_stopped'====== Args={'ticks': 6, 'ticks_remaining': 6}
2026-05-17 15:07:35,493 : INFO : Timer.skillshot_shaker_idle : Stopping Timer
2026-05-17 15:07:35,493 : INFO : EventManager : Event: ======'timer_skillshot_shaker_idle_stopped'====== Args={'ticks': 0, 'ticks_remaining': 20}
2026-05-17 15:07:35,495 : INFO : SwitchController : <<<<<<< 's_spinner' inactive >>>>>>>
2026-05-17 15:07:35,529 : INFO : EventManager : Event: ======'player_ball_save_ball_save_countdown_tick'====== Args={'value': 16, 'prev_value': 17, 'change': -1, 'player_num': 1}
2026-05-17 15:07:35,529 : INFO : EventManager : Event: ======'timer_ball_save_countdown_tick'====== Args={'ticks': 16, 'ticks_remaining': 16}
2026-05-17 15:07:35,530 : INFO : SwitchController : <<<<<<< 's_spinner' active >>>>>>>
2026-05-17 15:07:35,530 : INFO : EventManager : Event: ======'s_spinner_active'====== Args={}
2026-05-17 15:07:35,530 : INFO : EventManager : Event: ======'sw_playfield_active'====== Args={}
2026-05-17 15:07:35,530 : INFO : EventManager : Event: ======'sw_playfield_active'====== Args={}
2026-05-17 15:07:35,530 : INFO : EventManager : Event: ======'machine_var_audits_switches_s_spinner'====== Args={'value': 66293, 'prev_value': 66292, 'change': 1}
2026-05-17 15:07:35,530 : INFO : SwitchController : <<<<<<< 's_flipper_right' inactive >>>>>>>
2026-05-17 15:07:35,531 : INFO : EventManager : Event: ======'s_flipper_right_inactive'====== Args={}
2026-05-17 15:07:35,531 : INFO : SwitchController : <<<<<<< 's_spinner' inactive >>>>>>>
2026-05-17 15:07:35,531 : INFO : EventManager : Event: ======'ball_save_flash_slow'====== Args={'priority': 0}
2026-05-17 15:07:35,531 : INFO : EventManager : Event: ======'player_ball_save_time_remaining'====== Args={'value': 16, 'prev_value': 17, 'change': -1, 'player_num': 1, 'source': 'ball_save'}
2026-05-17 15:07:35,531 : INFO : EventManager : Event: ======'player_spinner_spin_count'====== Args={'value': 2, 'prev_value': 1, 'change': 1, 'player_num': 1, 'source': 'pilot_mission_qualifier'}
2026-05-17 15:07:35,533 : INFO : EventManager : Event: ======'player_hd_sw_spinner'====== Args={'value': 2, 'prev_value': 1, 'change': 1, 'player_num': 1, 'source': 'hard_deck_qualifiers'}
2026-05-17 15:07:35,533 : INFO : EventManager : Event: ======'player_score'====== Args={'value': 212000, 'prev_value': 211000, 'change': 1000, 'player_num': 1, 'source': 'base'}
2026-05-17 15:07:35,533 : INFO : EventManager : Event: ======'player_bonus_switches_count'====== Args={'value': 4, 'prev_value': 3, 'change': 1, 'player_num': 1, 'source': 'base'}
2026-05-17 15:07:35,533 : INFO : EventManager : Event: ======'player_spinner_count'====== Args={'value': 2, 'prev_value': 1, 'change': 1, 'player_num': 1, 'source': 'base'}
2026-05-17 15:07:35,533 : INFO : EventManager : Event: ======'timer_spinner_inactivity_tick'====== Args={'ticks': 2, 'ticks_remaining': 2}
2026-05-17 15:07:35,533 : INFO : EventManager : Event: ======'timer_spinner_shot_timeout_tick'====== Args={'ticks': 0, 'ticks_remaining': 2}
2026-05-17 15:07:35,533 : INFO : EventManager : Event: ======'player_hd_switches_completed'====== Args={'value': 1, 'prev_value': 0, 'change': 1, 'player_num': 1, 'source': 'hard_deck_qualifiers'}
2026-05-17 15:07:35,560 : INFO : SwitchController : <<<<<<< 's_spinner' active >>>>>>>
2026-05-17 15:07:35,560 : INFO : EventManager : Event: ======'s_spinner_active'====== Args={}
2026-05-17 15:07:35,561 : INFO : EventManager : Event: ======'sw_playfield_active'====== Args={}
2026-05-17 15:07:35,561 : INFO : EventManager : Event: ======'sw_playfield_active'====== Args={}
2026-05-17 15:07:35,561 : INFO : EventManager : Event: ======'machine_var_audits_switches_s_spinner'====== Args={'value': 66294, 'prev_value': 66293, 'change': 1}
2026-05-17 15:07:35,561 : INFO : SwitchController : <<<<<<< 's_spinner' inactive >>>>>>>
2026-05-17 15:07:35,562 : INFO : EventManager : Event: ======'spinner_shot_made'====== Args={'priority': 0}
2026-05-17 15:07:35,562 : INFO : EventManager : Event: ======'spinner_shot_reset_count'====== Args={'priority': 0}
2026-05-17 15:07:35,562 : INFO : EventManager : Event: ======'player_spinner_spin_count'====== Args={'value': 3, 'prev_value': 2, 'change': 1, 'player_num': 1, 'source': 'pilot_mission_qualifier'}
2026-05-17 15:07:35,563 : INFO : EventManager : Event: ======'player_score'====== Args={'value': 213000, 'prev_value': 212000, 'change': 1000, 'player_num': 1, 'source': 'base'}
2026-05-17 15:07:35,563 : INFO : EventManager : Event: ======'player_bonus_switches_count'====== Args={'value': 5, 'prev_value': 4, 'change': 1, 'player_num': 1, 'source': 'base'}
2026-05-17 15:07:35,563 : INFO : EventManager : Event: ======'player_spinner_count'====== Args={'value': 3, 'prev_value': 2, 'change': 1, 'player_num': 1, 'source': 'base'}
2026-05-17 15:07:35,563 : INFO : EventManager : Event: ======'timer_spinner_inactivity_tick'====== Args={'ticks': 2, 'ticks_remaining': 2}
2026-05-17 15:07:35,563 : INFO : EventManager : Event: ======'timer_spinner_shot_timeout_tick'====== Args={'ticks': 0, 'ticks_remaining': 2}
2026-05-17 15:07:35,563 : INFO : EventManager : Event: ======'player_topgun_shots_collected'====== Args={'value': 5, 'prev_value': 4, 'change': 1, 'player_num': 1, 'source': 'pilot_mission_qualifier'}
2026-05-17 15:07:35,563 : INFO : EventManager : Event: ======'player_spinner_count'====== Args={'value': 0, 'prev_value': 3, 'change': -3, 'player_num': 1, 'source': 'base'}
2026-05-17 15:07:35,564 : INFO : EventManager : Event: ======'player_spinner_shot_locked'====== Args={'value': 1, 'prev_value': 0, 'change': 1, 'player_num': 1, 'source': 'base'}
2026-05-17 15:07:35,564 : INFO : Timer.spinner_shot_lockout : Starting Timer.
2026-05-17 15:07:35,564 : INFO : EventManager : Event: ======'timer_spinner_shot_lockout_started'====== Args={'ticks': 0, 'ticks_remaining': 2}
2026-05-17 15:07:35,564 : INFO : EventManager : Event: ======'timer_spinner_shot_lockout_tick'====== Args={'ticks': 0, 'ticks_remaining': 2}
2026-05-17 15:07:35,564 : INFO : EventManager : Event: ======'topgun_letter_u_lit'====== Args={'priority': 0}
2026-05-17 15:07:35,564 : INFO : EventManager : Event: ======'timer_spinner_shot_timeout_stop'====== Args={'priority': 0}
2026-05-17 15:07:35,564 : INFO : EventManager : Event: ======'player_spinner_spin_count'====== Args={'value': 0, 'prev_value': 3, 'change': -3, 'player_num': 1, 'source': 'pilot_mission_qualifier'}
2026-05-17 15:07:35,580 : INFO : EventManager : Event: ======'slide_skillshot_miramar_created'====== Args={'_from_bcp': True}
2026-05-17 15:07:35,591 : INFO : SwitchController : <<<<<<< 's_spinner' active >>>>>>>
2026-05-17 15:07:35,591 : INFO : EventManager : Event: ======'s_spinner_active'====== Args={}
2026-05-17 15:07:35,591 : INFO : EventManager : Event: ======'sw_playfield_active'====== Args={}
2026-05-17 15:07:35,591 : INFO : EventManager : Event: ======'sw_playfield_active'====== Args={}
2026-05-17 15:07:35,592 : INFO : EventManager : Event: ======'machine_var_audits_switches_s_spinner'====== Args={'value': 66295, 'prev_value': 66294, 'change': 1}
2026-05-17 15:07:35,592 : INFO : SwitchController : <<<<<<< 's_spinner' inactive >>>>>>>
2026-05-17 15:07:35,593 : INFO : EventManager : Event: ======'player_spinner_spin_count'====== Args={'value': 1, 'prev_value': 0, 'change': 1, 'player_num': 1, 'source': 'pilot_mission_qualifier'}
2026-05-17 15:07:35,594 : INFO : EventManager : Event: ======'player_score'====== Args={'value': 214000, 'prev_value': 213000, 'change': 1000, 'player_num': 1, 'source': 'base'}
2026-05-17 15:07:35,594 : INFO : EventManager : Event: ======'player_bonus_switches_count'====== Args={'value': 6, 'prev_value': 5, 'change': 1, 'player_num': 1, 'source': 'base'}
2026-05-17 15:07:35,594 : INFO : EventManager : Event: ======'player_spinner_count'====== Args={'value': 1, 'prev_value': 0, 'change': 1, 'player_num': 1, 'source': 'base'}
2026-05-17 15:07:35,594 : INFO : EventManager : Event: ======'timer_spinner_inactivity_tick'====== Args={'ticks': 2, 'ticks_remaining': 2}
2026-05-17 15:07:35,594 : INFO : EventManager : Event: ======'timer_spinner_shot_timeout_tick'====== Args={'ticks': 0, 'ticks_remaining': 2}
2026-05-17 15:07:35,595 : INFO : SwitchController : <<<<<<< 's_flipper_right_eos' inactive >>>>>>>
2026-05-17 15:07:35,622 : INFO : SwitchController : <<<<<<< 's_spinner' active >>>>>>>
2026-05-17 15:07:35,622 : INFO : EventManager : Event: ======'s_spinner_active'====== Args={}
2026-05-17 15:07:35,622 : INFO : EventManager : Event: ======'sw_playfield_active'====== Args={}
2026-05-17 15:07:35,623 : INFO : EventManager : Event: ======'sw_playfield_active'====== Args={}
2026-05-17 15:07:35,623 : INFO : EventManager : Event: ======'machine_var_audits_switches_s_spinner'====== Args={'value': 66296, 'prev_value': 66295, 'change': 1}
2026-05-17 15:07:35,624 : INFO : EventManager : Event: ======'player_spinner_spin_count'====== Args={'value': 2, 'prev_value': 1, 'change': 1, 'player_num': 1, 'source': 'pilot_mission_qualifier'}
2026-05-17 15:07:35,624 : INFO : EventManager : Event: ======'player_score'====== Args={'value': 215000, 'prev_value': 214000, 'change': 1000, 'player_num': 1, 'source': 'base'}
2026-05-17 15:07:35,624 : INFO : EventManager : Event: ======'player_bonus_switches_count'====== Args={'value': 7, 'prev_value': 6, 'change': 1, 'player_num': 1, 'source': 'base'}
2026-05-17 15:07:35,625 : INFO : EventManager : Event: ======'player_spinner_count'====== Args={'value': 2, 'prev_value': 1, 'change': 1, 'player_num': 1, 'source': 'base'}
2026-05-17 15:07:35,625 : INFO : EventManager : Event: ======'timer_spinner_inactivity_tick'====== Args={'ticks': 2, 'ticks_remaining': 2}
2026-05-17 15:07:35,625 : INFO : EventManager : Event: ======'timer_spinner_shot_timeout_tick'====== Args={'ticks': 0, 'ticks_remaining': 2}
2026-05-17 15:07:35,626 : INFO : SwitchController : <<<<<<< 's_spinner' inactive >>>>>>>
2026-05-17 15:07:35,650 : INFO : EventManager : Event: ======'slide_mode_points_scored_created'====== Args={'_from_bcp': True}
2026-05-17 15:07:35,650 : INFO : EventManager : Event: ======'slide_mach_1_inactive'====== Args={'is_removing': False, '_from_bcp': True}
2026-05-17 15:07:35,651 : INFO : EventManager : Event: ======'slide_mode_points_scored_active'====== Args={'original_context': 'base', 'original_calling_context': 'skillshot_show_points', 'priority': 100.0, 'cmd': 'slides_play', '_from_bcp': True}
2026-05-17 15:07:35,651 : INFO : EventManager : Event: ======'slide_topgun_3_removed'====== Args={'_from_bcp': True}
2026-05-17 15:07:35,664 : INFO : EventManager : Event: ======'slide_topgun_4_created'====== Args={'_from_bcp': True}
2026-05-17 15:07:35,664 : INFO : SwitchController : <<<<<<< 's_spinner' active >>>>>>>
2026-05-17 15:07:35,664 : INFO : EventManager : Event: ======'s_spinner_active'====== Args={}
2026-05-17 15:07:35,664 : INFO : EventManager : Event: ======'sw_playfield_active'====== Args={}
2026-05-17 15:07:35,664 : INFO : EventManager : Event: ======'sw_playfield_active'====== Args={}
2026-05-17 15:07:35,664 : INFO : EventManager : Event: ======'machine_var_audits_switches_s_spinner'====== Args={'value': 66297, 'prev_value': 66296, 'change': 1}
2026-05-17 15:07:35,665 : INFO : SwitchController : <<<<<<< 's_spinner' inactive >>>>>>>
2026-05-17 15:07:35,666 : INFO : EventManager : Event: ======'player_spinner_spin_count'====== Args={'value': 3, 'prev_value': 2, 'change': 1, 'player_num': 1, 'source': 'pilot_mission_qualifier'}
2026-05-17 15:07:35,666 : INFO : EventManager : Event: ======'player_score'====== Args={'value': 216000, 'prev_value': 215000, 'change': 1000, 'player_num': 1, 'source': 'base'}
2026-05-17 15:07:35,666 : INFO : EventManager : Event: ======'player_bonus_switches_count'====== Args={'value': 8, 'prev_value': 7, 'change': 1, 'player_num': 1, 'source': 'base'}
2026-05-17 15:07:35,666 : INFO : EventManager : Event: ======'player_spinner_count'====== Args={'value': 3, 'prev_value': 2, 'change': 1, 'player_num': 1, 'source': 'base'}
2026-05-17 15:07:35,667 : INFO : EventManager : Event: ======'timer_spinner_inactivity_tick'====== Args={'ticks': 2, 'ticks_remaining': 2}
2026-05-17 15:07:35,667 : INFO : EventManager : Event: ======'timer_spinner_shot_timeout_tick'====== Args={'ticks': 0, 'ticks_remaining': 2}
2026-05-17 15:07:35,668 : INFO : EventManager : Event: ======'slide_ejection_shots_completed_removed'====== Args={'_from_bcp': True}
2026-05-17 15:07:35,668 : INFO : EventManager : Event: ======'slide_ejection_shots_needed_removed'====== Args={'_from_bcp': True}
2026-05-17 15:07:35,677 : INFO : EventManager : Event: ======'skillshot_add_topgun_letter'====== Args={'priority': 0}
2026-05-17 15:07:35,677 : INFO : EventManager : Event: ======'player_topgun_shots_collected'====== Args={'value': 6, 'prev_value': 5, 'change': 1, 'player_num': 1, 'source': 'pilot_mission_qualifier'}
2026-05-17 15:07:35,678 : INFO : EventManager : Event: ======'topgun_letter_n_lit'====== Args={'priority': 0}
2026-05-17 15:07:35,678 : INFO : EventManager : Event: ======'topgun_pick_start'====== Args={'priority': 0}
2026-05-17 15:07:35,678 : INFO : EventManager : Event: ======'topgun_start_canyon_run'====== Args={}
2026-05-17 15:07:35,678 : INFO : EventManager : Event: ======'qualify_canyon_run'====== Args={'priority': 0}
2026-05-17 15:07:35,678 : INFO : EventManager : Event: ======'topgun_qualified'====== Args={'priority': 0}
2026-05-17 15:07:35,679 : INFO : EventManager : Event: ======'player_qualified_mode_number'====== Args={'value': 8, 'prev_value': 0, 'change': 8, 'player_num': 1, 'source': 'pilot_mission_qualifier'}
2026-05-17 15:07:35,679 : INFO : EventManager : Event: ======'player_topgun_shots_collected'====== Args={'value': 0, 'prev_value': 6, 'change': -6, 'player_num': 1, 'source': 'pilot_mission_qualifier'}
2026-05-17 15:07:35,679 : INFO : EventManager : Event: ======'player_topgun_letter_t'====== Args={'value': 0, 'prev_value': 0, 'change': 0, 'player_num': 1, 'source': 'pilot_mission_qualifier'}
2026-05-17 15:07:35,679 : INFO : EventManager : Event: ======'player_topgun_letter_o'====== Args={'value': 0, 'prev_value': 0, 'change': 0, 'player_num': 1, 'source': 'pilot_mission_qualifier'}
2026-05-17 15:07:35,679 : INFO : EventManager : Event: ======'player_topgun_letter_p'====== Args={'value': 0, 'prev_value': 0, 'change': 0, 'player_num': 1, 'source': 'pilot_mission_qualifier'}
2026-05-17 15:07:35,679 : INFO : EventManager : Event: ======'player_topgun_letter_g'====== Args={'value': 0, 'prev_value': 0, 'change': 0, 'player_num': 1, 'source': 'pilot_mission_qualifier'}
2026-05-17 15:07:35,679 : INFO : EventManager : Event: ======'player_topgun_letter_u'====== Args={'value': 0, 'prev_value': 0, 'change': 0, 'player_num': 1, 'source': 'pilot_mission_qualifier'}
2026-05-17 15:07:35,679 : INFO : EventManager : Event: ======'player_topgun_letter_n'====== Args={'value': 0, 'prev_value': 0, 'change': 0, 'player_num': 1, 'source': 'pilot_mission_qualifier'}
2026-05-17 15:07:35,679 : INFO : EventManager : Event: ======'update_training_qual_lights'====== Args={'priority': 0}
2026-05-17 15:07:35,680 : INFO : coil.c_mode_barrier : Enabling Driver with power 0.25 (pulse_ms 45ms and pulse_power 0.75)
2026-05-17 15:07:35,680 : INFO : EventManager : Event: ======'update_training_qual_lights'====== Args={'priority': 0}
2026-05-17 15:07:35,681 : INFO : EventManager : Event: ======'player_score'====== Args={'value': 316000, 'prev_value': 216000, 'change': 100000, 'player_num': 1, 'source': 'pilot_mission_qualifier'}
2026-05-17 15:07:35,681 : INFO : EventManager : Event: ======'player_topgun_spinner_hits'====== Args={'value': 0, 'prev_value': 0, 'change': 0, 'player_num': 1, 'source': 'pilot_mission_qualifier'}
2026-05-17 15:07:35,681 : INFO : EventManager : Event: ======'slide_ejection_seat_active_created'====== Args={'_from_bcp': True}
2026-05-17 15:07:35,701 : INFO : SwitchController : <<<<<<< 's_spinner' active >>>>>>>
2026-05-17 15:07:35,701 : INFO : EventManager : Event: ======'s_spinner_active'====== Args={}
2026-05-17 15:07:35,701 : INFO : EventManager : Event: ======'sw_playfield_active'====== Args={}
2026-05-17 15:07:35,701 : INFO : EventManager : Event: ======'sw_playfield_active'====== Args={}
2026-05-17 15:07:35,701 : INFO : EventManager : Event: ======'machine_var_audits_switches_s_spinner'====== Args={'value': 66298, 'prev_value': 66297, 'change': 1}
2026-05-17 15:07:35,702 : INFO : SwitchController : <<<<<<< 's_spinner' inactive >>>>>>>
2026-05-17 15:07:35,702 : INFO : EventManager : Event: ======'stop_all_mode_pulse_shows'====== Args={'priority': 0}
2026-05-17 15:07:35,702 : INFO : EventManager : Event: ======'rotate_qualified_mode'====== Args={'priority': 0}
2026-05-17 15:07:35,703 : INFO : EventManager : Event: ======'player_spinner_spin_count'====== Args={'value': 4, 'prev_value': 3, 'change': 1, 'player_num': 1, 'source': 'pilot_mission_qualifier'}
2026-05-17 15:07:35,703 : INFO : EventManager : Event: ======'player_score'====== Args={'value': 317000, 'prev_value': 316000, 'change': 1000, 'player_num': 1, 'source': 'base'}
2026-05-17 15:07:35,703 : INFO : EventManager : Event: ======'player_bonus_switches_count'====== Args={'value': 9, 'prev_value': 8, 'change': 1, 'player_num': 1, 'source': 'base'}
2026-05-17 15:07:35,703 : INFO : EventManager : Event: ======'player_spinner_count'====== Args={'value': 4, 'prev_value': 3, 'change': 1, 'player_num': 1, 'source': 'base'}
2026-05-17 15:07:35,703 : INFO : EventManager : Event: ======'timer_spinner_inactivity_tick'====== Args={'ticks': 2, 'ticks_remaining': 2}
2026-05-17 15:07:35,703 : INFO : EventManager : Event: ======'timer_spinner_shot_timeout_tick'====== Args={'ticks': 0, 'ticks_remaining': 2}
2026-05-17 15:07:35,706 : INFO : EventManager : Event: ======'qualify_below_the_hard_deck'====== Args={'priority': 0}
2026-05-17 15:07:35,708 : INFO : EventManager : Event: ======'player_qualified_mode_number'====== Args={'value': 9, 'prev_value': 8, 'change': 1, 'player_num': 1, 'source': 'pilot_mission_qualifier'}
2026-05-17 15:07:35,708 : INFO : EventManager : Event: ======'update_training_qual_lights'====== Args={'priority': 0}
2026-05-17 15:07:35,748 : INFO : SwitchController : <<<<<<< 's_spinner' active >>>>>>>
2026-05-17 15:07:35,748 : INFO : EventManager : Event: ======'s_spinner_active'====== Args={}
2026-05-17 15:07:35,748 : INFO : EventManager : Event: ======'sw_playfield_active'====== Args={}
2026-05-17 15:07:35,748 : INFO : EventManager : Event: ======'sw_playfield_active'====== Args={}
2026-05-17 15:07:35,749 : INFO : EventManager : Event: ======'machine_var_audits_switches_s_spinner'====== Args={'value': 66299, 'prev_value': 66298, 'change': 1}
2026-05-17 15:07:35,749 : INFO : SwitchController : <<<<<<< 's_spinner' inactive >>>>>>>
2026-05-17 15:07:35,749 : INFO : EventManager : Event: ======'stop_all_mode_pulse_shows'====== Args={'priority': 0}
2026-05-17 15:07:35,750 : INFO : EventManager : Event: ======'rotate_qualified_mode'====== Args={'priority': 0}
2026-05-17 15:07:35,750 : INFO : EventManager : Event: ======'player_spinner_spin_count'====== Args={'value': 5, 'prev_value': 4, 'change': 1, 'player_num': 1, 'source': 'pilot_mission_qualifier'}
2026-05-17 15:07:35,750 : INFO : EventManager : Event: ======'player_score'====== Args={'value': 318000, 'prev_value': 317000, 'change': 1000, 'player_num': 1, 'source': 'base'}
2026-05-17 15:07:35,750 : INFO : EventManager : Event: ======'player_bonus_switches_count'====== Args={'value': 10, 'prev_value': 9, 'change': 1, 'player_num': 1, 'source': 'base'}
2026-05-17 15:07:35,750 : INFO : EventManager : Event: ======'player_spinner_count'====== Args={'value': 5, 'prev_value': 4, 'change': 1, 'player_num': 1, 'source': 'base'}
2026-05-17 15:07:35,751 : INFO : EventManager : Event: ======'timer_spinner_inactivity_tick'====== Args={'ticks': 2, 'ticks_remaining': 2}
2026-05-17 15:07:35,751 : INFO : EventManager : Event: ======'timer_spinner_shot_timeout_tick'====== Args={'ticks': 0, 'ticks_remaining': 2}
2026-05-17 15:07:35,754 : INFO : EventManager : Event: ======'qualify_edge_of_space'====== Args={'priority': 0}
2026-05-17 15:07:35,756 : INFO : EventManager : Event: ======'player_qualified_mode_number'====== Args={'value': 10, 'prev_value': 9, 'change': 1, 'player_num': 1, 'source': 'pilot_mission_qualifier'}
2026-05-17 15:07:35,756 : INFO : EventManager : Event: ======'update_training_qual_lights'====== Args={'priority': 0}
2026-05-17 15:07:35,763 : INFO : EventManager : Event: ======'slide_ejection_seat_qualified_created'====== Args={'_from_bcp': True}
2026-05-17 15:07:35,765 : INFO : EventManager : Event: ======'slide_topgun_4_removed'====== Args={'_from_bcp': True}
2026-05-17 15:07:35,779 : INFO : SwitchController : <<<<<<< 's_spinner' active >>>>>>>
2026-05-17 15:07:35,779 : INFO : EventManager : Event: ======'s_spinner_active'====== Args={}
2026-05-17 15:07:35,779 : INFO : EventManager : Event: ======'sw_playfield_active'====== Args={}
2026-05-17 15:07:35,779 : INFO : EventManager : Event: ======'sw_playfield_active'====== Args={}
2026-05-17 15:07:35,779 : INFO : EventManager : Event: ======'machine_var_audits_switches_s_spinner'====== Args={'value': 66300, 'prev_value': 66299, 'change': 1}
2026-05-17 15:07:35,780 : INFO : SwitchController : <<<<<<< 's_spinner' inactive >>>>>>>
2026-05-17 15:07:35,780 : INFO : EventManager : Event: ======'stop_all_mode_pulse_shows'====== Args={'priority': 0}
2026-05-17 15:07:35,780 : INFO : EventManager : Event: ======'rotate_qualified_mode'====== Args={'priority': 0}
2026-05-17 15:07:35,780 : INFO : EventManager : Event: ======'player_spinner_spin_count'====== Args={'value': 6, 'prev_value': 5, 'change': 1, 'player_num': 1, 'source': 'pilot_mission_qualifier'}
2026-05-17 15:07:35,781 : INFO : EventManager : Event: ======'player_score'====== Args={'value': 319000, 'prev_value': 318000, 'change': 1000, 'player_num': 1, 'source': 'base'}
2026-05-17 15:07:35,781 : INFO : EventManager : Event: ======'player_bonus_switches_count'====== Args={'value': 11, 'prev_value': 10, 'change': 1, 'player_num': 1, 'source': 'base'}
2026-05-17 15:07:35,781 : INFO : EventManager : Event: ======'player_spinner_count'====== Args={'value': 6, 'prev_value': 5, 'change': 1, 'player_num': 1, 'source': 'base'}
2026-05-17 15:07:35,781 : INFO : EventManager : Event: ======'timer_spinner_inactivity_tick'====== Args={'ticks': 2, 'ticks_remaining': 2}
2026-05-17 15:07:35,781 : INFO : EventManager : Event: ======'timer_spinner_shot_timeout_tick'====== Args={'ticks': 0, 'ticks_remaining': 2}
2026-05-17 15:07:35,783 : INFO : EventManager : Event: ======'qualify_rescue_cougar'====== Args={'priority': 0}
2026-05-17 15:07:35,785 : INFO : EventManager : Event: ======'player_qualified_mode_number'====== Args={'value': 1, 'prev_value': 10, 'change': -9, 'player_num': 1, 'source': 'pilot_mission_qualifier'}
2026-05-17 15:07:35,785 : INFO : EventManager : Event: ======'update_training_qual_lights'====== Args={'priority': 0}
2026-05-17 15:07:35,807 : INFO : EventManager : Event: ======'slide_topgun_5_created'====== Args={'_from_bcp': True}
2026-05-17 15:07:35,811 : INFO : EventManager : Event: ======'slide_topgun_5_removed'====== Args={'_from_bcp': True}
2026-05-17 15:07:35,826 : INFO : SwitchController : <<<<<<< 's_spinner' active >>>>>>>
2026-05-17 15:07:35,826 : INFO : EventManager : Event: ======'s_spinner_active'====== Args={}
2026-05-17 15:07:35,826 : INFO : EventManager : Event: ======'sw_playfield_active'====== Args={}
2026-05-17 15:07:35,826 : INFO : EventManager : Event: ======'sw_playfield_active'====== Args={}
2026-05-17 15:07:35,826 : INFO : EventManager : Event: ======'machine_var_audits_switches_s_spinner'====== Args={'value': 66301, 'prev_value': 66300, 'change': 1}
2026-05-17 15:07:35,827 : INFO : SwitchController : <<<<<<< 's_spinner' inactive >>>>>>>
2026-05-17 15:07:35,827 : INFO : EventManager : Event: ======'stop_all_mode_pulse_shows'====== Args={'priority': 0}
2026-05-17 15:07:35,828 : INFO : EventManager : Event: ======'rotate_qualified_mode'====== Args={'priority': 0}
2026-05-17 15:07:35,828 : INFO : EventManager : Event: ======'player_spinner_spin_count'====== Args={'value': 7, 'prev_value': 6, 'change': 1, 'player_num': 1, 'source': 'pilot_mission_qualifier'}
2026-05-17 15:07:35,828 : INFO : EventManager : Event: ======'player_score'====== Args={'value': 320000, 'prev_value': 319000, 'change': 1000, 'player_num': 1, 'source': 'base'}
2026-05-17 15:07:35,828 : INFO : EventManager : Event: ======'player_bonus_switches_count'====== Args={'value': 12, 'prev_value': 11, 'change': 1, 'player_num': 1, 'source': 'base'}
2026-05-17 15:07:35,828 : INFO : EventManager : Event: ======'player_spinner_count'====== Args={'value': 7, 'prev_value': 6, 'change': 1, 'player_num': 1, 'source': 'base'}
2026-05-17 15:07:35,829 : INFO : EventManager : Event: ======'timer_spinner_inactivity_tick'====== Args={'ticks': 2, 'ticks_remaining': 2}
2026-05-17 15:07:35,829 : INFO : EventManager : Event: ======'timer_spinner_shot_timeout_tick'====== Args={'ticks': 0, 'ticks_remaining': 2}
2026-05-17 15:07:35,829 : INFO : EventManager : Event: ======'qualify_balls_of_fire'====== Args={'priority': 0}
2026-05-17 15:07:35,832 : INFO : EventManager : Event: ======'player_qualified_mode_number'====== Args={'value': 2, 'prev_value': 1, 'change': 1, 'player_num': 1, 'source': 'pilot_mission_qualifier'}
2026-05-17 15:07:35,832 : INFO : EventManager : Event: ======'update_training_qual_lights'====== Args={'priority': 0}
2026-05-17 15:07:35,852 : INFO : EventManager : Event: ======'slide_topgun_6_created'====== Args={'_from_bcp': True}
2026-05-17 15:07:35,857 : INFO : SwitchController : <<<<<<< 's_spinner' active >>>>>>>
2026-05-17 15:07:35,857 : INFO : EventManager : Event: ======'s_spinner_active'====== Args={}
2026-05-17 15:07:35,858 : INFO : EventManager : Event: ======'sw_playfield_active'====== Args={}
2026-05-17 15:07:35,858 : INFO : EventManager : Event: ======'sw_playfield_active'====== Args={}
2026-05-17 15:07:35,858 : INFO : EventManager : Event: ======'machine_var_audits_switches_s_spinner'====== Args={'value': 66302, 'prev_value': 66301, 'change': 1}
2026-05-17 15:07:35,859 : INFO : EventManager : Event: ======'stop_all_mode_pulse_shows'====== Args={'priority': 0}
2026-05-17 15:07:35,859 : INFO : EventManager : Event: ======'rotate_qualified_mode'====== Args={'priority': 0}
2026-05-17 15:07:35,859 : INFO : EventManager : Event: ======'player_spinner_spin_count'====== Args={'value': 8, 'prev_value': 7, 'change': 1, 'player_num': 1, 'source': 'pilot_mission_qualifier'}
2026-05-17 15:07:35,859 : INFO : EventManager : Event: ======'player_score'====== Args={'value': 321000, 'prev_value': 320000, 'change': 1000, 'player_num': 1, 'source': 'base'}
2026-05-17 15:07:35,859 : INFO : EventManager : Event: ======'player_bonus_switches_count'====== Args={'value': 13, 'prev_value': 12, 'change': 1, 'player_num': 1, 'source': 'base'}
2026-05-17 15:07:35,859 : INFO : EventManager : Event: ======'player_spinner_count'====== Args={'value': 8, 'prev_value': 7, 'change': 1, 'player_num': 1, 'source': 'base'}
2026-05-17 15:07:35,860 : INFO : EventManager : Event: ======'timer_spinner_inactivity_tick'====== Args={'ticks': 2, 'ticks_remaining': 2}
2026-05-17 15:07:35,860 : INFO : EventManager : Event: ======'timer_spinner_shot_timeout_tick'====== Args={'ticks': 0, 'ticks_remaining': 2}
2026-05-17 15:07:35,860 : INFO : EventManager : Event: ======'qualify_cool_under_pressure'====== Args={'priority': 0}
2026-05-17 15:07:35,863 : INFO : EventManager : Event: ======'player_qualified_mode_number'====== Args={'value': 3, 'prev_value': 2, 'change': 1, 'player_num': 1, 'source': 'pilot_mission_qualifier'}
2026-05-17 15:07:35,863 : INFO : EventManager : Event: ======'update_training_qual_lights'====== Args={'priority': 0}
2026-05-17 15:07:35,864 : INFO : SwitchController : <<<<<<< 's_spinner' inactive >>>>>>>
2026-05-17 15:07:35,888 : INFO : EventManager : Event: ======'skillshot_add_topgun_letter'====== Args={'priority': 0}
2026-05-17 15:07:35,888 : INFO : EventManager : Event: ======'player_topgun_shots_collected'====== Args={'value': 1, 'prev_value': 0, 'change': 1, 'player_num': 1, 'source': 'pilot_mission_qualifier'}
2026-05-17 15:07:35,889 : INFO : EventManager : Event: ======'topgun_letter_t_lit'====== Args={'priority': 0}
2026-05-17 15:07:35,904 : INFO : SwitchController : <<<<<<< 's_spinner' active >>>>>>>
2026-05-17 15:07:35,904 : INFO : EventManager : Event: ======'s_spinner_active'====== Args={}
2026-05-17 15:07:35,905 : INFO : EventManager : Event: ======'sw_playfield_active'====== Args={}
2026-05-17 15:07:35,905 : INFO : EventManager : Event: ======'sw_playfield_active'====== Args={}
2026-05-17 15:07:35,905 : INFO : EventManager : Event: ======'machine_var_audits_switches_s_spinner'====== Args={'value': 66303, 'prev_value': 66302, 'change': 1}
2026-05-17 15:07:35,906 : INFO : EventManager : Event: ======'stop_all_mode_pulse_shows'====== Args={'priority': 0}
2026-05-17 15:07:35,906 : INFO : EventManager : Event: ======'rotate_qualified_mode'====== Args={'priority': 0}
2026-05-17 15:07:35,907 : INFO : EventManager : Event: ======'player_spinner_spin_count'====== Args={'value': 9, 'prev_value': 8, 'change': 1, 'player_num': 1, 'source': 'pilot_mission_qualifier'}
2026-05-17 15:07:35,907 : INFO : EventManager : Event: ======'player_score'====== Args={'value': 322000, 'prev_value': 321000, 'change': 1000, 'player_num': 1, 'source': 'base'}
2026-05-17 15:07:35,907 : INFO : EventManager : Event: ======'player_bonus_switches_count'====== Args={'value': 14, 'prev_value': 13, 'change': 1, 'player_num': 1, 'source': 'base'}
2026-05-17 15:07:35,907 : INFO : EventManager : Event: ======'player_spinner_count'====== Args={'value': 9, 'prev_value': 8, 'change': 1, 'player_num': 1, 'source': 'base'}
2026-05-17 15:07:35,908 : INFO : EventManager : Event: ======'timer_spinner_inactivity_tick'====== Args={'ticks': 2, 'ticks_remaining': 2}
2026-05-17 15:07:35,908 : INFO : EventManager : Event: ======'timer_spinner_shot_timeout_tick'====== Args={'ticks': 0, 'ticks_remaining': 2}
2026-05-17 15:07:35,909 : INFO : EventManager : Event: ======'qualify_battle_jester'====== Args={'priority': 0}
2026-05-17 15:07:35,913 : INFO : EventManager : Event: ======'player_qualified_mode_number'====== Args={'value': 4, 'prev_value': 3, 'change': 1, 'player_num': 1, 'source': 'pilot_mission_qualifier'}
2026-05-17 15:07:35,913 : INFO : EventManager : Event: ======'player_topgun_shots_collected'====== Args={'value': 0, 'prev_value': 1, 'change': -1, 'player_num': 1, 'source': 'pilot_mission_qualifier'}
2026-05-17 15:07:35,913 : INFO : EventManager : Event: ======'update_training_qual_lights'====== Args={'priority': 0}
2026-05-17 15:07:35,916 : INFO : SwitchController : <<<<<<< 's_spinner' inactive >>>>>>>
2026-05-17 15:07:35,945 : INFO : EventManager : Event: ======'slide_topgun_1_created'====== Args={'_from_bcp': True}
2026-05-17 15:07:35,945 : INFO : SwitchController : <<<<<<< 's_spinner' active >>>>>>>
2026-05-17 15:07:35,946 : INFO : EventManager : Event: ======'s_spinner_active'====== Args={}
2026-05-17 15:07:35,946 : INFO : EventManager : Event: ======'sw_playfield_active'====== Args={}
2026-05-17 15:07:35,946 : INFO : EventManager : Event: ======'sw_playfield_active'====== Args={}
2026-05-17 15:07:35,946 : INFO : EventManager : Event: ======'machine_var_audits_switches_s_spinner'====== Args={'value': 66304, 'prev_value': 66303, 'change': 1}
2026-05-17 15:07:35,947 : INFO : EventManager : Event: ======'stop_all_mode_pulse_shows'====== Args={'priority': 0}
2026-05-17 15:07:35,947 : INFO : EventManager : Event: ======'rotate_qualified_mode'====== Args={'priority': 0}
2026-05-17 15:07:35,947 : INFO : EventManager : Event: ======'player_spinner_spin_count'====== Args={'value': 10, 'prev_value': 9, 'change': 1, 'player_num': 1, 'source': 'pilot_mission_qualifier'}
2026-05-17 15:07:35,947 : INFO : EventManager : Event: ======'player_score'====== Args={'value': 323000, 'prev_value': 322000, 'change': 1000, 'player_num': 1, 'source': 'base'}
2026-05-17 15:07:35,947 : INFO : EventManager : Event: ======'player_bonus_switches_count'====== Args={'value': 15, 'prev_value': 14, 'change': 1, 'player_num': 1, 'source': 'base'}
2026-05-17 15:07:35,948 : INFO : EventManager : Event: ======'player_spinner_count'====== Args={'value': 10, 'prev_value': 9, 'change': 1, 'player_num': 1, 'source': 'base'}
2026-05-17 15:07:35,948 : INFO : EventManager : Event: ======'timer_spinner_inactivity_tick'====== Args={'ticks': 2, 'ticks_remaining': 2}
2026-05-17 15:07:35,948 : INFO : EventManager : Event: ======'timer_spinner_shot_timeout_tick'====== Args={'ticks': 0, 'ticks_remaining': 2}
2026-05-17 15:07:35,949 : INFO : EventManager : Event: ======'qualify_no_points_for_second_place'====== Args={'priority': 0}
2026-05-17 15:07:35,952 : INFO : EventManager : Event: ======'player_qualified_mode_number'====== Args={'value': 5, 'prev_value': 4, 'change': 1, 'player_num': 1, 'source': 'pilot_mission_qualifier'}
2026-05-17 15:07:35,952 : INFO : EventManager : Event: ======'update_training_qual_lights'====== Args={'priority': 0}
2026-05-17 15:07:35,954 : INFO : SwitchController : <<<<<<< 's_spinner' inactive >>>>>>>
2026-05-17 15:07:35,997 : INFO : SwitchController : <<<<<<< 's_spinner' active >>>>>>>
2026-05-17 15:07:35,997 : INFO : EventManager : Event: ======'s_spinner_active'====== Args={}
2026-05-17 15:07:35,997 : INFO : EventManager : Event: ======'sw_playfield_active'====== Args={}
2026-05-17 15:07:35,997 : INFO : EventManager : Event: ======'sw_playfield_active'====== Args={}
2026-05-17 15:07:35,997 : INFO : EventManager : Event: ======'machine_var_audits_switches_s_spinner'====== Args={'value': 66305, 'prev_value': 66304, 'change': 1}
2026-05-17 15:07:35,997 : INFO : SwitchController : <<<<<<< 's_orbit_left' active >>>>>>>
2026-05-17 15:07:35,999 : INFO : EventManager : Event: ======'s_orbit_left_active'====== Args={}
2026-05-17 15:07:35,999 : INFO : EventManager : Event: ======'sw_playfield_active'====== Args={}
2026-05-17 15:07:35,999 : INFO : EventManager : Event: ======'machine_var_audits_switches_s_orbit_left'====== Args={'value': 8610, 'prev_value': 8609, 'change': 1}
2026-05-17 15:07:35,999 : INFO : SwitchController : <<<<<<< 's_spinner' inactive >>>>>>>
2026-05-17 15:07:36,000 : INFO : EventManager : Event: ======'stop_all_mode_pulse_shows'====== Args={'priority': 0}
2026-05-17 15:07:36,000 : INFO : EventManager : Event: ======'rotate_qualified_mode'====== Args={'priority': 0}
2026-05-17 15:07:36,000 : INFO : EventManager : Event: ======'player_spinner_spin_count'====== Args={'value': 11, 'prev_value': 10, 'change': 1, 'player_num': 1, 'source': 'pilot_mission_qualifier'}
2026-05-17 15:07:36,000 : INFO : EventManager : Event: ======'player_score'====== Args={'value': 324000, 'prev_value': 323000, 'change': 1000, 'player_num': 1, 'source': 'base'}
2026-05-17 15:07:36,001 : INFO : EventManager : Event: ======'player_bonus_switches_count'====== Args={'value': 16, 'prev_value': 15, 'change': 1, 'player_num': 1, 'source': 'base'}
2026-05-17 15:07:36,001 : INFO : EventManager : Event: ======'player_spinner_count'====== Args={'value': 11, 'prev_value': 10, 'change': 1, 'player_num': 1, 'source': 'base'}
2026-05-17 15:07:36,001 : INFO : EventManager : Event: ======'timer_spinner_inactivity_tick'====== Args={'ticks': 2, 'ticks_remaining': 2}
2026-05-17 15:07:36,001 : INFO : EventManager : Event: ======'timer_spinner_shot_timeout_tick'====== Args={'ticks': 0, 'ticks_remaining': 2}
2026-05-17 15:07:36,002 : INFO : EventManager : Event: ======'qualify_no_margin_for_error'====== Args={'priority': 0}
2026-05-17 15:07:36,006 : INFO : EventManager : Event: ======'player_qualified_mode_number'====== Args={'value': 6, 'prev_value': 5, 'change': 1, 'player_num': 1, 'source': 'pilot_mission_qualifier'}
2026-05-17 15:07:36,006 : INFO : EventManager : Event: ======'update_training_qual_lights'====== Args={'priority': 0}
2026-05-17 15:07:36,007 : INFO : EventManager : Event: ======'player_previous_switch_type'====== Args={'value': 1, 'prev_value': 0, 'change': 1, 'player_num': 1, 'source': 'pilot_mission_qualifier'}
2026-05-17 15:07:36,007 : INFO : EventManager : Event: ======'player_hd_sw_orbit_left'====== Args={'value': 1, 'prev_value': 0, 'change': 1, 'player_num': 1, 'source': 'hard_deck_qualifiers'}
2026-05-17 15:07:36,007 : INFO : EventManager : Event: ======'player_score'====== Args={'value': 332000, 'prev_value': 324000, 'change': 8000, 'player_num': 1, 'source': 'base'}
2026-05-17 15:07:36,007 : INFO : EventManager : Event: ======'player_bonus_switches_count'====== Args={'value': 17, 'prev_value': 16, 'change': 1, 'player_num': 1, 'source': 'base'}
2026-05-17 15:07:36,007 : INFO : Timer.left_orbit_shot_timeout : Starting Timer.
2026-05-17 15:07:36,008 : INFO : EventManager : Event: ======'timer_left_orbit_shot_timeout_started'====== Args={'ticks': 0, 'ticks_remaining': 3}
2026-05-17 15:07:36,008 : INFO : EventManager : Event: ======'timer_left_orbit_shot_timeout_tick'====== Args={'ticks': 0, 'ticks_remaining': 3}
2026-05-17 15:07:36,044 : INFO : SwitchController : <<<<<<< 's_spinner' active >>>>>>>
2026-05-17 15:07:36,044 : INFO : EventManager : Event: ======'s_spinner_active'====== Args={}
2026-05-17 15:07:36,044 : INFO : EventManager : Event: ======'sw_playfield_active'====== Args={}
2026-05-17 15:07:36,044 : INFO : EventManager : Event: ======'sw_playfield_active'====== Args={}
2026-05-17 15:07:36,044 : INFO : EventManager : Event: ======'machine_var_audits_switches_s_spinner'====== Args={'value': 66306, 'prev_value': 66305, 'change': 1}
2026-05-17 15:07:36,045 : INFO : SwitchController : <<<<<<< 's_spinner' inactive >>>>>>>
2026-05-17 15:07:36,046 : INFO : EventManager : Event: ======'stop_all_mode_pulse_shows'====== Args={'priority': 0}
2026-05-17 15:07:36,046 : INFO : EventManager : Event: ======'rotate_qualified_mode'====== Args={'priority': 0}
2026-05-17 15:07:36,046 : INFO : EventManager : Event: ======'player_spinner_spin_count'====== Args={'value': 12, 'prev_value': 11, 'change': 1, 'player_num': 1, 'source': 'pilot_mission_qualifier'}
2026-05-17 15:07:36,046 : INFO : EventManager : Event: ======'player_previous_switch_type'====== Args={'value': 0, 'prev_value': 1, 'change': -1, 'player_num': 1, 'source': 'pilot_mission_qualifier'}
2026-05-17 15:07:36,047 : INFO : EventManager : Event: ======'player_score'====== Args={'value': 333000, 'prev_value': 332000, 'change': 1000, 'player_num': 1, 'source': 'base'}
2026-05-17 15:07:36,047 : INFO : EventManager : Event: ======'player_bonus_switches_count'====== Args={'value': 18, 'prev_value': 17, 'change': 1, 'player_num': 1, 'source': 'base'}
2026-05-17 15:07:36,047 : INFO : EventManager : Event: ======'player_spinner_count'====== Args={'value': 12, 'prev_value': 11, 'change': 1, 'player_num': 1, 'source': 'base'}
2026-05-17 15:07:36,047 : INFO : EventManager : Event: ======'timer_spinner_inactivity_tick'====== Args={'ticks': 2, 'ticks_remaining': 2}
2026-05-17 15:07:36,047 : INFO : EventManager : Event: ======'timer_spinner_shot_timeout_tick'====== Args={'ticks': 0, 'ticks_remaining': 2}
2026-05-17 15:07:36,049 : INFO : EventManager : Event: ======'qualify_rise_of_phoenix'====== Args={'priority': 0}
2026-05-17 15:07:36,051 : INFO : EventManager : Event: ======'player_qualified_mode_number'====== Args={'value': 7, 'prev_value': 6, 'change': 1, 'player_num': 1, 'source': 'pilot_mission_qualifier'}
2026-05-17 15:07:36,051 : INFO : EventManager : Event: ======'update_training_qual_lights'====== Args={'priority': 0}
2026-05-17 15:07:36,091 : INFO : SwitchController : <<<<<<< 's_spinner' active >>>>>>>
2026-05-17 15:07:36,091 : INFO : EventManager : Event: ======'s_spinner_active'====== Args={}
2026-05-17 15:07:36,091 : INFO : EventManager : Event: ======'sw_playfield_active'====== Args={}
2026-05-17 15:07:36,092 : INFO : EventManager : Event: ======'sw_playfield_active'====== Args={}
2026-05-17 15:07:36,092 : INFO : EventManager : Event: ======'machine_var_audits_switches_s_spinner'====== Args={'value': 66307, 'prev_value': 66306, 'change': 1}
2026-05-17 15:07:36,092 : INFO : SwitchController : <<<<<<< 's_spinner' inactive >>>>>>>
2026-05-17 15:07:36,093 : INFO : EventManager : Event: ======'stop_all_mode_pulse_shows'====== Args={'priority': 0}
2026-05-17 15:07:36,093 : INFO : EventManager : Event: ======'rotate_qualified_mode'====== Args={'priority': 0}
2026-05-17 15:07:36,093 : INFO : EventManager : Event: ======'player_spinner_spin_count'====== Args={'value': 13, 'prev_value': 12, 'change': 1, 'player_num': 1, 'source': 'pilot_mission_qualifier'}
2026-05-17 15:07:36,094 : INFO : EventManager : Event: ======'player_score'====== Args={'value': 334000, 'prev_value': 333000, 'change': 1000, 'player_num': 1, 'source': 'base'}
2026-05-17 15:07:36,094 : INFO : EventManager : Event: ======'player_bonus_switches_count'====== Args={'value': 19, 'prev_value': 18, 'change': 1, 'player_num': 1, 'source': 'base'}
2026-05-17 15:07:36,094 : INFO : EventManager : Event: ======'player_spinner_count'====== Args={'value': 13, 'prev_value': 12, 'change': 1, 'player_num': 1, 'source': 'base'}
2026-05-17 15:07:36,094 : INFO : EventManager : Event: ======'timer_spinner_inactivity_tick'====== Args={'ticks': 2, 'ticks_remaining': 2}
2026-05-17 15:07:36,094 : INFO : EventManager : Event: ======'timer_spinner_shot_timeout_tick'====== Args={'ticks': 0, 'ticks_remaining': 2}
2026-05-17 15:07:36,096 : INFO : EventManager : Event: ======'qualify_canyon_run'====== Args={'priority': 0}
2026-05-17 15:07:36,098 : INFO : EventManager : Event: ======'player_qualified_mode_number'====== Args={'value': 8, 'prev_value': 7, 'change': 1, 'player_num': 1, 'source': 'pilot_mission_qualifier'}
2026-05-17 15:07:36,098 : INFO : EventManager : Event: ======'update_training_qual_lights'====== Args={'priority': 0}
2026-05-17 15:07:36,122 : INFO : SwitchController : <<<<<<< 's_orbit_left' inactive >>>>>>>
2026-05-17 15:07:36,138 : INFO : SwitchController : <<<<<<< 's_spinner' active >>>>>>>
2026-05-17 15:07:36,138 : INFO : EventManager : Event: ======'s_spinner_active'====== Args={}
2026-05-17 15:07:36,138 : INFO : EventManager : Event: ======'sw_playfield_active'====== Args={}
2026-05-17 15:07:36,138 : INFO : EventManager : Event: ======'sw_playfield_active'====== Args={}
2026-05-17 15:07:36,138 : INFO : EventManager : Event: ======'machine_var_audits_switches_s_spinner'====== Args={'value': 66308, 'prev_value': 66307, 'change': 1}
2026-05-17 15:07:36,140 : INFO : EventManager : Event: ======'stop_all_mode_pulse_shows'====== Args={'priority': 0}
2026-05-17 15:07:36,140 : INFO : EventManager : Event: ======'rotate_qualified_mode'====== Args={'priority': 0}
2026-05-17 15:07:36,140 : INFO : EventManager : Event: ======'player_spinner_spin_count'====== Args={'value': 14, 'prev_value': 13, 'change': 1, 'player_num': 1, 'source': 'pilot_mission_qualifier'}
2026-05-17 15:07:36,140 : INFO : EventManager : Event: ======'player_score'====== Args={'value': 335000, 'prev_value': 334000, 'change': 1000, 'player_num': 1, 'source': 'base'}
2026-05-17 15:07:36,140 : INFO : EventManager : Event: ======'player_bonus_switches_count'====== Args={'value': 20, 'prev_value': 19, 'change': 1, 'player_num': 1, 'source': 'base'}
2026-05-17 15:07:36,140 : INFO : EventManager : Event: ======'player_spinner_count'====== Args={'value': 14, 'prev_value': 13, 'change': 1, 'player_num': 1, 'source': 'base'}
2026-05-17 15:07:36,142 : INFO : EventManager : Event: ======'timer_spinner_inactivity_tick'====== Args={'ticks': 2, 'ticks_remaining': 2}
2026-05-17 15:07:36,142 : INFO : EventManager : Event: ======'timer_spinner_shot_timeout_tick'====== Args={'ticks': 0, 'ticks_remaining': 2}
2026-05-17 15:07:36,144 : INFO : EventManager : Event: ======'qualify_below_the_hard_deck'====== Args={'priority': 0}
2026-05-17 15:07:36,146 : INFO : EventManager : Event: ======'player_qualified_mode_number'====== Args={'value': 9, 'prev_value': 8, 'change': 1, 'player_num': 1, 'source': 'pilot_mission_qualifier'}
2026-05-17 15:07:36,146 : INFO : EventManager : Event: ======'update_training_qual_lights'====== Args={'priority': 0}
2026-05-17 15:07:36,147 : INFO : SwitchController : <<<<<<< 's_spinner' inactive >>>>>>>
2026-05-17 15:07:36,186 : INFO : SwitchController : <<<<<<< 's_spinner' active >>>>>>>
2026-05-17 15:07:36,186 : INFO : EventManager : Event: ======'s_spinner_active'====== Args={}
2026-05-17 15:07:36,186 : INFO : EventManager : Event: ======'sw_playfield_active'====== Args={}
2026-05-17 15:07:36,187 : INFO : EventManager : Event: ======'sw_playfield_active'====== Args={}
2026-05-17 15:07:36,187 : INFO : EventManager : Event: ======'machine_var_audits_switches_s_spinner'====== Args={'value': 66309, 'prev_value': 66308, 'change': 1}
2026-05-17 15:07:36,188 : INFO : EventManager : Event: ======'stop_all_mode_pulse_shows'====== Args={'priority': 0}
2026-05-17 15:07:36,188 : INFO : EventManager : Event: ======'rotate_qualified_mode'====== Args={'priority': 0}
2026-05-17 15:07:36,188 : INFO : EventManager : Event: ======'player_spinner_spin_count'====== Args={'value': 15, 'prev_value': 14, 'change': 1, 'player_num': 1, 'source': 'pilot_mission_qualifier'}
2026-05-17 15:07:36,189 : INFO : EventManager : Event: ======'player_score'====== Args={'value': 336000, 'prev_value': 335000, 'change': 1000, 'player_num': 1, 'source': 'base'}
2026-05-17 15:07:36,190 : INFO : EventManager : Event: ======'player_bonus_switches_count'====== Args={'value': 21, 'prev_value': 20, 'change': 1, 'player_num': 1, 'source': 'base'}
2026-05-17 15:07:36,190 : INFO : EventManager : Event: ======'player_spinner_count'====== Args={'value': 15, 'prev_value': 14, 'change': 1, 'player_num': 1, 'source': 'base'}
2026-05-17 15:07:36,190 : INFO : EventManager : Event: ======'timer_spinner_inactivity_tick'====== Args={'ticks': 2, 'ticks_remaining': 2}
2026-05-17 15:07:36,190 : INFO : EventManager : Event: ======'timer_spinner_shot_timeout_tick'====== Args={'ticks': 0, 'ticks_remaining': 2}
2026-05-17 15:07:36,192 : INFO : EventManager : Event: ======'qualify_edge_of_space'====== Args={'priority': 0}
2026-05-17 15:07:36,194 : INFO : EventManager : Event: ======'player_qualified_mode_number'====== Args={'value': 10, 'prev_value': 9, 'change': 1, 'player_num': 1, 'source': 'pilot_mission_qualifier'}
2026-05-17 15:07:36,195 : INFO : EventManager : Event: ======'update_training_qual_lights'====== Args={'priority': 0}
2026-05-17 15:07:36,197 : INFO : SwitchController : <<<<<<< 's_spinner' inactive >>>>>>>
2026-05-17 15:07:36,248 : INFO : SwitchController : <<<<<<< 's_spinner' active >>>>>>>
2026-05-17 15:07:36,248 : INFO : EventManager : Event: ======'s_spinner_active'====== Args={}
2026-05-17 15:07:36,248 : INFO : EventManager : Event: ======'sw_playfield_active'====== Args={}
2026-05-17 15:07:36,248 : INFO : EventManager : Event: ======'sw_playfield_active'====== Args={}
2026-05-17 15:07:36,248 : INFO : EventManager : Event: ======'machine_var_audits_switches_s_spinner'====== Args={'value': 66310, 'prev_value': 66309, 'change': 1}
2026-05-17 15:07:36,248 : INFO : SwitchController : <<<<<<< 's_spinner' inactive >>>>>>>
2026-05-17 15:07:36,249 : INFO : EventManager : Event: ======'stop_all_mode_pulse_shows'====== Args={'priority': 0}
2026-05-17 15:07:36,249 : INFO : EventManager : Event: ======'rotate_qualified_mode'====== Args={'priority': 0}
2026-05-17 15:07:36,250 : INFO : EventManager : Event: ======'player_spinner_spin_count'====== Args={'value': 16, 'prev_value': 15, 'change': 1, 'player_num': 1, 'source': 'pilot_mission_qualifier'}
2026-05-17 15:07:36,250 : INFO : EventManager : Event: ======'player_score'====== Args={'value': 337000, 'prev_value': 336000, 'change': 1000, 'player_num': 1, 'source': 'base'}
2026-05-17 15:07:36,250 : INFO : EventManager : Event: ======'player_bonus_switches_count'====== Args={'value': 22, 'prev_value': 21, 'change': 1, 'player_num': 1, 'source': 'base'}
2026-05-17 15:07:36,250 : INFO : EventManager : Event: ======'player_spinner_count'====== Args={'value': 16, 'prev_value': 15, 'change': 1, 'player_num': 1, 'source': 'base'}
2026-05-17 15:07:36,250 : INFO : EventManager : Event: ======'timer_spinner_inactivity_tick'====== Args={'ticks': 2, 'ticks_remaining': 2}
2026-05-17 15:07:36,250 : INFO : EventManager : Event: ======'timer_spinner_shot_timeout_tick'====== Args={'ticks': 0, 'ticks_remaining': 2}
2026-05-17 15:07:36,252 : INFO : EventManager : Event: ======'qualify_rescue_cougar'====== Args={'priority': 0}
2026-05-17 15:07:36,254 : INFO : EventManager : Event: ======'player_qualified_mode_number'====== Args={'value': 1, 'prev_value': 10, 'change': -9, 'player_num': 1, 'source': 'pilot_mission_qualifier'}
2026-05-17 15:07:36,254 : INFO : EventManager : Event: ======'update_training_qual_lights'====== Args={'priority': 0}
2026-05-17 15:07:36,294 : INFO : SwitchController : <<<<<<< 's_spinner' active >>>>>>>
2026-05-17 15:07:36,295 : INFO : EventManager : Event: ======'s_spinner_active'====== Args={}
2026-05-17 15:07:36,295 : INFO : EventManager : Event: ======'sw_playfield_active'====== Args={}
2026-05-17 15:07:36,295 : INFO : EventManager : Event: ======'sw_playfield_active'====== Args={}
2026-05-17 15:07:36,295 : INFO : EventManager : Event: ======'machine_var_audits_switches_s_spinner'====== Args={'value': 66311, 'prev_value': 66310, 'change': 1}
2026-05-17 15:07:36,296 : INFO : EventManager : Event: ======'stop_all_mode_pulse_shows'====== Args={'priority': 0}
2026-05-17 15:07:36,297 : INFO : EventManager : Event: ======'rotate_qualified_mode'====== Args={'priority': 0}
2026-05-17 15:07:36,297 : INFO : EventManager : Event: ======'player_spinner_spin_count'====== Args={'value': 17, 'prev_value': 16, 'change': 1, 'player_num': 1, 'source': 'pilot_mission_qualifier'}
2026-05-17 15:07:36,297 : INFO : EventManager : Event: ======'player_score'====== Args={'value': 338000, 'prev_value': 337000, 'change': 1000, 'player_num': 1, 'source': 'base'}
2026-05-17 15:07:36,297 : INFO : EventManager : Event: ======'player_bonus_switches_count'====== Args={'value': 23, 'prev_value': 22, 'change': 1, 'player_num': 1, 'source': 'base'}
2026-05-17 15:07:36,297 : INFO : EventManager : Event: ======'player_spinner_count'====== Args={'value': 17, 'prev_value': 16, 'change': 1, 'player_num': 1, 'source': 'base'}
2026-05-17 15:07:36,297 : INFO : EventManager : Event: ======'timer_spinner_inactivity_tick'====== Args={'ticks': 2, 'ticks_remaining': 2}
2026-05-17 15:07:36,297 : INFO : EventManager : Event: ======'timer_spinner_shot_timeout_tick'====== Args={'ticks': 0, 'ticks_remaining': 2}
2026-05-17 15:07:36,299 : INFO : EventManager : Event: ======'qualify_balls_of_fire'====== Args={'priority': 0}
2026-05-17 15:07:36,302 : INFO : EventManager : Event: ======'player_qualified_mode_number'====== Args={'value': 2, 'prev_value': 1, 'change': 1, 'player_num': 1, 'source': 'pilot_mission_qualifier'}
2026-05-17 15:07:36,302 : INFO : EventManager : Event: ======'update_training_qual_lights'====== Args={'priority': 0}
2026-05-17 15:07:36,304 : INFO : SwitchController : <<<<<<< 's_spinner' inactive >>>>>>>
2026-05-17 15:07:36,356 : INFO : SwitchController : <<<<<<< 's_spinner' active >>>>>>>
2026-05-17 15:07:36,356 : INFO : EventManager : Event: ======'s_spinner_active'====== Args={}
2026-05-17 15:07:36,356 : INFO : EventManager : Event: ======'sw_playfield_active'====== Args={}
2026-05-17 15:07:36,356 : INFO : EventManager : Event: ======'sw_playfield_active'====== Args={}
2026-05-17 15:07:36,356 : INFO : EventManager : Event: ======'machine_var_audits_switches_s_spinner'====== Args={'value': 66312, 'prev_value': 66311, 'change': 1}
2026-05-17 15:07:36,357 : INFO : SwitchController : <<<<<<< 's_spinner' inactive >>>>>>>
2026-05-17 15:07:36,357 : INFO : EventManager : Event: ======'stop_all_mode_pulse_shows'====== Args={'priority': 0}
2026-05-17 15:07:36,357 : INFO : EventManager : Event: ======'rotate_qualified_mode'====== Args={'priority': 0}
2026-05-17 15:07:36,357 : INFO : EventManager : Event: ======'player_spinner_spin_count'====== Args={'value': 18, 'prev_value': 17, 'change': 1, 'player_num': 1, 'source': 'pilot_mission_qualifier'}
2026-05-17 15:07:36,357 : INFO : EventManager : Event: ======'player_score'====== Args={'value': 339000, 'prev_value': 338000, 'change': 1000, 'player_num': 1, 'source': 'base'}
2026-05-17 15:07:36,357 : INFO : EventManager : Event: ======'player_bonus_switches_count'====== Args={'value': 24, 'prev_value': 23, 'change': 1, 'player_num': 1, 'source': 'base'}
2026-05-17 15:07:36,359 : INFO : EventManager : Event: ======'player_spinner_count'====== Args={'value': 18, 'prev_value': 17, 'change': 1, 'player_num': 1, 'source': 'base'}
2026-05-17 15:07:36,359 : INFO : EventManager : Event: ======'timer_spinner_inactivity_tick'====== Args={'ticks': 2, 'ticks_remaining': 2}
2026-05-17 15:07:36,359 : INFO : EventManager : Event: ======'timer_spinner_shot_timeout_tick'====== Args={'ticks': 0, 'ticks_remaining': 2}
2026-05-17 15:07:36,360 : INFO : EventManager : Event: ======'qualify_cool_under_pressure'====== Args={'priority': 0}
2026-05-17 15:07:36,363 : INFO : EventManager : Event: ======'player_qualified_mode_number'====== Args={'value': 3, 'prev_value': 2, 'change': 1, 'player_num': 1, 'source': 'pilot_mission_qualifier'}
2026-05-17 15:07:36,363 : INFO : EventManager : Event: ======'update_training_qual_lights'====== Args={'priority': 0}
2026-05-17 15:07:36,421 : INFO : SwitchController : <<<<<<< 's_spinner' active >>>>>>>
2026-05-17 15:07:36,421 : INFO : EventManager : Event: ======'s_spinner_active'====== Args={}
2026-05-17 15:07:36,421 : INFO : EventManager : Event: ======'sw_playfield_active'====== Args={}
2026-05-17 15:07:36,421 : INFO : EventManager : Event: ======'sw_playfield_active'====== Args={}
2026-05-17 15:07:36,421 : INFO : EventManager : Event: ======'machine_var_audits_switches_s_spinner'====== Args={'value': 66313, 'prev_value': 66312, 'change': 1}
2026-05-17 15:07:36,421 : INFO : SwitchController : <<<<<<< 's_spinner' inactive >>>>>>>
2026-05-17 15:07:36,422 : INFO : EventManager : Event: ======'stop_all_mode_pulse_shows'====== Args={'priority': 0}
2026-05-17 15:07:36,422 : INFO : EventManager : Event: ======'rotate_qualified_mode'====== Args={'priority': 0}
2026-05-17 15:07:36,422 : INFO : EventManager : Event: ======'player_spinner_spin_count'====== Args={'value': 19, 'prev_value': 18, 'change': 1, 'player_num': 1, 'source': 'pilot_mission_qualifier'}
2026-05-17 15:07:36,423 : INFO : EventManager : Event: ======'player_score'====== Args={'value': 340000, 'prev_value': 339000, 'change': 1000, 'player_num': 1, 'source': 'base'}
2026-05-17 15:07:36,423 : INFO : EventManager : Event: ======'player_bonus_switches_count'====== Args={'value': 25, 'prev_value': 24, 'change': 1, 'player_num': 1, 'source': 'base'}
2026-05-17 15:07:36,423 : INFO : EventManager : Event: ======'player_spinner_count'====== Args={'value': 19, 'prev_value': 18, 'change': 1, 'player_num': 1, 'source': 'base'}
2026-05-17 15:07:36,423 : INFO : EventManager : Event: ======'timer_spinner_inactivity_tick'====== Args={'ticks': 2, 'ticks_remaining': 2}
2026-05-17 15:07:36,423 : INFO : EventManager : Event: ======'timer_spinner_shot_timeout_tick'====== Args={'ticks': 0, 'ticks_remaining': 2}
2026-05-17 15:07:36,424 : INFO : EventManager : Event: ======'qualify_battle_jester'====== Args={'priority': 0}
2026-05-17 15:07:36,427 : INFO : EventManager : Event: ======'player_qualified_mode_number'====== Args={'value': 4, 'prev_value': 3, 'change': 1, 'player_num': 1, 'source': 'pilot_mission_qualifier'}
2026-05-17 15:07:36,427 : INFO : EventManager : Event: ======'update_training_qual_lights'====== Args={'priority': 0}
2026-05-17 15:07:36,467 : INFO : SwitchController : <<<<<<< 's_spinner' active >>>>>>>
2026-05-17 15:07:36,467 : INFO : EventManager : Event: ======'s_spinner_active'====== Args={}
2026-05-17 15:07:36,468 : INFO : EventManager : Event: ======'sw_playfield_active'====== Args={}
2026-05-17 15:07:36,468 : INFO : EventManager : Event: ======'sw_playfield_active'====== Args={}
2026-05-17 15:07:36,468 : INFO : EventManager : Event: ======'machine_var_audits_switches_s_spinner'====== Args={'value': 66314, 'prev_value': 66313, 'change': 1}
2026-05-17 15:07:36,469 : INFO : EventManager : Event: ======'stop_all_mode_pulse_shows'====== Args={'priority': 0}
2026-05-17 15:07:36,469 : INFO : EventManager : Event: ======'rotate_qualified_mode'====== Args={'priority': 0}
2026-05-17 15:07:36,469 : INFO : EventManager : Event: ======'player_spinner_spin_count'====== Args={'value': 20, 'prev_value': 19, 'change': 1, 'player_num': 1, 'source': 'pilot_mission_qualifier'}
2026-05-17 15:07:36,470 : INFO : EventManager : Event: ======'player_score'====== Args={'value': 341000, 'prev_value': 340000, 'change': 1000, 'player_num': 1, 'source': 'base'}
2026-05-17 15:07:36,470 : INFO : EventManager : Event: ======'player_bonus_switches_count'====== Args={'value': 26, 'prev_value': 25, 'change': 1, 'player_num': 1, 'source': 'base'}
2026-05-17 15:07:36,470 : INFO : EventManager : Event: ======'player_spinner_count'====== Args={'value': 20, 'prev_value': 19, 'change': 1, 'player_num': 1, 'source': 'base'}
2026-05-17 15:07:36,470 : INFO : EventManager : Event: ======'timer_spinner_inactivity_tick'====== Args={'ticks': 2, 'ticks_remaining': 2}
2026-05-17 15:07:36,470 : INFO : EventManager : Event: ======'timer_spinner_shot_timeout_tick'====== Args={'ticks': 0, 'ticks_remaining': 2}
2026-05-17 15:07:36,471 : INFO : EventManager : Event: ======'qualify_no_points_for_second_place'====== Args={'priority': 0}
2026-05-17 15:07:36,473 : INFO : EventManager : Event: ======'player_qualified_mode_number'====== Args={'value': 5, 'prev_value': 4, 'change': 1, 'player_num': 1, 'source': 'pilot_mission_qualifier'}
2026-05-17 15:07:36,473 : INFO : EventManager : Event: ======'update_training_qual_lights'====== Args={'priority': 0}
2026-05-17 15:07:36,476 : INFO : SwitchController : <<<<<<< 's_spinner' inactive >>>>>>>
2026-05-17 15:07:36,530 : INFO : EventManager : Event: ======'player_ball_save_ball_save_countdown_tick'====== Args={'value': 15, 'prev_value': 16, 'change': -1, 'player_num': 1}
2026-05-17 15:07:36,531 : INFO : EventManager : Event: ======'timer_ball_save_countdown_tick'====== Args={'ticks': 15, 'ticks_remaining': 15}
2026-05-17 15:07:36,531 : INFO : SwitchController : <<<<<<< 's_spinner' active >>>>>>>
2026-05-17 15:07:36,531 : INFO : EventManager : Event: ======'s_spinner_active'====== Args={}
2026-05-17 15:07:36,532 : INFO : EventManager : Event: ======'sw_playfield_active'====== Args={}
2026-05-17 15:07:36,532 : INFO : EventManager : Event: ======'sw_playfield_active'====== Args={}
2026-05-17 15:07:36,532 : INFO : EventManager : Event: ======'machine_var_audits_switches_s_spinner'====== Args={'value': 66315, 'prev_value': 66314, 'change': 1}
2026-05-17 15:07:36,532 : INFO : EventManager : Event: ======'ball_save_flash_slow'====== Args={'priority': 0}
2026-05-17 15:07:36,533 : INFO : EventManager : Event: ======'player_ball_save_time_remaining'====== Args={'value': 15, 'prev_value': 16, 'change': -1, 'player_num': 1, 'source': 'ball_save'}
2026-05-17 15:07:36,533 : INFO : EventManager : Event: ======'stop_all_mode_pulse_shows'====== Args={'priority': 0}
2026-05-17 15:07:36,533 : INFO : EventManager : Event: ======'rotate_qualified_mode'====== Args={'priority': 0}
2026-05-17 15:07:36,533 : INFO : EventManager : Event: ======'player_spinner_spin_count'====== Args={'value': 21, 'prev_value': 20, 'change': 1, 'player_num': 1, 'source': 'pilot_mission_qualifier'}
2026-05-17 15:07:36,534 : INFO : EventManager : Event: ======'player_score'====== Args={'value': 342000, 'prev_value': 341000, 'change': 1000, 'player_num': 1, 'source': 'base'}
2026-05-17 15:07:36,534 : INFO : EventManager : Event: ======'player_bonus_switches_count'====== Args={'value': 27, 'prev_value': 26, 'change': 1, 'player_num': 1, 'source': 'base'}
2026-05-17 15:07:36,534 : INFO : EventManager : Event: ======'player_spinner_count'====== Args={'value': 21, 'prev_value': 20, 'change': 1, 'player_num': 1, 'source': 'base'}
2026-05-17 15:07:36,534 : INFO : EventManager : Event: ======'timer_spinner_inactivity_tick'====== Args={'ticks': 2, 'ticks_remaining': 2}
2026-05-17 15:07:36,534 : INFO : EventManager : Event: ======'timer_spinner_shot_timeout_tick'====== Args={'ticks': 0, 'ticks_remaining': 2}
2026-05-17 15:07:36,536 : INFO : EventManager : Event: ======'qualify_no_margin_for_error'====== Args={'priority': 0}
2026-05-17 15:07:36,539 : INFO : EventManager : Event: ======'player_qualified_mode_number'====== Args={'value': 6, 'prev_value': 5, 'change': 1, 'player_num': 1, 'source': 'pilot_mission_qualifier'}
2026-05-17 15:07:36,539 : INFO : EventManager : Event: ======'update_training_qual_lights'====== Args={'priority': 0}
2026-05-17 15:07:36,541 : INFO : SwitchController : <<<<<<< 's_spinner' inactive >>>>>>>
2026-05-17 15:07:36,541 : INFO : EventManager : Event: ======'player_pilot_mission_qualifier_spinner_shot_lockout_tick'====== Args={'value': 1, 'prev_value': 0, 'change': 1, 'player_num': 1}
2026-05-17 15:07:36,541 : INFO : EventManager : Event: ======'timer_spinner_shot_lockout_tick'====== Args={'ticks': 1, 'ticks_remaining': 1}
2026-05-17 15:07:36,608 : INFO : SwitchController : <<<<<<< 's_spinner' active >>>>>>>
2026-05-17 15:07:36,608 : INFO : EventManager : Event: ======'s_spinner_active'====== Args={}
2026-05-17 15:07:36,608 : INFO : EventManager : Event: ======'sw_playfield_active'====== Args={}
2026-05-17 15:07:36,608 : INFO : EventManager : Event: ======'sw_playfield_active'====== Args={}
2026-05-17 15:07:36,608 : INFO : EventManager : Event: ======'machine_var_audits_switches_s_spinner'====== Args={'value': 66316, 'prev_value': 66315, 'change': 1}
2026-05-17 15:07:36,609 : INFO : SwitchController : <<<<<<< 's_spinner' inactive >>>>>>>
2026-05-17 15:07:36,609 : INFO : EventManager : Event: ======'stop_all_mode_pulse_shows'====== Args={'priority': 0}
2026-05-17 15:07:36,609 : INFO : EventManager : Event: ======'rotate_qualified_mode'====== Args={'priority': 0}
2026-05-17 15:07:36,609 : INFO : EventManager : Event: ======'player_spinner_spin_count'====== Args={'value': 22, 'prev_value': 21, 'change': 1, 'player_num': 1, 'source': 'pilot_mission_qualifier'}
2026-05-17 15:07:36,609 : INFO : EventManager : Event: ======'player_score'====== Args={'value': 343000, 'prev_value': 342000, 'change': 1000, 'player_num': 1, 'source': 'base'}
2026-05-17 15:07:36,611 : INFO : EventManager : Event: ======'player_bonus_switches_count'====== Args={'value': 28, 'prev_value': 27, 'change': 1, 'player_num': 1, 'source': 'base'}
2026-05-17 15:07:36,611 : INFO : EventManager : Event: ======'player_spinner_count'====== Args={'value': 22, 'prev_value': 21, 'change': 1, 'player_num': 1, 'source': 'base'}
2026-05-17 15:07:36,611 : INFO : EventManager : Event: ======'timer_spinner_inactivity_tick'====== Args={'ticks': 2, 'ticks_remaining': 2}
2026-05-17 15:07:36,611 : INFO : EventManager : Event: ======'timer_spinner_shot_timeout_tick'====== Args={'ticks': 0, 'ticks_remaining': 2}
2026-05-17 15:07:36,612 : INFO : EventManager : Event: ======'qualify_rise_of_phoenix'====== Args={'priority': 0}
2026-05-17 15:07:36,614 : INFO : EventManager : Event: ======'player_qualified_mode_number'====== Args={'value': 7, 'prev_value': 6, 'change': 1, 'player_num': 1, 'source': 'pilot_mission_qualifier'}
2026-05-17 15:07:36,615 : INFO : EventManager : Event: ======'update_training_qual_lights'====== Args={'priority': 0}
2026-05-17 15:07:36,671 : INFO : SwitchController : <<<<<<< 's_spinner' active >>>>>>>
2026-05-17 15:07:36,671 : INFO : EventManager : Event: ======'s_spinner_active'====== Args={}
2026-05-17 15:07:36,671 : INFO : EventManager : Event: ======'sw_playfield_active'====== Args={}
2026-05-17 15:07:36,671 : INFO : EventManager : Event: ======'sw_playfield_active'====== Args={}
2026-05-17 15:07:36,671 : INFO : EventManager : Event: ======'machine_var_audits_switches_s_spinner'====== Args={'value': 66317, 'prev_value': 66316, 'change': 1}
2026-05-17 15:07:36,672 : INFO : SwitchController : <<<<<<< 's_spinner' inactive >>>>>>>
2026-05-17 15:07:36,673 : INFO : EventManager : Event: ======'stop_all_mode_pulse_shows'====== Args={'priority': 0}
2026-05-17 15:07:36,673 : INFO : EventManager : Event: ======'rotate_qualified_mode'====== Args={'priority': 0}
2026-05-17 15:07:36,673 : INFO : EventManager : Event: ======'player_spinner_spin_count'====== Args={'value': 23, 'prev_value': 22, 'change': 1, 'player_num': 1, 'source': 'pilot_mission_qualifier'}
2026-05-17 15:07:36,673 : INFO : EventManager : Event: ======'player_score'====== Args={'value': 344000, 'prev_value': 343000, 'change': 1000, 'player_num': 1, 'source': 'base'}
2026-05-17 15:07:36,673 : INFO : EventManager : Event: ======'player_bonus_switches_count'====== Args={'value': 29, 'prev_value': 28, 'change': 1, 'player_num': 1, 'source': 'base'}
2026-05-17 15:07:36,673 : INFO : EventManager : Event: ======'player_spinner_count'====== Args={'value': 23, 'prev_value': 22, 'change': 1, 'player_num': 1, 'source': 'base'}
2026-05-17 15:07:36,674 : INFO : EventManager : Event: ======'timer_spinner_inactivity_tick'====== Args={'ticks': 2, 'ticks_remaining': 2}
2026-05-17 15:07:36,674 : INFO : EventManager : Event: ======'timer_spinner_shot_timeout_tick'====== Args={'ticks': 0, 'ticks_remaining': 2}
2026-05-17 15:07:36,675 : INFO : EventManager : Event: ======'qualify_canyon_run'====== Args={'priority': 0}
2026-05-17 15:07:36,677 : INFO : EventManager : Event: ======'player_qualified_mode_number'====== Args={'value': 8, 'prev_value': 7, 'change': 1, 'player_num': 1, 'source': 'pilot_mission_qualifier'}
2026-05-17 15:07:36,677 : INFO : EventManager : Event: ======'update_training_qual_lights'====== Args={'priority': 0}
2026-05-17 15:07:36,735 : INFO : SwitchController : <<<<<<< 's_spinner' active >>>>>>>
2026-05-17 15:07:36,735 : INFO : EventManager : Event: ======'s_spinner_active'====== Args={}
2026-05-17 15:07:36,735 : INFO : EventManager : Event: ======'sw_playfield_active'====== Args={}
2026-05-17 15:07:36,736 : INFO : EventManager : Event: ======'sw_playfield_active'====== Args={}
2026-05-17 15:07:36,736 : INFO : EventManager : Event: ======'machine_var_audits_switches_s_spinner'====== Args={'value': 66318, 'prev_value': 66317, 'change': 1}
2026-05-17 15:07:36,737 : INFO : EventManager : Event: ======'stop_all_mode_pulse_shows'====== Args={'priority': 0}
2026-05-17 15:07:36,737 : INFO : EventManager : Event: ======'rotate_qualified_mode'====== Args={'priority': 0}
2026-05-17 15:07:36,737 : INFO : EventManager : Event: ======'player_spinner_spin_count'====== Args={'value': 24, 'prev_value': 23, 'change': 1, 'player_num': 1, 'source': 'pilot_mission_qualifier'}
2026-05-17 15:07:36,737 : INFO : EventManager : Event: ======'player_score'====== Args={'value': 345000, 'prev_value': 344000, 'change': 1000, 'player_num': 1, 'source': 'base'}
2026-05-17 15:07:36,737 : INFO : EventManager : Event: ======'player_bonus_switches_count'====== Args={'value': 30, 'prev_value': 29, 'change': 1, 'player_num': 1, 'source': 'base'}
2026-05-17 15:07:36,737 : INFO : EventManager : Event: ======'player_spinner_count'====== Args={'value': 24, 'prev_value': 23, 'change': 1, 'player_num': 1, 'source': 'base'}
2026-05-17 15:07:36,737 : INFO : EventManager : Event: ======'timer_spinner_inactivity_tick'====== Args={'ticks': 2, 'ticks_remaining': 2}
2026-05-17 15:07:36,738 : INFO : EventManager : Event: ======'timer_spinner_shot_timeout_tick'====== Args={'ticks': 0, 'ticks_remaining': 2}
2026-05-17 15:07:36,738 : INFO : EventManager : Event: ======'qualify_below_the_hard_deck'====== Args={'priority': 0}
2026-05-17 15:07:36,740 : INFO : EventManager : Event: ======'player_qualified_mode_number'====== Args={'value': 9, 'prev_value': 8, 'change': 1, 'player_num': 1, 'source': 'pilot_mission_qualifier'}
2026-05-17 15:07:36,740 : INFO : EventManager : Event: ======'update_training_qual_lights'====== Args={'priority': 0}
2026-05-17 15:07:36,742 : INFO : SwitchController : <<<<<<< 's_spinner' inactive >>>>>>>
2026-05-17 15:07:36,812 : INFO : SwitchController : <<<<<<< 's_spinner' active >>>>>>>
2026-05-17 15:07:36,812 : INFO : EventManager : Event: ======'s_spinner_active'====== Args={}
2026-05-17 15:07:36,814 : INFO : EventManager : Event: ======'sw_playfield_active'====== Args={}
2026-05-17 15:07:36,814 : INFO : EventManager : Event: ======'sw_playfield_active'====== Args={}
2026-05-17 15:07:36,814 : INFO : EventManager : Event: ======'machine_var_audits_switches_s_spinner'====== Args={'value': 66319, 'prev_value': 66318, 'change': 1}
2026-05-17 15:07:36,815 : INFO : EventManager : Event: ======'stop_all_mode_pulse_shows'====== Args={'priority': 0}
2026-05-17 15:07:36,815 : INFO : EventManager : Event: ======'rotate_qualified_mode'====== Args={'priority': 0}
2026-05-17 15:07:36,815 : INFO : EventManager : Event: ======'player_spinner_spin_count'====== Args={'value': 25, 'prev_value': 24, 'change': 1, 'player_num': 1, 'source': 'pilot_mission_qualifier'}
2026-05-17 15:07:36,815 : INFO : EventManager : Event: ======'player_score'====== Args={'value': 346000, 'prev_value': 345000, 'change': 1000, 'player_num': 1, 'source': 'base'}
2026-05-17 15:07:36,816 : INFO : EventManager : Event: ======'player_bonus_switches_count'====== Args={'value': 31, 'prev_value': 30, 'change': 1, 'player_num': 1, 'source': 'base'}
2026-05-17 15:07:36,816 : INFO : EventManager : Event: ======'player_spinner_count'====== Args={'value': 25, 'prev_value': 24, 'change': 1, 'player_num': 1, 'source': 'base'}
2026-05-17 15:07:36,816 : INFO : EventManager : Event: ======'timer_spinner_inactivity_tick'====== Args={'ticks': 2, 'ticks_remaining': 2}
2026-05-17 15:07:36,816 : INFO : EventManager : Event: ======'timer_spinner_shot_timeout_tick'====== Args={'ticks': 0, 'ticks_remaining': 2}
2026-05-17 15:07:36,818 : INFO : EventManager : Event: ======'qualify_edge_of_space'====== Args={'priority': 0}
2026-05-17 15:07:36,820 : INFO : EventManager : Event: ======'player_qualified_mode_number'====== Args={'value': 10, 'prev_value': 9, 'change': 1, 'player_num': 1, 'source': 'pilot_mission_qualifier'}
2026-05-17 15:07:36,820 : INFO : EventManager : Event: ======'update_training_qual_lights'====== Args={'priority': 0}
2026-05-17 15:07:36,822 : INFO : SwitchController : <<<<<<< 's_spinner' inactive >>>>>>>
2026-05-17 15:07:36,890 : INFO : SwitchController : <<<<<<< 's_spinner' active >>>>>>>
2026-05-17 15:07:36,890 : INFO : EventManager : Event: ======'s_spinner_active'====== Args={}
2026-05-17 15:07:36,890 : INFO : EventManager : Event: ======'sw_playfield_active'====== Args={}
2026-05-17 15:07:36,890 : INFO : EventManager : Event: ======'sw_playfield_active'====== Args={}
2026-05-17 15:07:36,890 : INFO : EventManager : Event: ======'machine_var_audits_switches_s_spinner'====== Args={'value': 66320, 'prev_value': 66319, 'change': 1}
2026-05-17 15:07:36,892 : INFO : EventManager : Event: ======'stop_all_mode_pulse_shows'====== Args={'priority': 0}
2026-05-17 15:07:36,892 : INFO : EventManager : Event: ======'rotate_qualified_mode'====== Args={'priority': 0}
2026-05-17 15:07:36,892 : INFO : EventManager : Event: ======'player_spinner_spin_count'====== Args={'value': 26, 'prev_value': 25, 'change': 1, 'player_num': 1, 'source': 'pilot_mission_qualifier'}
2026-05-17 15:07:36,892 : INFO : EventManager : Event: ======'player_score'====== Args={'value': 347000, 'prev_value': 346000, 'change': 1000, 'player_num': 1, 'source': 'base'}
2026-05-17 15:07:36,892 : INFO : EventManager : Event: ======'player_bonus_switches_count'====== Args={'value': 32, 'prev_value': 31, 'change': 1, 'player_num': 1, 'source': 'base'}
2026-05-17 15:07:36,892 : INFO : EventManager : Event: ======'player_spinner_count'====== Args={'value': 26, 'prev_value': 25, 'change': 1, 'player_num': 1, 'source': 'base'}
2026-05-17 15:07:36,892 : INFO : EventManager : Event: ======'timer_spinner_inactivity_tick'====== Args={'ticks': 2, 'ticks_remaining': 2}
2026-05-17 15:07:36,893 : INFO : EventManager : Event: ======'timer_spinner_shot_timeout_tick'====== Args={'ticks': 0, 'ticks_remaining': 2}
2026-05-17 15:07:36,894 : INFO : EventManager : Event: ======'qualify_rescue_cougar'====== Args={'priority': 0}
2026-05-17 15:07:36,896 : INFO : EventManager : Event: ======'player_qualified_mode_number'====== Args={'value': 1, 'prev_value': 10, 'change': -9, 'player_num': 1, 'source': 'pilot_mission_qualifier'}
2026-05-17 15:07:36,896 : INFO : EventManager : Event: ======'update_training_qual_lights'====== Args={'priority': 0}
2026-05-17 15:07:36,899 : INFO : SwitchController : <<<<<<< 's_spinner' inactive >>>>>>>
2026-05-17 15:07:36,969 : INFO : SwitchController : <<<<<<< 's_spinner' active >>>>>>>
2026-05-17 15:07:36,969 : INFO : EventManager : Event: ======'s_spinner_active'====== Args={}
2026-05-17 15:07:36,969 : INFO : EventManager : Event: ======'sw_playfield_active'====== Args={}
2026-05-17 15:07:36,969 : INFO : EventManager : Event: ======'sw_playfield_active'====== Args={}
2026-05-17 15:07:36,970 : INFO : EventManager : Event: ======'machine_var_audits_switches_s_spinner'====== Args={'value': 66321, 'prev_value': 66320, 'change': 1}
2026-05-17 15:07:36,971 : INFO : EventManager : Event: ======'stop_all_mode_pulse_shows'====== Args={'priority': 0}
2026-05-17 15:07:36,971 : INFO : EventManager : Event: ======'rotate_qualified_mode'====== Args={'priority': 0}
2026-05-17 15:07:36,971 : INFO : EventManager : Event: ======'player_spinner_spin_count'====== Args={'value': 27, 'prev_value': 26, 'change': 1, 'player_num': 1, 'source': 'pilot_mission_qualifier'}
2026-05-17 15:07:36,971 : INFO : EventManager : Event: ======'player_score'====== Args={'value': 348000, 'prev_value': 347000, 'change': 1000, 'player_num': 1, 'source': 'base'}
2026-05-17 15:07:36,971 : INFO : EventManager : Event: ======'player_bonus_switches_count'====== Args={'value': 33, 'prev_value': 32, 'change': 1, 'player_num': 1, 'source': 'base'}
2026-05-17 15:07:36,972 : INFO : EventManager : Event: ======'player_spinner_count'====== Args={'value': 27, 'prev_value': 26, 'change': 1, 'player_num': 1, 'source': 'base'}
2026-05-17 15:07:36,972 : INFO : EventManager : Event: ======'timer_spinner_inactivity_tick'====== Args={'ticks': 2, 'ticks_remaining': 2}
2026-05-17 15:07:36,972 : INFO : EventManager : Event: ======'timer_spinner_shot_timeout_tick'====== Args={'ticks': 0, 'ticks_remaining': 2}
2026-05-17 15:07:36,972 : INFO : EventManager : Event: ======'qualify_balls_of_fire'====== Args={'priority': 0}
2026-05-17 15:07:36,977 : INFO : EventManager : Event: ======'player_qualified_mode_number'====== Args={'value': 2, 'prev_value': 1, 'change': 1, 'player_num': 1, 'source': 'pilot_mission_qualifier'}
2026-05-17 15:07:36,977 : INFO : EventManager : Event: ======'update_training_qual_lights'====== Args={'priority': 0}
2026-05-17 15:07:36,979 : INFO : SwitchController : <<<<<<< 's_spinner' inactive >>>>>>>
2026-05-17 15:07:37,000 : INFO : EventManager : Event: ======'player_pilot_mission_qualifier_left_orbit_shot_timeout_tick'====== Args={'value': 1, 'prev_value': 0, 'change': 1, 'player_num': 1}
2026-05-17 15:07:37,001 : INFO : EventManager : Event: ======'timer_left_orbit_shot_timeout_tick'====== Args={'ticks': 1, 'ticks_remaining': 2}
2026-05-17 15:07:37,062 : INFO : SwitchController : <<<<<<< 's_spinner' active >>>>>>>
2026-05-17 15:07:37,062 : INFO : EventManager : Event: ======'s_spinner_active'====== Args={}
2026-05-17 15:07:37,063 : INFO : EventManager : Event: ======'sw_playfield_active'====== Args={}
2026-05-17 15:07:37,063 : INFO : EventManager : Event: ======'sw_playfield_active'====== Args={}
2026-05-17 15:07:37,063 : INFO : EventManager : Event: ======'machine_var_audits_switches_s_spinner'====== Args={'value': 66322, 'prev_value': 66321, 'change': 1}
2026-05-17 15:07:37,063 : INFO : SwitchController : <<<<<<< 's_spinner' inactive >>>>>>>
2026-05-17 15:07:37,064 : INFO : EventManager : Event: ======'stop_all_mode_pulse_shows'====== Args={'priority': 0}
2026-05-17 15:07:37,065 : INFO : EventManager : Event: ======'rotate_qualified_mode'====== Args={'priority': 0}
2026-05-17 15:07:37,065 : INFO : EventManager : Event: ======'player_spinner_spin_count'====== Args={'value': 28, 'prev_value': 27, 'change': 1, 'player_num': 1, 'source': 'pilot_mission_qualifier'}
2026-05-17 15:07:37,065 : INFO : EventManager : Event: ======'player_score'====== Args={'value': 349000, 'prev_value': 348000, 'change': 1000, 'player_num': 1, 'source': 'base'}
2026-05-17 15:07:37,065 : INFO : EventManager : Event: ======'player_bonus_switches_count'====== Args={'value': 34, 'prev_value': 33, 'change': 1, 'player_num': 1, 'source': 'base'}
2026-05-17 15:07:37,065 : INFO : EventManager : Event: ======'player_spinner_count'====== Args={'value': 28, 'prev_value': 27, 'change': 1, 'player_num': 1, 'source': 'base'}
2026-05-17 15:07:37,065 : INFO : EventManager : Event: ======'timer_spinner_inactivity_tick'====== Args={'ticks': 2, 'ticks_remaining': 2}
2026-05-17 15:07:37,066 : INFO : EventManager : Event: ======'timer_spinner_shot_timeout_tick'====== Args={'ticks': 0, 'ticks_remaining': 2}
2026-05-17 15:07:37,066 : INFO : EventManager : Event: ======'qualify_cool_under_pressure'====== Args={'priority': 0}
2026-05-17 15:07:37,069 : INFO : EventManager : Event: ======'player_qualified_mode_number'====== Args={'value': 3, 'prev_value': 2, 'change': 1, 'player_num': 1, 'source': 'pilot_mission_qualifier'}
2026-05-17 15:07:37,069 : INFO : EventManager : Event: ======'update_training_qual_lights'====== Args={'priority': 0}
2026-05-17 15:07:37,141 : INFO : SwitchController : <<<<<<< 's_spinner' active >>>>>>>
2026-05-17 15:07:37,141 : INFO : EventManager : Event: ======'s_spinner_active'====== Args={}
2026-05-17 15:07:37,141 : INFO : EventManager : Event: ======'sw_playfield_active'====== Args={}
2026-05-17 15:07:37,141 : INFO : EventManager : Event: ======'sw_playfield_active'====== Args={}
2026-05-17 15:07:37,141 : INFO : EventManager : Event: ======'machine_var_audits_switches_s_spinner'====== Args={'value': 66323, 'prev_value': 66322, 'change': 1}
2026-05-17 15:07:37,142 : INFO : EventManager : Event: ======'stop_all_mode_pulse_shows'====== Args={'priority': 0}
2026-05-17 15:07:37,143 : INFO : EventManager : Event: ======'rotate_qualified_mode'====== Args={'priority': 0}
2026-05-17 15:07:37,143 : INFO : EventManager : Event: ======'player_spinner_spin_count'====== Args={'value': 29, 'prev_value': 28, 'change': 1, 'player_num': 1, 'source': 'pilot_mission_qualifier'}
2026-05-17 15:07:37,143 : INFO : EventManager : Event: ======'player_score'====== Args={'value': 350000, 'prev_value': 349000, 'change': 1000, 'player_num': 1, 'source': 'base'}
2026-05-17 15:07:37,143 : INFO : EventManager : Event: ======'player_bonus_switches_count'====== Args={'value': 35, 'prev_value': 34, 'change': 1, 'player_num': 1, 'source': 'base'}
2026-05-17 15:07:37,143 : INFO : EventManager : Event: ======'player_spinner_count'====== Args={'value': 29, 'prev_value': 28, 'change': 1, 'player_num': 1, 'source': 'base'}
2026-05-17 15:07:37,143 : INFO : EventManager : Event: ======'timer_spinner_inactivity_tick'====== Args={'ticks': 2, 'ticks_remaining': 2}
2026-05-17 15:07:37,143 : INFO : EventManager : Event: ======'timer_spinner_shot_timeout_tick'====== Args={'ticks': 0, 'ticks_remaining': 2}
2026-05-17 15:07:37,145 : INFO : EventManager : Event: ======'qualify_battle_jester'====== Args={'priority': 0}
2026-05-17 15:07:37,148 : INFO : EventManager : Event: ======'player_qualified_mode_number'====== Args={'value': 4, 'prev_value': 3, 'change': 1, 'player_num': 1, 'source': 'pilot_mission_qualifier'}
2026-05-17 15:07:37,148 : INFO : EventManager : Event: ======'update_training_qual_lights'====== Args={'priority': 0}
2026-05-17 15:07:37,157 : INFO : SwitchController : <<<<<<< 's_spinner' inactive >>>>>>>
2026-05-17 15:07:37,251 : INFO : SwitchController : <<<<<<< 's_spinner' active >>>>>>>
2026-05-17 15:07:37,251 : INFO : EventManager : Event: ======'s_spinner_active'====== Args={}
2026-05-17 15:07:37,251 : INFO : EventManager : Event: ======'sw_playfield_active'====== Args={}
2026-05-17 15:07:37,251 : INFO : EventManager : Event: ======'sw_playfield_active'====== Args={}
2026-05-17 15:07:37,251 : INFO : EventManager : Event: ======'machine_var_audits_switches_s_spinner'====== Args={'value': 66324, 'prev_value': 66323, 'change': 1}
2026-05-17 15:07:37,254 : INFO : EventManager : Event: ======'stop_all_mode_pulse_shows'====== Args={'priority': 0}
2026-05-17 15:07:37,254 : INFO : EventManager : Event: ======'rotate_qualified_mode'====== Args={'priority': 0}
2026-05-17 15:07:37,254 : INFO : EventManager : Event: ======'player_spinner_spin_count'====== Args={'value': 30, 'prev_value': 29, 'change': 1, 'player_num': 1, 'source': 'pilot_mission_qualifier'}
2026-05-17 15:07:37,254 : INFO : EventManager : Event: ======'player_score'====== Args={'value': 351000, 'prev_value': 350000, 'change': 1000, 'player_num': 1, 'source': 'base'}
2026-05-17 15:07:37,254 : INFO : EventManager : Event: ======'player_bonus_switches_count'====== Args={'value': 36, 'prev_value': 35, 'change': 1, 'player_num': 1, 'source': 'base'}
2026-05-17 15:07:37,254 : INFO : EventManager : Event: ======'player_spinner_count'====== Args={'value': 30, 'prev_value': 29, 'change': 1, 'player_num': 1, 'source': 'base'}
2026-05-17 15:07:37,255 : INFO : EventManager : Event: ======'timer_spinner_inactivity_tick'====== Args={'ticks': 2, 'ticks_remaining': 2}
2026-05-17 15:07:37,255 : INFO : EventManager : Event: ======'timer_spinner_shot_timeout_tick'====== Args={'ticks': 0, 'ticks_remaining': 2}
2026-05-17 15:07:37,256 : INFO : EventManager : Event: ======'qualify_no_points_for_second_place'====== Args={'priority': 0}
2026-05-17 15:07:37,258 : INFO : EventManager : Event: ======'player_qualified_mode_number'====== Args={'value': 5, 'prev_value': 4, 'change': 1, 'player_num': 1, 'source': 'pilot_mission_qualifier'}
2026-05-17 15:07:37,258 : INFO : EventManager : Event: ======'update_training_qual_lights'====== Args={'priority': 0}
2026-05-17 15:07:37,259 : INFO : SwitchController : <<<<<<< 's_spinner' inactive >>>>>>>
2026-05-17 15:07:37,345 : INFO : SwitchController : <<<<<<< 's_spinner' active >>>>>>>
2026-05-17 15:07:37,345 : INFO : EventManager : Event: ======'s_spinner_active'====== Args={}
2026-05-17 15:07:37,345 : INFO : EventManager : Event: ======'sw_playfield_active'====== Args={}
2026-05-17 15:07:37,345 : INFO : EventManager : Event: ======'sw_playfield_active'====== Args={}
2026-05-17 15:07:37,347 : INFO : EventManager : Event: ======'machine_var_audits_switches_s_spinner'====== Args={'value': 66325, 'prev_value': 66324, 'change': 1}
2026-05-17 15:07:37,348 : INFO : EventManager : Event: ======'stop_all_mode_pulse_shows'====== Args={'priority': 0}
2026-05-17 15:07:37,348 : INFO : EventManager : Event: ======'rotate_qualified_mode'====== Args={'priority': 0}
2026-05-17 15:07:37,348 : INFO : EventManager : Event: ======'player_spinner_spin_count'====== Args={'value': 31, 'prev_value': 30, 'change': 1, 'player_num': 1, 'source': 'pilot_mission_qualifier'}
2026-05-17 15:07:37,348 : INFO : EventManager : Event: ======'player_score'====== Args={'value': 352000, 'prev_value': 351000, 'change': 1000, 'player_num': 1, 'source': 'base'}
2026-05-17 15:07:37,348 : INFO : EventManager : Event: ======'player_bonus_switches_count'====== Args={'value': 37, 'prev_value': 36, 'change': 1, 'player_num': 1, 'source': 'base'}
2026-05-17 15:07:37,349 : INFO : EventManager : Event: ======'player_spinner_count'====== Args={'value': 31, 'prev_value': 30, 'change': 1, 'player_num': 1, 'source': 'base'}
2026-05-17 15:07:37,349 : INFO : EventManager : Event: ======'timer_spinner_inactivity_tick'====== Args={'ticks': 2, 'ticks_remaining': 2}
2026-05-17 15:07:37,349 : INFO : EventManager : Event: ======'timer_spinner_shot_timeout_tick'====== Args={'ticks': 0, 'ticks_remaining': 2}
2026-05-17 15:07:37,350 : INFO : EventManager : Event: ======'qualify_no_margin_for_error'====== Args={'priority': 0}
2026-05-17 15:07:37,353 : INFO : EventManager : Event: ======'player_qualified_mode_number'====== Args={'value': 6, 'prev_value': 5, 'change': 1, 'player_num': 1, 'source': 'pilot_mission_qualifier'}
2026-05-17 15:07:37,353 : INFO : EventManager : Event: ======'update_training_qual_lights'====== Args={'priority': 0}
2026-05-17 15:07:37,361 : INFO : SwitchController : <<<<<<< 's_spinner' inactive >>>>>>>
2026-05-17 15:07:37,471 : INFO : SwitchController : <<<<<<< 's_spinner' active >>>>>>>
2026-05-17 15:07:37,471 : INFO : EventManager : Event: ======'s_spinner_active'====== Args={}
2026-05-17 15:07:37,471 : INFO : EventManager : Event: ======'sw_playfield_active'====== Args={}
2026-05-17 15:07:37,472 : INFO : EventManager : Event: ======'sw_playfield_active'====== Args={}
2026-05-17 15:07:37,472 : INFO : EventManager : Event: ======'machine_var_audits_switches_s_spinner'====== Args={'value': 66326, 'prev_value': 66325, 'change': 1}
2026-05-17 15:07:37,472 : INFO : EventManager : Event: ======'stop_all_mode_pulse_shows'====== Args={'priority': 0}
2026-05-17 15:07:37,473 : INFO : EventManager : Event: ======'rotate_qualified_mode'====== Args={'priority': 0}
2026-05-17 15:07:37,473 : INFO : EventManager : Event: ======'player_spinner_spin_count'====== Args={'value': 32, 'prev_value': 31, 'change': 1, 'player_num': 1, 'source': 'pilot_mission_qualifier'}
2026-05-17 15:07:37,473 : INFO : EventManager : Event: ======'player_score'====== Args={'value': 353000, 'prev_value': 352000, 'change': 1000, 'player_num': 1, 'source': 'base'}
2026-05-17 15:07:37,473 : INFO : EventManager : Event: ======'player_bonus_switches_count'====== Args={'value': 38, 'prev_value': 37, 'change': 1, 'player_num': 1, 'source': 'base'}
2026-05-17 15:07:37,475 : INFO : EventManager : Event: ======'player_spinner_count'====== Args={'value': 32, 'prev_value': 31, 'change': 1, 'player_num': 1, 'source': 'base'}
2026-05-17 15:07:37,475 : INFO : EventManager : Event: ======'timer_spinner_inactivity_tick'====== Args={'ticks': 2, 'ticks_remaining': 2}
2026-05-17 15:07:37,475 : INFO : EventManager : Event: ======'timer_spinner_shot_timeout_tick'====== Args={'ticks': 0, 'ticks_remaining': 2}
2026-05-17 15:07:37,477 : INFO : EventManager : Event: ======'qualify_rise_of_phoenix'====== Args={'priority': 0}
2026-05-17 15:07:37,479 : INFO : EventManager : Event: ======'player_qualified_mode_number'====== Args={'value': 7, 'prev_value': 6, 'change': 1, 'player_num': 1, 'source': 'pilot_mission_qualifier'}
2026-05-17 15:07:37,479 : INFO : EventManager : Event: ======'update_training_qual_lights'====== Args={'priority': 0}
2026-05-17 15:07:37,481 : INFO : SwitchController : <<<<<<< 's_spinner' inactive >>>>>>>
2026-05-17 15:07:37,518 : INFO : EventManager : Event: ======'player_ball_save_ball_save_countdown_tick'====== Args={'value': 14, 'prev_value': 15, 'change': -1, 'player_num': 1}
2026-05-17 15:07:37,518 : INFO : EventManager : Event: ======'timer_ball_save_countdown_tick'====== Args={'ticks': 14, 'ticks_remaining': 14}
2026-05-17 15:07:37,519 : INFO : EventManager : Event: ======'ball_save_flash_slow'====== Args={'priority': 0}
2026-05-17 15:07:37,519 : INFO : EventManager : Event: ======'player_ball_save_time_remaining'====== Args={'value': 14, 'prev_value': 15, 'change': -1, 'player_num': 1, 'source': 'ball_save'}
2026-05-17 15:07:37,549 : INFO : EventManager : Event: ======'player_pilot_mission_qualifier_spinner_shot_lockout_tick'====== Args={'value': 2, 'prev_value': 1, 'change': 1, 'player_num': 1}
2026-05-17 15:07:37,550 : INFO : Timer.spinner_shot_lockout : Timer Complete
2026-05-17 15:07:37,550 : INFO : Timer.spinner_shot_lockout : Stopping Timer
2026-05-17 15:07:37,550 : INFO : EventManager : Event: ======'timer_spinner_shot_lockout_stopped'====== Args={'ticks': 2, 'ticks_remaining': 1}
2026-05-17 15:07:37,550 : INFO : EventManager : Event: ======'timer_spinner_shot_lockout_complete'====== Args={'ticks': 2, 'ticks_remaining': 1}
2026-05-17 15:07:37,595 : INFO : SwitchController : <<<<<<< 's_spinner' active >>>>>>>
2026-05-17 15:07:37,595 : INFO : EventManager : Event: ======'s_spinner_active'====== Args={}
2026-05-17 15:07:37,595 : INFO : EventManager : Event: ======'sw_playfield_active'====== Args={}
2026-05-17 15:07:37,595 : INFO : EventManager : Event: ======'sw_playfield_active'====== Args={}
2026-05-17 15:07:37,596 : INFO : EventManager : Event: ======'machine_var_audits_switches_s_spinner'====== Args={'value': 66327, 'prev_value': 66326, 'change': 1}
2026-05-17 15:07:37,597 : INFO : EventManager : Event: ======'spinner_shot_made'====== Args={'priority': 0}
2026-05-17 15:07:37,597 : INFO : EventManager : Event: ======'spinner_shot_reset_count'====== Args={'priority': 0}
2026-05-17 15:07:37,597 : INFO : EventManager : Event: ======'stop_all_mode_pulse_shows'====== Args={'priority': 0}
2026-05-17 15:07:37,597 : INFO : EventManager : Event: ======'rotate_qualified_mode'====== Args={'priority': 0}
2026-05-17 15:07:37,597 : INFO : EventManager : Event: ======'player_spinner_spin_count'====== Args={'value': 33, 'prev_value': 32, 'change': 1, 'player_num': 1, 'source': 'pilot_mission_qualifier'}
2026-05-17 15:07:37,597 : INFO : EventManager : Event: ======'player_score'====== Args={'value': 354000, 'prev_value': 353000, 'change': 1000, 'player_num': 1, 'source': 'base'}
2026-05-17 15:07:37,599 : INFO : EventManager : Event: ======'player_bonus_switches_count'====== Args={'value': 39, 'prev_value': 38, 'change': 1, 'player_num': 1, 'source': 'base'}
2026-05-17 15:07:37,599 : INFO : EventManager : Event: ======'player_spinner_count'====== Args={'value': 33, 'prev_value': 32, 'change': 1, 'player_num': 1, 'source': 'base'}
2026-05-17 15:07:37,599 : INFO : EventManager : Event: ======'timer_spinner_inactivity_tick'====== Args={'ticks': 2, 'ticks_remaining': 2}
2026-05-17 15:07:37,599 : INFO : EventManager : Event: ======'timer_spinner_shot_timeout_tick'====== Args={'ticks': 0, 'ticks_remaining': 2}
2026-05-17 15:07:37,599 : INFO : EventManager : Event: ======'player_spinner_count'====== Args={'value': 0, 'prev_value': 33, 'change': -33, 'player_num': 1, 'source': 'base'}
2026-05-17 15:07:37,599 : INFO : EventManager : Event: ======'player_pilot_mission_qualifier_spinner_shot_lockout_tick'====== Args={'value': 0, 'prev_value': 2, 'change': -2, 'player_num': 1}
2026-05-17 15:07:37,599 : INFO : Timer.spinner_shot_lockout : Starting Timer.
2026-05-17 15:07:37,600 : INFO : EventManager : Event: ======'timer_spinner_shot_lockout_started'====== Args={'ticks': 0, 'ticks_remaining': 2}
2026-05-17 15:07:37,600 : INFO : EventManager : Event: ======'timer_spinner_shot_lockout_tick'====== Args={'ticks': 0, 'ticks_remaining': 2}
2026-05-17 15:07:37,600 : INFO : EventManager : Event: ======'timer_spinner_shot_timeout_stop'====== Args={'priority': 0}
2026-05-17 15:07:37,600 : INFO : EventManager : Event: ======'player_spinner_spin_count'====== Args={'value': 0, 'prev_value': 33, 'change': -33, 'player_num': 1, 'source': 'pilot_mission_qualifier'}
2026-05-17 15:07:37,601 : INFO : EventManager : Event: ======'qualify_canyon_run'====== Args={'priority': 0}
2026-05-17 15:07:37,603 : INFO : EventManager : Event: ======'player_qualified_mode_number'====== Args={'value': 8, 'prev_value': 7, 'change': 1, 'player_num': 1, 'source': 'pilot_mission_qualifier'}
2026-05-17 15:07:37,603 : INFO : EventManager : Event: ======'update_training_qual_lights'====== Args={'priority': 0}
2026-05-17 15:07:37,605 : INFO : SwitchController : <<<<<<< 's_spinner' inactive >>>>>>>
2026-05-17 15:07:37,736 : INFO : SwitchController : <<<<<<< 's_spinner' active >>>>>>>
2026-05-17 15:07:37,736 : INFO : EventManager : Event: ======'s_spinner_active'====== Args={}
2026-05-17 15:07:37,736 : INFO : EventManager : Event: ======'sw_playfield_active'====== Args={}
2026-05-17 15:07:37,736 : INFO : EventManager : Event: ======'sw_playfield_active'====== Args={}
2026-05-17 15:07:37,737 : INFO : EventManager : Event: ======'machine_var_audits_switches_s_spinner'====== Args={'value': 66328, 'prev_value': 66327, 'change': 1}
2026-05-17 15:07:37,738 : INFO : EventManager : Event: ======'stop_all_mode_pulse_shows'====== Args={'priority': 0}
2026-05-17 15:07:37,738 : INFO : EventManager : Event: ======'rotate_qualified_mode'====== Args={'priority': 0}
2026-05-17 15:07:37,738 : INFO : EventManager : Event: ======'player_spinner_spin_count'====== Args={'value': 1, 'prev_value': 0, 'change': 1, 'player_num': 1, 'source': 'pilot_mission_qualifier'}
2026-05-17 15:07:37,738 : INFO : EventManager : Event: ======'player_score'====== Args={'value': 355000, 'prev_value': 354000, 'change': 1000, 'player_num': 1, 'source': 'base'}
2026-05-17 15:07:37,738 : INFO : EventManager : Event: ======'player_bonus_switches_count'====== Args={'value': 40, 'prev_value': 39, 'change': 1, 'player_num': 1, 'source': 'base'}
2026-05-17 15:07:37,738 : INFO : EventManager : Event: ======'player_spinner_count'====== Args={'value': 1, 'prev_value': 0, 'change': 1, 'player_num': 1, 'source': 'base'}
2026-05-17 15:07:37,738 : INFO : EventManager : Event: ======'timer_spinner_inactivity_tick'====== Args={'ticks': 2, 'ticks_remaining': 2}
2026-05-17 15:07:37,738 : INFO : EventManager : Event: ======'timer_spinner_shot_timeout_tick'====== Args={'ticks': 0, 'ticks_remaining': 2}
2026-05-17 15:07:37,739 : INFO : EventManager : Event: ======'qualify_below_the_hard_deck'====== Args={'priority': 0}
2026-05-17 15:07:37,741 : INFO : EventManager : Event: ======'player_qualified_mode_number'====== Args={'value': 9, 'prev_value': 8, 'change': 1, 'player_num': 1, 'source': 'pilot_mission_qualifier'}
2026-05-17 15:07:37,741 : INFO : EventManager : Event: ======'update_training_qual_lights'====== Args={'priority': 0}
2026-05-17 15:07:37,751 : INFO : SwitchController : <<<<<<< 's_spinner' inactive >>>>>>>
2026-05-17 15:07:37,779 : INFO : EventManager : Event: ======'slide_mode_points_scored_inactive'====== Args={'is_removing': True, '_from_bcp': True}
2026-05-17 15:07:37,779 : INFO : EventManager : Event: ======'slide_mach_1_active'====== Args={'_from_bcp': True}
2026-05-17 15:07:37,780 : INFO : EventManager : Event: ======'slide_mode_points_scored_removed'====== Args={'_from_bcp': True}
2026-05-17 15:07:37,892 : INFO : SwitchController : <<<<<<< 's_spinner' active >>>>>>>
2026-05-17 15:07:37,892 : INFO : EventManager : Event: ======'s_spinner_active'====== Args={}
2026-05-17 15:07:37,892 : INFO : EventManager : Event: ======'sw_playfield_active'====== Args={}
2026-05-17 15:07:37,893 : INFO : EventManager : Event: ======'sw_playfield_active'====== Args={}
2026-05-17 15:07:37,893 : INFO : EventManager : Event: ======'machine_var_audits_switches_s_spinner'====== Args={'value': 66329, 'prev_value': 66328, 'change': 1}
2026-05-17 15:07:37,894 : INFO : EventManager : Event: ======'stop_all_mode_pulse_shows'====== Args={'priority': 0}
2026-05-17 15:07:37,894 : INFO : EventManager : Event: ======'rotate_qualified_mode'====== Args={'priority': 0}
2026-05-17 15:07:37,895 : INFO : EventManager : Event: ======'player_spinner_spin_count'====== Args={'value': 2, 'prev_value': 1, 'change': 1, 'player_num': 1, 'source': 'pilot_mission_qualifier'}
2026-05-17 15:07:37,895 : INFO : EventManager : Event: ======'player_score'====== Args={'value': 356000, 'prev_value': 355000, 'change': 1000, 'player_num': 1, 'source': 'base'}
2026-05-17 15:07:37,895 : INFO : EventManager : Event: ======'player_bonus_switches_count'====== Args={'value': 41, 'prev_value': 40, 'change': 1, 'player_num': 1, 'source': 'base'}
2026-05-17 15:07:37,895 : INFO : EventManager : Event: ======'player_spinner_count'====== Args={'value': 2, 'prev_value': 1, 'change': 1, 'player_num': 1, 'source': 'base'}
2026-05-17 15:07:37,895 : INFO : EventManager : Event: ======'timer_spinner_inactivity_tick'====== Args={'ticks': 2, 'ticks_remaining': 2}
2026-05-17 15:07:37,896 : INFO : EventManager : Event: ======'timer_spinner_shot_timeout_tick'====== Args={'ticks': 0, 'ticks_remaining': 2}
2026-05-17 15:07:37,897 : INFO : EventManager : Event: ======'qualify_edge_of_space'====== Args={'priority': 0}
2026-05-17 15:07:37,900 : INFO : EventManager : Event: ======'player_qualified_mode_number'====== Args={'value': 10, 'prev_value': 9, 'change': 1, 'player_num': 1, 'source': 'pilot_mission_qualifier'}
2026-05-17 15:07:37,900 : INFO : EventManager : Event: ======'update_training_qual_lights'====== Args={'priority': 0}
2026-05-17 15:07:37,922 : INFO : SwitchController : <<<<<<< 's_spinner' inactive >>>>>>>
2026-05-17 15:07:38,001 : INFO : EventManager : Event: ======'player_pilot_mission_qualifier_left_orbit_shot_timeout_tick'====== Args={'value': 2, 'prev_value': 1, 'change': 1, 'player_num': 1}
2026-05-17 15:07:38,002 : INFO : EventManager : Event: ======'timer_left_orbit_shot_timeout_tick'====== Args={'ticks': 2, 'ticks_remaining': 1}
2026-05-17 15:07:38,094 : INFO : SwitchController : <<<<<<< 's_spinner' active >>>>>>>
2026-05-17 15:07:38,094 : INFO : EventManager : Event: ======'s_spinner_active'====== Args={}
2026-05-17 15:07:38,095 : INFO : EventManager : Event: ======'sw_playfield_active'====== Args={}
2026-05-17 15:07:38,095 : INFO : EventManager : Event: ======'sw_playfield_active'====== Args={}
2026-05-17 15:07:38,095 : INFO : EventManager : Event: ======'machine_var_audits_switches_s_spinner'====== Args={'value': 66330, 'prev_value': 66329, 'change': 1}
2026-05-17 15:07:38,096 : INFO : EventManager : Event: ======'stop_all_mode_pulse_shows'====== Args={'priority': 0}
2026-05-17 15:07:38,096 : INFO : EventManager : Event: ======'rotate_qualified_mode'====== Args={'priority': 0}
2026-05-17 15:07:38,096 : INFO : EventManager : Event: ======'player_spinner_spin_count'====== Args={'value': 3, 'prev_value': 2, 'change': 1, 'player_num': 1, 'source': 'pilot_mission_qualifier'}
2026-05-17 15:07:38,096 : INFO : EventManager : Event: ======'player_score'====== Args={'value': 357000, 'prev_value': 356000, 'change': 1000, 'player_num': 1, 'source': 'base'}
2026-05-17 15:07:38,096 : INFO : EventManager : Event: ======'player_bonus_switches_count'====== Args={'value': 42, 'prev_value': 41, 'change': 1, 'player_num': 1, 'source': 'base'}
2026-05-17 15:07:38,097 : INFO : EventManager : Event: ======'player_spinner_count'====== Args={'value': 3, 'prev_value': 2, 'change': 1, 'player_num': 1, 'source': 'base'}
2026-05-17 15:07:38,097 : INFO : EventManager : Event: ======'timer_spinner_inactivity_tick'====== Args={'ticks': 2, 'ticks_remaining': 2}
2026-05-17 15:07:38,097 : INFO : EventManager : Event: ======'timer_spinner_shot_timeout_tick'====== Args={'ticks': 0, 'ticks_remaining': 2}
2026-05-17 15:07:38,098 : INFO : EventManager : Event: ======'qualify_rescue_cougar'====== Args={'priority': 0}
2026-05-17 15:07:38,100 : INFO : EventManager : Event: ======'player_qualified_mode_number'====== Args={'value': 1, 'prev_value': 10, 'change': -9, 'player_num': 1, 'source': 'pilot_mission_qualifier'}
2026-05-17 15:07:38,101 : INFO : EventManager : Event: ======'update_training_qual_lights'====== Args={'priority': 0}
2026-05-17 15:07:38,157 : INFO : SwitchController : <<<<<<< 's_spinner' inactive >>>>>>>
2026-05-17 15:07:38,532 : INFO : EventManager : Event: ======'player_ball_save_ball_save_countdown_tick'====== Args={'value': 13, 'prev_value': 14, 'change': -1, 'player_num': 1}
2026-05-17 15:07:38,533 : INFO : EventManager : Event: ======'timer_ball_save_countdown_tick'====== Args={'ticks': 13, 'ticks_remaining': 13}
2026-05-17 15:07:38,533 : INFO : EventManager : Event: ======'ball_save_flash_slow'====== Args={'priority': 0}
2026-05-17 15:07:38,533 : INFO : EventManager : Event: ======'player_ball_save_time_remaining'====== Args={'value': 13, 'prev_value': 14, 'change': -1, 'player_num': 1, 'source': 'ball_save'}
2026-05-17 15:07:38,597 : INFO : EventManager : Event: ======'player_pilot_mission_qualifier_spinner_shot_lockout_tick'====== Args={'value': 1, 'prev_value': 0, 'change': 1, 'player_num': 1}
2026-05-17 15:07:38,597 : INFO : EventManager : Event: ======'timer_spinner_shot_lockout_tick'====== Args={'ticks': 1, 'ticks_remaining': 1}
2026-05-17 15:07:39,001 : INFO : EventManager : Event: ======'player_pilot_mission_qualifier_left_orbit_shot_timeout_tick'====== Args={'value': 3, 'prev_value': 2, 'change': 1, 'player_num': 1}
2026-05-17 15:07:39,002 : INFO : Timer.left_orbit_shot_timeout : Timer Complete
2026-05-17 15:07:39,002 : INFO : Timer.left_orbit_shot_timeout : Stopping Timer
2026-05-17 15:07:39,002 : INFO : EventManager : Event: ======'timer_left_orbit_shot_timeout_stopped'====== Args={'ticks': 3, 'ticks_remaining': 1}
2026-05-17 15:07:39,002 : INFO : EventManager : Event: ======'timer_left_orbit_shot_timeout_complete'====== Args={'ticks': 3, 'ticks_remaining': 1}
2026-05-17 15:07:39,110 : INFO : EventManager : Event: ======'player_pilot_mission_qualifier_spinner_shot_timeout_tick'====== Args={'value': 1, 'prev_value': 0, 'change': 1, 'player_num': 1}
2026-05-17 15:07:39,110 : INFO : EventManager : Event: ======'timer_spinner_shot_timeout_tick'====== Args={'ticks': 1, 'ticks_remaining': 1}
2026-05-17 15:07:39,111 : INFO : EventManager : Event: ======'player_base_spinner_inactivity_tick'====== Args={'value': 1, 'prev_value': 2, 'change': -1, 'player_num': 1}
2026-05-17 15:07:39,111 : INFO : EventManager : Event: ======'timer_spinner_inactivity_tick'====== Args={'ticks': 1, 'ticks_remaining': 1}
2026-05-17 15:07:39,267 : INFO : EventManager : Event: ======'slide_skillshot_miramar_removed'====== Args={'_from_bcp': True}
2026-05-17 15:07:39,532 : INFO : EventManager : Event: ======'player_ball_save_ball_save_countdown_tick'====== Args={'value': 12, 'prev_value': 13, 'change': -1, 'player_num': 1}
2026-05-17 15:07:39,532 : INFO : EventManager : Event: ======'timer_ball_save_countdown_tick'====== Args={'ticks': 12, 'ticks_remaining': 12}
2026-05-17 15:07:39,533 : INFO : EventManager : Event: ======'ball_save_flash_slow'====== Args={'priority': 0}
2026-05-17 15:07:39,533 : INFO : EventManager : Event: ======'player_ball_save_time_remaining'====== Args={'value': 12, 'prev_value': 13, 'change': -1, 'player_num': 1, 'source': 'ball_save'}
2026-05-17 15:07:39,609 : INFO : EventManager : Event: ======'player_pilot_mission_qualifier_spinner_shot_lockout_tick'====== Args={'value': 2, 'prev_value': 1, 'change': 1, 'player_num': 1}
2026-05-17 15:07:39,611 : INFO : Timer.spinner_shot_lockout : Timer Complete
2026-05-17 15:07:39,611 : INFO : Timer.spinner_shot_lockout : Stopping Timer
2026-05-17 15:07:39,611 : INFO : EventManager : Event: ======'timer_spinner_shot_lockout_stopped'====== Args={'ticks': 2, 'ticks_remaining': 1}
2026-05-17 15:07:39,611 : INFO : EventManager : Event: ======'timer_spinner_shot_lockout_complete'====== Args={'ticks': 2, 'ticks_remaining': 1}
2026-05-17 15:07:40,096 : INFO : EventManager : Event: ======'player_base_spinner_inactivity_tick'====== Args={'value': 0, 'prev_value': 1, 'change': -1, 'player_num': 1}
2026-05-17 15:07:40,097 : INFO : Timer.spinner_inactivity : Timer Complete
2026-05-17 15:07:40,097 : INFO : Timer.spinner_inactivity : Stopping Timer
2026-05-17 15:07:40,097 : INFO : EventManager : Event: ======'timer_spinner_inactivity_stopped'====== Args={'ticks': 0, 'ticks_remaining': 1}
2026-05-17 15:07:40,097 : INFO : EventManager : Event: ======'timer_spinner_inactivity_complete'====== Args={'ticks': 0, 'ticks_remaining': 1}
2026-05-17 15:07:40,097 : INFO : EventManager : Event: ======'player_pilot_mission_qualifier_spinner_shot_timeout_tick'====== Args={'value': 2, 'prev_value': 1, 'change': 1, 'player_num': 1}
2026-05-17 15:07:40,097 : INFO : Timer.spinner_shot_timeout : Timer Complete
2026-05-17 15:07:40,097 : INFO : Timer.spinner_shot_timeout : Stopping Timer
2026-05-17 15:07:40,097 : INFO : EventManager : Event: ======'timer_spinner_shot_timeout_stopped'====== Args={'ticks': 2, 'ticks_remaining': 1}
2026-05-17 15:07:40,097 : INFO : EventManager : Event: ======'timer_spinner_shot_timeout_complete'====== Args={'ticks': 2, 'ticks_remaining': 1}
2026-05-17 15:07:40,098 : INFO : EventManager : Event: ======'player_spinner_count'====== Args={'value': 0, 'prev_value': 3, 'change': -3, 'player_num': 1, 'source': 'base'}
2026-05-17 15:07:40,098 : INFO : EventManager : Event: ======'player_spinner_spin_count'====== Args={'value': 0, 'prev_value': 3, 'change': -3, 'player_num': 1, 'source': 'pilot_mission_qualifier'}
2026-05-17 15:07:40,098 : INFO : EventManager : Event: ======'player_spinner_shot_locked'====== Args={'value': 0, 'prev_value': 1, 'change': -1, 'player_num': 1, 'source': 'base'}
2026-05-17 15:07:40,519 : INFO : EventManager : Event: ======'player_ball_save_ball_save_countdown_tick'====== Args={'value': 11, 'prev_value': 12, 'change': -1, 'player_num': 1}
2026-05-17 15:07:40,520 : INFO : EventManager : Event: ======'timer_ball_save_countdown_tick'====== Args={'ticks': 11, 'ticks_remaining': 11}
2026-05-17 15:07:40,520 : INFO : EventManager : Event: ======'ball_save_flash_slow'====== Args={'priority': 0}
2026-05-17 15:07:40,520 : INFO : EventManager : Event: ======'player_ball_save_time_remaining'====== Args={'value': 11, 'prev_value': 12, 'change': -1, 'player_num': 1, 'source': 'ball_save'}
2026-05-17 15:07:40,660 : INFO : EventManager : Event: ======'topgun_queue_show_1'====== Args={'priority': 0}
2026-05-17 15:07:40,660 : INFO : EventManager : Event: ======'player_topgun_skip_video'====== Args={'value': 0, 'prev_value': 1, 'change': -1, 'player_num': 1, 'source': 'pilot_mission_qualifier'}
2026-05-17 15:07:41,519 : INFO : EventManager : Event: ======'player_ball_save_ball_save_countdown_tick'====== Args={'value': 10, 'prev_value': 11, 'change': -1, 'player_num': 1}
2026-05-17 15:07:41,519 : INFO : EventManager : Event: ======'timer_ball_save_countdown_tick'====== Args={'ticks': 10, 'ticks_remaining': 10}
2026-05-17 15:07:41,520 : INFO : EventManager : Event: ======'ball_save_flash_slow'====== Args={'priority': 0}
2026-05-17 15:07:41,520 : INFO : EventManager : Event: ======'player_ball_save_time_remaining'====== Args={'value': 10, 'prev_value': 11, 'change': -1, 'player_num': 1, 'source': 'ball_save'}
2026-05-17 15:07:42,209 : INFO : EventManager : Event: ======'slide_ejection_seat_qualified_removed'====== Args={'_from_bcp': True}
2026-05-17 15:07:42,219 : INFO : EventManager : Event: ======'start_bg_video'====== Args={'_from_bcp': True}
2026-05-17 15:07:42,219 : INFO : EventManager : Event: ======'new_video'====== Args={'_from_bcp': True}
2026-05-17 15:07:42,499 : INFO : EventManager : Event: ======'player_pilot_mission_qualifier_skillshot_video_running_tick'====== Args={'value': 1, 'prev_value': 0, 'change': 1, 'player_num': 1}
2026-05-17 15:07:42,499 : INFO : Timer.skillshot_video_running : Timer Complete
2026-05-17 15:07:42,499 : INFO : Timer.skillshot_video_running : Stopping Timer
2026-05-17 15:07:42,499 : INFO : EventManager : Event: ======'timer_skillshot_video_running_stopped'====== Args={'ticks': 1, 'ticks_remaining': 1}
2026-05-17 15:07:42,499 : INFO : EventManager : Event: ======'timer_skillshot_video_running_complete'====== Args={'ticks': 1, 'ticks_remaining': 1}
2026-05-17 15:07:42,530 : INFO : EventManager : Event: ======'player_ball_save_ball_save_countdown_tick'====== Args={'value': 9, 'prev_value': 10, 'change': -1, 'player_num': 1}
2026-05-17 15:07:42,530 : INFO : EventManager : Event: ======'timer_ball_save_countdown_tick'====== Args={'ticks': 9, 'ticks_remaining': 9}
2026-05-17 15:07:42,531 : INFO : EventManager : Event: ======'ball_save_flash_slow'====== Args={'priority': 0}
2026-05-17 15:07:42,532 : INFO : EventManager : Event: ======'player_ball_save_time_remaining'====== Args={'value': 9, 'prev_value': 10, 'change': -1, 'player_num': 1, 'source': 'ball_save'}
2026-05-17 15:07:43,518 : INFO : EventManager : Event: ======'player_ball_save_ball_save_countdown_tick'====== Args={'value': 8, 'prev_value': 9, 'change': -1, 'player_num': 1}
2026-05-17 15:07:43,518 : INFO : EventManager : Event: ======'timer_ball_save_countdown_tick'====== Args={'ticks': 8, 'ticks_remaining': 8}
2026-05-17 15:07:43,519 : INFO : EventManager : Event: ======'ball_save_flash_medium_slow'====== Args={'priority': 0}
2026-05-17 15:07:43,519 : INFO : EventManager : Event: ======'player_ball_save_time_remaining'====== Args={'value': 8, 'prev_value': 9, 'change': -1, 'player_num': 1, 'source': 'ball_save'}
2026-05-17 15:07:43,735 : INFO : SwitchController : <<<<<<< 's_lane_left' active >>>>>>>
2026-05-17 15:07:43,735 : INFO : EventManager : Event: ======'s_lane_left_active'====== Args={}
2026-05-17 15:07:43,735 : INFO : EventManager : Event: ======'sw_playfield_active'====== Args={}
2026-05-17 15:07:43,736 : INFO : EventManager : Event: ======'sw_playfield_active'====== Args={}
2026-05-17 15:07:43,736 : INFO : EventManager : Event: ======'machine_var_audits_switches_s_lane_left'====== Args={'value': 2640, 'prev_value': 2639, 'change': 1}
2026-05-17 15:07:43,737 : INFO : EventManager : Event: ======'sneaky_shot_hit'====== Args={'priority': 0}
2026-05-17 15:07:43,737 : INFO : EventManager : Event: ======'hd_start_qualified_mode'====== Args={'priority': 0}
2026-05-17 15:07:43,737 : INFO : EventManager : Event: ======'player_hd_sw_lane_left'====== Args={'value': 1, 'prev_value': 0, 'change': 1, 'player_num': 1, 'source': 'hard_deck_qualifiers'}
2026-05-17 15:07:43,737 : INFO : EventManager : Event: ======'player_score'====== Args={'value': 362000, 'prev_value': 357000, 'change': 5000, 'player_num': 1, 'source': 'base'}
2026-05-17 15:07:43,737 : INFO : EventManager : Event: ======'player_bonus_switches_count'====== Args={'value': 43, 'prev_value': 42, 'change': 1, 'player_num': 1, 'source': 'base'}
2026-05-17 15:07:43,739 : INFO : EventManager : Event: ======'start_mode_hard_deck_charlie'====== Args={'priority': 0}
2026-05-17 15:07:43,739 : INFO : EventManager : Event: ======'mode_hard_deck_charlie_will_start'====== Args={'priority': 0}
2026-05-17 15:07:43,739 : INFO : EventManager : Event: ======'player_hard_deck_charlie_hard_deck_charlie_intro_video_delay_tick'====== Args={'value': 0, 'prev_value': 0, 'change': 0, 'player_num': 1}
2026-05-17 15:07:43,739 : INFO : EventManager : Unordered handler for class ConfigPlayer.event_player/events on event mode_hard_deck_charlie_started with priority 200. Handlers: [RegisteredHandler(callback=<bound method ConfigPlayer.config_play_callback of ConfigPlayer.event_player/events>, priority=200, kwargs={'calling_context': 'mode_hard_deck_charlie_started', 'mode': <Mode.pilot_mission_qualifier>, 'settings': {'ball_search_reset': [{'condition': None, 'number': None, 'priority': 0, 'params': {}}], 'ball_search_block': [{'condition': None, 'number': None, 'priority': 0, 'params': {}}]}}, key=UUID('9a9c0cbf-ce0b-4c1a-bd02-6360fa1a50a8'), condition=None, blocking_facility=None), RegisteredHandler(callback=<bound method ConfigPlayer.config_play_callback of ConfigPlayer.event_player/events>, priority=200, kwargs={'calling_context': 'mode_hard_deck_charlie_started', 'mode': <Mode.iceman_letters>, 'settings': {'stop_all_training_pulse_shows': [{'condition': None, 'number': None, 'priority': 0, 'params': {}}]}}, key=UUID('2e22d7db-295e-4614-8c6c-ff6e9b6f21d1'), condition=None, blocking_facility=None), RegisteredHandler(callback=<bound method ConfigPlayer.config_play_callback of ConfigPlayer.event_player/events>, priority=200, kwargs={'calling_context': 'mode_hard_deck_charlie_started', 'mode': <Mode.hard_deck_qualifiers>, 'settings': {'hd_stop_pulse_show': [{'condition': None, 'number': None, 'priority': 0, 'params': {}}]}}, key=UUID('bb3d3265-10af-43c4-ab27-ac64ace99fee'), condition=None, blocking_facility=None)]. The order of those handlers is not defined and they will be executed in random order. This might lead to race conditions and potential bugs.
2026-05-17 15:07:43,739 : INFO : EventManager : Unordered handler for class ConfigPlayer.event_player/events on event mode_hard_deck_charlie_started with priority 200. Handlers: [RegisteredHandler(callback=<bound method ConfigPlayer.config_play_callback of ConfigPlayer.event_player/events>, priority=200, kwargs={'calling_context': 'mode_hard_deck_charlie_started', 'mode': <Mode.pilot_mission_qualifier>, 'settings': {'ball_search_reset': [{'condition': None, 'number': None, 'priority': 0, 'params': {}}], 'ball_search_block': [{'condition': None, 'number': None, 'priority': 0, 'params': {}}]}}, key=UUID('9a9c0cbf-ce0b-4c1a-bd02-6360fa1a50a8'), condition=None, blocking_facility=None), RegisteredHandler(callback=<bound method ConfigPlayer.config_play_callback of ConfigPlayer.event_player/events>, priority=200, kwargs={'calling_context': 'mode_hard_deck_charlie_started', 'mode': <Mode.iceman_letters>, 'settings': {'stop_all_training_pulse_shows': [{'condition': None, 'number': None, 'priority': 0, 'params': {}}]}}, key=UUID('2e22d7db-295e-4614-8c6c-ff6e9b6f21d1'), condition=None, blocking_facility=None), RegisteredHandler(callback=<bound method ConfigPlayer.config_play_callback of ConfigPlayer.event_player/events>, priority=200, kwargs={'calling_context': 'mode_hard_deck_charlie_started', 'mode': <Mode.hard_deck_qualifiers>, 'settings': {'hd_stop_pulse_show': [{'condition': None, 'number': None, 'priority': 0, 'params': {}}]}}, key=UUID('bb3d3265-10af-43c4-ab27-ac64ace99fee'), condition=None, blocking_facility=None)]. The order of those handlers is not defined and they will be executed in random order. This might lead to race conditions and potential bugs.
2026-05-17 15:07:43,739 : INFO : EventManager : Event: ======'player_hard_deck_charlie_hard_deck_charlie_timer_tick'====== Args={'value': 150, 'prev_value': 0, 'change': 150, 'player_num': 1}
2026-05-17 15:07:43,740 : INFO : EventManager : Event: ======'player_hard_deck_charlie_hard_deck_charlie_stage_1_decision_timer_tick'====== Args={'value': 10, 'prev_value': 0, 'change': 10, 'player_num': 1}
2026-05-17 15:07:43,740 : INFO : EventManager : Event: ======'player_hard_deck_charlie_hard_deck_charlie_stage_1_failed_delay_tick'====== Args={'value': 0, 'prev_value': 0, 'change': 0, 'player_num': 1}
2026-05-17 15:07:43,740 : INFO : EventManager : Unordered handler for class ConfigPlayer.event_player/events on event mode_hard_deck_charlie_started with priority 200. Handlers: [RegisteredHandler(callback=<bound method ConfigPlayer.config_play_callback of ConfigPlayer.event_player/events>, priority=200, kwargs={'calling_context': 'mode_hard_deck_charlie_started', 'mode': <Mode.pilot_mission_qualifier>, 'settings': {'ball_search_reset': [{'condition': None, 'number': None, 'priority': 0, 'params': {}}], 'ball_search_block': [{'condition': None, 'number': None, 'priority': 0, 'params': {}}]}}, key=UUID('9a9c0cbf-ce0b-4c1a-bd02-6360fa1a50a8'), condition=None, blocking_facility=None), RegisteredHandler(callback=<bound method ConfigPlayer.config_play_callback of ConfigPlayer.event_player/events>, priority=200, kwargs={'calling_context': 'mode_hard_deck_charlie_started', 'mode': <Mode.iceman_letters>, 'settings': {'stop_all_training_pulse_shows': [{'condition': None, 'number': None, 'priority': 0, 'params': {}}]}}, key=UUID('2e22d7db-295e-4614-8c6c-ff6e9b6f21d1'), condition=None, blocking_facility=None), RegisteredHandler(callback=<bound method ConfigPlayer.config_play_callback of ConfigPlayer.event_player/events>, priority=200, kwargs={'calling_context': 'mode_hard_deck_charlie_started', 'mode': <Mode.hard_deck_qualifiers>, 'settings': {'hd_stop_pulse_show': [{'condition': None, 'number': None, 'priority': 0, 'params': {}}]}}, key=UUID('bb3d3265-10af-43c4-ab27-ac64ace99fee'), condition=None, blocking_facility=None)]. The order of those handlers is not defined and they will be executed in random order. This might lead to race conditions and potential bugs.
2026-05-17 15:07:43,741 : INFO : EventManager : Unordered handler for class ConfigPlayer.event_player/events on event mode_hard_deck_charlie_started with priority 200. Handlers: [RegisteredHandler(callback=<bound method ConfigPlayer.config_play_callback of ConfigPlayer.event_player/events>, priority=200, kwargs={'calling_context': 'mode_hard_deck_charlie_started', 'mode': <Mode.pilot_mission_qualifier>, 'settings': {'ball_search_reset': [{'condition': None, 'number': None, 'priority': 0, 'params': {}}], 'ball_search_block': [{'condition': None, 'number': None, 'priority': 0, 'params': {}}]}}, key=UUID('9a9c0cbf-ce0b-4c1a-bd02-6360fa1a50a8'), condition=None, blocking_facility=None), RegisteredHandler(callback=<bound method ConfigPlayer.config_play_callback of ConfigPlayer.event_player/events>, priority=200, kwargs={'calling_context': 'mode_hard_deck_charlie_started', 'mode': <Mode.iceman_letters>, 'settings': {'stop_all_training_pulse_shows': [{'condition': None, 'number': None, 'priority': 0, 'params': {}}]}}, key=UUID('2e22d7db-295e-4614-8c6c-ff6e9b6f21d1'), condition=None, blocking_facility=None), RegisteredHandler(callback=<bound method ConfigPlayer.config_play_callback of ConfigPlayer.event_player/events>, priority=200, kwargs={'calling_context': 'mode_hard_deck_charlie_started', 'mode': <Mode.hard_deck_qualifiers>, 'settings': {'hd_stop_pulse_show': [{'condition': None, 'number': None, 'priority': 0, 'params': {}}]}}, key=UUID('bb3d3265-10af-43c4-ab27-ac64ace99fee'), condition=None, blocking_facility=None)]. The order of those handlers is not defined and they will be executed in random order. This might lead to race conditions and potential bugs.
2026-05-17 15:07:43,741 : INFO : EventManager : Unordered handler for class ConfigPlayer.event_player/events on event mode_hard_deck_charlie_started with priority 200. Handlers: [RegisteredHandler(callback=<bound method ConfigPlayer.config_play_callback of ConfigPlayer.event_player/events>, priority=200, kwargs={'calling_context': 'mode_hard_deck_charlie_started', 'mode': <Mode.pilot_mission_qualifier>, 'settings': {'ball_search_reset': [{'condition': None, 'number': None, 'priority': 0, 'params': {}}], 'ball_search_block': [{'condition': None, 'number': None, 'priority': 0, 'params': {}}]}}, key=UUID('9a9c0cbf-ce0b-4c1a-bd02-6360fa1a50a8'), condition=None, blocking_facility=None), RegisteredHandler(callback=<bound method ConfigPlayer.config_play_callback of ConfigPlayer.event_player/events>, priority=200, kwargs={'calling_context': 'mode_hard_deck_charlie_started', 'mode': <Mode.iceman_letters>, 'settings': {'stop_all_training_pulse_shows': [{'condition': None, 'number': None, 'priority': 0, 'params': {}}]}}, key=UUID('2e22d7db-295e-4614-8c6c-ff6e9b6f21d1'), condition=None, blocking_facility=None), RegisteredHandler(callback=<bound method ConfigPlayer.config_play_callback of ConfigPlayer.event_player/events>, priority=200, kwargs={'calling_context': 'mode_hard_deck_charlie_started', 'mode': <Mode.hard_deck_qualifiers>, 'settings': {'hd_stop_pulse_show': [{'condition': None, 'number': None, 'priority': 0, 'params': {}}]}}, key=UUID('bb3d3265-10af-43c4-ab27-ac64ace99fee'), condition=None, blocking_facility=None)]. The order of those handlers is not defined and they will be executed in random order. This might lead to race conditions and potential bugs.
2026-05-17 15:07:43,741 : INFO : EventManager : Unordered handler for class ConfigPlayer.event_player/events on event mode_hard_deck_charlie_started with priority 200. Handlers: [RegisteredHandler(callback=<bound method ConfigPlayer.config_play_callback of ConfigPlayer.event_player/events>, priority=200, kwargs={'calling_context': 'mode_hard_deck_charlie_started', 'mode': <Mode.pilot_mission_qualifier>, 'settings': {'ball_search_reset': [{'condition': None, 'number': None, 'priority': 0, 'params': {}}], 'ball_search_block': [{'condition': None, 'number': None, 'priority': 0, 'params': {}}]}}, key=UUID('9a9c0cbf-ce0b-4c1a-bd02-6360fa1a50a8'), condition=None, blocking_facility=None), RegisteredHandler(callback=<bound method ConfigPlayer.config_play_callback of ConfigPlayer.event_player/events>, priority=200, kwargs={'calling_context': 'mode_hard_deck_charlie_started', 'mode': <Mode.iceman_letters>, 'settings': {'stop_all_training_pulse_shows': [{'condition': None, 'number': None, 'priority': 0, 'params': {}}]}}, key=UUID('2e22d7db-295e-4614-8c6c-ff6e9b6f21d1'), condition=None, blocking_facility=None), RegisteredHandler(callback=<bound method ConfigPlayer.config_play_callback of ConfigPlayer.event_player/events>, priority=200, kwargs={'calling_context': 'mode_hard_deck_charlie_started', 'mode': <Mode.hard_deck_qualifiers>, 'settings': {'hd_stop_pulse_show': [{'condition': None, 'number': None, 'priority': 0, 'params': {}}]}}, key=UUID('bb3d3265-10af-43c4-ab27-ac64ace99fee'), condition=None, blocking_facility=None)]. The order of those handlers is not defined and they will be executed in random order. This might lead to race conditions and potential bugs.
2026-05-17 15:07:43,743 : INFO : EventManager : Unordered handler for class ConfigPlayer.variable_player/variables on event mode_hard_deck_charlie_stopped with priority 200. Handlers: [RegisteredHandler(callback=<bound method ConfigPlayer.config_play_callback of ConfigPlayer.variable_player/variables>, priority=200, kwargs={'calling_context': 'mode_hard_deck_charlie_stopped', 'mode': <Mode.pilot_mission_qualifier>, 'settings': {'letter_collection_paused': {'action': 'set', 'int': <NativeTemplate 0>, 'priority': 0, 'float': None, 'string': None, 'block': False, 'player': None, 'condition': None}, 'hard_deck_active': {'action': 'set', 'int': <NativeTemplate 0>, 'priority': 0, 'float': None, 'string': None, 'block': False, 'player': None, 'condition': None}}}, key=UUID('5e370124-77cf-46f7-ad59-9ad36ca2b278'), condition=None, blocking_facility=None), RegisteredHandler(callback=<bound method ConfigPlayer.config_play_callback of ConfigPlayer.variable_player/variables>, priority=200, kwargs={'calling_context': 'mode_hard_deck_charlie_stopped', 'mode': <Mode.hard_deck_qualifiers>, 'settings': {'hard_deck_active': {'action': 'set', 'int': <NativeTemplate 0>, 'priority': 0, 'float': None, 'string': None, 'block': False, 'player': None, 'condition': None}, 'letter_collection_paused': {'action': 'set', 'int': <NativeTemplate 0>, 'priority': 0, 'float': None, 'string': None, 'block': False, 'player': None, 'condition': None}}}, key=UUID('7d42576f-f538-4060-aa90-0c0592fa30ba'), condition=None, blocking_facility=None)]. The order of those handlers is not defined and they will be executed in random order. This might lead to race conditions and potential bugs.
2026-05-17 15:07:43,743 : INFO : EventManager : Unordered handler for class ConfigPlayer.event_player/events on event mode_hard_deck_charlie_started with priority 200. Handlers: [RegisteredHandler(callback=<bound method ConfigPlayer.config_play_callback of ConfigPlayer.event_player/events>, priority=200, kwargs={'calling_context': 'mode_hard_deck_charlie_started', 'mode': <Mode.pilot_mission_qualifier>, 'settings': {'ball_search_reset': [{'condition': None, 'number': None, 'priority': 0, 'params': {}}], 'ball_search_block': [{'condition': None, 'number': None, 'priority': 0, 'params': {}}]}}, key=UUID('9a9c0cbf-ce0b-4c1a-bd02-6360fa1a50a8'), condition=None, blocking_facility=None), RegisteredHandler(callback=<bound method ConfigPlayer.config_play_callback of ConfigPlayer.event_player/events>, priority=200, kwargs={'calling_context': 'mode_hard_deck_charlie_started', 'mode': <Mode.iceman_letters>, 'settings': {'stop_all_training_pulse_shows': [{'condition': None, 'number': None, 'priority': 0, 'params': {}}]}}, key=UUID('2e22d7db-295e-4614-8c6c-ff6e9b6f21d1'), condition=None, blocking_facility=None), RegisteredHandler(callback=<bound method ConfigPlayer.config_play_callback of ConfigPlayer.event_player/events>, priority=200, kwargs={'calling_context': 'mode_hard_deck_charlie_started', 'mode': <Mode.hard_deck_qualifiers>, 'settings': {'hd_stop_pulse_show': [{'condition': None, 'number': None, 'priority': 0, 'params': {}}]}}, key=UUID('bb3d3265-10af-43c4-ab27-ac64ace99fee'), condition=None, blocking_facility=None)]. The order of those handlers is not defined and they will be executed in random order. This might lead to race conditions and potential bugs.
2026-05-17 15:07:43,744 : INFO : EventManager : Unordered handler for class ConfigPlayer.event_player/events on event mode_hard_deck_charlie_started with priority 200. Handlers: [RegisteredHandler(callback=<bound method ConfigPlayer.config_play_callback of ConfigPlayer.event_player/events>, priority=200, kwargs={'calling_context': 'mode_hard_deck_charlie_started', 'mode': <Mode.pilot_mission_qualifier>, 'settings': {'ball_search_reset': [{'condition': None, 'number': None, 'priority': 0, 'params': {}}], 'ball_search_block': [{'condition': None, 'number': None, 'priority': 0, 'params': {}}]}}, key=UUID('9a9c0cbf-ce0b-4c1a-bd02-6360fa1a50a8'), condition=None, blocking_facility=None), RegisteredHandler(callback=<bound method ConfigPlayer.config_play_callback of ConfigPlayer.event_player/events>, priority=200, kwargs={'calling_context': 'mode_hard_deck_charlie_started', 'mode': <Mode.iceman_letters>, 'settings': {'stop_all_training_pulse_shows': [{'condition': None, 'number': None, 'priority': 0, 'params': {}}]}}, key=UUID('2e22d7db-295e-4614-8c6c-ff6e9b6f21d1'), condition=None, blocking_facility=None), RegisteredHandler(callback=<bound method ConfigPlayer.config_play_callback of ConfigPlayer.event_player/events>, priority=200, kwargs={'calling_context': 'mode_hard_deck_charlie_started', 'mode': <Mode.hard_deck_qualifiers>, 'settings': {'hd_stop_pulse_show': [{'condition': None, 'number': None, 'priority': 0, 'params': {}}]}}, key=UUID('bb3d3265-10af-43c4-ab27-ac64ace99fee'), condition=None, blocking_facility=None)]. The order of those handlers is not defined and they will be executed in random order. This might lead to race conditions and potential bugs.
2026-05-17 15:07:43,744 : INFO : EventManager : Unordered handler for class ConfigPlayer.variable_player/variables on event mode_hard_deck_charlie_stopped with priority 200. Handlers: [RegisteredHandler(callback=<bound method ConfigPlayer.config_play_callback of ConfigPlayer.variable_player/variables>, priority=200, kwargs={'calling_context': 'mode_hard_deck_charlie_stopped', 'mode': <Mode.pilot_mission_qualifier>, 'settings': {'letter_collection_paused': {'action': 'set', 'int': <NativeTemplate 0>, 'priority': 0, 'float': None, 'string': None, 'block': False, 'player': None, 'condition': None}, 'hard_deck_active': {'action': 'set', 'int': <NativeTemplate 0>, 'priority': 0, 'float': None, 'string': None, 'block': False, 'player': None, 'condition': None}}}, key=UUID('5e370124-77cf-46f7-ad59-9ad36ca2b278'), condition=None, blocking_facility=None), RegisteredHandler(callback=<bound method ConfigPlayer.config_play_callback of ConfigPlayer.variable_player/variables>, priority=200, kwargs={'calling_context': 'mode_hard_deck_charlie_stopped', 'mode': <Mode.hard_deck_qualifiers>, 'settings': {'hard_deck_active': {'action': 'set', 'int': <NativeTemplate 0>, 'priority': 0, 'float': None, 'string': None, 'block': False, 'player': None, 'condition': None}, 'letter_collection_paused': {'action': 'set', 'int': <NativeTemplate 0>, 'priority': 0, 'float': None, 'string': None, 'block': False, 'player': None, 'condition': None}}}, key=UUID('7d42576f-f538-4060-aa90-0c0592fa30ba'), condition=None, blocking_facility=None)]. The order of those handlers is not defined and they will be executed in random order. This might lead to race conditions and potential bugs.
2026-05-17 15:07:43,744 : INFO : EventManager : Unordered handler for class ConfigPlayer.variable_player/variables on event mode_hard_deck_charlie_stopped with priority 200. Handlers: [RegisteredHandler(callback=<bound method ConfigPlayer.config_play_callback of ConfigPlayer.variable_player/variables>, priority=200, kwargs={'calling_context': 'mode_hard_deck_charlie_stopped', 'mode': <Mode.pilot_mission_qualifier>, 'settings': {'letter_collection_paused': {'action': 'set', 'int': <NativeTemplate 0>, 'priority': 0, 'float': None, 'string': None, 'block': False, 'player': None, 'condition': None}, 'hard_deck_active': {'action': 'set', 'int': <NativeTemplate 0>, 'priority': 0, 'float': None, 'string': None, 'block': False, 'player': None, 'condition': None}}}, key=UUID('5e370124-77cf-46f7-ad59-9ad36ca2b278'), condition=None, blocking_facility=None), RegisteredHandler(callback=<bound method ConfigPlayer.config_play_callback of ConfigPlayer.variable_player/variables>, priority=200, kwargs={'calling_context': 'mode_hard_deck_charlie_stopped', 'mode': <Mode.hard_deck_qualifiers>, 'settings': {'hard_deck_active': {'action': 'set', 'int': <NativeTemplate 0>, 'priority': 0, 'float': None, 'string': None, 'block': False, 'player': None, 'condition': None}, 'letter_collection_paused': {'action': 'set', 'int': <NativeTemplate 0>, 'priority': 0, 'float': None, 'string': None, 'block': False, 'player': None, 'condition': None}}}, key=UUID('7d42576f-f538-4060-aa90-0c0592fa30ba'), condition=None, blocking_facility=None)]. The order of those handlers is not defined and they will be executed in random order. This might lead to race conditions and potential bugs.
2026-05-17 15:07:43,745 : INFO : EventManager : Unordered handler for class ConfigPlayer.event_player/events on event mode_hard_deck_charlie_started with priority 200. Handlers: [RegisteredHandler(callback=<bound method ConfigPlayer.config_play_callback of ConfigPlayer.event_player/events>, priority=200, kwargs={'calling_context': 'mode_hard_deck_charlie_started', 'mode': <Mode.pilot_mission_qualifier>, 'settings': {'ball_search_reset': [{'condition': None, 'number': None, 'priority': 0, 'params': {}}], 'ball_search_block': [{'condition': None, 'number': None, 'priority': 0, 'params': {}}]}}, key=UUID('9a9c0cbf-ce0b-4c1a-bd02-6360fa1a50a8'), condition=None, blocking_facility=None), RegisteredHandler(callback=<bound method ConfigPlayer.config_play_callback of ConfigPlayer.event_player/events>, priority=200, kwargs={'calling_context': 'mode_hard_deck_charlie_started', 'mode': <Mode.iceman_letters>, 'settings': {'stop_all_training_pulse_shows': [{'condition': None, 'number': None, 'priority': 0, 'params': {}}]}}, key=UUID('2e22d7db-295e-4614-8c6c-ff6e9b6f21d1'), condition=None, blocking_facility=None), RegisteredHandler(callback=<bound method ConfigPlayer.config_play_callback of ConfigPlayer.event_player/events>, priority=200, kwargs={'calling_context': 'mode_hard_deck_charlie_started', 'mode': <Mode.hard_deck_qualifiers>, 'settings': {'hd_stop_pulse_show': [{'condition': None, 'number': None, 'priority': 0, 'params': {}}]}}, key=UUID('bb3d3265-10af-43c4-ab27-ac64ace99fee'), condition=None, blocking_facility=None)]. The order of those handlers is not defined and they will be executed in random order. This might lead to race conditions and potential bugs.
2026-05-17 15:07:43,745 : INFO : EventManager : Unordered handler for class ConfigPlayer.event_player/events on event mode_hard_deck_charlie_started with priority 200. Handlers: [RegisteredHandler(callback=<bound method ConfigPlayer.config_play_callback of ConfigPlayer.event_player/events>, priority=200, kwargs={'calling_context': 'mode_hard_deck_charlie_started', 'mode': <Mode.pilot_mission_qualifier>, 'settings': {'ball_search_reset': [{'condition': None, 'number': None, 'priority': 0, 'params': {}}], 'ball_search_block': [{'condition': None, 'number': None, 'priority': 0, 'params': {}}]}}, key=UUID('9a9c0cbf-ce0b-4c1a-bd02-6360fa1a50a8'), condition=None, blocking_facility=None), RegisteredHandler(callback=<bound method ConfigPlayer.config_play_callback of ConfigPlayer.event_player/events>, priority=200, kwargs={'calling_context': 'mode_hard_deck_charlie_started', 'mode': <Mode.iceman_letters>, 'settings': {'stop_all_training_pulse_shows': [{'condition': None, 'number': None, 'priority': 0, 'params': {}}]}}, key=UUID('2e22d7db-295e-4614-8c6c-ff6e9b6f21d1'), condition=None, blocking_facility=None), RegisteredHandler(callback=<bound method ConfigPlayer.config_play_callback of ConfigPlayer.event_player/events>, priority=200, kwargs={'calling_context': 'mode_hard_deck_charlie_started', 'mode': <Mode.hard_deck_qualifiers>, 'settings': {'hd_stop_pulse_show': [{'condition': None, 'number': None, 'priority': 0, 'params': {}}]}}, key=UUID('bb3d3265-10af-43c4-ab27-ac64ace99fee'), condition=None, blocking_facility=None)]. The order of those handlers is not defined and they will be executed in random order. This might lead to race conditions and potential bugs.
2026-05-17 15:07:43,745 : INFO : EventManager : Unordered handler for class ConfigPlayer.variable_player/variables on event ball_will_end with priority 200. Handlers: [RegisteredHandler(callback=<bound method ConfigPlayer.config_play_callback of ConfigPlayer.variable_player/variables>, priority=200, kwargs={'calling_context': 'ball_will_end', 'mode': <Mode.pilot_mission_qualifier>, 'settings': {'mystery_just_lit_pilot': {'action': 'set', 'int': <NativeTemplate 0>, 'priority': 0, 'float': None, 'string': None, 'block': False, 'player': None, 'condition': None}, 'scoop_release_pending': {'action': 'set', 'int': <NativeTemplate 0>, 'priority': 0, 'float': None, 'string': None, 'block': False, 'player': None, 'condition': None}}}, key=UUID('323391e8-925d-4139-9300-d01a33129726'), condition=None, blocking_facility=None), RegisteredHandler(callback=<bound method ConfigPlayer.config_play_callback of ConfigPlayer.variable_player/variables>, priority=200, kwargs={'calling_context': 'ball_will_end', 'mode': <Mode.mig_letters>, 'settings': {'mig_letter_m': {'action': 'set', 'int': <NativeTemplate 0>, 'priority': 0, 'float': None, 'string': None, 'block': False, 'player': None, 'condition': None}, 'mig_letter_i': {'action': 'set', 'int': <NativeTemplate 0>, 'priority': 0, 'float': None, 'string': None, 'block': False, 'player': None, 'condition': None}, 'mig_letter_g': {'action': 'set', 'int': <NativeTemplate 0>, 'priority': 0, 'float': None, 'string': None, 'block': False, 'player': None, 'condition': None}, 'mig_completing': {'action': 'set', 'int': <NativeTemplate 0>, 'priority': 0, 'float': None, 'string': None, 'block': False, 'player': None, 'condition': None}}}, key=UUID('b601b64f-41ad-48d1-9ed8-b821e36d412b'), condition=None, blocking_facility=None)]. The order of those handlers is not defined and they will be executed in random order. This might lead to race conditions and potential bugs.
2026-05-17 15:07:43,745 : INFO : EventManager : Unordered handler for class ConfigPlayer.event_player/events on event mode_hard_deck_charlie_started with priority 200. Handlers: [RegisteredHandler(callback=<bound method ConfigPlayer.config_play_callback of ConfigPlayer.event_player/events>, priority=200, kwargs={'calling_context': 'mode_hard_deck_charlie_started', 'mode': <Mode.pilot_mission_qualifier>, 'settings': {'ball_search_reset': [{'condition': None, 'number': None, 'priority': 0, 'params': {}}], 'ball_search_block': [{'condition': None, 'number': None, 'priority': 0, 'params': {}}]}}, key=UUID('9a9c0cbf-ce0b-4c1a-bd02-6360fa1a50a8'), condition=None, blocking_facility=None), RegisteredHandler(callback=<bound method ConfigPlayer.config_play_callback of ConfigPlayer.event_player/events>, priority=200, kwargs={'calling_context': 'mode_hard_deck_charlie_started', 'mode': <Mode.iceman_letters>, 'settings': {'stop_all_training_pulse_shows': [{'condition': None, 'number': None, 'priority': 0, 'params': {}}]}}, key=UUID('2e22d7db-295e-4614-8c6c-ff6e9b6f21d1'), condition=None, blocking_facility=None), RegisteredHandler(callback=<bound method ConfigPlayer.config_play_callback of ConfigPlayer.event_player/events>, priority=200, kwargs={'calling_context': 'mode_hard_deck_charlie_started', 'mode': <Mode.hard_deck_qualifiers>, 'settings': {'hd_stop_pulse_show': [{'condition': None, 'number': None, 'priority': 0, 'params': {}}]}}, key=UUID('bb3d3265-10af-43c4-ab27-ac64ace99fee'), condition=None, blocking_facility=None)]. The order of those handlers is not defined and they will be executed in random order. This might lead to race conditions and potential bugs.
2026-05-17 15:07:43,746 : INFO : EventManager : Unordered handler for class ConfigPlayer.event_player/events on event mode_hard_deck_charlie_started with priority 200. Handlers: [RegisteredHandler(callback=<bound method ConfigPlayer.config_play_callback of ConfigPlayer.event_player/events>, priority=200, kwargs={'calling_context': 'mode_hard_deck_charlie_started', 'mode': <Mode.pilot_mission_qualifier>, 'settings': {'ball_search_reset': [{'condition': None, 'number': None, 'priority': 0, 'params': {}}], 'ball_search_block': [{'condition': None, 'number': None, 'priority': 0, 'params': {}}]}}, key=UUID('9a9c0cbf-ce0b-4c1a-bd02-6360fa1a50a8'), condition=None, blocking_facility=None), RegisteredHandler(callback=<bound method ConfigPlayer.config_play_callback of ConfigPlayer.event_player/events>, priority=200, kwargs={'calling_context': 'mode_hard_deck_charlie_started', 'mode': <Mode.iceman_letters>, 'settings': {'stop_all_training_pulse_shows': [{'condition': None, 'number': None, 'priority': 0, 'params': {}}]}}, key=UUID('2e22d7db-295e-4614-8c6c-ff6e9b6f21d1'), condition=None, blocking_facility=None), RegisteredHandler(callback=<bound method ConfigPlayer.config_play_callback of ConfigPlayer.event_player/events>, priority=200, kwargs={'calling_context': 'mode_hard_deck_charlie_started', 'mode': <Mode.hard_deck_qualifiers>, 'settings': {'hd_stop_pulse_show': [{'condition': None, 'number': None, 'priority': 0, 'params': {}}]}}, key=UUID('bb3d3265-10af-43c4-ab27-ac64ace99fee'), condition=None, blocking_facility=None)]. The order of those handlers is not defined and they will be executed in random order. This might lead to race conditions and potential bugs.
2026-05-17 15:07:43,746 : INFO : EventManager : Unordered handler for class ConfigPlayer.variable_player/variables on event mode_hard_deck_charlie_stopped with priority 200. Handlers: [RegisteredHandler(callback=<bound method ConfigPlayer.config_play_callback of ConfigPlayer.variable_player/variables>, priority=200, kwargs={'calling_context': 'mode_hard_deck_charlie_stopped', 'mode': <Mode.pilot_mission_qualifier>, 'settings': {'letter_collection_paused': {'action': 'set', 'int': <NativeTemplate 0>, 'priority': 0, 'float': None, 'string': None, 'block': False, 'player': None, 'condition': None}, 'hard_deck_active': {'action': 'set', 'int': <NativeTemplate 0>, 'priority': 0, 'float': None, 'string': None, 'block': False, 'player': None, 'condition': None}}}, key=UUID('5e370124-77cf-46f7-ad59-9ad36ca2b278'), condition=None, blocking_facility=None), RegisteredHandler(callback=<bound method ConfigPlayer.config_play_callback of ConfigPlayer.variable_player/variables>, priority=200, kwargs={'calling_context': 'mode_hard_deck_charlie_stopped', 'mode': <Mode.hard_deck_qualifiers>, 'settings': {'hard_deck_active': {'action': 'set', 'int': <NativeTemplate 0>, 'priority': 0, 'float': None, 'string': None, 'block': False, 'player': None, 'condition': None}, 'letter_collection_paused': {'action': 'set', 'int': <NativeTemplate 0>, 'priority': 0, 'float': None, 'string': None, 'block': False, 'player': None, 'condition': None}}}, key=UUID('7d42576f-f538-4060-aa90-0c0592fa30ba'), condition=None, blocking_facility=None)]. The order of those handlers is not defined and they will be executed in random order. This might lead to race conditions and potential bugs.
2026-05-17 15:07:43,746 : INFO : EventManager : Unordered handler for class ConfigPlayer.event_player/events on event mode_hard_deck_charlie_started with priority 200. Handlers: [RegisteredHandler(callback=<bound method ConfigPlayer.config_play_callback of ConfigPlayer.event_player/events>, priority=200, kwargs={'calling_context': 'mode_hard_deck_charlie_started', 'mode': <Mode.pilot_mission_qualifier>, 'settings': {'ball_search_reset': [{'condition': None, 'number': None, 'priority': 0, 'params': {}}], 'ball_search_block': [{'condition': None, 'number': None, 'priority': 0, 'params': {}}]}}, key=UUID('9a9c0cbf-ce0b-4c1a-bd02-6360fa1a50a8'), condition=None, blocking_facility=None), RegisteredHandler(callback=<bound method ConfigPlayer.config_play_callback of ConfigPlayer.event_player/events>, priority=200, kwargs={'calling_context': 'mode_hard_deck_charlie_started', 'mode': <Mode.iceman_letters>, 'settings': {'stop_all_training_pulse_shows': [{'condition': None, 'number': None, 'priority': 0, 'params': {}}]}}, key=UUID('2e22d7db-295e-4614-8c6c-ff6e9b6f21d1'), condition=None, blocking_facility=None), RegisteredHandler(callback=<bound method ConfigPlayer.config_play_callback of ConfigPlayer.event_player/events>, priority=200, kwargs={'calling_context': 'mode_hard_deck_charlie_started', 'mode': <Mode.hard_deck_qualifiers>, 'settings': {'hd_stop_pulse_show': [{'condition': None, 'number': None, 'priority': 0, 'params': {}}]}}, key=UUID('bb3d3265-10af-43c4-ab27-ac64ace99fee'), condition=None, blocking_facility=None)]. The order of those handlers is not defined and they will be executed in random order. This might lead to race conditions and potential bugs.
2026-05-17 15:07:43,746 : INFO : EventManager : Unordered handler for class ConfigPlayer.event_player/events on event mode_hard_deck_charlie_started with priority 200. Handlers: [RegisteredHandler(callback=<bound method ConfigPlayer.config_play_callback of ConfigPlayer.event_player/events>, priority=200, kwargs={'calling_context': 'mode_hard_deck_charlie_started', 'mode': <Mode.pilot_mission_qualifier>, 'settings': {'ball_search_reset': [{'condition': None, 'number': None, 'priority': 0, 'params': {}}], 'ball_search_block': [{'condition': None, 'number': None, 'priority': 0, 'params': {}}]}}, key=UUID('9a9c0cbf-ce0b-4c1a-bd02-6360fa1a50a8'), condition=None, blocking_facility=None), RegisteredHandler(callback=<bound method ConfigPlayer.config_play_callback of ConfigPlayer.event_player/events>, priority=200, kwargs={'calling_context': 'mode_hard_deck_charlie_started', 'mode': <Mode.iceman_letters>, 'settings': {'stop_all_training_pulse_shows': [{'condition': None, 'number': None, 'priority': 0, 'params': {}}]}}, key=UUID('2e22d7db-295e-4614-8c6c-ff6e9b6f21d1'), condition=None, blocking_facility=None), RegisteredHandler(callback=<bound method ConfigPlayer.config_play_callback of ConfigPlayer.event_player/events>, priority=200, kwargs={'calling_context': 'mode_hard_deck_charlie_started', 'mode': <Mode.hard_deck_qualifiers>, 'settings': {'hd_stop_pulse_show': [{'condition': None, 'number': None, 'priority': 0, 'params': {}}]}}, key=UUID('bb3d3265-10af-43c4-ab27-ac64ace99fee'), condition=None, blocking_facility=None)]. The order of those handlers is not defined and they will be executed in random order. This might lead to race conditions and potential bugs.
2026-05-17 15:07:43,747 : INFO : EventManager : Unordered handler for class ConfigPlayer.variable_player/variables on event ball_will_end with priority 200. Handlers: [RegisteredHandler(callback=<bound method ConfigPlayer.config_play_callback of ConfigPlayer.variable_player/variables>, priority=200, kwargs={'calling_context': 'ball_will_end', 'mode': <Mode.pilot_mission_qualifier>, 'settings': {'mystery_just_lit_pilot': {'action': 'set', 'int': <NativeTemplate 0>, 'priority': 0, 'float': None, 'string': None, 'block': False, 'player': None, 'condition': None}, 'scoop_release_pending': {'action': 'set', 'int': <NativeTemplate 0>, 'priority': 0, 'float': None, 'string': None, 'block': False, 'player': None, 'condition': None}}}, key=UUID('323391e8-925d-4139-9300-d01a33129726'), condition=None, blocking_facility=None), RegisteredHandler(callback=<bound method ConfigPlayer.config_play_callback of ConfigPlayer.variable_player/variables>, priority=200, kwargs={'calling_context': 'ball_will_end', 'mode': <Mode.mig_letters>, 'settings': {'mig_letter_m': {'action': 'set', 'int': <NativeTemplate 0>, 'priority': 0, 'float': None, 'string': None, 'block': False, 'player': None, 'condition': None}, 'mig_letter_i': {'action': 'set', 'int': <NativeTemplate 0>, 'priority': 0, 'float': None, 'string': None, 'block': False, 'player': None, 'condition': None}, 'mig_letter_g': {'action': 'set', 'int': <NativeTemplate 0>, 'priority': 0, 'float': None, 'string': None, 'block': False, 'player': None, 'condition': None}, 'mig_completing': {'action': 'set', 'int': <NativeTemplate 0>, 'priority': 0, 'float': None, 'string': None, 'block': False, 'player': None, 'condition': None}}}, key=UUID('b601b64f-41ad-48d1-9ed8-b821e36d412b'), condition=None, blocking_facility=None)]. The order of those handlers is not defined and they will be executed in random order. This might lead to race conditions and potential bugs.
2026-05-17 15:07:43,747 : INFO : EventManager : Event: ======'mode_hard_deck_charlie_starting'====== Args={'priority': 0}
2026-05-17 15:07:43,747 : INFO : Mode.hard_deck_charlie : Started. Priority: 600
2026-05-17 15:07:43,747 : INFO : EventManager : Event: ======'modes_active_modes_changed'====== Args={}
2026-05-17 15:07:43,747 : INFO : EventManager : Event: ======'mode_hard_deck_charlie_started'====== Args={'priority': 0}
2026-05-17 15:07:43,748 : INFO : coil.c_left_lane_up_post : Enabling Driver with power 0.25 (pulse_ms 20ms and pulse_power 0.75)
2026-05-17 15:07:43,748 : INFO : EventManager : Event: ======'barrier_raise'====== Args={'priority': 0}
2026-05-17 15:07:43,749 : INFO : EventManager : Event: ======'player_charlie_stage'====== Args={'value': 1, 'prev_value': 0, 'change': 1, 'player_num': 1, 'source': 'hard_deck_charlie'}
2026-05-17 15:07:43,749 : INFO : EventManager : Event: ======'player_charlie_complete_flag'====== Args={'value': 0, 'prev_value': 0, 'change': 0, 'player_num': 1, 'source': 'hard_deck_charlie'}
2026-05-17 15:07:43,749 : INFO : EventManager : Event: ======'player_charlie_timer_ticks'====== Args={'value': 150, 'prev_value': 0, 'change': 150, 'player_num': 1, 'source': 'hard_deck_charlie'}
2026-05-17 15:07:43,749 : INFO : EventManager : Event: ======'player_charlie_shots_remaining'====== Args={'value': 5, 'prev_value': 0, 'change': 5, 'player_num': 1, 'source': 'hard_deck_charlie'}
2026-05-17 15:07:43,749 : INFO : EventManager : Event: ======'player_charlie_stage_1_lo_hit'====== Args={'value': 0, 'prev_value': 0, 'change': 0, 'player_num': 1, 'source': 'hard_deck_charlie'}
2026-05-17 15:07:43,749 : INFO : EventManager : Event: ======'player_charlie_stage_1_lr_hit'====== Args={'value': 0, 'prev_value': 0, 'change': 0, 'player_num': 1, 'source': 'hard_deck_charlie'}
2026-05-17 15:07:43,749 : INFO : EventManager : Event: ======'player_charlie_stage_1_twr_hit'====== Args={'value': 0, 'prev_value': 0, 'change': 0, 'player_num': 1, 'source': 'hard_deck_charlie'}
2026-05-17 15:07:43,749 : INFO : EventManager : Event: ======'player_charlie_stage_1_rr_hit'====== Args={'value': 0, 'prev_value': 0, 'change': 0, 'player_num': 1, 'source': 'hard_deck_charlie'}
2026-05-17 15:07:43,749 : INFO : EventManager : Event: ======'player_charlie_stage_1_shots_made'====== Args={'value': 0, 'prev_value': 0, 'change': 0, 'player_num': 1, 'source': 'hard_deck_charlie'}
2026-05-17 15:07:43,750 : INFO : EventManager : Event: ======'player_charlie_stage_1_final_shot_lit'====== Args={'value': 0, 'prev_value': 0, 'change': 0, 'player_num': 1, 'source': 'hard_deck_charlie'}
2026-05-17 15:07:43,750 : INFO : EventManager : Event: ======'player_mode_points_scored'====== Args={'value': 0, 'prev_value': 200000, 'change': -200000, 'player_num': 1, 'source': 'hard_deck_charlie'}
2026-05-17 15:07:43,750 : INFO : coil.c_mode_barrier : Disabling Driver
2026-05-17 15:07:43,750 : INFO : EventManager : Event: ======'ball_search_reset'====== Args={'priority': 0}
2026-05-17 15:07:43,750 : INFO : EventManager : Event: ======'ball_search_block'====== Args={'priority': 0}
2026-05-17 15:07:43,750 : INFO : EventManager : Event: ======'stop_all_training_pulse_shows'====== Args={'priority': 0}
2026-05-17 15:07:43,750 : INFO : EventManager : Event: ======'hd_stop_pulse_show'====== Args={'priority': 0}
2026-05-17 15:07:43,750 : INFO : EventManager : Event: ======'player_hard_deck_active'====== Args={'value': 1, 'prev_value': 0, 'change': 1, 'player_num': 1, 'source': 'hard_deck_qualifiers'}
2026-05-17 15:07:43,750 : INFO : EventManager : Event: ======'player_letter_collection_paused'====== Args={'value': 1, 'prev_value': 0, 'change': 1, 'player_num': 1, 'source': 'hard_deck_qualifiers'}
2026-05-17 15:07:43,750 : INFO : EventManager : Event: ======'player_hard_deck_qualified_mode'====== Args={'value': 0, 'prev_value': 1, 'change': -1, 'player_num': 1, 'source': 'hard_deck_qualifiers'}
2026-05-17 15:07:43,750 : INFO : EventManager : Event: ======'player_hd_mc_played'====== Args={'value': 1, 'prev_value': 0, 'change': 1, 'player_num': 1, 'source': 'hard_deck_qualifiers'}
2026-05-17 15:07:43,750 : INFO : EventManager : Event: ======'player_hard_deck_missions_played'====== Args={'value': 1, 'prev_value': 0, 'change': 1, 'player_num': 1, 'source': 'hard_deck_qualifiers'}
2026-05-17 15:07:43,750 : INFO : EventManager : Event: ======'player_hard_deck_awards_count'====== Args={'value': 1, 'prev_value': 0, 'change': 1, 'player_num': 1, 'source': 'hard_deck_qualifiers'}
2026-05-17 15:07:43,751 : INFO : Timer.hard_deck_charlie_intro_video_delay : Starting Timer.
2026-05-17 15:07:43,751 : INFO : EventManager : Event: ======'timer_hard_deck_charlie_intro_video_delay_started'====== Args={'ticks': 0, 'ticks_remaining': 90}
2026-05-17 15:07:43,751 : INFO : EventManager : Event: ======'timer_hard_deck_charlie_intro_video_delay_tick'====== Args={'ticks': 0, 'ticks_remaining': 90}
2026-05-17 15:07:43,751 : INFO : coil.c_mode_barrier : Disabling Driver
2026-05-17 15:07:43,751 : INFO : EventManager : Event: ======'player_scoop_release_pending'====== Args={'value': 0, 'prev_value': 0, 'change': 0, 'player_num': 1, 'source': 'pilot_mission_qualifier'}
2026-05-17 15:07:43,751 : INFO : Timer.global_scoop_eject_delay : Stopping Timer
2026-05-17 15:07:43,751 : INFO : EventManager : Event: ======'timer_global_scoop_eject_delay_stopped'====== Args={'ticks': 0, 'ticks_remaining': 0}
2026-05-17 15:07:43,751 : INFO : EventManager : Event: ======'stop_all_mode_pulse_shows'====== Args={'priority': 0}
2026-05-17 15:07:43,752 : INFO : EventManager : Event: ======'update_training_qual_lights'====== Args={'priority': 0}
2026-05-17 15:07:43,788 : INFO : EventManager : Event: ======'slide_hard_deck_charlie_intro_created'====== Args={'_from_bcp': True}
2026-05-17 15:07:43,789 : INFO : EventManager : Event: ======'slide_mach_1_inactive'====== Args={'is_removing': False, '_from_bcp': True}
2026-05-17 15:07:43,789 : INFO : EventManager : Event: ======'slide_hard_deck_charlie_intro_active'====== Args={'original_context': 'hard_deck_charlie', 'original_calling_context': 'mode_hard_deck_charlie_started', 'priority': 600.0, 'cmd': 'slides_play', '_from_bcp': True}
2026-05-17 15:07:44,533 : INFO : EventManager : Event: ======'player_ball_save_ball_save_countdown_tick'====== Args={'value': 7, 'prev_value': 8, 'change': -1, 'player_num': 1}
2026-05-17 15:07:44,533 : INFO : EventManager : Event: ======'timer_ball_save_countdown_tick'====== Args={'ticks': 7, 'ticks_remaining': 7}
2026-05-17 15:07:44,534 : INFO : EventManager : Event: ======'ball_save_flash_medium_slow'====== Args={'priority': 0}
2026-05-17 15:07:44,534 : INFO : EventManager : Event: ======'player_ball_save_time_remaining'====== Args={'value': 7, 'prev_value': 8, 'change': -1, 'player_num': 1, 'source': 'ball_save'}
2026-05-17 15:07:44,737 : INFO : EventManager : Event: ======'player_hard_deck_charlie_hard_deck_charlie_intro_video_delay_tick'====== Args={'value': 1, 'prev_value': 0, 'change': 1, 'player_num': 1}
2026-05-17 15:07:44,738 : INFO : EventManager : Event: ======'timer_hard_deck_charlie_intro_video_delay_tick'====== Args={'ticks': 1, 'ticks_remaining': 89}
2026-05-17 15:07:45,532 : INFO : EventManager : Event: ======'player_ball_save_ball_save_countdown_tick'====== Args={'value': 6, 'prev_value': 7, 'change': -1, 'player_num': 1}
2026-05-17 15:07:45,532 : INFO : EventManager : Event: ======'timer_ball_save_countdown_tick'====== Args={'ticks': 6, 'ticks_remaining': 6}
2026-05-17 15:07:45,533 : INFO : EventManager : Event: ======'ball_save_flash_medium'====== Args={'priority': 0}
2026-05-17 15:07:45,533 : INFO : EventManager : Event: ======'player_ball_save_time_remaining'====== Args={'value': 6, 'prev_value': 7, 'change': -1, 'player_num': 1, 'source': 'ball_save'}
2026-05-17 15:07:45,737 : INFO : EventManager : Event: ======'player_hard_deck_charlie_hard_deck_charlie_intro_video_delay_tick'====== Args={'value': 2, 'prev_value': 1, 'change': 1, 'player_num': 1}
2026-05-17 15:07:45,737 : INFO : EventManager : Event: ======'timer_hard_deck_charlie_intro_video_delay_tick'====== Args={'ticks': 2, 'ticks_remaining': 88}
2026-05-17 15:07:46,532 : INFO : EventManager : Event: ======'player_ball_save_ball_save_countdown_tick'====== Args={'value': 5, 'prev_value': 6, 'change': -1, 'player_num': 1}
2026-05-17 15:07:46,532 : INFO : EventManager : Event: ======'timer_ball_save_countdown_tick'====== Args={'ticks': 5, 'ticks_remaining': 5}
2026-05-17 15:07:46,533 : INFO : EventManager : Event: ======'ball_save_flash_medium'====== Args={'priority': 0}
2026-05-17 15:07:46,533 : INFO : EventManager : Event: ======'player_ball_save_time_remaining'====== Args={'value': 5, 'prev_value': 6, 'change': -1, 'player_num': 1, 'source': 'ball_save'}
2026-05-17 15:07:46,751 : INFO : EventManager : Event: ======'player_hard_deck_charlie_hard_deck_charlie_intro_video_delay_tick'====== Args={'value': 3, 'prev_value': 2, 'change': 1, 'player_num': 1}
2026-05-17 15:07:46,751 : INFO : EventManager : Event: ======'timer_hard_deck_charlie_intro_video_delay_tick'====== Args={'ticks': 3, 'ticks_remaining': 87}
2026-05-17 15:07:47,531 : INFO : EventManager : Event: ======'player_ball_save_ball_save_countdown_tick'====== Args={'value': 4, 'prev_value': 5, 'change': -1, 'player_num': 1}
2026-05-17 15:07:47,531 : INFO : EventManager : Event: ======'timer_ball_save_countdown_tick'====== Args={'ticks': 4, 'ticks_remaining': 4}
2026-05-17 15:07:47,532 : INFO : EventManager : Event: ======'ball_save_flash_fast'====== Args={'priority': 0}
2026-05-17 15:07:47,532 : INFO : EventManager : Event: ======'player_ball_save_time_remaining'====== Args={'value': 4, 'prev_value': 5, 'change': -1, 'player_num': 1, 'source': 'ball_save'}
2026-05-17 15:07:47,751 : INFO : EventManager : Event: ======'player_hard_deck_charlie_hard_deck_charlie_intro_video_delay_tick'====== Args={'value': 4, 'prev_value': 3, 'change': 1, 'player_num': 1}
2026-05-17 15:07:47,751 : INFO : EventManager : Event: ======'timer_hard_deck_charlie_intro_video_delay_tick'====== Args={'ticks': 4, 'ticks_remaining': 86}
2026-05-17 15:07:48,518 : INFO : EventManager : Event: ======'player_ball_save_ball_save_countdown_tick'====== Args={'value': 3, 'prev_value': 4, 'change': -1, 'player_num': 1}
2026-05-17 15:07:48,518 : INFO : EventManager : Event: ======'timer_ball_save_countdown_tick'====== Args={'ticks': 3, 'ticks_remaining': 3}
2026-05-17 15:07:48,518 : INFO : EventManager : Event: ======'ball_save_flash_fast'====== Args={'priority': 0}
2026-05-17 15:07:48,518 : INFO : EventManager : Event: ======'player_ball_save_time_remaining'====== Args={'value': 3, 'prev_value': 4, 'change': -1, 'player_num': 1, 'source': 'ball_save'}
2026-05-17 15:07:48,736 : INFO : EventManager : Event: ======'player_hard_deck_charlie_hard_deck_charlie_intro_video_delay_tick'====== Args={'value': 5, 'prev_value': 4, 'change': 1, 'player_num': 1}
2026-05-17 15:07:48,737 : INFO : EventManager : Event: ======'timer_hard_deck_charlie_intro_video_delay_tick'====== Args={'ticks': 5, 'ticks_remaining': 85}
2026-05-17 15:07:49,522 : INFO : EventManager : Event: ======'player_ball_save_ball_save_countdown_tick'====== Args={'value': 2, 'prev_value': 3, 'change': -1, 'player_num': 1}
2026-05-17 15:07:49,523 : INFO : EventManager : Event: ======'timer_ball_save_countdown_tick'====== Args={'ticks': 2, 'ticks_remaining': 2}
2026-05-17 15:07:49,523 : INFO : EventManager : Event: ======'ball_save_new_ball_save_hurry_up'====== Args={}
2026-05-17 15:07:49,523 : INFO : EventManager : Event: ======'ball_save_flash_off'====== Args={'priority': 0}
2026-05-17 15:07:49,523 : INFO : EventManager : Event: ======'player_ball_save_time_remaining'====== Args={'value': 2, 'prev_value': 3, 'change': -1, 'player_num': 1, 'source': 'ball_save'}
2026-05-17 15:07:49,740 : INFO : EventManager : Event: ======'player_hard_deck_charlie_hard_deck_charlie_intro_video_delay_tick'====== Args={'value': 6, 'prev_value': 5, 'change': 1, 'player_num': 1}
2026-05-17 15:07:49,740 : INFO : EventManager : Event: ======'timer_hard_deck_charlie_intro_video_delay_tick'====== Args={'ticks': 6, 'ticks_remaining': 84}
2026-05-17 15:07:50,519 : INFO : EventManager : Event: ======'player_ball_save_ball_save_countdown_tick'====== Args={'value': 1, 'prev_value': 2, 'change': -1, 'player_num': 1}
2026-05-17 15:07:50,519 : INFO : EventManager : Event: ======'timer_ball_save_countdown_tick'====== Args={'ticks': 1, 'ticks_remaining': 1}
2026-05-17 15:07:50,519 : INFO : EventManager : Event: ======'ball_save_flash_off'====== Args={'priority': 0}
2026-05-17 15:07:50,520 : INFO : EventManager : Event: ======'player_ball_save_time_remaining'====== Args={'value': 1, 'prev_value': 2, 'change': -1, 'player_num': 1, 'source': 'ball_save'}
2026-05-17 15:07:50,740 : INFO : EventManager : Event: ======'player_hard_deck_charlie_hard_deck_charlie_intro_video_delay_tick'====== Args={'value': 7, 'prev_value': 6, 'change': 1, 'player_num': 1}
2026-05-17 15:07:50,741 : INFO : EventManager : Event: ======'timer_hard_deck_charlie_intro_video_delay_tick'====== Args={'ticks': 7, 'ticks_remaining': 83}
2026-05-17 15:07:51,521 : INFO : EventManager : Event: ======'ball_save_new_ball_save_grace_period'====== Args={}
2026-05-17 15:07:51,521 : INFO : EventManager : Event: ======'player_ball_save_ball_save_countdown_tick'====== Args={'value': 0, 'prev_value': 1, 'change': -1, 'player_num': 1}
2026-05-17 15:07:51,522 : INFO : Timer.ball_save_countdown : Timer Complete
2026-05-17 15:07:51,522 : INFO : Timer.ball_save_countdown : Stopping Timer
2026-05-17 15:07:51,522 : INFO : EventManager : Event: ======'timer_ball_save_countdown_stopped'====== Args={'ticks': 0, 'ticks_remaining': 1}
2026-05-17 15:07:51,522 : INFO : EventManager : Event: ======'timer_ball_save_countdown_complete'====== Args={'ticks': 0, 'ticks_remaining': 1}
2026-05-17 15:07:51,522 : INFO : EventManager : Event: ======'ball_save_flash_stop'====== Args={'priority': 0}
2026-05-17 15:07:51,740 : INFO : EventManager : Event: ======'player_hard_deck_charlie_hard_deck_charlie_intro_video_delay_tick'====== Args={'value': 8, 'prev_value': 7, 'change': 1, 'player_num': 1}
2026-05-17 15:07:51,740 : INFO : EventManager : Event: ======'timer_hard_deck_charlie_intro_video_delay_tick'====== Args={'ticks': 8, 'ticks_remaining': 82}
2026-05-17 15:07:52,021 : INFO : EventManager : Event: ======'ball_save_new_ball_save_disabled'====== Args={}
2026-05-17 15:07:52,021 : INFO : EventManager : Event: ======'player_ball_save_active'====== Args={'value': 0, 'prev_value': 1, 'change': -1, 'player_num': 1, 'source': 'ball_save'}
2026-05-17 15:07:52,022 : INFO : Timer.ball_save_countdown : Stopping Timer
2026-05-17 15:07:52,022 : INFO : EventManager : Event: ======'timer_ball_save_countdown_stopped'====== Args={'ticks': 0, 'ticks_remaining': 1}
2026-05-17 15:07:52,740 : INFO : EventManager : Event: ======'player_hard_deck_charlie_hard_deck_charlie_intro_video_delay_tick'====== Args={'value': 9, 'prev_value': 8, 'change': 1, 'player_num': 1}
2026-05-17 15:07:52,740 : INFO : EventManager : Event: ======'timer_hard_deck_charlie_intro_video_delay_tick'====== Args={'ticks': 9, 'ticks_remaining': 81}
2026-05-17 15:07:53,738 : INFO : EventManager : Event: ======'player_hard_deck_charlie_hard_deck_charlie_intro_video_delay_tick'====== Args={'value': 10, 'prev_value': 9, 'change': 1, 'player_num': 1}
2026-05-17 15:07:53,738 : INFO : EventManager : Event: ======'timer_hard_deck_charlie_intro_video_delay_tick'====== Args={'ticks': 10, 'ticks_remaining': 80}
2026-05-17 15:07:54,739 : INFO : EventManager : Event: ======'player_hard_deck_charlie_hard_deck_charlie_intro_video_delay_tick'====== Args={'value': 11, 'prev_value': 10, 'change': 1, 'player_num': 1}
2026-05-17 15:07:54,739 : INFO : EventManager : Event: ======'timer_hard_deck_charlie_intro_video_delay_tick'====== Args={'ticks': 11, 'ticks_remaining': 79}
2026-05-17 15:07:55,741 : INFO : EventManager : Event: ======'player_hard_deck_charlie_hard_deck_charlie_intro_video_delay_tick'====== Args={'value': 12, 'prev_value': 11, 'change': 1, 'player_num': 1}
2026-05-17 15:07:55,741 : INFO : EventManager : Event: ======'timer_hard_deck_charlie_intro_video_delay_tick'====== Args={'ticks': 12, 'ticks_remaining': 78}
2026-05-17 15:07:56,744 : INFO : EventManager : Event: ======'player_hard_deck_charlie_hard_deck_charlie_intro_video_delay_tick'====== Args={'value': 13, 'prev_value': 12, 'change': 1, 'player_num': 1}
2026-05-17 15:07:56,744 : INFO : EventManager : Event: ======'timer_hard_deck_charlie_intro_video_delay_tick'====== Args={'ticks': 13, 'ticks_remaining': 77}
2026-05-17 15:07:57,742 : INFO : EventManager : Event: ======'player_hard_deck_charlie_hard_deck_charlie_intro_video_delay_tick'====== Args={'value': 14, 'prev_value': 13, 'change': 1, 'player_num': 1}
2026-05-17 15:07:57,742 : INFO : EventManager : Event: ======'timer_hard_deck_charlie_intro_video_delay_tick'====== Args={'ticks': 14, 'ticks_remaining': 76}
2026-05-17 15:07:58,746 : INFO : EventManager : Event: ======'player_hard_deck_charlie_hard_deck_charlie_intro_video_delay_tick'====== Args={'value': 15, 'prev_value': 14, 'change': 1, 'player_num': 1}
2026-05-17 15:07:58,746 : INFO : EventManager : Event: ======'timer_hard_deck_charlie_intro_video_delay_tick'====== Args={'ticks': 15, 'ticks_remaining': 75}
2026-05-17 15:07:59,750 : INFO : EventManager : Event: ======'player_hard_deck_charlie_hard_deck_charlie_intro_video_delay_tick'====== Args={'value': 16, 'prev_value': 15, 'change': 1, 'player_num': 1}
2026-05-17 15:07:59,751 : INFO : EventManager : Event: ======'timer_hard_deck_charlie_intro_video_delay_tick'====== Args={'ticks': 16, 'ticks_remaining': 74}
2026-05-17 15:08:00,737 : INFO : EventManager : Event: ======'player_hard_deck_charlie_hard_deck_charlie_intro_video_delay_tick'====== Args={'value': 17, 'prev_value': 16, 'change': 1, 'player_num': 1}
2026-05-17 15:08:00,738 : INFO : EventManager : Event: ======'timer_hard_deck_charlie_intro_video_delay_tick'====== Args={'ticks': 17, 'ticks_remaining': 73}
2026-05-17 15:08:01,742 : INFO : EventManager : Event: ======'player_hard_deck_charlie_hard_deck_charlie_intro_video_delay_tick'====== Args={'value': 18, 'prev_value': 17, 'change': 1, 'player_num': 1}
2026-05-17 15:08:01,742 : INFO : EventManager : Event: ======'timer_hard_deck_charlie_intro_video_delay_tick'====== Args={'ticks': 18, 'ticks_remaining': 72}
2026-05-17 15:08:02,745 : INFO : EventManager : Event: ======'player_hard_deck_charlie_hard_deck_charlie_intro_video_delay_tick'====== Args={'value': 19, 'prev_value': 18, 'change': 1, 'player_num': 1}
2026-05-17 15:08:02,745 : INFO : EventManager : Event: ======'timer_hard_deck_charlie_intro_video_delay_tick'====== Args={'ticks': 19, 'ticks_remaining': 71}
2026-05-17 15:08:03,744 : INFO : EventManager : Event: ======'player_hard_deck_charlie_hard_deck_charlie_intro_video_delay_tick'====== Args={'value': 20, 'prev_value': 19, 'change': 1, 'player_num': 1}
2026-05-17 15:08:03,744 : INFO : EventManager : Event: ======'timer_hard_deck_charlie_intro_video_delay_tick'====== Args={'ticks': 20, 'ticks_remaining': 70}
2026-05-17 15:08:04,743 : INFO : EventManager : Event: ======'player_hard_deck_charlie_hard_deck_charlie_intro_video_delay_tick'====== Args={'value': 21, 'prev_value': 20, 'change': 1, 'player_num': 1}
2026-05-17 15:08:04,744 : INFO : EventManager : Event: ======'timer_hard_deck_charlie_intro_video_delay_tick'====== Args={'ticks': 21, 'ticks_remaining': 69}
2026-05-17 15:08:05,742 : INFO : EventManager : Event: ======'player_hard_deck_charlie_hard_deck_charlie_intro_video_delay_tick'====== Args={'value': 22, 'prev_value': 21, 'change': 1, 'player_num': 1}
2026-05-17 15:08:05,742 : INFO : EventManager : Event: ======'timer_hard_deck_charlie_intro_video_delay_tick'====== Args={'ticks': 22, 'ticks_remaining': 68}
2026-05-17 15:08:06,740 : INFO : EventManager : Event: ======'player_hard_deck_charlie_hard_deck_charlie_intro_video_delay_tick'====== Args={'value': 23, 'prev_value': 22, 'change': 1, 'player_num': 1}
2026-05-17 15:08:06,741 : INFO : EventManager : Event: ======'timer_hard_deck_charlie_intro_video_delay_tick'====== Args={'ticks': 23, 'ticks_remaining': 67}
2026-05-17 15:08:07,743 : INFO : EventManager : Event: ======'player_hard_deck_charlie_hard_deck_charlie_intro_video_delay_tick'====== Args={'value': 24, 'prev_value': 23, 'change': 1, 'player_num': 1}
2026-05-17 15:08:07,744 : INFO : EventManager : Event: ======'timer_hard_deck_charlie_intro_video_delay_tick'====== Args={'ticks': 24, 'ticks_remaining': 66}
2026-05-17 15:08:08,741 : INFO : EventManager : Event: ======'player_hard_deck_charlie_hard_deck_charlie_intro_video_delay_tick'====== Args={'value': 25, 'prev_value': 24, 'change': 1, 'player_num': 1}
2026-05-17 15:08:08,741 : INFO : EventManager : Event: ======'timer_hard_deck_charlie_intro_video_delay_tick'====== Args={'ticks': 25, 'ticks_remaining': 65}
2026-05-17 15:08:09,740 : INFO : EventManager : Event: ======'player_hard_deck_charlie_hard_deck_charlie_intro_video_delay_tick'====== Args={'value': 26, 'prev_value': 25, 'change': 1, 'player_num': 1}
2026-05-17 15:08:09,740 : INFO : EventManager : Event: ======'timer_hard_deck_charlie_intro_video_delay_tick'====== Args={'ticks': 26, 'ticks_remaining': 64}
2026-05-17 15:08:10,751 : INFO : EventManager : Event: ======'player_hard_deck_charlie_hard_deck_charlie_intro_video_delay_tick'====== Args={'value': 27, 'prev_value': 26, 'change': 1, 'player_num': 1}
2026-05-17 15:08:10,751 : INFO : EventManager : Event: ======'timer_hard_deck_charlie_intro_video_delay_tick'====== Args={'ticks': 27, 'ticks_remaining': 63}
2026-05-17 15:08:11,736 : INFO : EventManager : Event: ======'player_hard_deck_charlie_hard_deck_charlie_intro_video_delay_tick'====== Args={'value': 28, 'prev_value': 27, 'change': 1, 'player_num': 1}
2026-05-17 15:08:11,736 : INFO : EventManager : Event: ======'timer_hard_deck_charlie_intro_video_delay_tick'====== Args={'ticks': 28, 'ticks_remaining': 62}
2026-05-17 15:08:12,750 : INFO : EventManager : Event: ======'player_hard_deck_charlie_hard_deck_charlie_intro_video_delay_tick'====== Args={'value': 29, 'prev_value': 28, 'change': 1, 'player_num': 1}
2026-05-17 15:08:12,751 : INFO : EventManager : Event: ======'timer_hard_deck_charlie_intro_video_delay_tick'====== Args={'ticks': 29, 'ticks_remaining': 61}
2026-05-17 15:08:13,748 : INFO : EventManager : Event: ======'player_hard_deck_charlie_hard_deck_charlie_intro_video_delay_tick'====== Args={'value': 30, 'prev_value': 29, 'change': 1, 'player_num': 1}
2026-05-17 15:08:13,749 : INFO : EventManager : Event: ======'timer_hard_deck_charlie_intro_video_delay_tick'====== Args={'ticks': 30, 'ticks_remaining': 60}
2026-05-17 15:08:14,749 : INFO : EventManager : Event: ======'player_hard_deck_charlie_hard_deck_charlie_intro_video_delay_tick'====== Args={'value': 31, 'prev_value': 30, 'change': 1, 'player_num': 1}
2026-05-17 15:08:14,751 : INFO : EventManager : Event: ======'timer_hard_deck_charlie_intro_video_delay_tick'====== Args={'ticks': 31, 'ticks_remaining': 59}
2026-05-17 15:08:15,736 : INFO : EventManager : Event: ======'player_hard_deck_charlie_hard_deck_charlie_intro_video_delay_tick'====== Args={'value': 32, 'prev_value': 31, 'change': 1, 'player_num': 1}
2026-05-17 15:08:15,737 : INFO : EventManager : Event: ======'timer_hard_deck_charlie_intro_video_delay_tick'====== Args={'ticks': 32, 'ticks_remaining': 58}
2026-05-17 15:08:16,741 : INFO : EventManager : Event: ======'player_hard_deck_charlie_hard_deck_charlie_intro_video_delay_tick'====== Args={'value': 33, 'prev_value': 32, 'change': 1, 'player_num': 1}
2026-05-17 15:08:16,741 : INFO : EventManager : Event: ======'timer_hard_deck_charlie_intro_video_delay_tick'====== Args={'ticks': 33, 'ticks_remaining': 57}
2026-05-17 15:08:17,739 : INFO : EventManager : Event: ======'player_hard_deck_charlie_hard_deck_charlie_intro_video_delay_tick'====== Args={'value': 34, 'prev_value': 33, 'change': 1, 'player_num': 1}
2026-05-17 15:08:17,740 : INFO : EventManager : Event: ======'timer_hard_deck_charlie_intro_video_delay_tick'====== Args={'ticks': 34, 'ticks_remaining': 56}
2026-05-17 15:08:18,740 : INFO : EventManager : Event: ======'player_hard_deck_charlie_hard_deck_charlie_intro_video_delay_tick'====== Args={'value': 35, 'prev_value': 34, 'change': 1, 'player_num': 1}
2026-05-17 15:08:18,741 : INFO : EventManager : Event: ======'timer_hard_deck_charlie_intro_video_delay_tick'====== Args={'ticks': 35, 'ticks_remaining': 55}
2026-05-17 15:08:19,739 : INFO : EventManager : Event: ======'player_hard_deck_charlie_hard_deck_charlie_intro_video_delay_tick'====== Args={'value': 36, 'prev_value': 35, 'change': 1, 'player_num': 1}
2026-05-17 15:08:19,740 : INFO : EventManager : Event: ======'timer_hard_deck_charlie_intro_video_delay_tick'====== Args={'ticks': 36, 'ticks_remaining': 54}
2026-05-17 15:08:20,738 : INFO : EventManager : Event: ======'player_hard_deck_charlie_hard_deck_charlie_intro_video_delay_tick'====== Args={'value': 37, 'prev_value': 36, 'change': 1, 'player_num': 1}
2026-05-17 15:08:20,739 : INFO : EventManager : Event: ======'timer_hard_deck_charlie_intro_video_delay_tick'====== Args={'ticks': 37, 'ticks_remaining': 53}
2026-05-17 15:08:21,751 : INFO : EventManager : Event: ======'player_hard_deck_charlie_hard_deck_charlie_intro_video_delay_tick'====== Args={'value': 38, 'prev_value': 37, 'change': 1, 'player_num': 1}
2026-05-17 15:08:21,751 : INFO : EventManager : Event: ======'timer_hard_deck_charlie_intro_video_delay_tick'====== Args={'ticks': 38, 'ticks_remaining': 52}
2026-05-17 15:08:22,746 : INFO : EventManager : Event: ======'player_hard_deck_charlie_hard_deck_charlie_intro_video_delay_tick'====== Args={'value': 39, 'prev_value': 38, 'change': 1, 'player_num': 1}
2026-05-17 15:08:22,746 : INFO : EventManager : Event: ======'timer_hard_deck_charlie_intro_video_delay_tick'====== Args={'ticks': 39, 'ticks_remaining': 51}
2026-05-17 15:08:23,744 : INFO : EventManager : Event: ======'player_hard_deck_charlie_hard_deck_charlie_intro_video_delay_tick'====== Args={'value': 40, 'prev_value': 39, 'change': 1, 'player_num': 1}
2026-05-17 15:08:23,745 : INFO : EventManager : Event: ======'timer_hard_deck_charlie_intro_video_delay_tick'====== Args={'ticks': 40, 'ticks_remaining': 50}
2026-05-17 15:08:24,744 : INFO : EventManager : Event: ======'player_hard_deck_charlie_hard_deck_charlie_intro_video_delay_tick'====== Args={'value': 41, 'prev_value': 40, 'change': 1, 'player_num': 1}
2026-05-17 15:08:24,746 : INFO : EventManager : Event: ======'timer_hard_deck_charlie_intro_video_delay_tick'====== Args={'ticks': 41, 'ticks_remaining': 49}
2026-05-17 15:08:25,462 : INFO : SwitchController : <<<<<<< 's_flipper_right' active >>>>>>>
2026-05-17 15:08:25,463 : INFO : EventManager : Event: ======'s_flipper_right_active'====== Args={}
2026-05-17 15:08:25,463 : INFO : EventManager : Event: ======'machine_var_audits_switches_s_flipper_right'====== Args={'value': 55636, 'prev_value': 55635, 'change': 1}
2026-05-17 15:08:25,463 : INFO : SwitchController : <<<<<<< 's_flipper_left' active >>>>>>>
2026-05-17 15:08:25,463 : INFO : EventManager : Event: ======'s_flipper_left_active'====== Args={}
2026-05-17 15:08:25,463 : INFO : EventManager : Event: ======'flipper_cancel'====== Args={'triggering_group': 1, 'triggering_switch': 's_flipper_left'}
2026-05-17 15:08:25,463 : INFO : EventManager : Event: ======'machine_var_audits_switches_s_flipper_left'====== Args={'value': 57373, 'prev_value': 57372, 'change': 1}
2026-05-17 15:08:25,466 : INFO : EventManager : Event: ======'hard_deck_charlie_skip_intro'====== Args={'priority': 0}
2026-05-17 15:08:25,466 : INFO : EventManager : Event: ======'goose_rotate_right_execute'====== Args={'priority': 0}
2026-05-17 15:08:25,466 : INFO : EventManager : Event: ======'mig_rotate_right_execute'====== Args={'priority': 0}
2026-05-17 15:08:25,467 : INFO : EventManager : Event: ======'status_mode_entry_both_held'====== Args={'priority': 0}
2026-05-17 15:08:25,467 : INFO : EventManager : Event: ======'ball_search_reset'====== Args={'priority': 0}
2026-05-17 15:08:25,467 : INFO : EventManager : Event: ======'hard_deck_charlie_ball_released'====== Args={'priority': 0}
2026-05-17 15:08:25,467 : INFO : EventManager : Event: ======'charlie_stage_1_setup'====== Args={'priority': 0}
2026-05-17 15:08:25,467 : INFO : Timer.hard_deck_charlie_intro_video_delay : Stopping Timer
2026-05-17 15:08:25,467 : INFO : EventManager : Event: ======'timer_hard_deck_charlie_intro_video_delay_stopped'====== Args={'ticks': 41, 'ticks_remaining': 49}
2026-05-17 15:08:25,467 : INFO : coil.c_left_lane_up_post : Disabling Driver
2026-05-17 15:08:25,467 : INFO : EventManager : Event: ======'ball_save_mode_timer_start'====== Args={'priority': 0}
2026-05-17 15:08:25,468 : INFO : Timer.hard_deck_charlie_timer : Starting Timer.
2026-05-17 15:08:25,468 : INFO : EventManager : Event: ======'timer_hard_deck_charlie_timer_started'====== Args={'ticks': 150, 'ticks_remaining': 150}
2026-05-17 15:08:25,468 : INFO : EventManager : Event: ======'timer_hard_deck_charlie_timer_tick'====== Args={'ticks': 150, 'ticks_remaining': 150}
2026-05-17 15:08:25,468 : INFO : EventManager : Event: ======'ball_save_mode_ball_save_timer_start'====== Args={}
2026-05-17 15:08:25,468 : INFO : EventManager : Event: ======'ball_save_mode_ball_save_enabled'====== Args={}
2026-05-17 15:08:25,468 : INFO : Timer.mode_ball_save_countdown : Starting Timer.
2026-05-17 15:08:25,468 : INFO : EventManager : Event: ======'timer_mode_ball_save_countdown_started'====== Args={'ticks': 30, 'ticks_remaining': 30}
2026-05-17 15:08:25,468 : INFO : EventManager : Event: ======'timer_mode_ball_save_countdown_tick'====== Args={'ticks': 30, 'ticks_remaining': 30}
2026-05-17 15:08:25,468 : INFO : EventManager : Event: ======'ball_save_flash_slow'====== Args={'priority': 0}
2026-05-17 15:08:25,468 : INFO : EventManager : Event: ======'player_ball_save_time_remaining'====== Args={'value': 30, 'prev_value': 1, 'change': 29, 'player_num': 1, 'source': 'ball_save'}
2026-05-17 15:08:25,469 : INFO : EventManager : Event: ======'right_ramp_down'====== Args={'priority': 0}
2026-05-17 15:08:25,469 : INFO : coil.c_right_orbit_diverter : Disabling Driver
2026-05-17 15:08:25,469 : INFO : Timer.status_mode_entry : Starting Timer.
2026-05-17 15:08:25,469 : INFO : EventManager : Event: ======'timer_status_mode_entry_started'====== Args={'ticks': 0, 'ticks_remaining': 4}
2026-05-17 15:08:25,469 : INFO : EventManager : Event: ======'timer_status_mode_entry_tick'====== Args={'ticks': 0, 'ticks_remaining': 4}
2026-05-17 15:08:25,469 : INFO : EventManager : Event: ======'goose_rotate_left_execute'====== Args={'priority': 0}
2026-05-17 15:08:25,469 : INFO : EventManager : Event: ======'mig_rotate_left_execute'====== Args={'priority': 0}
2026-05-17 15:08:25,470 : INFO : EventManager : Event: ======'status_mode_entry_both_held'====== Args={'priority': 0}
2026-05-17 15:08:25,470 : INFO : EventManager : Event: ======'ball_search_reset'====== Args={'priority': 0}
2026-05-17 15:08:25,470 : INFO : EventManager : Event: ======'timer_status_mode_entry_tick'====== Args={'ticks': 0, 'ticks_remaining': 4}
2026-05-17 15:08:25,476 : INFO : SwitchController : <<<<<<< 's_flipper_left_upper' active >>>>>>>
2026-05-17 15:08:25,476 : INFO : EventManager : Event: ======'machine_var_audits_switches_s_flipper_left_upper'====== Args={'value': 56684, 'prev_value': 56683, 'change': 1}
2026-05-17 15:08:25,481 : INFO : SwitchController : <<<<<<< 's_flipper_right_eos' active >>>>>>>
2026-05-17 15:08:25,481 : INFO : EventManager : Event: ======'machine_var_audits_switches_s_flipper_right_eos'====== Args={'value': 50052, 'prev_value': 50051, 'change': 1}
2026-05-17 15:08:25,483 : INFO : EventManager : Event: ======'slide_hard_deck_charlie_intro_inactive'====== Args={'is_removing': True, '_from_bcp': True}
2026-05-17 15:08:25,483 : INFO : EventManager : Event: ======'slide_mach_1_active'====== Args={'_from_bcp': True}
2026-05-17 15:08:25,483 : INFO : SwitchController : <<<<<<< 's_flipper_left_eos' active >>>>>>>
2026-05-17 15:08:25,483 : INFO : EventManager : Event: ======'machine_var_audits_switches_s_flipper_left_eos'====== Args={'value': 52098, 'prev_value': 52097, 'change': 1}
2026-05-17 15:08:25,491 : INFO : EventManager : Event: ======'slide_hard_deck_charlie_intro_removed'====== Args={'_from_bcp': True}
2026-05-17 15:08:25,491 : INFO : SwitchController : <<<<<<< 's_flipper_left_upper_eos' active >>>>>>>
2026-05-17 15:08:25,491 : INFO : EventManager : Event: ======'s_flipper_left_upper_eos_active'====== Args={}
2026-05-17 15:08:25,491 : INFO : EventManager : Event: ======'machine_var_audits_switches_s_flipper_left_upper_eos'====== Args={'value': 63819, 'prev_value': 63818, 'change': 1}
2026-05-17 15:08:25,492 : INFO : EventManager : Event: ======'player_previous_switch_type'====== Args={'value': 2, 'prev_value': 0, 'change': 2, 'player_num': 1, 'source': 'pilot_mission_qualifier'}
2026-05-17 15:08:25,509 : INFO : EventManager : Event: ======'slide_hard_deck_charlie_background_created'====== Args={'_from_bcp': True}
2026-05-17 15:08:25,512 : INFO : EventManager : Event: ======'slide_hard_deck_charlie_shots_remaining_created'====== Args={'_from_bcp': True}
2026-05-17 15:08:25,514 : INFO : EventManager : Event: ======'slide_hard_deck_charlie_timer_created'====== Args={'_from_bcp': True}
2026-05-17 15:08:25,515 : INFO : EventManager : Event: ======'slide_mach_1_inactive'====== Args={'is_removing': False, '_from_bcp': True}
2026-05-17 15:08:25,515 : INFO : EventManager : Event: ======'slide_hard_deck_charlie_timer_active'====== Args={'original_context': 'hard_deck_charlie', 'original_calling_context': 'hard_deck_charlie_ball_released', 'priority': 600.0, 'cmd': 'slides_play', '_from_bcp': True}
2026-05-17 15:08:25,557 : INFO : SwitchController : <<<<<<< 's_flipper_left_upper' inactive >>>>>>>
2026-05-17 15:08:25,557 : INFO : SwitchController : <<<<<<< 's_flipper_left' inactive >>>>>>>
2026-05-17 15:08:25,557 : INFO : EventManager : Event: ======'s_flipper_left_inactive'====== Args={}
2026-05-17 15:08:25,557 : INFO : EventManager : Event: ======'both_flippers_one'====== Args={'triggering_group': 1, 'triggering_switch': 's_flipper_left'}
2026-05-17 15:08:25,558 : INFO : EventManager : Event: ======'status_mode_entry_cancel'====== Args={'priority': 0}
2026-05-17 15:08:25,558 : INFO : Timer.status_mode_entry : Stopping Timer
2026-05-17 15:08:25,558 : INFO : EventManager : Event: ======'timer_status_mode_entry_stopped'====== Args={'ticks': 0, 'ticks_remaining': 4}
2026-05-17 15:08:25,588 : INFO : SwitchController : <<<<<<< 's_lane_left' inactive >>>>>>>
2026-05-17 15:08:25,588 : INFO : EventManager : Event: ======'s_lane_left_inactive'====== Args={}
2026-05-17 15:08:25,588 : INFO : SwitchController : <<<<<<< 's_flipper_right' inactive >>>>>>>
2026-05-17 15:08:25,588 : INFO : EventManager : Event: ======'s_flipper_right_inactive'====== Args={}
2026-05-17 15:08:25,588 : INFO : EventManager : Event: ======'both_flippers_inactive'====== Args={'triggering_group': 2, 'triggering_switch': 's_flipper_right'}
2026-05-17 15:08:25,650 : INFO : SwitchController : <<<<<<< 's_flipper_left_eos' inactive >>>>>>>
2026-05-17 15:08:25,650 : INFO : SwitchController : <<<<<<< 's_flipper_left_upper_eos' inactive >>>>>>>
2026-05-17 15:08:25,681 : INFO : SwitchController : <<<<<<< 's_flipper_right_eos' inactive >>>>>>>
2026-05-17 15:08:26,454 : INFO : EventManager : Event: ======'player_hard_deck_charlie_hard_deck_charlie_timer_tick'====== Args={'value': 149, 'prev_value': 150, 'change': -1, 'player_num': 1}
2026-05-17 15:08:26,454 : INFO : EventManager : Event: ======'timer_hard_deck_charlie_timer_tick'====== Args={'ticks': 149, 'ticks_remaining': 149}
2026-05-17 15:08:26,454 : INFO : EventManager : Event: ======'player_ball_save_mode_ball_save_countdown_tick'====== Args={'value': 29, 'prev_value': 30, 'change': -1, 'player_num': 1}
2026-05-17 15:08:26,455 : INFO : EventManager : Event: ======'timer_mode_ball_save_countdown_tick'====== Args={'ticks': 29, 'ticks_remaining': 29}
2026-05-17 15:08:26,455 : INFO : EventManager : Event: ======'player_charlie_timer_ticks'====== Args={'value': 149, 'prev_value': 150, 'change': -1, 'player_num': 1, 'source': 'hard_deck_charlie'}
2026-05-17 15:08:26,455 : INFO : EventManager : Event: ======'ball_save_flash_slow'====== Args={'priority': 0}
2026-05-17 15:08:26,456 : INFO : EventManager : Event: ======'player_ball_save_time_remaining'====== Args={'value': 29, 'prev_value': 30, 'change': -1, 'player_num': 1, 'source': 'ball_save'}
2026-05-17 15:08:26,985 : INFO : SwitchController : <<<<<<< 's_flipper_right' active >>>>>>>
2026-05-17 15:08:26,985 : INFO : EventManager : Event: ======'s_flipper_right_active'====== Args={}
2026-05-17 15:08:26,985 : INFO : EventManager : Event: ======'machine_var_audits_switches_s_flipper_right'====== Args={'value': 55637, 'prev_value': 55636, 'change': 1}
2026-05-17 15:08:26,986 : INFO : EventManager : Event: ======'goose_rotate_right_execute'====== Args={'priority': 0}
2026-05-17 15:08:26,986 : INFO : EventManager : Event: ======'mig_rotate_right_execute'====== Args={'priority': 0}
2026-05-17 15:08:26,986 : INFO : EventManager : Event: ======'ball_search_reset'====== Args={'priority': 0}
2026-05-17 15:08:27,001 : INFO : SwitchController : <<<<<<< 's_flipper_right_eos' active >>>>>>>
2026-05-17 15:08:27,001 : INFO : EventManager : Event: ======'machine_var_audits_switches_s_flipper_right_eos'====== Args={'value': 50053, 'prev_value': 50052, 'change': 1}
2026-05-17 15:08:27,453 : INFO : EventManager : Event: ======'player_ball_save_mode_ball_save_countdown_tick'====== Args={'value': 28, 'prev_value': 29, 'change': -1, 'player_num': 1}
2026-05-17 15:08:27,453 : INFO : EventManager : Event: ======'timer_mode_ball_save_countdown_tick'====== Args={'ticks': 28, 'ticks_remaining': 28}
2026-05-17 15:08:27,453 : INFO : EventManager : Event: ======'player_hard_deck_charlie_hard_deck_charlie_timer_tick'====== Args={'value': 148, 'prev_value': 149, 'change': -1, 'player_num': 1}
2026-05-17 15:08:27,454 : INFO : EventManager : Event: ======'timer_hard_deck_charlie_timer_tick'====== Args={'ticks': 148, 'ticks_remaining': 148}
2026-05-17 15:08:27,454 : INFO : EventManager : Event: ======'ball_save_flash_slow'====== Args={'priority': 0}
2026-05-17 15:08:27,454 : INFO : EventManager : Event: ======'player_ball_save_time_remaining'====== Args={'value': 28, 'prev_value': 29, 'change': -1, 'player_num': 1, 'source': 'ball_save'}
2026-05-17 15:08:27,454 : INFO : EventManager : Event: ======'player_charlie_timer_ticks'====== Args={'value': 148, 'prev_value': 149, 'change': -1, 'player_num': 1, 'source': 'hard_deck_charlie'}
2026-05-17 15:08:27,609 : INFO : SwitchController : <<<<<<< 's_flipper_right' inactive >>>>>>>
2026-05-17 15:08:27,609 : INFO : EventManager : Event: ======'s_flipper_right_inactive'====== Args={}
2026-05-17 15:08:27,702 : INFO : SwitchController : <<<<<<< 's_flipper_right_eos' inactive >>>>>>>
2026-05-17 15:08:27,717 : INFO : SwitchController : <<<<<<< 's_flipper_right' active >>>>>>>
2026-05-17 15:08:27,717 : INFO : EventManager : Event: ======'s_flipper_right_active'====== Args={}
2026-05-17 15:08:27,717 : INFO : EventManager : Event: ======'machine_var_audits_switches_s_flipper_right'====== Args={'value': 55638, 'prev_value': 55637, 'change': 1}
2026-05-17 15:08:27,718 : INFO : EventManager : Event: ======'goose_rotate_right_execute'====== Args={'priority': 0}
2026-05-17 15:08:27,719 : INFO : EventManager : Event: ======'mig_rotate_right_execute'====== Args={'priority': 0}
2026-05-17 15:08:27,719 : INFO : EventManager : Event: ======'ball_search_reset'====== Args={'priority': 0}
2026-05-17 15:08:27,749 : INFO : SwitchController : <<<<<<< 's_flipper_right_eos' active >>>>>>>
2026-05-17 15:08:27,749 : INFO : EventManager : Event: ======'machine_var_audits_switches_s_flipper_right_eos'====== Args={'value': 50054, 'prev_value': 50053, 'change': 1}
2026-05-17 15:08:28,452 : INFO : EventManager : Event: ======'player_hard_deck_charlie_hard_deck_charlie_timer_tick'====== Args={'value': 147, 'prev_value': 148, 'change': -1, 'player_num': 1}
2026-05-17 15:08:28,452 : INFO : EventManager : Event: ======'timer_hard_deck_charlie_timer_tick'====== Args={'ticks': 147, 'ticks_remaining': 147}
2026-05-17 15:08:28,452 : INFO : EventManager : Event: ======'player_ball_save_mode_ball_save_countdown_tick'====== Args={'value': 27, 'prev_value': 28, 'change': -1, 'player_num': 1}
2026-05-17 15:08:28,453 : INFO : EventManager : Event: ======'timer_mode_ball_save_countdown_tick'====== Args={'ticks': 27, 'ticks_remaining': 27}
2026-05-17 15:08:28,453 : INFO : EventManager : Event: ======'player_charlie_timer_ticks'====== Args={'value': 147, 'prev_value': 148, 'change': -1, 'player_num': 1, 'source': 'hard_deck_charlie'}
2026-05-17 15:08:28,453 : INFO : EventManager : Event: ======'ball_save_flash_slow'====== Args={'priority': 0}
2026-05-17 15:08:28,453 : INFO : EventManager : Event: ======'player_ball_save_time_remaining'====== Args={'value': 27, 'prev_value': 28, 'change': -1, 'player_num': 1, 'source': 'ball_save'}
2026-05-17 15:08:29,447 : INFO : EventManager : Event: ======'player_ball_save_mode_ball_save_countdown_tick'====== Args={'value': 26, 'prev_value': 27, 'change': -1, 'player_num': 1}
2026-05-17 15:08:29,447 : INFO : EventManager : Event: ======'timer_mode_ball_save_countdown_tick'====== Args={'ticks': 26, 'ticks_remaining': 26}
2026-05-17 15:08:29,447 : INFO : EventManager : Event: ======'player_hard_deck_charlie_hard_deck_charlie_timer_tick'====== Args={'value': 146, 'prev_value': 147, 'change': -1, 'player_num': 1}
2026-05-17 15:08:29,447 : INFO : EventManager : Event: ======'timer_hard_deck_charlie_timer_tick'====== Args={'ticks': 146, 'ticks_remaining': 146}
2026-05-17 15:08:29,449 : INFO : EventManager : Event: ======'ball_save_flash_slow'====== Args={'priority': 0}
2026-05-17 15:08:29,449 : INFO : EventManager : Event: ======'player_ball_save_time_remaining'====== Args={'value': 26, 'prev_value': 27, 'change': -1, 'player_num': 1, 'source': 'ball_save'}
2026-05-17 15:08:29,449 : INFO : EventManager : Event: ======'player_charlie_timer_ticks'====== Args={'value': 146, 'prev_value': 147, 'change': -1, 'player_num': 1, 'source': 'hard_deck_charlie'}
2026-05-17 15:08:30,447 : INFO : EventManager : Event: ======'player_ball_save_mode_ball_save_countdown_tick'====== Args={'value': 25, 'prev_value': 26, 'change': -1, 'player_num': 1}
2026-05-17 15:08:30,448 : INFO : EventManager : Event: ======'timer_mode_ball_save_countdown_tick'====== Args={'ticks': 25, 'ticks_remaining': 25}
2026-05-17 15:08:30,448 : INFO : EventManager : Event: ======'player_hard_deck_charlie_hard_deck_charlie_timer_tick'====== Args={'value': 145, 'prev_value': 146, 'change': -1, 'player_num': 1}
2026-05-17 15:08:30,448 : INFO : EventManager : Event: ======'timer_hard_deck_charlie_timer_tick'====== Args={'ticks': 145, 'ticks_remaining': 145}
2026-05-17 15:08:30,448 : INFO : EventManager : Event: ======'ball_save_flash_slow'====== Args={'priority': 0}
2026-05-17 15:08:30,449 : INFO : EventManager : Event: ======'player_ball_save_time_remaining'====== Args={'value': 25, 'prev_value': 26, 'change': -1, 'player_num': 1, 'source': 'ball_save'}
2026-05-17 15:08:30,449 : INFO : EventManager : Event: ======'player_charlie_timer_ticks'====== Args={'value': 145, 'prev_value': 146, 'change': -1, 'player_num': 1, 'source': 'hard_deck_charlie'}
2026-05-17 15:08:30,710 : INFO : EventManager : Event: ======'flipper_cradle'====== Args={}
2026-05-17 15:08:31,446 : INFO : EventManager : Event: ======'player_ball_save_mode_ball_save_countdown_tick'====== Args={'value': 24, 'prev_value': 25, 'change': -1, 'player_num': 1}
2026-05-17 15:08:31,446 : INFO : EventManager : Event: ======'timer_mode_ball_save_countdown_tick'====== Args={'ticks': 24, 'ticks_remaining': 24}
2026-05-17 15:08:31,446 : INFO : EventManager : Event: ======'player_hard_deck_charlie_hard_deck_charlie_timer_tick'====== Args={'value': 144, 'prev_value': 145, 'change': -1, 'player_num': 1}
2026-05-17 15:08:31,447 : INFO : EventManager : Event: ======'timer_hard_deck_charlie_timer_tick'====== Args={'ticks': 144, 'ticks_remaining': 144}
2026-05-17 15:08:31,447 : INFO : EventManager : Event: ======'ball_save_flash_slow'====== Args={'priority': 0}
2026-05-17 15:08:31,447 : INFO : EventManager : Event: ======'player_ball_save_time_remaining'====== Args={'value': 24, 'prev_value': 25, 'change': -1, 'player_num': 1, 'source': 'ball_save'}
2026-05-17 15:08:31,447 : INFO : EventManager : Event: ======'player_charlie_timer_ticks'====== Args={'value': 144, 'prev_value': 145, 'change': -1, 'player_num': 1, 'source': 'hard_deck_charlie'}
2026-05-17 15:08:32,039 : INFO : SwitchController : <<<<<<< 's_flipper_right' inactive >>>>>>>
2026-05-17 15:08:32,040 : INFO : EventManager : Event: ======'s_flipper_right_inactive'====== Args={}
2026-05-17 15:08:32,040 : INFO : EventManager : Event: ======'flipper_cradle_release'====== Args={}
2026-05-17 15:08:32,117 : INFO : SwitchController : <<<<<<< 's_flipper_right_eos' inactive >>>>>>>
2026-05-17 15:08:32,441 : INFO : EventManager : Event: ======'player_hard_deck_charlie_hard_deck_charlie_timer_tick'====== Args={'value': 143, 'prev_value': 144, 'change': -1, 'player_num': 1}
2026-05-17 15:08:32,441 : INFO : EventManager : Event: ======'timer_hard_deck_charlie_timer_tick'====== Args={'ticks': 143, 'ticks_remaining': 143}
2026-05-17 15:08:32,441 : INFO : EventManager : Event: ======'player_ball_save_mode_ball_save_countdown_tick'====== Args={'value': 23, 'prev_value': 24, 'change': -1, 'player_num': 1}
2026-05-17 15:08:32,442 : INFO : EventManager : Event: ======'timer_mode_ball_save_countdown_tick'====== Args={'ticks': 23, 'ticks_remaining': 23}
2026-05-17 15:08:32,442 : INFO : EventManager : Event: ======'player_charlie_timer_ticks'====== Args={'value': 143, 'prev_value': 144, 'change': -1, 'player_num': 1, 'source': 'hard_deck_charlie'}
2026-05-17 15:08:32,442 : INFO : EventManager : Event: ======'ball_save_flash_slow'====== Args={'priority': 0}
2026-05-17 15:08:32,442 : INFO : EventManager : Event: ======'player_ball_save_time_remaining'====== Args={'value': 23, 'prev_value': 24, 'change': -1, 'player_num': 1, 'source': 'ball_save'}
2026-05-17 15:08:32,614 : INFO : SwitchController : <<<<<<< 's_flipper_right' active >>>>>>>
2026-05-17 15:08:32,614 : INFO : EventManager : Event: ======'s_flipper_right_active'====== Args={}
2026-05-17 15:08:32,614 : INFO : EventManager : Event: ======'machine_var_audits_switches_s_flipper_right'====== Args={'value': 55639, 'prev_value': 55638, 'change': 1}
2026-05-17 15:08:32,616 : INFO : EventManager : Event: ======'goose_rotate_right_execute'====== Args={'priority': 0}
2026-05-17 15:08:32,617 : INFO : EventManager : Event: ======'mig_rotate_right_execute'====== Args={'priority': 0}
2026-05-17 15:08:32,617 : INFO : EventManager : Event: ======'ball_search_reset'====== Args={'priority': 0}
2026-05-17 15:08:32,645 : INFO : SwitchController : <<<<<<< 's_flipper_right_eos' active >>>>>>>
2026-05-17 15:08:32,645 : INFO : EventManager : Event: ======'machine_var_audits_switches_s_flipper_right_eos'====== Args={'value': 50055, 'prev_value': 50054, 'change': 1}
2026-05-17 15:08:32,832 : INFO : SwitchController : <<<<<<< 's_o_lock_target' active >>>>>>>
2026-05-17 15:08:32,832 : INFO : EventManager : Event: ======'s_o_lock_target_active'====== Args={}
2026-05-17 15:08:32,832 : INFO : EventManager : Event: ======'sw_playfield_active'====== Args={}
2026-05-17 15:08:32,833 : INFO : EventManager : Event: ======'sw_playfield_active'====== Args={}
2026-05-17 15:08:32,833 : INFO : EventManager : Event: ======'machine_var_audits_switches_s_o_lock_target'====== Args={'value': 3798, 'prev_value': 3797, 'change': 1}
2026-05-17 15:08:32,834 : INFO : EventManager : Event: ======'player_lock_o_hits'====== Args={'value': 1, 'prev_value': 0, 'change': 1, 'player_num': 1, 'source': 'top_gun_multiball_locks'}
2026-05-17 15:08:32,834 : INFO : EventManager : Event: ======'player_score'====== Args={'value': 612000, 'prev_value': 362000, 'change': 250000, 'player_num': 1, 'source': 'top_gun_multiball_locks'}
2026-05-17 15:08:32,834 : INFO : EventManager : Event: ======'player_hd_sw_lock_o'====== Args={'value': 1, 'prev_value': 0, 'change': 1, 'player_num': 1, 'source': 'hard_deck_qualifiers'}
2026-05-17 15:08:32,835 : INFO : EventManager : Event: ======'player_score'====== Args={'value': 614500, 'prev_value': 612000, 'change': 2500, 'player_num': 1, 'source': 'base'}
2026-05-17 15:08:32,835 : INFO : EventManager : Event: ======'player_bonus_switches_count'====== Args={'value': 44, 'prev_value': 43, 'change': 1, 'player_num': 1, 'source': 'base'}
2026-05-17 15:08:32,835 : INFO : EventManager : Event: ======'lock_letter_o_collected'====== Args={'priority': 0}
2026-05-17 15:08:32,835 : INFO : EventManager : Event: ======'lock_check_all_letters'====== Args={'priority': 0}
2026-05-17 15:08:32,835 : INFO : EventManager : Event: ======'player_lock_pending_letter'====== Args={'value': 2, 'prev_value': 0, 'change': 2, 'player_num': 1, 'source': 'top_gun_multiball_locks'}
2026-05-17 15:08:32,836 : INFO : Timer.lock_letter_sound_delay : Starting Timer.
2026-05-17 15:08:32,836 : INFO : EventManager : Event: ======'timer_lock_letter_sound_delay_started'====== Args={'ticks': 0, 'ticks_remaining': 150}
2026-05-17 15:08:32,836 : INFO : EventManager : Event: ======'timer_lock_letter_sound_delay_tick'====== Args={'ticks': 0, 'ticks_remaining': 150}
2026-05-17 15:08:32,836 : INFO : SwitchController : <<<<<<< 's_o_lock_target' inactive >>>>>>>
2026-05-17 15:08:32,837 : INFO : EventManager : Event: ======'player_top_gun_multiball_locks_lock_letter_sound_delay_tick'====== Args={'value': 1, 'prev_value': 0, 'change': 1, 'player_num': 1}
2026-05-17 15:08:32,839 : INFO : EventManager : Event: ======'timer_lock_letter_sound_delay_tick'====== Args={'ticks': 1, 'ticks_remaining': 149}
2026-05-17 15:08:32,839 : INFO : EventManager : Event: ======'player_top_gun_multiball_locks_lock_letter_sound_delay_tick'====== Args={'value': 2, 'prev_value': 1, 'change': 1, 'player_num': 1}
2026-05-17 15:08:32,839 : INFO : EventManager : Event: ======'timer_lock_letter_sound_delay_tick'====== Args={'ticks': 2, 'ticks_remaining': 148}
2026-05-17 15:08:32,840 : INFO : EventManager : Event: ======'player_top_gun_multiball_locks_lock_letter_sound_delay_tick'====== Args={'value': 3, 'prev_value': 2, 'change': 1, 'player_num': 1}
2026-05-17 15:08:32,840 : INFO : EventManager : Event: ======'timer_lock_letter_sound_delay_tick'====== Args={'ticks': 3, 'ticks_remaining': 147}
2026-05-17 15:08:32,840 : INFO : EventManager : Event: ======'player_top_gun_multiball_locks_lock_letter_sound_delay_tick'====== Args={'value': 4, 'prev_value': 3, 'change': 1, 'player_num': 1}
2026-05-17 15:08:32,841 : INFO : EventManager : Event: ======'timer_lock_letter_sound_delay_tick'====== Args={'ticks': 4, 'ticks_remaining': 146}
2026-05-17 15:08:32,841 : INFO : EventManager : Event: ======'player_top_gun_multiball_locks_lock_letter_sound_delay_tick'====== Args={'value': 5, 'prev_value': 4, 'change': 1, 'player_num': 1}
2026-05-17 15:08:32,841 : INFO : EventManager : Event: ======'timer_lock_letter_sound_delay_tick'====== Args={'ticks': 5, 'ticks_remaining': 145}
2026-05-17 15:08:32,841 : INFO : EventManager : Event: ======'player_top_gun_multiball_locks_lock_letter_sound_delay_tick'====== Args={'value': 6, 'prev_value': 5, 'change': 1, 'player_num': 1}
2026-05-17 15:08:32,843 : INFO : EventManager : Event: ======'timer_lock_letter_sound_delay_tick'====== Args={'ticks': 6, 'ticks_remaining': 144}
2026-05-17 15:08:32,843 : INFO : EventManager : Event: ======'player_top_gun_multiball_locks_lock_letter_sound_delay_tick'====== Args={'value': 7, 'prev_value': 6, 'change': 1, 'player_num': 1}
2026-05-17 15:08:32,843 : INFO : EventManager : Event: ======'timer_lock_letter_sound_delay_tick'====== Args={'ticks': 7, 'ticks_remaining': 143}
2026-05-17 15:08:32,844 : INFO : EventManager : Event: ======'player_top_gun_multiball_locks_lock_letter_sound_delay_tick'====== Args={'value': 8, 'prev_value': 7, 'change': 1, 'player_num': 1}
2026-05-17 15:08:32,844 : INFO : EventManager : Event: ======'timer_lock_letter_sound_delay_tick'====== Args={'ticks': 8, 'ticks_remaining': 142}
2026-05-17 15:08:32,844 : INFO : EventManager : Event: ======'player_top_gun_multiball_locks_lock_letter_sound_delay_tick'====== Args={'value': 9, 'prev_value': 8, 'change': 1, 'player_num': 1}
2026-05-17 15:08:32,845 : INFO : EventManager : Event: ======'timer_lock_letter_sound_delay_tick'====== Args={'ticks': 9, 'ticks_remaining': 141}
2026-05-17 15:08:32,845 : INFO : EventManager : Event: ======'player_top_gun_multiball_locks_lock_letter_sound_delay_tick'====== Args={'value': 10, 'prev_value': 9, 'change': 1, 'player_num': 1}
2026-05-17 15:08:32,845 : INFO : EventManager : Event: ======'timer_lock_letter_sound_delay_tick'====== Args={'ticks': 10, 'ticks_remaining': 140}
2026-05-17 15:08:32,846 : INFO : EventManager : Event: ======'player_top_gun_multiball_locks_lock_letter_sound_delay_tick'====== Args={'value': 11, 'prev_value': 10, 'change': 1, 'player_num': 1}
2026-05-17 15:08:32,846 : INFO : EventManager : Event: ======'timer_lock_letter_sound_delay_tick'====== Args={'ticks': 11, 'ticks_remaining': 139}
2026-05-17 15:08:32,846 : INFO : EventManager : Event: ======'player_top_gun_multiball_locks_lock_letter_sound_delay_tick'====== Args={'value': 12, 'prev_value': 11, 'change': 1, 'player_num': 1}
2026-05-17 15:08:32,847 : INFO : EventManager : Event: ======'timer_lock_letter_sound_delay_tick'====== Args={'ticks': 12, 'ticks_remaining': 138}
2026-05-17 15:08:32,847 : INFO : EventManager : Event: ======'player_top_gun_multiball_locks_lock_letter_sound_delay_tick'====== Args={'value': 13, 'prev_value': 12, 'change': 1, 'player_num': 1}
2026-05-17 15:08:32,847 : INFO : EventManager : Event: ======'timer_lock_letter_sound_delay_tick'====== Args={'ticks': 13, 'ticks_remaining': 137}
2026-05-17 15:08:32,848 : INFO : EventManager : Event: ======'player_top_gun_multiball_locks_lock_letter_sound_delay_tick'====== Args={'value': 14, 'prev_value': 13, 'change': 1, 'player_num': 1}
2026-05-17 15:08:32,849 : INFO : EventManager : Event: ======'timer_lock_letter_sound_delay_tick'====== Args={'ticks': 14, 'ticks_remaining': 136}
2026-05-17 15:08:32,849 : INFO : EventManager : Event: ======'player_top_gun_multiball_locks_lock_letter_sound_delay_tick'====== Args={'value': 15, 'prev_value': 14, 'change': 1, 'player_num': 1}
2026-05-17 15:08:32,849 : INFO : EventManager : Event: ======'timer_lock_letter_sound_delay_tick'====== Args={'ticks': 15, 'ticks_remaining': 135}
2026-05-17 15:08:32,850 : INFO : EventManager : Event: ======'player_top_gun_multiball_locks_lock_letter_sound_delay_tick'====== Args={'value': 16, 'prev_value': 15, 'change': 1, 'player_num': 1}
2026-05-17 15:08:32,850 : INFO : EventManager : Event: ======'timer_lock_letter_sound_delay_tick'====== Args={'ticks': 16, 'ticks_remaining': 134}
2026-05-17 15:08:32,850 : INFO : EventManager : Event: ======'player_top_gun_multiball_locks_lock_letter_sound_delay_tick'====== Args={'value': 17, 'prev_value': 16, 'change': 1, 'player_num': 1}
2026-05-17 15:08:32,851 : INFO : EventManager : Event: ======'timer_lock_letter_sound_delay_tick'====== Args={'ticks': 17, 'ticks_remaining': 133}
2026-05-17 15:08:32,851 : INFO : EventManager : Event: ======'player_top_gun_multiball_locks_lock_letter_sound_delay_tick'====== Args={'value': 18, 'prev_value': 17, 'change': 1, 'player_num': 1}
2026-05-17 15:08:32,852 : INFO : EventManager : Event: ======'timer_lock_letter_sound_delay_tick'====== Args={'ticks': 18, 'ticks_remaining': 132}
2026-05-17 15:08:32,852 : INFO : EventManager : Event: ======'player_top_gun_multiball_locks_lock_letter_sound_delay_tick'====== Args={'value': 19, 'prev_value': 18, 'change': 1, 'player_num': 1}
2026-05-17 15:08:32,852 : INFO : EventManager : Event: ======'timer_lock_letter_sound_delay_tick'====== Args={'ticks': 19, 'ticks_remaining': 131}
2026-05-17 15:08:32,853 : INFO : EventManager : Event: ======'player_top_gun_multiball_locks_lock_letter_sound_delay_tick'====== Args={'value': 20, 'prev_value': 19, 'change': 1, 'player_num': 1}
2026-05-17 15:08:32,853 : INFO : EventManager : Event: ======'timer_lock_letter_sound_delay_tick'====== Args={'ticks': 20, 'ticks_remaining': 130}
2026-05-17 15:08:32,853 : INFO : EventManager : Event: ======'player_top_gun_multiball_locks_lock_letter_sound_delay_tick'====== Args={'value': 21, 'prev_value': 20, 'change': 1, 'player_num': 1}
2026-05-17 15:08:32,854 : INFO : EventManager : Event: ======'timer_lock_letter_sound_delay_tick'====== Args={'ticks': 21, 'ticks_remaining': 129}
2026-05-17 15:08:32,854 : INFO : EventManager : Event: ======'player_top_gun_multiball_locks_lock_letter_sound_delay_tick'====== Args={'value': 22, 'prev_value': 21, 'change': 1, 'player_num': 1}
2026-05-17 15:08:32,854 : INFO : EventManager : Event: ======'timer_lock_letter_sound_delay_tick'====== Args={'ticks': 22, 'ticks_remaining': 128}
2026-05-17 15:08:32,855 : INFO : EventManager : Event: ======'player_top_gun_multiball_locks_lock_letter_sound_delay_tick'====== Args={'value': 23, 'prev_value': 22, 'change': 1, 'player_num': 1}
2026-05-17 15:08:32,855 : INFO : EventManager : Event: ======'timer_lock_letter_sound_delay_tick'====== Args={'ticks': 23, 'ticks_remaining': 127}
2026-05-17 15:08:32,855 : INFO : EventManager : Event: ======'player_top_gun_multiball_locks_lock_letter_sound_delay_tick'====== Args={'value': 24, 'prev_value': 23, 'change': 1, 'player_num': 1}
2026-05-17 15:08:32,856 : INFO : EventManager : Event: ======'timer_lock_letter_sound_delay_tick'====== Args={'ticks': 24, 'ticks_remaining': 126}
2026-05-17 15:08:32,856 : INFO : EventManager : Event: ======'player_top_gun_multiball_locks_lock_letter_sound_delay_tick'====== Args={'value': 25, 'prev_value': 24, 'change': 1, 'player_num': 1}
2026-05-17 15:08:32,856 : INFO : EventManager : Event: ======'timer_lock_letter_sound_delay_tick'====== Args={'ticks': 25, 'ticks_remaining': 125}
2026-05-17 15:08:32,858 : INFO : EventManager : Event: ======'player_top_gun_multiball_locks_lock_letter_sound_delay_tick'====== Args={'value': 26, 'prev_value': 25, 'change': 1, 'player_num': 1}
2026-05-17 15:08:32,858 : INFO : EventManager : Event: ======'timer_lock_letter_sound_delay_tick'====== Args={'ticks': 26, 'ticks_remaining': 124}
2026-05-17 15:08:32,858 : INFO : EventManager : Event: ======'player_top_gun_multiball_locks_lock_letter_sound_delay_tick'====== Args={'value': 27, 'prev_value': 26, 'change': 1, 'player_num': 1}
2026-05-17 15:08:32,858 : INFO : EventManager : Event: ======'timer_lock_letter_sound_delay_tick'====== Args={'ticks': 27, 'ticks_remaining': 123}
2026-05-17 15:08:32,858 : INFO : EventManager : Event: ======'player_top_gun_multiball_locks_lock_letter_sound_delay_tick'====== Args={'value': 28, 'prev_value': 27, 'change': 1, 'player_num': 1}
2026-05-17 15:08:32,858 : INFO : EventManager : Event: ======'timer_lock_letter_sound_delay_tick'====== Args={'ticks': 28, 'ticks_remaining': 122}
2026-05-17 15:08:32,859 : INFO : EventManager : Event: ======'player_top_gun_multiball_locks_lock_letter_sound_delay_tick'====== Args={'value': 29, 'prev_value': 28, 'change': 1, 'player_num': 1}
2026-05-17 15:08:32,859 : INFO : EventManager : Event: ======'timer_lock_letter_sound_delay_tick'====== Args={'ticks': 29, 'ticks_remaining': 121}
2026-05-17 15:08:32,860 : INFO : EventManager : Event: ======'player_top_gun_multiball_locks_lock_letter_sound_delay_tick'====== Args={'value': 30, 'prev_value': 29, 'change': 1, 'player_num': 1}
2026-05-17 15:08:32,860 : INFO : EventManager : Event: ======'timer_lock_letter_sound_delay_tick'====== Args={'ticks': 30, 'ticks_remaining': 120}
2026-05-17 15:08:32,860 : INFO : EventManager : Event: ======'player_top_gun_multiball_locks_lock_letter_sound_delay_tick'====== Args={'value': 31, 'prev_value': 30, 'change': 1, 'player_num': 1}
2026-05-17 15:08:32,860 : INFO : EventManager : Event: ======'timer_lock_letter_sound_delay_tick'====== Args={'ticks': 31, 'ticks_remaining': 119}
2026-05-17 15:08:32,863 : INFO : EventManager : Event: ======'player_top_gun_multiball_locks_lock_letter_sound_delay_tick'====== Args={'value': 32, 'prev_value': 31, 'change': 1, 'player_num': 1}
2026-05-17 15:08:32,863 : INFO : EventManager : Event: ======'timer_lock_letter_sound_delay_tick'====== Args={'ticks': 32, 'ticks_remaining': 118}
2026-05-17 15:08:32,864 : INFO : EventManager : Event: ======'player_top_gun_multiball_locks_lock_letter_sound_delay_tick'====== Args={'value': 33, 'prev_value': 32, 'change': 1, 'player_num': 1}
2026-05-17 15:08:32,864 : INFO : EventManager : Event: ======'timer_lock_letter_sound_delay_tick'====== Args={'ticks': 33, 'ticks_remaining': 117}
2026-05-17 15:08:32,864 : INFO : EventManager : Event: ======'player_top_gun_multiball_locks_lock_letter_sound_delay_tick'====== Args={'value': 34, 'prev_value': 33, 'change': 1, 'player_num': 1}
2026-05-17 15:08:32,865 : INFO : EventManager : Event: ======'timer_lock_letter_sound_delay_tick'====== Args={'ticks': 34, 'ticks_remaining': 116}
2026-05-17 15:08:32,865 : INFO : EventManager : Event: ======'player_top_gun_multiball_locks_lock_letter_sound_delay_tick'====== Args={'value': 35, 'prev_value': 34, 'change': 1, 'player_num': 1}
2026-05-17 15:08:32,865 : INFO : EventManager : Event: ======'timer_lock_letter_sound_delay_tick'====== Args={'ticks': 35, 'ticks_remaining': 115}
2026-05-17 15:08:32,866 : INFO : EventManager : Event: ======'player_top_gun_multiball_locks_lock_letter_sound_delay_tick'====== Args={'value': 36, 'prev_value': 35, 'change': 1, 'player_num': 1}
2026-05-17 15:08:32,866 : INFO : EventManager : Event: ======'timer_lock_letter_sound_delay_tick'====== Args={'ticks': 36, 'ticks_remaining': 114}
2026-05-17 15:08:32,867 : INFO : EventManager : Event: ======'player_top_gun_multiball_locks_lock_letter_sound_delay_tick'====== Args={'value': 37, 'prev_value': 36, 'change': 1, 'player_num': 1}
2026-05-17 15:08:32,867 : INFO : EventManager : Event: ======'timer_lock_letter_sound_delay_tick'====== Args={'ticks': 37, 'ticks_remaining': 113}
2026-05-17 15:08:32,867 : INFO : EventManager : Event: ======'player_top_gun_multiball_locks_lock_letter_sound_delay_tick'====== Args={'value': 38, 'prev_value': 37, 'change': 1, 'player_num': 1}
2026-05-17 15:08:32,867 : INFO : EventManager : Event: ======'timer_lock_letter_sound_delay_tick'====== Args={'ticks': 38, 'ticks_remaining': 112}
2026-05-17 15:08:32,869 : INFO : EventManager : Event: ======'player_top_gun_multiball_locks_lock_letter_sound_delay_tick'====== Args={'value': 39, 'prev_value': 38, 'change': 1, 'player_num': 1}
2026-05-17 15:08:32,869 : INFO : EventManager : Event: ======'timer_lock_letter_sound_delay_tick'====== Args={'ticks': 39, 'ticks_remaining': 111}
2026-05-17 15:08:32,869 : INFO : EventManager : Event: ======'player_top_gun_multiball_locks_lock_letter_sound_delay_tick'====== Args={'value': 40, 'prev_value': 39, 'change': 1, 'player_num': 1}
2026-05-17 15:08:32,870 : INFO : EventManager : Event: ======'timer_lock_letter_sound_delay_tick'====== Args={'ticks': 40, 'ticks_remaining': 110}
2026-05-17 15:08:32,870 : INFO : EventManager : Event: ======'player_top_gun_multiball_locks_lock_letter_sound_delay_tick'====== Args={'value': 41, 'prev_value': 40, 'change': 1, 'player_num': 1}
2026-05-17 15:08:32,871 : INFO : EventManager : Event: ======'timer_lock_letter_sound_delay_tick'====== Args={'ticks': 41, 'ticks_remaining': 109}
2026-05-17 15:08:32,871 : INFO : EventManager : Event: ======'player_top_gun_multiball_locks_lock_letter_sound_delay_tick'====== Args={'value': 42, 'prev_value': 41, 'change': 1, 'player_num': 1}
2026-05-17 15:08:32,871 : INFO : EventManager : Event: ======'timer_lock_letter_sound_delay_tick'====== Args={'ticks': 42, 'ticks_remaining': 108}
2026-05-17 15:08:32,871 : INFO : EventManager : Event: ======'player_top_gun_multiball_locks_lock_letter_sound_delay_tick'====== Args={'value': 43, 'prev_value': 42, 'change': 1, 'player_num': 1}
2026-05-17 15:08:32,872 : INFO : EventManager : Event: ======'timer_lock_letter_sound_delay_tick'====== Args={'ticks': 43, 'ticks_remaining': 107}
2026-05-17 15:08:32,872 : INFO : EventManager : Event: ======'player_top_gun_multiball_locks_lock_letter_sound_delay_tick'====== Args={'value': 44, 'prev_value': 43, 'change': 1, 'player_num': 1}
2026-05-17 15:08:32,872 : INFO : EventManager : Event: ======'timer_lock_letter_sound_delay_tick'====== Args={'ticks': 44, 'ticks_remaining': 106}
2026-05-17 15:08:32,873 : INFO : EventManager : Event: ======'player_top_gun_multiball_locks_lock_letter_sound_delay_tick'====== Args={'value': 45, 'prev_value': 44, 'change': 1, 'player_num': 1}
2026-05-17 15:08:32,873 : INFO : EventManager : Event: ======'timer_lock_letter_sound_delay_tick'====== Args={'ticks': 45, 'ticks_remaining': 105}
2026-05-17 15:08:32,873 : INFO : EventManager : Event: ======'player_top_gun_multiball_locks_lock_letter_sound_delay_tick'====== Args={'value': 46, 'prev_value': 45, 'change': 1, 'player_num': 1}
2026-05-17 15:08:32,873 : INFO : EventManager : Event: ======'timer_lock_letter_sound_delay_tick'====== Args={'ticks': 46, 'ticks_remaining': 104}
2026-05-17 15:08:32,874 : INFO : EventManager : Event: ======'player_top_gun_multiball_locks_lock_letter_sound_delay_tick'====== Args={'value': 47, 'prev_value': 46, 'change': 1, 'player_num': 1}
2026-05-17 15:08:32,874 : INFO : EventManager : Event: ======'timer_lock_letter_sound_delay_tick'====== Args={'ticks': 47, 'ticks_remaining': 103}
2026-05-17 15:08:32,879 : INFO : EventManager : Event: ======'player_top_gun_multiball_locks_lock_letter_sound_delay_tick'====== Args={'value': 48, 'prev_value': 47, 'change': 1, 'player_num': 1}
2026-05-17 15:08:32,879 : INFO : EventManager : Event: ======'timer_lock_letter_sound_delay_tick'====== Args={'ticks': 48, 'ticks_remaining': 102}
2026-05-17 15:08:32,879 : INFO : EventManager : Event: ======'player_top_gun_multiball_locks_lock_letter_sound_delay_tick'====== Args={'value': 49, 'prev_value': 48, 'change': 1, 'player_num': 1}
2026-05-17 15:08:32,880 : INFO : EventManager : Event: ======'timer_lock_letter_sound_delay_tick'====== Args={'ticks': 49, 'ticks_remaining': 101}
2026-05-17 15:08:32,880 : INFO : EventManager : Event: ======'player_top_gun_multiball_locks_lock_letter_sound_delay_tick'====== Args={'value': 50, 'prev_value': 49, 'change': 1, 'player_num': 1}
2026-05-17 15:08:32,880 : INFO : EventManager : Event: ======'timer_lock_letter_sound_delay_tick'====== Args={'ticks': 50, 'ticks_remaining': 100}
2026-05-17 15:08:32,881 : INFO : EventManager : Event: ======'player_top_gun_multiball_locks_lock_letter_sound_delay_tick'====== Args={'value': 51, 'prev_value': 50, 'change': 1, 'player_num': 1}
2026-05-17 15:08:32,881 : INFO : EventManager : Event: ======'timer_lock_letter_sound_delay_tick'====== Args={'ticks': 51, 'ticks_remaining': 99}
2026-05-17 15:08:32,881 : INFO : EventManager : Event: ======'player_top_gun_multiball_locks_lock_letter_sound_delay_tick'====== Args={'value': 52, 'prev_value': 51, 'change': 1, 'player_num': 1}
2026-05-17 15:08:32,882 : INFO : EventManager : Event: ======'timer_lock_letter_sound_delay_tick'====== Args={'ticks': 52, 'ticks_remaining': 98}
2026-05-17 15:08:32,882 : INFO : EventManager : Event: ======'player_top_gun_multiball_locks_lock_letter_sound_delay_tick'====== Args={'value': 53, 'prev_value': 52, 'change': 1, 'player_num': 1}
2026-05-17 15:08:32,882 : INFO : EventManager : Event: ======'timer_lock_letter_sound_delay_tick'====== Args={'ticks': 53, 'ticks_remaining': 97}
2026-05-17 15:08:32,883 : INFO : EventManager : Event: ======'player_top_gun_multiball_locks_lock_letter_sound_delay_tick'====== Args={'value': 54, 'prev_value': 53, 'change': 1, 'player_num': 1}
2026-05-17 15:08:32,883 : INFO : EventManager : Event: ======'timer_lock_letter_sound_delay_tick'====== Args={'ticks': 54, 'ticks_remaining': 96}
2026-05-17 15:08:32,884 : INFO : EventManager : Event: ======'player_top_gun_multiball_locks_lock_letter_sound_delay_tick'====== Args={'value': 55, 'prev_value': 54, 'change': 1, 'player_num': 1}
2026-05-17 15:08:32,884 : INFO : EventManager : Event: ======'timer_lock_letter_sound_delay_tick'====== Args={'ticks': 55, 'ticks_remaining': 95}
2026-05-17 15:08:32,884 : INFO : EventManager : Event: ======'player_top_gun_multiball_locks_lock_letter_sound_delay_tick'====== Args={'value': 56, 'prev_value': 55, 'change': 1, 'player_num': 1}
2026-05-17 15:08:32,885 : INFO : EventManager : Event: ======'timer_lock_letter_sound_delay_tick'====== Args={'ticks': 56, 'ticks_remaining': 94}
2026-05-17 15:08:32,885 : INFO : EventManager : Event: ======'player_top_gun_multiball_locks_lock_letter_sound_delay_tick'====== Args={'value': 57, 'prev_value': 56, 'change': 1, 'player_num': 1}
2026-05-17 15:08:32,886 : INFO : EventManager : Event: ======'timer_lock_letter_sound_delay_tick'====== Args={'ticks': 57, 'ticks_remaining': 93}
2026-05-17 15:08:32,886 : INFO : EventManager : Event: ======'player_top_gun_multiball_locks_lock_letter_sound_delay_tick'====== Args={'value': 58, 'prev_value': 57, 'change': 1, 'player_num': 1}
2026-05-17 15:08:32,886 : INFO : EventManager : Event: ======'timer_lock_letter_sound_delay_tick'====== Args={'ticks': 58, 'ticks_remaining': 92}
2026-05-17 15:08:32,888 : INFO : EventManager : Event: ======'player_top_gun_multiball_locks_lock_letter_sound_delay_tick'====== Args={'value': 59, 'prev_value': 58, 'change': 1, 'player_num': 1}
2026-05-17 15:08:32,888 : INFO : EventManager : Event: ======'timer_lock_letter_sound_delay_tick'====== Args={'ticks': 59, 'ticks_remaining': 91}
2026-05-17 15:08:32,888 : INFO : EventManager : Event: ======'player_top_gun_multiball_locks_lock_letter_sound_delay_tick'====== Args={'value': 60, 'prev_value': 59, 'change': 1, 'player_num': 1}
2026-05-17 15:08:32,888 : INFO : EventManager : Event: ======'timer_lock_letter_sound_delay_tick'====== Args={'ticks': 60, 'ticks_remaining': 90}
2026-05-17 15:08:32,888 : INFO : EventManager : Event: ======'player_top_gun_multiball_locks_lock_letter_sound_delay_tick'====== Args={'value': 61, 'prev_value': 60, 'change': 1, 'player_num': 1}
2026-05-17 15:08:32,889 : INFO : EventManager : Event: ======'timer_lock_letter_sound_delay_tick'====== Args={'ticks': 61, 'ticks_remaining': 89}
2026-05-17 15:08:32,889 : INFO : EventManager : Event: ======'player_top_gun_multiball_locks_lock_letter_sound_delay_tick'====== Args={'value': 62, 'prev_value': 61, 'change': 1, 'player_num': 1}
2026-05-17 15:08:32,889 : INFO : EventManager : Event: ======'timer_lock_letter_sound_delay_tick'====== Args={'ticks': 62, 'ticks_remaining': 88}
2026-05-17 15:08:32,894 : INFO : EventManager : Event: ======'player_top_gun_multiball_locks_lock_letter_sound_delay_tick'====== Args={'value': 63, 'prev_value': 62, 'change': 1, 'player_num': 1}
2026-05-17 15:08:32,894 : INFO : EventManager : Event: ======'timer_lock_letter_sound_delay_tick'====== Args={'ticks': 63, 'ticks_remaining': 87}
2026-05-17 15:08:32,895 : INFO : EventManager : Event: ======'player_top_gun_multiball_locks_lock_letter_sound_delay_tick'====== Args={'value': 64, 'prev_value': 63, 'change': 1, 'player_num': 1}
2026-05-17 15:08:32,895 : INFO : EventManager : Event: ======'timer_lock_letter_sound_delay_tick'====== Args={'ticks': 64, 'ticks_remaining': 86}
2026-05-17 15:08:32,896 : INFO : EventManager : Event: ======'player_top_gun_multiball_locks_lock_letter_sound_delay_tick'====== Args={'value': 65, 'prev_value': 64, 'change': 1, 'player_num': 1}
2026-05-17 15:08:32,896 : INFO : EventManager : Event: ======'timer_lock_letter_sound_delay_tick'====== Args={'ticks': 65, 'ticks_remaining': 85}
2026-05-17 15:08:32,897 : INFO : EventManager : Event: ======'player_top_gun_multiball_locks_lock_letter_sound_delay_tick'====== Args={'value': 66, 'prev_value': 65, 'change': 1, 'player_num': 1}
2026-05-17 15:08:32,897 : INFO : EventManager : Event: ======'timer_lock_letter_sound_delay_tick'====== Args={'ticks': 66, 'ticks_remaining': 84}
2026-05-17 15:08:32,897 : INFO : EventManager : Event: ======'player_top_gun_multiball_locks_lock_letter_sound_delay_tick'====== Args={'value': 67, 'prev_value': 66, 'change': 1, 'player_num': 1}
2026-05-17 15:08:32,899 : INFO : EventManager : Event: ======'timer_lock_letter_sound_delay_tick'====== Args={'ticks': 67, 'ticks_remaining': 83}
2026-05-17 15:08:32,899 : INFO : EventManager : Event: ======'player_top_gun_multiball_locks_lock_letter_sound_delay_tick'====== Args={'value': 68, 'prev_value': 67, 'change': 1, 'player_num': 1}
2026-05-17 15:08:32,899 : INFO : EventManager : Event: ======'timer_lock_letter_sound_delay_tick'====== Args={'ticks': 68, 'ticks_remaining': 82}
2026-05-17 15:08:32,900 : INFO : EventManager : Event: ======'player_top_gun_multiball_locks_lock_letter_sound_delay_tick'====== Args={'value': 69, 'prev_value': 68, 'change': 1, 'player_num': 1}
2026-05-17 15:08:32,900 : INFO : EventManager : Event: ======'timer_lock_letter_sound_delay_tick'====== Args={'ticks': 69, 'ticks_remaining': 81}
2026-05-17 15:08:32,901 : INFO : EventManager : Event: ======'player_top_gun_multiball_locks_lock_letter_sound_delay_tick'====== Args={'value': 70, 'prev_value': 69, 'change': 1, 'player_num': 1}
2026-05-17 15:08:32,901 : INFO : EventManager : Event: ======'timer_lock_letter_sound_delay_tick'====== Args={'ticks': 70, 'ticks_remaining': 80}
2026-05-17 15:08:32,901 : INFO : EventManager : Event: ======'player_top_gun_multiball_locks_lock_letter_sound_delay_tick'====== Args={'value': 71, 'prev_value': 70, 'change': 1, 'player_num': 1}
2026-05-17 15:08:32,902 : INFO : EventManager : Event: ======'timer_lock_letter_sound_delay_tick'====== Args={'ticks': 71, 'ticks_remaining': 79}
2026-05-17 15:08:32,902 : INFO : EventManager : Event: ======'player_top_gun_multiball_locks_lock_letter_sound_delay_tick'====== Args={'value': 72, 'prev_value': 71, 'change': 1, 'player_num': 1}
2026-05-17 15:08:32,903 : INFO : EventManager : Event: ======'timer_lock_letter_sound_delay_tick'====== Args={'ticks': 72, 'ticks_remaining': 78}
2026-05-17 15:08:32,903 : INFO : EventManager : Event: ======'player_top_gun_multiball_locks_lock_letter_sound_delay_tick'====== Args={'value': 73, 'prev_value': 72, 'change': 1, 'player_num': 1}
2026-05-17 15:08:32,903 : INFO : EventManager : Event: ======'timer_lock_letter_sound_delay_tick'====== Args={'ticks': 73, 'ticks_remaining': 77}
2026-05-17 15:08:32,904 : INFO : EventManager : Event: ======'player_top_gun_multiball_locks_lock_letter_sound_delay_tick'====== Args={'value': 74, 'prev_value': 73, 'change': 1, 'player_num': 1}
2026-05-17 15:08:32,904 : INFO : EventManager : Event: ======'timer_lock_letter_sound_delay_tick'====== Args={'ticks': 74, 'ticks_remaining': 76}
2026-05-17 15:08:32,905 : INFO : EventManager : Event: ======'player_top_gun_multiball_locks_lock_letter_sound_delay_tick'====== Args={'value': 75, 'prev_value': 74, 'change': 1, 'player_num': 1}
2026-05-17 15:08:32,905 : INFO : EventManager : Event: ======'timer_lock_letter_sound_delay_tick'====== Args={'ticks': 75, 'ticks_remaining': 75}
2026-05-17 15:08:32,905 : INFO : EventManager : Event: ======'player_top_gun_multiball_locks_lock_letter_sound_delay_tick'====== Args={'value': 76, 'prev_value': 75, 'change': 1, 'player_num': 1}
2026-05-17 15:08:32,906 : INFO : EventManager : Event: ======'timer_lock_letter_sound_delay_tick'====== Args={'ticks': 76, 'ticks_remaining': 74}
2026-05-17 15:08:32,906 : INFO : EventManager : Event: ======'player_top_gun_multiball_locks_lock_letter_sound_delay_tick'====== Args={'value': 77, 'prev_value': 76, 'change': 1, 'player_num': 1}
2026-05-17 15:08:32,906 : INFO : EventManager : Event: ======'timer_lock_letter_sound_delay_tick'====== Args={'ticks': 77, 'ticks_remaining': 73}
2026-05-17 15:08:32,906 : INFO : EventManager : Event: ======'player_top_gun_multiball_locks_lock_letter_sound_delay_tick'====== Args={'value': 78, 'prev_value': 77, 'change': 1, 'player_num': 1}
2026-05-17 15:08:32,907 : INFO : EventManager : Event: ======'timer_lock_letter_sound_delay_tick'====== Args={'ticks': 78, 'ticks_remaining': 72}
2026-05-17 15:08:32,910 : INFO : EventManager : Event: ======'player_top_gun_multiball_locks_lock_letter_sound_delay_tick'====== Args={'value': 79, 'prev_value': 78, 'change': 1, 'player_num': 1}
2026-05-17 15:08:32,910 : INFO : EventManager : Event: ======'timer_lock_letter_sound_delay_tick'====== Args={'ticks': 79, 'ticks_remaining': 71}
2026-05-17 15:08:32,910 : INFO : EventManager : Event: ======'player_top_gun_multiball_locks_lock_letter_sound_delay_tick'====== Args={'value': 80, 'prev_value': 79, 'change': 1, 'player_num': 1}
2026-05-17 15:08:32,910 : INFO : EventManager : Event: ======'timer_lock_letter_sound_delay_tick'====== Args={'ticks': 80, 'ticks_remaining': 70}
2026-05-17 15:08:32,911 : INFO : EventManager : Event: ======'player_top_gun_multiball_locks_lock_letter_sound_delay_tick'====== Args={'value': 81, 'prev_value': 80, 'change': 1, 'player_num': 1}
2026-05-17 15:08:32,911 : INFO : EventManager : Event: ======'timer_lock_letter_sound_delay_tick'====== Args={'ticks': 81, 'ticks_remaining': 69}
2026-05-17 15:08:32,911 : INFO : EventManager : Event: ======'player_top_gun_multiball_locks_lock_letter_sound_delay_tick'====== Args={'value': 82, 'prev_value': 81, 'change': 1, 'player_num': 1}
2026-05-17 15:08:32,911 : INFO : EventManager : Event: ======'timer_lock_letter_sound_delay_tick'====== Args={'ticks': 82, 'ticks_remaining': 68}
2026-05-17 15:08:32,912 : INFO : EventManager : Event: ======'player_top_gun_multiball_locks_lock_letter_sound_delay_tick'====== Args={'value': 83, 'prev_value': 82, 'change': 1, 'player_num': 1}
2026-05-17 15:08:32,912 : INFO : EventManager : Event: ======'timer_lock_letter_sound_delay_tick'====== Args={'ticks': 83, 'ticks_remaining': 67}
2026-05-17 15:08:32,912 : INFO : EventManager : Event: ======'player_top_gun_multiball_locks_lock_letter_sound_delay_tick'====== Args={'value': 84, 'prev_value': 83, 'change': 1, 'player_num': 1}
2026-05-17 15:08:32,913 : INFO : EventManager : Event: ======'timer_lock_letter_sound_delay_tick'====== Args={'ticks': 84, 'ticks_remaining': 66}
2026-05-17 15:08:32,913 : INFO : EventManager : Event: ======'player_top_gun_multiball_locks_lock_letter_sound_delay_tick'====== Args={'value': 85, 'prev_value': 84, 'change': 1, 'player_num': 1}
2026-05-17 15:08:32,915 : INFO : EventManager : Event: ======'timer_lock_letter_sound_delay_tick'====== Args={'ticks': 85, 'ticks_remaining': 65}
2026-05-17 15:08:32,915 : INFO : EventManager : Event: ======'player_top_gun_multiball_locks_lock_letter_sound_delay_tick'====== Args={'value': 86, 'prev_value': 85, 'change': 1, 'player_num': 1}
2026-05-17 15:08:32,916 : INFO : EventManager : Event: ======'timer_lock_letter_sound_delay_tick'====== Args={'ticks': 86, 'ticks_remaining': 64}
2026-05-17 15:08:32,916 : INFO : EventManager : Event: ======'player_top_gun_multiball_locks_lock_letter_sound_delay_tick'====== Args={'value': 87, 'prev_value': 86, 'change': 1, 'player_num': 1}
2026-05-17 15:08:32,916 : INFO : EventManager : Event: ======'timer_lock_letter_sound_delay_tick'====== Args={'ticks': 87, 'ticks_remaining': 63}
2026-05-17 15:08:32,917 : INFO : EventManager : Event: ======'player_top_gun_multiball_locks_lock_letter_sound_delay_tick'====== Args={'value': 88, 'prev_value': 87, 'change': 1, 'player_num': 1}
2026-05-17 15:08:32,917 : INFO : EventManager : Event: ======'timer_lock_letter_sound_delay_tick'====== Args={'ticks': 88, 'ticks_remaining': 62}
2026-05-17 15:08:32,918 : INFO : EventManager : Event: ======'player_top_gun_multiball_locks_lock_letter_sound_delay_tick'====== Args={'value': 89, 'prev_value': 88, 'change': 1, 'player_num': 1}
2026-05-17 15:08:32,918 : INFO : EventManager : Event: ======'timer_lock_letter_sound_delay_tick'====== Args={'ticks': 89, 'ticks_remaining': 61}
2026-05-17 15:08:32,918 : INFO : EventManager : Event: ======'player_top_gun_multiball_locks_lock_letter_sound_delay_tick'====== Args={'value': 90, 'prev_value': 89, 'change': 1, 'player_num': 1}
2026-05-17 15:08:32,919 : INFO : EventManager : Event: ======'timer_lock_letter_sound_delay_tick'====== Args={'ticks': 90, 'ticks_remaining': 60}
2026-05-17 15:08:32,919 : INFO : EventManager : Event: ======'player_top_gun_multiball_locks_lock_letter_sound_delay_tick'====== Args={'value': 91, 'prev_value': 90, 'change': 1, 'player_num': 1}
2026-05-17 15:08:32,919 : INFO : EventManager : Event: ======'timer_lock_letter_sound_delay_tick'====== Args={'ticks': 91, 'ticks_remaining': 59}
2026-05-17 15:08:32,920 : INFO : EventManager : Event: ======'player_top_gun_multiball_locks_lock_letter_sound_delay_tick'====== Args={'value': 92, 'prev_value': 91, 'change': 1, 'player_num': 1}
2026-05-17 15:08:32,920 : INFO : EventManager : Event: ======'timer_lock_letter_sound_delay_tick'====== Args={'ticks': 92, 'ticks_remaining': 58}
2026-05-17 15:08:32,920 : INFO : EventManager : Event: ======'player_top_gun_multiball_locks_lock_letter_sound_delay_tick'====== Args={'value': 93, 'prev_value': 92, 'change': 1, 'player_num': 1}
2026-05-17 15:08:32,920 : INFO : EventManager : Event: ======'timer_lock_letter_sound_delay_tick'====== Args={'ticks': 93, 'ticks_remaining': 57}
2026-05-17 15:08:32,921 : INFO : EventManager : Event: ======'player_top_gun_multiball_locks_lock_letter_sound_delay_tick'====== Args={'value': 94, 'prev_value': 93, 'change': 1, 'player_num': 1}
2026-05-17 15:08:32,921 : INFO : EventManager : Event: ======'timer_lock_letter_sound_delay_tick'====== Args={'ticks': 94, 'ticks_remaining': 56}
2026-05-17 15:08:32,926 : INFO : EventManager : Event: ======'player_top_gun_multiball_locks_lock_letter_sound_delay_tick'====== Args={'value': 95, 'prev_value': 94, 'change': 1, 'player_num': 1}
2026-05-17 15:08:32,926 : INFO : EventManager : Event: ======'timer_lock_letter_sound_delay_tick'====== Args={'ticks': 95, 'ticks_remaining': 55}
2026-05-17 15:08:32,926 : INFO : EventManager : Event: ======'player_top_gun_multiball_locks_lock_letter_sound_delay_tick'====== Args={'value': 96, 'prev_value': 95, 'change': 1, 'player_num': 1}
2026-05-17 15:08:32,927 : INFO : EventManager : Event: ======'timer_lock_letter_sound_delay_tick'====== Args={'ticks': 96, 'ticks_remaining': 54}
2026-05-17 15:08:32,927 : INFO : EventManager : Event: ======'player_top_gun_multiball_locks_lock_letter_sound_delay_tick'====== Args={'value': 97, 'prev_value': 96, 'change': 1, 'player_num': 1}
2026-05-17 15:08:32,928 : INFO : EventManager : Event: ======'timer_lock_letter_sound_delay_tick'====== Args={'ticks': 97, 'ticks_remaining': 53}
2026-05-17 15:08:32,928 : INFO : EventManager : Event: ======'player_top_gun_multiball_locks_lock_letter_sound_delay_tick'====== Args={'value': 98, 'prev_value': 97, 'change': 1, 'player_num': 1}
2026-05-17 15:08:32,928 : INFO : EventManager : Event: ======'timer_lock_letter_sound_delay_tick'====== Args={'ticks': 98, 'ticks_remaining': 52}
2026-05-17 15:08:32,929 : INFO : EventManager : Event: ======'player_top_gun_multiball_locks_lock_letter_sound_delay_tick'====== Args={'value': 99, 'prev_value': 98, 'change': 1, 'player_num': 1}
2026-05-17 15:08:32,929 : INFO : EventManager : Event: ======'timer_lock_letter_sound_delay_tick'====== Args={'ticks': 99, 'ticks_remaining': 51}
2026-05-17 15:08:32,929 : INFO : EventManager : Event: ======'player_top_gun_multiball_locks_lock_letter_sound_delay_tick'====== Args={'value': 100, 'prev_value': 99, 'change': 1, 'player_num': 1}
2026-05-17 15:08:32,930 : INFO : EventManager : Event: ======'timer_lock_letter_sound_delay_tick'====== Args={'ticks': 100, 'ticks_remaining': 50}
2026-05-17 15:08:32,930 : INFO : EventManager : Event: ======'player_top_gun_multiball_locks_lock_letter_sound_delay_tick'====== Args={'value': 101, 'prev_value': 100, 'change': 1, 'player_num': 1}
2026-05-17 15:08:32,930 : INFO : EventManager : Event: ======'timer_lock_letter_sound_delay_tick'====== Args={'ticks': 101, 'ticks_remaining': 49}
2026-05-17 15:08:32,931 : INFO : EventManager : Event: ======'player_top_gun_multiball_locks_lock_letter_sound_delay_tick'====== Args={'value': 102, 'prev_value': 101, 'change': 1, 'player_num': 1}
2026-05-17 15:08:32,931 : INFO : EventManager : Event: ======'timer_lock_letter_sound_delay_tick'====== Args={'ticks': 102, 'ticks_remaining': 48}
2026-05-17 15:08:32,932 : INFO : EventManager : Event: ======'player_top_gun_multiball_locks_lock_letter_sound_delay_tick'====== Args={'value': 103, 'prev_value': 102, 'change': 1, 'player_num': 1}
2026-05-17 15:08:32,932 : INFO : EventManager : Event: ======'timer_lock_letter_sound_delay_tick'====== Args={'ticks': 103, 'ticks_remaining': 47}
2026-05-17 15:08:32,933 : INFO : EventManager : Event: ======'player_top_gun_multiball_locks_lock_letter_sound_delay_tick'====== Args={'value': 104, 'prev_value': 103, 'change': 1, 'player_num': 1}
2026-05-17 15:08:32,933 : INFO : EventManager : Event: ======'timer_lock_letter_sound_delay_tick'====== Args={'ticks': 104, 'ticks_remaining': 46}
2026-05-17 15:08:32,934 : INFO : EventManager : Event: ======'player_top_gun_multiball_locks_lock_letter_sound_delay_tick'====== Args={'value': 105, 'prev_value': 104, 'change': 1, 'player_num': 1}
2026-05-17 15:08:32,934 : INFO : EventManager : Event: ======'timer_lock_letter_sound_delay_tick'====== Args={'ticks': 105, 'ticks_remaining': 45}
2026-05-17 15:08:32,934 : INFO : EventManager : Event: ======'player_top_gun_multiball_locks_lock_letter_sound_delay_tick'====== Args={'value': 106, 'prev_value': 105, 'change': 1, 'player_num': 1}
2026-05-17 15:08:32,935 : INFO : EventManager : Event: ======'timer_lock_letter_sound_delay_tick'====== Args={'ticks': 106, 'ticks_remaining': 44}
2026-05-17 15:08:32,935 : INFO : EventManager : Event: ======'player_top_gun_multiball_locks_lock_letter_sound_delay_tick'====== Args={'value': 107, 'prev_value': 106, 'change': 1, 'player_num': 1}
2026-05-17 15:08:32,936 : INFO : EventManager : Event: ======'timer_lock_letter_sound_delay_tick'====== Args={'ticks': 107, 'ticks_remaining': 43}
2026-05-17 15:08:32,936 : INFO : EventManager : Event: ======'player_top_gun_multiball_locks_lock_letter_sound_delay_tick'====== Args={'value': 108, 'prev_value': 107, 'change': 1, 'player_num': 1}
2026-05-17 15:08:32,936 : INFO : EventManager : Event: ======'timer_lock_letter_sound_delay_tick'====== Args={'ticks': 108, 'ticks_remaining': 42}
2026-05-17 15:08:32,937 : INFO : EventManager : Event: ======'player_top_gun_multiball_locks_lock_letter_sound_delay_tick'====== Args={'value': 109, 'prev_value': 108, 'change': 1, 'player_num': 1}
2026-05-17 15:08:32,937 : INFO : EventManager : Event: ======'timer_lock_letter_sound_delay_tick'====== Args={'ticks': 109, 'ticks_remaining': 41}
2026-05-17 15:08:32,941 : INFO : EventManager : Event: ======'player_top_gun_multiball_locks_lock_letter_sound_delay_tick'====== Args={'value': 110, 'prev_value': 109, 'change': 1, 'player_num': 1}
2026-05-17 15:08:32,941 : INFO : EventManager : Event: ======'timer_lock_letter_sound_delay_tick'====== Args={'ticks': 110, 'ticks_remaining': 40}
2026-05-17 15:08:32,942 : INFO : EventManager : Event: ======'player_top_gun_multiball_locks_lock_letter_sound_delay_tick'====== Args={'value': 111, 'prev_value': 110, 'change': 1, 'player_num': 1}
2026-05-17 15:08:32,942 : INFO : EventManager : Event: ======'timer_lock_letter_sound_delay_tick'====== Args={'ticks': 111, 'ticks_remaining': 39}
2026-05-17 15:08:32,942 : INFO : SwitchController : <<<<<<< 's_c_iceman_target' active >>>>>>>
2026-05-17 15:08:32,942 : INFO : EventManager : Event: ======'s_c_iceman_target_active'====== Args={}
2026-05-17 15:08:32,942 : INFO : EventManager : Event: ======'sw_playfield_active'====== Args={}
2026-05-17 15:08:32,942 : INFO : EventManager : Event: ======'sw_playfield_active'====== Args={}
2026-05-17 15:08:32,942 : INFO : EventManager : Event: ======'machine_var_audits_switches_s_c_iceman_target'====== Args={'value': 1967, 'prev_value': 1966, 'change': 1}
2026-05-17 15:08:32,943 : INFO : EventManager : Event: ======'player_top_gun_multiball_locks_lock_letter_sound_delay_tick'====== Args={'value': 112, 'prev_value': 111, 'change': 1, 'player_num': 1}
2026-05-17 15:08:32,943 : INFO : EventManager : Event: ======'timer_lock_letter_sound_delay_tick'====== Args={'ticks': 112, 'ticks_remaining': 38}
2026-05-17 15:08:32,943 : INFO : EventManager : Event: ======'check_ice_man_complete'====== Args={'priority': 0}
2026-05-17 15:08:32,943 : INFO : EventManager : Event: ======'player_hd_sw_iceman_c'====== Args={'value': 1, 'prev_value': 0, 'change': 1, 'player_num': 1, 'source': 'hard_deck_qualifiers'}
2026-05-17 15:08:32,943 : INFO : EventManager : Event: ======'player_score'====== Args={'value': 616500, 'prev_value': 614500, 'change': 2000, 'player_num': 1, 'source': 'base'}
2026-05-17 15:08:32,943 : INFO : EventManager : Event: ======'player_bonus_switches_count'====== Args={'value': 45, 'prev_value': 44, 'change': 1, 'player_num': 1, 'source': 'base'}
2026-05-17 15:08:32,944 : INFO : EventManager : Event: ======'player_top_gun_multiball_locks_lock_letter_sound_delay_tick'====== Args={'value': 113, 'prev_value': 112, 'change': 1, 'player_num': 1}
2026-05-17 15:08:32,944 : INFO : EventManager : Event: ======'timer_lock_letter_sound_delay_tick'====== Args={'ticks': 113, 'ticks_remaining': 37}
2026-05-17 15:08:32,945 : INFO : EventManager : Event: ======'player_top_gun_multiball_locks_lock_letter_sound_delay_tick'====== Args={'value': 114, 'prev_value': 113, 'change': 1, 'player_num': 1}
2026-05-17 15:08:32,945 : INFO : EventManager : Event: ======'timer_lock_letter_sound_delay_tick'====== Args={'ticks': 114, 'ticks_remaining': 36}
2026-05-17 15:08:32,945 : INFO : EventManager : Event: ======'player_top_gun_multiball_locks_lock_letter_sound_delay_tick'====== Args={'value': 115, 'prev_value': 114, 'change': 1, 'player_num': 1}
2026-05-17 15:08:32,947 : INFO : EventManager : Event: ======'timer_lock_letter_sound_delay_tick'====== Args={'ticks': 115, 'ticks_remaining': 35}
2026-05-17 15:08:32,947 : INFO : EventManager : Event: ======'player_top_gun_multiball_locks_lock_letter_sound_delay_tick'====== Args={'value': 116, 'prev_value': 115, 'change': 1, 'player_num': 1}
2026-05-17 15:08:32,947 : INFO : EventManager : Event: ======'timer_lock_letter_sound_delay_tick'====== Args={'ticks': 116, 'ticks_remaining': 34}
2026-05-17 15:08:32,948 : INFO : EventManager : Event: ======'player_top_gun_multiball_locks_lock_letter_sound_delay_tick'====== Args={'value': 117, 'prev_value': 116, 'change': 1, 'player_num': 1}
2026-05-17 15:08:32,948 : INFO : EventManager : Event: ======'timer_lock_letter_sound_delay_tick'====== Args={'ticks': 117, 'ticks_remaining': 33}
2026-05-17 15:08:32,949 : INFO : EventManager : Event: ======'player_top_gun_multiball_locks_lock_letter_sound_delay_tick'====== Args={'value': 118, 'prev_value': 117, 'change': 1, 'player_num': 1}
2026-05-17 15:08:32,949 : INFO : EventManager : Event: ======'timer_lock_letter_sound_delay_tick'====== Args={'ticks': 118, 'ticks_remaining': 32}
2026-05-17 15:08:32,949 : INFO : EventManager : Event: ======'player_top_gun_multiball_locks_lock_letter_sound_delay_tick'====== Args={'value': 119, 'prev_value': 118, 'change': 1, 'player_num': 1}
2026-05-17 15:08:32,950 : INFO : EventManager : Event: ======'timer_lock_letter_sound_delay_tick'====== Args={'ticks': 119, 'ticks_remaining': 31}
2026-05-17 15:08:32,950 : INFO : SwitchController : <<<<<<< 's_c_iceman_target' inactive >>>>>>>
2026-05-17 15:08:32,950 : INFO : EventManager : Event: ======'player_top_gun_multiball_locks_lock_letter_sound_delay_tick'====== Args={'value': 120, 'prev_value': 119, 'change': 1, 'player_num': 1}
2026-05-17 15:08:32,951 : INFO : EventManager : Event: ======'timer_lock_letter_sound_delay_tick'====== Args={'ticks': 120, 'ticks_remaining': 30}
2026-05-17 15:08:32,951 : INFO : EventManager : Event: ======'player_top_gun_multiball_locks_lock_letter_sound_delay_tick'====== Args={'value': 121, 'prev_value': 120, 'change': 1, 'player_num': 1}
2026-05-17 15:08:32,951 : INFO : EventManager : Event: ======'timer_lock_letter_sound_delay_tick'====== Args={'ticks': 121, 'ticks_remaining': 29}
2026-05-17 15:08:32,952 : INFO : EventManager : Event: ======'player_top_gun_multiball_locks_lock_letter_sound_delay_tick'====== Args={'value': 122, 'prev_value': 121, 'change': 1, 'player_num': 1}
2026-05-17 15:08:32,952 : INFO : EventManager : Event: ======'timer_lock_letter_sound_delay_tick'====== Args={'ticks': 122, 'ticks_remaining': 28}
2026-05-17 15:08:32,953 : INFO : EventManager : Event: ======'player_top_gun_multiball_locks_lock_letter_sound_delay_tick'====== Args={'value': 123, 'prev_value': 122, 'change': 1, 'player_num': 1}
2026-05-17 15:08:32,953 : INFO : EventManager : Event: ======'timer_lock_letter_sound_delay_tick'====== Args={'ticks': 123, 'ticks_remaining': 27}
2026-05-17 15:08:32,953 : INFO : EventManager : Event: ======'player_top_gun_multiball_locks_lock_letter_sound_delay_tick'====== Args={'value': 124, 'prev_value': 123, 'change': 1, 'player_num': 1}
2026-05-17 15:08:32,954 : INFO : EventManager : Event: ======'timer_lock_letter_sound_delay_tick'====== Args={'ticks': 124, 'ticks_remaining': 26}
2026-05-17 15:08:32,954 : INFO : EventManager : Event: ======'player_top_gun_multiball_locks_lock_letter_sound_delay_tick'====== Args={'value': 125, 'prev_value': 124, 'change': 1, 'player_num': 1}
2026-05-17 15:08:32,954 : INFO : EventManager : Event: ======'timer_lock_letter_sound_delay_tick'====== Args={'ticks': 125, 'ticks_remaining': 25}
2026-05-17 15:08:32,955 : INFO : EventManager : Event: ======'player_top_gun_multiball_locks_lock_letter_sound_delay_tick'====== Args={'value': 126, 'prev_value': 125, 'change': 1, 'player_num': 1}
2026-05-17 15:08:32,955 : INFO : EventManager : Event: ======'timer_lock_letter_sound_delay_tick'====== Args={'ticks': 126, 'ticks_remaining': 24}
2026-05-17 15:08:32,956 : INFO : EventManager : Event: ======'player_top_gun_multiball_locks_lock_letter_sound_delay_tick'====== Args={'value': 127, 'prev_value': 126, 'change': 1, 'player_num': 1}
2026-05-17 15:08:32,956 : INFO : EventManager : Event: ======'timer_lock_letter_sound_delay_tick'====== Args={'ticks': 127, 'ticks_remaining': 23}
2026-05-17 15:08:32,956 : INFO : EventManager : Event: ======'player_top_gun_multiball_locks_lock_letter_sound_delay_tick'====== Args={'value': 128, 'prev_value': 127, 'change': 1, 'player_num': 1}
2026-05-17 15:08:32,957 : INFO : EventManager : Event: ======'timer_lock_letter_sound_delay_tick'====== Args={'ticks': 128, 'ticks_remaining': 22}
2026-05-17 15:08:32,957 : INFO : EventManager : Event: ======'player_top_gun_multiball_locks_lock_letter_sound_delay_tick'====== Args={'value': 129, 'prev_value': 128, 'change': 1, 'player_num': 1}
2026-05-17 15:08:32,957 : INFO : EventManager : Event: ======'timer_lock_letter_sound_delay_tick'====== Args={'ticks': 129, 'ticks_remaining': 21}
2026-05-17 15:08:32,958 : INFO : EventManager : Event: ======'player_top_gun_multiball_locks_lock_letter_sound_delay_tick'====== Args={'value': 130, 'prev_value': 129, 'change': 1, 'player_num': 1}
2026-05-17 15:08:32,958 : INFO : EventManager : Event: ======'timer_lock_letter_sound_delay_tick'====== Args={'ticks': 130, 'ticks_remaining': 20}
2026-05-17 15:08:32,959 : INFO : EventManager : Event: ======'player_top_gun_multiball_locks_lock_letter_sound_delay_tick'====== Args={'value': 131, 'prev_value': 130, 'change': 1, 'player_num': 1}
2026-05-17 15:08:32,959 : INFO : EventManager : Event: ======'timer_lock_letter_sound_delay_tick'====== Args={'ticks': 131, 'ticks_remaining': 19}
2026-05-17 15:08:32,959 : INFO : EventManager : Event: ======'player_top_gun_multiball_locks_lock_letter_sound_delay_tick'====== Args={'value': 132, 'prev_value': 131, 'change': 1, 'player_num': 1}
2026-05-17 15:08:32,960 : INFO : EventManager : Event: ======'timer_lock_letter_sound_delay_tick'====== Args={'ticks': 132, 'ticks_remaining': 18}
2026-05-17 15:08:32,960 : INFO : EventManager : Event: ======'player_top_gun_multiball_locks_lock_letter_sound_delay_tick'====== Args={'value': 133, 'prev_value': 132, 'change': 1, 'player_num': 1}
2026-05-17 15:08:32,960 : INFO : EventManager : Event: ======'timer_lock_letter_sound_delay_tick'====== Args={'ticks': 133, 'ticks_remaining': 17}
2026-05-17 15:08:32,961 : INFO : EventManager : Event: ======'player_top_gun_multiball_locks_lock_letter_sound_delay_tick'====== Args={'value': 134, 'prev_value': 133, 'change': 1, 'player_num': 1}
2026-05-17 15:08:32,961 : INFO : EventManager : Event: ======'timer_lock_letter_sound_delay_tick'====== Args={'ticks': 134, 'ticks_remaining': 16}
2026-05-17 15:08:32,961 : INFO : EventManager : Event: ======'player_top_gun_multiball_locks_lock_letter_sound_delay_tick'====== Args={'value': 135, 'prev_value': 134, 'change': 1, 'player_num': 1}
2026-05-17 15:08:32,962 : INFO : EventManager : Event: ======'timer_lock_letter_sound_delay_tick'====== Args={'ticks': 135, 'ticks_remaining': 15}
2026-05-17 15:08:32,962 : INFO : EventManager : Event: ======'player_top_gun_multiball_locks_lock_letter_sound_delay_tick'====== Args={'value': 136, 'prev_value': 135, 'change': 1, 'player_num': 1}
2026-05-17 15:08:32,962 : INFO : EventManager : Event: ======'timer_lock_letter_sound_delay_tick'====== Args={'ticks': 136, 'ticks_remaining': 14}
2026-05-17 15:08:32,962 : INFO : EventManager : Event: ======'player_top_gun_multiball_locks_lock_letter_sound_delay_tick'====== Args={'value': 137, 'prev_value': 136, 'change': 1, 'player_num': 1}
2026-05-17 15:08:32,963 : INFO : EventManager : Event: ======'timer_lock_letter_sound_delay_tick'====== Args={'ticks': 137, 'ticks_remaining': 13}
2026-05-17 15:08:32,963 : INFO : EventManager : Event: ======'player_top_gun_multiball_locks_lock_letter_sound_delay_tick'====== Args={'value': 138, 'prev_value': 137, 'change': 1, 'player_num': 1}
2026-05-17 15:08:32,963 : INFO : EventManager : Event: ======'timer_lock_letter_sound_delay_tick'====== Args={'ticks': 138, 'ticks_remaining': 12}
2026-05-17 15:08:32,964 : INFO : EventManager : Event: ======'player_top_gun_multiball_locks_lock_letter_sound_delay_tick'====== Args={'value': 139, 'prev_value': 138, 'change': 1, 'player_num': 1}
2026-05-17 15:08:32,964 : INFO : EventManager : Event: ======'timer_lock_letter_sound_delay_tick'====== Args={'ticks': 139, 'ticks_remaining': 11}
2026-05-17 15:08:32,964 : INFO : EventManager : Event: ======'player_top_gun_multiball_locks_lock_letter_sound_delay_tick'====== Args={'value': 140, 'prev_value': 139, 'change': 1, 'player_num': 1}
2026-05-17 15:08:32,966 : INFO : EventManager : Event: ======'timer_lock_letter_sound_delay_tick'====== Args={'ticks': 140, 'ticks_remaining': 10}
2026-05-17 15:08:32,973 : INFO : EventManager : Event: ======'player_top_gun_multiball_locks_lock_letter_sound_delay_tick'====== Args={'value': 141, 'prev_value': 140, 'change': 1, 'player_num': 1}
2026-05-17 15:08:32,974 : INFO : EventManager : Event: ======'timer_lock_letter_sound_delay_tick'====== Args={'ticks': 141, 'ticks_remaining': 9}
2026-05-17 15:08:32,974 : INFO : EventManager : Event: ======'player_top_gun_multiball_locks_lock_letter_sound_delay_tick'====== Args={'value': 142, 'prev_value': 141, 'change': 1, 'player_num': 1}
2026-05-17 15:08:32,974 : INFO : EventManager : Event: ======'timer_lock_letter_sound_delay_tick'====== Args={'ticks': 142, 'ticks_remaining': 8}
2026-05-17 15:08:32,975 : INFO : EventManager : Event: ======'player_top_gun_multiball_locks_lock_letter_sound_delay_tick'====== Args={'value': 143, 'prev_value': 142, 'change': 1, 'player_num': 1}
2026-05-17 15:08:32,975 : INFO : EventManager : Event: ======'timer_lock_letter_sound_delay_tick'====== Args={'ticks': 143, 'ticks_remaining': 7}
2026-05-17 15:08:32,976 : INFO : EventManager : Event: ======'player_top_gun_multiball_locks_lock_letter_sound_delay_tick'====== Args={'value': 144, 'prev_value': 143, 'change': 1, 'player_num': 1}
2026-05-17 15:08:32,976 : INFO : EventManager : Event: ======'timer_lock_letter_sound_delay_tick'====== Args={'ticks': 144, 'ticks_remaining': 6}
2026-05-17 15:08:32,976 : INFO : EventManager : Event: ======'player_top_gun_multiball_locks_lock_letter_sound_delay_tick'====== Args={'value': 145, 'prev_value': 144, 'change': 1, 'player_num': 1}
2026-05-17 15:08:32,977 : INFO : EventManager : Event: ======'timer_lock_letter_sound_delay_tick'====== Args={'ticks': 145, 'ticks_remaining': 5}
2026-05-17 15:08:32,977 : INFO : EventManager : Event: ======'player_top_gun_multiball_locks_lock_letter_sound_delay_tick'====== Args={'value': 146, 'prev_value': 145, 'change': 1, 'player_num': 1}
2026-05-17 15:08:32,977 : INFO : EventManager : Event: ======'timer_lock_letter_sound_delay_tick'====== Args={'ticks': 146, 'ticks_remaining': 4}
2026-05-17 15:08:32,978 : INFO : EventManager : Event: ======'player_top_gun_multiball_locks_lock_letter_sound_delay_tick'====== Args={'value': 147, 'prev_value': 146, 'change': 1, 'player_num': 1}
2026-05-17 15:08:32,978 : INFO : EventManager : Event: ======'timer_lock_letter_sound_delay_tick'====== Args={'ticks': 147, 'ticks_remaining': 3}
2026-05-17 15:08:32,978 : INFO : EventManager : Event: ======'player_top_gun_multiball_locks_lock_letter_sound_delay_tick'====== Args={'value': 148, 'prev_value': 147, 'change': 1, 'player_num': 1}
2026-05-17 15:08:32,978 : INFO : EventManager : Event: ======'timer_lock_letter_sound_delay_tick'====== Args={'ticks': 148, 'ticks_remaining': 2}
2026-05-17 15:08:32,979 : INFO : EventManager : Event: ======'player_top_gun_multiball_locks_lock_letter_sound_delay_tick'====== Args={'value': 149, 'prev_value': 148, 'change': 1, 'player_num': 1}
2026-05-17 15:08:32,979 : INFO : EventManager : Event: ======'timer_lock_letter_sound_delay_tick'====== Args={'ticks': 149, 'ticks_remaining': 1}
2026-05-17 15:08:32,979 : INFO : EventManager : Event: ======'player_top_gun_multiball_locks_lock_letter_sound_delay_tick'====== Args={'value': 150, 'prev_value': 149, 'change': 1, 'player_num': 1}
2026-05-17 15:08:32,980 : INFO : Timer.lock_letter_sound_delay : Timer Complete
2026-05-17 15:08:32,980 : INFO : Timer.lock_letter_sound_delay : Stopping Timer
2026-05-17 15:08:32,980 : INFO : EventManager : Event: ======'timer_lock_letter_sound_delay_stopped'====== Args={'ticks': 150, 'ticks_remaining': 1}
2026-05-17 15:08:32,980 : INFO : EventManager : Event: ======'timer_lock_letter_sound_delay_complete'====== Args={'ticks': 150, 'ticks_remaining': 1}
2026-05-17 15:08:32,980 : INFO : EventManager : Event: ======'lock_play_letter_o_sound'====== Args={'priority': 0}
2026-05-17 15:08:33,083 : INFO : SwitchController : <<<<<<< 's_flipper_right' inactive >>>>>>>
2026-05-17 15:08:33,083 : INFO : EventManager : Event: ======'s_flipper_right_inactive'====== Args={}
2026-05-17 15:08:33,114 : INFO : SwitchController : <<<<<<< 's_slingshot_left' active >>>>>>>
2026-05-17 15:08:33,114 : INFO : EventManager : Event: ======'s_slingshot_left_active'====== Args={}
2026-05-17 15:08:33,114 : INFO : EventManager : Event: ======'sw_playfield_active'====== Args={}
2026-05-17 15:08:33,115 : INFO : EventManager : Event: ======'machine_var_audits_switches_s_slingshot_left'====== Args={'value': 6400, 'prev_value': 6399, 'change': 1}
2026-05-17 15:08:33,115 : INFO : SwitchController : <<<<<<< 's_slingshot_left' inactive >>>>>>>
2026-05-17 15:08:33,116 : INFO : EventManager : Event: ======'player_hd_sw_sling_left'====== Args={'value': 1, 'prev_value': 0, 'change': 1, 'player_num': 1, 'source': 'hard_deck_qualifiers'}
2026-05-17 15:08:33,116 : INFO : EventManager : Event: ======'player_score'====== Args={'value': 617000, 'prev_value': 616500, 'change': 500, 'player_num': 1, 'source': 'base'}
2026-05-17 15:08:33,116 : INFO : EventManager : Event: ======'player_bonus_switches_count'====== Args={'value': 46, 'prev_value': 45, 'change': 1, 'player_num': 1, 'source': 'base'}
2026-05-17 15:08:33,161 : INFO : SwitchController : <<<<<<< 's_flipper_right_eos' inactive >>>>>>>
2026-05-17 15:08:33,444 : INFO : EventManager : Event: ======'player_hard_deck_charlie_hard_deck_charlie_timer_tick'====== Args={'value': 142, 'prev_value': 143, 'change': -1, 'player_num': 1}
2026-05-17 15:08:33,444 : INFO : EventManager : Event: ======'timer_hard_deck_charlie_timer_tick'====== Args={'ticks': 142, 'ticks_remaining': 142}
2026-05-17 15:08:33,445 : INFO : EventManager : Event: ======'player_ball_save_mode_ball_save_countdown_tick'====== Args={'value': 22, 'prev_value': 23, 'change': -1, 'player_num': 1}
2026-05-17 15:08:33,445 : INFO : EventManager : Event: ======'timer_mode_ball_save_countdown_tick'====== Args={'ticks': 22, 'ticks_remaining': 22}
2026-05-17 15:08:33,445 : INFO : EventManager : Event: ======'player_charlie_timer_ticks'====== Args={'value': 142, 'prev_value': 143, 'change': -1, 'player_num': 1, 'source': 'hard_deck_charlie'}
2026-05-17 15:08:33,445 : INFO : EventManager : Event: ======'ball_save_flash_slow'====== Args={'priority': 0}
2026-05-17 15:08:33,445 : INFO : EventManager : Event: ======'player_ball_save_time_remaining'====== Args={'value': 22, 'prev_value': 23, 'change': -1, 'player_num': 1, 'source': 'ball_save'}
2026-05-17 15:08:33,681 : INFO : SwitchController : <<<<<<< 's_trough_6' active >>>>>>>
2026-05-17 15:08:33,682 : INFO : EventManager : Event: ======'machine_var_audits_switches_s_trough_6'====== Args={'value': 5713, 'prev_value': 5712, 'change': 1}
2026-05-17 15:08:33,995 : INFO : EventManager : Event: ======'balldevice_bd_trough_ball_count_changed'====== Args={'balls': 6}
2026-05-17 15:08:33,996 : INFO : ball_device.bd_trough : Received unexpected ball
2026-05-17 15:08:33,996 : INFO : EventManager : Event: ======'balldevice_captured_from_playfield'====== Args={'balls': 1}
2026-05-17 15:08:33,996 : INFO : EventManager : Event: ======'sw_playfield_active'====== Args={'balls': 1}
2026-05-17 15:08:33,997 : INFO : EventManager : Event: ======'playfield_ball_count_change'====== Args={'balls': 0, 'change': -1}
2026-05-17 15:08:33,997 : INFO : EventManager : Event: ======'balldevice_bd_trough_ball_enter'====== Args={'new_balls': 1, 'unclaimed_balls': 1, 'new_available_balls': 1, 'device': <ball_device.bd_trough>}
2026-05-17 15:08:33,998 : INFO : EventManager : Event: ======'ball_drain'====== Args={'device': <ball_device.bd_trough>, 'balls': 1}
2026-05-17 15:08:33,998 : INFO : EventManager : Event: ======'ball_save_mode_ball_save_saving_ball'====== Args={'balls': 1, 'early_save': False}
2026-05-17 15:08:33,998 : INFO : ball_device.bd_plunger : Setting up player-controlled eject. Balls: 1, Target: <playfield.playfield>, player_controlled_eject_event: None
2026-05-17 15:08:33,998 : INFO : EventManager : Event: ======'balldevice_balls_available'====== Args={}
2026-05-17 15:08:33,999 : INFO : EventManager : Event: ======'extra_ball_drain_cleanup'====== Args={'priority': 0}
2026-05-17 15:08:33,999 : INFO : coil.c_left_lane_up_post : Disabling Driver
2026-05-17 15:08:33,999 : INFO : EventManager : Event: ======'balldevice_balls_available'====== Args={}
2026-05-17 15:08:33,999 : INFO : EventManager : Event: ======'balldevice_bd_trough_ball_entered'====== Args={'new_balls': 1, 'device': <ball_device.bd_trough>}
2026-05-17 15:08:34,003 : INFO : ball_device.bd_trough : State: waiting_for_target_ready
2026-05-17 15:08:34,003 : INFO : EventManager : Event: ======'balldevice_bd_trough_ball_eject_attempt'====== Args={'balls': 1, 'target': <ball_device.bd_plunger>, 'source': <ball_device.bd_trough>, 'mechanical_eject': True, 'num_attempts': 0}
2026-05-17 15:08:34,003 : INFO : ball_device.bd_plunger : State: waiting_for_ball
2026-05-17 15:08:34,004 : INFO : ball_device.bd_trough : State: ejecting
2026-05-17 15:08:34,004 : INFO : ball_device.bd_trough : Ejecting ball to <ball_device.bd_plunger>
2026-05-17 15:08:34,004 : INFO : EventManager : Event: ======'balldevice_bd_trough_ejecting_ball'====== Args={'balls': 1, 'target': <ball_device.bd_plunger>, 'source': <ball_device.bd_trough>, 'mechanical_eject': True, 'num_attempts': 0}
2026-05-17 15:08:34,005 : INFO : ball_device.bd_trough : Wait for ball to leave device
2026-05-17 15:08:34,006 : INFO : coil.c_trough_eject : Pulsing Driver for 25ms (0.75 pulse_power)
2026-05-17 15:08:34,042 : INFO : SwitchController : <<<<<<< 's_trough_1' inactive >>>>>>>
2026-05-17 15:08:34,042 : INFO : SwitchController : <<<<<<< 's_jam' active >>>>>>>
2026-05-17 15:08:34,042 : INFO : EventManager : Event: ======'machine_var_audits_switches_s_jam'====== Args={'value': 5619, 'prev_value': 5618, 'change': 1}
2026-05-17 15:08:34,043 : INFO : ball_device.bd_trough : State: ball_left
2026-05-17 15:08:34,043 : INFO : ball_device.bd_trough : Ball left
2026-05-17 15:08:34,044 : INFO : ball_device.bd_trough : Wait for confirm with timeout 3.0
2026-05-17 15:08:34,057 : INFO : SwitchController : <<<<<<< 's_jam' inactive >>>>>>>
2026-05-17 15:08:34,340 : INFO : SwitchController : <<<<<<< 's_trough_2' inactive >>>>>>>
2026-05-17 15:08:34,340 : INFO : SwitchController : <<<<<<< 's_trough_3' inactive >>>>>>>
2026-05-17 15:08:34,340 : INFO : SwitchController : <<<<<<< 's_trough_5' inactive >>>>>>>
2026-05-17 15:08:34,355 : INFO : SwitchController : <<<<<<< 's_trough_4' inactive >>>>>>>
2026-05-17 15:08:34,355 : INFO : SwitchController : <<<<<<< 's_trough_1' active >>>>>>>
2026-05-17 15:08:34,356 : INFO : EventManager : Event: ======'machine_var_audits_switches_s_trough_1'====== Args={'value': 5674, 'prev_value': 5673, 'change': 1}
2026-05-17 15:08:34,371 : INFO : SwitchController : <<<<<<< 's_trough_2' active >>>>>>>
2026-05-17 15:08:34,372 : INFO : EventManager : Event: ======'machine_var_audits_switches_s_trough_2'====== Args={'value': 5716, 'prev_value': 5715, 'change': 1}
2026-05-17 15:08:34,372 : INFO : SwitchController : <<<<<<< 's_trough_6' inactive >>>>>>>
2026-05-17 15:08:34,372 : INFO : SwitchController : <<<<<<< 's_shooter_lane' active >>>>>>>
2026-05-17 15:08:34,372 : INFO : EventManager : Event: ======'s_shooter_lane_active'====== Args={}
2026-05-17 15:08:34,372 : INFO : EventManager : Event: ======'machine_var_audits_switches_s_shooter_lane'====== Args={'value': 6503, 'prev_value': 6502, 'change': 1}
2026-05-17 15:08:34,372 : INFO : SwitchController : <<<<<<< 's_trough_4' active >>>>>>>
2026-05-17 15:08:34,373 : INFO : EventManager : Event: ======'machine_var_audits_switches_s_trough_4'====== Args={'value': 5736, 'prev_value': 5735, 'change': 1}
2026-05-17 15:08:34,374 : INFO : EventManager : Event: ======'mode_skillshot_will_start'====== Args={}
2026-05-17 15:08:34,375 : INFO : EventManager : Unordered handler for class ConfigPlayer.variable_player/variables on event s_spinner_active with priority 200. Handlers: [RegisteredHandler(callback=<bound method ConfigPlayer.config_play_callback of ConfigPlayer.variable_player/variables>, priority=200, kwargs={'calling_context': 's_spinner_active', 'mode': <Mode.pilot_mission_qualifier>, 'settings': {'spinner_spin_count': {'action': 'add', 'int': <NativeTemplate 1>, 'priority': 0, 'float': None, 'string': None, 'block': False, 'player': None, 'condition': None}, 'previous_switch_type': {'action': 'set', 'int': <NativeTemplate 0>, 'priority': 0, 'float': None, 'string': None, 'block': False, 'player': None, 'condition': None}}}, key=UUID('64affcab-07dc-4b43-8f8e-aba7253c0f9a'), condition=None, blocking_facility=None), RegisteredHandler(callback=<bound method ConfigPlayer.config_play_callback of ConfigPlayer.variable_player/variables>, priority=200, kwargs={'calling_context': 's_spinner_active', 'mode': <Mode.iceman_letters>, 'settings': {'right_post_locked_out': {'action': 'set', 'int': <NativeTemplate 1>, 'priority': 0, 'float': None, 'string': None, 'block': False, 'player': None, 'condition': None}}}, key=UUID('ecc018da-da1b-4609-8ef2-b51ff1b1a709'), condition=None, blocking_facility=None)]. The order of those handlers is not defined and they will be executed in random order. This might lead to race conditions and potential bugs.
2026-05-17 15:08:34,375 : INFO : EventManager : Unordered handler for class ConfigPlayer.variable_player/variables on event s_orbit_upper_active with priority 200. Handlers: [RegisteredHandler(callback=<bound method ConfigPlayer.config_play_callback of ConfigPlayer.variable_player/variables>, priority=200, kwargs={'calling_context': 's_orbit_upper_active', 'mode': <Mode.pilot_mission_qualifier>, 'settings': {'previous_switch_type': {'action': 'set', 'int': <NativeTemplate 0>, 'priority': 0, 'float': None, 'string': None, 'block': False, 'player': None, 'condition': None}}}, key=UUID('42b1ab4e-1b84-4d14-b096-498feab6dcbd'), condition=None, blocking_facility=None), RegisteredHandler(callback=<bound method ConfigPlayer.config_play_callback of ConfigPlayer.variable_player/variables>, priority=200, kwargs={'calling_context': 's_orbit_upper_active', 'mode': <Mode.iceman_letters>, 'settings': {'right_post_locked_out': {'action': 'set', 'int': <NativeTemplate 1>, 'priority': 0, 'float': None, 'string': None, 'block': False, 'player': None, 'condition': None}}}, key=UUID('cf38fcc8-53b9-409a-9c3d-18be8fb55fcd'), condition=None, blocking_facility=None)]. The order of those handlers is not defined and they will be executed in random order. This might lead to race conditions and potential bugs.
2026-05-17 15:08:34,376 : INFO : EventManager : Unordered handler for class ConfigPlayer.variable_player/variables on event s_ramp_inner_exit_active with priority 200. Handlers: [RegisteredHandler(callback=<bound method ConfigPlayer.config_play_callback of ConfigPlayer.variable_player/variables>, priority=200, kwargs={'calling_context': 's_ramp_inner_exit_active', 'mode': <Mode.pilot_mission_qualifier>, 'settings': {'previous_switch_type': {'action': 'set', 'int': <NativeTemplate 0>, 'priority': 0, 'float': None, 'string': None, 'block': False, 'player': None, 'condition': None}}}, key=UUID('2b7dd61e-9f09-4991-969f-e21ea4dba39d'), condition=None, blocking_facility=None), RegisteredHandler(callback=<bound method ConfigPlayer.config_play_callback of ConfigPlayer.variable_player/variables>, priority=200, kwargs={'calling_context': 's_ramp_inner_exit_active', 'mode': <Mode.iceman_letters>, 'settings': {'right_post_locked_out': {'action': 'set', 'int': <NativeTemplate 1>, 'priority': 0, 'float': None, 'string': None, 'block': False, 'player': None, 'condition': None}}}, key=UUID('19c8c907-eca8-4aa1-840d-b3a8f0409fb8'), condition=None, blocking_facility=None)]. The order of those handlers is not defined and they will be executed in random order. This might lead to race conditions and potential bugs.
2026-05-17 15:08:34,376 : INFO : EventManager : Event: ======'player_skillshot_skillshot_tick'====== Args={'value': 9, 'prev_value': 6, 'change': 3, 'player_num': 1}
2026-05-17 15:08:34,377 : INFO : EventManager : Event: ======'player_skillshot_skillshot_left_mig_post_timer_tick'====== Args={'value': 0, 'prev_value': 3, 'change': -3, 'player_num': 1}
2026-05-17 15:08:34,385 : INFO : EventManager : Event: ======'mode_skillshot_starting'====== Args={}
2026-05-17 15:08:34,385 : INFO : Mode.skillshot : Started. Priority: 300
2026-05-17 15:08:34,385 : INFO : EventManager : Event: ======'modes_active_modes_changed'====== Args={}
2026-05-17 15:08:34,385 : INFO : EventManager : Event: ======'mode_skillshot_started'====== Args={}
2026-05-17 15:08:34,385 : INFO : EventManager : Event: ======'skillshot_mig_position_m'====== Args={'priority': 0}
2026-05-17 15:08:34,385 : INFO : EventManager : Event: ======'shaker_shooter_lane_pulse'====== Args={'priority': 0}
2026-05-17 15:08:34,385 : INFO : EventManager : Event: ======'player_pilot_qualifier_paused'====== Args={'value': 1, 'prev_value': 0, 'change': 1, 'player_num': 1, 'source': 'pilot_mission_qualifier'}
2026-05-17 15:08:34,386 : INFO : Timer.skillshot_sound_loop : Starting Timer.
2026-05-17 15:08:34,386 : INFO : EventManager : Event: ======'timer_skillshot_sound_loop_started'====== Args={'ticks': 0, 'ticks_remaining': 999}
2026-05-17 15:08:34,386 : INFO : EventManager : Event: ======'timer_skillshot_sound_loop_tick'====== Args={'ticks': 0, 'ticks_remaining': 999}
2026-05-17 15:08:34,386 : INFO : Timer.skillshot_shaker_pulse : Starting Timer.
2026-05-17 15:08:34,386 : INFO : EventManager : Event: ======'timer_skillshot_shaker_pulse_started'====== Args={'ticks': 0, 'ticks_remaining': 999}
2026-05-17 15:08:34,386 : INFO : EventManager : Event: ======'timer_skillshot_shaker_pulse_tick'====== Args={'ticks': 0, 'ticks_remaining': 999}
2026-05-17 15:08:34,386 : INFO : Timer.skillshot_shaker_idle : Starting Timer.
2026-05-17 15:08:34,386 : INFO : EventManager : Event: ======'timer_skillshot_shaker_idle_started'====== Args={'ticks': 0, 'ticks_remaining': 20}
2026-05-17 15:08:34,386 : INFO : EventManager : Event: ======'timer_skillshot_shaker_idle_tick'====== Args={'ticks': 0, 'ticks_remaining': 20}
2026-05-17 15:08:34,386 : INFO : EventManager : Event: ======'player_shot_mig_lane_left'====== Args={'value': 1, 'prev_value': 0, 'change': 1, 'player_num': 1}
2026-05-17 15:08:34,386 : INFO : EventManager : Event: ======'player_skillshot_mig_position'====== Args={'value': 0, 'prev_value': 1, 'change': -1, 'player_num': 1, 'source': 'skillshot'}
2026-05-17 15:08:34,387 : INFO : EventManager : Event: ======'shaker_shooter_lane_pulse'====== Args={'priority': 0}
2026-05-17 15:08:34,387 : INFO : SwitchController : <<<<<<< 's_trough_3' active >>>>>>>
2026-05-17 15:08:34,387 : INFO : EventManager : Event: ======'machine_var_audits_switches_s_trough_3'====== Args={'value': 5742, 'prev_value': 5741, 'change': 1}
2026-05-17 15:08:34,417 : INFO : EventManager : Event: ======'slide_skillshot_ball_in_shooter_lane_created'====== Args={'_from_bcp': True}
2026-05-17 15:08:34,417 : INFO : SwitchController : <<<<<<< 's_trough_5' active >>>>>>>
2026-05-17 15:08:34,417 : INFO : EventManager : Event: ======'machine_var_audits_switches_s_trough_5'====== Args={'value': 5730, 'prev_value': 5729, 'change': 1}
2026-05-17 15:08:34,450 : INFO : EventManager : Event: ======'player_ball_save_mode_ball_save_countdown_tick'====== Args={'value': 21, 'prev_value': 22, 'change': -1, 'player_num': 1}
2026-05-17 15:08:34,451 : INFO : EventManager : Event: ======'timer_mode_ball_save_countdown_tick'====== Args={'ticks': 21, 'ticks_remaining': 21}
2026-05-17 15:08:34,451 : INFO : EventManager : Event: ======'player_hard_deck_charlie_hard_deck_charlie_timer_tick'====== Args={'value': 141, 'prev_value': 142, 'change': -1, 'player_num': 1}
2026-05-17 15:08:34,451 : INFO : EventManager : Event: ======'timer_hard_deck_charlie_timer_tick'====== Args={'ticks': 141, 'ticks_remaining': 141}
2026-05-17 15:08:34,452 : INFO : EventManager : Event: ======'ball_save_flash_slow'====== Args={'priority': 0}
2026-05-17 15:08:34,452 : INFO : EventManager : Event: ======'player_ball_save_time_remaining'====== Args={'value': 21, 'prev_value': 22, 'change': -1, 'player_num': 1, 'source': 'ball_save'}
2026-05-17 15:08:34,452 : INFO : EventManager : Event: ======'player_charlie_timer_ticks'====== Args={'value': 141, 'prev_value': 142, 'change': -1, 'player_num': 1, 'source': 'hard_deck_charlie'}
2026-05-17 15:08:34,684 : INFO : ball_device.bd_plunger : Received ball from <ball_device.bd_trough>
2026-05-17 15:08:34,685 : INFO : EventManager : Event: ======'balldevice_bd_plunger_ball_enter'====== Args={'new_balls': 1, 'unclaimed_balls': 0, 'new_available_balls': 0, 'device': <ball_device.bd_plunger>}
2026-05-17 15:08:34,685 : INFO : EventManager : Event: ======'balldevice_bd_plunger_ball_entered'====== Args={'new_balls': 0, 'device': <ball_device.bd_plunger>}
2026-05-17 15:08:34,686 : INFO : EventManager : Event: ======'balldevice_bd_plunger_ball_count_changed'====== Args={'balls': 1}
2026-05-17 15:08:34,687 : INFO : ball_device.bd_trough : Got eject confirm
2026-05-17 15:08:34,687 : INFO : ball_device.bd_trough : Eject successful
2026-05-17 15:08:34,687 : INFO : EventManager : Event: ======'balldevice_bd_trough_ball_eject_success'====== Args={'balls': 1, 'target': <ball_device.bd_plunger>}
2026-05-17 15:08:34,687 : INFO : ball_device.bd_plunger : State: waiting_for_target_ready
2026-05-17 15:08:34,687 : INFO : EventManager : Event: ======'balldevice_bd_plunger_ball_eject_attempt'====== Args={'balls': 1, 'target': <playfield.playfield>, 'source': <ball_device.bd_plunger>, 'mechanical_eject': True, 'num_attempts': 0}
2026-05-17 15:08:34,689 : INFO : ball_device.bd_plunger : State: ejecting
2026-05-17 15:08:34,689 : INFO : ball_device.bd_plunger : Ejecting ball to <playfield.playfield>
2026-05-17 15:08:34,689 : INFO : EventManager : Event: ======'balldevice_bd_plunger_ejecting_ball'====== Args={'balls': 1, 'target': <playfield.playfield>, 'source': <ball_device.bd_plunger>, 'mechanical_eject': True, 'num_attempts': 0}
2026-05-17 15:08:34,689 : INFO : EventManager : Event: ======'balldevice_bd_trough_ball_count_changed'====== Args={'balls': 5}
2026-05-17 15:08:34,689 : INFO : ball_device.bd_trough : State: idle
2026-05-17 15:08:34,690 : INFO : EventManager : Event: ======'video_idle_start'====== Args={'priority': 0}
2026-05-17 15:08:34,691 : INFO : ball_device.bd_plunger : Wait for ball to leave device
2026-05-17 15:08:35,371 : INFO : EventManager : Event: ======'player_skillshot_skillshot_shaker_pulse_tick'====== Args={'value': 1, 'prev_value': 0, 'change': 1, 'player_num': 1}
2026-05-17 15:08:35,372 : INFO : EventManager : Event: ======'timer_skillshot_shaker_pulse_tick'====== Args={'ticks': 1, 'ticks_remaining': 998}
2026-05-17 15:08:35,372 : INFO : EventManager : Event: ======'player_skillshot_skillshot_shaker_idle_tick'====== Args={'value': 1, 'prev_value': 0, 'change': 1, 'player_num': 1}
2026-05-17 15:08:35,373 : INFO : EventManager : Event: ======'timer_skillshot_shaker_idle_tick'====== Args={'ticks': 1, 'ticks_remaining': 19}
2026-05-17 15:08:35,373 : INFO : EventManager : Event: ======'shaker_shooter_lane_pulse'====== Args={'priority': 0}
2026-05-17 15:08:35,449 : INFO : EventManager : Event: ======'player_ball_save_mode_ball_save_countdown_tick'====== Args={'value': 20, 'prev_value': 21, 'change': -1, 'player_num': 1}
2026-05-17 15:08:35,450 : INFO : EventManager : Event: ======'timer_mode_ball_save_countdown_tick'====== Args={'ticks': 20, 'ticks_remaining': 20}
2026-05-17 15:08:35,450 : INFO : EventManager : Event: ======'player_hard_deck_charlie_hard_deck_charlie_timer_tick'====== Args={'value': 140, 'prev_value': 141, 'change': -1, 'player_num': 1}
2026-05-17 15:08:35,450 : INFO : EventManager : Event: ======'timer_hard_deck_charlie_timer_tick'====== Args={'ticks': 140, 'ticks_remaining': 140}
2026-05-17 15:08:35,450 : INFO : EventManager : Event: ======'ball_save_flash_slow'====== Args={'priority': 0}
2026-05-17 15:08:35,450 : INFO : EventManager : Event: ======'player_ball_save_time_remaining'====== Args={'value': 20, 'prev_value': 21, 'change': -1, 'player_num': 1, 'source': 'ball_save'}
2026-05-17 15:08:35,450 : INFO : EventManager : Event: ======'player_charlie_timer_ticks'====== Args={'value': 140, 'prev_value': 141, 'change': -1, 'player_num': 1, 'source': 'hard_deck_charlie'}
2026-05-17 15:08:36,373 : INFO : EventManager : Event: ======'player_skillshot_skillshot_shaker_pulse_tick'====== Args={'value': 2, 'prev_value': 1, 'change': 1, 'player_num': 1}
2026-05-17 15:08:36,374 : INFO : EventManager : Event: ======'timer_skillshot_shaker_pulse_tick'====== Args={'ticks': 2, 'ticks_remaining': 997}
2026-05-17 15:08:36,374 : INFO : EventManager : Event: ======'player_skillshot_skillshot_shaker_idle_tick'====== Args={'value': 2, 'prev_value': 1, 'change': 1, 'player_num': 1}
2026-05-17 15:08:36,375 : INFO : EventManager : Event: ======'timer_skillshot_shaker_idle_tick'====== Args={'ticks': 2, 'ticks_remaining': 18}
2026-05-17 15:08:36,375 : INFO : EventManager : Event: ======'shaker_shooter_lane_pulse'====== Args={'priority': 0}
2026-05-17 15:08:36,451 : INFO : EventManager : Event: ======'player_hard_deck_charlie_hard_deck_charlie_timer_tick'====== Args={'value': 139, 'prev_value': 140, 'change': -1, 'player_num': 1}
2026-05-17 15:08:36,451 : INFO : EventManager : Event: ======'timer_hard_deck_charlie_timer_tick'====== Args={'ticks': 139, 'ticks_remaining': 139}
2026-05-17 15:08:36,452 : INFO : EventManager : Event: ======'player_ball_save_mode_ball_save_countdown_tick'====== Args={'value': 19, 'prev_value': 20, 'change': -1, 'player_num': 1}
2026-05-17 15:08:36,452 : INFO : EventManager : Event: ======'timer_mode_ball_save_countdown_tick'====== Args={'ticks': 19, 'ticks_remaining': 19}
2026-05-17 15:08:36,452 : INFO : EventManager : Event: ======'player_charlie_timer_ticks'====== Args={'value': 139, 'prev_value': 140, 'change': -1, 'player_num': 1, 'source': 'hard_deck_charlie'}
2026-05-17 15:08:36,453 : INFO : EventManager : Event: ======'ball_save_flash_slow'====== Args={'priority': 0}
2026-05-17 15:08:36,453 : INFO : EventManager : Event: ======'player_ball_save_time_remaining'====== Args={'value': 19, 'prev_value': 20, 'change': -1, 'player_num': 1, 'source': 'ball_save'}
2026-05-17 15:08:37,362 : INFO : EventManager : Event: ======'player_skillshot_skillshot_sound_loop_tick'====== Args={'value': 1, 'prev_value': 0, 'change': 1, 'player_num': 1}
2026-05-17 15:08:37,362 : INFO : EventManager : Event: ======'timer_skillshot_sound_loop_tick'====== Args={'ticks': 1, 'ticks_remaining': 998}
2026-05-17 15:08:37,363 : INFO : EventManager : Event: ======'player_skillshot_skillshot_shaker_idle_tick'====== Args={'value': 3, 'prev_value': 2, 'change': 1, 'player_num': 1}
2026-05-17 15:08:37,363 : INFO : EventManager : Event: ======'timer_skillshot_shaker_idle_tick'====== Args={'ticks': 3, 'ticks_remaining': 17}
2026-05-17 15:08:37,363 : INFO : EventManager : Event: ======'player_skillshot_skillshot_shaker_pulse_tick'====== Args={'value': 3, 'prev_value': 2, 'change': 1, 'player_num': 1}
2026-05-17 15:08:37,363 : INFO : EventManager : Event: ======'timer_skillshot_shaker_pulse_tick'====== Args={'ticks': 3, 'ticks_remaining': 996}
2026-05-17 15:08:37,364 : INFO : EventManager : Event: ======'shaker_shooter_lane_pulse'====== Args={'priority': 0}
2026-05-17 15:08:37,441 : INFO : EventManager : Event: ======'player_ball_save_mode_ball_save_countdown_tick'====== Args={'value': 18, 'prev_value': 19, 'change': -1, 'player_num': 1}
2026-05-17 15:08:37,442 : INFO : EventManager : Event: ======'timer_mode_ball_save_countdown_tick'====== Args={'ticks': 18, 'ticks_remaining': 18}
2026-05-17 15:08:37,442 : INFO : EventManager : Event: ======'player_hard_deck_charlie_hard_deck_charlie_timer_tick'====== Args={'value': 138, 'prev_value': 139, 'change': -1, 'player_num': 1}
2026-05-17 15:08:37,443 : INFO : EventManager : Event: ======'timer_hard_deck_charlie_timer_tick'====== Args={'ticks': 138, 'ticks_remaining': 138}
2026-05-17 15:08:37,443 : INFO : EventManager : Event: ======'ball_save_flash_slow'====== Args={'priority': 0}
2026-05-17 15:08:37,444 : INFO : EventManager : Event: ======'player_ball_save_time_remaining'====== Args={'value': 18, 'prev_value': 19, 'change': -1, 'player_num': 1, 'source': 'ball_save'}
2026-05-17 15:08:37,444 : INFO : EventManager : Event: ======'player_charlie_timer_ticks'====== Args={'value': 138, 'prev_value': 139, 'change': -1, 'player_num': 1, 'source': 'hard_deck_charlie'}
2026-05-17 15:08:37,519 : INFO : SwitchController : <<<<<<< 's_shooter_lane' inactive >>>>>>>
2026-05-17 15:08:37,519 : INFO : EventManager : Event: ======'s_shooter_lane_inactive'====== Args={}
2026-05-17 15:08:37,520 : INFO : EventManager : Event: ======'skillshot_shaker_stop'====== Args={'priority': 0}
2026-05-17 15:08:37,520 : INFO : EventManager : Event: ======'skillshot_activate_left_mig_post'====== Args={'priority': 0}
2026-05-17 15:08:37,521 : INFO : Timer.ball_save_auto_plunger_delay : Stopping Timer
2026-05-17 15:08:37,521 : INFO : EventManager : Event: ======'timer_ball_save_auto_plunger_delay_stopped'====== Args={'ticks': 0, 'ticks_remaining': 0}
2026-05-17 15:08:37,521 : INFO : EventManager : Event: ======'player_pilot_mission_qualifier_post_plunge_orbit_lockout_tick'====== Args={'value': 0, 'prev_value': 3, 'change': -3, 'player_num': 1}
2026-05-17 15:08:37,521 : INFO : Timer.post_plunge_orbit_lockout : Starting Timer.
2026-05-17 15:08:37,521 : INFO : EventManager : Event: ======'timer_post_plunge_orbit_lockout_started'====== Args={'ticks': 0, 'ticks_remaining': 3}
2026-05-17 15:08:37,521 : INFO : EventManager : Event: ======'timer_post_plunge_orbit_lockout_tick'====== Args={'ticks': 0, 'ticks_remaining': 3}
2026-05-17 15:08:37,522 : INFO : Timer.skillshot : Starting Timer.
2026-05-17 15:08:37,522 : INFO : EventManager : Event: ======'timer_skillshot_started'====== Args={'ticks': 9, 'ticks_remaining': 9}
2026-05-17 15:08:37,522 : INFO : EventManager : Event: ======'timer_skillshot_tick'====== Args={'ticks': 9, 'ticks_remaining': 9}
2026-05-17 15:08:37,522 : INFO : Timer.skillshot_sound_loop : Stopping Timer
2026-05-17 15:08:37,522 : INFO : EventManager : Event: ======'timer_skillshot_sound_loop_stopped'====== Args={'ticks': 1, 'ticks_remaining': 998}
2026-05-17 15:08:37,522 : INFO : Timer.skillshot_shaker_pulse : Stopping Timer
2026-05-17 15:08:37,522 : INFO : EventManager : Event: ======'timer_skillshot_shaker_pulse_stopped'====== Args={'ticks': 3, 'ticks_remaining': 996}
2026-05-17 15:08:37,522 : INFO : Timer.skillshot_shaker_idle : Stopping Timer
2026-05-17 15:08:37,522 : INFO : EventManager : Event: ======'timer_skillshot_shaker_idle_stopped'====== Args={'ticks': 3, 'ticks_remaining': 17}
2026-05-17 15:08:37,522 : INFO : EventManager : Event: ======'video_launch_start'====== Args={'priority': 0}
2026-05-17 15:08:37,524 : INFO : coil.c_left_mig_up_post : Enabling Driver with power 0.25 (pulse_ms 20ms and pulse_power 0.75)
2026-05-17 15:08:37,524 : INFO : Timer.skillshot_left_mig_post_timer : Starting Timer.
2026-05-17 15:08:37,524 : INFO : EventManager : Event: ======'timer_skillshot_left_mig_post_timer_started'====== Args={'ticks': 0, 'ticks_remaining': 3}
2026-05-17 15:08:37,524 : INFO : EventManager : Event: ======'timer_skillshot_left_mig_post_timer_tick'====== Args={'ticks': 0, 'ticks_remaining': 3}
2026-05-17 15:08:37,528 : INFO : ball_device.bd_plunger : State: ball_left
2026-05-17 15:08:37,528 : INFO : ball_device.bd_plunger : Ball left
2026-05-17 15:08:37,529 : INFO : ball_device.bd_plunger : Wait for confirm with timeout 3.0
2026-05-17 15:08:37,529 : INFO : EventManager : Event: ======'slide_skillshot_ball_in_shooter_lane_removed'====== Args={'_from_bcp': True}
2026-05-17 15:08:37,546 : INFO : EventManager : Event: ======'slide_skillshot_ball_launched_created'====== Args={'_from_bcp': True}
2026-05-17 15:08:37,690 : INFO : SwitchController : <<<<<<< 's_lane_right' active >>>>>>>
2026-05-17 15:08:37,690 : INFO : EventManager : Event: ======'s_lane_right_active'====== Args={}
2026-05-17 15:08:37,690 : INFO : EventManager : Event: ======'sw_playfield_active'====== Args={}
2026-05-17 15:08:37,691 : INFO : EventManager : Event: ======'machine_var_audits_switches_s_lane_right'====== Args={'value': 4790, 'prev_value': 4789, 'change': 1}
2026-05-17 15:08:37,692 : INFO : EventManager : Event: ======'player_score'====== Args={'value': 622000, 'prev_value': 617000, 'change': 5000, 'player_num': 1, 'source': 'base'}
2026-05-17 15:08:37,693 : INFO : EventManager : Event: ======'player_bonus_switches_count'====== Args={'value': 47, 'prev_value': 46, 'change': 1, 'player_num': 1, 'source': 'base'}
2026-05-17 15:08:37,693 : INFO : EventManager : Event: ======'playfield_active'====== Args={'source': None}
2026-05-17 15:08:37,706 : INFO : SwitchController : <<<<<<< 's_lane_right' inactive >>>>>>>
2026-05-17 15:08:38,443 : INFO : EventManager : Event: ======'player_ball_save_mode_ball_save_countdown_tick'====== Args={'value': 17, 'prev_value': 18, 'change': -1, 'player_num': 1}
2026-05-17 15:08:38,444 : INFO : EventManager : Event: ======'timer_mode_ball_save_countdown_tick'====== Args={'ticks': 17, 'ticks_remaining': 17}
2026-05-17 15:08:38,444 : INFO : EventManager : Event: ======'player_hard_deck_charlie_hard_deck_charlie_timer_tick'====== Args={'value': 137, 'prev_value': 138, 'change': -1, 'player_num': 1}
2026-05-17 15:08:38,444 : INFO : EventManager : Event: ======'timer_hard_deck_charlie_timer_tick'====== Args={'ticks': 137, 'ticks_remaining': 137}
2026-05-17 15:08:38,444 : INFO : EventManager : Event: ======'ball_save_flash_slow'====== Args={'priority': 0}
2026-05-17 15:08:38,444 : INFO : EventManager : Event: ======'player_ball_save_time_remaining'====== Args={'value': 17, 'prev_value': 18, 'change': -1, 'player_num': 1, 'source': 'ball_save'}
2026-05-17 15:08:38,444 : INFO : EventManager : Event: ======'player_charlie_timer_ticks'====== Args={'value': 137, 'prev_value': 138, 'change': -1, 'player_num': 1, 'source': 'hard_deck_charlie'}
2026-05-17 15:08:38,521 : INFO : EventManager : Event: ======'player_skillshot_skillshot_tick'====== Args={'value': 8, 'prev_value': 9, 'change': -1, 'player_num': 1}
2026-05-17 15:08:38,521 : INFO : EventManager : Event: ======'timer_skillshot_tick'====== Args={'ticks': 8, 'ticks_remaining': 8}
2026-05-17 15:08:38,522 : INFO : EventManager : Event: ======'player_pilot_mission_qualifier_post_plunge_orbit_lockout_tick'====== Args={'value': 1, 'prev_value': 0, 'change': 1, 'player_num': 1}
2026-05-17 15:08:38,522 : INFO : EventManager : Event: ======'timer_post_plunge_orbit_lockout_tick'====== Args={'ticks': 1, 'ticks_remaining': 2}
2026-05-17 15:08:38,522 : INFO : EventManager : Event: ======'player_skillshot_skillshot_left_mig_post_timer_tick'====== Args={'value': 1, 'prev_value': 0, 'change': 1, 'player_num': 1}
2026-05-17 15:08:38,522 : INFO : EventManager : Event: ======'timer_skillshot_left_mig_post_timer_tick'====== Args={'ticks': 1, 'ticks_remaining': 2}
2026-05-17 15:08:39,442 : INFO : EventManager : Event: ======'player_hard_deck_charlie_hard_deck_charlie_timer_tick'====== Args={'value': 136, 'prev_value': 137, 'change': -1, 'player_num': 1}
2026-05-17 15:08:39,444 : INFO : EventManager : Event: ======'timer_hard_deck_charlie_timer_tick'====== Args={'ticks': 136, 'ticks_remaining': 136}
2026-05-17 15:08:39,444 : INFO : EventManager : Event: ======'player_ball_save_mode_ball_save_countdown_tick'====== Args={'value': 16, 'prev_value': 17, 'change': -1, 'player_num': 1}
2026-05-17 15:08:39,445 : INFO : EventManager : Event: ======'timer_mode_ball_save_countdown_tick'====== Args={'ticks': 16, 'ticks_remaining': 16}
2026-05-17 15:08:39,445 : INFO : EventManager : Event: ======'player_charlie_timer_ticks'====== Args={'value': 136, 'prev_value': 137, 'change': -1, 'player_num': 1, 'source': 'hard_deck_charlie'}
2026-05-17 15:08:39,445 : INFO : EventManager : Event: ======'ball_save_flash_slow'====== Args={'priority': 0}
2026-05-17 15:08:39,445 : INFO : EventManager : Event: ======'player_ball_save_time_remaining'====== Args={'value': 16, 'prev_value': 17, 'change': -1, 'player_num': 1, 'source': 'ball_save'}
2026-05-17 15:08:39,520 : INFO : EventManager : Event: ======'player_skillshot_skillshot_tick'====== Args={'value': 7, 'prev_value': 8, 'change': -1, 'player_num': 1}
2026-05-17 15:08:39,520 : INFO : EventManager : Event: ======'timer_skillshot_tick'====== Args={'ticks': 7, 'ticks_remaining': 7}
2026-05-17 15:08:39,520 : INFO : EventManager : Event: ======'player_skillshot_skillshot_left_mig_post_timer_tick'====== Args={'value': 2, 'prev_value': 1, 'change': 1, 'player_num': 1}
2026-05-17 15:08:39,521 : INFO : EventManager : Event: ======'timer_skillshot_left_mig_post_timer_tick'====== Args={'ticks': 2, 'ticks_remaining': 1}
2026-05-17 15:08:39,521 : INFO : EventManager : Event: ======'player_pilot_mission_qualifier_post_plunge_orbit_lockout_tick'====== Args={'value': 2, 'prev_value': 1, 'change': 1, 'player_num': 1}
2026-05-17 15:08:39,521 : INFO : EventManager : Event: ======'timer_post_plunge_orbit_lockout_tick'====== Args={'ticks': 2, 'ticks_remaining': 1}
2026-05-17 15:08:39,646 : INFO : SwitchController : <<<<<<< 's_lane_right' active >>>>>>>
2026-05-17 15:08:39,646 : INFO : EventManager : Event: ======'s_lane_right_active'====== Args={}
2026-05-17 15:08:39,646 : INFO : EventManager : Event: ======'sw_playfield_active'====== Args={}
2026-05-17 15:08:39,646 : INFO : EventManager : Event: ======'machine_var_audits_switches_s_lane_right'====== Args={'value': 4791, 'prev_value': 4790, 'change': 1}
2026-05-17 15:08:39,648 : INFO : EventManager : Event: ======'player_score'====== Args={'value': 627000, 'prev_value': 622000, 'change': 5000, 'player_num': 1, 'source': 'base'}
2026-05-17 15:08:39,648 : INFO : EventManager : Event: ======'player_bonus_switches_count'====== Args={'value': 48, 'prev_value': 47, 'change': 1, 'player_num': 1, 'source': 'base'}
2026-05-17 15:08:39,648 : INFO : EventManager : Event: ======'playfield_active'====== Args={'source': None}
2026-05-17 15:08:39,693 : INFO : SwitchController : <<<<<<< 's_lane_right' inactive >>>>>>>
2026-05-17 15:08:40,450 : INFO : EventManager : Event: ======'player_ball_save_mode_ball_save_countdown_tick'====== Args={'value': 15, 'prev_value': 16, 'change': -1, 'player_num': 1}
2026-05-17 15:08:40,450 : INFO : EventManager : Event: ======'timer_mode_ball_save_countdown_tick'====== Args={'ticks': 15, 'ticks_remaining': 15}
2026-05-17 15:08:40,451 : INFO : EventManager : Event: ======'player_hard_deck_charlie_hard_deck_charlie_timer_tick'====== Args={'value': 135, 'prev_value': 136, 'change': -1, 'player_num': 1}
2026-05-17 15:08:40,451 : INFO : EventManager : Event: ======'timer_hard_deck_charlie_timer_tick'====== Args={'ticks': 135, 'ticks_remaining': 135}
2026-05-17 15:08:40,451 : INFO : EventManager : Event: ======'ball_save_flash_slow'====== Args={'priority': 0}
2026-05-17 15:08:40,451 : INFO : EventManager : Event: ======'player_ball_save_time_remaining'====== Args={'value': 15, 'prev_value': 16, 'change': -1, 'player_num': 1, 'source': 'ball_save'}
2026-05-17 15:08:40,451 : INFO : EventManager : Event: ======'player_charlie_timer_ticks'====== Args={'value': 135, 'prev_value': 136, 'change': -1, 'player_num': 1, 'source': 'hard_deck_charlie'}
2026-05-17 15:08:40,529 : INFO : EventManager : Event: ======'player_skillshot_skillshot_tick'====== Args={'value': 6, 'prev_value': 7, 'change': -1, 'player_num': 1}
2026-05-17 15:08:40,529 : INFO : EventManager : Event: ======'timer_skillshot_tick'====== Args={'ticks': 6, 'ticks_remaining': 6}
2026-05-17 15:08:40,530 : INFO : EventManager : Event: ======'player_pilot_mission_qualifier_post_plunge_orbit_lockout_tick'====== Args={'value': 3, 'prev_value': 2, 'change': 1, 'player_num': 1}
2026-05-17 15:08:40,530 : INFO : Timer.post_plunge_orbit_lockout : Timer Complete
2026-05-17 15:08:40,530 : INFO : Timer.post_plunge_orbit_lockout : Stopping Timer
2026-05-17 15:08:40,530 : INFO : EventManager : Event: ======'timer_post_plunge_orbit_lockout_stopped'====== Args={'ticks': 3, 'ticks_remaining': 1}
2026-05-17 15:08:40,530 : INFO : EventManager : Event: ======'timer_post_plunge_orbit_lockout_complete'====== Args={'ticks': 3, 'ticks_remaining': 1}
2026-05-17 15:08:40,530 : INFO : EventManager : Event: ======'player_skillshot_skillshot_left_mig_post_timer_tick'====== Args={'value': 3, 'prev_value': 2, 'change': 1, 'player_num': 1}
2026-05-17 15:08:40,530 : INFO : Timer.skillshot_left_mig_post_timer : Timer Complete
2026-05-17 15:08:40,530 : INFO : Timer.skillshot_left_mig_post_timer : Stopping Timer
2026-05-17 15:08:40,530 : INFO : EventManager : Event: ======'timer_skillshot_left_mig_post_timer_stopped'====== Args={'ticks': 3, 'ticks_remaining': 1}
2026-05-17 15:08:40,530 : INFO : EventManager : Event: ======'timer_skillshot_left_mig_post_timer_complete'====== Args={'ticks': 3, 'ticks_remaining': 1}
2026-05-17 15:08:40,531 : INFO : ball_device.bd_plunger : State: failed_confirm
2026-05-17 15:08:40,531 : INFO : ball_device.bd_plunger : Got timeout (3.0s) before confirm from <playfield.playfield>
2026-05-17 15:08:40,531 : INFO : EventManager : Event: ======'skillshot_deactivate_left_mig_post'====== Args={'priority': 0}
2026-05-17 15:08:40,531 : INFO : coil.c_left_mig_up_post : Disabling Driver
2026-05-17 15:08:40,622 : INFO : ball_device.bd_plunger : Confirming eject because target is playfield and ball did not return.
2026-05-17 15:08:40,622 : INFO : ball_device.bd_plunger : Eject successful
2026-05-17 15:08:40,622 : INFO : EventManager : Event: ======'balldevice_bd_plunger_ball_eject_success'====== Args={'balls': 1, 'target': <playfield.playfield>}
2026-05-17 15:08:40,623 : INFO : EventManager : Event: ======'balldevice_playfield_ball_enter'====== Args={'new_balls': 1, 'unclaimed_balls': 1, 'device': <playfield.playfield>}
2026-05-17 15:08:40,623 : INFO : EventManager : Event: ======'playfield_ball_count_change'====== Args={'balls': 1, 'change': 1}
2026-05-17 15:08:40,624 : INFO : EventManager : Event: ======'balldevice_bd_plunger_ball_count_changed'====== Args={'balls': 0}
2026-05-17 15:08:40,624 : INFO : ball_device.bd_plunger : State: idle
2026-05-17 15:08:40,943 : INFO : EventManager : Event: ======'slide_skillshot_ball_launched_removed'====== Args={'_from_bcp': True}
2026-05-17 15:08:40,947 : INFO : EventManager : Event: ======'start_bg_video'====== Args={'_from_bcp': True}
2026-05-17 15:08:40,947 : INFO : EventManager : Event: ======'new_video'====== Args={'_from_bcp': True}
2026-05-17 15:08:41,452 : INFO : EventManager : Event: ======'player_ball_save_mode_ball_save_countdown_tick'====== Args={'value': 14, 'prev_value': 15, 'change': -1, 'player_num': 1}
2026-05-17 15:08:41,452 : INFO : EventManager : Event: ======'timer_mode_ball_save_countdown_tick'====== Args={'ticks': 14, 'ticks_remaining': 14}
2026-05-17 15:08:41,452 : INFO : EventManager : Event: ======'player_hard_deck_charlie_hard_deck_charlie_timer_tick'====== Args={'value': 134, 'prev_value': 135, 'change': -1, 'player_num': 1}
2026-05-17 15:08:41,453 : INFO : EventManager : Event: ======'timer_hard_deck_charlie_timer_tick'====== Args={'ticks': 134, 'ticks_remaining': 134}
2026-05-17 15:08:41,453 : INFO : EventManager : Event: ======'ball_save_flash_slow'====== Args={'priority': 0}
2026-05-17 15:08:41,453 : INFO : EventManager : Event: ======'player_ball_save_time_remaining'====== Args={'value': 14, 'prev_value': 15, 'change': -1, 'player_num': 1, 'source': 'ball_save'}
2026-05-17 15:08:41,453 : INFO : EventManager : Event: ======'player_charlie_timer_ticks'====== Args={'value': 134, 'prev_value': 135, 'change': -1, 'player_num': 1, 'source': 'hard_deck_charlie'}
2026-05-17 15:08:41,530 : INFO : EventManager : Event: ======'player_skillshot_skillshot_tick'====== Args={'value': 5, 'prev_value': 6, 'change': -1, 'player_num': 1}
2026-05-17 15:08:41,530 : INFO : EventManager : Event: ======'timer_skillshot_tick'====== Args={'ticks': 5, 'ticks_remaining': 5}
2026-05-17 15:08:42,449 : INFO : EventManager : Event: ======'player_ball_save_mode_ball_save_countdown_tick'====== Args={'value': 13, 'prev_value': 14, 'change': -1, 'player_num': 1}
2026-05-17 15:08:42,449 : INFO : EventManager : Event: ======'timer_mode_ball_save_countdown_tick'====== Args={'ticks': 13, 'ticks_remaining': 13}
2026-05-17 15:08:42,449 : INFO : EventManager : Event: ======'player_hard_deck_charlie_hard_deck_charlie_timer_tick'====== Args={'value': 133, 'prev_value': 134, 'change': -1, 'player_num': 1}
2026-05-17 15:08:42,449 : INFO : EventManager : Event: ======'timer_hard_deck_charlie_timer_tick'====== Args={'ticks': 133, 'ticks_remaining': 133}
2026-05-17 15:08:42,450 : INFO : EventManager : Event: ======'ball_save_flash_slow'====== Args={'priority': 0}
2026-05-17 15:08:42,450 : INFO : EventManager : Event: ======'player_ball_save_time_remaining'====== Args={'value': 13, 'prev_value': 14, 'change': -1, 'player_num': 1, 'source': 'ball_save'}
2026-05-17 15:08:42,450 : INFO : EventManager : Event: ======'player_charlie_timer_ticks'====== Args={'value': 133, 'prev_value': 134, 'change': -1, 'player_num': 1, 'source': 'hard_deck_charlie'}
2026-05-17 15:08:42,528 : INFO : EventManager : Event: ======'player_skillshot_skillshot_tick'====== Args={'value': 4, 'prev_value': 5, 'change': -1, 'player_num': 1}
2026-05-17 15:08:42,528 : INFO : EventManager : Event: ======'timer_skillshot_tick'====== Args={'ticks': 4, 'ticks_remaining': 4}
2026-05-17 15:08:42,746 : INFO : SwitchController : <<<<<<< 's_l_lock_target' active >>>>>>>
2026-05-17 15:08:42,746 : INFO : EventManager : Event: ======'s_l_lock_target_active'====== Args={}
2026-05-17 15:08:42,747 : INFO : EventManager : Event: ======'sw_playfield_active'====== Args={}
2026-05-17 15:08:42,747 : INFO : EventManager : Event: ======'sw_playfield_active'====== Args={}
2026-05-17 15:08:42,747 : INFO : EventManager : Event: ======'machine_var_audits_switches_s_l_lock_target'====== Args={'value': 2558, 'prev_value': 2557, 'change': 1}
2026-05-17 15:08:42,747 : INFO : SwitchController : <<<<<<< 's_l_lock_target' inactive >>>>>>>
2026-05-17 15:08:42,749 : INFO : EventManager : Event: ======'mode_skillshot_will_stop'====== Args={}
2026-05-17 15:08:42,749 : INFO : EventManager : Event: ======'mode_skillshot_stopping'====== Args={}
2026-05-17 15:08:42,749 : INFO : EventManager : Event: ======'player_lock_l_hits'====== Args={'value': 1, 'prev_value': 0, 'change': 1, 'player_num': 1, 'source': 'top_gun_multiball_locks'}
2026-05-17 15:08:42,749 : INFO : EventManager : Event: ======'player_score'====== Args={'value': 877000, 'prev_value': 627000, 'change': 250000, 'player_num': 1, 'source': 'top_gun_multiball_locks'}
2026-05-17 15:08:42,749 : INFO : EventManager : Event: ======'player_hd_sw_lock_l'====== Args={'value': 1, 'prev_value': 0, 'change': 1, 'player_num': 1, 'source': 'hard_deck_qualifiers'}
2026-05-17 15:08:42,749 : INFO : EventManager : Event: ======'player_score'====== Args={'value': 879500, 'prev_value': 877000, 'change': 2500, 'player_num': 1, 'source': 'base'}
2026-05-17 15:08:42,749 : INFO : EventManager : Event: ======'player_bonus_switches_count'====== Args={'value': 49, 'prev_value': 48, 'change': 1, 'player_num': 1, 'source': 'base'}
2026-05-17 15:08:42,749 : INFO : coil.c_left_mig_up_post : Disabling Driver
2026-05-17 15:08:42,749 : INFO : Timer.skillshot : Stopping Timer
2026-05-17 15:08:42,749 : INFO : EventManager : Event: ======'timer_skillshot_stopped'====== Args={'ticks': 4, 'ticks_remaining': 4}
2026-05-17 15:08:42,750 : INFO : Timer.skillshot_sound_loop : Stopping Timer
2026-05-17 15:08:42,750 : INFO : EventManager : Event: ======'timer_skillshot_sound_loop_stopped'====== Args={'ticks': 1, 'ticks_remaining': 998}
2026-05-17 15:08:42,750 : INFO : Timer.skillshot_shaker_pulse : Stopping Timer
2026-05-17 15:08:42,750 : INFO : EventManager : Event: ======'timer_skillshot_shaker_pulse_stopped'====== Args={'ticks': 3, 'ticks_remaining': 996}
2026-05-17 15:08:42,750 : INFO : Timer.skillshot_shaker_idle : Stopping Timer
2026-05-17 15:08:42,750 : INFO : EventManager : Event: ======'timer_skillshot_shaker_idle_stopped'====== Args={'ticks': 3, 'ticks_remaining': 17}
2026-05-17 15:08:42,750 : INFO : Timer.skillshot_left_mig_post_timer : Stopping Timer
2026-05-17 15:08:42,750 : INFO : EventManager : Event: ======'timer_skillshot_left_mig_post_timer_stopped'====== Args={'ticks': 3, 'ticks_remaining': 1}
2026-05-17 15:08:42,750 : INFO : EventManager : Event: ======'lock_letter_l_collected'====== Args={'priority': 0}
2026-05-17 15:08:42,750 : INFO : EventManager : Event: ======'lock_check_all_letters'====== Args={'priority': 0}
2026-05-17 15:08:42,750 : INFO : EventManager : Event: ======'player_lock_pending_letter'====== Args={'value': 1, 'prev_value': 2, 'change': -1, 'player_num': 1, 'source': 'top_gun_multiball_locks'}
2026-05-17 15:08:42,750 : INFO : EventManager : Event: ======'player_top_gun_multiball_locks_lock_letter_sound_delay_tick'====== Args={'value': 0, 'prev_value': 150, 'change': -150, 'player_num': 1}
2026-05-17 15:08:42,750 : INFO : Timer.lock_letter_sound_delay : Starting Timer.
2026-05-17 15:08:42,750 : INFO : EventManager : Event: ======'timer_lock_letter_sound_delay_started'====== Args={'ticks': 0, 'ticks_remaining': 150}
2026-05-17 15:08:42,750 : INFO : EventManager : Event: ======'timer_lock_letter_sound_delay_tick'====== Args={'ticks': 0, 'ticks_remaining': 150}
2026-05-17 15:08:42,751 : INFO : Mode.skillshot : Stopped.
2026-05-17 15:08:42,751 : INFO : EventManager : Event: ======'modes_active_modes_changed'====== Args={}
2026-05-17 15:08:42,751 : INFO : EventManager : Event: ======'mode_skillshot_stopped'====== Args={}
2026-05-17 15:08:42,751 : INFO : EventManager : Event: ======'clear'====== Args={'key': 'skillshot'}
2026-05-17 15:08:42,751 : INFO : EventManager : Event: ======'player_pilot_qualifier_paused'====== Args={'value': 0, 'prev_value': 1, 'change': -1, 'player_num': 1, 'source': 'pilot_mission_qualifier'}
2026-05-17 15:08:42,752 : INFO : Timer.skillshot_sound_loop : Stopping Timer
2026-05-17 15:08:42,752 : INFO : EventManager : Event: ======'timer_skillshot_sound_loop_stopped'====== Args={'ticks': 1, 'ticks_remaining': 998}
2026-05-17 15:08:42,752 : INFO : Timer.skillshot_left_mig_post_timer : Stopping Timer
2026-05-17 15:08:42,752 : INFO : EventManager : Event: ======'timer_skillshot_left_mig_post_timer_stopped'====== Args={'ticks': 3, 'ticks_remaining': 1}
2026-05-17 15:08:42,752 : INFO : Timer.skillshot_shaker_pulse : Stopping Timer
2026-05-17 15:08:42,752 : INFO : EventManager : Event: ======'timer_skillshot_shaker_pulse_stopped'====== Args={'ticks': 3, 'ticks_remaining': 996}
2026-05-17 15:08:42,752 : INFO : Timer.skillshot : Stopping Timer
2026-05-17 15:08:42,752 : INFO : EventManager : Event: ======'timer_skillshot_stopped'====== Args={'ticks': 4, 'ticks_remaining': 4}
2026-05-17 15:08:42,752 : INFO : Timer.skillshot_shaker_idle : Stopping Timer
2026-05-17 15:08:42,752 : INFO : EventManager : Event: ======'timer_skillshot_shaker_idle_stopped'====== Args={'ticks': 3, 'ticks_remaining': 17}
2026-05-17 15:08:42,762 : INFO : EventManager : Event: ======'player_top_gun_multiball_locks_lock_letter_sound_delay_tick'====== Args={'value': 1, 'prev_value': 0, 'change': 1, 'player_num': 1}
2026-05-17 15:08:42,762 : INFO : EventManager : Event: ======'timer_lock_letter_sound_delay_tick'====== Args={'ticks': 1, 'ticks_remaining': 149}
2026-05-17 15:08:42,764 : INFO : EventManager : Event: ======'player_top_gun_multiball_locks_lock_letter_sound_delay_tick'====== Args={'value': 2, 'prev_value': 1, 'change': 1, 'player_num': 1}
2026-05-17 15:08:42,765 : INFO : EventManager : Event: ======'timer_lock_letter_sound_delay_tick'====== Args={'ticks': 2, 'ticks_remaining': 148}
2026-05-17 15:08:42,767 : INFO : EventManager : Event: ======'player_top_gun_multiball_locks_lock_letter_sound_delay_tick'====== Args={'value': 3, 'prev_value': 2, 'change': 1, 'player_num': 1}
2026-05-17 15:08:42,767 : INFO : EventManager : Event: ======'timer_lock_letter_sound_delay_tick'====== Args={'ticks': 3, 'ticks_remaining': 147}
2026-05-17 15:08:42,768 : INFO : EventManager : Event: ======'player_top_gun_multiball_locks_lock_letter_sound_delay_tick'====== Args={'value': 4, 'prev_value': 3, 'change': 1, 'player_num': 1}
2026-05-17 15:08:42,768 : INFO : EventManager : Event: ======'timer_lock_letter_sound_delay_tick'====== Args={'ticks': 4, 'ticks_remaining': 146}
2026-05-17 15:08:42,769 : INFO : EventManager : Event: ======'player_top_gun_multiball_locks_lock_letter_sound_delay_tick'====== Args={'value': 5, 'prev_value': 4, 'change': 1, 'player_num': 1}
2026-05-17 15:08:42,769 : INFO : EventManager : Event: ======'timer_lock_letter_sound_delay_tick'====== Args={'ticks': 5, 'ticks_remaining': 145}
2026-05-17 15:08:42,769 : INFO : EventManager : Event: ======'player_top_gun_multiball_locks_lock_letter_sound_delay_tick'====== Args={'value': 6, 'prev_value': 5, 'change': 1, 'player_num': 1}
2026-05-17 15:08:42,769 : INFO : EventManager : Event: ======'timer_lock_letter_sound_delay_tick'====== Args={'ticks': 6, 'ticks_remaining': 144}
2026-05-17 15:08:42,770 : INFO : EventManager : Event: ======'player_top_gun_multiball_locks_lock_letter_sound_delay_tick'====== Args={'value': 7, 'prev_value': 6, 'change': 1, 'player_num': 1}
2026-05-17 15:08:42,770 : INFO : EventManager : Event: ======'timer_lock_letter_sound_delay_tick'====== Args={'ticks': 7, 'ticks_remaining': 143}
2026-05-17 15:08:42,771 : INFO : EventManager : Event: ======'player_top_gun_multiball_locks_lock_letter_sound_delay_tick'====== Args={'value': 8, 'prev_value': 7, 'change': 1, 'player_num': 1}
2026-05-17 15:08:42,771 : INFO : EventManager : Event: ======'timer_lock_letter_sound_delay_tick'====== Args={'ticks': 8, 'ticks_remaining': 142}
2026-05-17 15:08:42,771 : INFO : EventManager : Event: ======'player_top_gun_multiball_locks_lock_letter_sound_delay_tick'====== Args={'value': 9, 'prev_value': 8, 'change': 1, 'player_num': 1}
2026-05-17 15:08:42,772 : INFO : EventManager : Event: ======'timer_lock_letter_sound_delay_tick'====== Args={'ticks': 9, 'ticks_remaining': 141}
2026-05-17 15:08:42,772 : INFO : EventManager : Event: ======'player_top_gun_multiball_locks_lock_letter_sound_delay_tick'====== Args={'value': 10, 'prev_value': 9, 'change': 1, 'player_num': 1}
2026-05-17 15:08:42,772 : INFO : EventManager : Event: ======'timer_lock_letter_sound_delay_tick'====== Args={'ticks': 10, 'ticks_remaining': 140}
2026-05-17 15:08:42,773 : INFO : EventManager : Event: ======'player_top_gun_multiball_locks_lock_letter_sound_delay_tick'====== Args={'value': 11, 'prev_value': 10, 'change': 1, 'player_num': 1}
2026-05-17 15:08:42,773 : INFO : EventManager : Event: ======'timer_lock_letter_sound_delay_tick'====== Args={'ticks': 11, 'ticks_remaining': 139}
2026-05-17 15:08:42,774 : INFO : EventManager : Event: ======'player_top_gun_multiball_locks_lock_letter_sound_delay_tick'====== Args={'value': 12, 'prev_value': 11, 'change': 1, 'player_num': 1}
2026-05-17 15:08:42,775 : INFO : EventManager : Event: ======'timer_lock_letter_sound_delay_tick'====== Args={'ticks': 12, 'ticks_remaining': 138}
2026-05-17 15:08:42,775 : INFO : EventManager : Event: ======'player_top_gun_multiball_locks_lock_letter_sound_delay_tick'====== Args={'value': 13, 'prev_value': 12, 'change': 1, 'player_num': 1}
2026-05-17 15:08:42,776 : INFO : EventManager : Event: ======'timer_lock_letter_sound_delay_tick'====== Args={'ticks': 13, 'ticks_remaining': 137}
2026-05-17 15:08:42,776 : INFO : EventManager : Event: ======'player_top_gun_multiball_locks_lock_letter_sound_delay_tick'====== Args={'value': 14, 'prev_value': 13, 'change': 1, 'player_num': 1}
2026-05-17 15:08:42,777 : INFO : EventManager : Event: ======'timer_lock_letter_sound_delay_tick'====== Args={'ticks': 14, 'ticks_remaining': 136}
2026-05-17 15:08:42,777 : INFO : EventManager : Event: ======'player_top_gun_multiball_locks_lock_letter_sound_delay_tick'====== Args={'value': 15, 'prev_value': 14, 'change': 1, 'player_num': 1}
2026-05-17 15:08:42,777 : INFO : EventManager : Event: ======'timer_lock_letter_sound_delay_tick'====== Args={'ticks': 15, 'ticks_remaining': 135}
2026-05-17 15:08:42,779 : INFO : EventManager : Event: ======'player_top_gun_multiball_locks_lock_letter_sound_delay_tick'====== Args={'value': 16, 'prev_value': 15, 'change': 1, 'player_num': 1}
2026-05-17 15:08:42,779 : INFO : EventManager : Event: ======'timer_lock_letter_sound_delay_tick'====== Args={'ticks': 16, 'ticks_remaining': 134}
2026-05-17 15:08:42,779 : INFO : EventManager : Event: ======'player_top_gun_multiball_locks_lock_letter_sound_delay_tick'====== Args={'value': 17, 'prev_value': 16, 'change': 1, 'player_num': 1}
2026-05-17 15:08:42,780 : INFO : EventManager : Event: ======'timer_lock_letter_sound_delay_tick'====== Args={'ticks': 17, 'ticks_remaining': 133}
2026-05-17 15:08:42,780 : INFO : EventManager : Event: ======'player_top_gun_multiball_locks_lock_letter_sound_delay_tick'====== Args={'value': 18, 'prev_value': 17, 'change': 1, 'player_num': 1}
2026-05-17 15:08:42,781 : INFO : EventManager : Event: ======'timer_lock_letter_sound_delay_tick'====== Args={'ticks': 18, 'ticks_remaining': 132}
2026-05-17 15:08:42,781 : INFO : EventManager : Event: ======'player_top_gun_multiball_locks_lock_letter_sound_delay_tick'====== Args={'value': 19, 'prev_value': 18, 'change': 1, 'player_num': 1}
2026-05-17 15:08:42,781 : INFO : EventManager : Event: ======'timer_lock_letter_sound_delay_tick'====== Args={'ticks': 19, 'ticks_remaining': 131}
2026-05-17 15:08:42,782 : INFO : EventManager : Event: ======'player_top_gun_multiball_locks_lock_letter_sound_delay_tick'====== Args={'value': 20, 'prev_value': 19, 'change': 1, 'player_num': 1}
2026-05-17 15:08:42,782 : INFO : EventManager : Event: ======'timer_lock_letter_sound_delay_tick'====== Args={'ticks': 20, 'ticks_remaining': 130}
2026-05-17 15:08:42,782 : INFO : EventManager : Event: ======'player_top_gun_multiball_locks_lock_letter_sound_delay_tick'====== Args={'value': 21, 'prev_value': 20, 'change': 1, 'player_num': 1}
2026-05-17 15:08:42,783 : INFO : EventManager : Event: ======'timer_lock_letter_sound_delay_tick'====== Args={'ticks': 21, 'ticks_remaining': 129}
2026-05-17 15:08:42,783 : INFO : EventManager : Event: ======'player_top_gun_multiball_locks_lock_letter_sound_delay_tick'====== Args={'value': 22, 'prev_value': 21, 'change': 1, 'player_num': 1}
2026-05-17 15:08:42,783 : INFO : EventManager : Event: ======'timer_lock_letter_sound_delay_tick'====== Args={'ticks': 22, 'ticks_remaining': 128}
2026-05-17 15:08:42,784 : INFO : EventManager : Event: ======'player_top_gun_multiball_locks_lock_letter_sound_delay_tick'====== Args={'value': 23, 'prev_value': 22, 'change': 1, 'player_num': 1}
2026-05-17 15:08:42,784 : INFO : EventManager : Event: ======'timer_lock_letter_sound_delay_tick'====== Args={'ticks': 23, 'ticks_remaining': 127}
2026-05-17 15:08:42,784 : INFO : EventManager : Event: ======'player_top_gun_multiball_locks_lock_letter_sound_delay_tick'====== Args={'value': 24, 'prev_value': 23, 'change': 1, 'player_num': 1}
2026-05-17 15:08:42,785 : INFO : EventManager : Event: ======'timer_lock_letter_sound_delay_tick'====== Args={'ticks': 24, 'ticks_remaining': 126}
2026-05-17 15:08:42,785 : INFO : EventManager : Event: ======'player_top_gun_multiball_locks_lock_letter_sound_delay_tick'====== Args={'value': 25, 'prev_value': 24, 'change': 1, 'player_num': 1}
2026-05-17 15:08:42,785 : INFO : EventManager : Event: ======'timer_lock_letter_sound_delay_tick'====== Args={'ticks': 25, 'ticks_remaining': 125}
2026-05-17 15:08:42,786 : INFO : EventManager : Event: ======'player_top_gun_multiball_locks_lock_letter_sound_delay_tick'====== Args={'value': 26, 'prev_value': 25, 'change': 1, 'player_num': 1}
2026-05-17 15:08:42,786 : INFO : EventManager : Event: ======'timer_lock_letter_sound_delay_tick'====== Args={'ticks': 26, 'ticks_remaining': 124}
2026-05-17 15:08:42,786 : INFO : EventManager : Event: ======'player_top_gun_multiball_locks_lock_letter_sound_delay_tick'====== Args={'value': 27, 'prev_value': 26, 'change': 1, 'player_num': 1}
2026-05-17 15:08:42,787 : INFO : EventManager : Event: ======'timer_lock_letter_sound_delay_tick'====== Args={'ticks': 27, 'ticks_remaining': 123}
2026-05-17 15:08:42,787 : INFO : EventManager : Event: ======'player_top_gun_multiball_locks_lock_letter_sound_delay_tick'====== Args={'value': 28, 'prev_value': 27, 'change': 1, 'player_num': 1}
2026-05-17 15:08:42,787 : INFO : EventManager : Event: ======'timer_lock_letter_sound_delay_tick'====== Args={'ticks': 28, 'ticks_remaining': 122}
2026-05-17 15:08:42,788 : INFO : EventManager : Event: ======'player_top_gun_multiball_locks_lock_letter_sound_delay_tick'====== Args={'value': 29, 'prev_value': 28, 'change': 1, 'player_num': 1}
2026-05-17 15:08:42,788 : INFO : EventManager : Event: ======'timer_lock_letter_sound_delay_tick'====== Args={'ticks': 29, 'ticks_remaining': 121}
2026-05-17 15:08:42,788 : INFO : EventManager : Event: ======'player_top_gun_multiball_locks_lock_letter_sound_delay_tick'====== Args={'value': 30, 'prev_value': 29, 'change': 1, 'player_num': 1}
2026-05-17 15:08:42,789 : INFO : EventManager : Event: ======'timer_lock_letter_sound_delay_tick'====== Args={'ticks': 30, 'ticks_remaining': 120}
2026-05-17 15:08:42,789 : INFO : EventManager : Event: ======'player_top_gun_multiball_locks_lock_letter_sound_delay_tick'====== Args={'value': 31, 'prev_value': 30, 'change': 1, 'player_num': 1}
2026-05-17 15:08:42,790 : INFO : EventManager : Event: ======'timer_lock_letter_sound_delay_tick'====== Args={'ticks': 31, 'ticks_remaining': 119}
2026-05-17 15:08:42,790 : INFO : EventManager : Event: ======'player_top_gun_multiball_locks_lock_letter_sound_delay_tick'====== Args={'value': 32, 'prev_value': 31, 'change': 1, 'player_num': 1}
2026-05-17 15:08:42,791 : INFO : EventManager : Event: ======'timer_lock_letter_sound_delay_tick'====== Args={'ticks': 32, 'ticks_remaining': 118}
2026-05-17 15:08:42,791 : INFO : EventManager : Event: ======'player_top_gun_multiball_locks_lock_letter_sound_delay_tick'====== Args={'value': 33, 'prev_value': 32, 'change': 1, 'player_num': 1}
2026-05-17 15:08:42,791 : INFO : EventManager : Event: ======'timer_lock_letter_sound_delay_tick'====== Args={'ticks': 33, 'ticks_remaining': 117}
2026-05-17 15:08:42,792 : INFO : EventManager : Event: ======'player_top_gun_multiball_locks_lock_letter_sound_delay_tick'====== Args={'value': 34, 'prev_value': 33, 'change': 1, 'player_num': 1}
2026-05-17 15:08:42,792 : INFO : EventManager : Event: ======'timer_lock_letter_sound_delay_tick'====== Args={'ticks': 34, 'ticks_remaining': 116}
2026-05-17 15:08:42,793 : INFO : EventManager : Event: ======'player_top_gun_multiball_locks_lock_letter_sound_delay_tick'====== Args={'value': 35, 'prev_value': 34, 'change': 1, 'player_num': 1}
2026-05-17 15:08:42,793 : INFO : EventManager : Event: ======'timer_lock_letter_sound_delay_tick'====== Args={'ticks': 35, 'ticks_remaining': 115}
2026-05-17 15:08:42,794 : INFO : EventManager : Event: ======'player_top_gun_multiball_locks_lock_letter_sound_delay_tick'====== Args={'value': 36, 'prev_value': 35, 'change': 1, 'player_num': 1}
2026-05-17 15:08:42,794 : INFO : EventManager : Event: ======'timer_lock_letter_sound_delay_tick'====== Args={'ticks': 36, 'ticks_remaining': 114}
2026-05-17 15:08:42,794 : INFO : EventManager : Event: ======'player_top_gun_multiball_locks_lock_letter_sound_delay_tick'====== Args={'value': 37, 'prev_value': 36, 'change': 1, 'player_num': 1}
2026-05-17 15:08:42,795 : INFO : EventManager : Event: ======'timer_lock_letter_sound_delay_tick'====== Args={'ticks': 37, 'ticks_remaining': 113}
2026-05-17 15:08:42,795 : INFO : EventManager : Event: ======'player_top_gun_multiball_locks_lock_letter_sound_delay_tick'====== Args={'value': 38, 'prev_value': 37, 'change': 1, 'player_num': 1}
2026-05-17 15:08:42,795 : INFO : EventManager : Event: ======'timer_lock_letter_sound_delay_tick'====== Args={'ticks': 38, 'ticks_remaining': 112}
2026-05-17 15:08:42,796 : INFO : EventManager : Event: ======'player_top_gun_multiball_locks_lock_letter_sound_delay_tick'====== Args={'value': 39, 'prev_value': 38, 'change': 1, 'player_num': 1}
2026-05-17 15:08:42,796 : INFO : EventManager : Event: ======'timer_lock_letter_sound_delay_tick'====== Args={'ticks': 39, 'ticks_remaining': 111}
2026-05-17 15:08:42,796 : INFO : EventManager : Event: ======'player_top_gun_multiball_locks_lock_letter_sound_delay_tick'====== Args={'value': 40, 'prev_value': 39, 'change': 1, 'player_num': 1}
2026-05-17 15:08:42,797 : INFO : EventManager : Event: ======'timer_lock_letter_sound_delay_tick'====== Args={'ticks': 40, 'ticks_remaining': 110}
2026-05-17 15:08:42,797 : INFO : EventManager : Event: ======'player_top_gun_multiball_locks_lock_letter_sound_delay_tick'====== Args={'value': 41, 'prev_value': 40, 'change': 1, 'player_num': 1}
2026-05-17 15:08:42,797 : INFO : EventManager : Event: ======'timer_lock_letter_sound_delay_tick'====== Args={'ticks': 41, 'ticks_remaining': 109}
2026-05-17 15:08:42,798 : INFO : EventManager : Event: ======'player_top_gun_multiball_locks_lock_letter_sound_delay_tick'====== Args={'value': 42, 'prev_value': 41, 'change': 1, 'player_num': 1}
2026-05-17 15:08:42,798 : INFO : EventManager : Event: ======'timer_lock_letter_sound_delay_tick'====== Args={'ticks': 42, 'ticks_remaining': 108}
2026-05-17 15:08:42,799 : INFO : EventManager : Event: ======'player_top_gun_multiball_locks_lock_letter_sound_delay_tick'====== Args={'value': 43, 'prev_value': 42, 'change': 1, 'player_num': 1}
2026-05-17 15:08:42,799 : INFO : EventManager : Event: ======'timer_lock_letter_sound_delay_tick'====== Args={'ticks': 43, 'ticks_remaining': 107}
2026-05-17 15:08:42,800 : INFO : EventManager : Event: ======'player_top_gun_multiball_locks_lock_letter_sound_delay_tick'====== Args={'value': 44, 'prev_value': 43, 'change': 1, 'player_num': 1}
2026-05-17 15:08:42,800 : INFO : EventManager : Event: ======'timer_lock_letter_sound_delay_tick'====== Args={'ticks': 44, 'ticks_remaining': 106}
2026-05-17 15:08:42,800 : INFO : EventManager : Event: ======'player_top_gun_multiball_locks_lock_letter_sound_delay_tick'====== Args={'value': 45, 'prev_value': 44, 'change': 1, 'player_num': 1}
2026-05-17 15:08:42,801 : INFO : EventManager : Event: ======'timer_lock_letter_sound_delay_tick'====== Args={'ticks': 45, 'ticks_remaining': 105}
2026-05-17 15:08:42,801 : INFO : EventManager : Event: ======'player_top_gun_multiball_locks_lock_letter_sound_delay_tick'====== Args={'value': 46, 'prev_value': 45, 'change': 1, 'player_num': 1}
2026-05-17 15:08:42,801 : INFO : EventManager : Event: ======'timer_lock_letter_sound_delay_tick'====== Args={'ticks': 46, 'ticks_remaining': 104}
2026-05-17 15:08:42,802 : INFO : EventManager : Event: ======'player_top_gun_multiball_locks_lock_letter_sound_delay_tick'====== Args={'value': 47, 'prev_value': 46, 'change': 1, 'player_num': 1}
2026-05-17 15:08:42,802 : INFO : EventManager : Event: ======'timer_lock_letter_sound_delay_tick'====== Args={'ticks': 47, 'ticks_remaining': 103}
2026-05-17 15:08:42,802 : INFO : EventManager : Event: ======'player_top_gun_multiball_locks_lock_letter_sound_delay_tick'====== Args={'value': 48, 'prev_value': 47, 'change': 1, 'player_num': 1}
2026-05-17 15:08:42,802 : INFO : EventManager : Event: ======'timer_lock_letter_sound_delay_tick'====== Args={'ticks': 48, 'ticks_remaining': 102}
2026-05-17 15:08:42,803 : INFO : EventManager : Event: ======'player_top_gun_multiball_locks_lock_letter_sound_delay_tick'====== Args={'value': 49, 'prev_value': 48, 'change': 1, 'player_num': 1}
2026-05-17 15:08:42,803 : INFO : EventManager : Event: ======'timer_lock_letter_sound_delay_tick'====== Args={'ticks': 49, 'ticks_remaining': 101}
2026-05-17 15:08:42,803 : INFO : EventManager : Event: ======'player_top_gun_multiball_locks_lock_letter_sound_delay_tick'====== Args={'value': 50, 'prev_value': 49, 'change': 1, 'player_num': 1}
2026-05-17 15:08:42,804 : INFO : EventManager : Event: ======'timer_lock_letter_sound_delay_tick'====== Args={'ticks': 50, 'ticks_remaining': 100}
2026-05-17 15:08:42,804 : INFO : EventManager : Event: ======'player_top_gun_multiball_locks_lock_letter_sound_delay_tick'====== Args={'value': 51, 'prev_value': 50, 'change': 1, 'player_num': 1}
2026-05-17 15:08:42,804 : INFO : EventManager : Event: ======'timer_lock_letter_sound_delay_tick'====== Args={'ticks': 51, 'ticks_remaining': 99}
2026-05-17 15:08:42,805 : INFO : EventManager : Event: ======'player_top_gun_multiball_locks_lock_letter_sound_delay_tick'====== Args={'value': 52, 'prev_value': 51, 'change': 1, 'player_num': 1}
2026-05-17 15:08:42,805 : INFO : EventManager : Event: ======'timer_lock_letter_sound_delay_tick'====== Args={'ticks': 52, 'ticks_remaining': 98}
2026-05-17 15:08:42,805 : INFO : EventManager : Event: ======'player_top_gun_multiball_locks_lock_letter_sound_delay_tick'====== Args={'value': 53, 'prev_value': 52, 'change': 1, 'player_num': 1}
2026-05-17 15:08:42,805 : INFO : EventManager : Event: ======'timer_lock_letter_sound_delay_tick'====== Args={'ticks': 53, 'ticks_remaining': 97}
2026-05-17 15:08:42,806 : INFO : EventManager : Event: ======'player_top_gun_multiball_locks_lock_letter_sound_delay_tick'====== Args={'value': 54, 'prev_value': 53, 'change': 1, 'player_num': 1}
2026-05-17 15:08:42,806 : INFO : EventManager : Event: ======'timer_lock_letter_sound_delay_tick'====== Args={'ticks': 54, 'ticks_remaining': 96}
2026-05-17 15:08:42,806 : INFO : EventManager : Event: ======'player_top_gun_multiball_locks_lock_letter_sound_delay_tick'====== Args={'value': 55, 'prev_value': 54, 'change': 1, 'player_num': 1}
2026-05-17 15:08:42,807 : INFO : EventManager : Event: ======'timer_lock_letter_sound_delay_tick'====== Args={'ticks': 55, 'ticks_remaining': 95}
2026-05-17 15:08:42,807 : INFO : EventManager : Event: ======'player_top_gun_multiball_locks_lock_letter_sound_delay_tick'====== Args={'value': 56, 'prev_value': 55, 'change': 1, 'player_num': 1}
2026-05-17 15:08:42,808 : INFO : EventManager : Event: ======'timer_lock_letter_sound_delay_tick'====== Args={'ticks': 56, 'ticks_remaining': 94}
2026-05-17 15:08:42,808 : INFO : EventManager : Event: ======'player_top_gun_multiball_locks_lock_letter_sound_delay_tick'====== Args={'value': 57, 'prev_value': 56, 'change': 1, 'player_num': 1}
2026-05-17 15:08:42,808 : INFO : EventManager : Event: ======'timer_lock_letter_sound_delay_tick'====== Args={'ticks': 57, 'ticks_remaining': 93}
2026-05-17 15:08:42,809 : INFO : EventManager : Event: ======'player_top_gun_multiball_locks_lock_letter_sound_delay_tick'====== Args={'value': 58, 'prev_value': 57, 'change': 1, 'player_num': 1}
2026-05-17 15:08:42,809 : INFO : EventManager : Event: ======'timer_lock_letter_sound_delay_tick'====== Args={'ticks': 58, 'ticks_remaining': 92}
2026-05-17 15:08:42,809 : INFO : EventManager : Event: ======'player_top_gun_multiball_locks_lock_letter_sound_delay_tick'====== Args={'value': 59, 'prev_value': 58, 'change': 1, 'player_num': 1}
2026-05-17 15:08:42,809 : INFO : EventManager : Event: ======'timer_lock_letter_sound_delay_tick'====== Args={'ticks': 59, 'ticks_remaining': 91}
2026-05-17 15:08:42,811 : INFO : EventManager : Event: ======'player_top_gun_multiball_locks_lock_letter_sound_delay_tick'====== Args={'value': 60, 'prev_value': 59, 'change': 1, 'player_num': 1}
2026-05-17 15:08:42,811 : INFO : EventManager : Event: ======'timer_lock_letter_sound_delay_tick'====== Args={'ticks': 60, 'ticks_remaining': 90}
2026-05-17 15:08:42,811 : INFO : EventManager : Event: ======'player_top_gun_multiball_locks_lock_letter_sound_delay_tick'====== Args={'value': 61, 'prev_value': 60, 'change': 1, 'player_num': 1}
2026-05-17 15:08:42,812 : INFO : EventManager : Event: ======'timer_lock_letter_sound_delay_tick'====== Args={'ticks': 61, 'ticks_remaining': 89}
2026-05-17 15:08:42,812 : INFO : EventManager : Event: ======'player_top_gun_multiball_locks_lock_letter_sound_delay_tick'====== Args={'value': 62, 'prev_value': 61, 'change': 1, 'player_num': 1}
2026-05-17 15:08:42,813 : INFO : EventManager : Event: ======'timer_lock_letter_sound_delay_tick'====== Args={'ticks': 62, 'ticks_remaining': 88}
2026-05-17 15:08:42,813 : INFO : EventManager : Event: ======'player_top_gun_multiball_locks_lock_letter_sound_delay_tick'====== Args={'value': 63, 'prev_value': 62, 'change': 1, 'player_num': 1}
2026-05-17 15:08:42,813 : INFO : EventManager : Event: ======'timer_lock_letter_sound_delay_tick'====== Args={'ticks': 63, 'ticks_remaining': 87}
2026-05-17 15:08:42,814 : INFO : EventManager : Event: ======'player_top_gun_multiball_locks_lock_letter_sound_delay_tick'====== Args={'value': 64, 'prev_value': 63, 'change': 1, 'player_num': 1}
2026-05-17 15:08:42,814 : INFO : EventManager : Event: ======'timer_lock_letter_sound_delay_tick'====== Args={'ticks': 64, 'ticks_remaining': 86}
2026-05-17 15:08:42,815 : INFO : EventManager : Event: ======'player_top_gun_multiball_locks_lock_letter_sound_delay_tick'====== Args={'value': 65, 'prev_value': 64, 'change': 1, 'player_num': 1}
2026-05-17 15:08:42,815 : INFO : EventManager : Event: ======'timer_lock_letter_sound_delay_tick'====== Args={'ticks': 65, 'ticks_remaining': 85}
2026-05-17 15:08:42,815 : INFO : EventManager : Event: ======'player_top_gun_multiball_locks_lock_letter_sound_delay_tick'====== Args={'value': 66, 'prev_value': 65, 'change': 1, 'player_num': 1}
2026-05-17 15:08:42,815 : INFO : EventManager : Event: ======'timer_lock_letter_sound_delay_tick'====== Args={'ticks': 66, 'ticks_remaining': 84}
2026-05-17 15:08:42,815 : INFO : EventManager : Event: ======'player_top_gun_multiball_locks_lock_letter_sound_delay_tick'====== Args={'value': 67, 'prev_value': 66, 'change': 1, 'player_num': 1}
2026-05-17 15:08:42,816 : INFO : EventManager : Event: ======'timer_lock_letter_sound_delay_tick'====== Args={'ticks': 67, 'ticks_remaining': 83}
2026-05-17 15:08:42,816 : INFO : EventManager : Event: ======'player_top_gun_multiball_locks_lock_letter_sound_delay_tick'====== Args={'value': 68, 'prev_value': 67, 'change': 1, 'player_num': 1}
2026-05-17 15:08:42,816 : INFO : EventManager : Event: ======'timer_lock_letter_sound_delay_tick'====== Args={'ticks': 68, 'ticks_remaining': 82}
2026-05-17 15:08:42,817 : INFO : EventManager : Event: ======'player_top_gun_multiball_locks_lock_letter_sound_delay_tick'====== Args={'value': 69, 'prev_value': 68, 'change': 1, 'player_num': 1}
2026-05-17 15:08:42,817 : INFO : EventManager : Event: ======'timer_lock_letter_sound_delay_tick'====== Args={'ticks': 69, 'ticks_remaining': 81}
2026-05-17 15:08:42,817 : INFO : EventManager : Event: ======'player_top_gun_multiball_locks_lock_letter_sound_delay_tick'====== Args={'value': 70, 'prev_value': 69, 'change': 1, 'player_num': 1}
2026-05-17 15:08:42,817 : INFO : EventManager : Event: ======'timer_lock_letter_sound_delay_tick'====== Args={'ticks': 70, 'ticks_remaining': 80}
2026-05-17 15:08:42,819 : INFO : EventManager : Event: ======'player_top_gun_multiball_locks_lock_letter_sound_delay_tick'====== Args={'value': 71, 'prev_value': 70, 'change': 1, 'player_num': 1}
2026-05-17 15:08:42,819 : INFO : EventManager : Event: ======'timer_lock_letter_sound_delay_tick'====== Args={'ticks': 71, 'ticks_remaining': 79}
2026-05-17 15:08:42,819 : INFO : EventManager : Event: ======'player_top_gun_multiball_locks_lock_letter_sound_delay_tick'====== Args={'value': 72, 'prev_value': 71, 'change': 1, 'player_num': 1}
2026-05-17 15:08:42,819 : INFO : EventManager : Event: ======'timer_lock_letter_sound_delay_tick'====== Args={'ticks': 72, 'ticks_remaining': 78}
2026-05-17 15:08:42,820 : INFO : EventManager : Event: ======'player_top_gun_multiball_locks_lock_letter_sound_delay_tick'====== Args={'value': 73, 'prev_value': 72, 'change': 1, 'player_num': 1}
2026-05-17 15:08:42,820 : INFO : EventManager : Event: ======'timer_lock_letter_sound_delay_tick'====== Args={'ticks': 73, 'ticks_remaining': 77}
2026-05-17 15:08:42,820 : INFO : EventManager : Event: ======'player_top_gun_multiball_locks_lock_letter_sound_delay_tick'====== Args={'value': 74, 'prev_value': 73, 'change': 1, 'player_num': 1}
2026-05-17 15:08:42,821 : INFO : EventManager : Event: ======'timer_lock_letter_sound_delay_tick'====== Args={'ticks': 74, 'ticks_remaining': 76}
2026-05-17 15:08:42,821 : INFO : EventManager : Event: ======'player_top_gun_multiball_locks_lock_letter_sound_delay_tick'====== Args={'value': 75, 'prev_value': 74, 'change': 1, 'player_num': 1}
2026-05-17 15:08:42,821 : INFO : EventManager : Event: ======'timer_lock_letter_sound_delay_tick'====== Args={'ticks': 75, 'ticks_remaining': 75}
2026-05-17 15:08:42,821 : INFO : EventManager : Event: ======'player_top_gun_multiball_locks_lock_letter_sound_delay_tick'====== Args={'value': 76, 'prev_value': 75, 'change': 1, 'player_num': 1}
2026-05-17 15:08:42,822 : INFO : EventManager : Event: ======'timer_lock_letter_sound_delay_tick'====== Args={'ticks': 76, 'ticks_remaining': 74}
2026-05-17 15:08:42,822 : INFO : EventManager : Event: ======'player_top_gun_multiball_locks_lock_letter_sound_delay_tick'====== Args={'value': 77, 'prev_value': 76, 'change': 1, 'player_num': 1}
2026-05-17 15:08:42,822 : INFO : EventManager : Event: ======'timer_lock_letter_sound_delay_tick'====== Args={'ticks': 77, 'ticks_remaining': 73}
2026-05-17 15:08:42,823 : INFO : EventManager : Event: ======'player_top_gun_multiball_locks_lock_letter_sound_delay_tick'====== Args={'value': 78, 'prev_value': 77, 'change': 1, 'player_num': 1}
2026-05-17 15:08:42,823 : INFO : EventManager : Event: ======'timer_lock_letter_sound_delay_tick'====== Args={'ticks': 78, 'ticks_remaining': 72}
2026-05-17 15:08:42,824 : INFO : EventManager : Event: ======'player_top_gun_multiball_locks_lock_letter_sound_delay_tick'====== Args={'value': 79, 'prev_value': 78, 'change': 1, 'player_num': 1}
2026-05-17 15:08:42,824 : INFO : EventManager : Event: ======'timer_lock_letter_sound_delay_tick'====== Args={'ticks': 79, 'ticks_remaining': 71}
2026-05-17 15:08:42,824 : INFO : EventManager : Event: ======'player_top_gun_multiball_locks_lock_letter_sound_delay_tick'====== Args={'value': 80, 'prev_value': 79, 'change': 1, 'player_num': 1}
2026-05-17 15:08:42,825 : INFO : EventManager : Event: ======'timer_lock_letter_sound_delay_tick'====== Args={'ticks': 80, 'ticks_remaining': 70}
2026-05-17 15:08:42,825 : INFO : EventManager : Event: ======'player_top_gun_multiball_locks_lock_letter_sound_delay_tick'====== Args={'value': 81, 'prev_value': 80, 'change': 1, 'player_num': 1}
2026-05-17 15:08:42,825 : INFO : EventManager : Event: ======'timer_lock_letter_sound_delay_tick'====== Args={'ticks': 81, 'ticks_remaining': 69}
2026-05-17 15:08:42,826 : INFO : EventManager : Event: ======'player_top_gun_multiball_locks_lock_letter_sound_delay_tick'====== Args={'value': 82, 'prev_value': 81, 'change': 1, 'player_num': 1}
2026-05-17 15:08:42,826 : INFO : EventManager : Event: ======'timer_lock_letter_sound_delay_tick'====== Args={'ticks': 82, 'ticks_remaining': 68}
2026-05-17 15:08:42,827 : INFO : EventManager : Event: ======'player_top_gun_multiball_locks_lock_letter_sound_delay_tick'====== Args={'value': 83, 'prev_value': 82, 'change': 1, 'player_num': 1}
2026-05-17 15:08:42,827 : INFO : EventManager : Event: ======'timer_lock_letter_sound_delay_tick'====== Args={'ticks': 83, 'ticks_remaining': 67}
2026-05-17 15:08:42,827 : INFO : EventManager : Event: ======'player_top_gun_multiball_locks_lock_letter_sound_delay_tick'====== Args={'value': 84, 'prev_value': 83, 'change': 1, 'player_num': 1}
2026-05-17 15:08:42,827 : INFO : EventManager : Event: ======'timer_lock_letter_sound_delay_tick'====== Args={'ticks': 84, 'ticks_remaining': 66}
2026-05-17 15:08:42,827 : INFO : EventManager : Event: ======'player_top_gun_multiball_locks_lock_letter_sound_delay_tick'====== Args={'value': 85, 'prev_value': 84, 'change': 1, 'player_num': 1}
2026-05-17 15:08:42,829 : INFO : EventManager : Event: ======'timer_lock_letter_sound_delay_tick'====== Args={'ticks': 85, 'ticks_remaining': 65}
2026-05-17 15:08:42,829 : INFO : EventManager : Event: ======'player_top_gun_multiball_locks_lock_letter_sound_delay_tick'====== Args={'value': 86, 'prev_value': 85, 'change': 1, 'player_num': 1}
2026-05-17 15:08:42,829 : INFO : EventManager : Event: ======'timer_lock_letter_sound_delay_tick'====== Args={'ticks': 86, 'ticks_remaining': 64}
2026-05-17 15:08:42,830 : INFO : EventManager : Event: ======'player_top_gun_multiball_locks_lock_letter_sound_delay_tick'====== Args={'value': 87, 'prev_value': 86, 'change': 1, 'player_num': 1}
2026-05-17 15:08:42,830 : INFO : EventManager : Event: ======'timer_lock_letter_sound_delay_tick'====== Args={'ticks': 87, 'ticks_remaining': 63}
2026-05-17 15:08:42,831 : INFO : EventManager : Event: ======'player_top_gun_multiball_locks_lock_letter_sound_delay_tick'====== Args={'value': 88, 'prev_value': 87, 'change': 1, 'player_num': 1}
2026-05-17 15:08:42,831 : INFO : EventManager : Event: ======'timer_lock_letter_sound_delay_tick'====== Args={'ticks': 88, 'ticks_remaining': 62}
2026-05-17 15:08:42,831 : INFO : EventManager : Event: ======'player_top_gun_multiball_locks_lock_letter_sound_delay_tick'====== Args={'value': 89, 'prev_value': 88, 'change': 1, 'player_num': 1}
2026-05-17 15:08:42,832 : INFO : EventManager : Event: ======'timer_lock_letter_sound_delay_tick'====== Args={'ticks': 89, 'ticks_remaining': 61}
2026-05-17 15:08:42,832 : INFO : EventManager : Event: ======'player_top_gun_multiball_locks_lock_letter_sound_delay_tick'====== Args={'value': 90, 'prev_value': 89, 'change': 1, 'player_num': 1}
2026-05-17 15:08:42,832 : INFO : EventManager : Event: ======'timer_lock_letter_sound_delay_tick'====== Args={'ticks': 90, 'ticks_remaining': 60}
2026-05-17 15:08:42,832 : INFO : EventManager : Event: ======'player_top_gun_multiball_locks_lock_letter_sound_delay_tick'====== Args={'value': 91, 'prev_value': 90, 'change': 1, 'player_num': 1}
2026-05-17 15:08:42,833 : INFO : EventManager : Event: ======'timer_lock_letter_sound_delay_tick'====== Args={'ticks': 91, 'ticks_remaining': 59}
2026-05-17 15:08:42,833 : INFO : EventManager : Event: ======'player_top_gun_multiball_locks_lock_letter_sound_delay_tick'====== Args={'value': 92, 'prev_value': 91, 'change': 1, 'player_num': 1}
2026-05-17 15:08:42,833 : INFO : EventManager : Event: ======'timer_lock_letter_sound_delay_tick'====== Args={'ticks': 92, 'ticks_remaining': 58}
2026-05-17 15:08:42,834 : INFO : EventManager : Event: ======'player_top_gun_multiball_locks_lock_letter_sound_delay_tick'====== Args={'value': 93, 'prev_value': 92, 'change': 1, 'player_num': 1}
2026-05-17 15:08:42,834 : INFO : EventManager : Event: ======'timer_lock_letter_sound_delay_tick'====== Args={'ticks': 93, 'ticks_remaining': 57}
2026-05-17 15:08:42,834 : INFO : EventManager : Event: ======'player_top_gun_multiball_locks_lock_letter_sound_delay_tick'====== Args={'value': 94, 'prev_value': 93, 'change': 1, 'player_num': 1}
2026-05-17 15:08:42,835 : INFO : EventManager : Event: ======'timer_lock_letter_sound_delay_tick'====== Args={'ticks': 94, 'ticks_remaining': 56}
2026-05-17 15:08:42,835 : INFO : EventManager : Event: ======'player_top_gun_multiball_locks_lock_letter_sound_delay_tick'====== Args={'value': 95, 'prev_value': 94, 'change': 1, 'player_num': 1}
2026-05-17 15:08:42,835 : INFO : EventManager : Event: ======'timer_lock_letter_sound_delay_tick'====== Args={'ticks': 95, 'ticks_remaining': 55}
2026-05-17 15:08:42,836 : INFO : EventManager : Event: ======'player_top_gun_multiball_locks_lock_letter_sound_delay_tick'====== Args={'value': 96, 'prev_value': 95, 'change': 1, 'player_num': 1}
2026-05-17 15:08:42,836 : INFO : EventManager : Event: ======'timer_lock_letter_sound_delay_tick'====== Args={'ticks': 96, 'ticks_remaining': 54}
2026-05-17 15:08:42,836 : INFO : EventManager : Event: ======'player_top_gun_multiball_locks_lock_letter_sound_delay_tick'====== Args={'value': 97, 'prev_value': 96, 'change': 1, 'player_num': 1}
2026-05-17 15:08:42,836 : INFO : EventManager : Event: ======'timer_lock_letter_sound_delay_tick'====== Args={'ticks': 97, 'ticks_remaining': 53}
2026-05-17 15:08:42,837 : INFO : EventManager : Event: ======'player_top_gun_multiball_locks_lock_letter_sound_delay_tick'====== Args={'value': 98, 'prev_value': 97, 'change': 1, 'player_num': 1}
2026-05-17 15:08:42,837 : INFO : EventManager : Event: ======'timer_lock_letter_sound_delay_tick'====== Args={'ticks': 98, 'ticks_remaining': 52}
2026-05-17 15:08:42,837 : INFO : EventManager : Event: ======'player_top_gun_multiball_locks_lock_letter_sound_delay_tick'====== Args={'value': 99, 'prev_value': 98, 'change': 1, 'player_num': 1}
2026-05-17 15:08:42,838 : INFO : EventManager : Event: ======'timer_lock_letter_sound_delay_tick'====== Args={'ticks': 99, 'ticks_remaining': 51}
2026-05-17 15:08:42,838 : INFO : EventManager : Event: ======'player_top_gun_multiball_locks_lock_letter_sound_delay_tick'====== Args={'value': 100, 'prev_value': 99, 'change': 1, 'player_num': 1}
2026-05-17 15:08:42,838 : INFO : EventManager : Event: ======'timer_lock_letter_sound_delay_tick'====== Args={'ticks': 100, 'ticks_remaining': 50}
2026-05-17 15:08:42,839 : INFO : EventManager : Event: ======'player_top_gun_multiball_locks_lock_letter_sound_delay_tick'====== Args={'value': 101, 'prev_value': 100, 'change': 1, 'player_num': 1}
2026-05-17 15:08:42,839 : INFO : EventManager : Event: ======'timer_lock_letter_sound_delay_tick'====== Args={'ticks': 101, 'ticks_remaining': 49}
2026-05-17 15:08:42,839 : INFO : EventManager : Event: ======'player_top_gun_multiball_locks_lock_letter_sound_delay_tick'====== Args={'value': 102, 'prev_value': 101, 'change': 1, 'player_num': 1}
2026-05-17 15:08:42,839 : INFO : EventManager : Event: ======'timer_lock_letter_sound_delay_tick'====== Args={'ticks': 102, 'ticks_remaining': 48}
2026-05-17 15:08:42,839 : INFO : EventManager : Event: ======'player_top_gun_multiball_locks_lock_letter_sound_delay_tick'====== Args={'value': 103, 'prev_value': 102, 'change': 1, 'player_num': 1}
2026-05-17 15:08:42,840 : INFO : EventManager : Event: ======'timer_lock_letter_sound_delay_tick'====== Args={'ticks': 103, 'ticks_remaining': 47}
2026-05-17 15:08:42,841 : INFO : EventManager : Event: ======'player_top_gun_multiball_locks_lock_letter_sound_delay_tick'====== Args={'value': 104, 'prev_value': 103, 'change': 1, 'player_num': 1}
2026-05-17 15:08:42,841 : INFO : EventManager : Event: ======'timer_lock_letter_sound_delay_tick'====== Args={'ticks': 104, 'ticks_remaining': 46}
2026-05-17 15:08:42,842 : INFO : EventManager : Event: ======'player_top_gun_multiball_locks_lock_letter_sound_delay_tick'====== Args={'value': 105, 'prev_value': 104, 'change': 1, 'player_num': 1}
2026-05-17 15:08:42,842 : INFO : EventManager : Event: ======'timer_lock_letter_sound_delay_tick'====== Args={'ticks': 105, 'ticks_remaining': 45}
2026-05-17 15:08:42,842 : INFO : EventManager : Event: ======'player_top_gun_multiball_locks_lock_letter_sound_delay_tick'====== Args={'value': 106, 'prev_value': 105, 'change': 1, 'player_num': 1}
2026-05-17 15:08:42,844 : INFO : EventManager : Event: ======'timer_lock_letter_sound_delay_tick'====== Args={'ticks': 106, 'ticks_remaining': 44}
2026-05-17 15:08:42,844 : INFO : EventManager : Event: ======'player_top_gun_multiball_locks_lock_letter_sound_delay_tick'====== Args={'value': 107, 'prev_value': 106, 'change': 1, 'player_num': 1}
2026-05-17 15:08:42,845 : INFO : EventManager : Event: ======'timer_lock_letter_sound_delay_tick'====== Args={'ticks': 107, 'ticks_remaining': 43}
2026-05-17 15:08:42,845 : INFO : EventManager : Event: ======'player_top_gun_multiball_locks_lock_letter_sound_delay_tick'====== Args={'value': 108, 'prev_value': 107, 'change': 1, 'player_num': 1}
2026-05-17 15:08:42,845 : INFO : EventManager : Event: ======'timer_lock_letter_sound_delay_tick'====== Args={'ticks': 108, 'ticks_remaining': 42}
2026-05-17 15:08:42,846 : INFO : EventManager : Event: ======'player_top_gun_multiball_locks_lock_letter_sound_delay_tick'====== Args={'value': 109, 'prev_value': 108, 'change': 1, 'player_num': 1}
2026-05-17 15:08:42,846 : INFO : EventManager : Event: ======'timer_lock_letter_sound_delay_tick'====== Args={'ticks': 109, 'ticks_remaining': 41}
2026-05-17 15:08:42,847 : INFO : EventManager : Event: ======'player_top_gun_multiball_locks_lock_letter_sound_delay_tick'====== Args={'value': 110, 'prev_value': 109, 'change': 1, 'player_num': 1}
2026-05-17 15:08:42,847 : INFO : EventManager : Event: ======'timer_lock_letter_sound_delay_tick'====== Args={'ticks': 110, 'ticks_remaining': 40}
2026-05-17 15:08:42,848 : INFO : EventManager : Event: ======'player_top_gun_multiball_locks_lock_letter_sound_delay_tick'====== Args={'value': 111, 'prev_value': 110, 'change': 1, 'player_num': 1}
2026-05-17 15:08:42,848 : INFO : EventManager : Event: ======'timer_lock_letter_sound_delay_tick'====== Args={'ticks': 111, 'ticks_remaining': 39}
2026-05-17 15:08:42,848 : INFO : EventManager : Event: ======'player_top_gun_multiball_locks_lock_letter_sound_delay_tick'====== Args={'value': 112, 'prev_value': 111, 'change': 1, 'player_num': 1}
2026-05-17 15:08:42,849 : INFO : EventManager : Event: ======'timer_lock_letter_sound_delay_tick'====== Args={'ticks': 112, 'ticks_remaining': 38}
2026-05-17 15:08:42,849 : INFO : EventManager : Event: ======'player_top_gun_multiball_locks_lock_letter_sound_delay_tick'====== Args={'value': 113, 'prev_value': 112, 'change': 1, 'player_num': 1}
2026-05-17 15:08:42,849 : INFO : EventManager : Event: ======'timer_lock_letter_sound_delay_tick'====== Args={'ticks': 113, 'ticks_remaining': 37}
2026-05-17 15:08:42,850 : INFO : EventManager : Event: ======'player_top_gun_multiball_locks_lock_letter_sound_delay_tick'====== Args={'value': 114, 'prev_value': 113, 'change': 1, 'player_num': 1}
2026-05-17 15:08:42,850 : INFO : EventManager : Event: ======'timer_lock_letter_sound_delay_tick'====== Args={'ticks': 114, 'ticks_remaining': 36}
2026-05-17 15:08:42,850 : INFO : EventManager : Event: ======'player_top_gun_multiball_locks_lock_letter_sound_delay_tick'====== Args={'value': 115, 'prev_value': 114, 'change': 1, 'player_num': 1}
2026-05-17 15:08:42,850 : INFO : EventManager : Event: ======'timer_lock_letter_sound_delay_tick'====== Args={'ticks': 115, 'ticks_remaining': 35}
2026-05-17 15:08:42,851 : INFO : EventManager : Event: ======'player_top_gun_multiball_locks_lock_letter_sound_delay_tick'====== Args={'value': 116, 'prev_value': 115, 'change': 1, 'player_num': 1}
2026-05-17 15:08:42,851 : INFO : EventManager : Event: ======'timer_lock_letter_sound_delay_tick'====== Args={'ticks': 116, 'ticks_remaining': 34}
2026-05-17 15:08:42,851 : INFO : EventManager : Event: ======'player_top_gun_multiball_locks_lock_letter_sound_delay_tick'====== Args={'value': 117, 'prev_value': 116, 'change': 1, 'player_num': 1}
2026-05-17 15:08:42,852 : INFO : EventManager : Event: ======'timer_lock_letter_sound_delay_tick'====== Args={'ticks': 117, 'ticks_remaining': 33}
2026-05-17 15:08:42,852 : INFO : EventManager : Event: ======'player_top_gun_multiball_locks_lock_letter_sound_delay_tick'====== Args={'value': 118, 'prev_value': 117, 'change': 1, 'player_num': 1}
2026-05-17 15:08:42,852 : INFO : EventManager : Event: ======'timer_lock_letter_sound_delay_tick'====== Args={'ticks': 118, 'ticks_remaining': 32}
2026-05-17 15:08:42,853 : INFO : EventManager : Event: ======'player_top_gun_multiball_locks_lock_letter_sound_delay_tick'====== Args={'value': 119, 'prev_value': 118, 'change': 1, 'player_num': 1}
2026-05-17 15:08:42,853 : INFO : EventManager : Event: ======'timer_lock_letter_sound_delay_tick'====== Args={'ticks': 119, 'ticks_remaining': 31}
2026-05-17 15:08:42,853 : INFO : EventManager : Event: ======'player_top_gun_multiball_locks_lock_letter_sound_delay_tick'====== Args={'value': 120, 'prev_value': 119, 'change': 1, 'player_num': 1}
2026-05-17 15:08:42,853 : INFO : EventManager : Event: ======'timer_lock_letter_sound_delay_tick'====== Args={'ticks': 120, 'ticks_remaining': 30}
2026-05-17 15:08:42,854 : INFO : EventManager : Event: ======'player_top_gun_multiball_locks_lock_letter_sound_delay_tick'====== Args={'value': 121, 'prev_value': 120, 'change': 1, 'player_num': 1}
2026-05-17 15:08:42,854 : INFO : EventManager : Event: ======'timer_lock_letter_sound_delay_tick'====== Args={'ticks': 121, 'ticks_remaining': 29}
2026-05-17 15:08:42,854 : INFO : EventManager : Event: ======'player_top_gun_multiball_locks_lock_letter_sound_delay_tick'====== Args={'value': 122, 'prev_value': 121, 'change': 1, 'player_num': 1}
2026-05-17 15:08:42,855 : INFO : EventManager : Event: ======'timer_lock_letter_sound_delay_tick'====== Args={'ticks': 122, 'ticks_remaining': 28}
2026-05-17 15:08:42,855 : INFO : EventManager : Event: ======'player_top_gun_multiball_locks_lock_letter_sound_delay_tick'====== Args={'value': 123, 'prev_value': 122, 'change': 1, 'player_num': 1}
2026-05-17 15:08:42,855 : INFO : EventManager : Event: ======'timer_lock_letter_sound_delay_tick'====== Args={'ticks': 123, 'ticks_remaining': 27}
2026-05-17 15:08:42,856 : INFO : EventManager : Event: ======'player_top_gun_multiball_locks_lock_letter_sound_delay_tick'====== Args={'value': 124, 'prev_value': 123, 'change': 1, 'player_num': 1}
2026-05-17 15:08:42,856 : INFO : EventManager : Event: ======'timer_lock_letter_sound_delay_tick'====== Args={'ticks': 124, 'ticks_remaining': 26}
2026-05-17 15:08:42,872 : INFO : EventManager : Event: ======'player_top_gun_multiball_locks_lock_letter_sound_delay_tick'====== Args={'value': 125, 'prev_value': 124, 'change': 1, 'player_num': 1}
2026-05-17 15:08:42,872 : INFO : EventManager : Event: ======'timer_lock_letter_sound_delay_tick'====== Args={'ticks': 125, 'ticks_remaining': 25}
2026-05-17 15:08:42,873 : INFO : EventManager : Event: ======'player_top_gun_multiball_locks_lock_letter_sound_delay_tick'====== Args={'value': 126, 'prev_value': 125, 'change': 1, 'player_num': 1}
2026-05-17 15:08:42,873 : INFO : EventManager : Event: ======'timer_lock_letter_sound_delay_tick'====== Args={'ticks': 126, 'ticks_remaining': 24}
2026-05-17 15:08:42,874 : INFO : EventManager : Event: ======'player_top_gun_multiball_locks_lock_letter_sound_delay_tick'====== Args={'value': 127, 'prev_value': 126, 'change': 1, 'player_num': 1}
2026-05-17 15:08:42,874 : INFO : EventManager : Event: ======'timer_lock_letter_sound_delay_tick'====== Args={'ticks': 127, 'ticks_remaining': 23}
2026-05-17 15:08:42,875 : INFO : EventManager : Event: ======'player_top_gun_multiball_locks_lock_letter_sound_delay_tick'====== Args={'value': 128, 'prev_value': 127, 'change': 1, 'player_num': 1}
2026-05-17 15:08:42,875 : INFO : EventManager : Event: ======'timer_lock_letter_sound_delay_tick'====== Args={'ticks': 128, 'ticks_remaining': 22}
2026-05-17 15:08:42,876 : INFO : EventManager : Event: ======'player_top_gun_multiball_locks_lock_letter_sound_delay_tick'====== Args={'value': 129, 'prev_value': 128, 'change': 1, 'player_num': 1}
2026-05-17 15:08:42,876 : INFO : EventManager : Event: ======'timer_lock_letter_sound_delay_tick'====== Args={'ticks': 129, 'ticks_remaining': 21}
2026-05-17 15:08:42,877 : INFO : EventManager : Event: ======'player_top_gun_multiball_locks_lock_letter_sound_delay_tick'====== Args={'value': 130, 'prev_value': 129, 'change': 1, 'player_num': 1}
2026-05-17 15:08:42,877 : INFO : EventManager : Event: ======'timer_lock_letter_sound_delay_tick'====== Args={'ticks': 130, 'ticks_remaining': 20}
2026-05-17 15:08:42,878 : INFO : EventManager : Event: ======'player_top_gun_multiball_locks_lock_letter_sound_delay_tick'====== Args={'value': 131, 'prev_value': 130, 'change': 1, 'player_num': 1}
2026-05-17 15:08:42,878 : INFO : EventManager : Event: ======'timer_lock_letter_sound_delay_tick'====== Args={'ticks': 131, 'ticks_remaining': 19}
2026-05-17 15:08:42,879 : INFO : EventManager : Event: ======'player_top_gun_multiball_locks_lock_letter_sound_delay_tick'====== Args={'value': 132, 'prev_value': 131, 'change': 1, 'player_num': 1}
2026-05-17 15:08:42,879 : INFO : EventManager : Event: ======'timer_lock_letter_sound_delay_tick'====== Args={'ticks': 132, 'ticks_remaining': 18}
2026-05-17 15:08:42,880 : INFO : EventManager : Event: ======'player_top_gun_multiball_locks_lock_letter_sound_delay_tick'====== Args={'value': 133, 'prev_value': 132, 'change': 1, 'player_num': 1}
2026-05-17 15:08:42,881 : INFO : EventManager : Event: ======'timer_lock_letter_sound_delay_tick'====== Args={'ticks': 133, 'ticks_remaining': 17}
2026-05-17 15:08:42,881 : INFO : EventManager : Event: ======'player_top_gun_multiball_locks_lock_letter_sound_delay_tick'====== Args={'value': 134, 'prev_value': 133, 'change': 1, 'player_num': 1}
2026-05-17 15:08:42,881 : INFO : EventManager : Event: ======'timer_lock_letter_sound_delay_tick'====== Args={'ticks': 134, 'ticks_remaining': 16}
2026-05-17 15:08:42,882 : INFO : EventManager : Event: ======'player_top_gun_multiball_locks_lock_letter_sound_delay_tick'====== Args={'value': 135, 'prev_value': 134, 'change': 1, 'player_num': 1}
2026-05-17 15:08:42,882 : INFO : EventManager : Event: ======'timer_lock_letter_sound_delay_tick'====== Args={'ticks': 135, 'ticks_remaining': 15}
2026-05-17 15:08:42,882 : INFO : EventManager : Event: ======'player_top_gun_multiball_locks_lock_letter_sound_delay_tick'====== Args={'value': 136, 'prev_value': 135, 'change': 1, 'player_num': 1}
2026-05-17 15:08:42,882 : INFO : EventManager : Event: ======'timer_lock_letter_sound_delay_tick'====== Args={'ticks': 136, 'ticks_remaining': 14}
2026-05-17 15:08:42,883 : INFO : EventManager : Event: ======'player_top_gun_multiball_locks_lock_letter_sound_delay_tick'====== Args={'value': 137, 'prev_value': 136, 'change': 1, 'player_num': 1}
2026-05-17 15:08:42,883 : INFO : EventManager : Event: ======'timer_lock_letter_sound_delay_tick'====== Args={'ticks': 137, 'ticks_remaining': 13}
2026-05-17 15:08:42,883 : INFO : EventManager : Event: ======'player_top_gun_multiball_locks_lock_letter_sound_delay_tick'====== Args={'value': 138, 'prev_value': 137, 'change': 1, 'player_num': 1}
2026-05-17 15:08:42,884 : INFO : EventManager : Event: ======'timer_lock_letter_sound_delay_tick'====== Args={'ticks': 138, 'ticks_remaining': 12}
2026-05-17 15:08:42,884 : INFO : EventManager : Event: ======'player_top_gun_multiball_locks_lock_letter_sound_delay_tick'====== Args={'value': 139, 'prev_value': 138, 'change': 1, 'player_num': 1}
2026-05-17 15:08:42,884 : INFO : EventManager : Event: ======'timer_lock_letter_sound_delay_tick'====== Args={'ticks': 139, 'ticks_remaining': 11}
2026-05-17 15:08:42,885 : INFO : EventManager : Event: ======'player_top_gun_multiball_locks_lock_letter_sound_delay_tick'====== Args={'value': 140, 'prev_value': 139, 'change': 1, 'player_num': 1}
2026-05-17 15:08:42,885 : INFO : EventManager : Event: ======'timer_lock_letter_sound_delay_tick'====== Args={'ticks': 140, 'ticks_remaining': 10}
2026-05-17 15:08:42,886 : INFO : EventManager : Event: ======'player_top_gun_multiball_locks_lock_letter_sound_delay_tick'====== Args={'value': 141, 'prev_value': 140, 'change': 1, 'player_num': 1}
2026-05-17 15:08:42,886 : INFO : EventManager : Event: ======'timer_lock_letter_sound_delay_tick'====== Args={'ticks': 141, 'ticks_remaining': 9}
2026-05-17 15:08:42,886 : INFO : EventManager : Event: ======'player_top_gun_multiball_locks_lock_letter_sound_delay_tick'====== Args={'value': 142, 'prev_value': 141, 'change': 1, 'player_num': 1}
2026-05-17 15:08:42,886 : INFO : EventManager : Event: ======'timer_lock_letter_sound_delay_tick'====== Args={'ticks': 142, 'ticks_remaining': 8}
2026-05-17 15:08:42,886 : INFO : EventManager : Event: ======'player_top_gun_multiball_locks_lock_letter_sound_delay_tick'====== Args={'value': 143, 'prev_value': 142, 'change': 1, 'player_num': 1}
2026-05-17 15:08:42,887 : INFO : EventManager : Event: ======'timer_lock_letter_sound_delay_tick'====== Args={'ticks': 143, 'ticks_remaining': 7}
2026-05-17 15:08:42,887 : INFO : EventManager : Event: ======'player_top_gun_multiball_locks_lock_letter_sound_delay_tick'====== Args={'value': 144, 'prev_value': 143, 'change': 1, 'player_num': 1}
2026-05-17 15:08:42,887 : INFO : EventManager : Event: ======'timer_lock_letter_sound_delay_tick'====== Args={'ticks': 144, 'ticks_remaining': 6}
2026-05-17 15:08:42,887 : INFO : EventManager : Event: ======'player_top_gun_multiball_locks_lock_letter_sound_delay_tick'====== Args={'value': 145, 'prev_value': 144, 'change': 1, 'player_num': 1}
2026-05-17 15:08:42,887 : INFO : EventManager : Event: ======'timer_lock_letter_sound_delay_tick'====== Args={'ticks': 145, 'ticks_remaining': 5}
2026-05-17 15:08:42,889 : INFO : EventManager : Event: ======'player_top_gun_multiball_locks_lock_letter_sound_delay_tick'====== Args={'value': 146, 'prev_value': 145, 'change': 1, 'player_num': 1}
2026-05-17 15:08:42,889 : INFO : EventManager : Event: ======'timer_lock_letter_sound_delay_tick'====== Args={'ticks': 146, 'ticks_remaining': 4}
2026-05-17 15:08:42,889 : INFO : EventManager : Event: ======'player_top_gun_multiball_locks_lock_letter_sound_delay_tick'====== Args={'value': 147, 'prev_value': 146, 'change': 1, 'player_num': 1}
2026-05-17 15:08:42,890 : INFO : EventManager : Event: ======'timer_lock_letter_sound_delay_tick'====== Args={'ticks': 147, 'ticks_remaining': 3}
2026-05-17 15:08:42,890 : INFO : EventManager : Event: ======'player_top_gun_multiball_locks_lock_letter_sound_delay_tick'====== Args={'value': 148, 'prev_value': 147, 'change': 1, 'player_num': 1}
2026-05-17 15:08:42,890 : INFO : EventManager : Event: ======'timer_lock_letter_sound_delay_tick'====== Args={'ticks': 148, 'ticks_remaining': 2}
2026-05-17 15:08:42,891 : INFO : EventManager : Event: ======'player_top_gun_multiball_locks_lock_letter_sound_delay_tick'====== Args={'value': 149, 'prev_value': 148, 'change': 1, 'player_num': 1}
2026-05-17 15:08:42,891 : INFO : EventManager : Event: ======'timer_lock_letter_sound_delay_tick'====== Args={'ticks': 149, 'ticks_remaining': 1}
2026-05-17 15:08:42,892 : INFO : EventManager : Event: ======'player_top_gun_multiball_locks_lock_letter_sound_delay_tick'====== Args={'value': 150, 'prev_value': 149, 'change': 1, 'player_num': 1}
2026-05-17 15:08:42,892 : INFO : Timer.lock_letter_sound_delay : Timer Complete
2026-05-17 15:08:42,892 : INFO : Timer.lock_letter_sound_delay : Stopping Timer
2026-05-17 15:08:42,892 : INFO : EventManager : Event: ======'timer_lock_letter_sound_delay_stopped'====== Args={'ticks': 150, 'ticks_remaining': 1}
2026-05-17 15:08:42,892 : INFO : EventManager : Event: ======'timer_lock_letter_sound_delay_complete'====== Args={'ticks': 150, 'ticks_remaining': 1}
2026-05-17 15:08:42,892 : INFO : EventManager : Event: ======'lock_play_letter_l_sound'====== Args={'priority': 0}
2026-05-17 15:08:43,455 : INFO : EventManager : Event: ======'player_ball_save_mode_ball_save_countdown_tick'====== Args={'value': 12, 'prev_value': 13, 'change': -1, 'player_num': 1}
2026-05-17 15:08:43,455 : INFO : EventManager : Event: ======'timer_mode_ball_save_countdown_tick'====== Args={'ticks': 12, 'ticks_remaining': 12}
2026-05-17 15:08:43,455 : INFO : EventManager : Event: ======'player_hard_deck_charlie_hard_deck_charlie_timer_tick'====== Args={'value': 132, 'prev_value': 133, 'change': -1, 'player_num': 1}
2026-05-17 15:08:43,456 : INFO : EventManager : Event: ======'timer_hard_deck_charlie_timer_tick'====== Args={'ticks': 132, 'ticks_remaining': 132}
2026-05-17 15:08:43,456 : INFO : EventManager : Event: ======'ball_save_flash_slow'====== Args={'priority': 0}
2026-05-17 15:08:43,456 : INFO : EventManager : Event: ======'player_ball_save_time_remaining'====== Args={'value': 12, 'prev_value': 13, 'change': -1, 'player_num': 1, 'source': 'ball_save'}
2026-05-17 15:08:43,457 : INFO : EventManager : Event: ======'player_charlie_timer_ticks'====== Args={'value': 132, 'prev_value': 133, 'change': -1, 'player_num': 1, 'source': 'hard_deck_charlie'}
2026-05-17 15:08:44,455 : INFO : EventManager : Event: ======'player_hard_deck_charlie_hard_deck_charlie_timer_tick'====== Args={'value': 131, 'prev_value': 132, 'change': -1, 'player_num': 1}
2026-05-17 15:08:44,455 : INFO : EventManager : Event: ======'timer_hard_deck_charlie_timer_tick'====== Args={'ticks': 131, 'ticks_remaining': 131}
2026-05-17 15:08:44,456 : INFO : EventManager : Event: ======'player_ball_save_mode_ball_save_countdown_tick'====== Args={'value': 11, 'prev_value': 12, 'change': -1, 'player_num': 1}
2026-05-17 15:08:44,456 : INFO : EventManager : Event: ======'timer_mode_ball_save_countdown_tick'====== Args={'ticks': 11, 'ticks_remaining': 11}
2026-05-17 15:08:44,456 : INFO : EventManager : Event: ======'player_charlie_timer_ticks'====== Args={'value': 131, 'prev_value': 132, 'change': -1, 'player_num': 1, 'source': 'hard_deck_charlie'}
2026-05-17 15:08:44,457 : INFO : EventManager : Event: ======'ball_save_flash_slow'====== Args={'priority': 0}
2026-05-17 15:08:44,457 : INFO : EventManager : Event: ======'player_ball_save_time_remaining'====== Args={'value': 11, 'prev_value': 12, 'change': -1, 'player_num': 1, 'source': 'ball_save'}
2026-05-17 15:08:45,455 : INFO : EventManager : Event: ======'player_ball_save_mode_ball_save_countdown_tick'====== Args={'value': 10, 'prev_value': 11, 'change': -1, 'player_num': 1}
2026-05-17 15:08:45,455 : INFO : EventManager : Event: ======'timer_mode_ball_save_countdown_tick'====== Args={'ticks': 10, 'ticks_remaining': 10}
2026-05-17 15:08:45,455 : INFO : EventManager : Event: ======'player_hard_deck_charlie_hard_deck_charlie_timer_tick'====== Args={'value': 130, 'prev_value': 131, 'change': -1, 'player_num': 1}
2026-05-17 15:08:45,456 : INFO : EventManager : Event: ======'timer_hard_deck_charlie_timer_tick'====== Args={'ticks': 130, 'ticks_remaining': 130}
2026-05-17 15:08:45,456 : INFO : EventManager : Event: ======'ball_save_flash_slow'====== Args={'priority': 0}
2026-05-17 15:08:45,456 : INFO : EventManager : Event: ======'player_ball_save_time_remaining'====== Args={'value': 10, 'prev_value': 11, 'change': -1, 'player_num': 1, 'source': 'ball_save'}
2026-05-17 15:08:45,456 : INFO : EventManager : Event: ======'player_charlie_timer_ticks'====== Args={'value': 130, 'prev_value': 131, 'change': -1, 'player_num': 1, 'source': 'hard_deck_charlie'}
2026-05-17 15:08:46,454 : INFO : EventManager : Event: ======'player_ball_save_mode_ball_save_countdown_tick'====== Args={'value': 9, 'prev_value': 10, 'change': -1, 'player_num': 1}
2026-05-17 15:08:46,454 : INFO : EventManager : Event: ======'timer_mode_ball_save_countdown_tick'====== Args={'ticks': 9, 'ticks_remaining': 9}
2026-05-17 15:08:46,454 : INFO : EventManager : Event: ======'player_hard_deck_charlie_hard_deck_charlie_timer_tick'====== Args={'value': 129, 'prev_value': 130, 'change': -1, 'player_num': 1}
2026-05-17 15:08:46,455 : INFO : EventManager : Event: ======'timer_hard_deck_charlie_timer_tick'====== Args={'ticks': 129, 'ticks_remaining': 129}
2026-05-17 15:08:46,455 : INFO : EventManager : Event: ======'ball_save_flash_slow'====== Args={'priority': 0}
2026-05-17 15:08:46,455 : INFO : EventManager : Event: ======'player_ball_save_time_remaining'====== Args={'value': 9, 'prev_value': 10, 'change': -1, 'player_num': 1, 'source': 'ball_save'}
2026-05-17 15:08:46,455 : INFO : EventManager : Event: ======'player_charlie_timer_ticks'====== Args={'value': 129, 'prev_value': 130, 'change': -1, 'player_num': 1, 'source': 'hard_deck_charlie'}
2026-05-17 15:08:46,984 : INFO : SwitchController : <<<<<<< 's_orbit_left' active >>>>>>>
2026-05-17 15:08:46,984 : INFO : EventManager : Event: ======'s_orbit_left_active'====== Args={}
2026-05-17 15:08:46,984 : INFO : EventManager : Event: ======'sw_playfield_active'====== Args={}
2026-05-17 15:08:46,985 : INFO : EventManager : Event: ======'machine_var_audits_switches_s_orbit_left'====== Args={'value': 8611, 'prev_value': 8610, 'change': 1}
2026-05-17 15:08:46,986 : INFO : EventManager : Event: ======'player_previous_switch_type'====== Args={'value': 1, 'prev_value': 2, 'change': -1, 'player_num': 1, 'source': 'pilot_mission_qualifier'}
2026-05-17 15:08:46,987 : INFO : EventManager : Event: ======'player_hd_sw_orbit_left'====== Args={'value': 2, 'prev_value': 1, 'change': 1, 'player_num': 1, 'source': 'hard_deck_qualifiers'}
2026-05-17 15:08:46,987 : INFO : EventManager : Event: ======'player_score'====== Args={'value': 887500, 'prev_value': 879500, 'change': 8000, 'player_num': 1, 'source': 'base'}
2026-05-17 15:08:46,987 : INFO : EventManager : Event: ======'player_bonus_switches_count'====== Args={'value': 50, 'prev_value': 49, 'change': 1, 'player_num': 1, 'source': 'base'}
2026-05-17 15:08:46,987 : INFO : EventManager : Event: ======'player_pilot_mission_qualifier_left_orbit_shot_timeout_tick'====== Args={'value': 0, 'prev_value': 3, 'change': -3, 'player_num': 1}
2026-05-17 15:08:46,987 : INFO : Timer.left_orbit_shot_timeout : Starting Timer.
2026-05-17 15:08:46,988 : INFO : EventManager : Event: ======'timer_left_orbit_shot_timeout_started'====== Args={'ticks': 0, 'ticks_remaining': 3}
2026-05-17 15:08:46,988 : INFO : EventManager : Event: ======'timer_left_orbit_shot_timeout_tick'====== Args={'ticks': 0, 'ticks_remaining': 3}
2026-05-17 15:08:46,988 : INFO : EventManager : Event: ======'player_hd_switches_completed'====== Args={'value': 2, 'prev_value': 1, 'change': 1, 'player_num': 1, 'source': 'hard_deck_qualifiers'}
2026-05-17 15:08:47,015 : INFO : SwitchController : <<<<<<< 's_orbit_left' inactive >>>>>>>
2026-05-17 15:08:47,330 : INFO : SwitchController : <<<<<<< 's_orbit_right' active >>>>>>>
2026-05-17 15:08:47,330 : INFO : EventManager : Event: ======'s_orbit_right_active'====== Args={}
2026-05-17 15:08:47,330 : INFO : EventManager : Event: ======'sw_playfield_active'====== Args={}
2026-05-17 15:08:47,331 : INFO : EventManager : Event: ======'machine_var_audits_switches_s_orbit_right'====== Args={'value': 7069, 'prev_value': 7068, 'change': 1}
2026-05-17 15:08:47,332 : INFO : EventManager : Event: ======'left_orbit_shot_hit'====== Args={'priority': 0}
2026-05-17 15:08:47,332 : INFO : EventManager : Event: ======'timer_left_orbit_shot_timeout_stop'====== Args={'priority': 0}
2026-05-17 15:08:47,332 : INFO : EventManager : Event: ======'player_previous_switch_type'====== Args={'value': 0, 'prev_value': 1, 'change': -1, 'player_num': 1, 'source': 'pilot_mission_qualifier'}
2026-05-17 15:08:47,332 : INFO : EventManager : Event: ======'restart_right_orbit_lockout_timer'====== Args={'priority': 0}
2026-05-17 15:08:47,332 : INFO : EventManager : Event: ======'player_hd_sw_orbit_right'====== Args={'value': 1, 'prev_value': 0, 'change': 1, 'player_num': 1, 'source': 'hard_deck_qualifiers'}
2026-05-17 15:08:47,333 : INFO : EventManager : Event: ======'player_score'====== Args={'value': 895500, 'prev_value': 887500, 'change': 8000, 'player_num': 1, 'source': 'base'}
2026-05-17 15:08:47,333 : INFO : EventManager : Event: ======'player_bonus_switches_count'====== Args={'value': 51, 'prev_value': 50, 'change': 1, 'player_num': 1, 'source': 'base'}
2026-05-17 15:08:47,333 : INFO : Timer.right_orbit_shot_timeout : Starting Timer.
2026-05-17 15:08:47,333 : INFO : EventManager : Event: ======'timer_right_orbit_shot_timeout_started'====== Args={'ticks': 0, 'ticks_remaining': 3}
2026-05-17 15:08:47,333 : INFO : EventManager : Event: ======'timer_right_orbit_shot_timeout_tick'====== Args={'ticks': 0, 'ticks_remaining': 3}
2026-05-17 15:08:47,333 : INFO : EventManager : Event: ======'charlie_stage_1_lo_hit'====== Args={'priority': 0}
2026-05-17 15:08:47,333 : INFO : EventManager : Event: ======'charlie_stage_1_shot_hit'====== Args={'priority': 0}
2026-05-17 15:08:47,333 : INFO : EventManager : Event: ======'player_orbit_shot_lockout'====== Args={'value': 1, 'prev_value': 0, 'change': 1, 'player_num': 1, 'source': 'pilot_mission_qualifier'}
2026-05-17 15:08:47,334 : INFO : Timer.orbit_shot_lockout_timer : Starting Timer.
2026-05-17 15:08:47,334 : INFO : EventManager : Event: ======'timer_orbit_shot_lockout_timer_started'====== Args={'ticks': 0, 'ticks_remaining': 1}
2026-05-17 15:08:47,334 : INFO : EventManager : Event: ======'timer_orbit_shot_lockout_timer_tick'====== Args={'ticks': 0, 'ticks_remaining': 1}
2026-05-17 15:08:47,334 : INFO : EventManager : Event: ======'player_charlie_stage_1_lo_hit'====== Args={'value': 1, 'prev_value': 0, 'change': 1, 'player_num': 1, 'source': 'hard_deck_charlie'}
2026-05-17 15:08:47,334 : INFO : EventManager : Event: ======'charlie_stage_1_shot_1'====== Args={'priority': 0}
2026-05-17 15:08:47,334 : INFO : EventManager : Event: ======'shaker_soft'====== Args={'priority': 0}
2026-05-17 15:08:47,334 : INFO : EventManager : Event: ======'player_score'====== Args={'value': 1245500, 'prev_value': 895500, 'change': 350000, 'player_num': 1, 'source': 'hard_deck_charlie'}
2026-05-17 15:08:47,334 : INFO : EventManager : Event: ======'player_charlie_stage_1_shots_made'====== Args={'value': 1, 'prev_value': 0, 'change': 1, 'player_num': 1, 'source': 'hard_deck_charlie'}
2026-05-17 15:08:47,335 : INFO : EventManager : Event: ======'player_charlie_shots_remaining'====== Args={'value': 4, 'prev_value': 5, 'change': -1, 'player_num': 1, 'source': 'hard_deck_charlie'}
2026-05-17 15:08:47,335 : INFO : EventManager : Event: ======'player_mode_points_scored'====== Args={'value': 350000, 'prev_value': 0, 'change': 350000, 'player_num': 1, 'source': 'hard_deck_charlie'}
2026-05-17 15:08:47,335 : INFO : Timer.right_orbit_lockout_timer : Starting Timer.
2026-05-17 15:08:47,335 : INFO : EventManager : Event: ======'timer_right_orbit_lockout_timer_started'====== Args={'ticks': 0, 'ticks_remaining': 3}
2026-05-17 15:08:47,335 : INFO : EventManager : Event: ======'timer_right_orbit_lockout_timer_tick'====== Args={'ticks': 0, 'ticks_remaining': 3}
2026-05-17 15:08:47,377 : INFO : SwitchController : <<<<<<< 's_orbit_right' inactive >>>>>>>
2026-05-17 15:08:47,392 : INFO : EventManager : Event: ======'slide_hard_deck_charlie_stage_1_step_1_created'====== Args={'_from_bcp': True}
2026-05-17 15:08:47,454 : INFO : EventManager : Event: ======'player_ball_save_mode_ball_save_countdown_tick'====== Args={'value': 8, 'prev_value': 9, 'change': -1, 'player_num': 1}
2026-05-17 15:08:47,454 : INFO : EventManager : Event: ======'timer_mode_ball_save_countdown_tick'====== Args={'ticks': 8, 'ticks_remaining': 8}
2026-05-17 15:08:47,455 : INFO : EventManager : Event: ======'player_hard_deck_charlie_hard_deck_charlie_timer_tick'====== Args={'value': 128, 'prev_value': 129, 'change': -1, 'player_num': 1}
2026-05-17 15:08:47,455 : INFO : EventManager : Event: ======'timer_hard_deck_charlie_timer_tick'====== Args={'ticks': 128, 'ticks_remaining': 128}
2026-05-17 15:08:47,456 : INFO : EventManager : Event: ======'ball_save_flash_medium_slow'====== Args={'priority': 0}
2026-05-17 15:08:47,456 : INFO : EventManager : Event: ======'player_ball_save_time_remaining'====== Args={'value': 8, 'prev_value': 9, 'change': -1, 'player_num': 1, 'source': 'ball_save'}
2026-05-17 15:08:47,456 : INFO : EventManager : Event: ======'player_charlie_timer_ticks'====== Args={'value': 128, 'prev_value': 129, 'change': -1, 'player_num': 1, 'source': 'hard_deck_charlie'}
2026-05-17 15:08:47,830 : INFO : EventManager : Event: ======'player_pilot_mission_qualifier_orbit_shot_lockout_timer_tick'====== Args={'value': 1, 'prev_value': 0, 'change': 1, 'player_num': 1}
2026-05-17 15:08:47,830 : INFO : Timer.orbit_shot_lockout_timer : Timer Complete
2026-05-17 15:08:47,830 : INFO : Timer.orbit_shot_lockout_timer : Stopping Timer
2026-05-17 15:08:47,831 : INFO : EventManager : Event: ======'timer_orbit_shot_lockout_timer_stopped'====== Args={'ticks': 1, 'ticks_remaining': 1}
2026-05-17 15:08:47,831 : INFO : EventManager : Event: ======'timer_orbit_shot_lockout_timer_complete'====== Args={'ticks': 1, 'ticks_remaining': 1}
2026-05-17 15:08:47,831 : INFO : EventManager : Event: ======'player_orbit_shot_lockout'====== Args={'value': 0, 'prev_value': 1, 'change': -1, 'player_num': 1, 'source': 'pilot_mission_qualifier'}
2026-05-17 15:08:47,909 : INFO : SwitchController : <<<<<<< 's_lane_right' active >>>>>>>
2026-05-17 15:08:47,909 : INFO : EventManager : Event: ======'s_lane_right_active'====== Args={}
2026-05-17 15:08:47,909 : INFO : EventManager : Event: ======'sw_playfield_active'====== Args={}
2026-05-17 15:08:47,909 : INFO : EventManager : Event: ======'machine_var_audits_switches_s_lane_right'====== Args={'value': 4792, 'prev_value': 4791, 'change': 1}
2026-05-17 15:08:47,911 : INFO : EventManager : Event: ======'player_score'====== Args={'value': 1250500, 'prev_value': 1245500, 'change': 5000, 'player_num': 1, 'source': 'base'}
2026-05-17 15:08:47,911 : INFO : EventManager : Event: ======'player_bonus_switches_count'====== Args={'value': 52, 'prev_value': 51, 'change': 1, 'player_num': 1, 'source': 'base'}
2026-05-17 15:08:47,955 : INFO : SwitchController : <<<<<<< 's_lane_right' inactive >>>>>>>
2026-05-17 15:08:47,987 : INFO : EventManager : Event: ======'player_pilot_mission_qualifier_left_orbit_shot_timeout_tick'====== Args={'value': 1, 'prev_value': 0, 'change': 1, 'player_num': 1}
2026-05-17 15:08:47,988 : INFO : EventManager : Event: ======'timer_left_orbit_shot_timeout_tick'====== Args={'ticks': 1, 'ticks_remaining': 2}
2026-05-17 15:08:48,329 : INFO : EventManager : Event: ======'player_iceman_letters_right_orbit_lockout_timer_tick'====== Args={'value': 1, 'prev_value': 0, 'change': 1, 'player_num': 1}
2026-05-17 15:08:48,329 : INFO : EventManager : Event: ======'timer_right_orbit_lockout_timer_tick'====== Args={'ticks': 1, 'ticks_remaining': 2}
2026-05-17 15:08:48,329 : INFO : EventManager : Event: ======'player_pilot_mission_qualifier_right_orbit_shot_timeout_tick'====== Args={'value': 1, 'prev_value': 0, 'change': 1, 'player_num': 1}
2026-05-17 15:08:48,329 : INFO : EventManager : Event: ======'timer_right_orbit_shot_timeout_tick'====== Args={'ticks': 1, 'ticks_remaining': 2}
2026-05-17 15:08:48,453 : INFO : EventManager : Event: ======'player_hard_deck_charlie_hard_deck_charlie_timer_tick'====== Args={'value': 127, 'prev_value': 128, 'change': -1, 'player_num': 1}
2026-05-17 15:08:48,453 : INFO : EventManager : Event: ======'timer_hard_deck_charlie_timer_tick'====== Args={'ticks': 127, 'ticks_remaining': 127}
2026-05-17 15:08:48,453 : INFO : EventManager : Event: ======'player_ball_save_mode_ball_save_countdown_tick'====== Args={'value': 7, 'prev_value': 8, 'change': -1, 'player_num': 1}
2026-05-17 15:08:48,453 : INFO : EventManager : Event: ======'timer_mode_ball_save_countdown_tick'====== Args={'ticks': 7, 'ticks_remaining': 7}
2026-05-17 15:08:48,455 : INFO : EventManager : Event: ======'player_charlie_timer_ticks'====== Args={'value': 127, 'prev_value': 128, 'change': -1, 'player_num': 1, 'source': 'hard_deck_charlie'}
2026-05-17 15:08:48,455 : INFO : EventManager : Event: ======'ball_save_flash_medium_slow'====== Args={'priority': 0}
2026-05-17 15:08:48,456 : INFO : EventManager : Event: ======'player_ball_save_time_remaining'====== Args={'value': 7, 'prev_value': 8, 'change': -1, 'player_num': 1, 'source': 'ball_save'}
2026-05-17 15:08:48,987 : INFO : EventManager : Event: ======'player_pilot_mission_qualifier_left_orbit_shot_timeout_tick'====== Args={'value': 2, 'prev_value': 1, 'change': 1, 'player_num': 1}
2026-05-17 15:08:48,988 : INFO : EventManager : Event: ======'timer_left_orbit_shot_timeout_tick'====== Args={'ticks': 2, 'ticks_remaining': 1}
2026-05-17 15:08:49,318 : INFO : EventManager : Event: ======'player_pilot_mission_qualifier_right_orbit_shot_timeout_tick'====== Args={'value': 2, 'prev_value': 1, 'change': 1, 'player_num': 1}
2026-05-17 15:08:49,318 : INFO : EventManager : Event: ======'timer_right_orbit_shot_timeout_tick'====== Args={'ticks': 2, 'ticks_remaining': 1}
2026-05-17 15:08:49,318 : INFO : EventManager : Event: ======'player_iceman_letters_right_orbit_lockout_timer_tick'====== Args={'value': 2, 'prev_value': 1, 'change': 1, 'player_num': 1}
2026-05-17 15:08:49,318 : INFO : EventManager : Event: ======'timer_right_orbit_lockout_timer_tick'====== Args={'ticks': 2, 'ticks_remaining': 1}
2026-05-17 15:08:49,443 : INFO : EventManager : Event: ======'player_hard_deck_charlie_hard_deck_charlie_timer_tick'====== Args={'value': 126, 'prev_value': 127, 'change': -1, 'player_num': 1}
2026-05-17 15:08:49,443 : INFO : EventManager : Event: ======'timer_hard_deck_charlie_timer_tick'====== Args={'ticks': 126, 'ticks_remaining': 126}
2026-05-17 15:08:49,443 : INFO : EventManager : Event: ======'player_ball_save_mode_ball_save_countdown_tick'====== Args={'value': 6, 'prev_value': 7, 'change': -1, 'player_num': 1}
2026-05-17 15:08:49,443 : INFO : EventManager : Event: ======'timer_mode_ball_save_countdown_tick'====== Args={'ticks': 6, 'ticks_remaining': 6}
2026-05-17 15:08:49,444 : INFO : EventManager : Event: ======'player_charlie_timer_ticks'====== Args={'value': 126, 'prev_value': 127, 'change': -1, 'player_num': 1, 'source': 'hard_deck_charlie'}
2026-05-17 15:08:49,444 : INFO : EventManager : Event: ======'ball_save_flash_medium'====== Args={'priority': 0}
2026-05-17 15:08:49,444 : INFO : EventManager : Event: ======'player_ball_save_time_remaining'====== Args={'value': 6, 'prev_value': 7, 'change': -1, 'player_num': 1, 'source': 'ball_save'}
2026-05-17 15:08:49,994 : INFO : EventManager : Event: ======'player_pilot_mission_qualifier_left_orbit_shot_timeout_tick'====== Args={'value': 3, 'prev_value': 2, 'change': 1, 'player_num': 1}
2026-05-17 15:08:49,994 : INFO : Timer.left_orbit_shot_timeout : Timer Complete
2026-05-17 15:08:49,994 : INFO : Timer.left_orbit_shot_timeout : Stopping Timer
2026-05-17 15:08:49,994 : INFO : EventManager : Event: ======'timer_left_orbit_shot_timeout_stopped'====== Args={'ticks': 3, 'ticks_remaining': 1}
2026-05-17 15:08:49,995 : INFO : EventManager : Event: ======'timer_left_orbit_shot_timeout_complete'====== Args={'ticks': 3, 'ticks_remaining': 1}
2026-05-17 15:08:50,323 : INFO : EventManager : Event: ======'player_iceman_letters_right_orbit_lockout_timer_tick'====== Args={'value': 3, 'prev_value': 2, 'change': 1, 'player_num': 1}
2026-05-17 15:08:50,324 : INFO : Timer.right_orbit_lockout_timer : Timer Complete
2026-05-17 15:08:50,324 : INFO : Timer.right_orbit_lockout_timer : Stopping Timer
2026-05-17 15:08:50,324 : INFO : EventManager : Event: ======'timer_right_orbit_lockout_timer_stopped'====== Args={'ticks': 3, 'ticks_remaining': 1}
2026-05-17 15:08:50,324 : INFO : EventManager : Event: ======'timer_right_orbit_lockout_timer_complete'====== Args={'ticks': 3, 'ticks_remaining': 1}
2026-05-17 15:08:50,324 : INFO : EventManager : Event: ======'player_pilot_mission_qualifier_right_orbit_shot_timeout_tick'====== Args={'value': 3, 'prev_value': 2, 'change': 1, 'player_num': 1}
2026-05-17 15:08:50,324 : INFO : Timer.right_orbit_shot_timeout : Timer Complete
2026-05-17 15:08:50,324 : INFO : Timer.right_orbit_shot_timeout : Stopping Timer
2026-05-17 15:08:50,324 : INFO : EventManager : Event: ======'timer_right_orbit_shot_timeout_stopped'====== Args={'ticks': 3, 'ticks_remaining': 1}
2026-05-17 15:08:50,324 : INFO : EventManager : Event: ======'timer_right_orbit_shot_timeout_complete'====== Args={'ticks': 3, 'ticks_remaining': 1}
2026-05-17 15:08:50,325 : INFO : EventManager : Event: ======'player_right_post_locked_out'====== Args={'value': 0, 'prev_value': 1, 'change': -1, 'player_num': 1, 'source': 'iceman_letters'}
2026-05-17 15:08:50,449 : INFO : EventManager : Event: ======'player_ball_save_mode_ball_save_countdown_tick'====== Args={'value': 5, 'prev_value': 6, 'change': -1, 'player_num': 1}
2026-05-17 15:08:50,450 : INFO : EventManager : Event: ======'timer_mode_ball_save_countdown_tick'====== Args={'ticks': 5, 'ticks_remaining': 5}
2026-05-17 15:08:50,450 : INFO : EventManager : Event: ======'player_hard_deck_charlie_hard_deck_charlie_timer_tick'====== Args={'value': 125, 'prev_value': 126, 'change': -1, 'player_num': 1}
2026-05-17 15:08:50,450 : INFO : EventManager : Event: ======'timer_hard_deck_charlie_timer_tick'====== Args={'ticks': 125, 'ticks_remaining': 125}
2026-05-17 15:08:50,451 : INFO : EventManager : Event: ======'ball_save_flash_medium'====== Args={'priority': 0}
2026-05-17 15:08:50,451 : INFO : EventManager : Event: ======'player_ball_save_time_remaining'====== Args={'value': 5, 'prev_value': 6, 'change': -1, 'player_num': 1, 'source': 'ball_save'}
2026-05-17 15:08:50,451 : INFO : EventManager : Event: ======'player_charlie_timer_ticks'====== Args={'value': 125, 'prev_value': 126, 'change': -1, 'player_num': 1, 'source': 'hard_deck_charlie'}
2026-05-17 15:08:51,450 : INFO : EventManager : Event: ======'player_hard_deck_charlie_hard_deck_charlie_timer_tick'====== Args={'value': 124, 'prev_value': 125, 'change': -1, 'player_num': 1}
2026-05-17 15:08:51,450 : INFO : EventManager : Event: ======'timer_hard_deck_charlie_timer_tick'====== Args={'ticks': 124, 'ticks_remaining': 124}
2026-05-17 15:08:51,451 : INFO : EventManager : Event: ======'player_ball_save_mode_ball_save_countdown_tick'====== Args={'value': 4, 'prev_value': 5, 'change': -1, 'player_num': 1}
2026-05-17 15:08:51,451 : INFO : EventManager : Event: ======'timer_mode_ball_save_countdown_tick'====== Args={'ticks': 4, 'ticks_remaining': 4}
2026-05-17 15:08:51,451 : INFO : EventManager : Event: ======'player_charlie_timer_ticks'====== Args={'value': 124, 'prev_value': 125, 'change': -1, 'player_num': 1, 'source': 'hard_deck_charlie'}
2026-05-17 15:08:51,452 : INFO : EventManager : Event: ======'ball_save_flash_fast'====== Args={'priority': 0}
2026-05-17 15:08:51,452 : INFO : EventManager : Event: ======'player_ball_save_time_remaining'====== Args={'value': 4, 'prev_value': 5, 'change': -1, 'player_num': 1, 'source': 'ball_save'}
2026-05-17 15:08:51,931 : INFO : EventManager : Event: ======'slide_hard_deck_charlie_stage_1_step_1_removed'====== Args={'_from_bcp': True}
2026-05-17 15:08:52,449 : INFO : EventManager : Event: ======'player_hard_deck_charlie_hard_deck_charlie_timer_tick'====== Args={'value': 123, 'prev_value': 124, 'change': -1, 'player_num': 1}
2026-05-17 15:08:52,449 : INFO : EventManager : Event: ======'timer_hard_deck_charlie_timer_tick'====== Args={'ticks': 123, 'ticks_remaining': 123}
2026-05-17 15:08:52,450 : INFO : EventManager : Event: ======'player_ball_save_mode_ball_save_countdown_tick'====== Args={'value': 3, 'prev_value': 4, 'change': -1, 'player_num': 1}
2026-05-17 15:08:52,450 : INFO : EventManager : Event: ======'timer_mode_ball_save_countdown_tick'====== Args={'ticks': 3, 'ticks_remaining': 3}
2026-05-17 15:08:52,450 : INFO : EventManager : Event: ======'player_charlie_timer_ticks'====== Args={'value': 123, 'prev_value': 124, 'change': -1, 'player_num': 1, 'source': 'hard_deck_charlie'}
2026-05-17 15:08:52,450 : INFO : EventManager : Event: ======'ball_save_flash_fast'====== Args={'priority': 0}
2026-05-17 15:08:52,450 : INFO : EventManager : Event: ======'player_ball_save_time_remaining'====== Args={'value': 3, 'prev_value': 4, 'change': -1, 'player_num': 1, 'source': 'ball_save'}
2026-05-17 15:08:53,453 : INFO : EventManager : Event: ======'player_hard_deck_charlie_hard_deck_charlie_timer_tick'====== Args={'value': 122, 'prev_value': 123, 'change': -1, 'player_num': 1}
2026-05-17 15:08:53,453 : INFO : EventManager : Event: ======'timer_hard_deck_charlie_timer_tick'====== Args={'ticks': 122, 'ticks_remaining': 122}
2026-05-17 15:08:53,454 : INFO : EventManager : Event: ======'player_ball_save_mode_ball_save_countdown_tick'====== Args={'value': 2, 'prev_value': 3, 'change': -1, 'player_num': 1}
2026-05-17 15:08:53,454 : INFO : EventManager : Event: ======'timer_mode_ball_save_countdown_tick'====== Args={'ticks': 2, 'ticks_remaining': 2}
2026-05-17 15:08:53,454 : INFO : EventManager : Event: ======'player_charlie_timer_ticks'====== Args={'value': 122, 'prev_value': 123, 'change': -1, 'player_num': 1, 'source': 'hard_deck_charlie'}
2026-05-17 15:08:53,455 : INFO : EventManager : Event: ======'ball_save_flash_off'====== Args={'priority': 0}
2026-05-17 15:08:53,455 : INFO : EventManager : Event: ======'player_ball_save_time_remaining'====== Args={'value': 2, 'prev_value': 3, 'change': -1, 'player_num': 1, 'source': 'ball_save'}
2026-05-17 15:08:54,409 : INFO : SwitchController : <<<<<<< 's_ramp_left_exit' active >>>>>>>
2026-05-17 15:08:54,409 : INFO : EventManager : Event: ======'s_ramp_left_exit_active'====== Args={}
2026-05-17 15:08:54,409 : INFO : EventManager : Event: ======'sw_playfield_active'====== Args={}
2026-05-17 15:08:54,409 : INFO : EventManager : Event: ======'sw_playfield_active'====== Args={}
2026-05-17 15:08:54,410 : INFO : EventManager : Event: ======'machine_var_audits_switches_s_ramp_left_exit'====== Args={'value': 3019, 'prev_value': 3018, 'change': 1}
2026-05-17 15:08:54,411 : INFO : EventManager : Event: ======'charlie_stage_1_lr_hit'====== Args={'priority': 0}
2026-05-17 15:08:54,411 : INFO : EventManager : Event: ======'charlie_stage_1_shot_hit'====== Args={'priority': 0}
2026-05-17 15:08:54,411 : INFO : EventManager : Event: ======'player_hd_sw_ramp_left'====== Args={'value': 1, 'prev_value': 0, 'change': 1, 'player_num': 1, 'source': 'hard_deck_qualifiers'}
2026-05-17 15:08:54,412 : INFO : EventManager : Event: ======'player_score'====== Args={'value': 1260500, 'prev_value': 1250500, 'change': 10000, 'player_num': 1, 'source': 'base'}
2026-05-17 15:08:54,412 : INFO : EventManager : Event: ======'player_bonus_switches_count'====== Args={'value': 53, 'prev_value': 52, 'change': 1, 'player_num': 1, 'source': 'base'}
2026-05-17 15:08:54,412 : INFO : EventManager : Event: ======'player_bonus_ramps_count'====== Args={'value': 1, 'prev_value': 0, 'change': 1, 'player_num': 1, 'source': 'base'}
2026-05-17 15:08:54,412 : INFO : EventManager : Event: ======'player_charlie_stage_1_lr_hit'====== Args={'value': 1, 'prev_value': 0, 'change': 1, 'player_num': 1, 'source': 'hard_deck_charlie'}
2026-05-17 15:08:54,413 : INFO : EventManager : Event: ======'charlie_stage_1_shot_2'====== Args={'priority': 0}
2026-05-17 15:08:54,413 : INFO : EventManager : Event: ======'shaker_soft'====== Args={'priority': 0}
2026-05-17 15:08:54,413 : INFO : EventManager : Event: ======'player_score'====== Args={'value': 1860500, 'prev_value': 1260500, 'change': 600000, 'player_num': 1, 'source': 'hard_deck_charlie'}
2026-05-17 15:08:54,413 : INFO : EventManager : Event: ======'player_charlie_stage_1_shots_made'====== Args={'value': 2, 'prev_value': 1, 'change': 1, 'player_num': 1, 'source': 'hard_deck_charlie'}
2026-05-17 15:08:54,413 : INFO : EventManager : Event: ======'player_charlie_shots_remaining'====== Args={'value': 3, 'prev_value': 4, 'change': -1, 'player_num': 1, 'source': 'hard_deck_charlie'}
2026-05-17 15:08:54,413 : INFO : EventManager : Event: ======'player_mode_points_scored'====== Args={'value': 600000, 'prev_value': 350000, 'change': 250000, 'player_num': 1, 'source': 'hard_deck_charlie'}
2026-05-17 15:08:54,439 : INFO : EventManager : Event: ======'player_hard_deck_charlie_hard_deck_charlie_timer_tick'====== Args={'value': 121, 'prev_value': 122, 'change': -1, 'player_num': 1}
2026-05-17 15:08:54,439 : INFO : EventManager : Event: ======'timer_hard_deck_charlie_timer_tick'====== Args={'ticks': 121, 'ticks_remaining': 121}
2026-05-17 15:08:54,440 : INFO : EventManager : Event: ======'player_ball_save_mode_ball_save_countdown_tick'====== Args={'value': 1, 'prev_value': 2, 'change': -1, 'player_num': 1}
2026-05-17 15:08:54,440 : INFO : EventManager : Event: ======'timer_mode_ball_save_countdown_tick'====== Args={'ticks': 1, 'ticks_remaining': 1}
2026-05-17 15:08:54,440 : INFO : EventManager : Event: ======'player_charlie_timer_ticks'====== Args={'value': 121, 'prev_value': 122, 'change': -1, 'player_num': 1, 'source': 'hard_deck_charlie'}
2026-05-17 15:08:54,440 : INFO : EventManager : Event: ======'ball_save_flash_off'====== Args={'priority': 0}
2026-05-17 15:08:54,440 : INFO : EventManager : Event: ======'player_ball_save_time_remaining'====== Args={'value': 1, 'prev_value': 2, 'change': -1, 'player_num': 1, 'source': 'ball_save'}
2026-05-17 15:08:54,455 : INFO : SwitchController : <<<<<<< 's_ramp_left_exit' inactive >>>>>>>
2026-05-17 15:08:54,463 : INFO : EventManager : Event: ======'slide_hard_deck_charlie_stage_1_step_2_created'====== Args={'_from_bcp': True}
2026-05-17 15:08:55,455 : INFO : EventManager : Event: ======'player_ball_save_mode_ball_save_countdown_tick'====== Args={'value': 0, 'prev_value': 1, 'change': -1, 'player_num': 1}
2026-05-17 15:08:55,456 : INFO : Timer.mode_ball_save_countdown : Timer Complete
2026-05-17 15:08:55,456 : INFO : Timer.mode_ball_save_countdown : Stopping Timer
2026-05-17 15:08:55,456 : INFO : EventManager : Event: ======'timer_mode_ball_save_countdown_stopped'====== Args={'ticks': 0, 'ticks_remaining': 1}
2026-05-17 15:08:55,456 : INFO : EventManager : Event: ======'timer_mode_ball_save_countdown_complete'====== Args={'ticks': 0, 'ticks_remaining': 1}
2026-05-17 15:08:55,456 : INFO : EventManager : Event: ======'player_hard_deck_charlie_hard_deck_charlie_timer_tick'====== Args={'value': 120, 'prev_value': 121, 'change': -1, 'player_num': 1}
2026-05-17 15:08:55,457 : INFO : EventManager : Event: ======'timer_hard_deck_charlie_timer_tick'====== Args={'ticks': 120, 'ticks_remaining': 120}
2026-05-17 15:08:55,457 : INFO : EventManager : Event: ======'ball_save_flash_stop'====== Args={'priority': 0}
2026-05-17 15:08:55,459 : INFO : EventManager : Event: ======'ball_save_mode_ball_save_disabled'====== Args={}
2026-05-17 15:08:55,459 : INFO : EventManager : Event: ======'player_charlie_timer_ticks'====== Args={'value': 120, 'prev_value': 121, 'change': -1, 'player_num': 1, 'source': 'hard_deck_charlie'}
2026-05-17 15:08:55,877 : INFO : SwitchController : <<<<<<< 's_inlane_left' active >>>>>>>
2026-05-17 15:08:55,877 : INFO : EventManager : Event: ======'s_inlane_left_active'====== Args={}
2026-05-17 15:08:55,877 : INFO : EventManager : Event: ======'sw_playfield_active'====== Args={}
2026-05-17 15:08:55,877 : INFO : EventManager : Event: ======'sw_playfield_active'====== Args={}
2026-05-17 15:08:55,877 : INFO : EventManager : Event: ======'machine_var_audits_switches_s_inlane_left'====== Args={'value': 4976, 'prev_value': 4975, 'change': 1}
2026-05-17 15:08:55,879 : INFO : EventManager : Event: ======'check_goose_complete'====== Args={'priority': 0}
2026-05-17 15:08:55,880 : INFO : EventManager : Event: ======'player_goose_letter_o_left'====== Args={'value': 1, 'prev_value': 0, 'change': 1, 'player_num': 1, 'source': 'goose_letters'}
2026-05-17 15:08:55,880 : INFO : EventManager : Event: ======'player_goose_last_letter_collected'====== Args={'value': 2, 'prev_value': 0, 'change': 2, 'player_num': 1, 'source': 'goose_letters'}
2026-05-17 15:08:55,880 : INFO : EventManager : Event: ======'player_hd_sw_inlane_left'====== Args={'value': 1, 'prev_value': 0, 'change': 1, 'player_num': 1, 'source': 'hard_deck_qualifiers'}
2026-05-17 15:08:55,880 : INFO : EventManager : Event: ======'player_score'====== Args={'value': 1862500, 'prev_value': 1860500, 'change': 2000, 'player_num': 1, 'source': 'base'}
2026-05-17 15:08:55,880 : INFO : EventManager : Event: ======'player_bonus_switches_count'====== Args={'value': 54, 'prev_value': 53, 'change': 1, 'player_num': 1, 'source': 'base'}
2026-05-17 15:08:55,893 : INFO : SwitchController : <<<<<<< 's_inlane_left' inactive >>>>>>>
2026-05-17 15:08:56,443 : INFO : EventManager : Event: ======'player_hard_deck_charlie_hard_deck_charlie_timer_tick'====== Args={'value': 119, 'prev_value': 120, 'change': -1, 'player_num': 1}
2026-05-17 15:08:56,444 : INFO : EventManager : Event: ======'timer_hard_deck_charlie_timer_tick'====== Args={'ticks': 119, 'ticks_remaining': 119}
2026-05-17 15:08:56,444 : INFO : EventManager : Event: ======'player_charlie_timer_ticks'====== Args={'value': 119, 'prev_value': 120, 'change': -1, 'player_num': 1, 'source': 'hard_deck_charlie'}
2026-05-17 15:08:57,447 : INFO : EventManager : Event: ======'player_hard_deck_charlie_hard_deck_charlie_timer_tick'====== Args={'value': 118, 'prev_value': 119, 'change': -1, 'player_num': 1}
2026-05-17 15:08:57,447 : INFO : EventManager : Event: ======'timer_hard_deck_charlie_timer_tick'====== Args={'ticks': 118, 'ticks_remaining': 118}
2026-05-17 15:08:57,449 : INFO : EventManager : Event: ======'player_charlie_timer_ticks'====== Args={'value': 118, 'prev_value': 119, 'change': -1, 'player_num': 1, 'source': 'hard_deck_charlie'}
2026-05-17 15:08:58,446 : INFO : EventManager : Event: ======'player_hard_deck_charlie_hard_deck_charlie_timer_tick'====== Args={'value': 117, 'prev_value': 118, 'change': -1, 'player_num': 1}
2026-05-17 15:08:58,447 : INFO : EventManager : Event: ======'timer_hard_deck_charlie_timer_tick'====== Args={'ticks': 117, 'ticks_remaining': 117}
2026-05-17 15:08:58,447 : INFO : EventManager : Event: ======'player_charlie_timer_ticks'====== Args={'value': 117, 'prev_value': 118, 'change': -1, 'player_num': 1, 'source': 'hard_deck_charlie'}
2026-05-17 15:08:58,807 : INFO : EventManager : Event: ======'slide_hard_deck_charlie_stage_1_step_2_removed'====== Args={'_from_bcp': True}
2026-05-17 15:08:59,444 : INFO : EventManager : Event: ======'player_hard_deck_charlie_hard_deck_charlie_timer_tick'====== Args={'value': 116, 'prev_value': 117, 'change': -1, 'player_num': 1}
2026-05-17 15:08:59,445 : INFO : EventManager : Event: ======'timer_hard_deck_charlie_timer_tick'====== Args={'ticks': 116, 'ticks_remaining': 116}
2026-05-17 15:08:59,445 : INFO : EventManager : Event: ======'player_charlie_timer_ticks'====== Args={'value': 116, 'prev_value': 117, 'change': -1, 'player_num': 1, 'source': 'hard_deck_charlie'}
2026-05-17 15:08:59,946 : INFO : SwitchController : <<<<<<< 's_ramp_tower_exit' active >>>>>>>
2026-05-17 15:08:59,946 : INFO : EventManager : Event: ======'s_ramp_tower_exit_active'====== Args={}
2026-05-17 15:08:59,946 : INFO : EventManager : Event: ======'sw_playfield_active'====== Args={}
2026-05-17 15:08:59,947 : INFO : EventManager : Event: ======'sw_playfield_active'====== Args={}
2026-05-17 15:08:59,947 : INFO : EventManager : Event: ======'machine_var_audits_switches_s_ramp_tower_exit'====== Args={'value': 3045, 'prev_value': 3044, 'change': 1}
2026-05-17 15:08:59,949 : INFO : EventManager : Event: ======'charlie_stage_1_twr_hit'====== Args={'priority': 0}
2026-05-17 15:08:59,949 : INFO : EventManager : Event: ======'charlie_stage_1_shot_hit'====== Args={'priority': 0}
2026-05-17 15:08:59,949 : INFO : EventManager : Event: ======'player_hd_sw_ramp_tower'====== Args={'value': 1, 'prev_value': 0, 'change': 1, 'player_num': 1, 'source': 'hard_deck_qualifiers'}
2026-05-17 15:08:59,949 : INFO : EventManager : Event: ======'player_score'====== Args={'value': 1877500, 'prev_value': 1862500, 'change': 15000, 'player_num': 1, 'source': 'base'}
2026-05-17 15:08:59,949 : INFO : EventManager : Event: ======'player_bonus_switches_count'====== Args={'value': 55, 'prev_value': 54, 'change': 1, 'player_num': 1, 'source': 'base'}
2026-05-17 15:08:59,950 : INFO : EventManager : Event: ======'player_bonus_ramps_count'====== Args={'value': 2, 'prev_value': 1, 'change': 1, 'player_num': 1, 'source': 'base'}
2026-05-17 15:08:59,950 : INFO : EventManager : Event: ======'player_charlie_stage_1_twr_hit'====== Args={'value': 1, 'prev_value': 0, 'change': 1, 'player_num': 1, 'source': 'hard_deck_charlie'}
2026-05-17 15:08:59,950 : INFO : EventManager : Event: ======'charlie_stage_1_shot_3'====== Args={'priority': 0}
2026-05-17 15:08:59,950 : INFO : EventManager : Event: ======'shaker_soft'====== Args={'priority': 0}
2026-05-17 15:08:59,950 : INFO : EventManager : Event: ======'player_score'====== Args={'value': 2677500, 'prev_value': 1877500, 'change': 800000, 'player_num': 1, 'source': 'hard_deck_charlie'}
2026-05-17 15:08:59,951 : INFO : EventManager : Event: ======'player_charlie_stage_1_shots_made'====== Args={'value': 3, 'prev_value': 2, 'change': 1, 'player_num': 1, 'source': 'hard_deck_charlie'}
2026-05-17 15:08:59,951 : INFO : EventManager : Event: ======'player_charlie_shots_remaining'====== Args={'value': 2, 'prev_value': 3, 'change': -1, 'player_num': 1, 'source': 'hard_deck_charlie'}
2026-05-17 15:08:59,951 : INFO : EventManager : Event: ======'player_mode_points_scored'====== Args={'value': 800000, 'prev_value': 600000, 'change': 200000, 'player_num': 1, 'source': 'hard_deck_charlie'}
2026-05-17 15:08:59,979 : INFO : EventManager : Event: ======'slide_hard_deck_charlie_stage_1_step_3_created'====== Args={'_from_bcp': True}
2026-05-17 15:08:59,993 : INFO : SwitchController : <<<<<<< 's_ramp_tower_exit' inactive >>>>>>>
2026-05-17 15:09:00,134 : INFO : SwitchController : <<<<<<< 's_ramp_tower_exit' active >>>>>>>
2026-05-17 15:09:00,134 : INFO : EventManager : Event: ======'s_ramp_tower_exit_active'====== Args={}
2026-05-17 15:09:00,134 : INFO : EventManager : Event: ======'sw_playfield_active'====== Args={}
2026-05-17 15:09:00,135 : INFO : EventManager : Event: ======'sw_playfield_active'====== Args={}
2026-05-17 15:09:00,135 : INFO : EventManager : Event: ======'machine_var_audits_switches_s_ramp_tower_exit'====== Args={'value': 3046, 'prev_value': 3045, 'change': 1}
2026-05-17 15:09:00,135 : INFO : EventManager : Event: ======'player_hd_sw_ramp_tower'====== Args={'value': 2, 'prev_value': 1, 'change': 1, 'player_num': 1, 'source': 'hard_deck_qualifiers'}
2026-05-17 15:09:00,137 : INFO : EventManager : Event: ======'player_score'====== Args={'value': 2692500, 'prev_value': 2677500, 'change': 15000, 'player_num': 1, 'source': 'base'}
2026-05-17 15:09:00,137 : INFO : EventManager : Event: ======'player_bonus_switches_count'====== Args={'value': 56, 'prev_value': 55, 'change': 1, 'player_num': 1, 'source': 'base'}
2026-05-17 15:09:00,137 : INFO : EventManager : Event: ======'player_bonus_ramps_count'====== Args={'value': 3, 'prev_value': 2, 'change': 1, 'player_num': 1, 'source': 'base'}
2026-05-17 15:09:00,137 : INFO : EventManager : Event: ======'player_hd_switches_completed'====== Args={'value': 3, 'prev_value': 2, 'change': 1, 'player_num': 1, 'source': 'hard_deck_qualifiers'}
2026-05-17 15:09:00,196 : INFO : SwitchController : <<<<<<< 's_ramp_tower_exit' inactive >>>>>>>
2026-05-17 15:09:00,445 : INFO : EventManager : Event: ======'player_hard_deck_charlie_hard_deck_charlie_timer_tick'====== Args={'value': 115, 'prev_value': 116, 'change': -1, 'player_num': 1}
2026-05-17 15:09:00,446 : INFO : EventManager : Event: ======'timer_hard_deck_charlie_timer_tick'====== Args={'ticks': 115, 'ticks_remaining': 115}
2026-05-17 15:09:00,446 : INFO : EventManager : Event: ======'player_charlie_timer_ticks'====== Args={'value': 115, 'prev_value': 116, 'change': -1, 'player_num': 1, 'source': 'hard_deck_charlie'}
2026-05-17 15:09:01,448 : INFO : EventManager : Event: ======'player_hard_deck_charlie_hard_deck_charlie_timer_tick'====== Args={'value': 114, 'prev_value': 115, 'change': -1, 'player_num': 1}
2026-05-17 15:09:01,448 : INFO : EventManager : Event: ======'timer_hard_deck_charlie_timer_tick'====== Args={'ticks': 114, 'ticks_remaining': 114}
2026-05-17 15:09:01,449 : INFO : EventManager : Event: ======'player_charlie_timer_ticks'====== Args={'value': 114, 'prev_value': 115, 'change': -1, 'player_num': 1, 'source': 'hard_deck_charlie'}
2026-05-17 15:09:02,448 : INFO : EventManager : Event: ======'player_hard_deck_charlie_hard_deck_charlie_timer_tick'====== Args={'value': 113, 'prev_value': 114, 'change': -1, 'player_num': 1}
2026-05-17 15:09:02,449 : INFO : EventManager : Event: ======'timer_hard_deck_charlie_timer_tick'====== Args={'ticks': 113, 'ticks_remaining': 113}
2026-05-17 15:09:02,449 : INFO : EventManager : Event: ======'player_charlie_timer_ticks'====== Args={'value': 113, 'prev_value': 114, 'change': -1, 'player_num': 1, 'source': 'hard_deck_charlie'}
2026-05-17 15:09:03,445 : INFO : EventManager : Event: ======'player_hard_deck_charlie_hard_deck_charlie_timer_tick'====== Args={'value': 112, 'prev_value': 113, 'change': -1, 'player_num': 1}
2026-05-17 15:09:03,445 : INFO : EventManager : Event: ======'timer_hard_deck_charlie_timer_tick'====== Args={'ticks': 112, 'ticks_remaining': 112}
2026-05-17 15:09:03,446 : INFO : EventManager : Event: ======'player_charlie_timer_ticks'====== Args={'value': 112, 'prev_value': 113, 'change': -1, 'player_num': 1, 'source': 'hard_deck_charlie'}
2026-05-17 15:09:04,447 : INFO : EventManager : Event: ======'player_hard_deck_charlie_hard_deck_charlie_timer_tick'====== Args={'value': 111, 'prev_value': 112, 'change': -1, 'player_num': 1}
2026-05-17 15:09:04,447 : INFO : EventManager : Event: ======'timer_hard_deck_charlie_timer_tick'====== Args={'ticks': 111, 'ticks_remaining': 111}
2026-05-17 15:09:04,448 : INFO : EventManager : Event: ======'player_charlie_timer_ticks'====== Args={'value': 111, 'prev_value': 112, 'change': -1, 'player_num': 1, 'source': 'hard_deck_charlie'}
2026-05-17 15:09:05,449 : INFO : EventManager : Event: ======'player_hard_deck_charlie_hard_deck_charlie_timer_tick'====== Args={'value': 110, 'prev_value': 111, 'change': -1, 'player_num': 1}
2026-05-17 15:09:05,449 : INFO : EventManager : Event: ======'timer_hard_deck_charlie_timer_tick'====== Args={'ticks': 110, 'ticks_remaining': 110}
2026-05-17 15:09:05,450 : INFO : EventManager : Event: ======'player_charlie_timer_ticks'====== Args={'value': 110, 'prev_value': 111, 'change': -1, 'player_num': 1, 'source': 'hard_deck_charlie'}
2026-05-17 15:09:05,511 : INFO : EventManager : Event: ======'slide_hard_deck_charlie_stage_1_step_3_removed'====== Args={'_from_bcp': True}
2026-05-17 15:09:06,448 : INFO : EventManager : Event: ======'player_hard_deck_charlie_hard_deck_charlie_timer_tick'====== Args={'value': 109, 'prev_value': 110, 'change': -1, 'player_num': 1}
2026-05-17 15:09:06,448 : INFO : EventManager : Event: ======'timer_hard_deck_charlie_timer_tick'====== Args={'ticks': 109, 'ticks_remaining': 109}
2026-05-17 15:09:06,449 : INFO : EventManager : Event: ======'player_charlie_timer_ticks'====== Args={'value': 109, 'prev_value': 110, 'change': -1, 'player_num': 1, 'source': 'hard_deck_charlie'}
2026-05-17 15:09:07,449 : INFO : EventManager : Event: ======'player_hard_deck_charlie_hard_deck_charlie_timer_tick'====== Args={'value': 108, 'prev_value': 109, 'change': -1, 'player_num': 1}
2026-05-17 15:09:07,449 : INFO : EventManager : Event: ======'timer_hard_deck_charlie_timer_tick'====== Args={'ticks': 108, 'ticks_remaining': 108}
2026-05-17 15:09:07,449 : INFO : EventManager : Event: ======'player_charlie_timer_ticks'====== Args={'value': 108, 'prev_value': 109, 'change': -1, 'player_num': 1, 'source': 'hard_deck_charlie'}
2026-05-17 15:09:07,963 : INFO : SwitchController : <<<<<<< 's_ramp_right_exit' active >>>>>>>
2026-05-17 15:09:07,964 : INFO : EventManager : Event: ======'s_ramp_right_exit_active'====== Args={}
2026-05-17 15:09:07,964 : INFO : EventManager : Event: ======'sw_playfield_active'====== Args={}
2026-05-17 15:09:07,964 : INFO : EventManager : Event: ======'sw_playfield_active'====== Args={}
2026-05-17 15:09:07,964 : INFO : EventManager : Event: ======'machine_var_audits_switches_s_ramp_right_exit'====== Args={'value': 1177, 'prev_value': 1176, 'change': 1}
2026-05-17 15:09:07,966 : INFO : EventManager : Event: ======'charlie_stage_1_rr_hit'====== Args={'priority': 0}
2026-05-17 15:09:07,966 : INFO : EventManager : Event: ======'charlie_stage_1_shot_hit'====== Args={'priority': 0}
2026-05-17 15:09:07,967 : INFO : EventManager : Event: ======'player_hd_sw_ramp_right'====== Args={'value': 1, 'prev_value': 0, 'change': 1, 'player_num': 1, 'source': 'hard_deck_qualifiers'}
2026-05-17 15:09:07,967 : INFO : EventManager : Event: ======'player_score'====== Args={'value': 2702500, 'prev_value': 2692500, 'change': 10000, 'player_num': 1, 'source': 'base'}
2026-05-17 15:09:07,967 : INFO : EventManager : Event: ======'player_bonus_switches_count'====== Args={'value': 57, 'prev_value': 56, 'change': 1, 'player_num': 1, 'source': 'base'}
2026-05-17 15:09:07,967 : INFO : EventManager : Event: ======'player_bonus_ramps_count'====== Args={'value': 4, 'prev_value': 3, 'change': 1, 'player_num': 1, 'source': 'base'}
2026-05-17 15:09:07,967 : INFO : EventManager : Event: ======'player_charlie_stage_1_rr_hit'====== Args={'value': 1, 'prev_value': 0, 'change': 1, 'player_num': 1, 'source': 'hard_deck_charlie'}
2026-05-17 15:09:07,967 : INFO : EventManager : Event: ======'charlie_stage_1_shot_4'====== Args={'priority': 0}
2026-05-17 15:09:07,967 : INFO : EventManager : Event: ======'shaker_soft'====== Args={'priority': 0}
2026-05-17 15:09:07,968 : INFO : EventManager : Event: ======'player_score'====== Args={'value': 3702500, 'prev_value': 2702500, 'change': 1000000, 'player_num': 1, 'source': 'hard_deck_charlie'}
2026-05-17 15:09:07,968 : INFO : EventManager : Event: ======'player_charlie_stage_1_shots_made'====== Args={'value': 4, 'prev_value': 3, 'change': 1, 'player_num': 1, 'source': 'hard_deck_charlie'}
2026-05-17 15:09:07,968 : INFO : EventManager : Event: ======'player_charlie_shots_remaining'====== Args={'value': 1, 'prev_value': 2, 'change': -1, 'player_num': 1, 'source': 'hard_deck_charlie'}
2026-05-17 15:09:07,968 : INFO : EventManager : Event: ======'player_mode_points_scored'====== Args={'value': 1000000, 'prev_value': 800000, 'change': 200000, 'player_num': 1, 'source': 'hard_deck_charlie'}
2026-05-17 15:09:08,025 : INFO : EventManager : Event: ======'slide_hard_deck_charlie_stage_1_step_4_created'====== Args={'_from_bcp': True}
2026-05-17 15:09:08,025 : INFO : SwitchController : <<<<<<< 's_ramp_right_exit' inactive >>>>>>>
2026-05-17 15:09:08,153 : INFO : EventManager : Event: ======'charlie_stage_1_final_shot_setup'====== Args={'priority': 0}
2026-05-17 15:09:08,153 : INFO : EventManager : Event: ======'barrier_drop'====== Args={'priority': 0}
2026-05-17 15:09:08,154 : INFO : EventManager : Event: ======'player_charlie_stage_1_final_shot_lit'====== Args={'value': 1, 'prev_value': 0, 'change': 1, 'player_num': 1, 'source': 'hard_deck_charlie'}
2026-05-17 15:09:08,154 : INFO : coil.c_mode_barrier : Enabling Driver with power 0.25 (pulse_ms 45ms and pulse_power 0.75)
2026-05-17 15:09:08,450 : INFO : EventManager : Event: ======'player_hard_deck_charlie_hard_deck_charlie_timer_tick'====== Args={'value': 107, 'prev_value': 108, 'change': -1, 'player_num': 1}
2026-05-17 15:09:08,451 : INFO : EventManager : Event: ======'timer_hard_deck_charlie_timer_tick'====== Args={'ticks': 107, 'ticks_remaining': 107}
2026-05-17 15:09:08,452 : INFO : EventManager : Event: ======'player_charlie_timer_ticks'====== Args={'value': 107, 'prev_value': 108, 'change': -1, 'player_num': 1, 'source': 'hard_deck_charlie'}
2026-05-17 15:09:09,452 : INFO : EventManager : Event: ======'player_hard_deck_charlie_hard_deck_charlie_timer_tick'====== Args={'value': 106, 'prev_value': 107, 'change': -1, 'player_num': 1}
2026-05-17 15:09:09,453 : INFO : EventManager : Event: ======'timer_hard_deck_charlie_timer_tick'====== Args={'ticks': 106, 'ticks_remaining': 106}
2026-05-17 15:09:09,453 : INFO : SwitchController : <<<<<<< 's_outer_inlane_right' active >>>>>>>
2026-05-17 15:09:09,453 : INFO : EventManager : Event: ======'s_outer_inlane_right_active'====== Args={}
2026-05-17 15:09:09,453 : INFO : EventManager : Event: ======'sw_playfield_active'====== Args={}
2026-05-17 15:09:09,453 : INFO : EventManager : Event: ======'sw_playfield_active'====== Args={}
2026-05-17 15:09:09,453 : INFO : EventManager : Event: ======'machine_var_audits_switches_s_outer_inlane_right'====== Args={'value': 4747, 'prev_value': 4746, 'change': 1}
2026-05-17 15:09:09,455 : INFO : EventManager : Event: ======'player_charlie_timer_ticks'====== Args={'value': 106, 'prev_value': 107, 'change': -1, 'player_num': 1, 'source': 'hard_deck_charlie'}
2026-05-17 15:09:09,455 : INFO : EventManager : Event: ======'check_goose_complete'====== Args={'priority': 0}
2026-05-17 15:09:09,455 : INFO : EventManager : Event: ======'player_goose_letter_s'====== Args={'value': 1, 'prev_value': 0, 'change': 1, 'player_num': 1, 'source': 'goose_letters'}
2026-05-17 15:09:09,456 : INFO : EventManager : Event: ======'player_goose_last_letter_collected'====== Args={'value': 5, 'prev_value': 2, 'change': 3, 'player_num': 1, 'source': 'goose_letters'}
2026-05-17 15:09:09,456 : INFO : EventManager : Event: ======'player_hd_sw_inlane_outer_r'====== Args={'value': 1, 'prev_value': 0, 'change': 1, 'player_num': 1, 'source': 'hard_deck_qualifiers'}
2026-05-17 15:09:09,456 : INFO : EventManager : Event: ======'player_score'====== Args={'value': 3704500, 'prev_value': 3702500, 'change': 2000, 'player_num': 1, 'source': 'base'}
2026-05-17 15:09:09,456 : INFO : EventManager : Event: ======'player_bonus_switches_count'====== Args={'value': 58, 'prev_value': 57, 'change': 1, 'player_num': 1, 'source': 'base'}
2026-05-17 15:09:09,465 : INFO : SwitchController : <<<<<<< 's_outer_inlane_right' inactive >>>>>>>
2026-05-17 15:09:10,452 : INFO : EventManager : Event: ======'player_hard_deck_charlie_hard_deck_charlie_timer_tick'====== Args={'value': 105, 'prev_value': 106, 'change': -1, 'player_num': 1}
2026-05-17 15:09:10,453 : INFO : EventManager : Event: ======'timer_hard_deck_charlie_timer_tick'====== Args={'ticks': 105, 'ticks_remaining': 105}
2026-05-17 15:09:10,453 : INFO : EventManager : Event: ======'player_charlie_timer_ticks'====== Args={'value': 105, 'prev_value': 106, 'change': -1, 'player_num': 1, 'source': 'hard_deck_charlie'}
2026-05-17 15:09:11,440 : INFO : EventManager : Event: ======'player_hard_deck_charlie_hard_deck_charlie_timer_tick'====== Args={'value': 104, 'prev_value': 105, 'change': -1, 'player_num': 1}
2026-05-17 15:09:11,440 : INFO : EventManager : Event: ======'timer_hard_deck_charlie_timer_tick'====== Args={'ticks': 104, 'ticks_remaining': 104}
2026-05-17 15:09:11,441 : INFO : EventManager : Event: ======'player_charlie_timer_ticks'====== Args={'value': 104, 'prev_value': 105, 'change': -1, 'player_num': 1, 'source': 'hard_deck_charlie'}
2026-05-17 15:09:12,443 : INFO : EventManager : Event: ======'player_hard_deck_charlie_hard_deck_charlie_timer_tick'====== Args={'value': 103, 'prev_value': 104, 'change': -1, 'player_num': 1}
2026-05-17 15:09:12,444 : INFO : EventManager : Event: ======'timer_hard_deck_charlie_timer_tick'====== Args={'ticks': 103, 'ticks_remaining': 103}
2026-05-17 15:09:12,444 : INFO : EventManager : Event: ======'player_charlie_timer_ticks'====== Args={'value': 103, 'prev_value': 104, 'change': -1, 'player_num': 1, 'source': 'hard_deck_charlie'}
2026-05-17 15:09:13,441 : INFO : EventManager : Event: ======'player_hard_deck_charlie_hard_deck_charlie_timer_tick'====== Args={'value': 102, 'prev_value': 103, 'change': -1, 'player_num': 1}
2026-05-17 15:09:13,441 : INFO : EventManager : Event: ======'timer_hard_deck_charlie_timer_tick'====== Args={'ticks': 102, 'ticks_remaining': 102}
2026-05-17 15:09:13,441 : INFO : EventManager : Event: ======'player_charlie_timer_ticks'====== Args={'value': 102, 'prev_value': 103, 'change': -1, 'player_num': 1, 'source': 'hard_deck_charlie'}
2026-05-17 15:09:14,441 : INFO : EventManager : Event: ======'player_hard_deck_charlie_hard_deck_charlie_timer_tick'====== Args={'value': 101, 'prev_value': 102, 'change': -1, 'player_num': 1}
2026-05-17 15:09:14,442 : INFO : EventManager : Event: ======'timer_hard_deck_charlie_timer_tick'====== Args={'ticks': 101, 'ticks_remaining': 101}
2026-05-17 15:09:14,442 : INFO : EventManager : Event: ======'player_charlie_timer_ticks'====== Args={'value': 101, 'prev_value': 102, 'change': -1, 'player_num': 1, 'source': 'hard_deck_charlie'}
2026-05-17 15:09:14,524 : INFO : EventManager : Event: ======'slide_hard_deck_charlie_stage_1_step_4_removed'====== Args={'_from_bcp': True}
2026-05-17 15:09:15,445 : INFO : EventManager : Event: ======'player_hard_deck_charlie_hard_deck_charlie_timer_tick'====== Args={'value': 100, 'prev_value': 101, 'change': -1, 'player_num': 1}
2026-05-17 15:09:15,446 : INFO : EventManager : Event: ======'timer_hard_deck_charlie_timer_tick'====== Args={'ticks': 100, 'ticks_remaining': 100}
2026-05-17 15:09:15,446 : INFO : EventManager : Event: ======'player_charlie_timer_ticks'====== Args={'value': 100, 'prev_value': 101, 'change': -1, 'player_num': 1, 'source': 'hard_deck_charlie'}
2026-05-17 15:09:16,449 : INFO : EventManager : Event: ======'player_hard_deck_charlie_hard_deck_charlie_timer_tick'====== Args={'value': 99, 'prev_value': 100, 'change': -1, 'player_num': 1}
2026-05-17 15:09:16,449 : INFO : EventManager : Event: ======'timer_hard_deck_charlie_timer_tick'====== Args={'ticks': 99, 'ticks_remaining': 99}
2026-05-17 15:09:16,450 : INFO : EventManager : Event: ======'player_charlie_timer_ticks'====== Args={'value': 99, 'prev_value': 100, 'change': -1, 'player_num': 1, 'source': 'hard_deck_charlie'}
2026-05-17 15:09:17,451 : INFO : EventManager : Event: ======'player_hard_deck_charlie_hard_deck_charlie_timer_tick'====== Args={'value': 98, 'prev_value': 99, 'change': -1, 'player_num': 1}
2026-05-17 15:09:17,451 : INFO : EventManager : Event: ======'timer_hard_deck_charlie_timer_tick'====== Args={'ticks': 98, 'ticks_remaining': 98}
2026-05-17 15:09:17,451 : INFO : EventManager : Event: ======'player_charlie_timer_ticks'====== Args={'value': 98, 'prev_value': 99, 'change': -1, 'player_num': 1, 'source': 'hard_deck_charlie'}
2026-05-17 15:09:18,140 : INFO : SwitchController : <<<<<<< 's_n_iceman_target' active >>>>>>>
2026-05-17 15:09:18,140 : INFO : EventManager : Event: ======'s_n_iceman_target_active'====== Args={}
2026-05-17 15:09:18,140 : INFO : EventManager : Event: ======'sw_playfield_active'====== Args={}
2026-05-17 15:09:18,140 : INFO : EventManager : Event: ======'sw_playfield_active'====== Args={}
2026-05-17 15:09:18,140 : INFO : EventManager : Event: ======'machine_var_audits_switches_s_n_iceman_target'====== Args={'value': 1860, 'prev_value': 1859, 'change': 1}
2026-05-17 15:09:18,142 : INFO : EventManager : Event: ======'check_ice_man_complete'====== Args={'priority': 0}
2026-05-17 15:09:18,142 : INFO : EventManager : Event: ======'player_hd_sw_iceman_n'====== Args={'value': 1, 'prev_value': 0, 'change': 1, 'player_num': 1, 'source': 'hard_deck_qualifiers'}
2026-05-17 15:09:18,142 : INFO : EventManager : Event: ======'player_score'====== Args={'value': 3706500, 'prev_value': 3704500, 'change': 2000, 'player_num': 1, 'source': 'base'}
2026-05-17 15:09:18,142 : INFO : EventManager : Event: ======'player_bonus_switches_count'====== Args={'value': 59, 'prev_value': 58, 'change': 1, 'player_num': 1, 'source': 'base'}
2026-05-17 15:09:18,149 : INFO : SwitchController : <<<<<<< 's_n_iceman_target' inactive >>>>>>>
2026-05-17 15:09:18,440 : INFO : EventManager : Event: ======'player_hard_deck_charlie_hard_deck_charlie_timer_tick'====== Args={'value': 97, 'prev_value': 98, 'change': -1, 'player_num': 1}
2026-05-17 15:09:18,440 : INFO : EventManager : Event: ======'timer_hard_deck_charlie_timer_tick'====== Args={'ticks': 97, 'ticks_remaining': 97}
2026-05-17 15:09:18,440 : INFO : EventManager : Event: ======'player_charlie_timer_ticks'====== Args={'value': 97, 'prev_value': 98, 'change': -1, 'player_num': 1, 'source': 'hard_deck_charlie'}
2026-05-17 15:09:19,442 : INFO : EventManager : Event: ======'player_hard_deck_charlie_hard_deck_charlie_timer_tick'====== Args={'value': 96, 'prev_value': 97, 'change': -1, 'player_num': 1}
2026-05-17 15:09:19,443 : INFO : EventManager : Event: ======'timer_hard_deck_charlie_timer_tick'====== Args={'ticks': 96, 'ticks_remaining': 96}
2026-05-17 15:09:19,443 : INFO : EventManager : Event: ======'player_charlie_timer_ticks'====== Args={'value': 96, 'prev_value': 97, 'change': -1, 'player_num': 1, 'source': 'hard_deck_charlie'}
2026-05-17 15:09:20,440 : INFO : EventManager : Event: ======'player_hard_deck_charlie_hard_deck_charlie_timer_tick'====== Args={'value': 95, 'prev_value': 96, 'change': -1, 'player_num': 1}
2026-05-17 15:09:20,440 : INFO : EventManager : Event: ======'timer_hard_deck_charlie_timer_tick'====== Args={'ticks': 95, 'ticks_remaining': 95}
2026-05-17 15:09:20,440 : INFO : SwitchController : <<<<<<< 's_mode_start' active >>>>>>>
2026-05-17 15:09:20,441 : INFO : EventManager : Event: ======'s_mode_start_active'====== Args={}
2026-05-17 15:09:20,441 : INFO : EventManager : Event: ======'sw_playfield_active'====== Args={}
2026-05-17 15:09:20,441 : INFO : EventManager : Event: ======'machine_var_audits_switches_s_mode_start'====== Args={'value': 2028, 'prev_value': 2027, 'change': 1}
2026-05-17 15:09:20,441 : INFO : EventManager : Event: ======'player_charlie_timer_ticks'====== Args={'value': 95, 'prev_value': 96, 'change': -1, 'player_num': 1, 'source': 'hard_deck_charlie'}
2026-05-17 15:09:20,441 : INFO : EventManager : Event: ======'charlie_stage_1_final_shot_setup_hold'====== Args={'priority': 0}
2026-05-17 15:09:20,441 : INFO : EventManager : Event: ======'charlie_stage_1_final_shot_hit'====== Args={'priority': 0}
2026-05-17 15:09:20,442 : INFO : Timer.lock_mb_eject_debounce : Stopping Timer
2026-05-17 15:09:20,442 : INFO : EventManager : Event: ======'timer_lock_mb_eject_debounce_stopped'====== Args={'ticks': 0, 'ticks_remaining': 0}
2026-05-17 15:09:20,442 : INFO : EventManager : Event: ======'shaker_soft'====== Args={'priority': 0}
2026-05-17 15:09:20,442 : INFO : EventManager : Event: ======'barrier_raise'====== Args={'priority': 0}
2026-05-17 15:09:20,443 : INFO : EventManager : Event: ======'player_score'====== Args={'value': 8706500, 'prev_value': 3706500, 'change': 5000000, 'player_num': 1, 'source': 'hard_deck_charlie'}
2026-05-17 15:09:20,443 : INFO : EventManager : Event: ======'player_charlie_stage_1_final_shot_lit'====== Args={'value': 0, 'prev_value': 1, 'change': -1, 'player_num': 1, 'source': 'hard_deck_charlie'}
2026-05-17 15:09:20,443 : INFO : EventManager : Event: ======'player_charlie_shots_remaining'====== Args={'value': 0, 'prev_value': 1, 'change': -1, 'player_num': 1, 'source': 'hard_deck_charlie'}
2026-05-17 15:09:20,443 : INFO : EventManager : Event: ======'player_mode_points_scored'====== Args={'value': 5000000, 'prev_value': 1000000, 'change': 4000000, 'player_num': 1, 'source': 'hard_deck_charlie'}
2026-05-17 15:09:20,443 : INFO : Timer.hard_deck_charlie_timer : Pausing Timer for 0 ms
2026-05-17 15:09:20,443 : INFO : EventManager : Event: ======'timer_hard_deck_charlie_timer_paused'====== Args={'ticks': 95, 'ticks_remaining': 95}
2026-05-17 15:09:20,443 : INFO : Timer.hard_deck_charlie_stage_1_decision_timer : Starting Timer.
2026-05-17 15:09:20,444 : INFO : EventManager : Event: ======'timer_hard_deck_charlie_stage_1_decision_timer_started'====== Args={'ticks': 10, 'ticks_remaining': 10}
2026-05-17 15:09:20,444 : INFO : EventManager : Event: ======'timer_hard_deck_charlie_stage_1_decision_timer_tick'====== Args={'ticks': 10, 'ticks_remaining': 10}
2026-05-17 15:09:20,444 : INFO : coil.c_mode_barrier : Disabling Driver
2026-05-17 15:09:20,444 : INFO : Timer.global_scoop_eject_delay : Stopping Timer
2026-05-17 15:09:20,444 : INFO : EventManager : Event: ======'timer_global_scoop_eject_delay_stopped'====== Args={'ticks': 0, 'ticks_remaining': 0}
2026-05-17 15:09:20,474 : INFO : EventManager : Event: ======'slide_hard_deck_charlie_stage_1_won_created'====== Args={'_from_bcp': True}
2026-05-17 15:09:20,768 : INFO : EventManager : Event: ======'balldevice_bd_mode_scoop_ball_count_changed'====== Args={'balls': 1}
2026-05-17 15:09:20,768 : INFO : ball_device.bd_mode_scoop : Received unexpected ball
2026-05-17 15:09:20,768 : INFO : EventManager : Event: ======'balldevice_captured_from_playfield'====== Args={'balls': 1}
2026-05-17 15:09:20,769 : INFO : EventManager : Event: ======'sw_playfield_active'====== Args={'balls': 1}
2026-05-17 15:09:20,770 : INFO : EventManager : Event: ======'playfield_ball_count_change'====== Args={'balls': 0, 'change': -1}
2026-05-17 15:09:20,771 : INFO : EventManager : Event: ======'balldevice_bd_mode_scoop_ball_enter'====== Args={'new_balls': 1, 'unclaimed_balls': 1, 'new_available_balls': 1, 'device': <ball_device.bd_mode_scoop>}
2026-05-17 15:09:20,771 : INFO : EventManager : Event: ======'ball_hold_hard_deck_charlie_scoop_hold_held_ball'====== Args={'balls_held': 1, 'total_balls_held': 1}
2026-05-17 15:09:20,771 : INFO : EventManager : Event: ======'ball_hold_hard_deck_charlie_scoop_hold_full'====== Args={'balls': 1}
2026-05-17 15:09:20,772 : INFO : EventManager : Event: ======'balldevice_balls_available'====== Args={}
2026-05-17 15:09:20,772 : INFO : EventManager : Event: ======'balldevice_bd_mode_scoop_ball_entered'====== Args={'new_balls': 1, 'device': <ball_device.bd_mode_scoop>}
2026-05-17 15:09:21,442 : INFO : EventManager : Event: ======'player_hard_deck_charlie_hard_deck_charlie_stage_1_decision_timer_tick'====== Args={'value': 9, 'prev_value': 10, 'change': -1, 'player_num': 1}
2026-05-17 15:09:21,442 : INFO : EventManager : Event: ======'timer_hard_deck_charlie_stage_1_decision_timer_tick'====== Args={'ticks': 9, 'ticks_remaining': 9}
2026-05-17 15:09:22,442 : INFO : EventManager : Event: ======'player_hard_deck_charlie_hard_deck_charlie_stage_1_decision_timer_tick'====== Args={'value': 8, 'prev_value': 9, 'change': -1, 'player_num': 1}
2026-05-17 15:09:22,442 : INFO : EventManager : Event: ======'timer_hard_deck_charlie_stage_1_decision_timer_tick'====== Args={'ticks': 8, 'ticks_remaining': 8}
2026-05-17 15:09:23,441 : INFO : EventManager : Event: ======'player_hard_deck_charlie_hard_deck_charlie_stage_1_decision_timer_tick'====== Args={'value': 7, 'prev_value': 8, 'change': -1, 'player_num': 1}
2026-05-17 15:09:23,442 : INFO : EventManager : Event: ======'timer_hard_deck_charlie_stage_1_decision_timer_tick'====== Args={'ticks': 7, 'ticks_remaining': 7}
2026-05-17 15:09:23,785 : INFO : SwitchController : <<<<<<< 's_flipper_right' active >>>>>>>
2026-05-17 15:09:23,785 : INFO : EventManager : Event: ======'s_flipper_right_active'====== Args={}
2026-05-17 15:09:23,786 : INFO : EventManager : Event: ======'machine_var_audits_switches_s_flipper_right'====== Args={'value': 55640, 'prev_value': 55639, 'change': 1}
2026-05-17 15:09:23,787 : INFO : EventManager : Event: ======'charlie_stage_1_exit'====== Args={'priority': 0}
2026-05-17 15:09:23,788 : INFO : EventManager : Event: ======'goose_rotate_right_execute'====== Args={'priority': 0}
2026-05-17 15:09:23,788 : INFO : EventManager : Event: ======'player_goose_temp_o_left'====== Args={'value': 1, 'prev_value': 0, 'change': 1, 'player_num': 1, 'source': 'goose_letters'}
2026-05-17 15:09:23,788 : INFO : EventManager : Event: ======'player_goose_temp_s'====== Args={'value': 1, 'prev_value': 0, 'change': 1, 'player_num': 1, 'source': 'goose_letters'}
2026-05-17 15:09:23,788 : INFO : EventManager : Event: ======'mig_rotate_right_execute'====== Args={'priority': 0}
2026-05-17 15:09:23,789 : INFO : EventManager : Event: ======'ball_search_reset'====== Args={'priority': 0}
2026-05-17 15:09:23,789 : INFO : EventManager : Event: ======'barrier_drop'====== Args={'priority': 0}
2026-05-17 15:09:23,789 : INFO : Timer.hard_deck_charlie_stage_1_decision_timer : Stopping Timer
2026-05-17 15:09:23,789 : INFO : EventManager : Event: ======'timer_hard_deck_charlie_stage_1_decision_timer_stopped'====== Args={'ticks': 7, 'ticks_remaining': 7}
2026-05-17 15:09:23,789 : INFO : coil.c_mode_barrier : Enabling Driver with power 0.25 (pulse_ms 45ms and pulse_power 0.75)
2026-05-17 15:09:23,789 : INFO : EventManager : Event: ======'player_goose_letter_e'====== Args={'value': 1, 'prev_value': 0, 'change': 1, 'player_num': 1, 'source': 'goose_letters'}
2026-05-17 15:09:23,789 : INFO : EventManager : Event: ======'player_goose_letter_s'====== Args={'value': 0, 'prev_value': 1, 'change': -1, 'player_num': 1, 'source': 'goose_letters'}
2026-05-17 15:09:23,789 : INFO : EventManager : Event: ======'player_goose_letter_o_right'====== Args={'value': 1, 'prev_value': 0, 'change': 1, 'player_num': 1, 'source': 'goose_letters'}
2026-05-17 15:09:23,789 : INFO : EventManager : Event: ======'player_goose_letter_o_left'====== Args={'value': 0, 'prev_value': 1, 'change': -1, 'player_num': 1, 'source': 'goose_letters'}
2026-05-17 15:09:23,817 : INFO : SwitchController : <<<<<<< 's_flipper_right_eos' active >>>>>>>
2026-05-17 15:09:23,818 : INFO : EventManager : Event: ======'machine_var_audits_switches_s_flipper_right_eos'====== Args={'value': 50056, 'prev_value': 50055, 'change': 1}
2026-05-17 15:09:23,896 : INFO : SwitchController : <<<<<<< 's_flipper_right' inactive >>>>>>>
2026-05-17 15:09:23,896 : INFO : EventManager : Event: ======'s_flipper_right_inactive'====== Args={}
2026-05-17 15:09:23,990 : INFO : SwitchController : <<<<<<< 's_flipper_right_eos' inactive >>>>>>>
2026-05-17 15:09:24,177 : INFO : EventManager : Event: ======'charlie_decision_release_ball'====== Args={'priority': 0}
2026-05-17 15:09:24,177 : INFO : EventManager : Event: ======'scoop_ball_release'====== Args={'priority': 0}
2026-05-17 15:09:24,177 : INFO : EventManager : Event: ======'barrier_drop'====== Args={'priority': 0}
2026-05-17 15:09:24,177 : INFO : EventManager : Event: ======'player_scoop_release_pending'====== Args={'value': 1, 'prev_value': 0, 'change': 1, 'player_num': 1, 'source': 'pilot_mission_qualifier'}
2026-05-17 15:09:24,177 : INFO : coil.c_mode_barrier : Enabling Driver with power 0.25 (pulse_ms 45ms and pulse_power 0.75)
2026-05-17 15:09:24,569 : INFO : EventManager : Event: ======'hard_deck_charlie_decision_ball_release'====== Args={'priority': 0}
2026-05-17 15:09:24,569 : INFO : ball_device.bd_mode_scoop : Adding 1 ball(s) to the eject_queue with target <playfield.playfield>.
2026-05-17 15:09:24,569 : INFO : EventManager : Event: ======'balldevice_balls_available'====== Args={}
2026-05-17 15:09:24,570 : INFO : EventManager : Event: ======'ball_hold_hard_deck_charlie_scoop_hold_balls_released'====== Args={'balls_released': 1}
2026-05-17 15:09:24,571 : INFO : ball_device.bd_mode_scoop : State: waiting_for_target_ready
2026-05-17 15:09:24,572 : INFO : EventManager : Event: ======'balldevice_bd_mode_scoop_ball_eject_attempt'====== Args={'balls': 1, 'target': <playfield.playfield>, 'source': <ball_device.bd_mode_scoop>, 'mechanical_eject': False, 'num_attempts': 0}
2026-05-17 15:09:24,572 : INFO : ball_device.bd_mode_scoop : State: ejecting
2026-05-17 15:09:24,573 : INFO : ball_device.bd_mode_scoop : Ejecting ball to <playfield.playfield>
2026-05-17 15:09:24,573 : INFO : EventManager : Event: ======'balldevice_bd_mode_scoop_ejecting_ball'====== Args={'balls': 1, 'target': <playfield.playfield>, 'source': <ball_device.bd_mode_scoop>, 'mechanical_eject': False, 'num_attempts': 0}
2026-05-17 15:09:24,573 : INFO : EventManager : Event: ======'ball_save_scoop_eject_save_timer_start'====== Args={}
2026-05-17 15:09:24,573 : INFO : EventManager : Event: ======'ball_save_scoop_eject_save_enabled'====== Args={}
2026-05-17 15:09:24,575 : INFO : Timer.scoop_save_countdown : Starting Timer.
2026-05-17 15:09:24,575 : INFO : EventManager : Event: ======'timer_scoop_save_countdown_started'====== Args={'ticks': 5, 'ticks_remaining': 5}
2026-05-17 15:09:24,575 : INFO : EventManager : Event: ======'timer_scoop_save_countdown_tick'====== Args={'ticks': 5, 'ticks_remaining': 5}
2026-05-17 15:09:24,575 : INFO : EventManager : Event: ======'ball_save_flash_medium'====== Args={'priority': 0}
2026-05-17 15:09:24,575 : INFO : EventManager : Event: ======'player_ball_save_time_remaining'====== Args={'value': 5, 'prev_value': 1, 'change': 4, 'player_num': 1, 'source': 'ball_save'}
2026-05-17 15:09:24,575 : INFO : EventManager : Event: ======'player_ball_save_active'====== Args={'value': 1, 'prev_value': 0, 'change': 1, 'player_num': 1, 'source': 'ball_save'}
2026-05-17 15:09:24,577 : INFO : ball_device.bd_mode_scoop : Wait for ball to leave device
2026-05-17 15:09:24,577 : INFO : coil.c_mode_outkicker : Pulsing Driver for 35ms (0.75 pulse_power)
2026-05-17 15:09:24,615 : INFO : SwitchController : <<<<<<< 's_mode_start' inactive >>>>>>>
2026-05-17 15:09:24,615 : INFO : EventManager : Event: ======'s_mode_start_inactive'====== Args={}
2026-05-17 15:09:24,616 : INFO : EventManager : Event: ======'global_scoop_eject_start'====== Args={'priority': 0}
2026-05-17 15:09:24,616 : INFO : Timer.global_scoop_eject_delay : Starting Timer.
2026-05-17 15:09:24,616 : INFO : EventManager : Event: ======'timer_global_scoop_eject_delay_started'====== Args={'ticks': 0, 'ticks_remaining': 1}
2026-05-17 15:09:24,616 : INFO : EventManager : Event: ======'timer_global_scoop_eject_delay_tick'====== Args={'ticks': 0, 'ticks_remaining': 1}
2026-05-17 15:09:24,617 : INFO : ball_device.bd_mode_scoop : State: ball_left
2026-05-17 15:09:24,617 : INFO : ball_device.bd_mode_scoop : Ball left
2026-05-17 15:09:24,617 : INFO : ball_device.bd_mode_scoop : Wait for confirm with timeout 3.0
2026-05-17 15:09:24,770 : INFO : EventManager : Event: ======'hard_deck_charlie_mode_end_complete'====== Args={'priority': 0}
2026-05-17 15:09:24,770 : INFO : EventManager : Event: ======'mode_hard_deck_charlie_will_stop'====== Args={}
2026-05-17 15:09:24,770 : INFO : EventManager : Event: ======'mode_hard_deck_charlie_stopping'====== Args={}
2026-05-17 15:09:24,770 : INFO : Timer.hard_deck_charlie_timer : Stopping Timer
2026-05-17 15:09:24,770 : INFO : EventManager : Event: ======'timer_hard_deck_charlie_timer_stopped'====== Args={'ticks': 95, 'ticks_remaining': 95}
2026-05-17 15:09:24,770 : INFO : coil.c_left_lane_up_post : Disabling Driver
2026-05-17 15:09:24,771 : INFO : Mode.hard_deck_charlie : Stopped.
2026-05-17 15:09:24,771 : INFO : EventManager : Event: ======'modes_active_modes_changed'====== Args={}
2026-05-17 15:09:24,773 : INFO : EventManager : Event: ======'mode_hard_deck_charlie_stopped'====== Args={}
2026-05-17 15:09:24,773 : INFO : EventManager : Event: ======'clear'====== Args={'key': 'hard_deck_charlie'}
2026-05-17 15:09:24,773 : INFO : coil.c_mode_barrier : Enabling Driver with power 0.25 (pulse_ms 45ms and pulse_power 0.75)
2026-05-17 15:09:24,773 : INFO : EventManager : Event: ======'player_letter_collection_paused'====== Args={'value': 0, 'prev_value': 1, 'change': -1, 'player_num': 1, 'source': 'pilot_mission_qualifier'}
2026-05-17 15:09:24,773 : INFO : EventManager : Event: ======'player_hard_deck_active'====== Args={'value': 0, 'prev_value': 1, 'change': -1, 'player_num': 1, 'source': 'pilot_mission_qualifier'}
2026-05-17 15:09:24,773 : INFO : EventManager : Event: ======'hd_check_requalify'====== Args={'priority': 0}
2026-05-17 15:09:24,773 : INFO : EventManager : Event: ======'hd_restore_qualified_light'====== Args={'priority': 0}
2026-05-17 15:09:24,774 : INFO : EventManager : Event: ======'restore_qualified_mode_light'====== Args={'priority': 0}
2026-05-17 15:09:24,775 : INFO : Timer.hard_deck_charlie_stage_1_decision_timer : Stopping Timer
2026-05-17 15:09:24,775 : INFO : EventManager : Event: ======'timer_hard_deck_charlie_stage_1_decision_timer_stopped'====== Args={'ticks': 7, 'ticks_remaining': 7}
2026-05-17 15:09:24,775 : INFO : Timer.hard_deck_charlie_intro_video_delay : Stopping Timer
2026-05-17 15:09:24,775 : INFO : EventManager : Event: ======'timer_hard_deck_charlie_intro_video_delay_stopped'====== Args={'ticks': 41, 'ticks_remaining': 49}
2026-05-17 15:09:24,775 : INFO : Timer.hard_deck_charlie_stage_1_failed_delay : Stopping Timer
2026-05-17 15:09:24,775 : INFO : EventManager : Event: ======'timer_hard_deck_charlie_stage_1_failed_delay_stopped'====== Args={'ticks': 0, 'ticks_remaining': 0}
2026-05-17 15:09:24,775 : INFO : Timer.hard_deck_charlie_timer : Stopping Timer
2026-05-17 15:09:24,775 : INFO : EventManager : Event: ======'timer_hard_deck_charlie_timer_stopped'====== Args={'ticks': 95, 'ticks_remaining': 95}
2026-05-17 15:09:24,784 : INFO : EventManager : Event: ======'slide_hard_deck_charlie_background_removed'====== Args={'_from_bcp': True}
2026-05-17 15:09:24,789 : INFO : EventManager : Event: ======'slide_hard_deck_charlie_shots_remaining_removed'====== Args={'_from_bcp': True}
2026-05-17 15:09:24,790 : INFO : EventManager : Event: ======'slide_hard_deck_charlie_stage_1_won_removed'====== Args={'_from_bcp': True}
2026-05-17 15:09:24,805 : INFO : EventManager : Event: ======'slide_hard_deck_charlie_timer_inactive'====== Args={'is_removing': True, '_from_bcp': True}
2026-05-17 15:09:24,805 : INFO : EventManager : Event: ======'slide_mach_1_active'====== Args={'_from_bcp': True}
2026-05-17 15:09:24,805 : INFO : EventManager : Event: ======'slide_hard_deck_charlie_timer_removed'====== Args={'_from_bcp': True}
2026-05-17 15:09:25,457 : INFO : SwitchController : <<<<<<< 's_slingshot_left' active >>>>>>>
2026-05-17 15:09:25,457 : INFO : EventManager : Event: ======'s_slingshot_left_active'====== Args={}
2026-05-17 15:09:25,457 : INFO : EventManager : Event: ======'sw_playfield_active'====== Args={}
2026-05-17 15:09:25,457 : INFO : EventManager : Event: ======'playfield_active'====== Args={'source': 'sling_left'}
2026-05-17 15:09:25,457 : INFO : EventManager : Event: ======'machine_var_audits_switches_s_slingshot_left'====== Args={'value': 6401, 'prev_value': 6400, 'change': 1}
2026-05-17 15:09:25,458 : INFO : SwitchController : <<<<<<< 's_slingshot_left' inactive >>>>>>>
2026-05-17 15:09:25,458 : INFO : EventManager : Event: ======'player_hd_sw_sling_left'====== Args={'value': 2, 'prev_value': 1, 'change': 1, 'player_num': 1, 'source': 'hard_deck_qualifiers'}
2026-05-17 15:09:25,459 : INFO : EventManager : Event: ======'player_score'====== Args={'value': 8707000, 'prev_value': 8706500, 'change': 500, 'player_num': 1, 'source': 'base'}
2026-05-17 15:09:25,459 : INFO : EventManager : Event: ======'player_bonus_switches_count'====== Args={'value': 60, 'prev_value': 59, 'change': 1, 'player_num': 1, 'source': 'base'}
2026-05-17 15:09:25,459 : INFO : EventManager : Event: ======'player_hd_switches_completed'====== Args={'value': 4, 'prev_value': 3, 'change': 1, 'player_num': 1, 'source': 'hard_deck_qualifiers'}
2026-05-17 15:09:25,459 : INFO : EventManager : Event: ======'playfield_active'====== Args={'source': None}
2026-05-17 15:09:25,461 : INFO : ball_device.bd_mode_scoop : Got eject confirm
2026-05-17 15:09:25,461 : INFO : ball_device.bd_mode_scoop : Eject successful
2026-05-17 15:09:25,461 : INFO : EventManager : Event: ======'balldevice_bd_mode_scoop_ball_eject_success'====== Args={'balls': 1, 'target': <playfield.playfield>}
2026-05-17 15:09:25,462 : INFO : EventManager : Event: ======'balldevice_playfield_ball_enter'====== Args={'new_balls': 1, 'unclaimed_balls': 1, 'device': <playfield.playfield>}
2026-05-17 15:09:25,462 : INFO : EventManager : Event: ======'playfield_ball_count_change'====== Args={'balls': 1, 'change': 1}
2026-05-17 15:09:25,462 : INFO : EventManager : Event: ======'balldevice_bd_mode_scoop_ball_count_changed'====== Args={'balls': 0}
2026-05-17 15:09:25,462 : INFO : ball_device.bd_mode_scoop : State: idle
2026-05-17 15:09:25,565 : INFO : EventManager : Event: ======'player_ball_save_scoop_save_countdown_tick'====== Args={'value': 4, 'prev_value': 5, 'change': -1, 'player_num': 1}
2026-05-17 15:09:25,566 : INFO : EventManager : Event: ======'timer_scoop_save_countdown_tick'====== Args={'ticks': 4, 'ticks_remaining': 4}
2026-05-17 15:09:25,566 : INFO : EventManager : Event: ======'ball_save_flash_medium'====== Args={'priority': 0}
2026-05-17 15:09:25,566 : INFO : EventManager : Event: ======'player_ball_save_time_remaining'====== Args={'value': 4, 'prev_value': 5, 'change': -1, 'player_num': 1, 'source': 'ball_save'}
2026-05-17 15:09:25,613 : INFO : EventManager : Event: ======'player_pilot_mission_qualifier_global_scoop_eject_delay_tick'====== Args={'value': 1, 'prev_value': 0, 'change': 1, 'player_num': 1}
2026-05-17 15:09:25,613 : INFO : Timer.global_scoop_eject_delay : Timer Complete
2026-05-17 15:09:25,613 : INFO : Timer.global_scoop_eject_delay : Stopping Timer
2026-05-17 15:09:25,613 : INFO : EventManager : Event: ======'timer_global_scoop_eject_delay_stopped'====== Args={'ticks': 1, 'ticks_remaining': 1}
2026-05-17 15:09:25,613 : INFO : EventManager : Event: ======'timer_global_scoop_eject_delay_complete'====== Args={'ticks': 1, 'ticks_remaining': 1}
2026-05-17 15:09:26,565 : INFO : EventManager : Event: ======'player_ball_save_scoop_save_countdown_tick'====== Args={'value': 3, 'prev_value': 4, 'change': -1, 'player_num': 1}
2026-05-17 15:09:26,565 : INFO : EventManager : Event: ======'timer_scoop_save_countdown_tick'====== Args={'ticks': 3, 'ticks_remaining': 3}
2026-05-17 15:09:26,566 : INFO : EventManager : Event: ======'ball_save_flash_fast'====== Args={'priority': 0}
2026-05-17 15:09:26,566 : INFO : EventManager : Event: ======'player_ball_save_time_remaining'====== Args={'value': 3, 'prev_value': 4, 'change': -1, 'player_num': 1, 'source': 'ball_save'}
2026-05-17 15:09:27,579 : INFO : EventManager : Event: ======'player_ball_save_scoop_save_countdown_tick'====== Args={'value': 2, 'prev_value': 3, 'change': -1, 'player_num': 1}
2026-05-17 15:09:27,579 : INFO : EventManager : Event: ======'timer_scoop_save_countdown_tick'====== Args={'ticks': 2, 'ticks_remaining': 2}
2026-05-17 15:09:27,579 : INFO : EventManager : Event: ======'ball_save_flash_off'====== Args={'priority': 0}
2026-05-17 15:09:27,579 : INFO : EventManager : Event: ======'player_ball_save_time_remaining'====== Args={'value': 2, 'prev_value': 3, 'change': -1, 'player_num': 1, 'source': 'ball_save'}
2026-05-17 15:09:28,577 : INFO : EventManager : Event: ======'player_ball_save_scoop_save_countdown_tick'====== Args={'value': 1, 'prev_value': 2, 'change': -1, 'player_num': 1}
2026-05-17 15:09:28,577 : INFO : EventManager : Event: ======'timer_scoop_save_countdown_tick'====== Args={'ticks': 1, 'ticks_remaining': 1}
2026-05-17 15:09:28,577 : INFO : EventManager : Event: ======'ball_save_flash_off'====== Args={'priority': 0}
2026-05-17 15:09:28,577 : INFO : EventManager : Event: ======'player_ball_save_time_remaining'====== Args={'value': 1, 'prev_value': 2, 'change': -1, 'player_num': 1, 'source': 'ball_save'}
2026-05-17 15:09:29,575 : INFO : EventManager : Event: ======'player_ball_save_scoop_save_countdown_tick'====== Args={'value': 0, 'prev_value': 1, 'change': -1, 'player_num': 1}
2026-05-17 15:09:29,575 : INFO : Timer.scoop_save_countdown : Timer Complete
2026-05-17 15:09:29,575 : INFO : Timer.scoop_save_countdown : Stopping Timer
2026-05-17 15:09:29,576 : INFO : EventManager : Event: ======'timer_scoop_save_countdown_stopped'====== Args={'ticks': 0, 'ticks_remaining': 1}
2026-05-17 15:09:29,576 : INFO : EventManager : Event: ======'timer_scoop_save_countdown_complete'====== Args={'ticks': 0, 'ticks_remaining': 1}
2026-05-17 15:09:29,576 : INFO : EventManager : Event: ======'ball_save_scoop_eject_save_grace_period'====== Args={}
2026-05-17 15:09:29,576 : INFO : EventManager : Event: ======'ball_save_flash_stop'====== Args={'priority': 0}
2026-05-17 15:09:29,576 : INFO : EventManager : Event: ======'ball_save_scoop_eject_save_hurry_up'====== Args={}
2026-05-17 15:09:30,077 : INFO : EventManager : Event: ======'ball_save_scoop_eject_save_disabled'====== Args={}
2026-05-17 15:09:30,077 : INFO : EventManager : Event: ======'player_ball_save_active'====== Args={'value': 0, 'prev_value': 1, 'change': -1, 'player_num': 1, 'source': 'ball_save'}
2026-05-17 15:09:30,079 : INFO : Timer.scoop_save_countdown : Stopping Timer
2026-05-17 15:09:30,079 : INFO : EventManager : Event: ======'timer_scoop_save_countdown_stopped'====== Args={'ticks': 0, 'ticks_remaining': 1}
2026-05-17 15:09:32,019 : INFO : SwitchController : <<<<<<< 's_trough_6' active >>>>>>>
2026-05-17 15:09:32,019 : INFO : EventManager : Event: ======'machine_var_audits_switches_s_trough_6'====== Args={'value': 5714, 'prev_value': 5713, 'change': 1}
2026-05-17 15:09:32,345 : INFO : EventManager : Event: ======'balldevice_bd_trough_ball_count_changed'====== Args={'balls': 6}
2026-05-17 15:09:32,345 : INFO : ball_device.bd_trough : Received unexpected ball
2026-05-17 15:09:32,345 : INFO : EventManager : Event: ======'balldevice_captured_from_playfield'====== Args={'balls': 1}
2026-05-17 15:09:32,346 : INFO : EventManager : Event: ======'sw_playfield_active'====== Args={'balls': 1}
2026-05-17 15:09:32,346 : INFO : EventManager : Event: ======'playfield_ball_count_change'====== Args={'balls': 0, 'change': -1}
2026-05-17 15:09:32,347 : INFO : EventManager : Event: ======'balldevice_bd_trough_ball_enter'====== Args={'new_balls': 1, 'unclaimed_balls': 1, 'new_available_balls': 1, 'device': <ball_device.bd_trough>}
2026-05-17 15:09:32,348 : INFO : EventManager : Event: ======'ball_drain'====== Args={'device': <ball_device.bd_trough>, 'balls': 1}
2026-05-17 15:09:32,348 : INFO : EventManager : Event: ======'extra_ball_drain_cleanup'====== Args={'priority': 0}
2026-05-17 15:09:32,348 : INFO : coil.c_left_lane_up_post : Disabling Driver
2026-05-17 15:09:32,349 : INFO : EventManager : Event: ======'ball_will_end'====== Args={}
2026-05-17 15:09:32,350 : INFO : EventManager : Event: ======'balldevice_balls_available'====== Args={}
2026-05-17 15:09:32,350 : INFO : EventManager : Event: ======'balldevice_bd_trough_ball_entered'====== Args={'new_balls': 1, 'device': <ball_device.bd_trough>}
2026-05-17 15:09:32,351 : INFO : EventManager : Event: ======'mode_tilt_will_stop'====== Args={}
2026-05-17 15:09:32,351 : INFO : EventManager : Event: ======'mode_tilt_stopping'====== Args={}
2026-05-17 15:09:32,351 : INFO : EventManager : Event: ======'topgun_letters_reset'====== Args={'priority': 0}
2026-05-17 15:09:32,351 : INFO : EventManager : Event: ======'player_mystery_just_lit_pilot'====== Args={'value': 0, 'prev_value': 0, 'change': 0, 'player_num': 1, 'source': 'pilot_mission_qualifier'}
2026-05-17 15:09:32,351 : INFO : EventManager : Event: ======'player_scoop_release_pending'====== Args={'value': 0, 'prev_value': 1, 'change': -1, 'player_num': 1, 'source': 'pilot_mission_qualifier'}
2026-05-17 15:09:32,351 : INFO : EventManager : Event: ======'player_mig_completing'====== Args={'value': 0, 'prev_value': 0, 'change': 0, 'player_num': 1, 'source': 'mig_letters'}
2026-05-17 15:09:32,351 : INFO : EventManager : Event: ======'mode_extra_ball_will_stop'====== Args={}
2026-05-17 15:09:32,352 : INFO : EventManager : Event: ======'mode_extra_ball_stopping'====== Args={}
2026-05-17 15:09:32,352 : INFO : coil.c_left_lane_up_post : Disabling Driver
2026-05-17 15:09:32,352 : INFO : Timer.x2_playfield : Stopping Timer
2026-05-17 15:09:32,352 : INFO : EventManager : Event: ======'timer_x2_playfield_stopped'====== Args={'ticks': 90, 'ticks_remaining': 0}
2026-05-17 15:09:32,352 : INFO : Mode.extra_ball : Stopped.
2026-05-17 15:09:32,352 : INFO : EventManager : Event: ======'modes_active_modes_changed'====== Args={}
2026-05-17 15:09:32,353 : INFO : EventManager : Event: ======'mode_extra_ball_stopped'====== Args={}
2026-05-17 15:09:32,353 : INFO : EventManager : Event: ======'clear'====== Args={'key': 'extra_ball'}
2026-05-17 15:09:32,353 : INFO : Timer.extra_ball_hold : Stopping Timer
2026-05-17 15:09:32,353 : INFO : EventManager : Event: ======'timer_extra_ball_hold_stopped'====== Args={'ticks': 5, 'ticks_remaining': 0}
2026-05-17 15:09:32,353 : INFO : Mode.tilt : Stopped.
2026-05-17 15:09:32,353 : INFO : EventManager : Event: ======'modes_active_modes_changed'====== Args={}
2026-05-17 15:09:32,353 : INFO : EventManager : Event: ======'mode_tilt_stopped'====== Args={}
2026-05-17 15:09:32,353 : INFO : EventManager : Event: ======'clear'====== Args={'key': 'tilt'}
2026-05-17 15:09:32,354 : INFO : Timer.tilt_video_delay : Stopping Timer
2026-05-17 15:09:32,354 : INFO : EventManager : Event: ======'timer_tilt_video_delay_stopped'====== Args={'ticks': 0, 'ticks_remaining': 0}
2026-05-17 15:09:32,355 : INFO : EventManager : Event: ======'ball_ending'====== Args={}
2026-05-17 15:09:32,359 : INFO : EventManager : Event: ======'mode_bonus_will_start'====== Args={'queue': <QueuedEvent>}
2026-05-17 15:09:32,361 : INFO : EventManager : Event: ======'mode_bonus_starting'====== Args={'queue': <QueuedEvent>}
2026-05-17 15:09:32,362 : INFO : Mode.bonus : Started. Priority: 500
2026-05-17 15:09:32,362 : INFO : EventManager : Event: ======'modes_active_modes_changed'====== Args={}
2026-05-17 15:09:32,363 : INFO : EventManager : Event: ======'mode_bonus_started'====== Args={'queue': <QueuedEvent>}
2026-05-17 15:09:32,363 : INFO : coil.c_mode_barrier : Disabling Driver
2026-05-17 15:09:32,363 : INFO : coil.c_left_orbit_diverter : Disabling Driver
2026-05-17 15:09:32,363 : INFO : coil.c_right_orbit_diverter : Disabling Driver
2026-05-17 15:09:32,364 : INFO : EventManager : Event: ======'bonus_start'====== Args={}
2026-05-17 15:09:32,374 : INFO : EventManager : Event: ======'slide_topgun_6_removed'====== Args={'_from_bcp': True}
2026-05-17 15:09:32,412 : INFO : EventManager : Event: ======'slide_bonus_start_created'====== Args={'_from_bcp': True}
2026-05-17 15:09:32,412 : INFO : EventManager : Event: ======'slide_mach_1_inactive'====== Args={'is_removing': False, '_from_bcp': True}
2026-05-17 15:09:32,412 : INFO : EventManager : Event: ======'slide_bonus_start_active'====== Args={'original_context': 'bonus', 'original_calling_context': 'mode_bonus_started', 'priority': 500.0, 'queue': '<QueuedEvent>', 'cmd': 'slides_play', '_from_bcp': True}
2026-05-17 15:09:34,377 : INFO : Mode.bonus : Bonus Entry 'switches': score: 21000 player_score_entry: bonus_switches_count=60
2026-05-17 15:09:34,377 : INFO : EventManager : Event: ======'bonus_entry'====== Args={'entry': 'switches', 'score': 21000, 'text': 'Switches Hit', 'bonus_score': 21000, 'hits': 60}
2026-05-17 15:09:34,377 : INFO : EventManager : Event: ======'player_bonus_switches_points'====== Args={'value': 21000, 'prev_value': 0, 'change': 21000, 'player_num': 1, 'source': 'bonus'}
2026-05-17 15:09:34,389 : INFO : EventManager : Event: ======'slide_bonus_switches_created'====== Args={'_from_bcp': True}
2026-05-17 15:09:34,389 : INFO : EventManager : Event: ======'slide_bonus_start_inactive'====== Args={'is_removing': False, '_from_bcp': True}
2026-05-17 15:09:34,390 : INFO : EventManager : Event: ======'slide_bonus_switches_active'====== Args={'original_context': 'bonus', 'original_calling_context': 'bonus_entry{entry=="switches"}', 'priority': 500.0, 'entry': 'switches', 'score': 21000.0, 'text': 'Switches Hit', 'bonus_score': 21000.0, 'hits': 60.0, 'cmd': 'slides_play', '_from_bcp': True}
2026-05-17 15:09:35,167 : INFO : Machine : Shutting down...
2026-05-17 15:09:35,167 : INFO : EventManager : Event: ======'shutdown'====== Args={}
2026-05-17 15:09:35,167 : INFO : coil.c_left_lane_up_post : Disabling Driver
2026-05-17 15:09:35,168 : INFO : coil.c_left_mig_up_post : Disabling Driver
2026-05-17 15:09:35,168 : INFO : coil.c_right_mig_up_post : Disabling Driver
2026-05-17 15:09:35,168 : INFO : coil.c_left_orbit_diverter : Disabling Driver
2026-05-17 15:09:35,168 : INFO : coil.c_right_orbit_diverter : Disabling Driver
2026-05-17 15:09:35,168 : INFO : coil.c_mode_barrier : Disabling Driver
2026-05-17 15:09:35,168 : INFO : coil.c_coin_door_led : Disabling Driver
2026-05-17 15:09:35,168 : INFO : coil.c_start_button_led : Disabling Driver
2026-05-17 15:09:35,168 : INFO : EventManager : Event: ======'right_ramp_down'====== Args={'priority': 0}
2026-05-17 15:09:35,168 : INFO : EventManager : Event: ======'lock_released'====== Args={'priority': 0}
2026-05-17 15:09:35,170 : INFO : coil.c_right_orbit_diverter : Disabling Driver
2026-05-17 15:09:35,172 : INFO : EventManager : Event: ======'mode_game_will_stop'====== Args={}
2026-05-17 15:09:35,172 : INFO : EventManager : Event: ======'mode_game_stopping'====== Args={}
2026-05-17 15:09:35,174 : INFO : EventManager : Event: ======'mode_goose_letters_will_stop'====== Args={}
2026-05-17 15:09:35,174 : INFO : EventManager : Event: ======'mode_goose_letters_stopping'====== Args={}
2026-05-17 15:09:35,174 : INFO : EventManager : Event: ======'mode_default_sounds_will_stop'====== Args={}
2026-05-17 15:09:35,174 : INFO : EventManager : Event: ======'mode_default_sounds_stopping'====== Args={}
2026-05-17 15:09:35,174 : INFO : EventManager : Event: ======'mode_pilot_mission_qualifier_will_stop'====== Args={}
2026-05-17 15:09:35,174 : INFO : EventManager : Event: ======'mode_pilot_mission_qualifier_stopping'====== Args={}
2026-05-17 15:09:35,174 : INFO : EventManager : Event: ======'mode_shot_missed_callout_randomizer_will_stop'====== Args={}
2026-05-17 15:09:35,174 : INFO : EventManager : Event: ======'mode_shot_missed_callout_randomizer_stopping'====== Args={}
2026-05-17 15:09:35,175 : INFO : EventManager : Event: ======'mode_top_gun_multiball_locks_will_stop'====== Args={}
2026-05-17 15:09:35,175 : INFO : EventManager : Event: ======'mode_top_gun_multiball_locks_stopping'====== Args={}
2026-05-17 15:09:35,175 : INFO : EventManager : Event: ======'mode_shot_made_callout_randomizer_will_stop'====== Args={}
2026-05-17 15:09:35,175 : INFO : EventManager : Event: ======'mode_shot_made_callout_randomizer_stopping'====== Args={}
2026-05-17 15:09:35,175 : INFO : EventManager : Event: ======'mode_iceman_letters_will_stop'====== Args={}
2026-05-17 15:09:35,175 : INFO : EventManager : Event: ======'mode_iceman_letters_stopping'====== Args={}
2026-05-17 15:09:35,175 : INFO : EventManager : Event: ======'mode_hard_deck_qualifiers_will_stop'====== Args={}
2026-05-17 15:09:35,175 : INFO : EventManager : Event: ======'mode_hard_deck_qualifiers_stopping'====== Args={}
2026-05-17 15:09:35,175 : INFO : EventManager : Event: ======'mode_bumpers_will_stop'====== Args={}
2026-05-17 15:09:35,175 : INFO : EventManager : Event: ======'mode_bumpers_stopping'====== Args={}
2026-05-17 15:09:35,175 : INFO : EventManager : Event: ======'mode_mig_letters_will_stop'====== Args={}
2026-05-17 15:09:35,175 : INFO : EventManager : Event: ======'mode_mig_letters_stopping'====== Args={}
2026-05-17 15:09:35,175 : INFO : EventManager : Event: ======'mode_2x_playfield_will_stop'====== Args={}
2026-05-17 15:09:35,175 : INFO : EventManager : Event: ======'mode_2x_playfield_stopping'====== Args={}
2026-05-17 15:09:35,175 : INFO : EventManager : Event: ======'mode_base_will_stop'====== Args={}
2026-05-17 15:09:35,175 : INFO : EventManager : Event: ======'mode_base_stopping'====== Args={}
2026-05-17 15:09:35,175 : INFO : EventManager : Event: ======'mode_ball_save_will_stop'====== Args={}
2026-05-17 15:09:35,175 : INFO : EventManager : Event: ======'mode_ball_save_stopping'====== Args={}
2026-05-17 15:09:35,175 : INFO : EventManager : Event: ======'mode_bonus_will_stop'====== Args={}
2026-05-17 15:09:35,175 : INFO : EventManager : Event: ======'mode_bonus_stopping'====== Args={}
2026-05-17 15:09:35,175 : INFO : EventManager : Event: ======'mode_mach_scoring_will_stop'====== Args={}
2026-05-17 15:09:35,175 : INFO : EventManager : Event: ======'mode_mach_scoring_stopping'====== Args={}
2026-05-17 15:09:35,176 : INFO : coil.c_lock_diverter_magnet : Disabling Driver
2026-05-17 15:09:35,176 : INFO : Timer.lock_diverter_timeout : Stopping Timer
2026-05-17 15:09:35,177 : INFO : EventManager : Event: ======'timer_lock_diverter_timeout_stopped'====== Args={'ticks': 0, 'ticks_remaining': 0}
2026-05-17 15:09:35,177 : INFO : Timer.mb_mode_choice_timer : Stopping Timer
2026-05-17 15:09:35,177 : INFO : EventManager : Event: ======'timer_mb_mode_choice_timer_stopped'====== Args={'ticks': 15, 'ticks_remaining': 0}
2026-05-17 15:09:35,177 : INFO : Timer.lock_goose_debounce : Stopping Timer
2026-05-17 15:09:35,177 : INFO : EventManager : Event: ======'timer_lock_goose_debounce_stopped'====== Args={'ticks': 0, 'ticks_remaining': 0}
2026-05-17 15:09:35,177 : INFO : Timer.lock_mav_debounce : Stopping Timer
2026-05-17 15:09:35,177 : INFO : EventManager : Event: ======'timer_lock_mav_debounce_stopped'====== Args={'ticks': 0, 'ticks_remaining': 0}
2026-05-17 15:09:35,177 : INFO : Timer.lock_goose_callout_delay : Stopping Timer
2026-05-17 15:09:35,177 : INFO : EventManager : Event: ======'timer_lock_goose_callout_delay_stopped'====== Args={'ticks': 0, 'ticks_remaining': 0}
2026-05-17 15:09:35,177 : INFO : Timer.lock_goose_serve_delay : Stopping Timer
2026-05-17 15:09:35,177 : INFO : EventManager : Event: ======'timer_lock_goose_serve_delay_stopped'====== Args={'ticks': 0, 'ticks_remaining': 0}
2026-05-17 15:09:35,177 : INFO : Timer.lock_mav_mb_lit_callout_delay : Stopping Timer
2026-05-17 15:09:35,177 : INFO : EventManager : Event: ======'timer_lock_mav_mb_lit_callout_delay_stopped'====== Args={'ticks': 0, 'ticks_remaining': 0}
2026-05-17 15:09:35,177 : INFO : Timer.lock_mav_serve_delay : Stopping Timer
2026-05-17 15:09:35,177 : INFO : EventManager : Event: ======'timer_lock_mav_serve_delay_stopped'====== Args={'ticks': 0, 'ticks_remaining': 0}
2026-05-17 15:09:35,177 : INFO : Timer.lock_resume_arm : Stopping Timer
2026-05-17 15:09:35,178 : INFO : EventManager : Event: ======'timer_lock_resume_arm_stopped'====== Args={'ticks': 0, 'ticks_remaining': 0}
2026-05-17 15:09:35,178 : INFO : coil.c_left_lane_up_post : Disabling Driver
2026-05-17 15:09:35,178 : INFO : Timer.hd_training_choice_timer : Stopping Timer
2026-05-17 15:09:35,178 : INFO : EventManager : Event: ======'timer_hd_training_choice_timer_stopped'====== Args={'ticks': 15, 'ticks_remaining': 0}
2026-05-17 15:09:35,178 : INFO : EventManager : Event: ======'stop_mode_bumpers'====== Args={'priority': 0}
2026-05-17 15:09:35,178 : INFO : Mode.mach_scoring : Stopped.
2026-05-17 15:09:35,178 : INFO : EventManager : Event: ======'modes_active_modes_changed'====== Args={}
2026-05-17 15:09:35,179 : INFO : EventManager : Event: ======'mode_mach_scoring_stopped'====== Args={}
2026-05-17 15:09:35,179 : INFO : EventManager : Event: ======'clear'====== Args={'key': 'mach_scoring'}
2026-05-17 15:09:35,179 : INFO : Timer.mach_qualify_timer : Stopping Timer
2026-05-17 15:09:35,179 : INFO : EventManager : Event: ======'timer_mach_qualify_timer_stopped'====== Args={'ticks': 10, 'ticks_remaining': 0}
2026-05-17 15:09:35,179 : INFO : Timer.mach_timer : Stopping Timer
2026-05-17 15:09:35,179 : INFO : EventManager : Event: ======'timer_mach_timer_stopped'====== Args={'ticks': 20, 'ticks_remaining': 0}
2026-05-17 15:09:35,179 : INFO : Mode.bonus : Stopped.
2026-05-17 15:09:35,179 : INFO : EventManager : Event: ======'modes_active_modes_changed'====== Args={}
2026-05-17 15:09:35,180 : INFO : EventManager : Event: ======'mode_bonus_stopped'====== Args={}
2026-05-17 15:09:35,180 : INFO : EventManager : Event: ======'clear'====== Args={'key': 'bonus'}
2026-05-17 15:09:35,180 : INFO : Mode.ball_save : Stopped.
2026-05-17 15:09:35,180 : INFO : EventManager : Event: ======'modes_active_modes_changed'====== Args={}
2026-05-17 15:09:35,180 : INFO : EventManager : Event: ======'mode_ball_save_stopped'====== Args={}
2026-05-17 15:09:35,180 : INFO : EventManager : Event: ======'clear'====== Args={'key': 'ball_save'}
2026-05-17 15:09:35,180 : INFO : Timer.scoop_save_countdown : Stopping Timer
2026-05-17 15:09:35,181 : INFO : EventManager : Event: ======'timer_scoop_save_countdown_stopped'====== Args={'ticks': 0, 'ticks_remaining': 1}
2026-05-17 15:09:35,181 : INFO : Timer.ball_save_countdown : Stopping Timer
2026-05-17 15:09:35,181 : INFO : EventManager : Event: ======'timer_ball_save_countdown_stopped'====== Args={'ticks': 0, 'ticks_remaining': 1}
2026-05-17 15:09:35,181 : INFO : Timer.ball_save_auto_plunger_delay : Stopping Timer
2026-05-17 15:09:35,181 : INFO : EventManager : Event: ======'timer_ball_save_auto_plunger_delay_stopped'====== Args={'ticks': 0, 'ticks_remaining': 0}
2026-05-17 15:09:35,181 : INFO : Timer.mode_ball_save_countdown : Stopping Timer
2026-05-17 15:09:35,181 : INFO : EventManager : Event: ======'timer_mode_ball_save_countdown_stopped'====== Args={'ticks': 0, 'ticks_remaining': 1}
2026-05-17 15:09:35,181 : INFO : Timer.consecutive_save_window : Stopping Timer
2026-05-17 15:09:35,181 : INFO : EventManager : Event: ======'timer_consecutive_save_window_stopped'====== Args={'ticks': 20, 'ticks_remaining': 0}
2026-05-17 15:09:35,181 : INFO : Mode.base : Stopped.
2026-05-17 15:09:35,181 : INFO : EventManager : Event: ======'modes_active_modes_changed'====== Args={}
2026-05-17 15:09:35,182 : INFO : EventManager : Event: ======'mode_base_stopped'====== Args={}
2026-05-17 15:09:35,182 : INFO : EventManager : Event: ======'clear'====== Args={'key': 'base'}
2026-05-17 15:09:35,182 : INFO : Timer.wingman_post_win_plunge_delay : Stopping Timer
2026-05-17 15:09:35,183 : INFO : EventManager : Event: ======'timer_wingman_post_win_plunge_delay_stopped'====== Args={'ticks': 0, 'ticks_remaining': 0}
2026-05-17 15:09:35,183 : INFO : Timer.spinner_inactivity : Stopping Timer
2026-05-17 15:09:35,183 : INFO : EventManager : Event: ======'timer_spinner_inactivity_stopped'====== Args={'ticks': 0, 'ticks_remaining': 1}
2026-05-17 15:09:35,183 : INFO : Timer.wingman_post_win_mig_delay : Stopping Timer
2026-05-17 15:09:35,183 : INFO : EventManager : Event: ======'timer_wingman_post_win_mig_delay_stopped'====== Args={'ticks': 0, 'ticks_remaining': 0}
2026-05-17 15:09:35,183 : INFO : Timer.status_mode_entry : Stopping Timer
2026-05-17 15:09:35,183 : INFO : EventManager : Event: ======'timer_status_mode_entry_stopped'====== Args={'ticks': 0, 'ticks_remaining': 4}
2026-05-17 15:09:35,183 : INFO : Timer.wingman_post_win_mig_hold : Stopping Timer
2026-05-17 15:09:35,183 : INFO : EventManager : Event: ======'timer_wingman_post_win_mig_hold_stopped'====== Args={'ticks': 0, 'ticks_remaining': 0}
2026-05-17 15:09:35,183 : INFO : Mode.2x_playfield : Stopped.
2026-05-17 15:09:35,183 : INFO : EventManager : Event: ======'modes_active_modes_changed'====== Args={}
2026-05-17 15:09:35,183 : INFO : EventManager : Event: ======'mode_2x_playfield_stopped'====== Args={}
2026-05-17 15:09:35,183 : INFO : EventManager : Event: ======'clear'====== Args={'key': '2x_playfield'}
2026-05-17 15:09:35,183 : INFO : Timer.x2_playfield : Stopping Timer
2026-05-17 15:09:35,183 : INFO : EventManager : Event: ======'timer_x2_playfield_stopped'====== Args={'ticks': 90, 'ticks_remaining': 0}
2026-05-17 15:09:35,183 : INFO : Mode.mig_letters : Stopped.
2026-05-17 15:09:35,183 : INFO : EventManager : Event: ======'modes_active_modes_changed'====== Args={}
2026-05-17 15:09:35,183 : INFO : EventManager : Event: ======'mode_mig_letters_stopped'====== Args={}
2026-05-17 15:09:35,183 : INFO : EventManager : Event: ======'clear'====== Args={'key': 'mig_letters'}
2026-05-17 15:09:35,183 : INFO : Timer.mig_reset : Stopping Timer
2026-05-17 15:09:35,183 : INFO : EventManager : Event: ======'timer_mig_reset_stopped'====== Args={'ticks': 0, 'ticks_remaining': 0}
2026-05-17 15:09:35,185 : INFO : Mode.bumpers : Stopped.
2026-05-17 15:09:35,185 : INFO : EventManager : Event: ======'modes_active_modes_changed'====== Args={}
2026-05-17 15:09:35,185 : INFO : EventManager : Event: ======'mode_bumpers_stopped'====== Args={}
2026-05-17 15:09:35,185 : INFO : EventManager : Event: ======'clear'====== Args={'key': 'bumpers'}
2026-05-17 15:09:35,186 : INFO : Mode.hard_deck_qualifiers : Stopped.
2026-05-17 15:09:35,186 : INFO : EventManager : Event: ======'modes_active_modes_changed'====== Args={}
2026-05-17 15:09:35,187 : INFO : EventManager : Event: ======'mode_hard_deck_qualifiers_stopped'====== Args={}
2026-05-17 15:09:35,187 : INFO : EventManager : Event: ======'clear'====== Args={'key': 'hard_deck_qualifiers'}
2026-05-17 15:09:35,187 : INFO : Timer.hd_training_choice_timer : Stopping Timer
2026-05-17 15:09:35,187 : INFO : EventManager : Event: ======'timer_hd_training_choice_timer_stopped'====== Args={'ticks': 15, 'ticks_remaining': 0}
2026-05-17 15:09:35,187 : INFO : Mode.iceman_letters : Stopped.
2026-05-17 15:09:35,187 : INFO : EventManager : Event: ======'modes_active_modes_changed'====== Args={}
2026-05-17 15:09:35,189 : INFO : EventManager : Event: ======'mode_iceman_letters_stopped'====== Args={}
2026-05-17 15:09:35,189 : INFO : EventManager : Event: ======'clear'====== Args={'key': 'iceman_letters'}
2026-05-17 15:09:35,189 : INFO : Timer.right_mig_post_timer : Stopping Timer
2026-05-17 15:09:35,189 : INFO : EventManager : Event: ======'timer_right_mig_post_timer_stopped'====== Args={'ticks': 0, 'ticks_remaining': 0}
2026-05-17 15:09:35,189 : INFO : Timer.iceman_reset : Stopping Timer
2026-05-17 15:09:35,189 : INFO : EventManager : Event: ======'timer_iceman_reset_stopped'====== Args={'ticks': 0, 'ticks_remaining': 0}
2026-05-17 15:09:35,189 : INFO : Timer.right_orbit_lockout_timer : Stopping Timer
2026-05-17 15:09:35,189 : INFO : EventManager : Event: ======'timer_right_orbit_lockout_timer_stopped'====== Args={'ticks': 3, 'ticks_remaining': 1}
2026-05-17 15:09:35,189 : INFO : Timer.left_mig_post_timer : Stopping Timer
2026-05-17 15:09:35,189 : INFO : EventManager : Event: ======'timer_left_mig_post_timer_stopped'====== Args={'ticks': 0, 'ticks_remaining': 0}
2026-05-17 15:09:35,189 : INFO : Mode.shot_made_callout_randomizer : Stopped.
2026-05-17 15:09:35,189 : INFO : EventManager : Event: ======'modes_active_modes_changed'====== Args={}
2026-05-17 15:09:35,189 : INFO : EventManager : Event: ======'mode_shot_made_callout_randomizer_stopped'====== Args={}
2026-05-17 15:09:35,189 : INFO : EventManager : Event: ======'clear'====== Args={'key': 'shot_made_callout_randomizer'}
2026-05-17 15:09:35,189 : INFO : Mode.top_gun_multiball_locks : Stopped.
2026-05-17 15:09:35,189 : INFO : EventManager : Event: ======'modes_active_modes_changed'====== Args={}
2026-05-17 15:09:35,190 : INFO : EventManager : Event: ======'mode_top_gun_multiball_locks_stopped'====== Args={}
2026-05-17 15:09:35,190 : INFO : EventManager : Event: ======'clear'====== Args={'key': 'top_gun_multiball_locks'}
2026-05-17 15:09:35,191 : INFO : Timer.lock_mb_barrier_delay : Stopping Timer
2026-05-17 15:09:35,191 : INFO : EventManager : Event: ======'timer_lock_mb_barrier_delay_stopped'====== Args={'ticks': 0, 'ticks_remaining': 0}
2026-05-17 15:09:35,191 : INFO : Timer.lock_partial_callout_cooldown : Stopping Timer
2026-05-17 15:09:35,191 : INFO : EventManager : Event: ======'timer_lock_partial_callout_cooldown_stopped'====== Args={'ticks': 0, 'ticks_remaining': 0}
2026-05-17 15:09:35,191 : INFO : Timer.lock_goose_debounce : Stopping Timer
2026-05-17 15:09:35,191 : INFO : EventManager : Event: ======'timer_lock_goose_debounce_stopped'====== Args={'ticks': 0, 'ticks_remaining': 0}
2026-05-17 15:09:35,191 : INFO : Timer.lock_goose_serve_delay : Stopping Timer
2026-05-17 15:09:35,191 : INFO : EventManager : Event: ======'timer_lock_goose_serve_delay_stopped'====== Args={'ticks': 0, 'ticks_remaining': 0}
2026-05-17 15:09:35,191 : INFO : Timer.lock_resume_arm : Stopping Timer
2026-05-17 15:09:35,192 : INFO : EventManager : Event: ======'timer_lock_resume_arm_stopped'====== Args={'ticks': 0, 'ticks_remaining': 0}
2026-05-17 15:09:35,192 : INFO : Timer.lock_mb_eject_debounce : Stopping Timer
2026-05-17 15:09:35,192 : INFO : EventManager : Event: ======'timer_lock_mb_eject_debounce_stopped'====== Args={'ticks': 0, 'ticks_remaining': 0}
2026-05-17 15:09:35,193 : INFO : Timer.mb_mode_choice_timer : Stopping Timer
2026-05-17 15:09:35,193 : INFO : EventManager : Event: ======'timer_mb_mode_choice_timer_stopped'====== Args={'ticks': 15, 'ticks_remaining': 0}
2026-05-17 15:09:35,193 : INFO : Timer.lock_mav_debounce : Stopping Timer
2026-05-17 15:09:35,193 : INFO : EventManager : Event: ======'timer_lock_mav_debounce_stopped'====== Args={'ticks': 0, 'ticks_remaining': 0}
2026-05-17 15:09:35,193 : INFO : Timer.lock_mav_mb_lit_callout_delay : Stopping Timer
2026-05-17 15:09:35,193 : INFO : EventManager : Event: ======'timer_lock_mav_mb_lit_callout_delay_stopped'====== Args={'ticks': 0, 'ticks_remaining': 0}
2026-05-17 15:09:35,193 : INFO : Timer.lock_diverter_timeout : Stopping Timer
2026-05-17 15:09:35,193 : INFO : EventManager : Event: ======'timer_lock_diverter_timeout_stopped'====== Args={'ticks': 0, 'ticks_remaining': 0}
2026-05-17 15:09:35,193 : INFO : Timer.lock_mb_release_delay : Stopping Timer
2026-05-17 15:09:35,193 : INFO : EventManager : Event: ======'timer_lock_mb_release_delay_stopped'====== Args={'ticks': 0, 'ticks_remaining': 0}
2026-05-17 15:09:35,193 : INFO : Timer.lock_letter_sound_delay : Stopping Timer
2026-05-17 15:09:35,193 : INFO : EventManager : Event: ======'timer_lock_letter_sound_delay_stopped'====== Args={'ticks': 150, 'ticks_remaining': 1}
2026-05-17 15:09:35,194 : INFO : Timer.lock_goose_callout_delay : Stopping Timer
2026-05-17 15:09:35,194 : INFO : EventManager : Event: ======'timer_lock_goose_callout_delay_stopped'====== Args={'ticks': 0, 'ticks_remaining': 0}
2026-05-17 15:09:35,194 : INFO : Timer.lock_mav_serve_delay : Stopping Timer
2026-05-17 15:09:35,194 : INFO : EventManager : Event: ======'timer_lock_mav_serve_delay_stopped'====== Args={'ticks': 0, 'ticks_remaining': 0}
2026-05-17 15:09:35,194 : INFO : Mode.shot_missed_callout_randomizer : Stopped.
2026-05-17 15:09:35,194 : INFO : EventManager : Event: ======'modes_active_modes_changed'====== Args={}
2026-05-17 15:09:35,194 : INFO : EventManager : Event: ======'mode_shot_missed_callout_randomizer_stopped'====== Args={}
2026-05-17 15:09:35,194 : INFO : EventManager : Event: ======'clear'====== Args={'key': 'shot_missed_callout_randomizer'}
2026-05-17 15:09:35,194 : INFO : Mode.pilot_mission_qualifier : Stopped.
2026-05-17 15:09:35,194 : INFO : EventManager : Event: ======'modes_active_modes_changed'====== Args={}
2026-05-17 15:09:35,194 : INFO : coil.c_mode_barrier : Disabling Driver
2026-05-17 15:09:35,200 : INFO : EventManager : Event: ======'mode_pilot_mission_qualifier_stopped'====== Args={}
2026-05-17 15:09:35,200 : INFO : EventManager : Event: ======'clear'====== Args={'key': 'pilot_mission_qualifier'}
2026-05-17 15:09:35,200 : INFO : Timer.left_orbit_shot_timeout : Stopping Timer
2026-05-17 15:09:35,201 : INFO : EventManager : Event: ======'timer_left_orbit_shot_timeout_stopped'====== Args={'ticks': 3, 'ticks_remaining': 1}
2026-05-17 15:09:35,201 : INFO : Timer.orbit_shot_lockout_timer : Stopping Timer
2026-05-17 15:09:35,201 : INFO : EventManager : Event: ======'timer_orbit_shot_lockout_timer_stopped'====== Args={'ticks': 1, 'ticks_remaining': 1}
2026-05-17 15:09:35,201 : INFO : Timer.left_diverter_tl_hold : Stopping Timer
2026-05-17 15:09:35,201 : INFO : EventManager : Event: ======'timer_left_diverter_tl_hold_stopped'====== Args={'ticks': 0, 'ticks_remaining': 0}
2026-05-17 15:09:35,201 : INFO : Timer.topgun_ll_qualify_window : Stopping Timer
2026-05-17 15:09:35,201 : INFO : EventManager : Event: ======'timer_topgun_ll_qualify_window_stopped'====== Args={'ticks': 0, 'ticks_remaining': 0}
2026-05-17 15:09:35,201 : INFO : Timer.spinner_shot_timeout : Stopping Timer
2026-05-17 15:09:35,201 : INFO : EventManager : Event: ======'timer_spinner_shot_timeout_stopped'====== Args={'ticks': 2, 'ticks_remaining': 1}
2026-05-17 15:09:35,201 : INFO : Timer.right_orbit_shot_timeout : Stopping Timer
2026-05-17 15:09:35,201 : INFO : EventManager : Event: ======'timer_right_orbit_shot_timeout_stopped'====== Args={'ticks': 3, 'ticks_remaining': 1}
2026-05-17 15:09:35,201 : INFO : Timer.post_plunge_orbit_lockout : Stopping Timer
2026-05-17 15:09:35,201 : INFO : EventManager : Event: ======'timer_post_plunge_orbit_lockout_stopped'====== Args={'ticks': 3, 'ticks_remaining': 1}
2026-05-17 15:09:35,201 : INFO : Timer.global_scoop_eject_delay : Stopping Timer
2026-05-17 15:09:35,201 : INFO : EventManager : Event: ======'timer_global_scoop_eject_delay_stopped'====== Args={'ticks': 1, 'ticks_remaining': 1}
2026-05-17 15:09:35,201 : INFO : Timer.spinner_shot_lockout : Stopping Timer
2026-05-17 15:09:35,201 : INFO : EventManager : Event: ======'timer_spinner_shot_lockout_stopped'====== Args={'ticks': 2, 'ticks_remaining': 1}
2026-05-17 15:09:35,201 : INFO : Timer.inverted_bonus_topgun_delay : Stopping Timer
2026-05-17 15:09:35,202 : INFO : EventManager : Event: ======'timer_inverted_bonus_topgun_delay_stopped'====== Args={'ticks': 0, 'ticks_remaining': 0}
2026-05-17 15:09:35,202 : INFO : Timer.post_mb_barrier_restore : Stopping Timer
2026-05-17 15:09:35,202 : INFO : EventManager : Event: ======'timer_post_mb_barrier_restore_stopped'====== Args={'ticks': 0, 'ticks_remaining': 0}
2026-05-17 15:09:35,202 : INFO : Timer.skillshot_video_running : Stopping Timer
2026-05-17 15:09:35,202 : INFO : EventManager : Event: ======'timer_skillshot_video_running_stopped'====== Args={'ticks': 1, 'ticks_remaining': 1}
2026-05-17 15:09:35,202 : INFO : Mode.default_sounds : Stopped.
2026-05-17 15:09:35,202 : INFO : EventManager : Event: ======'modes_active_modes_changed'====== Args={}
2026-05-17 15:09:35,202 : INFO : EventManager : Event: ======'mode_default_sounds_stopped'====== Args={}
2026-05-17 15:09:35,202 : INFO : EventManager : Event: ======'clear'====== Args={'key': 'default_sounds'}
2026-05-17 15:09:35,202 : INFO : Mode.goose_letters : Stopped.
2026-05-17 15:09:35,202 : INFO : EventManager : Event: ======'modes_active_modes_changed'====== Args={}
2026-05-17 15:09:35,203 : INFO : EventManager : Event: ======'mode_goose_letters_stopped'====== Args={}
2026-05-17 15:09:35,203 : INFO : EventManager : Event: ======'clear'====== Args={'key': 'goose_letters'}
2026-05-17 15:09:35,203 : INFO : Timer.missile_fire_delay : Stopping Timer
2026-05-17 15:09:35,203 : INFO : EventManager : Event: ======'timer_missile_fire_delay_stopped'====== Args={'ticks': 0, 'ticks_remaining': 0}
2026-05-17 15:09:35,203 : INFO : Timer.goose_reset : Stopping Timer
2026-05-17 15:09:35,203 : INFO : EventManager : Event: ======'timer_goose_reset_stopped'====== Args={'ticks': 0, 'ticks_remaining': 0}
2026-05-17 15:09:35,203 : INFO : Timer.extra_ball_lit_slide_dismiss : Stopping Timer
2026-05-17 15:09:35,203 : INFO : EventManager : Event: ======'timer_extra_ball_lit_slide_dismiss_stopped'====== Args={'ticks': 0, 'ticks_remaining': 0}
2026-05-17 15:09:35,204 : INFO : Timer.left_diverter_tl_hold : Stopping Timer
2026-05-17 15:09:35,204 : INFO : EventManager : Event: ======'timer_left_diverter_tl_hold_stopped'====== Args={'ticks': 0, 'ticks_remaining': 0}
2026-05-17 15:09:35,205 : INFO : Mode.game : Stopped.
2026-05-17 15:09:35,205 : INFO : EventManager : Event: ======'modes_active_modes_changed'====== Args={}
2026-05-17 15:09:35,205 : INFO : EventManager : Event: ======'mode_game_stopped'====== Args={}
2026-05-17 15:09:35,205 : INFO : EventManager : Event: ======'clear'====== Args={'key': 'game'}
2026-05-17 15:09:35,321 : INFO : root : MPF run loop ended.
