2026-05-11 15:19:01,999 : INFO : root : Loading config.
2026-05-11 15:19:02,003 : INFO : YamlMultifileConfigLoader : Machine config file #1: config.yaml
2026-05-11 15:19:02,004 : INFO : ConfigProcessor : Loading config from cache: C:\Users\White\AppData\Local\Temp\39c4b34018bdb564eab7cf26b7f669ee.mpf_cache
2026-05-11 15:19:02,113 : INFO : ConfigProcessor : Loading config from cache: C:\Users\White\AppData\Local\Temp\dcfa5ee5b10d64a3b94fd534c1aa451d.mpf_cache
2026-05-11 15:19:02,114 : INFO : ConfigProcessor : Loading config from cache: C:\Users\White\AppData\Local\Temp\91cc4d1c993c58dc354e34974b9cfeac.mpf_cache
2026-05-11 15:19:02,115 : INFO : ConfigProcessor : Loading config from cache: C:\Users\White\AppData\Local\Temp\35b01af7767e50eba76da865e2d7f95a.mpf_cache
2026-05-11 15:19:02,116 : INFO : ConfigProcessor : Loading config from cache: C:\Users\White\AppData\Local\Temp\954a0964095d05f049666b24b311e3e0.mpf_cache
2026-05-11 15:19:02,117 : INFO : ConfigProcessor : Loading config from cache: C:\Users\White\AppData\Local\Temp\dcfa5ee5b10d64a3b94fd534c1aa451d.mpf_cache
2026-05-11 15:19:02,118 : INFO : ConfigProcessor : Loading config from cache: C:\Users\White\AppData\Local\Temp\a9244cf73bd1b995c8229a78fecf001a.mpf_cache
2026-05-11 15:19:02,118 : INFO : ConfigProcessor : Loading config from cache: C:\Users\White\AppData\Local\Temp\45fc6500cf8fab1ef48d0c2f81501272.mpf_cache
2026-05-11 15:19:02,119 : INFO : ConfigProcessor : Loading config from cache: C:\Users\White\AppData\Local\Temp\981e6839caefcab32cd6f1225f0b1dcf.mpf_cache
2026-05-11 15:19:02,120 : WARNING : ConfigProcessor : Config file in cache changed: C:\Users\White\documents\top_gun_pinball\modes\battle_jester\config\battle_jester.yaml
2026-05-11 15:19:02,120 : INFO : ConfigProcessor : Loading config from file C:\Users\White\documents\top_gun_pinball\modes\battle_jester\config\battle_jester.yaml.
2026-05-11 15:19:02,193 : INFO : ConfigProcessor : Loading config: C:\Users\White\documents\top_gun_pinball\modes\battle_jester\config\battle_jester.yaml
2026-05-11 15:19:02,198 : INFO : ConfigProcessor : Config file cache created: C:\Users\White\AppData\Local\Temp\78ac3c6ac2705ccef0aca6223f38636a.mpf_cache
2026-05-11 15:19:02,199 : INFO : ConfigProcessor : Loading config from cache: C:\Users\White\AppData\Local\Temp\c416412e55ae5fd88a59da82f1a69a10.mpf_cache
2026-05-11 15:19:02,200 : INFO : ConfigProcessor : Loading config from cache: C:\Users\White\AppData\Local\Temp\a859aaec01fc9eda8e384946277a1be9.mpf_cache
2026-05-11 15:19:02,201 : INFO : ConfigProcessor : Loading config from cache: C:\Users\White\AppData\Local\Temp\3a2f2089f214eeb3c016e23cf6937b46.mpf_cache
2026-05-11 15:19:02,202 : INFO : ConfigProcessor : Loading config from cache: C:\Users\White\AppData\Local\Temp\6a827c2f81d5d6872a5c3d42d5788ee1.mpf_cache
2026-05-11 15:19:02,223 : INFO : ConfigProcessor : Loading config from cache: C:\Users\White\AppData\Local\Temp\d70718505753edc7bfae94d93c7e0d17.mpf_cache
2026-05-11 15:19:02,225 : INFO : ConfigProcessor : Loading config from cache: C:\Users\White\AppData\Local\Temp\824f161cac9e4c9f1443132020691281.mpf_cache
2026-05-11 15:19:02,225 : INFO : ConfigProcessor : Loading config from cache: C:\Users\White\AppData\Local\Temp\cd2c211e15a4dbebeef94e6a26e93112.mpf_cache
2026-05-11 15:19:02,226 : INFO : ConfigProcessor : Loading config from cache: C:\Users\White\AppData\Local\Temp\ba6e93360aa60032a4b7b34f9cffdce0.mpf_cache
2026-05-11 15:19:02,227 : INFO : ConfigProcessor : Loading config from cache: C:\Users\White\AppData\Local\Temp\4b9937c7976ed5cd1d24a4fa4018324b.mpf_cache
2026-05-11 15:19:02,228 : INFO : ConfigProcessor : Loading config from cache: C:\Users\White\AppData\Local\Temp\a41099aaa8931854bf7aeb1131eb25f5.mpf_cache
2026-05-11 15:19:02,229 : INFO : ConfigProcessor : Loading config from cache: C:\Users\White\AppData\Local\Temp\4db056afb6ae3257643d7cc331e05161.mpf_cache
2026-05-11 15:19:02,231 : INFO : ConfigProcessor : Loading config from cache: C:\Users\White\AppData\Local\Temp\a18f6718f5a170b21c37bd725ebae781.mpf_cache
2026-05-11 15:19:02,233 : INFO : ConfigProcessor : Loading config from cache: C:\Users\White\AppData\Local\Temp\8709151c8d2d3863b5fceda4c115c736.mpf_cache
2026-05-11 15:19:02,234 : INFO : ConfigProcessor : Loading config from cache: C:\Users\White\AppData\Local\Temp\769cd60133e5c0b9a985e6e3690a3631.mpf_cache
2026-05-11 15:19:02,234 : INFO : ConfigProcessor : Loading config from cache: C:\Users\White\AppData\Local\Temp\3d468c7cedf90be47a7d01e42bb936d2.mpf_cache
2026-05-11 15:19:02,235 : INFO : ConfigProcessor : Loading config from cache: C:\Users\White\AppData\Local\Temp\40a956b62e63adb1fd6230e070cc416f.mpf_cache
2026-05-11 15:19:02,236 : INFO : ConfigProcessor : Loading config from cache: C:\Users\White\AppData\Local\Temp\88387b71764ec8c6867c539ea54a2040.mpf_cache
2026-05-11 15:19:02,237 : INFO : ConfigProcessor : Loading config from cache: C:\Users\White\AppData\Local\Temp\2b752b47ed38224cd6b4953549e961ec.mpf_cache
2026-05-11 15:19:02,240 : INFO : ConfigProcessor : Loading config from cache: C:\Users\White\AppData\Local\Temp\bc5a83a7db04a21de896bef4617be537.mpf_cache
2026-05-11 15:19:02,242 : INFO : ConfigProcessor : Loading config from cache: C:\Users\White\AppData\Local\Temp\f74d72009f4dabec10fde825e0863a15.mpf_cache
2026-05-11 15:19:02,243 : INFO : ConfigProcessor : Loading config from cache: C:\Users\White\AppData\Local\Temp\66496f3db5355e441b1bd8ecccd57f05.mpf_cache
2026-05-11 15:19:02,261 : INFO : ConfigProcessor : Loading config from cache: C:\Users\White\AppData\Local\Temp\0ae832768984a3aa01ae31edc15ba990.mpf_cache
2026-05-11 15:19:02,262 : INFO : ConfigProcessor : Loading config from cache: C:\Users\White\AppData\Local\Temp\9c1b225c26aeb4cc019e2ce322947706.mpf_cache
2026-05-11 15:19:02,264 : INFO : ConfigProcessor : Loading config from cache: C:\Users\White\AppData\Local\Temp\cd7a088f79b0efe4ef0e6c248f30ea7a.mpf_cache
2026-05-11 15:19:02,266 : INFO : ConfigProcessor : Loading config from cache: C:\Users\White\AppData\Local\Temp\9ea7462f1dcba752602eb310d0ad4a44.mpf_cache
2026-05-11 15:19:02,268 : INFO : ConfigProcessor : Loading config from cache: C:\Users\White\AppData\Local\Temp\96651e0be7a1992a8a7abf26a9350bb6.mpf_cache
2026-05-11 15:19:02,269 : INFO : ConfigProcessor : Loading config from cache: C:\Users\White\AppData\Local\Temp\cbfc37a30bf6aa1a7a2aa4e455a94298.mpf_cache
2026-05-11 15:19:02,270 : INFO : ConfigProcessor : Loading config from cache: C:\Users\White\AppData\Local\Temp\fccb93411cf20b3ccac68b1dad0cbb88.mpf_cache
2026-05-11 15:19:02,271 : INFO : ConfigProcessor : Loading config from cache: C:\Users\White\AppData\Local\Temp\e16268268679c5881d2554ba916948dd.mpf_cache
2026-05-11 15:19:02,273 : INFO : ConfigProcessor : Loading config from cache: C:\Users\White\AppData\Local\Temp\81f3f7be5108efd0b69d2cf71a558028.mpf_cache
2026-05-11 15:19:02,274 : INFO : ConfigProcessor : Loading config from cache: C:\Users\White\AppData\Local\Temp\a97027ed54ab7f7f55eb3caa54f968f3.mpf_cache
2026-05-11 15:19:02,275 : INFO : ConfigProcessor : Loading config from cache: C:\Users\White\AppData\Local\Temp\fd6f0b40037ebf84651c592cbc8bc03a.mpf_cache
2026-05-11 15:19:02,275 : INFO : ConfigProcessor : Loading config from cache: C:\Users\White\AppData\Local\Temp\e1cebbcae09bac7286b592746f768daa.mpf_cache
2026-05-11 15:19:02,276 : INFO : ConfigProcessor : Loading config from cache: C:\Users\White\AppData\Local\Temp\55d5943d63961b44af3f854c02c721ad.mpf_cache
2026-05-11 15:19:02,277 : INFO : ConfigProcessor : Loading config from cache: C:\Users\White\AppData\Local\Temp\43f523791758ce46d2ad099d1ecb5a1a.mpf_cache
2026-05-11 15:19:02,279 : INFO : ConfigProcessor : Loading config from cache: C:\Users\White\AppData\Local\Temp\be0cea2a7d47c7cf979c3644b39972ab.mpf_cache
2026-05-11 15:19:02,279 : INFO : ConfigProcessor : Loading config from cache: C:\Users\White\AppData\Local\Temp\8f22b463b668cef8fc8e91f8271e08dd.mpf_cache
2026-05-11 15:19:02,282 : INFO : ConfigProcessor : Loading config from cache: C:\Users\White\AppData\Local\Temp\9ac10604873d355c34af0d8445abb8db.mpf_cache
2026-05-11 15:19:02,284 : INFO : ConfigProcessor : Loading config from cache: C:\Users\White\AppData\Local\Temp\77e3efdaa7991fde2ded950a578d622d.mpf_cache
2026-05-11 15:19:02,287 : INFO : ConfigProcessor : Loading config from cache: C:\Users\White\AppData\Local\Temp\19da4e94fc5ce3c5f810a9c7463c1354.mpf_cache
2026-05-11 15:19:02,287 : INFO : ConfigProcessor : Loading config from cache: C:\Users\White\AppData\Local\Temp\4443efc54f3a5f57a313f4078fbddd50.mpf_cache
2026-05-11 15:19:02,290 : INFO : ConfigProcessor : Loading config from cache: C:\Users\White\AppData\Local\Temp\88f72734ea72fc22245e5b82d5a75cb6.mpf_cache
2026-05-11 15:19:02,292 : INFO : ConfigProcessor : Loading config from cache: C:\Users\White\AppData\Local\Temp\2b3f78690e4e473b8e5df94cdc0ab039.mpf_cache
2026-05-11 15:19:02,293 : INFO : ConfigProcessor : Loading config from cache: C:\Users\White\AppData\Local\Temp\fa987fd2c3266ab64543e0b64578d739.mpf_cache
2026-05-11 15:19:02,296 : INFO : ConfigProcessor : Loading config from cache: C:\Users\White\AppData\Local\Temp\f26c5a15de77ef0685e209821eddbe7d.mpf_cache
2026-05-11 15:19:02,299 : INFO : ConfigProcessor : Loading config from cache: C:\Users\White\AppData\Local\Temp\c2c1510818de090aac140fad4cc773a2.mpf_cache
2026-05-11 15:19:02,300 : INFO : ConfigProcessor : Loading config from cache: C:\Users\White\AppData\Local\Temp\98d3d7eb23a2f141af3b9c324af06e38.mpf_cache
2026-05-11 15:19:02,307 : INFO : ConfigProcessor : Loading config from cache: C:\Users\White\AppData\Local\Temp\9a3b340b295c94e005fb29d2d35803d1.mpf_cache
2026-05-11 15:19:02,312 : INFO : ConfigProcessor : Loading config from cache: C:\Users\White\AppData\Local\Temp\6a788fdfb83194d81af99a12c59a319a.mpf_cache
2026-05-11 15:19:02,316 : INFO : ConfigProcessor : Loading config from cache: C:\Users\White\AppData\Local\Temp\2fe82acdc56ea652ff3066fd375b17fa.mpf_cache
2026-05-11 15:19:02,318 : INFO : ConfigProcessor : Loading config from cache: C:\Users\White\AppData\Local\Temp\d567fbe46807f36791c9019d207c2440.mpf_cache
2026-05-11 15:19:02,320 : INFO : ConfigProcessor : Loading config from cache: C:\Users\White\AppData\Local\Temp\b81a2f9431aaa1a40681603f4f13c3d2.mpf_cache
2026-05-11 15:19:02,320 : INFO : ConfigProcessor : Loading config from cache: C:\Users\White\AppData\Local\Temp\92e144f57e074048034118dddced307a.mpf_cache
2026-05-11 15:19:02,321 : INFO : ConfigProcessor : Loading config from cache: C:\Users\White\AppData\Local\Temp\4e3068d09bb0285319ebd926b91ae940.mpf_cache
2026-05-11 15:19:02,323 : INFO : ConfigProcessor : Loading config from cache: C:\Users\White\AppData\Local\Temp\e5ea79f25cd6e043f8fb75b2032d482e.mpf_cache
2026-05-11 15:19:02,323 : INFO : ConfigProcessor : Loading config from cache: C:\Users\White\AppData\Local\Temp\9947d160cef245c9a8496495e8a78885.mpf_cache
2026-05-11 15:19:02,324 : INFO : ConfigProcessor : Loading config from cache: C:\Users\White\AppData\Local\Temp\923f5edd3096433804c151ef9ced7fb1.mpf_cache
2026-05-11 15:19:02,325 : INFO : ConfigProcessor : Loading config from cache: C:\Users\White\AppData\Local\Temp\669bfab06c6aa3a1674b0f4b50ae7a3c.mpf_cache
2026-05-11 15:19:02,325 : INFO : ConfigProcessor : Loading config from cache: C:\Users\White\AppData\Local\Temp\81e3ac1306f02cfb95eeca67698417dc.mpf_cache
2026-05-11 15:19:02,326 : INFO : ConfigProcessor : Loading config from cache: C:\Users\White\AppData\Local\Temp\a6fe037899bc77554e846472e6476319.mpf_cache
2026-05-11 15:19:02,327 : INFO : ConfigProcessor : Loading config from cache: C:\Users\White\AppData\Local\Temp\cd20ab9d6bcfc3d94797e381db389ad9.mpf_cache
2026-05-11 15:19:02,328 : INFO : ConfigProcessor : Loading config from cache: C:\Users\White\AppData\Local\Temp\d763b47a22b017336bfbe57a6af89149.mpf_cache
2026-05-11 15:19:02,329 : INFO : ConfigProcessor : Loading config from cache: C:\Users\White\AppData\Local\Temp\386baade319655b6aedfa45ddbf562f0.mpf_cache
2026-05-11 15:19:02,331 : INFO : ConfigProcessor : Loading config from cache: C:\Users\White\AppData\Local\Temp\f939ce46d02c41a03afd31c4270c8c55.mpf_cache
2026-05-11 15:19:02,332 : INFO : ConfigProcessor : Loading config from cache: C:\Users\White\AppData\Local\Temp\59ab671ab96a4594304638e27b0542c8.mpf_cache
2026-05-11 15:19:02,333 : INFO : ConfigProcessor : Loading config from cache: C:\Users\White\AppData\Local\Temp\0ba5adb65e1d75578edd80699100c28e.mpf_cache
2026-05-11 15:19:02,334 : INFO : ConfigProcessor : Loading config from cache: C:\Users\White\AppData\Local\Temp\b5471f08be9278463d25e3c2f06df8dd.mpf_cache
2026-05-11 15:19:02,334 : INFO : ConfigProcessor : Loading config from cache: C:\Users\White\AppData\Local\Temp\e9dfca965102979619879287aaffd4da.mpf_cache
2026-05-11 15:19:02,335 : INFO : ConfigProcessor : Loading config from cache: C:\Users\White\AppData\Local\Temp\ce1ea71bb3ca3937ce71fdff0b263bdb.mpf_cache
2026-05-11 15:19:02,336 : INFO : ConfigProcessor : Loading config from cache: C:\Users\White\AppData\Local\Temp\29b7b020f0513127005b35e19f0d78e3.mpf_cache
2026-05-11 15:19:02,336 : INFO : ConfigProcessor : Loading config from cache: C:\Users\White\AppData\Local\Temp\a19f4094f571d5e3f4a6bb0d76ddc2bd.mpf_cache
2026-05-11 15:19:02,337 : INFO : ConfigProcessor : Loading config from cache: C:\Users\White\AppData\Local\Temp\2df17da133132edc82ded3ea13a7f2d2.mpf_cache
2026-05-11 15:19:02,338 : INFO : ConfigProcessor : Loading config from cache: C:\Users\White\AppData\Local\Temp\6e45c09d2e2fb19b3ec22c705aafb8a5.mpf_cache
2026-05-11 15:19:02,338 : INFO : ConfigProcessor : Loading config from cache: C:\Users\White\AppData\Local\Temp\e8d87e5ea50ea035195c03c37d485b96.mpf_cache
2026-05-11 15:19:02,339 : INFO : ConfigProcessor : Loading config from cache: C:\Users\White\AppData\Local\Temp\19e4bb8a4a9bf220e72c77e0c232cd72.mpf_cache
2026-05-11 15:19:02,340 : INFO : ConfigProcessor : Loading config from cache: C:\Users\White\AppData\Local\Temp\3719082fa9c5864b8378f7ec54f99cf0.mpf_cache
2026-05-11 15:19:02,340 : INFO : ConfigProcessor : Loading config from cache: C:\Users\White\AppData\Local\Temp\49cfb4bed9324bfe32f6074e3237ab91.mpf_cache
2026-05-11 15:19:02,341 : INFO : ConfigProcessor : Loading config from cache: C:\Users\White\AppData\Local\Temp\a3c5a80388cfc77cd0b14076a224a42b.mpf_cache
2026-05-11 15:19:02,344 : INFO : ConfigProcessor : Loading config from cache: C:\Users\White\AppData\Local\Temp\a48c8ce24f2758d196071669d149efd3.mpf_cache
2026-05-11 15:19:02,344 : INFO : ConfigProcessor : Loading config from cache: C:\Users\White\AppData\Local\Temp\1ed53c621b8f6af903a3041468102589.mpf_cache
2026-05-11 15:19:02,345 : INFO : ConfigProcessor : Loading config from cache: C:\Users\White\AppData\Local\Temp\41a845a48ffaa7677954152e6e297d40.mpf_cache
2026-05-11 15:19:02,345 : INFO : ConfigProcessor : Loading config from cache: C:\Users\White\AppData\Local\Temp\45a44881320e4c811d0578688ed7af5f.mpf_cache
2026-05-11 15:19:02,346 : INFO : ConfigProcessor : Loading config from cache: C:\Users\White\AppData\Local\Temp\b17acfedfaf18761d1b243a909fa6e25.mpf_cache
2026-05-11 15:19:02,346 : INFO : ConfigProcessor : Loading config from cache: C:\Users\White\AppData\Local\Temp\0352b9b582e3dca83b90b72973f30cb3.mpf_cache
2026-05-11 15:19:02,347 : INFO : ConfigProcessor : Loading config from cache: C:\Users\White\AppData\Local\Temp\5f9963cc4a0205527c292dff60ac95bf.mpf_cache
2026-05-11 15:19:02,347 : INFO : ConfigProcessor : Loading config from cache: C:\Users\White\AppData\Local\Temp\7d9d3a879fccd9ce7a432e5bad71a77d.mpf_cache
2026-05-11 15:19:02,348 : INFO : ConfigProcessor : Loading config from cache: C:\Users\White\AppData\Local\Temp\43a2267f77020b63ca7745b7b3fb05c5.mpf_cache
2026-05-11 15:19:02,349 : INFO : ConfigProcessor : Loading config from cache: C:\Users\White\AppData\Local\Temp\37a4804cb847e12400be24a6c2bfa250.mpf_cache
2026-05-11 15:19:02,352 : INFO : ConfigProcessor : Loading config from cache: C:\Users\White\AppData\Local\Temp\63828b82b94aa94cbe7d3a7a04305cb7.mpf_cache
2026-05-11 15:19:02,352 : INFO : ConfigProcessor : Loading config from cache: C:\Users\White\AppData\Local\Temp\c6c68f34067f4d4cd8da7c0d895bd8a2.mpf_cache
2026-05-11 15:19:02,354 : INFO : ConfigProcessor : Loading config from cache: C:\Users\White\AppData\Local\Temp\0420af4d870b9d4dca0c113858eeb892.mpf_cache
2026-05-11 15:19:02,354 : INFO : ConfigProcessor : Loading config from cache: C:\Users\White\AppData\Local\Temp\29db96f2862a8d571fce5d97e7bfa998.mpf_cache
2026-05-11 15:19:02,356 : INFO : ConfigProcessor : Loading config from cache: C:\Users\White\AppData\Local\Temp\c4e65309e05241fe1ada1112ae55c9ef.mpf_cache
2026-05-11 15:19:02,357 : INFO : ConfigProcessor : Loading config from cache: C:\Users\White\AppData\Local\Temp\bcabc7c4504a6189bbb8c27e26d16460.mpf_cache
2026-05-11 15:19:02,357 : INFO : ConfigProcessor : Loading config from cache: C:\Users\White\AppData\Local\Temp\6855b42a221992257d709a7391c0c3e8.mpf_cache
2026-05-11 15:19:02,358 : INFO : Machine : Mission Pinball Framework Core Engine v0.80.0.dev11
2026-05-11 15:19:02,358 : INFO : Machine : Command line arguments: {'no_load_cache': False, 'create_config_cache': True, 'bcp': True, 'configfile': ['config.yaml'], 'force_assets_load': False, 'platform_integration_test': False, 'jsonlogging': False, 'logfile': 'logs\\2026-05-11-15-19-01-mpf-TopGunPinball.log', 'pause': False, 'production': False, 'text_ui': False, 'loglevel': 15, 'consoleloglevel': 20, 'force_platform': None, 'syslog_address': None, 'full_logfile_path': 'C:\\Users\\White\\documents\\top_gun_pinball\\logs\\2026-05-11-15-19-01-mpf-TopGunPinball.log'}
2026-05-11 15:19:02,358 : INFO : Machine : MPF path: C:\Users\White\mpf\Lib\site-packages\mpf
2026-05-11 15:19:02,358 : INFO : Machine : Machine path: C:\Users\White\documents\top_gun_pinball
2026-05-11 15:19:02,358 : INFO : Machine : Platform: win32
2026-05-11 15:19:02,358 : INFO : Machine : Python executable location: C:\Users\White\mpf\Scripts\python.exe
2026-05-11 15:19:02,358 : INFO : Machine : Python version: 3.12.7 (64-bit)
2026-05-11 15:19:02,360 : INFO : Machine : Initializing MPF...
2026-05-11 15:19:02,475 : INFO : FAST : Auto-detecting ports for the following connections: ['net', 'exp', 'aud']
2026-05-11 15:19:03,086 : INFO : FAST : Detected AUD on port COM7
2026-05-11 15:19:03,086 : INFO : FAST : Detected NET on port COM3
2026-05-11 15:19:03,089 : INFO : FAST : Detected EXP on port COM4
2026-05-11 15:19:03,197 : INFO : FAST [NET] : Trying to connect to COM3 at 921600bps
2026-05-11 15:19:03,273 : INFO : FAST [NET] : Connected to COM3 at 921600bps
2026-05-11 15:19:03,290 : INFO : FAST [NET] : Connected to FP-CPU-2000 with firmware v02.26
2026-05-11 15:19:03,321 : INFO : FAST [NET] : Registered I/O Board 0: Model: FP-I/O-0024, Firmware: 01.10, Switches: 24, Drivers: 8
2026-05-11 15:19:03,336 : INFO : FAST [NET] : Registered I/O Board 1: Model: FP-I/O-3208, Firmware: 01.10, Switches: 32, Drivers: 8
2026-05-11 15:19:03,352 : INFO : FAST [NET] : Registered I/O Board 2: Model: FP-I/O-3208, Firmware: 01.10, Switches: 32, Drivers: 8
2026-05-11 15:19:03,368 : INFO : FAST [NET] : Registered I/O Board 3: Model: FP-I/O-0804, Firmware: 01.10, Switches: 8, Drivers: 4
2026-05-11 15:19:03,384 : INFO : FAST [NET] : Registered I/O Board 4: Model: FP-I/O-0804, Firmware: 01.10, Switches: 8, Drivers: 4
2026-05-11 15:19:03,387 : INFO : FAST [EXP] : Trying to connect to COM4 at 921600bps
2026-05-11 15:19:03,463 : INFO : FAST [EXP] : Connected to COM4 at 921600bps
2026-05-11 15:19:03,478 : INFO : FAST [EXP] : Verifying hardware for EXP "neuron" (FP-EXP-2000, @48) with ID string "EXP FP-EXP-2000  0.38", board address 48
2026-05-11 15:19:03,494 : INFO : FAST [EXP] : Verifying hardware for EXP "neuron" (FP-EXP-2000, @48) with ID string "LED FP-BRK-0001  0.8", board address 480
2026-05-11 15:19:03,526 : INFO : FAST [EXP] : Verifying hardware for EXP "light_expansion_board" (FP-EXP-0071, @B4) with ID string "EXP FP-EXP-0071  0.38", board address B4
2026-05-11 15:19:03,542 : INFO : FAST [EXP] : Verifying hardware for EXP "light_expansion_board" (FP-EXP-0071, @B4) with ID string "BRK FP-EXP-0071  0.38", board address B40
2026-05-11 15:19:03,574 : INFO : FAST [EXP] : Verifying hardware for EXP "shaker_board" (FP-EXP-1313, @30) with ID string "EXP FP-EXP-1313  0.48", board address 30
2026-05-11 15:19:03,589 : INFO : FAST [EXP] : Verifying hardware for EXP "shaker_board" (FP-EXP-1313, @30) with ID string "BRK FP-EXP-1313  0.48", board address 300
2026-05-11 15:19:03,606 : INFO : FAST [AUD] : Trying to connect to COM7 at 230400bps
2026-05-11 15:19:03,741 : INFO : FAST [AUD] : Connected to COM7 at 230400bps
2026-05-11 15:19:03,742 : WARNING : FAST [AUD] : Received XX response:F
2026-05-11 15:19:03,742 : WARNING : FAST [AUD] : Received XX response:F
2026-05-11 15:19:03,742 : WARNING : FAST [AUD] : Received XX response:F
2026-05-11 15:19:03,742 : WARNING : FAST [AUD] : Received XX response:F
2026-05-11 15:19:03,742 : INFO : FAST [AUD] : Connected to FP-AUD-0099 with firmware v0.10
2026-05-11 15:19:03,744 : INFO : EventManager : Event: ======'machine_var_credits_string'====== Args={'value': 'FREE PLAY', 'prev_value': None, 'change': True}
2026-05-11 15:19:03,775 : INFO : EventManager : Event: ======'machine_var_audit_balls_played'====== Args={'value': 0, 'prev_value': None, 'change': True}
2026-05-11 15:19:03,775 : INFO : EventManager : Event: ======'machine_var_audit_games_played'====== Args={'value': 0, 'prev_value': None, 'change': True}
2026-05-11 15:19:03,775 : INFO : EventManager : Event: ======'machine_var_audit_high_score'====== Args={'value': 0, 'prev_value': None, 'change': True}
2026-05-11 15:19:03,776 : INFO : EventManager : Event: ======'machine_var_audit_total_game_time'====== Args={'value': 0, 'prev_value': None, 'change': True}
2026-05-11 15:19:03,776 : INFO : EventManager : Event: ======'machine_var_audit_total_plays'====== Args={'value': 0, 'prev_value': None, 'change': True}
2026-05-11 15:19:03,776 : INFO : EventManager : Event: ======'machine_var_fast_audio_headphones_volume'====== Args={'value': 50, 'prev_value': None, 'change': True}
2026-05-11 15:19:03,776 : INFO : EventManager : Event: ======'machine_var_fast_audio_main_volume'====== Args={'value': 40, 'prev_value': None, 'change': True}
2026-05-11 15:19:03,776 : INFO : EventManager : Event: ======'machine_var_master_volume'====== Args={'value': 0.5, 'prev_value': None, 'change': True}
2026-05-11 15:19:03,776 : INFO : EventManager : Event: ======'machine_var_player1_score'====== Args={'value': 9575250, 'prev_value': None, 'change': True}
2026-05-11 15:19:03,776 : INFO : EventManager : Event: ======'machine_var_service_menu_level'====== Args={'value': 0, 'prev_value': None, 'change': True}
2026-05-11 15:19:03,776 : INFO : EventManager : Event: ======'machine_var_service_main_index'====== Args={'value': 0, 'prev_value': None, 'change': True}
2026-05-11 15:19:03,776 : INFO : EventManager : Event: ======'machine_var_service_switch_index'====== Args={'value': 0, 'prev_value': None, 'change': True}
2026-05-11 15:19:03,776 : INFO : EventManager : Event: ======'machine_var_service_coil_index'====== Args={'value': 0, 'prev_value': None, 'change': True}
2026-05-11 15:19:03,776 : INFO : EventManager : Event: ======'machine_var_service_light_index'====== Args={'value': 0, 'prev_value': None, 'change': True}
2026-05-11 15:19:03,776 : INFO : EventManager : Event: ======'machine_var_service_light_color_index'====== Args={'value': 0, 'prev_value': None, 'change': True}
2026-05-11 15:19:03,776 : INFO : EventManager : Event: ======'machine_var_service_adjustment_index'====== Args={'value': 0, 'prev_value': None, 'change': True}
2026-05-11 15:19:03,776 : INFO : EventManager : Event: ======'machine_var_service_audit_index'====== Args={'value': 0, 'prev_value': None, 'change': True}
2026-05-11 15:19:03,777 : INFO : EventManager : Event: ======'machine_var_service_feature_index'====== Args={'value': 0, 'prev_value': None, 'change': True}
2026-05-11 15:19:03,777 : INFO : EventManager : Event: ======'machine_var_service_main_text'====== Args={'value': 'SWITCH TEST', 'prev_value': None, 'change': True}
2026-05-11 15:19:03,777 : INFO : EventManager : Event: ======'machine_var_service_switch_name'====== Args={'value': 'Start Button', 'prev_value': None, 'change': True}
2026-05-11 15:19:03,777 : INFO : EventManager : Event: ======'machine_var_service_switch_num'====== Args={'value': 'Switch 1/63', 'prev_value': None, 'change': True}
2026-05-11 15:19:03,777 : INFO : EventManager : Event: ======'machine_var_service_switch_state'====== Args={'value': 'OPEN', 'prev_value': None, 'change': True}
2026-05-11 15:19:03,777 : INFO : EventManager : Event: ======'machine_var_service_coil_name'====== Args={'value': 'Left Flipper', 'prev_value': None, 'change': True}
2026-05-11 15:19:03,777 : INFO : EventManager : Event: ======'machine_var_service_coil_num'====== Args={'value': 'Coil 1/22', 'prev_value': None, 'change': True}
2026-05-11 15:19:03,777 : INFO : EventManager : Event: ======'machine_var_service_light_name'====== Args={'value': 'Eject Insert', 'prev_value': None, 'change': True}
2026-05-11 15:19:03,777 : INFO : EventManager : Event: ======'machine_var_service_light_num'====== Args={'value': 'Light 1/91', 'prev_value': None, 'change': True}
2026-05-11 15:19:03,777 : INFO : EventManager : Event: ======'machine_var_service_servo_index'====== Args={'value': 0, 'prev_value': None, 'change': True}
2026-05-11 15:19:03,777 : INFO : EventManager : Event: ======'machine_var_service_servo_name'====== Args={'value': 'Right Ramp', 'prev_value': None, 'change': True}
2026-05-11 15:19:03,777 : INFO : EventManager : Event: ======'machine_var_service_servo_num'====== Args={'value': 'Servo 1/6', 'prev_value': None, 'change': True}
2026-05-11 15:19:03,777 : INFO : EventManager : Event: ======'machine_var_service_servo_position'====== Args={'value': 'Pos: 0.05', 'prev_value': None, 'change': True}
2026-05-11 15:19:03,777 : INFO : EventManager : Event: ======'machine_var_service_adjustment_name'====== Args={'value': 'Balls Per Game', 'prev_value': None, 'change': True}
2026-05-11 15:19:03,777 : INFO : EventManager : Event: ======'machine_var_service_adjustment_num'====== Args={'value': 'Setting 1/15', 'prev_value': None, 'change': True}
2026-05-11 15:19:03,778 : INFO : EventManager : Event: ======'machine_var_service_audit_name'====== Args={'value': 'Games Played', 'prev_value': None, 'change': True}
2026-05-11 15:19:03,778 : INFO : EventManager : Event: ======'machine_var_service_audit_num'====== Args={'value': 'Audit 1/10', 'prev_value': None, 'change': True}
2026-05-11 15:19:03,778 : INFO : EventManager : Event: ======'machine_var_service_feature_name'====== Args={'value': 'Pilot Mode Timer', 'prev_value': None, 'change': True}
2026-05-11 15:19:03,778 : INFO : EventManager : Event: ======'machine_var_service_feature_num'====== Args={'value': 'Feature 1/10', 'prev_value': None, 'change': True}
2026-05-11 15:19:03,778 : INFO : EventManager : Event: ======'machine_var_ball_search_servo_count'====== Args={'value': 0, 'prev_value': None, 'change': True}
2026-05-11 15:19:03,778 : INFO : EventManager : Event: ======'machine_var_hs_letter_index'====== Args={'value': 0, 'prev_value': None, 'change': True}
2026-05-11 15:19:03,778 : INFO : EventManager : Event: ======'machine_var_hs_select_trigger'====== Args={'value': 0, 'prev_value': None, 'change': True}
2026-05-11 15:19:03,778 : INFO : EventManager : Event: ======'machine_var_hs_award_text'====== Args={'value': '', 'prev_value': None, 'change': True}
2026-05-11 15:19:03,778 : INFO : EventManager : Event: ======'machine_var_hs_player_num'====== Args={'value': 1, 'prev_value': None, 'change': True}
2026-05-11 15:19:03,778 : INFO : EventManager : Event: ======'machine_var_hs_score_value'====== Args={'value': 0, 'prev_value': None, 'change': True}
2026-05-11 15:19:03,778 : INFO : EventManager : Event: ======'machine_var_hs_entry_made'====== Args={'value': 0, 'prev_value': None, 'change': True}
2026-05-11 15:19:03,778 : INFO : EventManager : Event: ======'machine_var_mpf_version'====== Args={'value': 'Mission Pinball Framework v0.80.0.dev11', 'prev_value': None, 'change': True}
2026-05-11 15:19:03,778 : INFO : EventManager : Event: ======'machine_var_mpf_extended_version'====== Args={'value': 'Mission Pinball Framework v0.80.0.dev11, Config version:6, Show version: 6, BCP version:1.1', 'prev_value': None, 'change': True}
2026-05-11 15:19:03,779 : INFO : EventManager : Event: ======'machine_var_python_version'====== Args={'value': '3.12.7', 'prev_value': None, 'change': True}
2026-05-11 15:19:03,934 : INFO : EventManager : Event: ======'machine_var_platform'====== Args={'value': 'Windows-11-10.0.26200-SP0', 'prev_value': None, 'change': True}
2026-05-11 15:19:03,934 : INFO : EventManager : Event: ======'machine_var_platform_system'====== Args={'value': 'Windows', 'prev_value': None, 'change': True}
2026-05-11 15:19:03,934 : INFO : EventManager : Event: ======'machine_var_platform_release'====== Args={'value': '11', 'prev_value': None, 'change': True}
2026-05-11 15:19:03,934 : INFO : EventManager : Event: ======'machine_var_platform_version'====== Args={'value': '10.0.26200', 'prev_value': None, 'change': True}
2026-05-11 15:19:03,934 : INFO : EventManager : Event: ======'machine_var_platform_machine'====== Args={'value': 'AMD64', 'prev_value': None, 'change': True}
2026-05-11 15:19:03,934 : INFO : EventManager : Event: ======'machine_var_log_file_path'====== Args={'value': 'C:\\Users\\White\\documents\\top_gun_pinball\\logs\\2026-05-11-15-19-01-mpf-TopGunPinball.log', 'prev_value': None, 'change': True}
2026-05-11 15:19:03,934 : INFO : EventManager : Event: ======'init_phase_1'====== Args={}
2026-05-11 15:19:06,633 : INFO : SwitchController : <<<<<<< 's_48v_disable' active >>>>>>>
2026-05-11 15:19:06,633 : INFO : SwitchController : <<<<<<< 's_trough_1' active >>>>>>>
2026-05-11 15:19:06,633 : INFO : SwitchController : <<<<<<< 's_trough_2' active >>>>>>>
2026-05-11 15:19:06,633 : INFO : SwitchController : <<<<<<< 's_trough_3' active >>>>>>>
2026-05-11 15:19:06,633 : INFO : SwitchController : <<<<<<< 's_trough_4' active >>>>>>>
2026-05-11 15:19:06,634 : INFO : SwitchController : <<<<<<< 's_trough_5' active >>>>>>>
2026-05-11 15:19:06,634 : INFO : SwitchController : <<<<<<< 's_trough_6' active >>>>>>>
2026-05-11 15:19:06,682 : INFO : EventManager : Event: ======'init_phase_2'====== Args={}
2026-05-11 15:19:06,683 : INFO : SwitchController : Found active switch: (0, [FAST Platform Interface]) <switch.s_48v_disable>
2026-05-11 15:19:06,683 : INFO : SwitchController : Found active switch: (24, [FAST Platform Interface]) <switch.s_trough_1>
2026-05-11 15:19:06,683 : INFO : SwitchController : Found active switch: (25, [FAST Platform Interface]) <switch.s_trough_2>
2026-05-11 15:19:06,683 : INFO : SwitchController : Found active switch: (26, [FAST Platform Interface]) <switch.s_trough_3>
2026-05-11 15:19:06,683 : INFO : SwitchController : Found active switch: (27, [FAST Platform Interface]) <switch.s_trough_4>
2026-05-11 15:19:06,683 : INFO : SwitchController : Found active switch: (28, [FAST Platform Interface]) <switch.s_trough_5>
2026-05-11 15:19:06,683 : INFO : SwitchController : Found active switch: (29, [FAST Platform Interface]) <switch.s_trough_6>
2026-05-11 15:19:07,124 : INFO : EventManager : Event: ======'machine_var_score1_label'====== Args={'value': "You're the new top gun!", 'prev_value': None, 'change': True}
2026-05-11 15:19:07,124 : INFO : EventManager : Event: ======'machine_var_score1_name'====== Args={'value': 'BEH', 'prev_value': None, 'change': True}
2026-05-11 15:19:07,125 : INFO : EventManager : Event: ======'machine_var_score1_value'====== Args={'value': 31315500, 'prev_value': None, 'change': True}
2026-05-11 15:19:07,125 : INFO : EventManager : Event: ======'machine_var_score2_label'====== Args={'value': 'Almost at the top!', 'prev_value': None, 'change': True}
2026-05-11 15:19:07,125 : INFO : EventManager : Event: ======'machine_var_score2_name'====== Args={'value': 'BEH', 'prev_value': None, 'change': True}
2026-05-11 15:19:07,125 : INFO : EventManager : Event: ======'machine_var_score2_value'====== Args={'value': 29522025, 'prev_value': None, 'change': True}
2026-05-11 15:19:07,125 : INFO : EventManager : Event: ======'machine_var_score3_label'====== Args={'value': 'Never Leave your Wingman!', 'prev_value': None, 'change': True}
2026-05-11 15:19:07,125 : INFO : EventManager : Event: ======'machine_var_score3_name'====== Args={'value': 'BEH', 'prev_value': None, 'change': True}
2026-05-11 15:19:07,125 : INFO : EventManager : Event: ======'machine_var_score3_value'====== Args={'value': 28019671, 'prev_value': None, 'change': True}
2026-05-11 15:19:07,125 : INFO : EventManager : Event: ======'machine_var_score4_label'====== Args={'value': 'Are you a good Pilot?', 'prev_value': None, 'change': True}
2026-05-11 15:19:07,125 : INFO : EventManager : Event: ======'machine_var_score4_name'====== Args={'value': 'MAVERICK', 'prev_value': None, 'change': True}
2026-05-11 15:19:07,125 : INFO : EventManager : Event: ======'machine_var_score4_value'====== Args={'value': 25000000, 'prev_value': None, 'change': True}
2026-05-11 15:19:07,125 : INFO : EventManager : Event: ======'machine_var_score5_label'====== Args={'value': "It's the Cargo Plane for you!", 'prev_value': None, 'change': True}
2026-05-11 15:19:07,125 : INFO : EventManager : Event: ======'machine_var_score5_name'====== Args={'value': 'BEH', 'prev_value': None, 'change': True}
2026-05-11 15:19:07,125 : INFO : EventManager : Event: ======'machine_var_score5_value'====== Args={'value': 21377200, 'prev_value': None, 'change': True}
2026-05-11 15:19:07,125 : INFO : EventManager : Event: ======'machine_var_score6_label'====== Args={'value': '6th Place', 'prev_value': None, 'change': True}
2026-05-11 15:19:07,125 : INFO : EventManager : Event: ======'machine_var_score6_name'====== Args={'value': 'ICEMAN', 'prev_value': None, 'change': True}
2026-05-11 15:19:07,125 : INFO : EventManager : Event: ======'machine_var_score6_value'====== Args={'value': 20000000, 'prev_value': None, 'change': True}
2026-05-11 15:19:07,125 : INFO : EventManager : Event: ======'machine_var_score7_label'====== Args={'value': '7th Place', 'prev_value': None, 'change': True}
2026-05-11 15:19:07,125 : INFO : EventManager : Event: ======'machine_var_score7_name'====== Args={'value': 'BEH', 'prev_value': None, 'change': True}
2026-05-11 15:19:07,125 : INFO : EventManager : Event: ======'machine_var_score7_value'====== Args={'value': 18833875, 'prev_value': None, 'change': True}
2026-05-11 15:19:07,125 : INFO : EventManager : Event: ======'machine_var_score8_label'====== Args={'value': '8th Place', 'prev_value': None, 'change': True}
2026-05-11 15:19:07,125 : INFO : EventManager : Event: ======'machine_var_score8_name'====== Args={'value': 'BEH', 'prev_value': None, 'change': True}
2026-05-11 15:19:07,125 : INFO : EventManager : Event: ======'machine_var_score8_value'====== Args={'value': 16744456, 'prev_value': None, 'change': True}
2026-05-11 15:19:07,125 : INFO : EventManager : Event: ======'machine_var_score9_label'====== Args={'value': '9th Place', 'prev_value': None, 'change': True}
2026-05-11 15:19:07,126 : INFO : EventManager : Event: ======'machine_var_score9_name'====== Args={'value': 'ROOSTER', 'prev_value': None, 'change': True}
2026-05-11 15:19:07,126 : INFO : EventManager : Event: ======'machine_var_score9_value'====== Args={'value': 15000000, 'prev_value': None, 'change': True}
2026-05-11 15:19:07,126 : INFO : EventManager : Event: ======'machine_var_score10_label'====== Args={'value': '10th Place', 'prev_value': None, 'change': True}
2026-05-11 15:19:07,126 : INFO : EventManager : Event: ======'machine_var_score10_name'====== Args={'value': 'LFS', 'prev_value': None, 'change': True}
2026-05-11 15:19:07,126 : INFO : EventManager : Event: ======'machine_var_score10_value'====== Args={'value': 14268425, 'prev_value': None, 'change': True}
2026-05-11 15:19:07,126 : INFO : EventManager : Event: ======'machine_var_score11_label'====== Args={'value': '11th Place', 'prev_value': None, 'change': True}
2026-05-11 15:19:07,126 : INFO : EventManager : Event: ======'machine_var_score11_name'====== Args={'value': 'LFS', 'prev_value': None, 'change': True}
2026-05-11 15:19:07,126 : INFO : EventManager : Event: ======'machine_var_score11_value'====== Args={'value': 13607100, 'prev_value': None, 'change': True}
2026-05-11 15:19:07,126 : INFO : EventManager : Event: ======'machine_var_score12_label'====== Args={'value': '12th Place', 'prev_value': None, 'change': True}
2026-05-11 15:19:07,126 : INFO : EventManager : Event: ======'machine_var_score12_name'====== Args={'value': 'BEH', 'prev_value': None, 'change': True}
2026-05-11 15:19:07,126 : INFO : EventManager : Event: ======'machine_var_score12_value'====== Args={'value': 12550525, 'prev_value': None, 'change': True}
2026-05-11 15:19:07,126 : INFO : EventManager : Event: ======'machine_var_score13_label'====== Args={'value': '13th Place', 'prev_value': None, 'change': True}
2026-05-11 15:19:07,126 : INFO : EventManager : Event: ======'machine_var_score13_name'====== Args={'value': 'BEH', 'prev_value': None, 'change': True}
2026-05-11 15:19:07,126 : INFO : EventManager : Event: ======'machine_var_score13_value'====== Args={'value': 12052660, 'prev_value': None, 'change': True}
2026-05-11 15:19:07,126 : INFO : EventManager : Event: ======'machine_var_score14_label'====== Args={'value': '14th Place', 'prev_value': None, 'change': True}
2026-05-11 15:19:07,126 : INFO : EventManager : Event: ======'machine_var_score14_name'====== Args={'value': 'BEH', 'prev_value': None, 'change': True}
2026-05-11 15:19:07,126 : INFO : EventManager : Event: ======'machine_var_score14_value'====== Args={'value': 11656175, 'prev_value': None, 'change': True}
2026-05-11 15:19:07,126 : INFO : EventManager : Event: ======'machine_var_score15_label'====== Args={'value': '15th Place', 'prev_value': None, 'change': True}
2026-05-11 15:19:07,126 : INFO : EventManager : Event: ======'machine_var_score15_name'====== Args={'value': 'JWB', 'prev_value': None, 'change': True}
2026-05-11 15:19:07,126 : INFO : EventManager : Event: ======'machine_var_score15_value'====== Args={'value': 11476750, 'prev_value': None, 'change': True}
2026-05-11 15:19:07,127 : INFO : EventManager : Event: ======'bcp_connection_attempt'====== Args={'name': 'local_display', 'host': 'localhost', 'port': 5050}
2026-05-11 15:19:07,129 : INFO : BCPClientSocket : Connecting BCP to 'local_display' at localhost:5050...
2026-05-11 15:19:07,142 : INFO : BCPClientSocket : Connected BCP to 'local_display' localhost:5050
2026-05-11 15:19:07,143 : INFO : EventManager : Event: ======'bcp_clients_connected'====== Args={}
2026-05-11 15:19:07,143 : INFO : ball_device.bd_plunger : BCH: Initial count: 0
2026-05-11 15:19:07,145 : INFO : ball_device.bd_plunger : State: idle
2026-05-11 15:19:07,146 : INFO : ball_device.bd_trough : BCH: Initial count: 6
2026-05-11 15:19:07,146 : INFO : ball_device.bd_trough : State: idle
2026-05-11 15:19:07,146 : INFO : ball_device.bd_lock_elevator : BCH: Initial count: 0
2026-05-11 15:19:07,147 : INFO : ball_device.bd_lock_elevator : State: idle
2026-05-11 15:19:07,149 : INFO : ball_device.bd_lock_goose : BCH: Initial count: 0
2026-05-11 15:19:07,149 : INFO : ball_device.bd_lock_goose : State: idle
2026-05-11 15:19:07,150 : INFO : ball_device.bd_lock_mav : BCH: Initial count: 0
2026-05-11 15:19:07,150 : INFO : ball_device.bd_lock_mav : State: idle
2026-05-11 15:19:07,150 : INFO : ball_device.bd_mode_scoop : BCH: Initial count: 0
2026-05-11 15:19:07,152 : INFO : ball_device.bd_mode_scoop : State: idle
2026-05-11 15:19:07,176 : INFO : EventManager : Event: ======'init_phase_3'====== Args={}
2026-05-11 15:19:10,160 : INFO : EventManager : Event: ======'init_phase_4'====== Args={}
2026-05-11 15:19:10,160 : INFO : BallController : Initial balls found: 6
2026-05-11 15:19:10,163 : INFO : EventManager : Event: ======'machine_var_audits_events_game_ended'====== Args={'value': 435, 'prev_value': None, 'change': True}
2026-05-11 15:19:10,163 : INFO : EventManager : Event: ======'machine_var_audits_events_game_started'====== Args={'value': 1869, 'prev_value': None, 'change': True}
2026-05-11 15:19:10,163 : INFO : EventManager : Event: ======'machine_var_audits_missing_switches_s_48v_disable'====== Args={'value': 1045, 'prev_value': None, 'change': True}
2026-05-11 15:19:10,163 : INFO : EventManager : Event: ======'machine_var_audits_missing_switches_s_a_iceman_target'====== Args={'value': 12, 'prev_value': None, 'change': True}
2026-05-11 15:19:10,163 : INFO : EventManager : Event: ======'machine_var_audits_missing_switches_s_c_iceman_target'====== Args={'value': 6, 'prev_value': None, 'change': True}
2026-05-11 15:19:10,163 : INFO : EventManager : Event: ======'machine_var_audits_missing_switches_s_c_lock_target'====== Args={'value': 2, 'prev_value': None, 'change': True}
2026-05-11 15:19:10,164 : INFO : EventManager : Event: ======'machine_var_audits_missing_switches_s_coin_door'====== Args={'value': 9, 'prev_value': None, 'change': True}
2026-05-11 15:19:10,164 : INFO : EventManager : Event: ======'machine_var_audits_missing_switches_s_coin_door_credit_left'====== Args={'value': 1660, 'prev_value': None, 'change': True}
2026-05-11 15:19:10,164 : INFO : EventManager : Event: ======'machine_var_audits_missing_switches_s_coin_door_credit_right'====== Args={'value': 1052, 'prev_value': None, 'change': True}
2026-05-11 15:19:10,164 : INFO : EventManager : Event: ======'machine_var_audits_missing_switches_s_coin_door_service_1'====== Args={'value': 178, 'prev_value': None, 'change': True}
2026-05-11 15:19:10,164 : INFO : EventManager : Event: ======'machine_var_audits_missing_switches_s_coin_door_service_2'====== Args={'value': 9, 'prev_value': None, 'change': True}
2026-05-11 15:19:10,164 : INFO : EventManager : Event: ======'machine_var_audits_missing_switches_s_coin_door_service_3'====== Args={'value': 9, 'prev_value': None, 'change': True}
2026-05-11 15:19:10,164 : INFO : EventManager : Event: ======'machine_var_audits_missing_switches_s_coin_door_service_4'====== Args={'value': 178, 'prev_value': None, 'change': True}
2026-05-11 15:19:10,164 : INFO : EventManager : Event: ======'machine_var_audits_missing_switches_s_e_iceman_target'====== Args={'value': 5, 'prev_value': None, 'change': True}
2026-05-11 15:19:10,164 : INFO : EventManager : Event: ======'machine_var_audits_missing_switches_s_i_iceman_target'====== Args={'value': 6, 'prev_value': None, 'change': True}
2026-05-11 15:19:10,164 : INFO : EventManager : Event: ======'machine_var_audits_missing_switches_s_inner_inlane_right'====== Args={'value': 5, 'prev_value': None, 'change': True}
2026-05-11 15:19:10,164 : INFO : EventManager : Event: ======'machine_var_audits_missing_switches_s_k_lock_target'====== Args={'value': 3, 'prev_value': None, 'change': True}
2026-05-11 15:19:10,164 : INFO : EventManager : Event: ======'machine_var_audits_missing_switches_s_l_lock_target'====== Args={'value': 3, 'prev_value': None, 'change': True}
2026-05-11 15:19:10,164 : INFO : EventManager : Event: ======'machine_var_audits_missing_switches_s_lock_goose'====== Args={'value': 18, 'prev_value': None, 'change': True}
2026-05-11 15:19:10,164 : INFO : EventManager : Event: ======'machine_var_audits_missing_switches_s_lock_mav'====== Args={'value': 18, 'prev_value': None, 'change': True}
2026-05-11 15:19:10,164 : INFO : EventManager : Event: ======'machine_var_audits_missing_switches_s_lock_plunger'====== Args={'value': 18, 'prev_value': None, 'change': True}
2026-05-11 15:19:10,164 : INFO : EventManager : Event: ======'machine_var_audits_missing_switches_s_m_iceman_target'====== Args={'value': 12, 'prev_value': None, 'change': True}
2026-05-11 15:19:10,164 : INFO : EventManager : Event: ======'machine_var_audits_missing_switches_s_mig_lane_right'====== Args={'value': 1, 'prev_value': None, 'change': True}
2026-05-11 15:19:10,164 : INFO : EventManager : Event: ======'machine_var_audits_missing_switches_s_o_lock_target'====== Args={'value': 2, 'prev_value': None, 'change': True}
2026-05-11 15:19:10,164 : INFO : EventManager : Event: ======'machine_var_audits_missing_switches_s_outlane_left'====== Args={'value': 12, 'prev_value': None, 'change': True}
2026-05-11 15:19:10,164 : INFO : EventManager : Event: ======'machine_var_audits_missing_switches_s_outlane_right'====== Args={'value': 13, 'prev_value': None, 'change': True}
2026-05-11 15:19:10,164 : INFO : EventManager : Event: ======'machine_var_audits_missing_switches_s_plunger_lane'====== Args={'value': 10, 'prev_value': None, 'change': True}
2026-05-11 15:19:10,164 : INFO : EventManager : Event: ======'machine_var_audits_missing_switches_s_ramp_inner_exit'====== Args={'value': 3, 'prev_value': None, 'change': True}
2026-05-11 15:19:10,165 : INFO : EventManager : Event: ======'machine_var_audits_missing_switches_s_ramp_left_exit'====== Args={'value': 2, 'prev_value': None, 'change': True}
2026-05-11 15:19:10,165 : INFO : EventManager : Event: ======'machine_var_audits_missing_switches_s_ramp_right_exit'====== Args={'value': 2, 'prev_value': None, 'change': True}
2026-05-11 15:19:10,165 : INFO : EventManager : Event: ======'machine_var_audits_missing_switches_s_slingshot_right'====== Args={'value': 3, 'prev_value': None, 'change': True}
2026-05-11 15:19:10,165 : INFO : EventManager : Event: ======'machine_var_audits_missing_switches_s_start'====== Args={'value': 1, 'prev_value': None, 'change': True}
2026-05-11 15:19:10,165 : INFO : EventManager : Event: ======'machine_var_audits_missing_switches_s_tilt'====== Args={'value': 12, 'prev_value': None, 'change': True}
2026-05-11 15:19:10,165 : INFO : EventManager : Event: ======'machine_var_audits_player_score'====== Args={'value': {'average': 2870140, 'top': [78940560, 42150145, 36434308, 35813075, 35351774, 33498550, 31315500, 29522025, 29420000, 28754700], 'total': 663}, 'prev_value': None, 'change': True}
2026-05-11 15:19:10,165 : INFO : EventManager : Event: ======'machine_var_audits_shots_bumper_center'====== Args={'value': 8864, 'prev_value': None, 'change': True}
2026-05-11 15:19:10,165 : INFO : EventManager : Event: ======'machine_var_audits_shots_bumper_left'====== Args={'value': 11222, 'prev_value': None, 'change': True}
2026-05-11 15:19:10,165 : INFO : EventManager : Event: ======'machine_var_audits_shots_bumper_right'====== Args={'value': 8816, 'prev_value': None, 'change': True}
2026-05-11 15:19:10,165 : INFO : EventManager : Event: ======'machine_var_audits_shots_mach_ramp'====== Args={'value': 1912, 'prev_value': None, 'change': True}
2026-05-11 15:19:10,165 : INFO : EventManager : Event: ======'machine_var_audits_shots_mig_lane_left'====== Args={'value': 858, 'prev_value': None, 'change': True}
2026-05-11 15:19:10,165 : INFO : EventManager : Event: ======'machine_var_audits_shots_mig_lane_right'====== Args={'value': 929, 'prev_value': None, 'change': True}
2026-05-11 15:19:10,165 : INFO : EventManager : Event: ======'machine_var_audits_shots_orbit_upper'====== Args={'value': 285, 'prev_value': None, 'change': True}
2026-05-11 15:19:10,165 : INFO : EventManager : Event: ======'machine_var_audits_shots_ramp_inner'====== Args={'value': 195, 'prev_value': None, 'change': True}
2026-05-11 15:19:10,165 : INFO : EventManager : Event: ======'machine_var_audits_shots_spinner'====== Args={'value': 246, 'prev_value': None, 'change': True}
2026-05-11 15:19:10,165 : INFO : EventManager : Event: ======'machine_var_audits_switches_s_48v_disable'====== Args={'value': 0, 'prev_value': None, 'change': True}
2026-05-11 15:19:10,165 : INFO : EventManager : Event: ======'machine_var_audits_switches_s_a_iceman_target'====== Args={'value': 2066, 'prev_value': None, 'change': True}
2026-05-11 15:19:10,165 : INFO : EventManager : Event: ======'machine_var_audits_switches_s_barrier_target'====== Args={'value': 1448, 'prev_value': None, 'change': True}
2026-05-11 15:19:10,165 : INFO : EventManager : Event: ======'machine_var_audits_switches_s_bumper_center'====== Args={'value': 8884, 'prev_value': None, 'change': True}
2026-05-11 15:19:10,165 : INFO : EventManager : Event: ======'machine_var_audits_switches_s_bumper_left'====== Args={'value': 11253, 'prev_value': None, 'change': True}
2026-05-11 15:19:10,165 : INFO : EventManager : Event: ======'machine_var_audits_switches_s_bumper_right'====== Args={'value': 8822, 'prev_value': None, 'change': True}
2026-05-11 15:19:10,165 : INFO : EventManager : Event: ======'machine_var_audits_switches_s_c_iceman_target'====== Args={'value': 1931, 'prev_value': None, 'change': True}
2026-05-11 15:19:10,165 : INFO : EventManager : Event: ======'machine_var_audits_switches_s_c_lock_target'====== Args={'value': 1910, 'prev_value': None, 'change': True}
2026-05-11 15:19:10,165 : INFO : EventManager : Event: ======'machine_var_audits_switches_s_coin_door'====== Args={'value': 122, 'prev_value': None, 'change': True}
2026-05-11 15:19:10,165 : INFO : EventManager : Event: ======'machine_var_audits_switches_s_coin_door_credit_left'====== Args={'value': 0, 'prev_value': None, 'change': True}
2026-05-11 15:19:10,165 : INFO : EventManager : Event: ======'machine_var_audits_switches_s_coin_door_credit_right'====== Args={'value': 1, 'prev_value': None, 'change': True}
2026-05-11 15:19:10,165 : INFO : EventManager : Event: ======'machine_var_audits_switches_s_coin_door_service_1'====== Args={'value': 24, 'prev_value': None, 'change': True}
2026-05-11 15:19:10,165 : INFO : EventManager : Event: ======'machine_var_audits_switches_s_coin_door_service_2'====== Args={'value': 182, 'prev_value': None, 'change': True}
2026-05-11 15:19:10,165 : INFO : EventManager : Event: ======'machine_var_audits_switches_s_coin_door_service_3'====== Args={'value': 98, 'prev_value': None, 'change': True}
2026-05-11 15:19:10,165 : INFO : EventManager : Event: ======'machine_var_audits_switches_s_coin_door_service_4'====== Args={'value': 47, 'prev_value': None, 'change': True}
2026-05-11 15:19:10,165 : INFO : EventManager : Event: ======'machine_var_audits_switches_s_e_iceman_target'====== Args={'value': 1643, 'prev_value': None, 'change': True}
2026-05-11 15:19:10,165 : INFO : EventManager : Event: ======'machine_var_audits_switches_s_flight_gear_target'====== Args={'value': 3709, 'prev_value': None, 'change': True}
2026-05-11 15:19:10,165 : INFO : EventManager : Event: ======'machine_var_audits_switches_s_flipper_left'====== Args={'value': 56562, 'prev_value': None, 'change': True}
2026-05-11 15:19:10,165 : INFO : EventManager : Event: ======'machine_var_audits_switches_s_flipper_left_eos'====== Args={'value': 51347, 'prev_value': None, 'change': True}
2026-05-11 15:19:10,166 : INFO : EventManager : Event: ======'machine_var_audits_switches_s_flipper_left_upper'====== Args={'value': 55881, 'prev_value': None, 'change': True}
2026-05-11 15:19:10,166 : INFO : EventManager : Event: ======'machine_var_audits_switches_s_flipper_left_upper_eos'====== Args={'value': 63065, 'prev_value': None, 'change': True}
2026-05-11 15:19:10,166 : INFO : EventManager : Event: ======'machine_var_audits_switches_s_flipper_right'====== Args={'value': 54753, 'prev_value': None, 'change': True}
2026-05-11 15:19:10,166 : INFO : EventManager : Event: ======'machine_var_audits_switches_s_flipper_right_eos'====== Args={'value': 49224, 'prev_value': None, 'change': True}
2026-05-11 15:19:10,166 : INFO : EventManager : Event: ======'machine_var_audits_switches_s_i_iceman_target'====== Args={'value': 2238, 'prev_value': None, 'change': True}
2026-05-11 15:19:10,166 : INFO : EventManager : Event: ======'machine_var_audits_switches_s_inlane_left'====== Args={'value': 4883, 'prev_value': None, 'change': True}
2026-05-11 15:19:10,166 : INFO : EventManager : Event: ======'machine_var_audits_switches_s_inner_inlane_right'====== Args={'value': 3185, 'prev_value': None, 'change': True}
2026-05-11 15:19:10,166 : INFO : EventManager : Event: ======'machine_var_audits_switches_s_jam'====== Args={'value': 5522, 'prev_value': None, 'change': True}
2026-05-11 15:19:10,166 : INFO : EventManager : Event: ======'machine_var_audits_switches_s_k_lock_target'====== Args={'value': 3126, 'prev_value': None, 'change': True}
2026-05-11 15:19:10,166 : INFO : EventManager : Event: ======'machine_var_audits_switches_s_l_lock_target'====== Args={'value': 2522, 'prev_value': None, 'change': True}
2026-05-11 15:19:10,166 : INFO : EventManager : Event: ======'machine_var_audits_switches_s_lane_left'====== Args={'value': 2604, 'prev_value': None, 'change': True}
2026-05-11 15:19:10,166 : INFO : EventManager : Event: ======'machine_var_audits_switches_s_lane_right'====== Args={'value': 4618, 'prev_value': None, 'change': True}
2026-05-11 15:19:10,166 : INFO : EventManager : Event: ======'machine_var_audits_switches_s_lock_goose'====== Args={'value': 615, 'prev_value': None, 'change': True}
2026-05-11 15:19:10,166 : INFO : EventManager : Event: ======'machine_var_audits_switches_s_lock_mav'====== Args={'value': 996, 'prev_value': None, 'change': True}
2026-05-11 15:19:10,166 : INFO : EventManager : Event: ======'machine_var_audits_switches_s_lock_plunger'====== Args={'value': 478, 'prev_value': None, 'change': True}
2026-05-11 15:19:10,166 : INFO : EventManager : Event: ======'machine_var_audits_switches_s_m_iceman_target'====== Args={'value': 1497, 'prev_value': None, 'change': True}
2026-05-11 15:19:10,166 : INFO : EventManager : Event: ======'machine_var_audits_switches_s_mig_lane_left'====== Args={'value': 2959, 'prev_value': None, 'change': True}
2026-05-11 15:19:10,166 : INFO : EventManager : Event: ======'machine_var_audits_switches_s_mig_lane_right'====== Args={'value': 2203, 'prev_value': None, 'change': True}
2026-05-11 15:19:10,166 : INFO : EventManager : Event: ======'machine_var_audits_switches_s_mode_start'====== Args={'value': 1982, 'prev_value': None, 'change': True}
2026-05-11 15:19:10,166 : INFO : EventManager : Event: ======'machine_var_audits_switches_s_n_iceman_target'====== Args={'value': 1837, 'prev_value': None, 'change': True}
2026-05-11 15:19:10,166 : INFO : EventManager : Event: ======'machine_var_audits_switches_s_o_lock_target'====== Args={'value': 3747, 'prev_value': None, 'change': True}
2026-05-11 15:19:10,166 : INFO : EventManager : Event: ======'machine_var_audits_switches_s_orbit_left'====== Args={'value': 8479, 'prev_value': None, 'change': True}
2026-05-11 15:19:10,166 : INFO : EventManager : Event: ======'machine_var_audits_switches_s_orbit_lower'====== Args={'value': 518, 'prev_value': None, 'change': True}
2026-05-11 15:19:10,167 : INFO : EventManager : Event: ======'machine_var_audits_switches_s_orbit_right'====== Args={'value': 6967, 'prev_value': None, 'change': True}
2026-05-11 15:19:10,167 : INFO : EventManager : Event: ======'machine_var_audits_switches_s_orbit_upper'====== Args={'value': 2243, 'prev_value': None, 'change': True}
2026-05-11 15:19:10,167 : INFO : EventManager : Event: ======'machine_var_audits_switches_s_outer_inlane_right'====== Args={'value': 4679, 'prev_value': None, 'change': True}
2026-05-11 15:19:10,167 : INFO : EventManager : Event: ======'machine_var_audits_switches_s_outlane_left'====== Args={'value': 1793, 'prev_value': None, 'change': True}
2026-05-11 15:19:10,167 : INFO : EventManager : Event: ======'machine_var_audits_switches_s_outlane_right'====== Args={'value': 1997, 'prev_value': None, 'change': True}
2026-05-11 15:19:10,167 : INFO : EventManager : Event: ======'machine_var_audits_switches_s_plunger_lane'====== Args={'value': 46, 'prev_value': None, 'change': True}
2026-05-11 15:19:10,167 : INFO : EventManager : Event: ======'machine_var_audits_switches_s_ramp_inner_exit'====== Args={'value': 1958, 'prev_value': None, 'change': True}
2026-05-11 15:19:10,167 : INFO : EventManager : Event: ======'machine_var_audits_switches_s_ramp_left_exit'====== Args={'value': 2962, 'prev_value': None, 'change': True}
2026-05-11 15:19:10,167 : INFO : EventManager : Event: ======'machine_var_audits_switches_s_ramp_right_exit'====== Args={'value': 1154, 'prev_value': None, 'change': True}
2026-05-11 15:19:10,167 : INFO : EventManager : Event: ======'machine_var_audits_switches_s_ramp_tower_exit'====== Args={'value': 2983, 'prev_value': None, 'change': True}
2026-05-11 15:19:10,167 : INFO : EventManager : Event: ======'machine_var_audits_switches_s_shooter_lane'====== Args={'value': 6404, 'prev_value': None, 'change': True}
2026-05-11 15:19:10,167 : INFO : EventManager : Event: ======'machine_var_audits_switches_s_slingshot_left'====== Args={'value': 6311, 'prev_value': None, 'change': True}
2026-05-11 15:19:10,167 : INFO : EventManager : Event: ======'machine_var_audits_switches_s_slingshot_right'====== Args={'value': 4509, 'prev_value': None, 'change': True}
2026-05-11 15:19:10,167 : INFO : EventManager : Event: ======'machine_var_audits_switches_s_spinner'====== Args={'value': 64100, 'prev_value': None, 'change': True}
2026-05-11 15:19:10,167 : INFO : EventManager : Event: ======'machine_var_audits_switches_s_start'====== Args={'value': 1115, 'prev_value': None, 'change': True}
2026-05-11 15:19:10,167 : INFO : EventManager : Event: ======'machine_var_audits_switches_s_tilt'====== Args={'value': 3758, 'prev_value': None, 'change': True}
2026-05-11 15:19:10,167 : INFO : EventManager : Event: ======'machine_var_audits_switches_s_trough_1'====== Args={'value': 5575, 'prev_value': None, 'change': True}
2026-05-11 15:19:10,167 : INFO : EventManager : Event: ======'machine_var_audits_switches_s_trough_2'====== Args={'value': 5614, 'prev_value': None, 'change': True}
2026-05-11 15:19:10,167 : INFO : EventManager : Event: ======'machine_var_audits_switches_s_trough_3'====== Args={'value': 5640, 'prev_value': None, 'change': True}
2026-05-11 15:19:10,167 : INFO : EventManager : Event: ======'machine_var_audits_switches_s_trough_4'====== Args={'value': 5635, 'prev_value': None, 'change': True}
2026-05-11 15:19:10,167 : INFO : EventManager : Event: ======'machine_var_audits_switches_s_trough_5'====== Args={'value': 5630, 'prev_value': None, 'change': True}
2026-05-11 15:19:10,167 : INFO : EventManager : Event: ======'machine_var_audits_switches_s_trough_6'====== Args={'value': 5612, 'prev_value': None, 'change': True}
2026-05-11 15:19:10,168 : INFO : EventManager : Event: ======'init_phase_5'====== Args={}
2026-05-11 15:19:10,170 : INFO : EventManager : Event: ======'init_done'====== Args={}
2026-05-11 15:19:10,170 : INFO : coil.c_coin_door_led : Enabling Driver with power 1.0 (pulse_ms 10ms and pulse_power 1.0)
2026-05-11 15:19:10,171 : INFO : EventManager : Event: ======'machine_reset_phase_1'====== Args={}
2026-05-11 15:19:10,183 : INFO : EventManager : Event: ======'machine_reset_phase_2'====== Args={}
2026-05-11 15:19:10,185 : INFO : EventManager : Event: ======'machine_reset_phase_3'====== Args={}
2026-05-11 15:19:10,185 : INFO : EventManager : Event: ======'mode_attract_will_start'====== Args={'queue': <QueuedEvent>}
2026-05-11 15:19:10,186 : INFO : Timer.attract_carousel_timer : Starting Timer.
2026-05-11 15:19:10,186 : INFO : EventManager : Event: ======'timer_attract_carousel_timer_started'====== Args={'ticks': 0, 'ticks_remaining': 1}
2026-05-11 15:19:10,186 : INFO : EventManager : Event: ======'timer_attract_carousel_timer_tick'====== Args={'ticks': 0, 'ticks_remaining': 1}
2026-05-11 15:19:10,188 : INFO : EventManager : Event: ======'mode_attract_starting'====== Args={'queue': <QueuedEvent>}
2026-05-11 15:19:10,188 : INFO : EventManager : Event: ======'mode_ball_search_servos_will_start'====== Args={'queue': <QueuedEvent>}
2026-05-11 15:19:10,189 : INFO : EventManager : Event: ======'mode_ball_search_servos_starting'====== Args={'queue': <QueuedEvent>}
2026-05-11 15:19:10,190 : INFO : Mode.ball_search_servos : Started. Priority: 5
2026-05-11 15:19:10,190 : INFO : EventManager : Event: ======'modes_active_modes_changed'====== Args={}
2026-05-11 15:19:10,190 : INFO : EventManager : Event: ======'mode_ball_search_servos_started'====== Args={'queue': <QueuedEvent>}
2026-05-11 15:19:10,190 : INFO : Mode.attract : Started. Priority: 10
2026-05-11 15:19:10,190 : INFO : EventManager : Event: ======'modes_active_modes_changed'====== Args={}
2026-05-11 15:19:10,190 : INFO : EventManager : Event: ======'mode_attract_started'====== Args={'queue': <QueuedEvent>}
2026-05-11 15:19:10,190 : INFO : EventManager : Event: ======'attract_cycle_step1'====== Args={'priority': 0}
2026-05-11 15:19:10,190 : INFO : EventManager : Event: ======'right_ramp_down'====== Args={'priority': 0}
2026-05-11 15:19:10,190 : INFO : EventManager : Event: ======'top_ramp_down'====== Args={'priority': 0}
2026-05-11 15:19:10,190 : INFO : EventManager : Event: ======'lock_released'====== Args={'priority': 0}
2026-05-11 15:19:10,191 : INFO : coil.c_start_button_led : Enabling Driver with power 1.0 (pulse_ms 10ms and pulse_power 1.0)
2026-05-11 15:19:10,192 : INFO : Timer.attract_music_stop_timer : Starting Timer.
2026-05-11 15:19:10,192 : INFO : EventManager : Event: ======'timer_attract_music_stop_timer_started'====== Args={'ticks': 0, 'ticks_remaining': 120}
2026-05-11 15:19:10,192 : INFO : EventManager : Event: ======'timer_attract_music_stop_timer_tick'====== Args={'ticks': 0, 'ticks_remaining': 120}
2026-05-11 15:19:10,193 : INFO : EventManager : Event: ======'collecting_balls_complete'====== Args={}
2026-05-11 15:19:10,193 : INFO : EventManager : Event: ======'carousel_item_highlighted'====== Args={'carousel': 'attract', 'direction': None, 'item': 'title'}
2026-05-11 15:19:10,193 : INFO : EventManager : Event: ======'timer_attract_carousel_timer_tick'====== Args={'ticks': 0, 'ticks_remaining': 1}
2026-05-11 15:19:10,193 : INFO : EventManager : Event: ======'reset_complete'====== Args={}
2026-05-11 15:19:10,197 : INFO : Machine : Starting the main run loop with active modes: [<Mode.attract>, <Mode.ball_search_servos>]
2026-05-11 15:19:10,279 : INFO : EventManager : Event: ======'slide_attract_created'====== Args={'_from_bcp': True}
2026-05-11 15:19:10,279 : INFO : EventManager : Event: ======'slide__removed'====== Args={'_from_bcp': True}
2026-05-11 15:19:10,280 : INFO : EventManager : Event: ======'slide_attract_active'====== Args={'original_context': 'attract', 'original_calling_context': 'mode_attract_started', 'priority': 10.0, 'queue': '<QueuedEvent>', 'cmd': 'slides_play', '_from_bcp': True}
2026-05-11 15:19:11,179 : INFO : EventManager : Event: ======'timer_attract_music_stop_timer_tick'====== Args={'ticks': 1, 'ticks_remaining': 119}
2026-05-11 15:19:11,180 : INFO : coil.c_start_button_led : Disabling Driver
2026-05-11 15:19:12,185 : INFO : coil.c_start_button_led : Enabling Driver with power 1.0 (pulse_ms 10ms and pulse_power 1.0)
2026-05-11 15:19:12,185 : INFO : EventManager : Event: ======'timer_attract_music_stop_timer_tick'====== Args={'ticks': 2, 'ticks_remaining': 118}
2026-05-11 15:19:13,183 : INFO : EventManager : Event: ======'timer_attract_music_stop_timer_tick'====== Args={'ticks': 3, 'ticks_remaining': 117}
2026-05-11 15:19:13,183 : INFO : coil.c_start_button_led : Disabling Driver
2026-05-11 15:19:14,181 : INFO : EventManager : Event: ======'timer_attract_music_stop_timer_tick'====== Args={'ticks': 4, 'ticks_remaining': 116}
2026-05-11 15:19:14,181 : INFO : coil.c_start_button_led : Enabling Driver with power 1.0 (pulse_ms 10ms and pulse_power 1.0)
2026-05-11 15:19:15,187 : INFO : EventManager : Event: ======'timer_attract_music_stop_timer_tick'====== Args={'ticks': 5, 'ticks_remaining': 115}
2026-05-11 15:19:15,187 : INFO : coil.c_start_button_led : Disabling Driver
2026-05-11 15:19:16,192 : INFO : coil.c_start_button_led : Enabling Driver with power 1.0 (pulse_ms 10ms and pulse_power 1.0)
2026-05-11 15:19:16,192 : INFO : EventManager : Event: ======'timer_attract_music_stop_timer_tick'====== Args={'ticks': 6, 'ticks_remaining': 114}
2026-05-11 15:19:17,192 : INFO : coil.c_start_button_led : Disabling Driver
2026-05-11 15:19:17,192 : INFO : EventManager : Event: ======'timer_attract_music_stop_timer_tick'====== Args={'ticks': 7, 'ticks_remaining': 113}
2026-05-11 15:19:17,193 : INFO : Timer.attract_carousel_timer : Timer Complete
2026-05-11 15:19:17,193 : INFO : Timer.attract_carousel_timer : Stopping Timer
2026-05-11 15:19:17,193 : INFO : EventManager : Event: ======'timer_attract_carousel_timer_stopped'====== Args={'ticks': 1, 'ticks_remaining': 1}
2026-05-11 15:19:17,193 : INFO : EventManager : Event: ======'timer_attract_carousel_timer_complete'====== Args={'ticks': 1, 'ticks_remaining': 1}
2026-05-11 15:19:17,193 : INFO : EventManager : Event: ======'carousel_item_highlighted'====== Args={'carousel': 'attract', 'direction': 'forwards', 'item': 'presented_by'}
2026-05-11 15:19:17,193 : INFO : Timer.attract_carousel_timer : Starting Timer.
2026-05-11 15:19:17,193 : INFO : EventManager : Event: ======'timer_attract_carousel_timer_started'====== Args={'ticks': 0, 'ticks_remaining': 1}
2026-05-11 15:19:17,194 : INFO : EventManager : Event: ======'timer_attract_carousel_timer_tick'====== Args={'ticks': 0, 'ticks_remaining': 1}
2026-05-11 15:19:18,189 : INFO : EventManager : Event: ======'timer_attract_music_stop_timer_tick'====== Args={'ticks': 8, 'ticks_remaining': 112}
2026-05-11 15:19:18,189 : INFO : coil.c_start_button_led : Enabling Driver with power 1.0 (pulse_ms 10ms and pulse_power 1.0)
2026-05-11 15:19:19,183 : INFO : coil.c_start_button_led : Disabling Driver
2026-05-11 15:19:19,183 : INFO : EventManager : Event: ======'timer_attract_music_stop_timer_tick'====== Args={'ticks': 9, 'ticks_remaining': 111}
2026-05-11 15:19:20,185 : INFO : coil.c_start_button_led : Enabling Driver with power 1.0 (pulse_ms 10ms and pulse_power 1.0)
2026-05-11 15:19:20,185 : INFO : EventManager : Event: ======'timer_attract_music_stop_timer_tick'====== Args={'ticks': 10, 'ticks_remaining': 110}
2026-05-11 15:19:21,183 : INFO : coil.c_start_button_led : Disabling Driver
2026-05-11 15:19:21,183 : INFO : EventManager : Event: ======'timer_attract_music_stop_timer_tick'====== Args={'ticks': 11, 'ticks_remaining': 109}
2026-05-11 15:19:22,181 : INFO : EventManager : Event: ======'attract_cycle_step2'====== Args={}
2026-05-11 15:19:22,182 : INFO : EventManager : Event: ======'timer_attract_music_stop_timer_tick'====== Args={'ticks': 12, 'ticks_remaining': 108}
2026-05-11 15:19:22,182 : INFO : coil.c_start_button_led : Enabling Driver with power 1.0 (pulse_ms 10ms and pulse_power 1.0)
2026-05-11 15:19:23,177 : INFO : EventManager : Event: ======'timer_attract_music_stop_timer_tick'====== Args={'ticks': 13, 'ticks_remaining': 107}
2026-05-11 15:19:23,177 : INFO : coil.c_start_button_led : Disabling Driver
2026-05-11 15:19:24,190 : INFO : EventManager : Event: ======'timer_attract_music_stop_timer_tick'====== Args={'ticks': 14, 'ticks_remaining': 106}
2026-05-11 15:19:24,190 : INFO : coil.c_start_button_led : Enabling Driver with power 1.0 (pulse_ms 10ms and pulse_power 1.0)
2026-05-11 15:19:24,191 : INFO : Timer.attract_carousel_timer : Timer Complete
2026-05-11 15:19:24,191 : INFO : Timer.attract_carousel_timer : Stopping Timer
2026-05-11 15:19:24,191 : INFO : EventManager : Event: ======'timer_attract_carousel_timer_stopped'====== Args={'ticks': 1, 'ticks_remaining': 1}
2026-05-11 15:19:24,191 : INFO : EventManager : Event: ======'timer_attract_carousel_timer_complete'====== Args={'ticks': 1, 'ticks_remaining': 1}
2026-05-11 15:19:24,191 : INFO : EventManager : Event: ======'carousel_item_highlighted'====== Args={'carousel': 'attract', 'direction': 'forwards', 'item': 'hotrod_pinball_logo'}
2026-05-11 15:19:24,191 : INFO : Timer.attract_carousel_timer : Starting Timer.
2026-05-11 15:19:24,192 : INFO : EventManager : Event: ======'timer_attract_carousel_timer_started'====== Args={'ticks': 0, 'ticks_remaining': 1}
2026-05-11 15:19:24,192 : INFO : EventManager : Event: ======'timer_attract_carousel_timer_tick'====== Args={'ticks': 0, 'ticks_remaining': 1}
2026-05-11 15:19:25,185 : INFO : coil.c_start_button_led : Disabling Driver
2026-05-11 15:19:25,185 : INFO : EventManager : Event: ======'timer_attract_music_stop_timer_tick'====== Args={'ticks': 15, 'ticks_remaining': 105}
2026-05-11 15:19:26,182 : INFO : coil.c_start_button_led : Enabling Driver with power 1.0 (pulse_ms 10ms and pulse_power 1.0)
2026-05-11 15:19:26,182 : INFO : EventManager : Event: ======'timer_attract_music_stop_timer_tick'====== Args={'ticks': 16, 'ticks_remaining': 104}
2026-05-11 15:19:27,179 : INFO : coil.c_start_button_led : Disabling Driver
2026-05-11 15:19:27,179 : INFO : EventManager : Event: ======'timer_attract_music_stop_timer_tick'====== Args={'ticks': 17, 'ticks_remaining': 103}
2026-05-11 15:19:28,178 : INFO : coil.c_start_button_led : Enabling Driver with power 1.0 (pulse_ms 10ms and pulse_power 1.0)
2026-05-11 15:19:28,178 : INFO : EventManager : Event: ======'timer_attract_music_stop_timer_tick'====== Args={'ticks': 18, 'ticks_remaining': 102}
2026-05-11 15:19:29,178 : INFO : coil.c_start_button_led : Disabling Driver
2026-05-11 15:19:29,178 : INFO : EventManager : Event: ======'timer_attract_music_stop_timer_tick'====== Args={'ticks': 19, 'ticks_remaining': 101}
2026-05-11 15:19:30,177 : INFO : EventManager : Event: ======'timer_attract_music_stop_timer_tick'====== Args={'ticks': 20, 'ticks_remaining': 100}
2026-05-11 15:19:30,177 : INFO : coil.c_start_button_led : Enabling Driver with power 1.0 (pulse_ms 10ms and pulse_power 1.0)
2026-05-11 15:19:31,178 : INFO : coil.c_start_button_led : Disabling Driver
2026-05-11 15:19:31,178 : INFO : EventManager : Event: ======'timer_attract_music_stop_timer_tick'====== Args={'ticks': 21, 'ticks_remaining': 99}
2026-05-11 15:19:31,178 : INFO : Timer.attract_carousel_timer : Timer Complete
2026-05-11 15:19:31,179 : INFO : Timer.attract_carousel_timer : Stopping Timer
2026-05-11 15:19:31,179 : INFO : EventManager : Event: ======'timer_attract_carousel_timer_stopped'====== Args={'ticks': 1, 'ticks_remaining': 1}
2026-05-11 15:19:31,179 : INFO : EventManager : Event: ======'timer_attract_carousel_timer_complete'====== Args={'ticks': 1, 'ticks_remaining': 1}
2026-05-11 15:19:31,179 : INFO : EventManager : Event: ======'carousel_item_highlighted'====== Args={'carousel': 'attract', 'direction': 'forwards', 'item': 'mpf_logo'}
2026-05-11 15:19:31,180 : INFO : Timer.attract_carousel_timer : Starting Timer.
2026-05-11 15:19:31,180 : INFO : EventManager : Event: ======'timer_attract_carousel_timer_started'====== Args={'ticks': 0, 'ticks_remaining': 1}
2026-05-11 15:19:31,180 : INFO : EventManager : Event: ======'timer_attract_carousel_timer_tick'====== Args={'ticks': 0, 'ticks_remaining': 1}
2026-05-11 15:19:32,180 : INFO : EventManager : Event: ======'timer_attract_music_stop_timer_tick'====== Args={'ticks': 22, 'ticks_remaining': 98}
2026-05-11 15:19:32,180 : INFO : coil.c_start_button_led : Enabling Driver with power 1.0 (pulse_ms 10ms and pulse_power 1.0)
2026-05-11 15:19:33,182 : INFO : EventManager : Event: ======'timer_attract_music_stop_timer_tick'====== Args={'ticks': 23, 'ticks_remaining': 97}
2026-05-11 15:19:33,182 : INFO : coil.c_start_button_led : Disabling Driver
2026-05-11 15:19:34,181 : INFO : EventManager : Event: ======'timer_attract_music_stop_timer_tick'====== Args={'ticks': 24, 'ticks_remaining': 96}
2026-05-11 15:19:34,181 : INFO : coil.c_start_button_led : Enabling Driver with power 1.0 (pulse_ms 10ms and pulse_power 1.0)
2026-05-11 15:19:35,181 : INFO : EventManager : Event: ======'timer_attract_music_stop_timer_tick'====== Args={'ticks': 25, 'ticks_remaining': 95}
2026-05-11 15:19:35,181 : INFO : coil.c_start_button_led : Disabling Driver
2026-05-11 15:19:36,188 : INFO : EventManager : Event: ======'timer_attract_music_stop_timer_tick'====== Args={'ticks': 26, 'ticks_remaining': 94}
2026-05-11 15:19:36,188 : INFO : coil.c_start_button_led : Enabling Driver with power 1.0 (pulse_ms 10ms and pulse_power 1.0)
2026-05-11 15:19:37,191 : INFO : EventManager : Event: ======'timer_attract_music_stop_timer_tick'====== Args={'ticks': 27, 'ticks_remaining': 93}
2026-05-11 15:19:37,191 : INFO : coil.c_start_button_led : Disabling Driver
2026-05-11 15:19:37,428 : INFO : EventManager : Event: ======'attract_cycle_step3'====== Args={}
2026-05-11 15:19:38,182 : INFO : Timer.attract_carousel_timer : Timer Complete
2026-05-11 15:19:38,182 : INFO : Timer.attract_carousel_timer : Stopping Timer
2026-05-11 15:19:38,182 : INFO : EventManager : Event: ======'timer_attract_carousel_timer_stopped'====== Args={'ticks': 1, 'ticks_remaining': 1}
2026-05-11 15:19:38,182 : INFO : EventManager : Event: ======'timer_attract_carousel_timer_complete'====== Args={'ticks': 1, 'ticks_remaining': 1}
2026-05-11 15:19:38,182 : INFO : coil.c_start_button_led : Enabling Driver with power 1.0 (pulse_ms 10ms and pulse_power 1.0)
2026-05-11 15:19:38,182 : INFO : EventManager : Event: ======'timer_attract_music_stop_timer_tick'====== Args={'ticks': 28, 'ticks_remaining': 92}
2026-05-11 15:19:38,183 : INFO : EventManager : Event: ======'carousel_item_highlighted'====== Args={'carousel': 'attract', 'direction': 'forwards', 'item': 'high_score_top_5'}
2026-05-11 15:19:38,183 : INFO : Timer.attract_carousel_timer : Starting Timer.
2026-05-11 15:19:38,183 : INFO : EventManager : Event: ======'timer_attract_carousel_timer_started'====== Args={'ticks': 0, 'ticks_remaining': 1}
2026-05-11 15:19:38,183 : INFO : EventManager : Event: ======'timer_attract_carousel_timer_tick'====== Args={'ticks': 0, 'ticks_remaining': 1}
2026-05-11 15:19:39,181 : INFO : EventManager : Event: ======'timer_attract_music_stop_timer_tick'====== Args={'ticks': 29, 'ticks_remaining': 91}
2026-05-11 15:19:39,181 : INFO : coil.c_start_button_led : Disabling Driver
2026-05-11 15:19:40,179 : INFO : EventManager : Event: ======'timer_attract_music_stop_timer_tick'====== Args={'ticks': 30, 'ticks_remaining': 90}
2026-05-11 15:19:40,179 : INFO : coil.c_start_button_led : Enabling Driver with power 1.0 (pulse_ms 10ms and pulse_power 1.0)
2026-05-11 15:19:41,182 : INFO : EventManager : Event: ======'timer_attract_music_stop_timer_tick'====== Args={'ticks': 31, 'ticks_remaining': 89}
2026-05-11 15:19:41,182 : INFO : coil.c_start_button_led : Disabling Driver
2026-05-11 15:19:42,179 : INFO : EventManager : Event: ======'timer_attract_music_stop_timer_tick'====== Args={'ticks': 32, 'ticks_remaining': 88}
2026-05-11 15:19:42,179 : INFO : coil.c_start_button_led : Enabling Driver with power 1.0 (pulse_ms 10ms and pulse_power 1.0)
2026-05-11 15:19:43,185 : INFO : EventManager : Event: ======'timer_attract_music_stop_timer_tick'====== Args={'ticks': 33, 'ticks_remaining': 87}
2026-05-11 15:19:43,185 : INFO : coil.c_start_button_led : Disabling Driver
2026-05-11 15:19:44,183 : INFO : EventManager : Event: ======'timer_attract_music_stop_timer_tick'====== Args={'ticks': 34, 'ticks_remaining': 86}
2026-05-11 15:19:44,183 : INFO : coil.c_start_button_led : Enabling Driver with power 1.0 (pulse_ms 10ms and pulse_power 1.0)
2026-05-11 15:19:45,190 : INFO : EventManager : Event: ======'timer_attract_music_stop_timer_tick'====== Args={'ticks': 35, 'ticks_remaining': 85}
2026-05-11 15:19:45,190 : INFO : coil.c_start_button_led : Disabling Driver
2026-05-11 15:19:45,190 : INFO : Timer.attract_carousel_timer : Timer Complete
2026-05-11 15:19:45,190 : INFO : Timer.attract_carousel_timer : Stopping Timer
2026-05-11 15:19:45,191 : INFO : EventManager : Event: ======'timer_attract_carousel_timer_stopped'====== Args={'ticks': 1, 'ticks_remaining': 1}
2026-05-11 15:19:45,191 : INFO : EventManager : Event: ======'timer_attract_carousel_timer_complete'====== Args={'ticks': 1, 'ticks_remaining': 1}
2026-05-11 15:19:45,191 : INFO : EventManager : Event: ======'carousel_item_highlighted'====== Args={'carousel': 'attract', 'direction': 'forwards', 'item': 'credits'}
2026-05-11 15:19:45,192 : INFO : Timer.attract_carousel_timer : Starting Timer.
2026-05-11 15:19:45,192 : INFO : EventManager : Event: ======'timer_attract_carousel_timer_started'====== Args={'ticks': 0, 'ticks_remaining': 1}
2026-05-11 15:19:45,192 : INFO : EventManager : Event: ======'timer_attract_carousel_timer_tick'====== Args={'ticks': 0, 'ticks_remaining': 1}
2026-05-11 15:19:46,181 : INFO : coil.c_start_button_led : Enabling Driver with power 1.0 (pulse_ms 10ms and pulse_power 1.0)
2026-05-11 15:19:46,182 : INFO : EventManager : Event: ======'timer_attract_music_stop_timer_tick'====== Args={'ticks': 36, 'ticks_remaining': 84}
2026-05-11 15:19:47,182 : INFO : coil.c_start_button_led : Disabling Driver
2026-05-11 15:19:47,182 : INFO : EventManager : Event: ======'timer_attract_music_stop_timer_tick'====== Args={'ticks': 37, 'ticks_remaining': 83}
2026-05-11 15:19:48,180 : INFO : coil.c_start_button_led : Enabling Driver with power 1.0 (pulse_ms 10ms and pulse_power 1.0)
2026-05-11 15:19:48,181 : INFO : EventManager : Event: ======'timer_attract_music_stop_timer_tick'====== Args={'ticks': 38, 'ticks_remaining': 82}
2026-05-11 15:19:49,191 : INFO : coil.c_start_button_led : Disabling Driver
2026-05-11 15:19:49,191 : INFO : EventManager : Event: ======'timer_attract_music_stop_timer_tick'====== Args={'ticks': 39, 'ticks_remaining': 81}
2026-05-11 15:19:49,616 : INFO : EventManager : Event: ======'attract_cycle_step4'====== Args={}
2026-05-11 15:19:50,179 : INFO : coil.c_start_button_led : Enabling Driver with power 1.0 (pulse_ms 10ms and pulse_power 1.0)
2026-05-11 15:19:50,179 : INFO : EventManager : Event: ======'timer_attract_music_stop_timer_tick'====== Args={'ticks': 40, 'ticks_remaining': 80}
2026-05-11 15:19:51,192 : INFO : EventManager : Event: ======'timer_attract_music_stop_timer_tick'====== Args={'ticks': 41, 'ticks_remaining': 79}
2026-05-11 15:19:51,192 : INFO : coil.c_start_button_led : Disabling Driver
2026-05-11 15:19:52,178 : INFO : EventManager : Event: ======'timer_attract_music_stop_timer_tick'====== Args={'ticks': 42, 'ticks_remaining': 78}
2026-05-11 15:19:52,178 : INFO : coil.c_start_button_led : Enabling Driver with power 1.0 (pulse_ms 10ms and pulse_power 1.0)
2026-05-11 15:19:52,178 : INFO : Timer.attract_carousel_timer : Timer Complete
2026-05-11 15:19:52,178 : INFO : Timer.attract_carousel_timer : Stopping Timer
2026-05-11 15:19:52,178 : INFO : EventManager : Event: ======'timer_attract_carousel_timer_stopped'====== Args={'ticks': 1, 'ticks_remaining': 1}
2026-05-11 15:19:52,178 : INFO : EventManager : Event: ======'timer_attract_carousel_timer_complete'====== Args={'ticks': 1, 'ticks_remaining': 1}
2026-05-11 15:19:52,179 : INFO : EventManager : Event: ======'carousel_item_highlighted'====== Args={'carousel': 'attract', 'direction': 'forwards', 'item': 'last_scores_1p'}
2026-05-11 15:19:52,179 : INFO : Timer.attract_carousel_timer : Starting Timer.
2026-05-11 15:19:52,180 : INFO : EventManager : Event: ======'timer_attract_carousel_timer_started'====== Args={'ticks': 0, 'ticks_remaining': 1}
2026-05-11 15:19:52,180 : INFO : EventManager : Event: ======'timer_attract_carousel_timer_tick'====== Args={'ticks': 0, 'ticks_remaining': 1}
2026-05-11 15:19:53,191 : INFO : EventManager : Event: ======'timer_attract_music_stop_timer_tick'====== Args={'ticks': 43, 'ticks_remaining': 77}
2026-05-11 15:19:53,191 : INFO : coil.c_start_button_led : Disabling Driver
2026-05-11 15:19:54,178 : INFO : coil.c_start_button_led : Enabling Driver with power 1.0 (pulse_ms 10ms and pulse_power 1.0)
2026-05-11 15:19:54,178 : INFO : EventManager : Event: ======'timer_attract_music_stop_timer_tick'====== Args={'ticks': 44, 'ticks_remaining': 76}
2026-05-11 15:19:55,181 : INFO : EventManager : Event: ======'timer_attract_music_stop_timer_tick'====== Args={'ticks': 45, 'ticks_remaining': 75}
2026-05-11 15:19:55,181 : INFO : coil.c_start_button_led : Disabling Driver
2026-05-11 15:19:56,183 : INFO : coil.c_start_button_led : Enabling Driver with power 1.0 (pulse_ms 10ms and pulse_power 1.0)
2026-05-11 15:19:56,183 : INFO : EventManager : Event: ======'timer_attract_music_stop_timer_tick'====== Args={'ticks': 46, 'ticks_remaining': 74}
2026-05-11 15:19:57,186 : INFO : coil.c_start_button_led : Disabling Driver
2026-05-11 15:19:57,186 : INFO : EventManager : Event: ======'timer_attract_music_stop_timer_tick'====== Args={'ticks': 47, 'ticks_remaining': 73}
2026-05-11 15:19:58,187 : INFO : coil.c_start_button_led : Enabling Driver with power 1.0 (pulse_ms 10ms and pulse_power 1.0)
2026-05-11 15:19:58,187 : INFO : EventManager : Event: ======'timer_attract_music_stop_timer_tick'====== Args={'ticks': 48, 'ticks_remaining': 72}
2026-05-11 15:19:59,189 : INFO : EventManager : Event: ======'timer_attract_music_stop_timer_tick'====== Args={'ticks': 49, 'ticks_remaining': 71}
2026-05-11 15:19:59,189 : INFO : Timer.attract_carousel_timer : Timer Complete
2026-05-11 15:19:59,189 : INFO : Timer.attract_carousel_timer : Stopping Timer
2026-05-11 15:19:59,189 : INFO : EventManager : Event: ======'timer_attract_carousel_timer_stopped'====== Args={'ticks': 1, 'ticks_remaining': 1}
2026-05-11 15:19:59,189 : INFO : EventManager : Event: ======'timer_attract_carousel_timer_complete'====== Args={'ticks': 1, 'ticks_remaining': 1}
2026-05-11 15:19:59,189 : INFO : coil.c_start_button_led : Disabling Driver
2026-05-11 15:19:59,190 : INFO : EventManager : Event: ======'carousel_item_highlighted'====== Args={'carousel': 'attract', 'direction': 'forwards', 'item': 'title'}
2026-05-11 15:19:59,191 : INFO : Timer.attract_carousel_timer : Starting Timer.
2026-05-11 15:19:59,191 : INFO : EventManager : Event: ======'timer_attract_carousel_timer_started'====== Args={'ticks': 0, 'ticks_remaining': 1}
2026-05-11 15:19:59,191 : INFO : EventManager : Event: ======'timer_attract_carousel_timer_tick'====== Args={'ticks': 0, 'ticks_remaining': 1}
2026-05-11 15:20:00,188 : INFO : EventManager : Event: ======'timer_attract_music_stop_timer_tick'====== Args={'ticks': 50, 'ticks_remaining': 70}
2026-05-11 15:20:00,188 : INFO : coil.c_start_button_led : Enabling Driver with power 1.0 (pulse_ms 10ms and pulse_power 1.0)
2026-05-11 15:20:01,189 : INFO : coil.c_start_button_led : Disabling Driver
2026-05-11 15:20:01,189 : INFO : EventManager : Event: ======'timer_attract_music_stop_timer_tick'====== Args={'ticks': 51, 'ticks_remaining': 69}
2026-05-11 15:20:01,237 : INFO : EventManager : Event: ======'attract_cycle_step5'====== Args={}
2026-05-11 15:20:02,191 : INFO : EventManager : Event: ======'timer_attract_music_stop_timer_tick'====== Args={'ticks': 52, 'ticks_remaining': 68}
2026-05-11 15:20:02,191 : INFO : coil.c_start_button_led : Enabling Driver with power 1.0 (pulse_ms 10ms and pulse_power 1.0)
2026-05-11 15:20:03,192 : INFO : EventManager : Event: ======'timer_attract_music_stop_timer_tick'====== Args={'ticks': 53, 'ticks_remaining': 67}
2026-05-11 15:20:03,192 : INFO : coil.c_start_button_led : Disabling Driver
2026-05-11 15:20:04,180 : INFO : EventManager : Event: ======'timer_attract_music_stop_timer_tick'====== Args={'ticks': 54, 'ticks_remaining': 66}
2026-05-11 15:20:04,180 : INFO : coil.c_start_button_led : Enabling Driver with power 1.0 (pulse_ms 10ms and pulse_power 1.0)
2026-05-11 15:20:05,179 : INFO : coil.c_start_button_led : Disabling Driver
2026-05-11 15:20:05,179 : INFO : EventManager : Event: ======'timer_attract_music_stop_timer_tick'====== Args={'ticks': 55, 'ticks_remaining': 65}
2026-05-11 15:20:06,191 : INFO : coil.c_start_button_led : Enabling Driver with power 1.0 (pulse_ms 10ms and pulse_power 1.0)
2026-05-11 15:20:06,191 : INFO : EventManager : Event: ======'timer_attract_music_stop_timer_tick'====== Args={'ticks': 56, 'ticks_remaining': 64}
2026-05-11 15:20:06,191 : INFO : Timer.attract_carousel_timer : Timer Complete
2026-05-11 15:20:06,191 : INFO : Timer.attract_carousel_timer : Stopping Timer
2026-05-11 15:20:06,193 : INFO : EventManager : Event: ======'timer_attract_carousel_timer_stopped'====== Args={'ticks': 1, 'ticks_remaining': 1}
2026-05-11 15:20:06,193 : INFO : EventManager : Event: ======'timer_attract_carousel_timer_complete'====== Args={'ticks': 1, 'ticks_remaining': 1}
2026-05-11 15:20:06,193 : INFO : EventManager : Event: ======'carousel_item_highlighted'====== Args={'carousel': 'attract', 'direction': 'forwards', 'item': 'presented_by'}
2026-05-11 15:20:06,193 : INFO : Timer.attract_carousel_timer : Starting Timer.
2026-05-11 15:20:06,194 : INFO : EventManager : Event: ======'timer_attract_carousel_timer_started'====== Args={'ticks': 0, 'ticks_remaining': 1}
2026-05-11 15:20:06,194 : INFO : EventManager : Event: ======'timer_attract_carousel_timer_tick'====== Args={'ticks': 0, 'ticks_remaining': 1}
2026-05-11 15:20:07,191 : INFO : coil.c_start_button_led : Disabling Driver
2026-05-11 15:20:07,191 : INFO : EventManager : Event: ======'timer_attract_music_stop_timer_tick'====== Args={'ticks': 57, 'ticks_remaining': 63}
2026-05-11 15:20:08,177 : INFO : EventManager : Event: ======'timer_attract_music_stop_timer_tick'====== Args={'ticks': 58, 'ticks_remaining': 62}
2026-05-11 15:20:08,178 : INFO : coil.c_start_button_led : Enabling Driver with power 1.0 (pulse_ms 10ms and pulse_power 1.0)
2026-05-11 15:20:09,180 : INFO : coil.c_start_button_led : Disabling Driver
2026-05-11 15:20:09,180 : INFO : EventManager : Event: ======'timer_attract_music_stop_timer_tick'====== Args={'ticks': 59, 'ticks_remaining': 61}
2026-05-11 15:20:10,180 : INFO : EventManager : Event: ======'timer_attract_music_stop_timer_tick'====== Args={'ticks': 60, 'ticks_remaining': 60}
2026-05-11 15:20:10,180 : INFO : coil.c_start_button_led : Enabling Driver with power 1.0 (pulse_ms 10ms and pulse_power 1.0)
2026-05-11 15:20:11,192 : INFO : EventManager : Event: ======'timer_attract_music_stop_timer_tick'====== Args={'ticks': 61, 'ticks_remaining': 59}
2026-05-11 15:20:11,192 : INFO : coil.c_start_button_led : Disabling Driver
2026-05-11 15:20:12,191 : INFO : EventManager : Event: ======'timer_attract_music_stop_timer_tick'====== Args={'ticks': 62, 'ticks_remaining': 58}
2026-05-11 15:20:12,191 : INFO : coil.c_start_button_led : Enabling Driver with power 1.0 (pulse_ms 10ms and pulse_power 1.0)
2026-05-11 15:20:13,188 : INFO : EventManager : Event: ======'timer_attract_music_stop_timer_tick'====== Args={'ticks': 63, 'ticks_remaining': 57}
2026-05-11 15:20:13,188 : INFO : coil.c_start_button_led : Disabling Driver
2026-05-11 15:20:13,189 : INFO : Timer.attract_carousel_timer : Timer Complete
2026-05-11 15:20:13,189 : INFO : Timer.attract_carousel_timer : Stopping Timer
2026-05-11 15:20:13,189 : INFO : EventManager : Event: ======'timer_attract_carousel_timer_stopped'====== Args={'ticks': 1, 'ticks_remaining': 1}
2026-05-11 15:20:13,189 : INFO : EventManager : Event: ======'timer_attract_carousel_timer_complete'====== Args={'ticks': 1, 'ticks_remaining': 1}
2026-05-11 15:20:13,189 : INFO : EventManager : Event: ======'carousel_item_highlighted'====== Args={'carousel': 'attract', 'direction': 'forwards', 'item': 'hotrod_pinball_logo'}
2026-05-11 15:20:13,190 : INFO : Timer.attract_carousel_timer : Starting Timer.
2026-05-11 15:20:13,190 : INFO : EventManager : Event: ======'timer_attract_carousel_timer_started'====== Args={'ticks': 0, 'ticks_remaining': 1}
2026-05-11 15:20:13,190 : INFO : EventManager : Event: ======'timer_attract_carousel_timer_tick'====== Args={'ticks': 0, 'ticks_remaining': 1}
2026-05-11 15:20:14,188 : INFO : coil.c_start_button_led : Enabling Driver with power 1.0 (pulse_ms 10ms and pulse_power 1.0)
2026-05-11 15:20:14,188 : INFO : EventManager : Event: ======'timer_attract_music_stop_timer_tick'====== Args={'ticks': 64, 'ticks_remaining': 56}
2026-05-11 15:20:15,190 : INFO : EventManager : Event: ======'timer_attract_music_stop_timer_tick'====== Args={'ticks': 65, 'ticks_remaining': 55}
2026-05-11 15:20:15,191 : INFO : coil.c_start_button_led : Disabling Driver
2026-05-11 15:20:16,192 : INFO : coil.c_start_button_led : Enabling Driver with power 1.0 (pulse_ms 10ms and pulse_power 1.0)
2026-05-11 15:20:16,192 : INFO : EventManager : Event: ======'timer_attract_music_stop_timer_tick'====== Args={'ticks': 66, 'ticks_remaining': 54}
2026-05-11 15:20:17,192 : INFO : coil.c_start_button_led : Disabling Driver
2026-05-11 15:20:17,192 : INFO : EventManager : Event: ======'timer_attract_music_stop_timer_tick'====== Args={'ticks': 67, 'ticks_remaining': 53}
2026-05-11 15:20:18,181 : INFO : EventManager : Event: ======'timer_attract_music_stop_timer_tick'====== Args={'ticks': 68, 'ticks_remaining': 52}
2026-05-11 15:20:18,181 : INFO : coil.c_start_button_led : Enabling Driver with power 1.0 (pulse_ms 10ms and pulse_power 1.0)
2026-05-11 15:20:19,182 : INFO : coil.c_start_button_led : Disabling Driver
2026-05-11 15:20:19,182 : INFO : EventManager : Event: ======'timer_attract_music_stop_timer_tick'====== Args={'ticks': 69, 'ticks_remaining': 51}
2026-05-11 15:20:20,185 : INFO : coil.c_start_button_led : Enabling Driver with power 1.0 (pulse_ms 10ms and pulse_power 1.0)
2026-05-11 15:20:20,185 : INFO : Timer.attract_carousel_timer : Timer Complete
2026-05-11 15:20:20,185 : INFO : Timer.attract_carousel_timer : Stopping Timer
2026-05-11 15:20:20,185 : INFO : EventManager : Event: ======'timer_attract_carousel_timer_stopped'====== Args={'ticks': 1, 'ticks_remaining': 1}
2026-05-11 15:20:20,185 : INFO : EventManager : Event: ======'timer_attract_carousel_timer_complete'====== Args={'ticks': 1, 'ticks_remaining': 1}
2026-05-11 15:20:20,185 : INFO : EventManager : Event: ======'timer_attract_music_stop_timer_tick'====== Args={'ticks': 70, 'ticks_remaining': 50}
2026-05-11 15:20:20,186 : INFO : EventManager : Event: ======'carousel_item_highlighted'====== Args={'carousel': 'attract', 'direction': 'forwards', 'item': 'mpf_logo'}
2026-05-11 15:20:20,186 : INFO : Timer.attract_carousel_timer : Starting Timer.
2026-05-11 15:20:20,186 : INFO : EventManager : Event: ======'timer_attract_carousel_timer_started'====== Args={'ticks': 0, 'ticks_remaining': 1}
2026-05-11 15:20:20,186 : INFO : EventManager : Event: ======'timer_attract_carousel_timer_tick'====== Args={'ticks': 0, 'ticks_remaining': 1}
2026-05-11 15:20:21,189 : INFO : EventManager : Event: ======'timer_attract_music_stop_timer_tick'====== Args={'ticks': 71, 'ticks_remaining': 49}
2026-05-11 15:20:21,189 : INFO : coil.c_start_button_led : Disabling Driver
2026-05-11 15:20:22,190 : INFO : coil.c_start_button_led : Enabling Driver with power 1.0 (pulse_ms 10ms and pulse_power 1.0)
2026-05-11 15:20:22,190 : INFO : EventManager : Event: ======'timer_attract_music_stop_timer_tick'====== Args={'ticks': 72, 'ticks_remaining': 48}
2026-05-11 15:20:22,409 : INFO : EventManager : Event: ======'attract_cycle_step6'====== Args={}
2026-05-11 15:20:23,187 : INFO : EventManager : Event: ======'timer_attract_music_stop_timer_tick'====== Args={'ticks': 73, 'ticks_remaining': 47}
2026-05-11 15:20:23,187 : INFO : coil.c_start_button_led : Disabling Driver
2026-05-11 15:20:24,184 : INFO : EventManager : Event: ======'timer_attract_music_stop_timer_tick'====== Args={'ticks': 74, 'ticks_remaining': 46}
2026-05-11 15:20:24,184 : INFO : coil.c_start_button_led : Enabling Driver with power 1.0 (pulse_ms 10ms and pulse_power 1.0)
2026-05-11 15:20:25,181 : INFO : coil.c_start_button_led : Disabling Driver
2026-05-11 15:20:25,181 : INFO : EventManager : Event: ======'timer_attract_music_stop_timer_tick'====== Args={'ticks': 75, 'ticks_remaining': 45}
2026-05-11 15:20:26,180 : INFO : EventManager : Event: ======'timer_attract_music_stop_timer_tick'====== Args={'ticks': 76, 'ticks_remaining': 44}
2026-05-11 15:20:26,180 : INFO : coil.c_start_button_led : Enabling Driver with power 1.0 (pulse_ms 10ms and pulse_power 1.0)
2026-05-11 15:20:27,179 : INFO : Timer.attract_carousel_timer : Timer Complete
2026-05-11 15:20:27,179 : INFO : Timer.attract_carousel_timer : Stopping Timer
2026-05-11 15:20:27,179 : INFO : EventManager : Event: ======'timer_attract_carousel_timer_stopped'====== Args={'ticks': 1, 'ticks_remaining': 1}
2026-05-11 15:20:27,179 : INFO : EventManager : Event: ======'timer_attract_carousel_timer_complete'====== Args={'ticks': 1, 'ticks_remaining': 1}
2026-05-11 15:20:27,179 : INFO : coil.c_start_button_led : Disabling Driver
2026-05-11 15:20:27,179 : INFO : EventManager : Event: ======'timer_attract_music_stop_timer_tick'====== Args={'ticks': 77, 'ticks_remaining': 43}
2026-05-11 15:20:27,180 : INFO : EventManager : Event: ======'carousel_item_highlighted'====== Args={'carousel': 'attract', 'direction': 'forwards', 'item': 'high_score_top_5'}
2026-05-11 15:20:27,180 : INFO : Timer.attract_carousel_timer : Starting Timer.
2026-05-11 15:20:27,180 : INFO : EventManager : Event: ======'timer_attract_carousel_timer_started'====== Args={'ticks': 0, 'ticks_remaining': 1}
2026-05-11 15:20:27,180 : INFO : EventManager : Event: ======'timer_attract_carousel_timer_tick'====== Args={'ticks': 0, 'ticks_remaining': 1}
2026-05-11 15:20:28,178 : INFO : coil.c_start_button_led : Enabling Driver with power 1.0 (pulse_ms 10ms and pulse_power 1.0)
2026-05-11 15:20:28,178 : INFO : EventManager : Event: ======'timer_attract_music_stop_timer_tick'====== Args={'ticks': 78, 'ticks_remaining': 42}
2026-05-11 15:20:29,177 : INFO : EventManager : Event: ======'timer_attract_music_stop_timer_tick'====== Args={'ticks': 79, 'ticks_remaining': 41}
2026-05-11 15:20:29,177 : INFO : coil.c_start_button_led : Disabling Driver
2026-05-11 15:20:30,188 : INFO : coil.c_start_button_led : Enabling Driver with power 1.0 (pulse_ms 10ms and pulse_power 1.0)
2026-05-11 15:20:30,188 : INFO : EventManager : Event: ======'timer_attract_music_stop_timer_tick'====== Args={'ticks': 80, 'ticks_remaining': 40}
2026-05-11 15:20:31,189 : INFO : EventManager : Event: ======'timer_attract_music_stop_timer_tick'====== Args={'ticks': 81, 'ticks_remaining': 39}
2026-05-11 15:20:31,189 : INFO : coil.c_start_button_led : Disabling Driver
2026-05-11 15:20:31,551 : INFO : EventManager : Event: ======'attract_cycle_step1'====== Args={}
2026-05-11 15:20:32,191 : INFO : EventManager : Event: ======'timer_attract_music_stop_timer_tick'====== Args={'ticks': 82, 'ticks_remaining': 38}
2026-05-11 15:20:32,191 : INFO : coil.c_start_button_led : Enabling Driver with power 1.0 (pulse_ms 10ms and pulse_power 1.0)
2026-05-11 15:20:33,184 : INFO : EventManager : Event: ======'timer_attract_music_stop_timer_tick'====== Args={'ticks': 83, 'ticks_remaining': 37}
2026-05-11 15:20:33,184 : INFO : coil.c_start_button_led : Disabling Driver
2026-05-11 15:20:34,185 : INFO : EventManager : Event: ======'timer_attract_music_stop_timer_tick'====== Args={'ticks': 84, 'ticks_remaining': 36}
2026-05-11 15:20:34,185 : INFO : coil.c_start_button_led : Enabling Driver with power 1.0 (pulse_ms 10ms and pulse_power 1.0)
2026-05-11 15:20:34,185 : INFO : Timer.attract_carousel_timer : Timer Complete
2026-05-11 15:20:34,185 : INFO : Timer.attract_carousel_timer : Stopping Timer
2026-05-11 15:20:34,185 : INFO : EventManager : Event: ======'timer_attract_carousel_timer_stopped'====== Args={'ticks': 1, 'ticks_remaining': 1}
2026-05-11 15:20:34,185 : INFO : EventManager : Event: ======'timer_attract_carousel_timer_complete'====== Args={'ticks': 1, 'ticks_remaining': 1}
2026-05-11 15:20:34,186 : INFO : EventManager : Event: ======'carousel_item_highlighted'====== Args={'carousel': 'attract', 'direction': 'forwards', 'item': 'credits'}
2026-05-11 15:20:34,187 : INFO : Timer.attract_carousel_timer : Starting Timer.
2026-05-11 15:20:34,187 : INFO : EventManager : Event: ======'timer_attract_carousel_timer_started'====== Args={'ticks': 0, 'ticks_remaining': 1}
2026-05-11 15:20:34,187 : INFO : EventManager : Event: ======'timer_attract_carousel_timer_tick'====== Args={'ticks': 0, 'ticks_remaining': 1}
2026-05-11 15:20:35,190 : INFO : EventManager : Event: ======'timer_attract_music_stop_timer_tick'====== Args={'ticks': 85, 'ticks_remaining': 35}
2026-05-11 15:20:35,190 : INFO : coil.c_start_button_led : Disabling Driver
2026-05-11 15:20:36,192 : INFO : coil.c_start_button_led : Enabling Driver with power 1.0 (pulse_ms 10ms and pulse_power 1.0)
2026-05-11 15:20:36,192 : INFO : EventManager : Event: ======'timer_attract_music_stop_timer_tick'====== Args={'ticks': 86, 'ticks_remaining': 34}
2026-05-11 15:20:37,178 : INFO : coil.c_start_button_led : Disabling Driver
2026-05-11 15:20:37,178 : INFO : EventManager : Event: ======'timer_attract_music_stop_timer_tick'====== Args={'ticks': 87, 'ticks_remaining': 33}
2026-05-11 15:20:37,210 : INFO : SwitchController : <<<<<<< 's_start' active >>>>>>>
2026-05-11 15:20:37,305 : INFO : SwitchController : <<<<<<< 's_start' inactive >>>>>>>
2026-05-11 15:20:37,305 : INFO : EventManager : Event: ======'request_to_start_game'====== Args={}
2026-05-11 15:20:37,306 : INFO : EventManager : Event: ======'game_start'====== Args={'buttons': [], 'hold_time': 0.09400000000096043}
2026-05-11 15:20:37,306 : INFO : EventManager : Event: ======'mode_game_will_start'====== Args={'buttons': [], 'hold_time': 0.09400000000096043}
2026-05-11 15:20:37,307 : INFO : EventManager : Event: ======'mode_game_starting'====== Args={'buttons': [], 'hold_time': 0.09400000000096043}
2026-05-11 15:20:37,307 : INFO : Mode.game : Started. Priority: 20
2026-05-11 15:20:37,307 : INFO : EventManager : Event: ======'modes_active_modes_changed'====== Args={}
2026-05-11 15:20:37,307 : INFO : EventManager : Event: ======'mode_game_started'====== Args={'buttons': [], 'hold_time': 0.09400000000096043}
2026-05-11 15:20:37,308 : INFO : EventManager : Event: ======'game_will_start'====== Args={}
2026-05-11 15:20:37,308 : INFO : EventManager : Event: ======'game_starting'====== Args={'game': <Mode.game>}
2026-05-11 15:20:37,309 : INFO : EventManager : Event: ======'mode_attract_will_stop'====== Args={}
2026-05-11 15:20:37,309 : INFO : EventManager : Event: ======'mode_attract_stopping'====== Args={}
2026-05-11 15:20:37,310 : INFO : EventManager : Unordered handler for class <Auditor> on event game_ended with priority 1. Handlers: [RegisteredHandler(callback=<bound method Auditor.disable of <Auditor>>, priority=1, kwargs={}, key=UUID('137213e3-380c-4887-a4a5-60790a5fcb4d'), condition=None, blocking_facility=None), RegisteredHandler(callback=<bound method Auditor._save_audits of <Auditor>>, priority=1, kwargs={}, key=UUID('16e2213a-403f-4647-884a-59182d3cff29'), condition=None, blocking_facility=None)]. The order of those handlers is not defined and they will be executed in random order. This might lead to race conditions and potential bugs.
2026-05-11 15:20:37,310 : INFO : Timer.attract_music_stop_timer : Stopping Timer
2026-05-11 15:20:37,310 : INFO : EventManager : Event: ======'timer_attract_music_stop_timer_stopped'====== Args={'ticks': 87, 'ticks_remaining': 33}
2026-05-11 15:20:37,310 : INFO : Timer.attract_scoop_clear_delay : Stopping Timer
2026-05-11 15:20:37,310 : INFO : EventManager : Event: ======'timer_attract_scoop_clear_delay_stopped'====== Args={'ticks': 0, 'ticks_remaining': 0}
2026-05-11 15:20:37,311 : INFO : EventManager : Event: ======'player_add_request'====== Args={}
2026-05-11 15:20:37,311 : INFO : coil.c_start_button_led : Disabling Driver
2026-05-11 15:20:37,311 : INFO : coil.c_mode_barrier : Disabling Driver
2026-05-11 15:20:37,312 : INFO : Mode.attract : Stopped.
2026-05-11 15:20:37,312 : INFO : EventManager : Event: ======'modes_active_modes_changed'====== Args={}
2026-05-11 15:20:37,313 : INFO : EventManager : Event: ======'mode_attract_stopped'====== Args={}
2026-05-11 15:20:37,313 : INFO : EventManager : Event: ======'clear'====== Args={'key': 'attract'}
2026-05-11 15:20:37,313 : INFO : Timer.attract_music_stop_timer : Stopping Timer
2026-05-11 15:20:37,313 : INFO : EventManager : Event: ======'timer_attract_music_stop_timer_stopped'====== Args={'ticks': 87, 'ticks_remaining': 33}
2026-05-11 15:20:37,313 : INFO : Timer.attract_scoop_clear_delay : Stopping Timer
2026-05-11 15:20:37,313 : INFO : EventManager : Event: ======'timer_attract_scoop_clear_delay_stopped'====== Args={'ticks': 0, 'ticks_remaining': 0}
2026-05-11 15:20:37,313 : INFO : Timer.attract_carousel_timer : Stopping Timer
2026-05-11 15:20:37,313 : INFO : EventManager : Event: ======'timer_attract_carousel_timer_stopped'====== Args={'ticks': 0, 'ticks_remaining': 1}
2026-05-11 15:20:37,313 : INFO : EventManager : Event: ======'player_will_add'====== Args={'number': 1}
2026-05-11 15:20:37,315 : INFO : EventManager : Event: ======'player_adding'====== Args={'player': <Player 1>, 'number': 1}
2026-05-11 15:20:37,315 : INFO : EventManager : Event: ======'player_added'====== Args={'player': <Player 1>, 'num': 1}
2026-05-11 15:20:37,315 : INFO : Mode.game : Player added successfully. Total players: 1
2026-05-11 15:20:37,315 : INFO : EventManager : Event: ======'player_index'====== Args={'value': 0, 'prev_value': 0, 'change': 0, 'player_num': 1}
2026-05-11 15:20:37,315 : INFO : EventManager : Event: ======'player_number'====== Args={'value': 1, 'prev_value': 1, 'change': 0, 'player_num': 1}
2026-05-11 15:20:37,315 : INFO : EventManager : Event: ======'player_mach_level'====== Args={'value': 1.0, 'prev_value': 1.0, 'change': 0, 'player_num': 1}
2026-05-11 15:20:37,315 : INFO : EventManager : Event: ======'player_mach_step'====== Args={'value': 0, 'prev_value': 0, 'change': 0, 'player_num': 1}
2026-05-11 15:20:37,316 : INFO : EventManager : Event: ======'player_tilt_warnings'====== Args={'value': 0, 'prev_value': 0, 'change': 0, 'player_num': 1}
2026-05-11 15:20:37,316 : INFO : EventManager : Event: ======'player_status_mode_page'====== Args={'value': 1, 'prev_value': 1, 'change': 0, 'player_num': 1}
2026-05-11 15:20:37,316 : INFO : EventManager : Event: ======'player_status_tilt_remaining'====== Args={'value': 3, 'prev_value': 3, 'change': 0, 'player_num': 1}
2026-05-11 15:20:37,316 : INFO : EventManager : Event: ======'player_status_bonus_preview'====== Args={'value': 0, 'prev_value': 0, 'change': 0, 'player_num': 1}
2026-05-11 15:20:37,316 : INFO : EventManager : Event: ======'player_status_rescue_cougar'====== Args={'value': 'Not Played', 'prev_value': 'Not Played', 'change': False, 'player_num': 1}
2026-05-11 15:20:37,316 : INFO : EventManager : Event: ======'player_status_balls_of_fire'====== Args={'value': 'Not Played', 'prev_value': 'Not Played', 'change': False, 'player_num': 1}
2026-05-11 15:20:37,316 : INFO : EventManager : Event: ======'player_status_cool_under_pressure'====== Args={'value': 'Not Played', 'prev_value': 'Not Played', 'change': False, 'player_num': 1}
2026-05-11 15:20:37,316 : INFO : EventManager : Event: ======'player_status_no_points_for_second_place'====== Args={'value': 'Not Played', 'prev_value': 'Not Played', 'change': False, 'player_num': 1}
2026-05-11 15:20:37,316 : INFO : EventManager : Event: ======'player_status_edge_of_space'====== Args={'value': 'Not Played', 'prev_value': 'Not Played', 'change': False, 'player_num': 1}
2026-05-11 15:20:37,316 : INFO : EventManager : Event: ======'player_status_below_the_hard_deck'====== Args={'value': 'Not Played', 'prev_value': 'Not Played', 'change': False, 'player_num': 1}
2026-05-11 15:20:37,316 : INFO : EventManager : Event: ======'player_status_canyon_run'====== Args={'value': 'Not Played', 'prev_value': 'Not Played', 'change': False, 'player_num': 1}
2026-05-11 15:20:37,316 : INFO : EventManager : Event: ======'player_status_no_margin_for_error'====== Args={'value': 'Not Played', 'prev_value': 'Not Played', 'change': False, 'player_num': 1}
2026-05-11 15:20:37,317 : INFO : EventManager : Event: ======'player_status_rise_of_phoenix'====== Args={'value': 'Not Played', 'prev_value': 'Not Played', 'change': False, 'player_num': 1}
2026-05-11 15:20:37,317 : INFO : EventManager : Event: ======'player_status_battle_jester'====== Args={'value': 'Not Played', 'prev_value': 'Not Played', 'change': False, 'player_num': 1}
2026-05-11 15:20:37,317 : INFO : EventManager : Event: ======'player_status_inverted'====== Args={'value': 'Not Played', 'prev_value': 'Not Played', 'change': False, 'player_num': 1}
2026-05-11 15:20:37,317 : INFO : EventManager : Event: ======'player_status_missiles'====== Args={'value': 'Not Played', 'prev_value': 'Not Played', 'change': False, 'player_num': 1}
2026-05-11 15:20:37,317 : INFO : EventManager : Event: ======'player_status_wingman'====== Args={'value': 'Not Played', 'prev_value': 'Not Played', 'change': False, 'player_num': 1}
2026-05-11 15:20:37,317 : INFO : EventManager : Event: ======'player_status_afterburner'====== Args={'value': 'Not Played', 'prev_value': 'Not Played', 'change': False, 'player_num': 1}
2026-05-11 15:20:37,317 : INFO : EventManager : Event: ======'player_status_dogfight'====== Args={'value': 'Not Coded Yet', 'prev_value': 'Not Coded Yet', 'change': False, 'player_num': 1}
2026-05-11 15:20:37,317 : INFO : EventManager : Event: ======'player_status_inverted_perk'====== Args={'value': 'Not Active', 'prev_value': 'Not Active', 'change': False, 'player_num': 1}
2026-05-11 15:20:37,317 : INFO : EventManager : Event: ======'player_status_missiles_perk'====== Args={'value': 'Not Active', 'prev_value': 'Not Active', 'change': False, 'player_num': 1}
2026-05-11 15:20:37,317 : INFO : EventManager : Event: ======'player_status_wingman_perk'====== Args={'value': 'Not Active', 'prev_value': 'Not Active', 'change': False, 'player_num': 1}
2026-05-11 15:20:37,317 : INFO : EventManager : Event: ======'player_status_afterburner_perk'====== Args={'value': 'Not Active', 'prev_value': 'Not Active', 'change': False, 'player_num': 1}
2026-05-11 15:20:37,317 : INFO : EventManager : Event: ======'player_status_ptb'====== Args={'value': 'Not Qualified', 'prev_value': 'Not Qualified', 'change': False, 'player_num': 1}
2026-05-11 15:20:37,317 : INFO : EventManager : Event: ======'player_status_iceman_hd'====== Args={'value': 'Not Played', 'prev_value': 'Not Played', 'change': False, 'player_num': 1}
2026-05-11 15:20:37,317 : INFO : EventManager : Event: ======'player_status_charlie_hd'====== Args={'value': 'Not Coded Yet', 'prev_value': 'Not Coded Yet', 'change': False, 'player_num': 1}
2026-05-11 15:20:37,318 : INFO : EventManager : Event: ======'player_status_penny_hd'====== Args={'value': 'Not Coded Yet', 'prev_value': 'Not Coded Yet', 'change': False, 'player_num': 1}
2026-05-11 15:20:37,318 : INFO : EventManager : Event: ======'player_status_goose_hd'====== Args={'value': 'Not Coded Yet', 'prev_value': 'Not Coded Yet', 'change': False, 'player_num': 1}
2026-05-11 15:20:37,318 : INFO : EventManager : Event: ======'player_status_final_dogfight'====== Args={'value': 'Not Coded Yet', 'prev_value': 'Not Coded Yet', 'change': False, 'player_num': 1}
2026-05-11 15:20:37,318 : INFO : EventManager : Event: ======'player_status_final_super_jackpot'====== Args={'value': 'Not Yet', 'prev_value': 'Not Yet', 'change': False, 'player_num': 1}
2026-05-11 15:20:37,318 : INFO : EventManager : Event: ======'player_ball_tilted'====== Args={'value': 0, 'prev_value': 0, 'change': 0, 'player_num': 1}
2026-05-11 15:20:37,318 : INFO : EventManager : Event: ======'player_right_orbit_diverter_requested'====== Args={'value': 0, 'prev_value': 0, 'change': 0, 'player_num': 1}
2026-05-11 15:20:37,318 : INFO : EventManager : Event: ======'player_diverter_temporarily_disabled'====== Args={'value': 0, 'prev_value': 0, 'change': 0, 'player_num': 1}
2026-05-11 15:20:37,318 : INFO : EventManager : Event: ======'player_score'====== Args={'value': 0, 'prev_value': 0, 'change': 0, 'player_num': 1}
2026-05-11 15:20:37,319 : INFO : EventManager : Event: ======'game_started'====== Args={}
2026-05-11 15:20:37,320 : INFO : coil.c_start_button_led : Enabling Driver with power 1.0 (pulse_ms 10ms and pulse_power 1.0)
2026-05-11 15:20:37,321 : INFO : EventManager : Event: ======'player_turn_will_start'====== Args={'player': <Player 1>, 'number': 1}
2026-05-11 15:20:37,328 : INFO : EventManager : Event: ======'player_turn_starting'====== Args={'player': <Player 1>, 'number': 1}
2026-05-11 15:20:37,331 : INFO : EventManager : Event: ======'player_ball'====== Args={'value': 1, 'prev_value': 0, 'change': 1, 'player_num': 1}
2026-05-11 15:20:37,331 : INFO : EventManager : Event: ======'player_turn_started'====== Args={'player': <Player 1>, 'number': 1}
2026-05-11 15:20:37,332 : INFO : EventManager : Event: ======'ui_player_1_up'====== Args={'priority': 0}
2026-05-11 15:20:37,332 : INFO : EventManager : Event: ======'ball_will_start'====== Args={'player': 1, 'ball': 1, 'balls_remaining': 2, 'is_extra_ball': False}
2026-05-11 15:20:37,333 : INFO : EventManager : Event: ======'ball_starting'====== Args={'player': 1, 'ball': 1, 'balls_remaining': 2, 'is_extra_ball': False}
2026-05-11 15:20:37,336 : INFO : EventManager : Event: ======'mode_tilt_will_start'====== Args={'queue': <QueuedEvent>, 'player': 1, 'ball': 1, 'balls_remaining': 2, 'is_extra_ball': False}
2026-05-11 15:20:37,337 : INFO : EventManager : Event: ======'mode_tilt_starting'====== Args={'queue': <QueuedEvent>, 'player': 1, 'ball': 1, 'balls_remaining': 2, 'is_extra_ball': False}
2026-05-11 15:20:37,338 : INFO : EventManager : Event: ======'mode_shot_missed_callout_randomizer_will_start'====== Args={'queue': <QueuedEvent>, 'player': 1, 'ball': 1, 'balls_remaining': 2, 'is_extra_ball': False}
2026-05-11 15:20:37,339 : INFO : EventManager : Event: ======'mode_shot_missed_callout_randomizer_starting'====== Args={'queue': <QueuedEvent>, 'player': 1, 'ball': 1, 'balls_remaining': 2, 'is_extra_ball': False}
2026-05-11 15:20:37,339 : INFO : EventManager : Event: ======'mode_ball_save_will_start'====== Args={'queue': <QueuedEvent>, 'player': 1, 'ball': 1, 'balls_remaining': 2, 'is_extra_ball': False}
2026-05-11 15:20:37,339 : INFO : EventManager : Event: ======'player_ball_save_ball_save_countdown_tick'====== Args={'value': 20, 'prev_value': 0, 'change': 20, 'player_num': 1}
2026-05-11 15:20:37,339 : INFO : EventManager : Event: ======'player_ball_save_mode_ball_save_countdown_tick'====== Args={'value': 30, 'prev_value': 0, 'change': 30, 'player_num': 1}
2026-05-11 15:20:37,339 : INFO : EventManager : Event: ======'player_ball_save_scoop_save_countdown_tick'====== Args={'value': 5, 'prev_value': 0, 'change': 5, 'player_num': 1}
2026-05-11 15:20:37,339 : INFO : EventManager : Event: ======'player_ball_save_ball_save_auto_plunger_delay_tick'====== Args={'value': 0, 'prev_value': 0, 'change': 0, 'player_num': 1}
2026-05-11 15:20:37,340 : INFO : EventManager : Event: ======'player_ball_save_consecutive_save_window_tick'====== Args={'value': 20, 'prev_value': 0, 'change': 20, 'player_num': 1}
2026-05-11 15:20:37,343 : INFO : EventManager : Event: ======'mode_ball_save_starting'====== Args={'queue': <QueuedEvent>, 'player': 1, 'ball': 1, 'balls_remaining': 2, 'is_extra_ball': False}
2026-05-11 15:20:37,343 : INFO : EventManager : Event: ======'mode_shot_made_callout_randomizer_will_start'====== Args={'queue': <QueuedEvent>, 'player': 1, 'ball': 1, 'balls_remaining': 2, 'is_extra_ball': False}
2026-05-11 15:20:37,344 : INFO : EventManager : Event: ======'mode_shot_made_callout_randomizer_starting'====== Args={'queue': <QueuedEvent>, 'player': 1, 'ball': 1, 'balls_remaining': 2, 'is_extra_ball': False}
2026-05-11 15:20:37,344 : INFO : EventManager : Event: ======'mode_base_will_start'====== Args={'queue': <QueuedEvent>, 'player': 1, 'ball': 1, 'balls_remaining': 2, 'is_extra_ball': False}
2026-05-11 15:20:37,344 : INFO : EventManager : Event: ======'player_base_status_mode_entry_tick'====== Args={'value': 0, 'prev_value': 0, 'change': 0, 'player_num': 1}
2026-05-11 15:20:37,345 : INFO : EventManager : Event: ======'player_base_wingman_post_win_plunge_delay_tick'====== Args={'value': 0, 'prev_value': 0, 'change': 0, 'player_num': 1}
2026-05-11 15:20:37,345 : INFO : EventManager : Event: ======'player_base_wingman_post_win_mig_delay_tick'====== Args={'value': 0, 'prev_value': 0, 'change': 0, 'player_num': 1}
2026-05-11 15:20:37,345 : INFO : EventManager : Event: ======'player_base_wingman_post_win_mig_hold_tick'====== Args={'value': 0, 'prev_value': 0, 'change': 0, 'player_num': 1}
2026-05-11 15:20:37,345 : INFO : EventManager : Event: ======'player_base_spinner_inactivity_tick'====== Args={'value': 2, 'prev_value': 0, 'change': 2, 'player_num': 1}
2026-05-11 15:20:37,355 : INFO : EventManager : Event: ======'mode_base_starting'====== Args={'queue': <QueuedEvent>, 'player': 1, 'ball': 1, 'balls_remaining': 2, 'is_extra_ball': False}
2026-05-11 15:20:37,355 : INFO : EventManager : Event: ======'mode_default_sounds_will_start'====== Args={'queue': <QueuedEvent>, 'player': 1, 'ball': 1, 'balls_remaining': 2, 'is_extra_ball': False}
2026-05-11 15:20:37,355 : INFO : EventManager : Event: ======'mode_default_sounds_starting'====== Args={'queue': <QueuedEvent>, 'player': 1, 'ball': 1, 'balls_remaining': 2, 'is_extra_ball': False}
2026-05-11 15:20:37,357 : INFO : Mode.default_sounds : Started. Priority: 50
2026-05-11 15:20:37,357 : INFO : EventManager : Event: ======'modes_active_modes_changed'====== Args={}
2026-05-11 15:20:37,357 : INFO : EventManager : Event: ======'mode_default_sounds_started'====== Args={'queue': <QueuedEvent>, 'player': 1, 'ball': 1, 'balls_remaining': 2, 'is_extra_ball': False}
2026-05-11 15:20:37,357 : INFO : Mode.base : Started. Priority: 100
2026-05-11 15:20:37,357 : INFO : EventManager : Event: ======'modes_active_modes_changed'====== Args={}
2026-05-11 15:20:37,357 : INFO : EventManager : Event: ======'mode_base_started'====== Args={'queue': <QueuedEvent>, 'player': 1, 'ball': 1, 'balls_remaining': 2, 'is_extra_ball': False}
2026-05-11 15:20:37,357 : INFO : EventManager : Event: ======'mode_mach_scoring_will_start'====== Args={'queue': <QueuedEvent>, 'player': 1, 'ball': 1, 'balls_remaining': 2, 'is_extra_ball': False}
2026-05-11 15:20:37,358 : INFO : EventManager : Event: ======'player_shot_mach_ramp_enabled'====== Args={'value': True, 'prev_value': 0, 'change': 1, 'player_num': 1}
2026-05-11 15:20:37,358 : INFO : EventManager : Event: ======'player_mach_scoring_mach_qualify_timer_tick'====== Args={'value': 10, 'prev_value': 0, 'change': 10, 'player_num': 1}
2026-05-11 15:20:37,358 : INFO : EventManager : Event: ======'player_mach_scoring_mach_timer_tick'====== Args={'value': 20, 'prev_value': 0, 'change': 20, 'player_num': 1}
2026-05-11 15:20:37,367 : INFO : EventManager : Event: ======'mode_mach_scoring_starting'====== Args={'queue': <QueuedEvent>, 'player': 1, 'ball': 1, 'balls_remaining': 2, 'is_extra_ball': False}
2026-05-11 15:20:37,367 : INFO : EventManager : Event: ======'mode_2x_playfield_will_start'====== Args={'queue': <QueuedEvent>, 'player': 1, 'ball': 1, 'balls_remaining': 2, 'is_extra_ball': False}
2026-05-11 15:20:37,367 : INFO : EventManager : Event: ======'player_2x_playfield_x2_playfield_tick'====== Args={'value': 90, 'prev_value': 0, 'change': 90, 'player_num': 1}
2026-05-11 15:20:37,370 : INFO : EventManager : Event: ======'mode_2x_playfield_starting'====== Args={'queue': <QueuedEvent>, 'player': 1, 'ball': 1, 'balls_remaining': 2, 'is_extra_ball': False}
2026-05-11 15:20:37,371 : INFO : EventManager : Event: ======'mode_goose_letters_will_start'====== Args={'queue': <QueuedEvent>, 'player': 1, 'ball': 1, 'balls_remaining': 2, 'is_extra_ball': False}
2026-05-11 15:20:37,371 : INFO : EventManager : Event: ======'player_goose_letters_goose_reset_tick'====== Args={'value': 0, 'prev_value': 0, 'change': 0, 'player_num': 1}
2026-05-11 15:20:37,371 : INFO : EventManager : Event: ======'player_goose_letters_missile_fire_delay_tick'====== Args={'value': 0, 'prev_value': 0, 'change': 0, 'player_num': 1}
2026-05-11 15:20:37,371 : INFO : EventManager : Event: ======'player_goose_letters_extra_ball_lit_slide_dismiss_tick'====== Args={'value': 0, 'prev_value': 0, 'change': 0, 'player_num': 1}
2026-05-11 15:20:37,381 : INFO : EventManager : Event: ======'mode_goose_letters_starting'====== Args={'queue': <QueuedEvent>, 'player': 1, 'ball': 1, 'balls_remaining': 2, 'is_extra_ball': False}
2026-05-11 15:20:37,382 : INFO : EventManager : Event: ======'mode_top_gun_multiball_locks_will_start'====== Args={'queue': <QueuedEvent>, 'player': 1, 'ball': 1, 'balls_remaining': 2, 'is_extra_ball': False}
2026-05-11 15:20:37,382 : INFO : EventManager : Event: ======'player_top_gun_multiball_locks_lock_diverter_timeout_tick'====== Args={'value': 0, 'prev_value': 0, 'change': 0, 'player_num': 1}
2026-05-11 15:20:37,382 : INFO : EventManager : Event: ======'player_top_gun_multiball_locks_lock_mb_barrier_delay_tick'====== Args={'value': 0, 'prev_value': 0, 'change': 0, 'player_num': 1}
2026-05-11 15:20:37,382 : INFO : EventManager : Event: ======'player_top_gun_multiball_locks_lock_mb_eject_debounce_tick'====== Args={'value': 0, 'prev_value': 0, 'change': 0, 'player_num': 1}
2026-05-11 15:20:37,383 : INFO : EventManager : Event: ======'player_top_gun_multiball_locks_lock_mb_release_delay_tick'====== Args={'value': 0, 'prev_value': 0, 'change': 0, 'player_num': 1}
2026-05-11 15:20:37,383 : INFO : EventManager : Event: ======'player_top_gun_multiball_locks_lock_partial_callout_cooldown_tick'====== Args={'value': 0, 'prev_value': 0, 'change': 0, 'player_num': 1}
2026-05-11 15:20:37,383 : INFO : EventManager : Event: ======'player_top_gun_multiball_locks_mb_mode_choice_timer_tick'====== Args={'value': 15, 'prev_value': 0, 'change': 15, 'player_num': 1}
2026-05-11 15:20:37,383 : INFO : EventManager : Event: ======'player_top_gun_multiball_locks_lock_letter_sound_delay_tick'====== Args={'value': 0, 'prev_value': 0, 'change': 0, 'player_num': 1}
2026-05-11 15:20:37,383 : INFO : EventManager : Event: ======'player_top_gun_multiball_locks_lock_goose_debounce_tick'====== Args={'value': 0, 'prev_value': 0, 'change': 0, 'player_num': 1}
2026-05-11 15:20:37,383 : INFO : EventManager : Event: ======'player_top_gun_multiball_locks_lock_mav_debounce_tick'====== Args={'value': 0, 'prev_value': 0, 'change': 0, 'player_num': 1}
2026-05-11 15:20:37,383 : INFO : EventManager : Event: ======'player_top_gun_multiball_locks_lock_goose_callout_delay_tick'====== Args={'value': 0, 'prev_value': 0, 'change': 0, 'player_num': 1}
2026-05-11 15:20:37,385 : INFO : EventManager : Event: ======'player_top_gun_multiball_locks_lock_goose_serve_delay_tick'====== Args={'value': 0, 'prev_value': 0, 'change': 0, 'player_num': 1}
2026-05-11 15:20:37,385 : INFO : EventManager : Event: ======'player_top_gun_multiball_locks_lock_mav_mb_lit_callout_delay_tick'====== Args={'value': 0, 'prev_value': 0, 'change': 0, 'player_num': 1}
2026-05-11 15:20:37,385 : INFO : EventManager : Event: ======'player_top_gun_multiball_locks_lock_mav_serve_delay_tick'====== Args={'value': 0, 'prev_value': 0, 'change': 0, 'player_num': 1}
2026-05-11 15:20:37,385 : INFO : EventManager : Event: ======'player_top_gun_multiball_locks_lock_resume_arm_tick'====== Args={'value': 0, 'prev_value': 0, 'change': 0, 'player_num': 1}
2026-05-11 15:20:37,399 : INFO : EventManager : Event: ======'mode_top_gun_multiball_locks_starting'====== Args={'queue': <QueuedEvent>, 'player': 1, 'ball': 1, 'balls_remaining': 2, 'is_extra_ball': False}
2026-05-11 15:20:37,399 : INFO : EventManager : Event: ======'mode_pilot_mission_qualifier_will_start'====== Args={'queue': <QueuedEvent>, 'player': 1, 'ball': 1, 'balls_remaining': 2, 'is_extra_ball': False}
2026-05-11 15:20:37,399 : INFO : EventManager : Event: ======'player_pilot_mission_qualifier_spinner_shot_timeout_tick'====== Args={'value': 0, 'prev_value': 0, 'change': 0, 'player_num': 1}
2026-05-11 15:20:37,399 : INFO : EventManager : Event: ======'player_pilot_mission_qualifier_spinner_shot_lockout_tick'====== Args={'value': 0, 'prev_value': 0, 'change': 0, 'player_num': 1}
2026-05-11 15:20:37,399 : INFO : EventManager : Event: ======'player_pilot_mission_qualifier_left_orbit_shot_timeout_tick'====== Args={'value': 0, 'prev_value': 0, 'change': 0, 'player_num': 1}
2026-05-11 15:20:37,400 : INFO : EventManager : Event: ======'player_pilot_mission_qualifier_right_orbit_shot_timeout_tick'====== Args={'value': 0, 'prev_value': 0, 'change': 0, 'player_num': 1}
2026-05-11 15:20:37,400 : INFO : EventManager : Event: ======'player_pilot_mission_qualifier_inverted_bonus_topgun_delay_tick'====== Args={'value': 0, 'prev_value': 0, 'change': 0, 'player_num': 1}
2026-05-11 15:20:37,400 : INFO : EventManager : Event: ======'player_pilot_mission_qualifier_orbit_shot_lockout_timer_tick'====== Args={'value': 0, 'prev_value': 0, 'change': 0, 'player_num': 1}
2026-05-11 15:20:37,400 : INFO : EventManager : Event: ======'player_pilot_mission_qualifier_post_plunge_orbit_lockout_tick'====== Args={'value': 0, 'prev_value': 0, 'change': 0, 'player_num': 1}
2026-05-11 15:20:37,400 : INFO : EventManager : Event: ======'player_pilot_mission_qualifier_post_mb_barrier_restore_tick'====== Args={'value': 0, 'prev_value': 0, 'change': 0, 'player_num': 1}
2026-05-11 15:20:37,400 : INFO : EventManager : Event: ======'player_pilot_mission_qualifier_left_diverter_tl_hold_tick'====== Args={'value': 0, 'prev_value': 0, 'change': 0, 'player_num': 1}
2026-05-11 15:20:37,401 : INFO : EventManager : Event: ======'player_pilot_mission_qualifier_global_scoop_eject_delay_tick'====== Args={'value': 0, 'prev_value': 0, 'change': 0, 'player_num': 1}
2026-05-11 15:20:37,401 : INFO : EventManager : Event: ======'player_pilot_mission_qualifier_skillshot_video_running_tick'====== Args={'value': 0, 'prev_value': 0, 'change': 0, 'player_num': 1}
2026-05-11 15:20:37,401 : INFO : EventManager : Event: ======'player_pilot_mission_qualifier_topgun_ll_qualify_window_tick'====== Args={'value': 0, 'prev_value': 0, 'change': 0, 'player_num': 1}
2026-05-11 15:20:37,531 : INFO : EventManager : Unordered handler for class ConfigPlayer.variable_player/variables on event mode_top_gun_multiball_stopped with priority 200. Handlers: [RegisteredHandler(callback=<bound method ConfigPlayer.config_play_callback of ConfigPlayer.variable_player/variables>, priority=200, kwargs={'calling_context': 'mode_top_gun_multiball_stopped', 'mode': <Mode.top_gun_multiball_locks>, 'settings': {'lock_goose_lit': {'action': 'set', 'int': <NativeTemplate 0>, 'priority': 0, 'float': None, 'string': None, 'block': False, 'player': None, 'condition': None}, 'lock_mav_lit': {'action': 'set', 'int': <NativeTemplate 0>, 'priority': 0, 'float': None, 'string': None, 'block': False, 'player': None, 'condition': None}, 'lock_goose_locked': {'action': 'set', 'int': <NativeTemplate 0>, 'priority': 0, 'float': None, 'string': None, 'block': False, 'player': None, 'condition': None}, 'lock_mav_locked': {'action': 'set', 'int': <NativeTemplate 0>, 'priority': 0, 'float': None, 'string': None, 'block': False, 'player': None, 'condition': None}, 'multiball_qualified': {'action': 'set', 'int': <NativeTemplate 0>, 'priority': 0, 'float': None, 'string': None, 'block': False, 'player': None, 'condition': None}, 'multiball_starting': {'action': 'set', 'int': <NativeTemplate 0>, 'priority': 0, 'float': None, 'string': None, 'block': False, 'player': None, 'condition': None}, 'lock_completions': {'action': 'set', 'int': <NativeTemplate 0>, 'priority': 0, 'float': None, 'string': None, 'block': False, 'player': None, 'condition': None}, 'multiball_active': {'action': 'set', 'int': <NativeTemplate 0>, 'priority': 0, 'float': None, 'string': None, 'block': False, 'player': None, 'condition': None}, 'letter_collection_paused': {'action': 'set', 'int': <NativeTemplate 0>, 'priority': 0, 'float': None, 'string': None, 'block': False, 'player': None, 'condition': None}, 'pilot_qualifier_paused': {'action': 'set', 'int': <NativeTemplate 0>, 'priority': 0, 'float': None, 'string': None, 'block': False, 'player': None, 'condition': None}, 'lock_collection_paused': {'action': 'set', 'int': <NativeTemplate 0>, 'priority': 0, 'float': None, 'string': None, 'block': False, 'player': None, 'condition': None}, 'mb_mode_choice_active': {'action': 'set', 'int': <NativeTemplate 0>, 'priority': 0, 'float': None, 'string': None, 'block': False, 'player': None, 'condition': None}, 'lock_timer_paused': {'action': 'set', 'int': <NativeTemplate 0>, 'priority': 0, 'float': None, 'string': None, 'block': False, 'player': None, 'condition': None}}}, key=UUID('1abedc0f-e72d-4294-a748-ae5b9df9595d'), condition=None, blocking_facility=None), RegisteredHandler(callback=<bound method ConfigPlayer.config_play_callback of ConfigPlayer.variable_player/variables>, priority=200, kwargs={'calling_context': 'mode_top_gun_multiball_stopped', 'mode': <Mode.pilot_mission_qualifier>, 'settings': {'letter_collection_paused': {'action': 'set', 'int': <NativeTemplate 0>, 'priority': 0, 'float': None, 'string': None, 'block': False, 'player': None, 'condition': None}, 'pilot_qualifier_paused': {'action': 'set', 'int': <NativeTemplate 0>, 'priority': 0, 'float': None, 'string': None, 'block': False, 'player': None, 'condition': None}, 'lock_collection_paused': {'action': 'set', 'int': <NativeTemplate 0>, 'priority': 0, 'float': None, 'string': None, 'block': False, 'player': None, 'condition': None}, 'multiball_active': {'action': 'set', 'int': <NativeTemplate 0>, 'priority': 0, 'float': None, 'string': None, 'block': False, 'player': None, 'condition': None}}}, key=UUID('e80ce4a0-ae37-4c24-b0c2-8279d4e22711'), condition=None, blocking_facility=None)]. The order of those handlers is not defined and they will be executed in random order. This might lead to race conditions and potential bugs.
2026-05-11 15:20:37,538 : INFO : EventManager : Event: ======'mode_pilot_mission_qualifier_starting'====== Args={'queue': <QueuedEvent>, 'player': 1, 'ball': 1, 'balls_remaining': 2, 'is_extra_ball': False}
2026-05-11 15:20:37,538 : INFO : EventManager : Event: ======'mode_iceman_letters_will_start'====== Args={'queue': <QueuedEvent>, 'player': 1, 'ball': 1, 'balls_remaining': 2, 'is_extra_ball': False}
2026-05-11 15:20:37,538 : INFO : EventManager : Event: ======'player_iceman_letters_iceman_reset_tick'====== Args={'value': 0, 'prev_value': 0, 'change': 0, 'player_num': 1}
2026-05-11 15:20:37,538 : INFO : EventManager : Event: ======'player_iceman_letters_left_mig_post_timer_tick'====== Args={'value': 0, 'prev_value': 0, 'change': 0, 'player_num': 1}
2026-05-11 15:20:37,539 : INFO : EventManager : Event: ======'player_iceman_letters_right_mig_post_timer_tick'====== Args={'value': 0, 'prev_value': 0, 'change': 0, 'player_num': 1}
2026-05-11 15:20:37,539 : INFO : EventManager : Event: ======'player_iceman_letters_right_orbit_lockout_timer_tick'====== Args={'value': 0, 'prev_value': 0, 'change': 0, 'player_num': 1}
2026-05-11 15:20:37,540 : INFO : EventManager : Unordered handler for class ConfigPlayer.coil_player/coils on event mode_pilot_training_mission_inverted_started with priority 200. Handlers: [RegisteredHandler(callback=<bound method ConfigPlayer.config_play_callback of ConfigPlayer.coil_player/coils>, priority=200, kwargs={'calling_context': 'mode_pilot_training_mission_inverted_started', 'mode': <Mode.pilot_mission_qualifier>, 'settings': {<coil.c_mode_barrier>: {'action': 'disable', 'priority': 0, 'hold_power': None, 'pulse_power': None, 'pulse_ms': None, 'max_wait_ms': None}}}, key=UUID('2079ee55-777e-4ace-9c18-c27209289f6e'), condition=None, blocking_facility=None), RegisteredHandler(callback=<bound method ConfigPlayer.config_play_callback of ConfigPlayer.coil_player/coils>, priority=200, kwargs={'calling_context': 'mode_pilot_training_mission_inverted_started', 'mode': <Mode.iceman_letters>, 'settings': {<coil.c_mode_barrier>: {'action': 'off', 'priority': 0, 'hold_power': None, 'pulse_power': None, 'pulse_ms': None, 'max_wait_ms': None}}}, key=UUID('a9babfc7-549a-496b-9312-ffc28cf4dbe6'), condition=None, blocking_facility=None)]. The order of those handlers is not defined and they will be executed in random order. This might lead to race conditions and potential bugs.
2026-05-11 15:20:37,540 : INFO : EventManager : Unordered handler for class ConfigPlayer.coil_player/coils on event mode_pilot_training_mission_missiles_started with priority 200. Handlers: [RegisteredHandler(callback=<bound method ConfigPlayer.config_play_callback of ConfigPlayer.coil_player/coils>, priority=200, kwargs={'calling_context': 'mode_pilot_training_mission_missiles_started', 'mode': <Mode.pilot_mission_qualifier>, 'settings': {<coil.c_mode_barrier>: {'action': 'disable', 'priority': 0, 'hold_power': None, 'pulse_power': None, 'pulse_ms': None, 'max_wait_ms': None}}}, key=UUID('c80f4f1e-35a2-4938-83f3-8c1ee89027e3'), condition=None, blocking_facility=None), RegisteredHandler(callback=<bound method ConfigPlayer.config_play_callback of ConfigPlayer.coil_player/coils>, priority=200, kwargs={'calling_context': 'mode_pilot_training_mission_missiles_started', 'mode': <Mode.iceman_letters>, 'settings': {<coil.c_mode_barrier>: {'action': 'off', 'priority': 0, 'hold_power': None, 'pulse_power': None, 'pulse_ms': None, 'max_wait_ms': None}}}, key=UUID('25c6c4bc-ce53-44fb-b6cb-eaaed0aca974'), condition=None, blocking_facility=None)]. The order of those handlers is not defined and they will be executed in random order. This might lead to race conditions and potential bugs.
2026-05-11 15:20:37,540 : INFO : EventManager : Unordered handler for class ConfigPlayer.coil_player/coils on event mode_pilot_training_mission_afterburner_started with priority 200. Handlers: [RegisteredHandler(callback=<bound method ConfigPlayer.config_play_callback of ConfigPlayer.coil_player/coils>, priority=200, kwargs={'calling_context': 'mode_pilot_training_mission_afterburner_started', 'mode': <Mode.pilot_mission_qualifier>, 'settings': {<coil.c_mode_barrier>: {'action': 'disable', 'priority': 0, 'hold_power': None, 'pulse_power': None, 'pulse_ms': None, 'max_wait_ms': None}}}, key=UUID('731b3725-96bf-42b0-8ce2-dbf74f3ad3bf'), condition=None, blocking_facility=None), RegisteredHandler(callback=<bound method ConfigPlayer.config_play_callback of ConfigPlayer.coil_player/coils>, priority=200, kwargs={'calling_context': 'mode_pilot_training_mission_afterburner_started', 'mode': <Mode.iceman_letters>, 'settings': {<coil.c_mode_barrier>: {'action': 'off', 'priority': 0, 'hold_power': None, 'pulse_power': None, 'pulse_ms': None, 'max_wait_ms': None}}}, key=UUID('d83fdc0b-31e3-481e-963a-7370a641fd35'), condition=None, blocking_facility=None)]. The order of those handlers is not defined and they will be executed in random order. This might lead to race conditions and potential bugs.
2026-05-11 15:20:37,540 : INFO : EventManager : Unordered handler for class ConfigPlayer.coil_player/coils on event mode_pilot_training_mission_wingman_started with priority 200. Handlers: [RegisteredHandler(callback=<bound method ConfigPlayer.config_play_callback of ConfigPlayer.coil_player/coils>, priority=200, kwargs={'calling_context': 'mode_pilot_training_mission_wingman_started', 'mode': <Mode.pilot_mission_qualifier>, 'settings': {<coil.c_mode_barrier>: {'action': 'disable', 'priority': 0, 'hold_power': None, 'pulse_power': None, 'pulse_ms': None, 'max_wait_ms': None}}}, key=UUID('a2a1d410-234b-42aa-b911-051f491872b5'), condition=None, blocking_facility=None), RegisteredHandler(callback=<bound method ConfigPlayer.config_play_callback of ConfigPlayer.coil_player/coils>, priority=200, kwargs={'calling_context': 'mode_pilot_training_mission_wingman_started', 'mode': <Mode.iceman_letters>, 'settings': {<coil.c_mode_barrier>: {'action': 'off', 'priority': 0, 'hold_power': None, 'pulse_power': None, 'pulse_ms': None, 'max_wait_ms': None}}}, key=UUID('43055877-4a50-4f5c-a5c1-5a34ab08c0f3'), condition=None, blocking_facility=None)]. The order of those handlers is not defined and they will be executed in random order. This might lead to race conditions and potential bugs.
2026-05-11 15:20:37,549 : INFO : EventManager : Unordered handler for class ConfigPlayer.coil_player/coils on event mode_pilot_training_mission_inverted_started with priority 200. Handlers: [RegisteredHandler(callback=<bound method ConfigPlayer.config_play_callback of ConfigPlayer.coil_player/coils>, priority=200, kwargs={'calling_context': 'mode_pilot_training_mission_inverted_started', 'mode': <Mode.pilot_mission_qualifier>, 'settings': {<coil.c_mode_barrier>: {'action': 'disable', 'priority': 0, 'hold_power': None, 'pulse_power': None, 'pulse_ms': None, 'max_wait_ms': None}}}, key=UUID('2079ee55-777e-4ace-9c18-c27209289f6e'), condition=None, blocking_facility=None), RegisteredHandler(callback=<bound method ConfigPlayer.config_play_callback of ConfigPlayer.coil_player/coils>, priority=200, kwargs={'calling_context': 'mode_pilot_training_mission_inverted_started', 'mode': <Mode.iceman_letters>, 'settings': {<coil.c_mode_barrier>: {'action': 'off', 'priority': 0, 'hold_power': None, 'pulse_power': None, 'pulse_ms': None, 'max_wait_ms': None}}}, key=UUID('a9babfc7-549a-496b-9312-ffc28cf4dbe6'), condition=None, blocking_facility=None)]. The order of those handlers is not defined and they will be executed in random order. This might lead to race conditions and potential bugs.
2026-05-11 15:20:37,549 : INFO : EventManager : Unordered handler for class ConfigPlayer.event_player/events on event mode_pilot_training_mission_inverted_started with priority 200. Handlers: [RegisteredHandler(callback=<bound method ConfigPlayer.config_play_callback of ConfigPlayer.event_player/events>, priority=200, kwargs={'calling_context': 'mode_pilot_training_mission_inverted_started', 'mode': <Mode.pilot_mission_qualifier>, 'settings': {'ball_search_reset': [{'condition': None, 'number': None, 'priority': 0, 'params': {}}], 'ball_search_block': [{'condition': None, 'number': None, 'priority': 0, 'params': {}}]}}, key=UUID('cebb4ec5-e1dc-4558-93f4-424c82cf1d0f'), condition=None, blocking_facility=None), RegisteredHandler(callback=<bound method ConfigPlayer.config_play_callback of ConfigPlayer.event_player/events>, priority=200, kwargs={'calling_context': 'mode_pilot_training_mission_inverted_started', 'mode': <Mode.iceman_letters>, 'settings': {'stop_all_training_pulse_shows': [{'condition': None, 'number': None, 'priority': 0, 'params': {}}]}}, key=UUID('b507071a-0c96-4601-b4ff-648af47c9cd3'), condition=None, blocking_facility=None)]. The order of those handlers is not defined and they will be executed in random order. This might lead to race conditions and potential bugs.
2026-05-11 15:20:37,549 : INFO : EventManager : Unordered handler for class ConfigPlayer.coil_player/coils on event mode_pilot_training_mission_missiles_started with priority 200. Handlers: [RegisteredHandler(callback=<bound method ConfigPlayer.config_play_callback of ConfigPlayer.coil_player/coils>, priority=200, kwargs={'calling_context': 'mode_pilot_training_mission_missiles_started', 'mode': <Mode.pilot_mission_qualifier>, 'settings': {<coil.c_mode_barrier>: {'action': 'disable', 'priority': 0, 'hold_power': None, 'pulse_power': None, 'pulse_ms': None, 'max_wait_ms': None}}}, key=UUID('c80f4f1e-35a2-4938-83f3-8c1ee89027e3'), condition=None, blocking_facility=None), RegisteredHandler(callback=<bound method ConfigPlayer.config_play_callback of ConfigPlayer.coil_player/coils>, priority=200, kwargs={'calling_context': 'mode_pilot_training_mission_missiles_started', 'mode': <Mode.iceman_letters>, 'settings': {<coil.c_mode_barrier>: {'action': 'off', 'priority': 0, 'hold_power': None, 'pulse_power': None, 'pulse_ms': None, 'max_wait_ms': None}}}, key=UUID('25c6c4bc-ce53-44fb-b6cb-eaaed0aca974'), condition=None, blocking_facility=None)]. The order of those handlers is not defined and they will be executed in random order. This might lead to race conditions and potential bugs.
2026-05-11 15:20:37,549 : INFO : EventManager : Unordered handler for class ConfigPlayer.event_player/events on event mode_pilot_training_mission_missiles_started with priority 200. Handlers: [RegisteredHandler(callback=<bound method ConfigPlayer.config_play_callback of ConfigPlayer.event_player/events>, priority=200, kwargs={'calling_context': 'mode_pilot_training_mission_missiles_started', 'mode': <Mode.pilot_mission_qualifier>, 'settings': {'ball_search_reset': [{'condition': None, 'number': None, 'priority': 0, 'params': {}}], 'ball_search_block': [{'condition': None, 'number': None, 'priority': 0, 'params': {}}]}}, key=UUID('86f2e7eb-d286-4103-8483-8195390aefb8'), condition=None, blocking_facility=None), RegisteredHandler(callback=<bound method ConfigPlayer.config_play_callback of ConfigPlayer.event_player/events>, priority=200, kwargs={'calling_context': 'mode_pilot_training_mission_missiles_started', 'mode': <Mode.iceman_letters>, 'settings': {'stop_all_training_pulse_shows': [{'condition': None, 'number': None, 'priority': 0, 'params': {}}]}}, key=UUID('7126e1e1-98d8-492a-9141-3593420fbc98'), condition=None, blocking_facility=None)]. The order of those handlers is not defined and they will be executed in random order. This might lead to race conditions and potential bugs.
2026-05-11 15:20:37,549 : INFO : EventManager : Unordered handler for class ConfigPlayer.coil_player/coils on event mode_pilot_training_mission_afterburner_started with priority 200. Handlers: [RegisteredHandler(callback=<bound method ConfigPlayer.config_play_callback of ConfigPlayer.coil_player/coils>, priority=200, kwargs={'calling_context': 'mode_pilot_training_mission_afterburner_started', 'mode': <Mode.pilot_mission_qualifier>, 'settings': {<coil.c_mode_barrier>: {'action': 'disable', 'priority': 0, 'hold_power': None, 'pulse_power': None, 'pulse_ms': None, 'max_wait_ms': None}}}, key=UUID('731b3725-96bf-42b0-8ce2-dbf74f3ad3bf'), condition=None, blocking_facility=None), RegisteredHandler(callback=<bound method ConfigPlayer.config_play_callback of ConfigPlayer.coil_player/coils>, priority=200, kwargs={'calling_context': 'mode_pilot_training_mission_afterburner_started', 'mode': <Mode.iceman_letters>, 'settings': {<coil.c_mode_barrier>: {'action': 'off', 'priority': 0, 'hold_power': None, 'pulse_power': None, 'pulse_ms': None, 'max_wait_ms': None}}}, key=UUID('d83fdc0b-31e3-481e-963a-7370a641fd35'), condition=None, blocking_facility=None)]. The order of those handlers is not defined and they will be executed in random order. This might lead to race conditions and potential bugs.
2026-05-11 15:20:37,549 : INFO : EventManager : Unordered handler for class ConfigPlayer.event_player/events on event mode_pilot_training_mission_afterburner_started with priority 200. Handlers: [RegisteredHandler(callback=<bound method ConfigPlayer.config_play_callback of ConfigPlayer.event_player/events>, priority=200, kwargs={'calling_context': 'mode_pilot_training_mission_afterburner_started', 'mode': <Mode.pilot_mission_qualifier>, 'settings': {'ball_search_reset': [{'condition': None, 'number': None, 'priority': 0, 'params': {}}], 'ball_search_block': [{'condition': None, 'number': None, 'priority': 0, 'params': {}}]}}, key=UUID('c36dbcd1-019d-475f-bd43-7f5e90910c7e'), condition=None, blocking_facility=None), RegisteredHandler(callback=<bound method ConfigPlayer.config_play_callback of ConfigPlayer.event_player/events>, priority=200, kwargs={'calling_context': 'mode_pilot_training_mission_afterburner_started', 'mode': <Mode.iceman_letters>, 'settings': {'stop_all_training_pulse_shows': [{'condition': None, 'number': None, 'priority': 0, 'params': {}}]}}, key=UUID('44a6facc-0afe-4e7e-9776-806dc83d52fc'), condition=None, blocking_facility=None)]. The order of those handlers is not defined and they will be executed in random order. This might lead to race conditions and potential bugs.
2026-05-11 15:20:37,549 : INFO : EventManager : Unordered handler for class ConfigPlayer.coil_player/coils on event mode_pilot_training_mission_wingman_started with priority 200. Handlers: [RegisteredHandler(callback=<bound method ConfigPlayer.config_play_callback of ConfigPlayer.coil_player/coils>, priority=200, kwargs={'calling_context': 'mode_pilot_training_mission_wingman_started', 'mode': <Mode.pilot_mission_qualifier>, 'settings': {<coil.c_mode_barrier>: {'action': 'disable', 'priority': 0, 'hold_power': None, 'pulse_power': None, 'pulse_ms': None, 'max_wait_ms': None}}}, key=UUID('a2a1d410-234b-42aa-b911-051f491872b5'), condition=None, blocking_facility=None), RegisteredHandler(callback=<bound method ConfigPlayer.config_play_callback of ConfigPlayer.coil_player/coils>, priority=200, kwargs={'calling_context': 'mode_pilot_training_mission_wingman_started', 'mode': <Mode.iceman_letters>, 'settings': {<coil.c_mode_barrier>: {'action': 'off', 'priority': 0, 'hold_power': None, 'pulse_power': None, 'pulse_ms': None, 'max_wait_ms': None}}}, key=UUID('43055877-4a50-4f5c-a5c1-5a34ab08c0f3'), condition=None, blocking_facility=None)]. The order of those handlers is not defined and they will be executed in random order. This might lead to race conditions and potential bugs.
2026-05-11 15:20:37,549 : INFO : EventManager : Unordered handler for class ConfigPlayer.event_player/events on event mode_pilot_training_mission_wingman_started with priority 200. Handlers: [RegisteredHandler(callback=<bound method ConfigPlayer.config_play_callback of ConfigPlayer.event_player/events>, priority=200, kwargs={'calling_context': 'mode_pilot_training_mission_wingman_started', 'mode': <Mode.pilot_mission_qualifier>, 'settings': {'ball_search_reset': [{'condition': None, 'number': None, 'priority': 0, 'params': {}}], 'ball_search_block': [{'condition': None, 'number': None, 'priority': 0, 'params': {}}]}}, key=UUID('4a71658a-f033-46f4-bf8e-6f48b4614d68'), condition=None, blocking_facility=None), RegisteredHandler(callback=<bound method ConfigPlayer.config_play_callback of ConfigPlayer.event_player/events>, priority=200, kwargs={'calling_context': 'mode_pilot_training_mission_wingman_started', 'mode': <Mode.iceman_letters>, 'settings': {'stop_all_training_pulse_shows': [{'condition': None, 'number': None, 'priority': 0, 'params': {}}]}}, key=UUID('43eba447-3370-4dd5-ad39-f95fb88d028c'), condition=None, blocking_facility=None)]. The order of those handlers is not defined and they will be executed in random order. This might lead to race conditions and potential bugs.
2026-05-11 15:20:37,550 : INFO : EventManager : Unordered handler for class ConfigPlayer.event_player/events on event mode_edge_of_space_started with priority 200. Handlers: [RegisteredHandler(callback=<bound method ConfigPlayer.config_play_callback of ConfigPlayer.event_player/events>, priority=200, kwargs={'calling_context': 'mode_edge_of_space_started', 'mode': <Mode.pilot_mission_qualifier>, 'settings': {'reset_topgun_letters': [{'condition': None, 'number': None, 'priority': 0, 'params': {}}], 'check_all_pilot_modes_played': [{'condition': None, 'number': None, 'priority': 0, 'params': {}}], 'ball_search_reset': [{'condition': None, 'number': None, 'priority': 0, 'params': {}}], 'ball_search_block': [{'condition': None, 'number': None, 'priority': 0, 'params': {}}]}}, key=UUID('4ae9214f-f8fa-4a38-8293-927eeb3bf509'), condition=None, blocking_facility=None), RegisteredHandler(callback=<bound method ConfigPlayer.config_play_callback of ConfigPlayer.event_player/events>, priority=200, kwargs={'calling_context': 'mode_edge_of_space_started', 'mode': <Mode.iceman_letters>, 'settings': {'stop_all_training_pulse_shows': [{'condition': None, 'number': None, 'priority': 0, 'params': {}}]}}, key=UUID('05c29258-6848-4066-8800-7617f7de9b1d'), condition=None, blocking_facility=None)]. The order of those handlers is not defined and they will be executed in random order. This might lead to race conditions and potential bugs.
2026-05-11 15:20:37,550 : INFO : EventManager : Unordered handler for class ConfigPlayer.event_player/events on event mode_battle_jester_started with priority 200. Handlers: [RegisteredHandler(callback=<bound method ConfigPlayer.config_play_callback of ConfigPlayer.event_player/events>, priority=200, kwargs={'calling_context': 'mode_battle_jester_started', 'mode': <Mode.pilot_mission_qualifier>, 'settings': {'reset_topgun_letters': [{'condition': None, 'number': None, 'priority': 0, 'params': {}}], 'check_all_pilot_modes_played': [{'condition': None, 'number': None, 'priority': 0, 'params': {}}], 'ball_search_reset': [{'condition': None, 'number': None, 'priority': 0, 'params': {}}], 'ball_search_block': [{'condition': None, 'number': None, 'priority': 0, 'params': {}}]}}, key=UUID('693d2ccb-2027-4fc0-a246-4872b40e0cc4'), condition=None, blocking_facility=None), RegisteredHandler(callback=<bound method ConfigPlayer.config_play_callback of ConfigPlayer.event_player/events>, priority=200, kwargs={'calling_context': 'mode_battle_jester_started', 'mode': <Mode.iceman_letters>, 'settings': {'stop_all_training_pulse_shows': [{'condition': None, 'number': None, 'priority': 0, 'params': {}}]}}, key=UUID('90ed906a-b699-4091-9aac-e997176850a6'), condition=None, blocking_facility=None)]. The order of those handlers is not defined and they will be executed in random order. This might lead to race conditions and potential bugs.
2026-05-11 15:20:37,550 : INFO : EventManager : Unordered handler for class ConfigPlayer.event_player/events on event mode_canyon_run_started with priority 200. Handlers: [RegisteredHandler(callback=<bound method ConfigPlayer.config_play_callback of ConfigPlayer.event_player/events>, priority=200, kwargs={'calling_context': 'mode_canyon_run_started', 'mode': <Mode.pilot_mission_qualifier>, 'settings': {'reset_topgun_letters': [{'condition': None, 'number': None, 'priority': 0, 'params': {}}], 'check_all_pilot_modes_played': [{'condition': None, 'number': None, 'priority': 0, 'params': {}}], 'ball_search_reset': [{'condition': None, 'number': None, 'priority': 0, 'params': {}}], 'ball_search_block': [{'condition': None, 'number': None, 'priority': 0, 'params': {}}]}}, key=UUID('d17afa86-f3b1-4ea8-ba31-8f790f166452'), condition=None, blocking_facility=None), RegisteredHandler(callback=<bound method ConfigPlayer.config_play_callback of ConfigPlayer.event_player/events>, priority=200, kwargs={'calling_context': 'mode_canyon_run_started', 'mode': <Mode.iceman_letters>, 'settings': {'stop_all_training_pulse_shows': [{'condition': None, 'number': None, 'priority': 0, 'params': {}}]}}, key=UUID('e54093b7-ba83-4e63-8852-723a2d714ba4'), condition=None, blocking_facility=None)]. The order of those handlers is not defined and they will be executed in random order. This might lead to race conditions and potential bugs.
2026-05-11 15:20:37,550 : INFO : EventManager : Unordered handler for class ConfigPlayer.event_player/events on event mode_rise_of_phoenix_started with priority 200. Handlers: [RegisteredHandler(callback=<bound method ConfigPlayer.config_play_callback of ConfigPlayer.event_player/events>, priority=200, kwargs={'calling_context': 'mode_rise_of_phoenix_started', 'mode': <Mode.pilot_mission_qualifier>, 'settings': {'reset_topgun_letters': [{'condition': None, 'number': None, 'priority': 0, 'params': {}}], 'check_all_pilot_modes_played': [{'condition': None, 'number': None, 'priority': 0, 'params': {}}], 'ball_search_reset': [{'condition': None, 'number': None, 'priority': 0, 'params': {}}], 'ball_search_block': [{'condition': None, 'number': None, 'priority': 0, 'params': {}}]}}, key=UUID('da4c78df-4055-4365-8390-f6cb21c3a7ec'), condition=None, blocking_facility=None), RegisteredHandler(callback=<bound method ConfigPlayer.config_play_callback of ConfigPlayer.event_player/events>, priority=200, kwargs={'calling_context': 'mode_rise_of_phoenix_started', 'mode': <Mode.iceman_letters>, 'settings': {'stop_all_training_pulse_shows': [{'condition': None, 'number': None, 'priority': 0, 'params': {}}]}}, key=UUID('56655320-47cb-40a2-9324-4a8081176a5e'), condition=None, blocking_facility=None)]. The order of those handlers is not defined and they will be executed in random order. This might lead to race conditions and potential bugs.
2026-05-11 15:20:37,550 : INFO : EventManager : Unordered handler for class ConfigPlayer.event_player/events on event mode_rescue_cougar_started with priority 200. Handlers: [RegisteredHandler(callback=<bound method ConfigPlayer.config_play_callback of ConfigPlayer.event_player/events>, priority=200, kwargs={'calling_context': 'mode_rescue_cougar_started', 'mode': <Mode.pilot_mission_qualifier>, 'settings': {'reset_topgun_letters': [{'condition': None, 'number': None, 'priority': 0, 'params': {}}], 'check_all_pilot_modes_played': [{'condition': None, 'number': None, 'priority': 0, 'params': {}}], 'ball_search_reset': [{'condition': None, 'number': None, 'priority': 0, 'params': {}}], 'ball_search_block': [{'condition': None, 'number': None, 'priority': 0, 'params': {}}]}}, key=UUID('43c358a9-abe6-4aca-bac0-ed55dcf1ce38'), condition=None, blocking_facility=None), RegisteredHandler(callback=<bound method ConfigPlayer.config_play_callback of ConfigPlayer.event_player/events>, priority=200, kwargs={'calling_context': 'mode_rescue_cougar_started', 'mode': <Mode.iceman_letters>, 'settings': {'stop_all_training_pulse_shows': [{'condition': None, 'number': None, 'priority': 0, 'params': {}}]}}, key=UUID('3991f783-89d6-49d7-9c3f-24f39d82af1e'), condition=None, blocking_facility=None)]. The order of those handlers is not defined and they will be executed in random order. This might lead to race conditions and potential bugs.
2026-05-11 15:20:37,550 : INFO : EventManager : Unordered handler for class ConfigPlayer.event_player/events on event mode_cool_under_pressure_started with priority 200. Handlers: [RegisteredHandler(callback=<bound method ConfigPlayer.config_play_callback of ConfigPlayer.event_player/events>, priority=200, kwargs={'calling_context': 'mode_cool_under_pressure_started', 'mode': <Mode.pilot_mission_qualifier>, 'settings': {'reset_topgun_letters': [{'condition': None, 'number': None, 'priority': 0, 'params': {}}], 'check_all_pilot_modes_played': [{'condition': None, 'number': None, 'priority': 0, 'params': {}}], 'ball_search_reset': [{'condition': None, 'number': None, 'priority': 0, 'params': {}}], 'ball_search_block': [{'condition': None, 'number': None, 'priority': 0, 'params': {}}]}}, key=UUID('f941b089-7bbd-4b6b-a331-2241987a9b58'), condition=None, blocking_facility=None), RegisteredHandler(callback=<bound method ConfigPlayer.config_play_callback of ConfigPlayer.event_player/events>, priority=200, kwargs={'calling_context': 'mode_cool_under_pressure_started', 'mode': <Mode.iceman_letters>, 'settings': {'stop_all_training_pulse_shows': [{'condition': None, 'number': None, 'priority': 0, 'params': {}}]}}, key=UUID('d6b1f0dd-3a02-4329-93ba-c42870cc95ae'), condition=None, blocking_facility=None)]. The order of those handlers is not defined and they will be executed in random order. This might lead to race conditions and potential bugs.
2026-05-11 15:20:37,550 : INFO : EventManager : Unordered handler for class ConfigPlayer.event_player/events on event mode_no_points_for_second_place_started with priority 200. Handlers: [RegisteredHandler(callback=<bound method ConfigPlayer.config_play_callback of ConfigPlayer.event_player/events>, priority=200, kwargs={'calling_context': 'mode_no_points_for_second_place_started', 'mode': <Mode.pilot_mission_qualifier>, 'settings': {'reset_topgun_letters': [{'condition': None, 'number': None, 'priority': 0, 'params': {}}], 'check_all_pilot_modes_played': [{'condition': None, 'number': None, 'priority': 0, 'params': {}}], 'ball_search_reset': [{'condition': None, 'number': None, 'priority': 0, 'params': {}}], 'ball_search_block': [{'condition': None, 'number': None, 'priority': 0, 'params': {}}]}}, key=UUID('568a5bea-d2a3-4c45-9209-e65fb482c57c'), condition=None, blocking_facility=None), RegisteredHandler(callback=<bound method ConfigPlayer.config_play_callback of ConfigPlayer.event_player/events>, priority=200, kwargs={'calling_context': 'mode_no_points_for_second_place_started', 'mode': <Mode.iceman_letters>, 'settings': {'stop_all_training_pulse_shows': [{'condition': None, 'number': None, 'priority': 0, 'params': {}}]}}, key=UUID('296694f5-5e91-4c3e-b3c6-0b2e3f1f066b'), condition=None, blocking_facility=None)]. The order of those handlers is not defined and they will be executed in random order. This might lead to race conditions and potential bugs.
2026-05-11 15:20:37,550 : INFO : EventManager : Unordered handler for class ConfigPlayer.event_player/events on event mode_below_the_hard_deck_started with priority 200. Handlers: [RegisteredHandler(callback=<bound method ConfigPlayer.config_play_callback of ConfigPlayer.event_player/events>, priority=200, kwargs={'calling_context': 'mode_below_the_hard_deck_started', 'mode': <Mode.pilot_mission_qualifier>, 'settings': {'reset_topgun_letters': [{'condition': None, 'number': None, 'priority': 0, 'params': {}}], 'check_all_pilot_modes_played': [{'condition': None, 'number': None, 'priority': 0, 'params': {}}], 'ball_search_reset': [{'condition': None, 'number': None, 'priority': 0, 'params': {}}], 'ball_search_block': [{'condition': None, 'number': None, 'priority': 0, 'params': {}}]}}, key=UUID('acfed1ea-46d2-4ecc-8f40-3806daeeab4e'), condition=None, blocking_facility=None), RegisteredHandler(callback=<bound method ConfigPlayer.config_play_callback of ConfigPlayer.event_player/events>, priority=200, kwargs={'calling_context': 'mode_below_the_hard_deck_started', 'mode': <Mode.iceman_letters>, 'settings': {'stop_all_training_pulse_shows': [{'condition': None, 'number': None, 'priority': 0, 'params': {}}]}}, key=UUID('f33dd552-620c-48ea-9a33-082b91430a50'), condition=None, blocking_facility=None)]. The order of those handlers is not defined and they will be executed in random order. This might lead to race conditions and potential bugs.
2026-05-11 15:20:37,550 : INFO : EventManager : Unordered handler for class ConfigPlayer.event_player/events on event mode_no_margin_for_error_started with priority 200. Handlers: [RegisteredHandler(callback=<bound method ConfigPlayer.config_play_callback of ConfigPlayer.event_player/events>, priority=200, kwargs={'calling_context': 'mode_no_margin_for_error_started', 'mode': <Mode.pilot_mission_qualifier>, 'settings': {'reset_topgun_letters': [{'condition': None, 'number': None, 'priority': 0, 'params': {}}], 'check_all_pilot_modes_played': [{'condition': None, 'number': None, 'priority': 0, 'params': {}}], 'ball_search_reset': [{'condition': None, 'number': None, 'priority': 0, 'params': {}}], 'ball_search_block': [{'condition': None, 'number': None, 'priority': 0, 'params': {}}]}}, key=UUID('43dfe60e-8a6e-4e95-a043-bf07b9e59560'), condition=None, blocking_facility=None), RegisteredHandler(callback=<bound method ConfigPlayer.config_play_callback of ConfigPlayer.event_player/events>, priority=200, kwargs={'calling_context': 'mode_no_margin_for_error_started', 'mode': <Mode.iceman_letters>, 'settings': {'stop_all_training_pulse_shows': [{'condition': None, 'number': None, 'priority': 0, 'params': {}}]}}, key=UUID('ae7370a0-7435-4a91-9b54-4b08f3a9f355'), condition=None, blocking_facility=None)]. The order of those handlers is not defined and they will be executed in random order. This might lead to race conditions and potential bugs.
2026-05-11 15:20:37,550 : INFO : EventManager : Unordered handler for class ConfigPlayer.event_player/events on event mode_hard_deck_playing_with_the_boys_started with priority 200. Handlers: [RegisteredHandler(callback=<bound method ConfigPlayer.config_play_callback of ConfigPlayer.event_player/events>, priority=200, kwargs={'calling_context': 'mode_hard_deck_playing_with_the_boys_started', 'mode': <Mode.pilot_mission_qualifier>, 'settings': {'ball_search_reset': [{'condition': None, 'number': None, 'priority': 0, 'params': {}}], 'ball_search_block': [{'condition': None, 'number': None, 'priority': 0, 'params': {}}]}}, key=UUID('0fc3915c-ee5f-42db-95f0-a6c8069ff7d6'), condition=None, blocking_facility=None), RegisteredHandler(callback=<bound method ConfigPlayer.config_play_callback of ConfigPlayer.event_player/events>, priority=200, kwargs={'calling_context': 'mode_hard_deck_playing_with_the_boys_started', 'mode': <Mode.iceman_letters>, 'settings': {'stop_all_training_pulse_shows': [{'condition': None, 'number': None, 'priority': 0, 'params': {}}]}}, key=UUID('e95debd0-b6be-4550-aa74-0922722aa9b1'), condition=None, blocking_facility=None)]. The order of those handlers is not defined and they will be executed in random order. This might lead to race conditions and potential bugs.
2026-05-11 15:20:37,552 : INFO : EventManager : Unordered handler for class ConfigPlayer.event_player/events on event mode_hard_deck_maverick_and_charlie_started with priority 200. Handlers: [RegisteredHandler(callback=<bound method ConfigPlayer.config_play_callback of ConfigPlayer.event_player/events>, priority=200, kwargs={'calling_context': 'mode_hard_deck_maverick_and_charlie_started', 'mode': <Mode.pilot_mission_qualifier>, 'settings': {'ball_search_reset': [{'condition': None, 'number': None, 'priority': 0, 'params': {}}], 'ball_search_block': [{'condition': None, 'number': None, 'priority': 0, 'params': {}}]}}, key=UUID('84c87fdd-8e16-47d2-86ad-5bf834bce045'), condition=None, blocking_facility=None), RegisteredHandler(callback=<bound method ConfigPlayer.config_play_callback of ConfigPlayer.event_player/events>, priority=200, kwargs={'calling_context': 'mode_hard_deck_maverick_and_charlie_started', 'mode': <Mode.iceman_letters>, 'settings': {'stop_all_training_pulse_shows': [{'condition': None, 'number': None, 'priority': 0, 'params': {}}]}}, key=UUID('40cfeb1c-2cdf-4101-9344-7ffa4b54c9f4'), condition=None, blocking_facility=None)]. The order of those handlers is not defined and they will be executed in random order. This might lead to race conditions and potential bugs.
2026-05-11 15:20:37,552 : INFO : EventManager : Unordered handler for class ConfigPlayer.event_player/events on event mode_hard_deck_maverick_and_penny_started with priority 200. Handlers: [RegisteredHandler(callback=<bound method ConfigPlayer.config_play_callback of ConfigPlayer.event_player/events>, priority=200, kwargs={'calling_context': 'mode_hard_deck_maverick_and_penny_started', 'mode': <Mode.pilot_mission_qualifier>, 'settings': {'ball_search_reset': [{'condition': None, 'number': None, 'priority': 0, 'params': {}}], 'ball_search_block': [{'condition': None, 'number': None, 'priority': 0, 'params': {}}]}}, key=UUID('4d505585-c610-48ec-9c98-ed5e34fed8ac'), condition=None, blocking_facility=None), RegisteredHandler(callback=<bound method ConfigPlayer.config_play_callback of ConfigPlayer.event_player/events>, priority=200, kwargs={'calling_context': 'mode_hard_deck_maverick_and_penny_started', 'mode': <Mode.iceman_letters>, 'settings': {'stop_all_training_pulse_shows': [{'condition': None, 'number': None, 'priority': 0, 'params': {}}]}}, key=UUID('debd5e49-482d-4e18-aff0-657f1f54e234'), condition=None, blocking_facility=None)]. The order of those handlers is not defined and they will be executed in random order. This might lead to race conditions and potential bugs.
2026-05-11 15:20:37,552 : INFO : EventManager : Unordered handler for class ConfigPlayer.event_player/events on event mode_hard_deck_honoring_iceman_started with priority 200. Handlers: [RegisteredHandler(callback=<bound method ConfigPlayer.config_play_callback of ConfigPlayer.event_player/events>, priority=200, kwargs={'calling_context': 'mode_hard_deck_honoring_iceman_started', 'mode': <Mode.pilot_mission_qualifier>, 'settings': {'ball_search_reset': [{'condition': None, 'number': None, 'priority': 0, 'params': {}}], 'ball_search_block': [{'condition': None, 'number': None, 'priority': 0, 'params': {}}]}}, key=UUID('75018123-7c13-416a-85f7-5912a9fda0c6'), condition=None, blocking_facility=None), RegisteredHandler(callback=<bound method ConfigPlayer.config_play_callback of ConfigPlayer.event_player/events>, priority=200, kwargs={'calling_context': 'mode_hard_deck_honoring_iceman_started', 'mode': <Mode.iceman_letters>, 'settings': {'stop_all_training_pulse_shows': [{'condition': None, 'number': None, 'priority': 0, 'params': {}}]}}, key=UUID('e5d39e63-01b2-44fd-b948-15a4ab1b3b63'), condition=None, blocking_facility=None)]. The order of those handlers is not defined and they will be executed in random order. This might lead to race conditions and potential bugs.
2026-05-11 15:20:37,553 : INFO : EventManager : Unordered handler for class ConfigPlayer.variable_player/variables on event mode_top_gun_multiball_stopped with priority 200. Handlers: [RegisteredHandler(callback=<bound method ConfigPlayer.config_play_callback of ConfigPlayer.variable_player/variables>, priority=200, kwargs={'calling_context': 'mode_top_gun_multiball_stopped', 'mode': <Mode.top_gun_multiball_locks>, 'settings': {'lock_goose_lit': {'action': 'set', 'int': <NativeTemplate 0>, 'priority': 0, 'float': None, 'string': None, 'block': False, 'player': None, 'condition': None}, 'lock_mav_lit': {'action': 'set', 'int': <NativeTemplate 0>, 'priority': 0, 'float': None, 'string': None, 'block': False, 'player': None, 'condition': None}, 'lock_goose_locked': {'action': 'set', 'int': <NativeTemplate 0>, 'priority': 0, 'float': None, 'string': None, 'block': False, 'player': None, 'condition': None}, 'lock_mav_locked': {'action': 'set', 'int': <NativeTemplate 0>, 'priority': 0, 'float': None, 'string': None, 'block': False, 'player': None, 'condition': None}, 'multiball_qualified': {'action': 'set', 'int': <NativeTemplate 0>, 'priority': 0, 'float': None, 'string': None, 'block': False, 'player': None, 'condition': None}, 'multiball_starting': {'action': 'set', 'int': <NativeTemplate 0>, 'priority': 0, 'float': None, 'string': None, 'block': False, 'player': None, 'condition': None}, 'lock_completions': {'action': 'set', 'int': <NativeTemplate 0>, 'priority': 0, 'float': None, 'string': None, 'block': False, 'player': None, 'condition': None}, 'multiball_active': {'action': 'set', 'int': <NativeTemplate 0>, 'priority': 0, 'float': None, 'string': None, 'block': False, 'player': None, 'condition': None}, 'letter_collection_paused': {'action': 'set', 'int': <NativeTemplate 0>, 'priority': 0, 'float': None, 'string': None, 'block': False, 'player': None, 'condition': None}, 'pilot_qualifier_paused': {'action': 'set', 'int': <NativeTemplate 0>, 'priority': 0, 'float': None, 'string': None, 'block': False, 'player': None, 'condition': None}, 'lock_collection_paused': {'action': 'set', 'int': <NativeTemplate 0>, 'priority': 0, 'float': None, 'string': None, 'block': False, 'player': None, 'condition': None}, 'mb_mode_choice_active': {'action': 'set', 'int': <NativeTemplate 0>, 'priority': 0, 'float': None, 'string': None, 'block': False, 'player': None, 'condition': None}, 'lock_timer_paused': {'action': 'set', 'int': <NativeTemplate 0>, 'priority': 0, 'float': None, 'string': None, 'block': False, 'player': None, 'condition': None}}}, key=UUID('1abedc0f-e72d-4294-a748-ae5b9df9595d'), condition=None, blocking_facility=None), RegisteredHandler(callback=<bound method ConfigPlayer.config_play_callback of ConfigPlayer.variable_player/variables>, priority=200, kwargs={'calling_context': 'mode_top_gun_multiball_stopped', 'mode': <Mode.pilot_mission_qualifier>, 'settings': {'letter_collection_paused': {'action': 'set', 'int': <NativeTemplate 0>, 'priority': 0, 'float': None, 'string': None, 'block': False, 'player': None, 'condition': None}, 'pilot_qualifier_paused': {'action': 'set', 'int': <NativeTemplate 0>, 'priority': 0, 'float': None, 'string': None, 'block': False, 'player': None, 'condition': None}, 'lock_collection_paused': {'action': 'set', 'int': <NativeTemplate 0>, 'priority': 0, 'float': None, 'string': None, 'block': False, 'player': None, 'condition': None}, 'multiball_active': {'action': 'set', 'int': <NativeTemplate 0>, 'priority': 0, 'float': None, 'string': None, 'block': False, 'player': None, 'condition': None}}}, key=UUID('e80ce4a0-ae37-4c24-b0c2-8279d4e22711'), condition=None, blocking_facility=None)]. The order of those handlers is not defined and they will be executed in random order. This might lead to race conditions and potential bugs.
2026-05-11 15:20:37,557 : INFO : EventManager : Unordered handler for class ConfigPlayer.coil_player/coils on event mode_pilot_training_mission_inverted_started with priority 200. Handlers: [RegisteredHandler(callback=<bound method ConfigPlayer.config_play_callback of ConfigPlayer.coil_player/coils>, priority=200, kwargs={'calling_context': 'mode_pilot_training_mission_inverted_started', 'mode': <Mode.pilot_mission_qualifier>, 'settings': {<coil.c_mode_barrier>: {'action': 'disable', 'priority': 0, 'hold_power': None, 'pulse_power': None, 'pulse_ms': None, 'max_wait_ms': None}}}, key=UUID('2079ee55-777e-4ace-9c18-c27209289f6e'), condition=None, blocking_facility=None), RegisteredHandler(callback=<bound method ConfigPlayer.config_play_callback of ConfigPlayer.coil_player/coils>, priority=200, kwargs={'calling_context': 'mode_pilot_training_mission_inverted_started', 'mode': <Mode.iceman_letters>, 'settings': {<coil.c_mode_barrier>: {'action': 'off', 'priority': 0, 'hold_power': None, 'pulse_power': None, 'pulse_ms': None, 'max_wait_ms': None}}}, key=UUID('a9babfc7-549a-496b-9312-ffc28cf4dbe6'), condition=None, blocking_facility=None)]. The order of those handlers is not defined and they will be executed in random order. This might lead to race conditions and potential bugs.
2026-05-11 15:20:37,557 : INFO : EventManager : Unordered handler for class ConfigPlayer.event_player/events on event mode_pilot_training_mission_inverted_started with priority 200. Handlers: [RegisteredHandler(callback=<bound method ConfigPlayer.config_play_callback of ConfigPlayer.event_player/events>, priority=200, kwargs={'calling_context': 'mode_pilot_training_mission_inverted_started', 'mode': <Mode.pilot_mission_qualifier>, 'settings': {'ball_search_reset': [{'condition': None, 'number': None, 'priority': 0, 'params': {}}], 'ball_search_block': [{'condition': None, 'number': None, 'priority': 0, 'params': {}}]}}, key=UUID('cebb4ec5-e1dc-4558-93f4-424c82cf1d0f'), condition=None, blocking_facility=None), RegisteredHandler(callback=<bound method ConfigPlayer.config_play_callback of ConfigPlayer.event_player/events>, priority=200, kwargs={'calling_context': 'mode_pilot_training_mission_inverted_started', 'mode': <Mode.iceman_letters>, 'settings': {'stop_all_training_pulse_shows': [{'condition': None, 'number': None, 'priority': 0, 'params': {}}]}}, key=UUID('b507071a-0c96-4601-b4ff-648af47c9cd3'), condition=None, blocking_facility=None)]. The order of those handlers is not defined and they will be executed in random order. This might lead to race conditions and potential bugs.
2026-05-11 15:20:37,557 : INFO : EventManager : Unordered handler for class ConfigPlayer.coil_player/coils on event mode_pilot_training_mission_missiles_started with priority 200. Handlers: [RegisteredHandler(callback=<bound method ConfigPlayer.config_play_callback of ConfigPlayer.coil_player/coils>, priority=200, kwargs={'calling_context': 'mode_pilot_training_mission_missiles_started', 'mode': <Mode.pilot_mission_qualifier>, 'settings': {<coil.c_mode_barrier>: {'action': 'disable', 'priority': 0, 'hold_power': None, 'pulse_power': None, 'pulse_ms': None, 'max_wait_ms': None}}}, key=UUID('c80f4f1e-35a2-4938-83f3-8c1ee89027e3'), condition=None, blocking_facility=None), RegisteredHandler(callback=<bound method ConfigPlayer.config_play_callback of ConfigPlayer.coil_player/coils>, priority=200, kwargs={'calling_context': 'mode_pilot_training_mission_missiles_started', 'mode': <Mode.iceman_letters>, 'settings': {<coil.c_mode_barrier>: {'action': 'off', 'priority': 0, 'hold_power': None, 'pulse_power': None, 'pulse_ms': None, 'max_wait_ms': None}}}, key=UUID('25c6c4bc-ce53-44fb-b6cb-eaaed0aca974'), condition=None, blocking_facility=None)]. The order of those handlers is not defined and they will be executed in random order. This might lead to race conditions and potential bugs.
2026-05-11 15:20:37,557 : INFO : EventManager : Unordered handler for class ConfigPlayer.event_player/events on event mode_pilot_training_mission_missiles_started with priority 200. Handlers: [RegisteredHandler(callback=<bound method ConfigPlayer.config_play_callback of ConfigPlayer.event_player/events>, priority=200, kwargs={'calling_context': 'mode_pilot_training_mission_missiles_started', 'mode': <Mode.pilot_mission_qualifier>, 'settings': {'ball_search_reset': [{'condition': None, 'number': None, 'priority': 0, 'params': {}}], 'ball_search_block': [{'condition': None, 'number': None, 'priority': 0, 'params': {}}]}}, key=UUID('86f2e7eb-d286-4103-8483-8195390aefb8'), condition=None, blocking_facility=None), RegisteredHandler(callback=<bound method ConfigPlayer.config_play_callback of ConfigPlayer.event_player/events>, priority=200, kwargs={'calling_context': 'mode_pilot_training_mission_missiles_started', 'mode': <Mode.iceman_letters>, 'settings': {'stop_all_training_pulse_shows': [{'condition': None, 'number': None, 'priority': 0, 'params': {}}]}}, key=UUID('7126e1e1-98d8-492a-9141-3593420fbc98'), condition=None, blocking_facility=None)]. The order of those handlers is not defined and they will be executed in random order. This might lead to race conditions and potential bugs.
2026-05-11 15:20:37,557 : INFO : EventManager : Unordered handler for class ConfigPlayer.coil_player/coils on event mode_pilot_training_mission_afterburner_started with priority 200. Handlers: [RegisteredHandler(callback=<bound method ConfigPlayer.config_play_callback of ConfigPlayer.coil_player/coils>, priority=200, kwargs={'calling_context': 'mode_pilot_training_mission_afterburner_started', 'mode': <Mode.pilot_mission_qualifier>, 'settings': {<coil.c_mode_barrier>: {'action': 'disable', 'priority': 0, 'hold_power': None, 'pulse_power': None, 'pulse_ms': None, 'max_wait_ms': None}}}, key=UUID('731b3725-96bf-42b0-8ce2-dbf74f3ad3bf'), condition=None, blocking_facility=None), RegisteredHandler(callback=<bound method ConfigPlayer.config_play_callback of ConfigPlayer.coil_player/coils>, priority=200, kwargs={'calling_context': 'mode_pilot_training_mission_afterburner_started', 'mode': <Mode.iceman_letters>, 'settings': {<coil.c_mode_barrier>: {'action': 'off', 'priority': 0, 'hold_power': None, 'pulse_power': None, 'pulse_ms': None, 'max_wait_ms': None}}}, key=UUID('d83fdc0b-31e3-481e-963a-7370a641fd35'), condition=None, blocking_facility=None)]. The order of those handlers is not defined and they will be executed in random order. This might lead to race conditions and potential bugs.
2026-05-11 15:20:37,557 : INFO : EventManager : Unordered handler for class ConfigPlayer.event_player/events on event mode_pilot_training_mission_afterburner_started with priority 200. Handlers: [RegisteredHandler(callback=<bound method ConfigPlayer.config_play_callback of ConfigPlayer.event_player/events>, priority=200, kwargs={'calling_context': 'mode_pilot_training_mission_afterburner_started', 'mode': <Mode.pilot_mission_qualifier>, 'settings': {'ball_search_reset': [{'condition': None, 'number': None, 'priority': 0, 'params': {}}], 'ball_search_block': [{'condition': None, 'number': None, 'priority': 0, 'params': {}}]}}, key=UUID('c36dbcd1-019d-475f-bd43-7f5e90910c7e'), condition=None, blocking_facility=None), RegisteredHandler(callback=<bound method ConfigPlayer.config_play_callback of ConfigPlayer.event_player/events>, priority=200, kwargs={'calling_context': 'mode_pilot_training_mission_afterburner_started', 'mode': <Mode.iceman_letters>, 'settings': {'stop_all_training_pulse_shows': [{'condition': None, 'number': None, 'priority': 0, 'params': {}}]}}, key=UUID('44a6facc-0afe-4e7e-9776-806dc83d52fc'), condition=None, blocking_facility=None)]. The order of those handlers is not defined and they will be executed in random order. This might lead to race conditions and potential bugs.
2026-05-11 15:20:37,557 : INFO : EventManager : Unordered handler for class ConfigPlayer.coil_player/coils on event mode_pilot_training_mission_wingman_started with priority 200. Handlers: [RegisteredHandler(callback=<bound method ConfigPlayer.config_play_callback of ConfigPlayer.coil_player/coils>, priority=200, kwargs={'calling_context': 'mode_pilot_training_mission_wingman_started', 'mode': <Mode.pilot_mission_qualifier>, 'settings': {<coil.c_mode_barrier>: {'action': 'disable', 'priority': 0, 'hold_power': None, 'pulse_power': None, 'pulse_ms': None, 'max_wait_ms': None}}}, key=UUID('a2a1d410-234b-42aa-b911-051f491872b5'), condition=None, blocking_facility=None), RegisteredHandler(callback=<bound method ConfigPlayer.config_play_callback of ConfigPlayer.coil_player/coils>, priority=200, kwargs={'calling_context': 'mode_pilot_training_mission_wingman_started', 'mode': <Mode.iceman_letters>, 'settings': {<coil.c_mode_barrier>: {'action': 'off', 'priority': 0, 'hold_power': None, 'pulse_power': None, 'pulse_ms': None, 'max_wait_ms': None}}}, key=UUID('43055877-4a50-4f5c-a5c1-5a34ab08c0f3'), condition=None, blocking_facility=None)]. The order of those handlers is not defined and they will be executed in random order. This might lead to race conditions and potential bugs.
2026-05-11 15:20:37,557 : INFO : EventManager : Unordered handler for class ConfigPlayer.event_player/events on event mode_pilot_training_mission_wingman_started with priority 200. Handlers: [RegisteredHandler(callback=<bound method ConfigPlayer.config_play_callback of ConfigPlayer.event_player/events>, priority=200, kwargs={'calling_context': 'mode_pilot_training_mission_wingman_started', 'mode': <Mode.pilot_mission_qualifier>, 'settings': {'ball_search_reset': [{'condition': None, 'number': None, 'priority': 0, 'params': {}}], 'ball_search_block': [{'condition': None, 'number': None, 'priority': 0, 'params': {}}]}}, key=UUID('4a71658a-f033-46f4-bf8e-6f48b4614d68'), condition=None, blocking_facility=None), RegisteredHandler(callback=<bound method ConfigPlayer.config_play_callback of ConfigPlayer.event_player/events>, priority=200, kwargs={'calling_context': 'mode_pilot_training_mission_wingman_started', 'mode': <Mode.iceman_letters>, 'settings': {'stop_all_training_pulse_shows': [{'condition': None, 'number': None, 'priority': 0, 'params': {}}]}}, key=UUID('43eba447-3370-4dd5-ad39-f95fb88d028c'), condition=None, blocking_facility=None)]. The order of those handlers is not defined and they will be executed in random order. This might lead to race conditions and potential bugs.
2026-05-11 15:20:37,561 : INFO : EventManager : Unordered handler for class ConfigPlayer.coil_player/coils on event mode_pilot_training_mission_inverted_started with priority 200. Handlers: [RegisteredHandler(callback=<bound method ConfigPlayer.config_play_callback of ConfigPlayer.coil_player/coils>, priority=200, kwargs={'calling_context': 'mode_pilot_training_mission_inverted_started', 'mode': <Mode.pilot_mission_qualifier>, 'settings': {<coil.c_mode_barrier>: {'action': 'disable', 'priority': 0, 'hold_power': None, 'pulse_power': None, 'pulse_ms': None, 'max_wait_ms': None}}}, key=UUID('2079ee55-777e-4ace-9c18-c27209289f6e'), condition=None, blocking_facility=None), RegisteredHandler(callback=<bound method ConfigPlayer.config_play_callback of ConfigPlayer.coil_player/coils>, priority=200, kwargs={'calling_context': 'mode_pilot_training_mission_inverted_started', 'mode': <Mode.iceman_letters>, 'settings': {<coil.c_mode_barrier>: {'action': 'off', 'priority': 0, 'hold_power': None, 'pulse_power': None, 'pulse_ms': None, 'max_wait_ms': None}}}, key=UUID('a9babfc7-549a-496b-9312-ffc28cf4dbe6'), condition=None, blocking_facility=None)]. The order of those handlers is not defined and they will be executed in random order. This might lead to race conditions and potential bugs.
2026-05-11 15:20:37,562 : INFO : EventManager : Unordered handler for class ConfigPlayer.event_player/events on event mode_pilot_training_mission_inverted_started with priority 200. Handlers: [RegisteredHandler(callback=<bound method ConfigPlayer.config_play_callback of ConfigPlayer.event_player/events>, priority=200, kwargs={'calling_context': 'mode_pilot_training_mission_inverted_started', 'mode': <Mode.pilot_mission_qualifier>, 'settings': {'ball_search_reset': [{'condition': None, 'number': None, 'priority': 0, 'params': {}}], 'ball_search_block': [{'condition': None, 'number': None, 'priority': 0, 'params': {}}]}}, key=UUID('cebb4ec5-e1dc-4558-93f4-424c82cf1d0f'), condition=None, blocking_facility=None), RegisteredHandler(callback=<bound method ConfigPlayer.config_play_callback of ConfigPlayer.event_player/events>, priority=200, kwargs={'calling_context': 'mode_pilot_training_mission_inverted_started', 'mode': <Mode.iceman_letters>, 'settings': {'stop_all_training_pulse_shows': [{'condition': None, 'number': None, 'priority': 0, 'params': {}}]}}, key=UUID('b507071a-0c96-4601-b4ff-648af47c9cd3'), condition=None, blocking_facility=None)]. The order of those handlers is not defined and they will be executed in random order. This might lead to race conditions and potential bugs.
2026-05-11 15:20:37,562 : INFO : EventManager : Unordered handler for class ConfigPlayer.coil_player/coils on event mode_pilot_training_mission_missiles_started with priority 200. Handlers: [RegisteredHandler(callback=<bound method ConfigPlayer.config_play_callback of ConfigPlayer.coil_player/coils>, priority=200, kwargs={'calling_context': 'mode_pilot_training_mission_missiles_started', 'mode': <Mode.pilot_mission_qualifier>, 'settings': {<coil.c_mode_barrier>: {'action': 'disable', 'priority': 0, 'hold_power': None, 'pulse_power': None, 'pulse_ms': None, 'max_wait_ms': None}}}, key=UUID('c80f4f1e-35a2-4938-83f3-8c1ee89027e3'), condition=None, blocking_facility=None), RegisteredHandler(callback=<bound method ConfigPlayer.config_play_callback of ConfigPlayer.coil_player/coils>, priority=200, kwargs={'calling_context': 'mode_pilot_training_mission_missiles_started', 'mode': <Mode.iceman_letters>, 'settings': {<coil.c_mode_barrier>: {'action': 'off', 'priority': 0, 'hold_power': None, 'pulse_power': None, 'pulse_ms': None, 'max_wait_ms': None}}}, key=UUID('25c6c4bc-ce53-44fb-b6cb-eaaed0aca974'), condition=None, blocking_facility=None)]. The order of those handlers is not defined and they will be executed in random order. This might lead to race conditions and potential bugs.
2026-05-11 15:20:37,562 : INFO : EventManager : Unordered handler for class ConfigPlayer.event_player/events on event mode_pilot_training_mission_missiles_started with priority 200. Handlers: [RegisteredHandler(callback=<bound method ConfigPlayer.config_play_callback of ConfigPlayer.event_player/events>, priority=200, kwargs={'calling_context': 'mode_pilot_training_mission_missiles_started', 'mode': <Mode.pilot_mission_qualifier>, 'settings': {'ball_search_reset': [{'condition': None, 'number': None, 'priority': 0, 'params': {}}], 'ball_search_block': [{'condition': None, 'number': None, 'priority': 0, 'params': {}}]}}, key=UUID('86f2e7eb-d286-4103-8483-8195390aefb8'), condition=None, blocking_facility=None), RegisteredHandler(callback=<bound method ConfigPlayer.config_play_callback of ConfigPlayer.event_player/events>, priority=200, kwargs={'calling_context': 'mode_pilot_training_mission_missiles_started', 'mode': <Mode.iceman_letters>, 'settings': {'stop_all_training_pulse_shows': [{'condition': None, 'number': None, 'priority': 0, 'params': {}}]}}, key=UUID('7126e1e1-98d8-492a-9141-3593420fbc98'), condition=None, blocking_facility=None)]. The order of those handlers is not defined and they will be executed in random order. This might lead to race conditions and potential bugs.
2026-05-11 15:20:37,562 : INFO : EventManager : Unordered handler for class ConfigPlayer.coil_player/coils on event mode_pilot_training_mission_afterburner_started with priority 200. Handlers: [RegisteredHandler(callback=<bound method ConfigPlayer.config_play_callback of ConfigPlayer.coil_player/coils>, priority=200, kwargs={'calling_context': 'mode_pilot_training_mission_afterburner_started', 'mode': <Mode.pilot_mission_qualifier>, 'settings': {<coil.c_mode_barrier>: {'action': 'disable', 'priority': 0, 'hold_power': None, 'pulse_power': None, 'pulse_ms': None, 'max_wait_ms': None}}}, key=UUID('731b3725-96bf-42b0-8ce2-dbf74f3ad3bf'), condition=None, blocking_facility=None), RegisteredHandler(callback=<bound method ConfigPlayer.config_play_callback of ConfigPlayer.coil_player/coils>, priority=200, kwargs={'calling_context': 'mode_pilot_training_mission_afterburner_started', 'mode': <Mode.iceman_letters>, 'settings': {<coil.c_mode_barrier>: {'action': 'off', 'priority': 0, 'hold_power': None, 'pulse_power': None, 'pulse_ms': None, 'max_wait_ms': None}}}, key=UUID('d83fdc0b-31e3-481e-963a-7370a641fd35'), condition=None, blocking_facility=None)]. The order of those handlers is not defined and they will be executed in random order. This might lead to race conditions and potential bugs.
2026-05-11 15:20:37,562 : INFO : EventManager : Unordered handler for class ConfigPlayer.event_player/events on event mode_pilot_training_mission_afterburner_started with priority 200. Handlers: [RegisteredHandler(callback=<bound method ConfigPlayer.config_play_callback of ConfigPlayer.event_player/events>, priority=200, kwargs={'calling_context': 'mode_pilot_training_mission_afterburner_started', 'mode': <Mode.pilot_mission_qualifier>, 'settings': {'ball_search_reset': [{'condition': None, 'number': None, 'priority': 0, 'params': {}}], 'ball_search_block': [{'condition': None, 'number': None, 'priority': 0, 'params': {}}]}}, key=UUID('c36dbcd1-019d-475f-bd43-7f5e90910c7e'), condition=None, blocking_facility=None), RegisteredHandler(callback=<bound method ConfigPlayer.config_play_callback of ConfigPlayer.event_player/events>, priority=200, kwargs={'calling_context': 'mode_pilot_training_mission_afterburner_started', 'mode': <Mode.iceman_letters>, 'settings': {'stop_all_training_pulse_shows': [{'condition': None, 'number': None, 'priority': 0, 'params': {}}]}}, key=UUID('44a6facc-0afe-4e7e-9776-806dc83d52fc'), condition=None, blocking_facility=None)]. The order of those handlers is not defined and they will be executed in random order. This might lead to race conditions and potential bugs.
2026-05-11 15:20:37,562 : INFO : EventManager : Unordered handler for class ConfigPlayer.coil_player/coils on event mode_pilot_training_mission_wingman_started with priority 200. Handlers: [RegisteredHandler(callback=<bound method ConfigPlayer.config_play_callback of ConfigPlayer.coil_player/coils>, priority=200, kwargs={'calling_context': 'mode_pilot_training_mission_wingman_started', 'mode': <Mode.pilot_mission_qualifier>, 'settings': {<coil.c_mode_barrier>: {'action': 'disable', 'priority': 0, 'hold_power': None, 'pulse_power': None, 'pulse_ms': None, 'max_wait_ms': None}}}, key=UUID('a2a1d410-234b-42aa-b911-051f491872b5'), condition=None, blocking_facility=None), RegisteredHandler(callback=<bound method ConfigPlayer.config_play_callback of ConfigPlayer.coil_player/coils>, priority=200, kwargs={'calling_context': 'mode_pilot_training_mission_wingman_started', 'mode': <Mode.iceman_letters>, 'settings': {<coil.c_mode_barrier>: {'action': 'off', 'priority': 0, 'hold_power': None, 'pulse_power': None, 'pulse_ms': None, 'max_wait_ms': None}}}, key=UUID('43055877-4a50-4f5c-a5c1-5a34ab08c0f3'), condition=None, blocking_facility=None)]. The order of those handlers is not defined and they will be executed in random order. This might lead to race conditions and potential bugs.
2026-05-11 15:20:37,562 : INFO : EventManager : Unordered handler for class ConfigPlayer.event_player/events on event mode_pilot_training_mission_wingman_started with priority 200. Handlers: [RegisteredHandler(callback=<bound method ConfigPlayer.config_play_callback of ConfigPlayer.event_player/events>, priority=200, kwargs={'calling_context': 'mode_pilot_training_mission_wingman_started', 'mode': <Mode.pilot_mission_qualifier>, 'settings': {'ball_search_reset': [{'condition': None, 'number': None, 'priority': 0, 'params': {}}], 'ball_search_block': [{'condition': None, 'number': None, 'priority': 0, 'params': {}}]}}, key=UUID('4a71658a-f033-46f4-bf8e-6f48b4614d68'), condition=None, blocking_facility=None), RegisteredHandler(callback=<bound method ConfigPlayer.config_play_callback of ConfigPlayer.event_player/events>, priority=200, kwargs={'calling_context': 'mode_pilot_training_mission_wingman_started', 'mode': <Mode.iceman_letters>, 'settings': {'stop_all_training_pulse_shows': [{'condition': None, 'number': None, 'priority': 0, 'params': {}}]}}, key=UUID('43eba447-3370-4dd5-ad39-f95fb88d028c'), condition=None, blocking_facility=None)]. The order of those handlers is not defined and they will be executed in random order. This might lead to race conditions and potential bugs.
2026-05-11 15:20:37,562 : INFO : EventManager : Unordered handler for class ConfigPlayer.variable_player/variables on event player_added with priority 200. Handlers: [RegisteredHandler(callback=<bound method ConfigPlayer.config_play_callback of ConfigPlayer.variable_player/variables>, priority=200, kwargs={'calling_context': 'player_added', 'mode': <Mode.pilot_mission_qualifier>, 'settings': {'_pmq_initialized': {'action': 'set', 'int': <NativeTemplate 1>, 'priority': 0, 'float': None, 'string': None, 'block': False, 'player': None, 'condition': None}}}, key=UUID('27e329e6-163c-4c38-9af4-802eacdb296a'), condition=None, blocking_facility=None), RegisteredHandler(callback=<bound method ConfigPlayer.config_play_callback of ConfigPlayer.variable_player/variables>, priority=200, kwargs={'calling_context': 'player_added', 'mode': <Mode.iceman_letters>, 'settings': {'iceman_letter_i': {'action': 'set', 'int': <NativeTemplate 0>, 'priority': 0, 'float': None, 'string': None, 'block': False, 'player': None, 'condition': None}, 'iceman_letter_c': {'action': 'set', 'int': <NativeTemplate 0>, 'priority': 0, 'float': None, 'string': None, 'block': False, 'player': None, 'condition': None}, 'iceman_letter_e': {'action': 'set', 'int': <NativeTemplate 0>, 'priority': 0, 'float': None, 'string': None, 'block': False, 'player': None, 'condition': None}, 'iceman_letter_m': {'action': 'set', 'int': <NativeTemplate 0>, 'priority': 0, 'float': None, 'string': None, 'block': False, 'player': None, 'condition': None}, 'iceman_letter_a': {'action': 'set', 'int': <NativeTemplate 0>, 'priority': 0, 'float': None, 'string': None, 'block': False, 'player': None, 'condition': None}, 'iceman_letter_n': {'action': 'set', 'int': <NativeTemplate 0>, 'priority': 0, 'float': None, 'string': None, 'block': False, 'player': None, 'condition': None}, 'iceman_completing': {'action': 'set', 'int': <NativeTemplate 0>, 'priority': 0, 'float': None, 'string': None, 'block': False, 'player': None, 'condition': None}, 'training_inverted_complete': {'action': 'set', 'int': <NativeTemplate 0>, 'priority': 0, 'float': None, 'string': None, 'block': False, 'player': None, 'condition': None}, 'training_missles_complete': {'action': 'set', 'int': <NativeTemplate 0>, 'priority': 0, 'float': None, 'string': None, 'block': False, 'player': None, 'condition': None}, 'training_afterburner_complete': {'action': 'set', 'int': <NativeTemplate 0>, 'priority': 0, 'float': None, 'string': None, 'block': False, 'player': None, 'condition': None}, 'training_wingman_complete': {'action': 'set', 'int': <NativeTemplate 0>, 'priority': 0, 'float': None, 'string': None, 'block': False, 'player': None, 'condition': None}, 'training_dogfight_complete': {'action': 'set', 'int': <NativeTemplate 0>, 'priority': 0, 'float': None, 'string': None, 'block': False, 'player': None, 'condition': None}, 'right_post_locked_out': {'action': 'set', 'int': <NativeTemplate 0>, 'priority': 0, 'float': None, 'string': None, 'block': False, 'player': None, 'condition': None}}}, key=UUID('8b8c68c3-b02d-4675-88a8-34a053cf4ed8'), condition=None, blocking_facility=None)]. The order of those handlers is not defined and they will be executed in random order. This might lead to race conditions and potential bugs.
2026-05-11 15:20:37,563 : INFO : EventManager : Unordered handler for class ConfigPlayer.coil_player/coils on event mode_pilot_training_mission_inverted_started with priority 200. Handlers: [RegisteredHandler(callback=<bound method ConfigPlayer.config_play_callback of ConfigPlayer.coil_player/coils>, priority=200, kwargs={'calling_context': 'mode_pilot_training_mission_inverted_started', 'mode': <Mode.pilot_mission_qualifier>, 'settings': {<coil.c_mode_barrier>: {'action': 'disable', 'priority': 0, 'hold_power': None, 'pulse_power': None, 'pulse_ms': None, 'max_wait_ms': None}}}, key=UUID('2079ee55-777e-4ace-9c18-c27209289f6e'), condition=None, blocking_facility=None), RegisteredHandler(callback=<bound method ConfigPlayer.config_play_callback of ConfigPlayer.coil_player/coils>, priority=200, kwargs={'calling_context': 'mode_pilot_training_mission_inverted_started', 'mode': <Mode.iceman_letters>, 'settings': {<coil.c_mode_barrier>: {'action': 'off', 'priority': 0, 'hold_power': None, 'pulse_power': None, 'pulse_ms': None, 'max_wait_ms': None}}}, key=UUID('a9babfc7-549a-496b-9312-ffc28cf4dbe6'), condition=None, blocking_facility=None)]. The order of those handlers is not defined and they will be executed in random order. This might lead to race conditions and potential bugs.
2026-05-11 15:20:37,563 : INFO : EventManager : Unordered handler for class ConfigPlayer.event_player/events on event mode_pilot_training_mission_inverted_started with priority 200. Handlers: [RegisteredHandler(callback=<bound method ConfigPlayer.config_play_callback of ConfigPlayer.event_player/events>, priority=200, kwargs={'calling_context': 'mode_pilot_training_mission_inverted_started', 'mode': <Mode.pilot_mission_qualifier>, 'settings': {'ball_search_reset': [{'condition': None, 'number': None, 'priority': 0, 'params': {}}], 'ball_search_block': [{'condition': None, 'number': None, 'priority': 0, 'params': {}}]}}, key=UUID('cebb4ec5-e1dc-4558-93f4-424c82cf1d0f'), condition=None, blocking_facility=None), RegisteredHandler(callback=<bound method ConfigPlayer.config_play_callback of ConfigPlayer.event_player/events>, priority=200, kwargs={'calling_context': 'mode_pilot_training_mission_inverted_started', 'mode': <Mode.iceman_letters>, 'settings': {'stop_all_training_pulse_shows': [{'condition': None, 'number': None, 'priority': 0, 'params': {}}]}}, key=UUID('b507071a-0c96-4601-b4ff-648af47c9cd3'), condition=None, blocking_facility=None)]. The order of those handlers is not defined and they will be executed in random order. This might lead to race conditions and potential bugs.
2026-05-11 15:20:37,563 : INFO : EventManager : Unordered handler for class ConfigPlayer.coil_player/coils on event mode_pilot_training_mission_missiles_started with priority 200. Handlers: [RegisteredHandler(callback=<bound method ConfigPlayer.config_play_callback of ConfigPlayer.coil_player/coils>, priority=200, kwargs={'calling_context': 'mode_pilot_training_mission_missiles_started', 'mode': <Mode.pilot_mission_qualifier>, 'settings': {<coil.c_mode_barrier>: {'action': 'disable', 'priority': 0, 'hold_power': None, 'pulse_power': None, 'pulse_ms': None, 'max_wait_ms': None}}}, key=UUID('c80f4f1e-35a2-4938-83f3-8c1ee89027e3'), condition=None, blocking_facility=None), RegisteredHandler(callback=<bound method ConfigPlayer.config_play_callback of ConfigPlayer.coil_player/coils>, priority=200, kwargs={'calling_context': 'mode_pilot_training_mission_missiles_started', 'mode': <Mode.iceman_letters>, 'settings': {<coil.c_mode_barrier>: {'action': 'off', 'priority': 0, 'hold_power': None, 'pulse_power': None, 'pulse_ms': None, 'max_wait_ms': None}}}, key=UUID('25c6c4bc-ce53-44fb-b6cb-eaaed0aca974'), condition=None, blocking_facility=None)]. The order of those handlers is not defined and they will be executed in random order. This might lead to race conditions and potential bugs.
2026-05-11 15:20:37,563 : INFO : EventManager : Unordered handler for class ConfigPlayer.event_player/events on event mode_pilot_training_mission_missiles_started with priority 200. Handlers: [RegisteredHandler(callback=<bound method ConfigPlayer.config_play_callback of ConfigPlayer.event_player/events>, priority=200, kwargs={'calling_context': 'mode_pilot_training_mission_missiles_started', 'mode': <Mode.pilot_mission_qualifier>, 'settings': {'ball_search_reset': [{'condition': None, 'number': None, 'priority': 0, 'params': {}}], 'ball_search_block': [{'condition': None, 'number': None, 'priority': 0, 'params': {}}]}}, key=UUID('86f2e7eb-d286-4103-8483-8195390aefb8'), condition=None, blocking_facility=None), RegisteredHandler(callback=<bound method ConfigPlayer.config_play_callback of ConfigPlayer.event_player/events>, priority=200, kwargs={'calling_context': 'mode_pilot_training_mission_missiles_started', 'mode': <Mode.iceman_letters>, 'settings': {'stop_all_training_pulse_shows': [{'condition': None, 'number': None, 'priority': 0, 'params': {}}]}}, key=UUID('7126e1e1-98d8-492a-9141-3593420fbc98'), condition=None, blocking_facility=None)]. The order of those handlers is not defined and they will be executed in random order. This might lead to race conditions and potential bugs.
2026-05-11 15:20:37,563 : INFO : EventManager : Unordered handler for class ConfigPlayer.coil_player/coils on event mode_pilot_training_mission_afterburner_started with priority 200. Handlers: [RegisteredHandler(callback=<bound method ConfigPlayer.config_play_callback of ConfigPlayer.coil_player/coils>, priority=200, kwargs={'calling_context': 'mode_pilot_training_mission_afterburner_started', 'mode': <Mode.pilot_mission_qualifier>, 'settings': {<coil.c_mode_barrier>: {'action': 'disable', 'priority': 0, 'hold_power': None, 'pulse_power': None, 'pulse_ms': None, 'max_wait_ms': None}}}, key=UUID('731b3725-96bf-42b0-8ce2-dbf74f3ad3bf'), condition=None, blocking_facility=None), RegisteredHandler(callback=<bound method ConfigPlayer.config_play_callback of ConfigPlayer.coil_player/coils>, priority=200, kwargs={'calling_context': 'mode_pilot_training_mission_afterburner_started', 'mode': <Mode.iceman_letters>, 'settings': {<coil.c_mode_barrier>: {'action': 'off', 'priority': 0, 'hold_power': None, 'pulse_power': None, 'pulse_ms': None, 'max_wait_ms': None}}}, key=UUID('d83fdc0b-31e3-481e-963a-7370a641fd35'), condition=None, blocking_facility=None)]. The order of those handlers is not defined and they will be executed in random order. This might lead to race conditions and potential bugs.
2026-05-11 15:20:37,563 : INFO : EventManager : Unordered handler for class ConfigPlayer.event_player/events on event mode_pilot_training_mission_afterburner_started with priority 200. Handlers: [RegisteredHandler(callback=<bound method ConfigPlayer.config_play_callback of ConfigPlayer.event_player/events>, priority=200, kwargs={'calling_context': 'mode_pilot_training_mission_afterburner_started', 'mode': <Mode.pilot_mission_qualifier>, 'settings': {'ball_search_reset': [{'condition': None, 'number': None, 'priority': 0, 'params': {}}], 'ball_search_block': [{'condition': None, 'number': None, 'priority': 0, 'params': {}}]}}, key=UUID('c36dbcd1-019d-475f-bd43-7f5e90910c7e'), condition=None, blocking_facility=None), RegisteredHandler(callback=<bound method ConfigPlayer.config_play_callback of ConfigPlayer.event_player/events>, priority=200, kwargs={'calling_context': 'mode_pilot_training_mission_afterburner_started', 'mode': <Mode.iceman_letters>, 'settings': {'stop_all_training_pulse_shows': [{'condition': None, 'number': None, 'priority': 0, 'params': {}}]}}, key=UUID('44a6facc-0afe-4e7e-9776-806dc83d52fc'), condition=None, blocking_facility=None)]. The order of those handlers is not defined and they will be executed in random order. This might lead to race conditions and potential bugs.
2026-05-11 15:20:37,563 : INFO : EventManager : Unordered handler for class ConfigPlayer.coil_player/coils on event mode_pilot_training_mission_wingman_started with priority 200. Handlers: [RegisteredHandler(callback=<bound method ConfigPlayer.config_play_callback of ConfigPlayer.coil_player/coils>, priority=200, kwargs={'calling_context': 'mode_pilot_training_mission_wingman_started', 'mode': <Mode.pilot_mission_qualifier>, 'settings': {<coil.c_mode_barrier>: {'action': 'disable', 'priority': 0, 'hold_power': None, 'pulse_power': None, 'pulse_ms': None, 'max_wait_ms': None}}}, key=UUID('a2a1d410-234b-42aa-b911-051f491872b5'), condition=None, blocking_facility=None), RegisteredHandler(callback=<bound method ConfigPlayer.config_play_callback of ConfigPlayer.coil_player/coils>, priority=200, kwargs={'calling_context': 'mode_pilot_training_mission_wingman_started', 'mode': <Mode.iceman_letters>, 'settings': {<coil.c_mode_barrier>: {'action': 'off', 'priority': 0, 'hold_power': None, 'pulse_power': None, 'pulse_ms': None, 'max_wait_ms': None}}}, key=UUID('43055877-4a50-4f5c-a5c1-5a34ab08c0f3'), condition=None, blocking_facility=None)]. The order of those handlers is not defined and they will be executed in random order. This might lead to race conditions and potential bugs.
2026-05-11 15:20:37,563 : INFO : EventManager : Unordered handler for class ConfigPlayer.event_player/events on event mode_pilot_training_mission_wingman_started with priority 200. Handlers: [RegisteredHandler(callback=<bound method ConfigPlayer.config_play_callback of ConfigPlayer.event_player/events>, priority=200, kwargs={'calling_context': 'mode_pilot_training_mission_wingman_started', 'mode': <Mode.pilot_mission_qualifier>, 'settings': {'ball_search_reset': [{'condition': None, 'number': None, 'priority': 0, 'params': {}}], 'ball_search_block': [{'condition': None, 'number': None, 'priority': 0, 'params': {}}]}}, key=UUID('4a71658a-f033-46f4-bf8e-6f48b4614d68'), condition=None, blocking_facility=None), RegisteredHandler(callback=<bound method ConfigPlayer.config_play_callback of ConfigPlayer.event_player/events>, priority=200, kwargs={'calling_context': 'mode_pilot_training_mission_wingman_started', 'mode': <Mode.iceman_letters>, 'settings': {'stop_all_training_pulse_shows': [{'condition': None, 'number': None, 'priority': 0, 'params': {}}]}}, key=UUID('43eba447-3370-4dd5-ad39-f95fb88d028c'), condition=None, blocking_facility=None)]. The order of those handlers is not defined and they will be executed in random order. This might lead to race conditions and potential bugs.
2026-05-11 15:20:37,565 : INFO : EventManager : Unordered handler for class ConfigPlayer.variable_player/variables on event s_orbit_right_active with priority 200. Handlers: [RegisteredHandler(callback=<bound method ConfigPlayer.config_play_callback of ConfigPlayer.variable_player/variables>, priority=200, kwargs={'calling_context': 's_orbit_right_active', 'mode': <Mode.pilot_mission_qualifier>, 'settings': {'previous_switch_type': {'action': 'set', 'int': <NativeTemplate 0>, 'priority': 0, 'float': None, 'string': None, 'block': False, 'player': None, 'condition': None}}}, key=UUID('32ff75b3-a9c4-48ac-bf21-0573acb3e5f7'), condition=None, blocking_facility=None), RegisteredHandler(callback=<bound method ConfigPlayer.config_play_callback of ConfigPlayer.variable_player/variables>, priority=200, kwargs={'calling_context': 's_orbit_right_active', 'mode': <Mode.iceman_letters>, 'settings': {'right_post_locked_out': {'action': 'set', 'int': <NativeTemplate 1>, 'priority': 0, 'float': None, 'string': None, 'block': False, 'player': None, 'condition': None}}}, key=UUID('01663e6d-9dd7-44da-8377-f45da1b3cb21'), condition=None, blocking_facility=None)]. The order of those handlers is not defined and they will be executed in random order. This might lead to race conditions and potential bugs.
2026-05-11 15:20:37,565 : INFO : EventManager : Unordered handler for class ConfigPlayer.variable_player/variables on event s_ramp_inner_exit_active with priority 200. Handlers: [RegisteredHandler(callback=<bound method ConfigPlayer.config_play_callback of ConfigPlayer.variable_player/variables>, priority=200, kwargs={'calling_context': 's_ramp_inner_exit_active', 'mode': <Mode.pilot_mission_qualifier>, 'settings': {'previous_switch_type': {'action': 'set', 'int': <NativeTemplate 0>, 'priority': 0, 'float': None, 'string': None, 'block': False, 'player': None, 'condition': None}}}, key=UUID('a9d5335c-dcf9-463c-9e46-de14ef4a5d08'), condition=None, blocking_facility=None), RegisteredHandler(callback=<bound method ConfigPlayer.config_play_callback of ConfigPlayer.variable_player/variables>, priority=200, kwargs={'calling_context': 's_ramp_inner_exit_active', 'mode': <Mode.iceman_letters>, 'settings': {'right_post_locked_out': {'action': 'set', 'int': <NativeTemplate 1>, 'priority': 0, 'float': None, 'string': None, 'block': False, 'player': None, 'condition': None}}}, key=UUID('45b7dcea-02bf-4e93-8913-1f9b6621913b'), condition=None, blocking_facility=None)]. The order of those handlers is not defined and they will be executed in random order. This might lead to race conditions and potential bugs.
2026-05-11 15:20:37,565 : INFO : EventManager : Unordered handler for class ConfigPlayer.variable_player/variables on event s_orbit_upper_active with priority 200. Handlers: [RegisteredHandler(callback=<bound method ConfigPlayer.config_play_callback of ConfigPlayer.variable_player/variables>, priority=200, kwargs={'calling_context': 's_orbit_upper_active', 'mode': <Mode.pilot_mission_qualifier>, 'settings': {'previous_switch_type': {'action': 'set', 'int': <NativeTemplate 0>, 'priority': 0, 'float': None, 'string': None, 'block': False, 'player': None, 'condition': None}}}, key=UUID('4616fdaa-cc37-4a16-9225-272330033504'), condition=None, blocking_facility=None), RegisteredHandler(callback=<bound method ConfigPlayer.config_play_callback of ConfigPlayer.variable_player/variables>, priority=200, kwargs={'calling_context': 's_orbit_upper_active', 'mode': <Mode.iceman_letters>, 'settings': {'right_post_locked_out': {'action': 'set', 'int': <NativeTemplate 1>, 'priority': 0, 'float': None, 'string': None, 'block': False, 'player': None, 'condition': None}}}, key=UUID('4ae78bd6-ee08-4f9c-afff-e1ace01e41ac'), condition=None, blocking_facility=None)]. The order of those handlers is not defined and they will be executed in random order. This might lead to race conditions and potential bugs.
2026-05-11 15:20:37,565 : INFO : EventManager : Unordered handler for class ConfigPlayer.variable_player/variables on event s_spinner_active with priority 200. Handlers: [RegisteredHandler(callback=<bound method ConfigPlayer.config_play_callback of ConfigPlayer.variable_player/variables>, priority=200, kwargs={'calling_context': 's_spinner_active', 'mode': <Mode.pilot_mission_qualifier>, 'settings': {'spinner_spin_count': {'action': 'add', 'int': <NativeTemplate 1>, 'priority': 0, 'float': None, 'string': None, 'block': False, 'player': None, 'condition': None}, 'previous_switch_type': {'action': 'set', 'int': <NativeTemplate 0>, 'priority': 0, 'float': None, 'string': None, 'block': False, 'player': None, 'condition': None}}}, key=UUID('180cff59-5167-435f-b4c5-35635d95949a'), condition=None, blocking_facility=None), RegisteredHandler(callback=<bound method ConfigPlayer.config_play_callback of ConfigPlayer.variable_player/variables>, priority=200, kwargs={'calling_context': 's_spinner_active', 'mode': <Mode.iceman_letters>, 'settings': {'right_post_locked_out': {'action': 'set', 'int': <NativeTemplate 1>, 'priority': 0, 'float': None, 'string': None, 'block': False, 'player': None, 'condition': None}}}, key=UUID('cca0feb8-3607-4f8a-879a-6c85b0832e21'), condition=None, blocking_facility=None)]. The order of those handlers is not defined and they will be executed in random order. This might lead to race conditions and potential bugs.
2026-05-11 15:20:37,566 : INFO : EventManager : Event: ======'mode_iceman_letters_starting'====== Args={'queue': <QueuedEvent>, 'player': 1, 'ball': 1, 'balls_remaining': 2, 'is_extra_ball': False}
2026-05-11 15:20:37,566 : INFO : EventManager : Event: ======'mode_hard_deck_qualifiers_will_start'====== Args={'queue': <QueuedEvent>, 'player': 1, 'ball': 1, 'balls_remaining': 2, 'is_extra_ball': False}
2026-05-11 15:20:37,566 : INFO : EventManager : Event: ======'player_hard_deck_qualifiers_hd_training_choice_timer_tick'====== Args={'value': 15, 'prev_value': 0, 'change': 15, 'player_num': 1}
2026-05-11 15:20:37,568 : INFO : EventManager : Unordered handler for class ConfigPlayer.variable_player/variables on event s_orbit_upper_active with priority 200. Handlers: [RegisteredHandler(callback=<bound method ConfigPlayer.config_play_callback of ConfigPlayer.variable_player/variables>, priority=200, kwargs={'calling_context': 's_orbit_upper_active', 'mode': <Mode.pilot_mission_qualifier>, 'settings': {'previous_switch_type': {'action': 'set', 'int': <NativeTemplate 0>, 'priority': 0, 'float': None, 'string': None, 'block': False, 'player': None, 'condition': None}}}, key=UUID('4616fdaa-cc37-4a16-9225-272330033504'), condition=None, blocking_facility=None), RegisteredHandler(callback=<bound method ConfigPlayer.config_play_callback of ConfigPlayer.variable_player/variables>, priority=200, kwargs={'calling_context': 's_orbit_upper_active', 'mode': <Mode.iceman_letters>, 'settings': {'right_post_locked_out': {'action': 'set', 'int': <NativeTemplate 1>, 'priority': 0, 'float': None, 'string': None, 'block': False, 'player': None, 'condition': None}}}, key=UUID('4ae78bd6-ee08-4f9c-afff-e1ace01e41ac'), condition=None, blocking_facility=None)]. The order of those handlers is not defined and they will be executed in random order. This might lead to race conditions and potential bugs.
2026-05-11 15:20:37,570 : INFO : EventManager : Unordered handler for class ConfigPlayer.variable_player/variables on event mode_top_gun_multiball_stopped with priority 200. Handlers: [RegisteredHandler(callback=<bound method ConfigPlayer.config_play_callback of ConfigPlayer.variable_player/variables>, priority=200, kwargs={'calling_context': 'mode_top_gun_multiball_stopped', 'mode': <Mode.top_gun_multiball_locks>, 'settings': {'lock_goose_lit': {'action': 'set', 'int': <NativeTemplate 0>, 'priority': 0, 'float': None, 'string': None, 'block': False, 'player': None, 'condition': None}, 'lock_mav_lit': {'action': 'set', 'int': <NativeTemplate 0>, 'priority': 0, 'float': None, 'string': None, 'block': False, 'player': None, 'condition': None}, 'lock_goose_locked': {'action': 'set', 'int': <NativeTemplate 0>, 'priority': 0, 'float': None, 'string': None, 'block': False, 'player': None, 'condition': None}, 'lock_mav_locked': {'action': 'set', 'int': <NativeTemplate 0>, 'priority': 0, 'float': None, 'string': None, 'block': False, 'player': None, 'condition': None}, 'multiball_qualified': {'action': 'set', 'int': <NativeTemplate 0>, 'priority': 0, 'float': None, 'string': None, 'block': False, 'player': None, 'condition': None}, 'multiball_starting': {'action': 'set', 'int': <NativeTemplate 0>, 'priority': 0, 'float': None, 'string': None, 'block': False, 'player': None, 'condition': None}, 'lock_completions': {'action': 'set', 'int': <NativeTemplate 0>, 'priority': 0, 'float': None, 'string': None, 'block': False, 'player': None, 'condition': None}, 'multiball_active': {'action': 'set', 'int': <NativeTemplate 0>, 'priority': 0, 'float': None, 'string': None, 'block': False, 'player': None, 'condition': None}, 'letter_collection_paused': {'action': 'set', 'int': <NativeTemplate 0>, 'priority': 0, 'float': None, 'string': None, 'block': False, 'player': None, 'condition': None}, 'pilot_qualifier_paused': {'action': 'set', 'int': <NativeTemplate 0>, 'priority': 0, 'float': None, 'string': None, 'block': False, 'player': None, 'condition': None}, 'lock_collection_paused': {'action': 'set', 'int': <NativeTemplate 0>, 'priority': 0, 'float': None, 'string': None, 'block': False, 'player': None, 'condition': None}, 'mb_mode_choice_active': {'action': 'set', 'int': <NativeTemplate 0>, 'priority': 0, 'float': None, 'string': None, 'block': False, 'player': None, 'condition': None}, 'lock_timer_paused': {'action': 'set', 'int': <NativeTemplate 0>, 'priority': 0, 'float': None, 'string': None, 'block': False, 'player': None, 'condition': None}}}, key=UUID('1abedc0f-e72d-4294-a748-ae5b9df9595d'), condition=None, blocking_facility=None), RegisteredHandler(callback=<bound method ConfigPlayer.config_play_callback of ConfigPlayer.variable_player/variables>, priority=200, kwargs={'calling_context': 'mode_top_gun_multiball_stopped', 'mode': <Mode.pilot_mission_qualifier>, 'settings': {'letter_collection_paused': {'action': 'set', 'int': <NativeTemplate 0>, 'priority': 0, 'float': None, 'string': None, 'block': False, 'player': None, 'condition': None}, 'pilot_qualifier_paused': {'action': 'set', 'int': <NativeTemplate 0>, 'priority': 0, 'float': None, 'string': None, 'block': False, 'player': None, 'condition': None}, 'lock_collection_paused': {'action': 'set', 'int': <NativeTemplate 0>, 'priority': 0, 'float': None, 'string': None, 'block': False, 'player': None, 'condition': None}, 'multiball_active': {'action': 'set', 'int': <NativeTemplate 0>, 'priority': 0, 'float': None, 'string': None, 'block': False, 'player': None, 'condition': None}}}, key=UUID('e80ce4a0-ae37-4c24-b0c2-8279d4e22711'), condition=None, blocking_facility=None)]. The order of those handlers is not defined and they will be executed in random order. This might lead to race conditions and potential bugs.
2026-05-11 15:20:37,571 : INFO : EventManager : Unordered handler for class ConfigPlayer.event_player/events on event mode_hard_deck_maverick_and_charlie_started with priority 200. Handlers: [RegisteredHandler(callback=<bound method ConfigPlayer.config_play_callback of ConfigPlayer.event_player/events>, priority=200, kwargs={'calling_context': 'mode_hard_deck_maverick_and_charlie_started', 'mode': <Mode.pilot_mission_qualifier>, 'settings': {'ball_search_reset': [{'condition': None, 'number': None, 'priority': 0, 'params': {}}], 'ball_search_block': [{'condition': None, 'number': None, 'priority': 0, 'params': {}}]}}, key=UUID('84c87fdd-8e16-47d2-86ad-5bf834bce045'), condition=None, blocking_facility=None), RegisteredHandler(callback=<bound method ConfigPlayer.config_play_callback of ConfigPlayer.event_player/events>, priority=200, kwargs={'calling_context': 'mode_hard_deck_maverick_and_charlie_started', 'mode': <Mode.iceman_letters>, 'settings': {'stop_all_training_pulse_shows': [{'condition': None, 'number': None, 'priority': 0, 'params': {}}]}}, key=UUID('40cfeb1c-2cdf-4101-9344-7ffa4b54c9f4'), condition=None, blocking_facility=None), RegisteredHandler(callback=<bound method ConfigPlayer.config_play_callback of ConfigPlayer.event_player/events>, priority=200, kwargs={'calling_context': 'mode_hard_deck_maverick_and_charlie_started', 'mode': <Mode.hard_deck_qualifiers>, 'settings': {'hd_stop_pulse_show': [{'condition': None, 'number': None, 'priority': 0, 'params': {}}]}}, key=UUID('5c7526c1-8636-4c21-a103-52f339185937'), condition=None, blocking_facility=None)]. The order of those handlers is not defined and they will be executed in random order. This might lead to race conditions and potential bugs.
2026-05-11 15:20:37,571 : INFO : EventManager : Unordered handler for class ConfigPlayer.event_player/events on event mode_hard_deck_maverick_and_charlie_started with priority 200. Handlers: [RegisteredHandler(callback=<bound method ConfigPlayer.config_play_callback of ConfigPlayer.event_player/events>, priority=200, kwargs={'calling_context': 'mode_hard_deck_maverick_and_charlie_started', 'mode': <Mode.pilot_mission_qualifier>, 'settings': {'ball_search_reset': [{'condition': None, 'number': None, 'priority': 0, 'params': {}}], 'ball_search_block': [{'condition': None, 'number': None, 'priority': 0, 'params': {}}]}}, key=UUID('84c87fdd-8e16-47d2-86ad-5bf834bce045'), condition=None, blocking_facility=None), RegisteredHandler(callback=<bound method ConfigPlayer.config_play_callback of ConfigPlayer.event_player/events>, priority=200, kwargs={'calling_context': 'mode_hard_deck_maverick_and_charlie_started', 'mode': <Mode.iceman_letters>, 'settings': {'stop_all_training_pulse_shows': [{'condition': None, 'number': None, 'priority': 0, 'params': {}}]}}, key=UUID('40cfeb1c-2cdf-4101-9344-7ffa4b54c9f4'), condition=None, blocking_facility=None), RegisteredHandler(callback=<bound method ConfigPlayer.config_play_callback of ConfigPlayer.event_player/events>, priority=200, kwargs={'calling_context': 'mode_hard_deck_maverick_and_charlie_started', 'mode': <Mode.hard_deck_qualifiers>, 'settings': {'hd_stop_pulse_show': [{'condition': None, 'number': None, 'priority': 0, 'params': {}}]}}, key=UUID('5c7526c1-8636-4c21-a103-52f339185937'), condition=None, blocking_facility=None)]. The order of those handlers is not defined and they will be executed in random order. This might lead to race conditions and potential bugs.
2026-05-11 15:20:37,571 : INFO : EventManager : Unordered handler for class ConfigPlayer.event_player/events on event mode_hard_deck_playing_with_the_boys_started with priority 200. Handlers: [RegisteredHandler(callback=<bound method ConfigPlayer.config_play_callback of ConfigPlayer.event_player/events>, priority=200, kwargs={'calling_context': 'mode_hard_deck_playing_with_the_boys_started', 'mode': <Mode.pilot_mission_qualifier>, 'settings': {'ball_search_reset': [{'condition': None, 'number': None, 'priority': 0, 'params': {}}], 'ball_search_block': [{'condition': None, 'number': None, 'priority': 0, 'params': {}}]}}, key=UUID('0fc3915c-ee5f-42db-95f0-a6c8069ff7d6'), condition=None, blocking_facility=None), RegisteredHandler(callback=<bound method ConfigPlayer.config_play_callback of ConfigPlayer.event_player/events>, priority=200, kwargs={'calling_context': 'mode_hard_deck_playing_with_the_boys_started', 'mode': <Mode.iceman_letters>, 'settings': {'stop_all_training_pulse_shows': [{'condition': None, 'number': None, 'priority': 0, 'params': {}}]}}, key=UUID('e95debd0-b6be-4550-aa74-0922722aa9b1'), condition=None, blocking_facility=None), RegisteredHandler(callback=<bound method ConfigPlayer.config_play_callback of ConfigPlayer.event_player/events>, priority=200, kwargs={'calling_context': 'mode_hard_deck_playing_with_the_boys_started', 'mode': <Mode.hard_deck_qualifiers>, 'settings': {'hd_stop_pulse_show': [{'condition': None, 'number': None, 'priority': 0, 'params': {}}]}}, key=UUID('c153f831-60fd-4b05-865c-471dcf99e0be'), condition=None, blocking_facility=None)]. The order of those handlers is not defined and they will be executed in random order. This might lead to race conditions and potential bugs.
2026-05-11 15:20:37,571 : INFO : EventManager : Unordered handler for class ConfigPlayer.event_player/events on event mode_hard_deck_playing_with_the_boys_started with priority 200. Handlers: [RegisteredHandler(callback=<bound method ConfigPlayer.config_play_callback of ConfigPlayer.event_player/events>, priority=200, kwargs={'calling_context': 'mode_hard_deck_playing_with_the_boys_started', 'mode': <Mode.pilot_mission_qualifier>, 'settings': {'ball_search_reset': [{'condition': None, 'number': None, 'priority': 0, 'params': {}}], 'ball_search_block': [{'condition': None, 'number': None, 'priority': 0, 'params': {}}]}}, key=UUID('0fc3915c-ee5f-42db-95f0-a6c8069ff7d6'), condition=None, blocking_facility=None), RegisteredHandler(callback=<bound method ConfigPlayer.config_play_callback of ConfigPlayer.event_player/events>, priority=200, kwargs={'calling_context': 'mode_hard_deck_playing_with_the_boys_started', 'mode': <Mode.iceman_letters>, 'settings': {'stop_all_training_pulse_shows': [{'condition': None, 'number': None, 'priority': 0, 'params': {}}]}}, key=UUID('e95debd0-b6be-4550-aa74-0922722aa9b1'), condition=None, blocking_facility=None), RegisteredHandler(callback=<bound method ConfigPlayer.config_play_callback of ConfigPlayer.event_player/events>, priority=200, kwargs={'calling_context': 'mode_hard_deck_playing_with_the_boys_started', 'mode': <Mode.hard_deck_qualifiers>, 'settings': {'hd_stop_pulse_show': [{'condition': None, 'number': None, 'priority': 0, 'params': {}}]}}, key=UUID('c153f831-60fd-4b05-865c-471dcf99e0be'), condition=None, blocking_facility=None)]. The order of those handlers is not defined and they will be executed in random order. This might lead to race conditions and potential bugs.
2026-05-11 15:20:37,571 : INFO : EventManager : Unordered handler for class ConfigPlayer.event_player/events on event mode_hard_deck_maverick_and_penny_started with priority 200. Handlers: [RegisteredHandler(callback=<bound method ConfigPlayer.config_play_callback of ConfigPlayer.event_player/events>, priority=200, kwargs={'calling_context': 'mode_hard_deck_maverick_and_penny_started', 'mode': <Mode.pilot_mission_qualifier>, 'settings': {'ball_search_reset': [{'condition': None, 'number': None, 'priority': 0, 'params': {}}], 'ball_search_block': [{'condition': None, 'number': None, 'priority': 0, 'params': {}}]}}, key=UUID('4d505585-c610-48ec-9c98-ed5e34fed8ac'), condition=None, blocking_facility=None), RegisteredHandler(callback=<bound method ConfigPlayer.config_play_callback of ConfigPlayer.event_player/events>, priority=200, kwargs={'calling_context': 'mode_hard_deck_maverick_and_penny_started', 'mode': <Mode.iceman_letters>, 'settings': {'stop_all_training_pulse_shows': [{'condition': None, 'number': None, 'priority': 0, 'params': {}}]}}, key=UUID('debd5e49-482d-4e18-aff0-657f1f54e234'), condition=None, blocking_facility=None), RegisteredHandler(callback=<bound method ConfigPlayer.config_play_callback of ConfigPlayer.event_player/events>, priority=200, kwargs={'calling_context': 'mode_hard_deck_maverick_and_penny_started', 'mode': <Mode.hard_deck_qualifiers>, 'settings': {'hd_stop_pulse_show': [{'condition': None, 'number': None, 'priority': 0, 'params': {}}]}}, key=UUID('22aff4a4-85f7-4def-bb98-4bb68f3f2b51'), condition=None, blocking_facility=None)]. The order of those handlers is not defined and they will be executed in random order. This might lead to race conditions and potential bugs.
2026-05-11 15:20:37,571 : INFO : EventManager : Unordered handler for class ConfigPlayer.event_player/events on event mode_hard_deck_maverick_and_penny_started with priority 200. Handlers: [RegisteredHandler(callback=<bound method ConfigPlayer.config_play_callback of ConfigPlayer.event_player/events>, priority=200, kwargs={'calling_context': 'mode_hard_deck_maverick_and_penny_started', 'mode': <Mode.pilot_mission_qualifier>, 'settings': {'ball_search_reset': [{'condition': None, 'number': None, 'priority': 0, 'params': {}}], 'ball_search_block': [{'condition': None, 'number': None, 'priority': 0, 'params': {}}]}}, key=UUID('4d505585-c610-48ec-9c98-ed5e34fed8ac'), condition=None, blocking_facility=None), RegisteredHandler(callback=<bound method ConfigPlayer.config_play_callback of ConfigPlayer.event_player/events>, priority=200, kwargs={'calling_context': 'mode_hard_deck_maverick_and_penny_started', 'mode': <Mode.iceman_letters>, 'settings': {'stop_all_training_pulse_shows': [{'condition': None, 'number': None, 'priority': 0, 'params': {}}]}}, key=UUID('debd5e49-482d-4e18-aff0-657f1f54e234'), condition=None, blocking_facility=None), RegisteredHandler(callback=<bound method ConfigPlayer.config_play_callback of ConfigPlayer.event_player/events>, priority=200, kwargs={'calling_context': 'mode_hard_deck_maverick_and_penny_started', 'mode': <Mode.hard_deck_qualifiers>, 'settings': {'hd_stop_pulse_show': [{'condition': None, 'number': None, 'priority': 0, 'params': {}}]}}, key=UUID('22aff4a4-85f7-4def-bb98-4bb68f3f2b51'), condition=None, blocking_facility=None)]. The order of those handlers is not defined and they will be executed in random order. This might lead to race conditions and potential bugs.
2026-05-11 15:20:37,571 : INFO : EventManager : Unordered handler for class ConfigPlayer.event_player/events on event mode_hard_deck_honoring_iceman_started with priority 200. Handlers: [RegisteredHandler(callback=<bound method ConfigPlayer.config_play_callback of ConfigPlayer.event_player/events>, priority=200, kwargs={'calling_context': 'mode_hard_deck_honoring_iceman_started', 'mode': <Mode.pilot_mission_qualifier>, 'settings': {'ball_search_reset': [{'condition': None, 'number': None, 'priority': 0, 'params': {}}], 'ball_search_block': [{'condition': None, 'number': None, 'priority': 0, 'params': {}}]}}, key=UUID('75018123-7c13-416a-85f7-5912a9fda0c6'), condition=None, blocking_facility=None), RegisteredHandler(callback=<bound method ConfigPlayer.config_play_callback of ConfigPlayer.event_player/events>, priority=200, kwargs={'calling_context': 'mode_hard_deck_honoring_iceman_started', 'mode': <Mode.iceman_letters>, 'settings': {'stop_all_training_pulse_shows': [{'condition': None, 'number': None, 'priority': 0, 'params': {}}]}}, key=UUID('e5d39e63-01b2-44fd-b948-15a4ab1b3b63'), condition=None, blocking_facility=None), RegisteredHandler(callback=<bound method ConfigPlayer.config_play_callback of ConfigPlayer.event_player/events>, priority=200, kwargs={'calling_context': 'mode_hard_deck_honoring_iceman_started', 'mode': <Mode.hard_deck_qualifiers>, 'settings': {'hd_stop_pulse_show': [{'condition': None, 'number': None, 'priority': 0, 'params': {}}]}}, key=UUID('c5ad941b-09d4-4009-84b8-ee8cecbf440d'), condition=None, blocking_facility=None)]. The order of those handlers is not defined and they will be executed in random order. This might lead to race conditions and potential bugs.
2026-05-11 15:20:37,571 : INFO : EventManager : Unordered handler for class ConfigPlayer.event_player/events on event mode_hard_deck_honoring_iceman_started with priority 200. Handlers: [RegisteredHandler(callback=<bound method ConfigPlayer.config_play_callback of ConfigPlayer.event_player/events>, priority=200, kwargs={'calling_context': 'mode_hard_deck_honoring_iceman_started', 'mode': <Mode.pilot_mission_qualifier>, 'settings': {'ball_search_reset': [{'condition': None, 'number': None, 'priority': 0, 'params': {}}], 'ball_search_block': [{'condition': None, 'number': None, 'priority': 0, 'params': {}}]}}, key=UUID('75018123-7c13-416a-85f7-5912a9fda0c6'), condition=None, blocking_facility=None), RegisteredHandler(callback=<bound method ConfigPlayer.config_play_callback of ConfigPlayer.event_player/events>, priority=200, kwargs={'calling_context': 'mode_hard_deck_honoring_iceman_started', 'mode': <Mode.iceman_letters>, 'settings': {'stop_all_training_pulse_shows': [{'condition': None, 'number': None, 'priority': 0, 'params': {}}]}}, key=UUID('e5d39e63-01b2-44fd-b948-15a4ab1b3b63'), condition=None, blocking_facility=None), RegisteredHandler(callback=<bound method ConfigPlayer.config_play_callback of ConfigPlayer.event_player/events>, priority=200, kwargs={'calling_context': 'mode_hard_deck_honoring_iceman_started', 'mode': <Mode.hard_deck_qualifiers>, 'settings': {'hd_stop_pulse_show': [{'condition': None, 'number': None, 'priority': 0, 'params': {}}]}}, key=UUID('c5ad941b-09d4-4009-84b8-ee8cecbf440d'), condition=None, blocking_facility=None)]. The order of those handlers is not defined and they will be executed in random order. This might lead to race conditions and potential bugs.
2026-05-11 15:20:37,573 : INFO : EventManager : Unordered handler for class ConfigPlayer.variable_player/variables on event s_spinner_active with priority 200. Handlers: [RegisteredHandler(callback=<bound method ConfigPlayer.config_play_callback of ConfigPlayer.variable_player/variables>, priority=200, kwargs={'calling_context': 's_spinner_active', 'mode': <Mode.pilot_mission_qualifier>, 'settings': {'spinner_spin_count': {'action': 'add', 'int': <NativeTemplate 1>, 'priority': 0, 'float': None, 'string': None, 'block': False, 'player': None, 'condition': None}, 'previous_switch_type': {'action': 'set', 'int': <NativeTemplate 0>, 'priority': 0, 'float': None, 'string': None, 'block': False, 'player': None, 'condition': None}}}, key=UUID('180cff59-5167-435f-b4c5-35635d95949a'), condition=None, blocking_facility=None), RegisteredHandler(callback=<bound method ConfigPlayer.config_play_callback of ConfigPlayer.variable_player/variables>, priority=200, kwargs={'calling_context': 's_spinner_active', 'mode': <Mode.iceman_letters>, 'settings': {'right_post_locked_out': {'action': 'set', 'int': <NativeTemplate 1>, 'priority': 0, 'float': None, 'string': None, 'block': False, 'player': None, 'condition': None}}}, key=UUID('cca0feb8-3607-4f8a-879a-6c85b0832e21'), condition=None, blocking_facility=None)]. The order of those handlers is not defined and they will be executed in random order. This might lead to race conditions and potential bugs.
2026-05-11 15:20:37,573 : INFO : EventManager : Unordered handler for class ConfigPlayer.variable_player/variables on event s_orbit_upper_active with priority 200. Handlers: [RegisteredHandler(callback=<bound method ConfigPlayer.config_play_callback of ConfigPlayer.variable_player/variables>, priority=200, kwargs={'calling_context': 's_orbit_upper_active', 'mode': <Mode.pilot_mission_qualifier>, 'settings': {'previous_switch_type': {'action': 'set', 'int': <NativeTemplate 0>, 'priority': 0, 'float': None, 'string': None, 'block': False, 'player': None, 'condition': None}}}, key=UUID('4616fdaa-cc37-4a16-9225-272330033504'), condition=None, blocking_facility=None), RegisteredHandler(callback=<bound method ConfigPlayer.config_play_callback of ConfigPlayer.variable_player/variables>, priority=200, kwargs={'calling_context': 's_orbit_upper_active', 'mode': <Mode.iceman_letters>, 'settings': {'right_post_locked_out': {'action': 'set', 'int': <NativeTemplate 1>, 'priority': 0, 'float': None, 'string': None, 'block': False, 'player': None, 'condition': None}}}, key=UUID('4ae78bd6-ee08-4f9c-afff-e1ace01e41ac'), condition=None, blocking_facility=None)]. The order of those handlers is not defined and they will be executed in random order. This might lead to race conditions and potential bugs.
2026-05-11 15:20:37,573 : INFO : EventManager : Unordered handler for class ConfigPlayer.variable_player/variables on event s_ramp_inner_exit_active with priority 200. Handlers: [RegisteredHandler(callback=<bound method ConfigPlayer.config_play_callback of ConfigPlayer.variable_player/variables>, priority=200, kwargs={'calling_context': 's_ramp_inner_exit_active', 'mode': <Mode.pilot_mission_qualifier>, 'settings': {'previous_switch_type': {'action': 'set', 'int': <NativeTemplate 0>, 'priority': 0, 'float': None, 'string': None, 'block': False, 'player': None, 'condition': None}}}, key=UUID('a9d5335c-dcf9-463c-9e46-de14ef4a5d08'), condition=None, blocking_facility=None), RegisteredHandler(callback=<bound method ConfigPlayer.config_play_callback of ConfigPlayer.variable_player/variables>, priority=200, kwargs={'calling_context': 's_ramp_inner_exit_active', 'mode': <Mode.iceman_letters>, 'settings': {'right_post_locked_out': {'action': 'set', 'int': <NativeTemplate 1>, 'priority': 0, 'float': None, 'string': None, 'block': False, 'player': None, 'condition': None}}}, key=UUID('45b7dcea-02bf-4e93-8913-1f9b6621913b'), condition=None, blocking_facility=None)]. The order of those handlers is not defined and they will be executed in random order. This might lead to race conditions and potential bugs.
2026-05-11 15:20:37,574 : INFO : EventManager : Unordered handler for class ConfigPlayer.variable_player/variables on event s_orbit_right_active with priority 200. Handlers: [RegisteredHandler(callback=<bound method ConfigPlayer.config_play_callback of ConfigPlayer.variable_player/variables>, priority=200, kwargs={'calling_context': 's_orbit_right_active', 'mode': <Mode.pilot_mission_qualifier>, 'settings': {'previous_switch_type': {'action': 'set', 'int': <NativeTemplate 0>, 'priority': 0, 'float': None, 'string': None, 'block': False, 'player': None, 'condition': None}}}, key=UUID('32ff75b3-a9c4-48ac-bf21-0573acb3e5f7'), condition=None, blocking_facility=None), RegisteredHandler(callback=<bound method ConfigPlayer.config_play_callback of ConfigPlayer.variable_player/variables>, priority=200, kwargs={'calling_context': 's_orbit_right_active', 'mode': <Mode.iceman_letters>, 'settings': {'right_post_locked_out': {'action': 'set', 'int': <NativeTemplate 1>, 'priority': 0, 'float': None, 'string': None, 'block': False, 'player': None, 'condition': None}}}, key=UUID('01663e6d-9dd7-44da-8377-f45da1b3cb21'), condition=None, blocking_facility=None)]. The order of those handlers is not defined and they will be executed in random order. This might lead to race conditions and potential bugs.
2026-05-11 15:20:37,577 : INFO : EventManager : Unordered handler for class ConfigPlayer.event_player/events on event mode_hard_deck_maverick_and_charlie_started with priority 200. Handlers: [RegisteredHandler(callback=<bound method ConfigPlayer.config_play_callback of ConfigPlayer.event_player/events>, priority=200, kwargs={'calling_context': 'mode_hard_deck_maverick_and_charlie_started', 'mode': <Mode.pilot_mission_qualifier>, 'settings': {'ball_search_reset': [{'condition': None, 'number': None, 'priority': 0, 'params': {}}], 'ball_search_block': [{'condition': None, 'number': None, 'priority': 0, 'params': {}}]}}, key=UUID('84c87fdd-8e16-47d2-86ad-5bf834bce045'), condition=None, blocking_facility=None), RegisteredHandler(callback=<bound method ConfigPlayer.config_play_callback of ConfigPlayer.event_player/events>, priority=200, kwargs={'calling_context': 'mode_hard_deck_maverick_and_charlie_started', 'mode': <Mode.iceman_letters>, 'settings': {'stop_all_training_pulse_shows': [{'condition': None, 'number': None, 'priority': 0, 'params': {}}]}}, key=UUID('40cfeb1c-2cdf-4101-9344-7ffa4b54c9f4'), condition=None, blocking_facility=None), RegisteredHandler(callback=<bound method ConfigPlayer.config_play_callback of ConfigPlayer.event_player/events>, priority=200, kwargs={'calling_context': 'mode_hard_deck_maverick_and_charlie_started', 'mode': <Mode.hard_deck_qualifiers>, 'settings': {'hd_stop_pulse_show': [{'condition': None, 'number': None, 'priority': 0, 'params': {}}]}}, key=UUID('5c7526c1-8636-4c21-a103-52f339185937'), condition=None, blocking_facility=None)]. The order of those handlers is not defined and they will be executed in random order. This might lead to race conditions and potential bugs.
2026-05-11 15:20:37,577 : INFO : EventManager : Unordered handler for class ConfigPlayer.event_player/events on event mode_hard_deck_maverick_and_charlie_started with priority 200. Handlers: [RegisteredHandler(callback=<bound method ConfigPlayer.config_play_callback of ConfigPlayer.event_player/events>, priority=200, kwargs={'calling_context': 'mode_hard_deck_maverick_and_charlie_started', 'mode': <Mode.pilot_mission_qualifier>, 'settings': {'ball_search_reset': [{'condition': None, 'number': None, 'priority': 0, 'params': {}}], 'ball_search_block': [{'condition': None, 'number': None, 'priority': 0, 'params': {}}]}}, key=UUID('84c87fdd-8e16-47d2-86ad-5bf834bce045'), condition=None, blocking_facility=None), RegisteredHandler(callback=<bound method ConfigPlayer.config_play_callback of ConfigPlayer.event_player/events>, priority=200, kwargs={'calling_context': 'mode_hard_deck_maverick_and_charlie_started', 'mode': <Mode.iceman_letters>, 'settings': {'stop_all_training_pulse_shows': [{'condition': None, 'number': None, 'priority': 0, 'params': {}}]}}, key=UUID('40cfeb1c-2cdf-4101-9344-7ffa4b54c9f4'), condition=None, blocking_facility=None), RegisteredHandler(callback=<bound method ConfigPlayer.config_play_callback of ConfigPlayer.event_player/events>, priority=200, kwargs={'calling_context': 'mode_hard_deck_maverick_and_charlie_started', 'mode': <Mode.hard_deck_qualifiers>, 'settings': {'hd_stop_pulse_show': [{'condition': None, 'number': None, 'priority': 0, 'params': {}}]}}, key=UUID('5c7526c1-8636-4c21-a103-52f339185937'), condition=None, blocking_facility=None)]. The order of those handlers is not defined and they will be executed in random order. This might lead to race conditions and potential bugs.
2026-05-11 15:20:37,577 : INFO : EventManager : Unordered handler for class ConfigPlayer.event_player/events on event mode_hard_deck_playing_with_the_boys_started with priority 200. Handlers: [RegisteredHandler(callback=<bound method ConfigPlayer.config_play_callback of ConfigPlayer.event_player/events>, priority=200, kwargs={'calling_context': 'mode_hard_deck_playing_with_the_boys_started', 'mode': <Mode.pilot_mission_qualifier>, 'settings': {'ball_search_reset': [{'condition': None, 'number': None, 'priority': 0, 'params': {}}], 'ball_search_block': [{'condition': None, 'number': None, 'priority': 0, 'params': {}}]}}, key=UUID('0fc3915c-ee5f-42db-95f0-a6c8069ff7d6'), condition=None, blocking_facility=None), RegisteredHandler(callback=<bound method ConfigPlayer.config_play_callback of ConfigPlayer.event_player/events>, priority=200, kwargs={'calling_context': 'mode_hard_deck_playing_with_the_boys_started', 'mode': <Mode.iceman_letters>, 'settings': {'stop_all_training_pulse_shows': [{'condition': None, 'number': None, 'priority': 0, 'params': {}}]}}, key=UUID('e95debd0-b6be-4550-aa74-0922722aa9b1'), condition=None, blocking_facility=None), RegisteredHandler(callback=<bound method ConfigPlayer.config_play_callback of ConfigPlayer.event_player/events>, priority=200, kwargs={'calling_context': 'mode_hard_deck_playing_with_the_boys_started', 'mode': <Mode.hard_deck_qualifiers>, 'settings': {'hd_stop_pulse_show': [{'condition': None, 'number': None, 'priority': 0, 'params': {}}]}}, key=UUID('c153f831-60fd-4b05-865c-471dcf99e0be'), condition=None, blocking_facility=None)]. The order of those handlers is not defined and they will be executed in random order. This might lead to race conditions and potential bugs.
2026-05-11 15:20:37,577 : INFO : EventManager : Unordered handler for class ConfigPlayer.event_player/events on event mode_hard_deck_playing_with_the_boys_started with priority 200. Handlers: [RegisteredHandler(callback=<bound method ConfigPlayer.config_play_callback of ConfigPlayer.event_player/events>, priority=200, kwargs={'calling_context': 'mode_hard_deck_playing_with_the_boys_started', 'mode': <Mode.pilot_mission_qualifier>, 'settings': {'ball_search_reset': [{'condition': None, 'number': None, 'priority': 0, 'params': {}}], 'ball_search_block': [{'condition': None, 'number': None, 'priority': 0, 'params': {}}]}}, key=UUID('0fc3915c-ee5f-42db-95f0-a6c8069ff7d6'), condition=None, blocking_facility=None), RegisteredHandler(callback=<bound method ConfigPlayer.config_play_callback of ConfigPlayer.event_player/events>, priority=200, kwargs={'calling_context': 'mode_hard_deck_playing_with_the_boys_started', 'mode': <Mode.iceman_letters>, 'settings': {'stop_all_training_pulse_shows': [{'condition': None, 'number': None, 'priority': 0, 'params': {}}]}}, key=UUID('e95debd0-b6be-4550-aa74-0922722aa9b1'), condition=None, blocking_facility=None), RegisteredHandler(callback=<bound method ConfigPlayer.config_play_callback of ConfigPlayer.event_player/events>, priority=200, kwargs={'calling_context': 'mode_hard_deck_playing_with_the_boys_started', 'mode': <Mode.hard_deck_qualifiers>, 'settings': {'hd_stop_pulse_show': [{'condition': None, 'number': None, 'priority': 0, 'params': {}}]}}, key=UUID('c153f831-60fd-4b05-865c-471dcf99e0be'), condition=None, blocking_facility=None)]. The order of those handlers is not defined and they will be executed in random order. This might lead to race conditions and potential bugs.
2026-05-11 15:20:37,578 : INFO : EventManager : Unordered handler for class ConfigPlayer.event_player/events on event mode_hard_deck_maverick_and_penny_started with priority 200. Handlers: [RegisteredHandler(callback=<bound method ConfigPlayer.config_play_callback of ConfigPlayer.event_player/events>, priority=200, kwargs={'calling_context': 'mode_hard_deck_maverick_and_penny_started', 'mode': <Mode.pilot_mission_qualifier>, 'settings': {'ball_search_reset': [{'condition': None, 'number': None, 'priority': 0, 'params': {}}], 'ball_search_block': [{'condition': None, 'number': None, 'priority': 0, 'params': {}}]}}, key=UUID('4d505585-c610-48ec-9c98-ed5e34fed8ac'), condition=None, blocking_facility=None), RegisteredHandler(callback=<bound method ConfigPlayer.config_play_callback of ConfigPlayer.event_player/events>, priority=200, kwargs={'calling_context': 'mode_hard_deck_maverick_and_penny_started', 'mode': <Mode.iceman_letters>, 'settings': {'stop_all_training_pulse_shows': [{'condition': None, 'number': None, 'priority': 0, 'params': {}}]}}, key=UUID('debd5e49-482d-4e18-aff0-657f1f54e234'), condition=None, blocking_facility=None), RegisteredHandler(callback=<bound method ConfigPlayer.config_play_callback of ConfigPlayer.event_player/events>, priority=200, kwargs={'calling_context': 'mode_hard_deck_maverick_and_penny_started', 'mode': <Mode.hard_deck_qualifiers>, 'settings': {'hd_stop_pulse_show': [{'condition': None, 'number': None, 'priority': 0, 'params': {}}]}}, key=UUID('22aff4a4-85f7-4def-bb98-4bb68f3f2b51'), condition=None, blocking_facility=None)]. The order of those handlers is not defined and they will be executed in random order. This might lead to race conditions and potential bugs.
2026-05-11 15:20:37,578 : INFO : EventManager : Unordered handler for class ConfigPlayer.event_player/events on event mode_hard_deck_maverick_and_penny_started with priority 200. Handlers: [RegisteredHandler(callback=<bound method ConfigPlayer.config_play_callback of ConfigPlayer.event_player/events>, priority=200, kwargs={'calling_context': 'mode_hard_deck_maverick_and_penny_started', 'mode': <Mode.pilot_mission_qualifier>, 'settings': {'ball_search_reset': [{'condition': None, 'number': None, 'priority': 0, 'params': {}}], 'ball_search_block': [{'condition': None, 'number': None, 'priority': 0, 'params': {}}]}}, key=UUID('4d505585-c610-48ec-9c98-ed5e34fed8ac'), condition=None, blocking_facility=None), RegisteredHandler(callback=<bound method ConfigPlayer.config_play_callback of ConfigPlayer.event_player/events>, priority=200, kwargs={'calling_context': 'mode_hard_deck_maverick_and_penny_started', 'mode': <Mode.iceman_letters>, 'settings': {'stop_all_training_pulse_shows': [{'condition': None, 'number': None, 'priority': 0, 'params': {}}]}}, key=UUID('debd5e49-482d-4e18-aff0-657f1f54e234'), condition=None, blocking_facility=None), RegisteredHandler(callback=<bound method ConfigPlayer.config_play_callback of ConfigPlayer.event_player/events>, priority=200, kwargs={'calling_context': 'mode_hard_deck_maverick_and_penny_started', 'mode': <Mode.hard_deck_qualifiers>, 'settings': {'hd_stop_pulse_show': [{'condition': None, 'number': None, 'priority': 0, 'params': {}}]}}, key=UUID('22aff4a4-85f7-4def-bb98-4bb68f3f2b51'), condition=None, blocking_facility=None)]. The order of those handlers is not defined and they will be executed in random order. This might lead to race conditions and potential bugs.
2026-05-11 15:20:37,578 : INFO : EventManager : Unordered handler for class ConfigPlayer.event_player/events on event mode_hard_deck_honoring_iceman_started with priority 200. Handlers: [RegisteredHandler(callback=<bound method ConfigPlayer.config_play_callback of ConfigPlayer.event_player/events>, priority=200, kwargs={'calling_context': 'mode_hard_deck_honoring_iceman_started', 'mode': <Mode.pilot_mission_qualifier>, 'settings': {'ball_search_reset': [{'condition': None, 'number': None, 'priority': 0, 'params': {}}], 'ball_search_block': [{'condition': None, 'number': None, 'priority': 0, 'params': {}}]}}, key=UUID('75018123-7c13-416a-85f7-5912a9fda0c6'), condition=None, blocking_facility=None), RegisteredHandler(callback=<bound method ConfigPlayer.config_play_callback of ConfigPlayer.event_player/events>, priority=200, kwargs={'calling_context': 'mode_hard_deck_honoring_iceman_started', 'mode': <Mode.iceman_letters>, 'settings': {'stop_all_training_pulse_shows': [{'condition': None, 'number': None, 'priority': 0, 'params': {}}]}}, key=UUID('e5d39e63-01b2-44fd-b948-15a4ab1b3b63'), condition=None, blocking_facility=None), RegisteredHandler(callback=<bound method ConfigPlayer.config_play_callback of ConfigPlayer.event_player/events>, priority=200, kwargs={'calling_context': 'mode_hard_deck_honoring_iceman_started', 'mode': <Mode.hard_deck_qualifiers>, 'settings': {'hd_stop_pulse_show': [{'condition': None, 'number': None, 'priority': 0, 'params': {}}]}}, key=UUID('c5ad941b-09d4-4009-84b8-ee8cecbf440d'), condition=None, blocking_facility=None)]. The order of those handlers is not defined and they will be executed in random order. This might lead to race conditions and potential bugs.
2026-05-11 15:20:37,578 : INFO : EventManager : Unordered handler for class ConfigPlayer.event_player/events on event mode_hard_deck_honoring_iceman_started with priority 200. Handlers: [RegisteredHandler(callback=<bound method ConfigPlayer.config_play_callback of ConfigPlayer.event_player/events>, priority=200, kwargs={'calling_context': 'mode_hard_deck_honoring_iceman_started', 'mode': <Mode.pilot_mission_qualifier>, 'settings': {'ball_search_reset': [{'condition': None, 'number': None, 'priority': 0, 'params': {}}], 'ball_search_block': [{'condition': None, 'number': None, 'priority': 0, 'params': {}}]}}, key=UUID('75018123-7c13-416a-85f7-5912a9fda0c6'), condition=None, blocking_facility=None), RegisteredHandler(callback=<bound method ConfigPlayer.config_play_callback of ConfigPlayer.event_player/events>, priority=200, kwargs={'calling_context': 'mode_hard_deck_honoring_iceman_started', 'mode': <Mode.iceman_letters>, 'settings': {'stop_all_training_pulse_shows': [{'condition': None, 'number': None, 'priority': 0, 'params': {}}]}}, key=UUID('e5d39e63-01b2-44fd-b948-15a4ab1b3b63'), condition=None, blocking_facility=None), RegisteredHandler(callback=<bound method ConfigPlayer.config_play_callback of ConfigPlayer.event_player/events>, priority=200, kwargs={'calling_context': 'mode_hard_deck_honoring_iceman_started', 'mode': <Mode.hard_deck_qualifiers>, 'settings': {'hd_stop_pulse_show': [{'condition': None, 'number': None, 'priority': 0, 'params': {}}]}}, key=UUID('c5ad941b-09d4-4009-84b8-ee8cecbf440d'), condition=None, blocking_facility=None)]. The order of those handlers is not defined and they will be executed in random order. This might lead to race conditions and potential bugs.
2026-05-11 15:20:37,578 : INFO : EventManager : Unordered handler for class ConfigPlayer.variable_player/variables on event mode_top_gun_multiball_stopped with priority 200. Handlers: [RegisteredHandler(callback=<bound method ConfigPlayer.config_play_callback of ConfigPlayer.variable_player/variables>, priority=200, kwargs={'calling_context': 'mode_top_gun_multiball_stopped', 'mode': <Mode.top_gun_multiball_locks>, 'settings': {'lock_goose_lit': {'action': 'set', 'int': <NativeTemplate 0>, 'priority': 0, 'float': None, 'string': None, 'block': False, 'player': None, 'condition': None}, 'lock_mav_lit': {'action': 'set', 'int': <NativeTemplate 0>, 'priority': 0, 'float': None, 'string': None, 'block': False, 'player': None, 'condition': None}, 'lock_goose_locked': {'action': 'set', 'int': <NativeTemplate 0>, 'priority': 0, 'float': None, 'string': None, 'block': False, 'player': None, 'condition': None}, 'lock_mav_locked': {'action': 'set', 'int': <NativeTemplate 0>, 'priority': 0, 'float': None, 'string': None, 'block': False, 'player': None, 'condition': None}, 'multiball_qualified': {'action': 'set', 'int': <NativeTemplate 0>, 'priority': 0, 'float': None, 'string': None, 'block': False, 'player': None, 'condition': None}, 'multiball_starting': {'action': 'set', 'int': <NativeTemplate 0>, 'priority': 0, 'float': None, 'string': None, 'block': False, 'player': None, 'condition': None}, 'lock_completions': {'action': 'set', 'int': <NativeTemplate 0>, 'priority': 0, 'float': None, 'string': None, 'block': False, 'player': None, 'condition': None}, 'multiball_active': {'action': 'set', 'int': <NativeTemplate 0>, 'priority': 0, 'float': None, 'string': None, 'block': False, 'player': None, 'condition': None}, 'letter_collection_paused': {'action': 'set', 'int': <NativeTemplate 0>, 'priority': 0, 'float': None, 'string': None, 'block': False, 'player': None, 'condition': None}, 'pilot_qualifier_paused': {'action': 'set', 'int': <NativeTemplate 0>, 'priority': 0, 'float': None, 'string': None, 'block': False, 'player': None, 'condition': None}, 'lock_collection_paused': {'action': 'set', 'int': <NativeTemplate 0>, 'priority': 0, 'float': None, 'string': None, 'block': False, 'player': None, 'condition': None}, 'mb_mode_choice_active': {'action': 'set', 'int': <NativeTemplate 0>, 'priority': 0, 'float': None, 'string': None, 'block': False, 'player': None, 'condition': None}, 'lock_timer_paused': {'action': 'set', 'int': <NativeTemplate 0>, 'priority': 0, 'float': None, 'string': None, 'block': False, 'player': None, 'condition': None}}}, key=UUID('1abedc0f-e72d-4294-a748-ae5b9df9595d'), condition=None, blocking_facility=None), RegisteredHandler(callback=<bound method ConfigPlayer.config_play_callback of ConfigPlayer.variable_player/variables>, priority=200, kwargs={'calling_context': 'mode_top_gun_multiball_stopped', 'mode': <Mode.pilot_mission_qualifier>, 'settings': {'letter_collection_paused': {'action': 'set', 'int': <NativeTemplate 0>, 'priority': 0, 'float': None, 'string': None, 'block': False, 'player': None, 'condition': None}, 'pilot_qualifier_paused': {'action': 'set', 'int': <NativeTemplate 0>, 'priority': 0, 'float': None, 'string': None, 'block': False, 'player': None, 'condition': None}, 'lock_collection_paused': {'action': 'set', 'int': <NativeTemplate 0>, 'priority': 0, 'float': None, 'string': None, 'block': False, 'player': None, 'condition': None}, 'multiball_active': {'action': 'set', 'int': <NativeTemplate 0>, 'priority': 0, 'float': None, 'string': None, 'block': False, 'player': None, 'condition': None}}}, key=UUID('e80ce4a0-ae37-4c24-b0c2-8279d4e22711'), condition=None, blocking_facility=None)]. The order of those handlers is not defined and they will be executed in random order. This might lead to race conditions and potential bugs.
2026-05-11 15:20:37,578 : INFO : EventManager : Unordered handler for class ConfigPlayer.variable_player/variables on event mode_hard_deck_maverick_and_charlie_stopped with priority 200. Handlers: [RegisteredHandler(callback=<bound method ConfigPlayer.config_play_callback of ConfigPlayer.variable_player/variables>, priority=200, kwargs={'calling_context': 'mode_hard_deck_maverick_and_charlie_stopped', 'mode': <Mode.pilot_mission_qualifier>, 'settings': {'letter_collection_paused': {'action': 'set', 'int': <NativeTemplate 0>, 'priority': 0, 'float': None, 'string': None, 'block': False, 'player': None, 'condition': None}, 'hard_deck_active': {'action': 'set', 'int': <NativeTemplate 0>, 'priority': 0, 'float': None, 'string': None, 'block': False, 'player': None, 'condition': None}}}, key=UUID('00391fa1-980b-4a41-810d-8338647352dc'), condition=None, blocking_facility=None), RegisteredHandler(callback=<bound method ConfigPlayer.config_play_callback of ConfigPlayer.variable_player/variables>, priority=200, kwargs={'calling_context': 'mode_hard_deck_maverick_and_charlie_stopped', 'mode': <Mode.hard_deck_qualifiers>, 'settings': {'hard_deck_active': {'action': 'set', 'int': <NativeTemplate 0>, 'priority': 0, 'float': None, 'string': None, 'block': False, 'player': None, 'condition': None}, 'letter_collection_paused': {'action': 'set', 'int': <NativeTemplate 0>, 'priority': 0, 'float': None, 'string': None, 'block': False, 'player': None, 'condition': None}}}, key=UUID('38b981d6-f0df-4adf-a399-ff79976cf5fc'), condition=None, blocking_facility=None)]. The order of those handlers is not defined and they will be executed in random order. This might lead to race conditions and potential bugs.
2026-05-11 15:20:37,578 : INFO : EventManager : Unordered handler for class ConfigPlayer.variable_player/variables on event mode_hard_deck_playing_with_the_boys_stopped with priority 200. Handlers: [RegisteredHandler(callback=<bound method ConfigPlayer.config_play_callback of ConfigPlayer.variable_player/variables>, priority=200, kwargs={'calling_context': 'mode_hard_deck_playing_with_the_boys_stopped', 'mode': <Mode.pilot_mission_qualifier>, 'settings': {'letter_collection_paused': {'action': 'set', 'int': <NativeTemplate 0>, 'priority': 0, 'float': None, 'string': None, 'block': False, 'player': None, 'condition': None}, 'hard_deck_active': {'action': 'set', 'int': <NativeTemplate 0>, 'priority': 0, 'float': None, 'string': None, 'block': False, 'player': None, 'condition': None}, 'multiball_active': {'action': 'set', 'int': <NativeTemplate 0>, 'priority': 0, 'float': None, 'string': None, 'block': False, 'player': None, 'condition': None}}}, key=UUID('04ff2fde-b41a-4df3-8211-744015ee36f0'), condition=None, blocking_facility=None), RegisteredHandler(callback=<bound method ConfigPlayer.config_play_callback of ConfigPlayer.variable_player/variables>, priority=200, kwargs={'calling_context': 'mode_hard_deck_playing_with_the_boys_stopped', 'mode': <Mode.hard_deck_qualifiers>, 'settings': {'hard_deck_active': {'action': 'set', 'int': <NativeTemplate 0>, 'priority': 0, 'float': None, 'string': None, 'block': False, 'player': None, 'condition': None}, 'letter_collection_paused': {'action': 'set', 'int': <NativeTemplate 0>, 'priority': 0, 'float': None, 'string': None, 'block': False, 'player': None, 'condition': None}, 'ptb_post_mode_plunge_active': {'action': 'set', 'int': <NativeTemplate 0>, 'priority': 0, 'float': None, 'string': None, 'block': False, 'player': None, 'condition': None}}}, key=UUID('11f11c7c-e5db-46e9-ac06-410311bfaca1'), condition=None, blocking_facility=None)]. The order of those handlers is not defined and they will be executed in random order. This might lead to race conditions and potential bugs.
2026-05-11 15:20:37,578 : INFO : EventManager : Unordered handler for class ConfigPlayer.variable_player/variables on event mode_hard_deck_maverick_and_penny_stopped with priority 200. Handlers: [RegisteredHandler(callback=<bound method ConfigPlayer.config_play_callback of ConfigPlayer.variable_player/variables>, priority=200, kwargs={'calling_context': 'mode_hard_deck_maverick_and_penny_stopped', 'mode': <Mode.pilot_mission_qualifier>, 'settings': {'letter_collection_paused': {'action': 'set', 'int': <NativeTemplate 0>, 'priority': 0, 'float': None, 'string': None, 'block': False, 'player': None, 'condition': None}, 'hard_deck_active': {'action': 'set', 'int': <NativeTemplate 0>, 'priority': 0, 'float': None, 'string': None, 'block': False, 'player': None, 'condition': None}}}, key=UUID('82f90574-5f42-417c-9890-8bb32dc65ab5'), condition=None, blocking_facility=None), RegisteredHandler(callback=<bound method ConfigPlayer.config_play_callback of ConfigPlayer.variable_player/variables>, priority=200, kwargs={'calling_context': 'mode_hard_deck_maverick_and_penny_stopped', 'mode': <Mode.hard_deck_qualifiers>, 'settings': {'hard_deck_active': {'action': 'set', 'int': <NativeTemplate 0>, 'priority': 0, 'float': None, 'string': None, 'block': False, 'player': None, 'condition': None}, 'letter_collection_paused': {'action': 'set', 'int': <NativeTemplate 0>, 'priority': 0, 'float': None, 'string': None, 'block': False, 'player': None, 'condition': None}}}, key=UUID('5bafd9f6-1bc6-49f9-ab21-5f9f65d64ca4'), condition=None, blocking_facility=None)]. The order of those handlers is not defined and they will be executed in random order. This might lead to race conditions and potential bugs.
2026-05-11 15:20:37,578 : INFO : EventManager : Unordered handler for class ConfigPlayer.variable_player/variables on event mode_hard_deck_honoring_iceman_stopped with priority 200. Handlers: [RegisteredHandler(callback=<bound method ConfigPlayer.config_play_callback of ConfigPlayer.variable_player/variables>, priority=200, kwargs={'calling_context': 'mode_hard_deck_honoring_iceman_stopped', 'mode': <Mode.pilot_mission_qualifier>, 'settings': {'letter_collection_paused': {'action': 'set', 'int': <NativeTemplate 0>, 'priority': 0, 'float': None, 'string': None, 'block': False, 'player': None, 'condition': None}, 'hard_deck_active': {'action': 'set', 'int': <NativeTemplate 0>, 'priority': 0, 'float': None, 'string': None, 'block': False, 'player': None, 'condition': None}}}, key=UUID('a7d2b768-377e-42fc-91a1-0cd4769201e6'), condition=None, blocking_facility=None), RegisteredHandler(callback=<bound method ConfigPlayer.config_play_callback of ConfigPlayer.variable_player/variables>, priority=200, kwargs={'calling_context': 'mode_hard_deck_honoring_iceman_stopped', 'mode': <Mode.hard_deck_qualifiers>, 'settings': {'hard_deck_active': {'action': 'set', 'int': <NativeTemplate 0>, 'priority': 0, 'float': None, 'string': None, 'block': False, 'player': None, 'condition': None}, 'letter_collection_paused': {'action': 'set', 'int': <NativeTemplate 0>, 'priority': 0, 'float': None, 'string': None, 'block': False, 'player': None, 'condition': None}}}, key=UUID('a8fb0d40-9735-4544-959e-289532648f4f'), condition=None, blocking_facility=None)]. The order of those handlers is not defined and they will be executed in random order. This might lead to race conditions and potential bugs.
2026-05-11 15:20:37,580 : INFO : EventManager : Event: ======'mode_hard_deck_qualifiers_starting'====== Args={'queue': <QueuedEvent>, 'player': 1, 'ball': 1, 'balls_remaining': 2, 'is_extra_ball': False}
2026-05-11 15:20:37,581 : INFO : EventManager : Event: ======'mode_mig_letters_will_start'====== Args={'queue': <QueuedEvent>, 'player': 1, 'ball': 1, 'balls_remaining': 2, 'is_extra_ball': False}
2026-05-11 15:20:37,581 : INFO : EventManager : Event: ======'player_mig_letters_mig_reset_tick'====== Args={'value': 0, 'prev_value': 0, 'change': 0, 'player_num': 1}
2026-05-11 15:20:37,582 : INFO : EventManager : Unordered handler for class ConfigPlayer.variable_player/variables on event player_added with priority 200. Handlers: [RegisteredHandler(callback=<bound method ConfigPlayer.config_play_callback of ConfigPlayer.variable_player/variables>, priority=200, kwargs={'calling_context': 'player_added', 'mode': <Mode.pilot_mission_qualifier>, 'settings': {'_pmq_initialized': {'action': 'set', 'int': <NativeTemplate 1>, 'priority': 0, 'float': None, 'string': None, 'block': False, 'player': None, 'condition': None}}}, key=UUID('27e329e6-163c-4c38-9af4-802eacdb296a'), condition=None, blocking_facility=None), RegisteredHandler(callback=<bound method ConfigPlayer.config_play_callback of ConfigPlayer.variable_player/variables>, priority=200, kwargs={'calling_context': 'player_added', 'mode': <Mode.iceman_letters>, 'settings': {'iceman_letter_i': {'action': 'set', 'int': <NativeTemplate 0>, 'priority': 0, 'float': None, 'string': None, 'block': False, 'player': None, 'condition': None}, 'iceman_letter_c': {'action': 'set', 'int': <NativeTemplate 0>, 'priority': 0, 'float': None, 'string': None, 'block': False, 'player': None, 'condition': None}, 'iceman_letter_e': {'action': 'set', 'int': <NativeTemplate 0>, 'priority': 0, 'float': None, 'string': None, 'block': False, 'player': None, 'condition': None}, 'iceman_letter_m': {'action': 'set', 'int': <NativeTemplate 0>, 'priority': 0, 'float': None, 'string': None, 'block': False, 'player': None, 'condition': None}, 'iceman_letter_a': {'action': 'set', 'int': <NativeTemplate 0>, 'priority': 0, 'float': None, 'string': None, 'block': False, 'player': None, 'condition': None}, 'iceman_letter_n': {'action': 'set', 'int': <NativeTemplate 0>, 'priority': 0, 'float': None, 'string': None, 'block': False, 'player': None, 'condition': None}, 'iceman_completing': {'action': 'set', 'int': <NativeTemplate 0>, 'priority': 0, 'float': None, 'string': None, 'block': False, 'player': None, 'condition': None}, 'training_inverted_complete': {'action': 'set', 'int': <NativeTemplate 0>, 'priority': 0, 'float': None, 'string': None, 'block': False, 'player': None, 'condition': None}, 'training_missles_complete': {'action': 'set', 'int': <NativeTemplate 0>, 'priority': 0, 'float': None, 'string': None, 'block': False, 'player': None, 'condition': None}, 'training_afterburner_complete': {'action': 'set', 'int': <NativeTemplate 0>, 'priority': 0, 'float': None, 'string': None, 'block': False, 'player': None, 'condition': None}, 'training_wingman_complete': {'action': 'set', 'int': <NativeTemplate 0>, 'priority': 0, 'float': None, 'string': None, 'block': False, 'player': None, 'condition': None}, 'training_dogfight_complete': {'action': 'set', 'int': <NativeTemplate 0>, 'priority': 0, 'float': None, 'string': None, 'block': False, 'player': None, 'condition': None}, 'right_post_locked_out': {'action': 'set', 'int': <NativeTemplate 0>, 'priority': 0, 'float': None, 'string': None, 'block': False, 'player': None, 'condition': None}}}, key=UUID('8b8c68c3-b02d-4675-88a8-34a053cf4ed8'), condition=None, blocking_facility=None), RegisteredHandler(callback=<bound method ConfigPlayer.config_play_callback of ConfigPlayer.variable_player/variables>, priority=200, kwargs={'calling_context': 'player_added', 'mode': <Mode.mig_letters>, 'settings': {'mig_letter_m': {'action': 'set', 'int': <NativeTemplate 0>, 'priority': 0, 'float': None, 'string': None, 'block': False, 'player': None, 'condition': None}, 'mig_letter_i': {'action': 'set', 'int': <NativeTemplate 0>, 'priority': 0, 'float': None, 'string': None, 'block': False, 'player': None, 'condition': None}, 'mig_letter_g': {'action': 'set', 'int': <NativeTemplate 0>, 'priority': 0, 'float': None, 'string': None, 'block': False, 'player': None, 'condition': None}, 'bonus_multiplier': {'action': 'set', 'int': <NativeTemplate 1>, 'priority': 0, 'float': None, 'string': None, 'block': False, 'player': None, 'condition': None}, 'mig_completing': {'action': 'set', 'int': <NativeTemplate 0>, 'priority': 0, 'float': None, 'string': None, 'block': False, 'player': None, 'condition': None}}}, key=UUID('20125a09-c5b7-44f6-9411-977e16cfda32'), condition=None, blocking_facility=None)]. The order of those handlers is not defined and they will be executed in random order. This might lead to race conditions and potential bugs.
2026-05-11 15:20:37,582 : INFO : EventManager : Unordered handler for class ConfigPlayer.variable_player/variables on event player_added with priority 200. Handlers: [RegisteredHandler(callback=<bound method ConfigPlayer.config_play_callback of ConfigPlayer.variable_player/variables>, priority=200, kwargs={'calling_context': 'player_added', 'mode': <Mode.pilot_mission_qualifier>, 'settings': {'_pmq_initialized': {'action': 'set', 'int': <NativeTemplate 1>, 'priority': 0, 'float': None, 'string': None, 'block': False, 'player': None, 'condition': None}}}, key=UUID('27e329e6-163c-4c38-9af4-802eacdb296a'), condition=None, blocking_facility=None), RegisteredHandler(callback=<bound method ConfigPlayer.config_play_callback of ConfigPlayer.variable_player/variables>, priority=200, kwargs={'calling_context': 'player_added', 'mode': <Mode.iceman_letters>, 'settings': {'iceman_letter_i': {'action': 'set', 'int': <NativeTemplate 0>, 'priority': 0, 'float': None, 'string': None, 'block': False, 'player': None, 'condition': None}, 'iceman_letter_c': {'action': 'set', 'int': <NativeTemplate 0>, 'priority': 0, 'float': None, 'string': None, 'block': False, 'player': None, 'condition': None}, 'iceman_letter_e': {'action': 'set', 'int': <NativeTemplate 0>, 'priority': 0, 'float': None, 'string': None, 'block': False, 'player': None, 'condition': None}, 'iceman_letter_m': {'action': 'set', 'int': <NativeTemplate 0>, 'priority': 0, 'float': None, 'string': None, 'block': False, 'player': None, 'condition': None}, 'iceman_letter_a': {'action': 'set', 'int': <NativeTemplate 0>, 'priority': 0, 'float': None, 'string': None, 'block': False, 'player': None, 'condition': None}, 'iceman_letter_n': {'action': 'set', 'int': <NativeTemplate 0>, 'priority': 0, 'float': None, 'string': None, 'block': False, 'player': None, 'condition': None}, 'iceman_completing': {'action': 'set', 'int': <NativeTemplate 0>, 'priority': 0, 'float': None, 'string': None, 'block': False, 'player': None, 'condition': None}, 'training_inverted_complete': {'action': 'set', 'int': <NativeTemplate 0>, 'priority': 0, 'float': None, 'string': None, 'block': False, 'player': None, 'condition': None}, 'training_missles_complete': {'action': 'set', 'int': <NativeTemplate 0>, 'priority': 0, 'float': None, 'string': None, 'block': False, 'player': None, 'condition': None}, 'training_afterburner_complete': {'action': 'set', 'int': <NativeTemplate 0>, 'priority': 0, 'float': None, 'string': None, 'block': False, 'player': None, 'condition': None}, 'training_wingman_complete': {'action': 'set', 'int': <NativeTemplate 0>, 'priority': 0, 'float': None, 'string': None, 'block': False, 'player': None, 'condition': None}, 'training_dogfight_complete': {'action': 'set', 'int': <NativeTemplate 0>, 'priority': 0, 'float': None, 'string': None, 'block': False, 'player': None, 'condition': None}, 'right_post_locked_out': {'action': 'set', 'int': <NativeTemplate 0>, 'priority': 0, 'float': None, 'string': None, 'block': False, 'player': None, 'condition': None}}}, key=UUID('8b8c68c3-b02d-4675-88a8-34a053cf4ed8'), condition=None, blocking_facility=None), RegisteredHandler(callback=<bound method ConfigPlayer.config_play_callback of ConfigPlayer.variable_player/variables>, priority=200, kwargs={'calling_context': 'player_added', 'mode': <Mode.mig_letters>, 'settings': {'mig_letter_m': {'action': 'set', 'int': <NativeTemplate 0>, 'priority': 0, 'float': None, 'string': None, 'block': False, 'player': None, 'condition': None}, 'mig_letter_i': {'action': 'set', 'int': <NativeTemplate 0>, 'priority': 0, 'float': None, 'string': None, 'block': False, 'player': None, 'condition': None}, 'mig_letter_g': {'action': 'set', 'int': <NativeTemplate 0>, 'priority': 0, 'float': None, 'string': None, 'block': False, 'player': None, 'condition': None}, 'bonus_multiplier': {'action': 'set', 'int': <NativeTemplate 1>, 'priority': 0, 'float': None, 'string': None, 'block': False, 'player': None, 'condition': None}, 'mig_completing': {'action': 'set', 'int': <NativeTemplate 0>, 'priority': 0, 'float': None, 'string': None, 'block': False, 'player': None, 'condition': None}}}, key=UUID('20125a09-c5b7-44f6-9411-977e16cfda32'), condition=None, blocking_facility=None)]. The order of those handlers is not defined and they will be executed in random order. This might lead to race conditions and potential bugs.
2026-05-11 15:20:37,583 : INFO : EventManager : Unordered handler for class ConfigPlayer.variable_player/variables on event ball_will_end with priority 200. Handlers: [RegisteredHandler(callback=<bound method ConfigPlayer.config_play_callback of ConfigPlayer.variable_player/variables>, priority=200, kwargs={'calling_context': 'ball_will_end', 'mode': <Mode.pilot_mission_qualifier>, 'settings': {'mystery_just_lit_pilot': {'action': 'set', 'int': <NativeTemplate 0>, 'priority': 0, 'float': None, 'string': None, 'block': False, 'player': None, 'condition': None}, 'scoop_release_pending': {'action': 'set', 'int': <NativeTemplate 0>, 'priority': 0, 'float': None, 'string': None, 'block': False, 'player': None, 'condition': None}}}, key=UUID('7938edd2-89e1-4e5b-8f9e-0e9efadab5c1'), condition=None, blocking_facility=None), RegisteredHandler(callback=<bound method ConfigPlayer.config_play_callback of ConfigPlayer.variable_player/variables>, priority=200, kwargs={'calling_context': 'ball_will_end', 'mode': <Mode.mig_letters>, 'settings': {'mig_letter_m': {'action': 'set', 'int': <NativeTemplate 0>, 'priority': 0, 'float': None, 'string': None, 'block': False, 'player': None, 'condition': None}, 'mig_letter_i': {'action': 'set', 'int': <NativeTemplate 0>, 'priority': 0, 'float': None, 'string': None, 'block': False, 'player': None, 'condition': None}, 'mig_letter_g': {'action': 'set', 'int': <NativeTemplate 0>, 'priority': 0, 'float': None, 'string': None, 'block': False, 'player': None, 'condition': None}, 'mig_completing': {'action': 'set', 'int': <NativeTemplate 0>, 'priority': 0, 'float': None, 'string': None, 'block': False, 'player': None, 'condition': None}}}, key=UUID('5d8ccf82-9ca8-44fc-8480-efbe4442f9e1'), condition=None, blocking_facility=None)]. The order of those handlers is not defined and they will be executed in random order. This might lead to race conditions and potential bugs.
2026-05-11 15:20:37,583 : INFO : EventManager : Event: ======'mode_mig_letters_starting'====== Args={'queue': <QueuedEvent>, 'player': 1, 'ball': 1, 'balls_remaining': 2, 'is_extra_ball': False}
2026-05-11 15:20:37,583 : INFO : EventManager : Event: ======'start_mode_bumpers'====== Args={'priority': 0}
2026-05-11 15:20:37,583 : INFO : EventManager : Event: ======'right_ramp_down'====== Args={'priority': 0}
2026-05-11 15:20:37,583 : INFO : EventManager : Event: ======'lock_released'====== Args={'priority': 0}
2026-05-11 15:20:37,584 : INFO : EventManager : Event: ======'player_total_scoring_multiplier'====== Args={'value': 1.0, 'prev_value': 0, 'change': 1.0, 'player_num': 1, 'source': 'base'}
2026-05-11 15:20:37,584 : INFO : EventManager : Event: ======'player_bonus_switches_count'====== Args={'value': 0, 'prev_value': 0, 'change': 0, 'player_num': 1, 'source': 'base'}
2026-05-11 15:20:37,585 : INFO : EventManager : Event: ======'player_bonus_ramps_count'====== Args={'value': 0, 'prev_value': 0, 'change': 0, 'player_num': 1, 'source': 'base'}
2026-05-11 15:20:37,585 : INFO : EventManager : Event: ======'player_bonus_highest_mach'====== Args={'value': 0, 'prev_value': 0, 'change': 0, 'player_num': 1, 'source': 'base'}
2026-05-11 15:20:37,585 : INFO : EventManager : Event: ======'player_bonus_multiplier'====== Args={'value': 1, 'prev_value': 0, 'change': 1, 'player_num': 1, 'source': 'base'}
2026-05-11 15:20:37,585 : INFO : EventManager : Event: ======'player_pilot_mode_drain_pending'====== Args={'value': 0, 'prev_value': 0, 'change': 0, 'player_num': 1, 'source': 'base'}
2026-05-11 15:20:37,585 : INFO : EventManager : Event: ======'player_spinner_sound_toggle'====== Args={'value': 0, 'prev_value': 0, 'change': 0, 'player_num': 1, 'source': 'base'}
2026-05-11 15:20:37,585 : INFO : EventManager : Event: ======'mode_bumpers_will_start'====== Args={'priority': 0}
2026-05-11 15:20:37,585 : INFO : EventManager : Event: ======'player_shot_bumper_left_enabled'====== Args={'value': True, 'prev_value': 0, 'change': 1, 'player_num': 1}
2026-05-11 15:20:37,586 : INFO : EventManager : Event: ======'player_shot_bumper_center_enabled'====== Args={'value': True, 'prev_value': 0, 'change': 1, 'player_num': 1}
2026-05-11 15:20:37,586 : INFO : EventManager : Event: ======'player_shot_bumper_right_enabled'====== Args={'value': True, 'prev_value': 0, 'change': 1, 'player_num': 1}
2026-05-11 15:20:37,586 : INFO : EventManager : Event: ======'bumpers_complete'====== Args={'state': 'unlit'}
2026-05-11 15:20:37,586 : INFO : EventManager : Event: ======'bumpers_unlit_complete'====== Args={}
2026-05-11 15:20:37,587 : INFO : EventManager : Event: ======'mode_bumpers_starting'====== Args={'priority': 0}
2026-05-11 15:20:37,587 : INFO : coil.c_right_orbit_diverter : Disabling Driver
2026-05-11 15:20:37,587 : INFO : Mode.bumpers : Started. Priority: 200
2026-05-11 15:20:37,587 : INFO : EventManager : Event: ======'modes_active_modes_changed'====== Args={}
2026-05-11 15:20:37,587 : INFO : EventManager : Event: ======'mode_bumpers_started'====== Args={'priority': 0}
2026-05-11 15:20:37,587 : INFO : Mode.mig_letters : Started. Priority: 200
2026-05-11 15:20:37,588 : INFO : EventManager : Event: ======'modes_active_modes_changed'====== Args={}
2026-05-11 15:20:37,588 : INFO : EventManager : Event: ======'mode_mig_letters_started'====== Args={'queue': <QueuedEvent>, 'player': 1, 'ball': 1, 'balls_remaining': 2, 'is_extra_ball': False}
2026-05-11 15:20:37,588 : INFO : Mode.hard_deck_qualifiers : Started. Priority: 200
2026-05-11 15:20:37,588 : INFO : EventManager : Event: ======'modes_active_modes_changed'====== Args={}
2026-05-11 15:20:37,588 : INFO : EventManager : Event: ======'mode_hard_deck_qualifiers_started'====== Args={'queue': <QueuedEvent>, 'player': 1, 'ball': 1, 'balls_remaining': 2, 'is_extra_ball': False}
2026-05-11 15:20:37,588 : INFO : Mode.iceman_letters : Started. Priority: 200
2026-05-11 15:20:37,588 : INFO : EventManager : Event: ======'modes_active_modes_changed'====== Args={}
2026-05-11 15:20:37,588 : INFO : EventManager : Event: ======'mode_iceman_letters_started'====== Args={'queue': <QueuedEvent>, 'player': 1, 'ball': 1, 'balls_remaining': 2, 'is_extra_ball': False}
2026-05-11 15:20:37,588 : INFO : EventManager : Event: ======'restore_training_mission_light'====== Args={'priority': 0}
2026-05-11 15:20:37,589 : INFO : Mode.pilot_mission_qualifier : Started. Priority: 200
2026-05-11 15:20:37,589 : INFO : EventManager : Event: ======'modes_active_modes_changed'====== Args={}
2026-05-11 15:20:37,589 : INFO : EventManager : Event: ======'mode_pilot_mission_qualifier_started'====== Args={'queue': <QueuedEvent>, 'player': 1, 'ball': 1, 'balls_remaining': 2, 'is_extra_ball': False}
2026-05-11 15:20:37,589 : INFO : EventManager : Event: ======'check_all_pilot_modes_played'====== Args={'priority': 0}
2026-05-11 15:20:37,589 : INFO : EventManager : Event: ======'update_training_qual_lights'====== Args={'priority': 0}
2026-05-11 15:20:37,589 : INFO : EventManager : Event: ======'spot_topgun_letter'====== Args={'priority': 0}
2026-05-11 15:20:37,590 : INFO : EventManager : Event: ======'update_qualifying_show'====== Args={'priority': 0}
2026-05-11 15:20:37,590 : INFO : EventManager : Event: ======'update_training_qual_lights'====== Args={'priority': 0}
2026-05-11 15:20:37,590 : INFO : EventManager : Event: ======'player_topgun_shots_collected'====== Args={'value': 1, 'prev_value': 0, 'change': 1, 'player_num': 1, 'source': 'pilot_mission_qualifier'}
2026-05-11 15:20:37,591 : INFO : EventManager : Event: ======'topgun_letter_t_lit'====== Args={'priority': 0}
2026-05-11 15:20:37,591 : INFO : Mode.top_gun_multiball_locks : Started. Priority: 200
2026-05-11 15:20:37,592 : INFO : EventManager : Event: ======'modes_active_modes_changed'====== Args={}
2026-05-11 15:20:37,592 : INFO : EventManager : Event: ======'mode_top_gun_multiball_locks_started'====== Args={'queue': <QueuedEvent>, 'player': 1, 'ball': 1, 'balls_remaining': 2, 'is_extra_ball': False}
2026-05-11 15:20:37,592 : INFO : EventManager : Event: ======'player_multiball_starting'====== Args={'value': 0, 'prev_value': 0, 'change': 0, 'player_num': 1, 'source': 'top_gun_multiball_locks'}
2026-05-11 15:20:37,592 : INFO : EventManager : Event: ======'player_lock_partial_callout_index'====== Args={'value': 0, 'prev_value': 0, 'change': 0, 'player_num': 1, 'source': 'top_gun_multiball_locks'}
2026-05-11 15:20:37,592 : INFO : EventManager : Event: ======'player_lock_pending_letter'====== Args={'value': 0, 'prev_value': 0, 'change': 0, 'player_num': 1, 'source': 'top_gun_multiball_locks'}
2026-05-11 15:20:37,592 : INFO : EventManager : Event: ======'player_lock_collection_paused'====== Args={'value': 0, 'prev_value': 0, 'change': 0, 'player_num': 1, 'source': 'top_gun_multiball_locks'}
2026-05-11 15:20:37,592 : INFO : EventManager : Event: ======'player_lock_timer_paused'====== Args={'value': 0, 'prev_value': 0, 'change': 0, 'player_num': 1, 'source': 'top_gun_multiball_locks'}
2026-05-11 15:20:37,593 : INFO : EventManager : Event: ======'update_qualifying_show'====== Args={'priority': 0}
2026-05-11 15:20:37,593 : INFO : EventManager : Event: ======'update_training_qual_lights'====== Args={'priority': 0}
2026-05-11 15:20:37,593 : INFO : Mode.goose_letters : Started. Priority: 210
2026-05-11 15:20:37,593 : INFO : EventManager : Event: ======'modes_active_modes_changed'====== Args={}
2026-05-11 15:20:37,593 : INFO : EventManager : Event: ======'mode_goose_letters_started'====== Args={'queue': <QueuedEvent>, 'player': 1, 'ball': 1, 'balls_remaining': 2, 'is_extra_ball': False}
2026-05-11 15:20:37,593 : INFO : EventManager : Event: ======'player_ejection_shots_completed'====== Args={'value': 0, 'prev_value': 0, 'change': 0, 'player_num': 1, 'source': 'goose_letters'}
2026-05-11 15:20:37,593 : INFO : EventManager : Event: ======'player_ejection_shots_needed'====== Args={'value': 3, 'prev_value': 0, 'change': 3, 'player_num': 1, 'source': 'goose_letters'}
2026-05-11 15:20:37,593 : INFO : EventManager : Event: ======'player_goose_milestone'====== Args={'value': 3, 'prev_value': 0, 'change': 3, 'player_num': 1, 'source': 'goose_letters'}
2026-05-11 15:20:37,595 : INFO : EventManager : Event: ======'player_goose_next_award_name'====== Args={'value': 'Extra Ball', 'prev_value': 0, 'change': True, 'player_num': 1, 'source': 'goose_letters'}
2026-05-11 15:20:37,595 : INFO : EventManager : Event: ======'player_goose_next_eject_target'====== Args={'value': 3, 'prev_value': 0, 'change': 3, 'player_num': 1, 'source': 'goose_letters'}
2026-05-11 15:20:37,595 : INFO : EventManager : Event: ======'player_goose_next_mystery_target'====== Args={'value': 5, 'prev_value': 0, 'change': 5, 'player_num': 1, 'source': 'goose_letters'}
2026-05-11 15:20:37,595 : INFO : Mode.2x_playfield : Started. Priority: 250
2026-05-11 15:20:37,595 : INFO : EventManager : Event: ======'modes_active_modes_changed'====== Args={}
2026-05-11 15:20:37,595 : INFO : EventManager : Event: ======'mode_2x_playfield_started'====== Args={'queue': <QueuedEvent>, 'player': 1, 'ball': 1, 'balls_remaining': 2, 'is_extra_ball': False}
2026-05-11 15:20:37,595 : INFO : EventManager : Event: ======'x2_update_display'====== Args={'priority': 0}
2026-05-11 15:20:37,595 : INFO : EventManager : Event: ======'x2_show_progress_slides'====== Args={'priority': 0}
2026-05-11 15:20:37,595 : INFO : EventManager : Event: ======'player_x2_completions_needed'====== Args={'value': 2, 'prev_value': 0, 'change': 2, 'player_num': 1, 'source': '2x_playfield'}
2026-05-11 15:20:37,595 : INFO : EventManager : Event: ======'player_x2_rounds_complete'====== Args={'value': 0, 'prev_value': 0, 'change': 0, 'player_num': 1, 'source': '2x_playfield'}
2026-05-11 15:20:37,595 : INFO : Mode.mach_scoring : Started. Priority: 500
2026-05-11 15:20:37,595 : INFO : EventManager : Event: ======'modes_active_modes_changed'====== Args={}
2026-05-11 15:20:37,596 : INFO : EventManager : Event: ======'mode_mach_scoring_started'====== Args={'queue': <QueuedEvent>, 'player': 1, 'ball': 1, 'balls_remaining': 2, 'is_extra_ball': False}
2026-05-11 15:20:37,596 : INFO : Mode.shot_made_callout_randomizer : Started. Priority: 150
2026-05-11 15:20:37,596 : INFO : EventManager : Event: ======'modes_active_modes_changed'====== Args={}
2026-05-11 15:20:37,596 : INFO : EventManager : Event: ======'mode_shot_made_callout_randomizer_started'====== Args={'queue': <QueuedEvent>, 'player': 1, 'ball': 1, 'balls_remaining': 2, 'is_extra_ball': False}
2026-05-11 15:20:37,596 : INFO : Mode.ball_save : Started. Priority: 150
2026-05-11 15:20:37,596 : INFO : EventManager : Event: ======'modes_active_modes_changed'====== Args={}
2026-05-11 15:20:37,596 : INFO : EventManager : Event: ======'mode_ball_save_started'====== Args={'queue': <QueuedEvent>, 'player': 1, 'ball': 1, 'balls_remaining': 2, 'is_extra_ball': False}
2026-05-11 15:20:37,596 : INFO : EventManager : Event: ======'ball_save_new_ball_enable'====== Args={'priority': 0}
2026-05-11 15:20:37,596 : INFO : EventManager : Event: ======'player_consecutive_ball_saves'====== Args={'value': 0, 'prev_value': 0, 'change': 0, 'player_num': 1, 'source': 'ball_save'}
2026-05-11 15:20:37,596 : INFO : EventManager : Event: ======'ball_save_new_ball_save_enabled'====== Args={}
2026-05-11 15:20:37,596 : INFO : EventManager : Event: ======'player_ball_save_active'====== Args={'value': 1, 'prev_value': 0, 'change': 1, 'player_num': 1, 'source': 'ball_save'}
2026-05-11 15:20:37,597 : INFO : Mode.shot_missed_callout_randomizer : Started. Priority: 150
2026-05-11 15:20:37,597 : INFO : EventManager : Event: ======'modes_active_modes_changed'====== Args={}
2026-05-11 15:20:37,597 : INFO : EventManager : Event: ======'mode_shot_missed_callout_randomizer_started'====== Args={'queue': <QueuedEvent>, 'player': 1, 'ball': 1, 'balls_remaining': 2, 'is_extra_ball': False}
2026-05-11 15:20:37,597 : INFO : Mode.tilt : Started. Priority: 10000
2026-05-11 15:20:37,597 : INFO : EventManager : Event: ======'modes_active_modes_changed'====== Args={}
2026-05-11 15:20:37,597 : INFO : EventManager : Event: ======'mode_tilt_started'====== Args={'queue': <QueuedEvent>, 'player': 1, 'ball': 1, 'balls_remaining': 2, 'is_extra_ball': False}
2026-05-11 15:20:37,597 : INFO : EventManager : Unordered handler for class ConfigPlayer.variable_player/variables on event ball_will_end with priority 200. Handlers: [RegisteredHandler(callback=<bound method ConfigPlayer.config_play_callback of ConfigPlayer.variable_player/variables>, priority=200, kwargs={'calling_context': 'ball_will_end', 'mode': <Mode.pilot_mission_qualifier>, 'settings': {'mystery_just_lit_pilot': {'action': 'set', 'int': <NativeTemplate 0>, 'priority': 0, 'float': None, 'string': None, 'block': False, 'player': None, 'condition': None}, 'scoop_release_pending': {'action': 'set', 'int': <NativeTemplate 0>, 'priority': 0, 'float': None, 'string': None, 'block': False, 'player': None, 'condition': None}}}, key=UUID('7938edd2-89e1-4e5b-8f9e-0e9efadab5c1'), condition=None, blocking_facility=None), RegisteredHandler(callback=<bound method ConfigPlayer.config_play_callback of ConfigPlayer.variable_player/variables>, priority=200, kwargs={'calling_context': 'ball_will_end', 'mode': <Mode.mig_letters>, 'settings': {'mig_letter_m': {'action': 'set', 'int': <NativeTemplate 0>, 'priority': 0, 'float': None, 'string': None, 'block': False, 'player': None, 'condition': None}, 'mig_letter_i': {'action': 'set', 'int': <NativeTemplate 0>, 'priority': 0, 'float': None, 'string': None, 'block': False, 'player': None, 'condition': None}, 'mig_letter_g': {'action': 'set', 'int': <NativeTemplate 0>, 'priority': 0, 'float': None, 'string': None, 'block': False, 'player': None, 'condition': None}, 'mig_completing': {'action': 'set', 'int': <NativeTemplate 0>, 'priority': 0, 'float': None, 'string': None, 'block': False, 'player': None, 'condition': None}}}, key=UUID('5d8ccf82-9ca8-44fc-8480-efbe4442f9e1'), condition=None, blocking_facility=None)]. The order of those handlers is not defined and they will be executed in random order. This might lead to race conditions and potential bugs.
2026-05-11 15:20:37,597 : INFO : EventManager : Event: ======'balls_in_play'====== Args={'balls': 1}
2026-05-11 15:20:37,598 : INFO : EventManager : Event: ======'ball_started'====== Args={'player': 1, 'ball': 1, 'balls_remaining': 2, 'is_extra_ball': False}
2026-05-11 15:20:37,598 : INFO : EventManager : Event: ======'player_left_orbit_diverter_active'====== Args={'value': 0, 'prev_value': 0, 'change': 0, 'player_num': 1, 'source': 'pilot_mission_qualifier'}
2026-05-11 15:20:37,599 : INFO : EventManager : Event: ======'player_previous_switch_type'====== Args={'value': 0, 'prev_value': 0, 'change': 0, 'player_num': 1, 'source': 'pilot_mission_qualifier'}
2026-05-11 15:20:37,599 : INFO : EventManager : Event: ======'player_topgun_skip_video'====== Args={'value': 0, 'prev_value': 0, 'change': 0, 'player_num': 1, 'source': 'pilot_mission_qualifier'}
2026-05-11 15:20:37,599 : INFO : EventManager : Event: ======'player_topgun_ll_sixth_letter'====== Args={'value': 0, 'prev_value': 0, 'change': 0, 'player_num': 1, 'source': 'pilot_mission_qualifier'}
2026-05-11 15:20:37,599 : INFO : EventManager : Event: ======'mode_extra_ball_will_start'====== Args={'player': 1, 'ball': 1, 'balls_remaining': 2, 'is_extra_ball': False}
2026-05-11 15:20:37,599 : INFO : EventManager : Event: ======'player_extra_ball_main_num_awarded'====== Args={'value': 0, 'prev_value': 0, 'change': 0, 'player_num': 1}
2026-05-11 15:20:37,600 : INFO : EventManager : Event: ======'player_extra_ball_extra_ball_hold_tick'====== Args={'value': 5, 'prev_value': 0, 'change': 5, 'player_num': 1}
2026-05-11 15:20:37,600 : INFO : EventManager : Unordered handler for class ConfigPlayer.variable_player/variables on event ball_will_end with priority 200. Handlers: [RegisteredHandler(callback=<bound method ConfigPlayer.config_play_callback of ConfigPlayer.variable_player/variables>, priority=200, kwargs={'calling_context': 'ball_will_end', 'mode': <Mode.pilot_mission_qualifier>, 'settings': {'mystery_just_lit_pilot': {'action': 'set', 'int': <NativeTemplate 0>, 'priority': 0, 'float': None, 'string': None, 'block': False, 'player': None, 'condition': None}, 'scoop_release_pending': {'action': 'set', 'int': <NativeTemplate 0>, 'priority': 0, 'float': None, 'string': None, 'block': False, 'player': None, 'condition': None}}}, key=UUID('7938edd2-89e1-4e5b-8f9e-0e9efadab5c1'), condition=None, blocking_facility=None), RegisteredHandler(callback=<bound method ConfigPlayer.config_play_callback of ConfigPlayer.variable_player/variables>, priority=200, kwargs={'calling_context': 'ball_will_end', 'mode': <Mode.mig_letters>, 'settings': {'mig_letter_m': {'action': 'set', 'int': <NativeTemplate 0>, 'priority': 0, 'float': None, 'string': None, 'block': False, 'player': None, 'condition': None}, 'mig_letter_i': {'action': 'set', 'int': <NativeTemplate 0>, 'priority': 0, 'float': None, 'string': None, 'block': False, 'player': None, 'condition': None}, 'mig_letter_g': {'action': 'set', 'int': <NativeTemplate 0>, 'priority': 0, 'float': None, 'string': None, 'block': False, 'player': None, 'condition': None}, 'mig_completing': {'action': 'set', 'int': <NativeTemplate 0>, 'priority': 0, 'float': None, 'string': None, 'block': False, 'player': None, 'condition': None}}}, key=UUID('5d8ccf82-9ca8-44fc-8480-efbe4442f9e1'), condition=None, blocking_facility=None)]. The order of those handlers is not defined and they will be executed in random order. This might lead to race conditions and potential bugs.
2026-05-11 15:20:37,602 : INFO : EventManager : Unordered handler for class ConfigPlayer.variable_player/variables on event ball_will_end with priority 200. Handlers: [RegisteredHandler(callback=<bound method ConfigPlayer.config_play_callback of ConfigPlayer.variable_player/variables>, priority=200, kwargs={'calling_context': 'ball_will_end', 'mode': <Mode.pilot_mission_qualifier>, 'settings': {'mystery_just_lit_pilot': {'action': 'set', 'int': <NativeTemplate 0>, 'priority': 0, 'float': None, 'string': None, 'block': False, 'player': None, 'condition': None}, 'scoop_release_pending': {'action': 'set', 'int': <NativeTemplate 0>, 'priority': 0, 'float': None, 'string': None, 'block': False, 'player': None, 'condition': None}}}, key=UUID('7938edd2-89e1-4e5b-8f9e-0e9efadab5c1'), condition=None, blocking_facility=None), RegisteredHandler(callback=<bound method ConfigPlayer.config_play_callback of ConfigPlayer.variable_player/variables>, priority=200, kwargs={'calling_context': 'ball_will_end', 'mode': <Mode.mig_letters>, 'settings': {'mig_letter_m': {'action': 'set', 'int': <NativeTemplate 0>, 'priority': 0, 'float': None, 'string': None, 'block': False, 'player': None, 'condition': None}, 'mig_letter_i': {'action': 'set', 'int': <NativeTemplate 0>, 'priority': 0, 'float': None, 'string': None, 'block': False, 'player': None, 'condition': None}, 'mig_letter_g': {'action': 'set', 'int': <NativeTemplate 0>, 'priority': 0, 'float': None, 'string': None, 'block': False, 'player': None, 'condition': None}, 'mig_completing': {'action': 'set', 'int': <NativeTemplate 0>, 'priority': 0, 'float': None, 'string': None, 'block': False, 'player': None, 'condition': None}}}, key=UUID('5d8ccf82-9ca8-44fc-8480-efbe4442f9e1'), condition=None, blocking_facility=None)]. The order of those handlers is not defined and they will be executed in random order. This might lead to race conditions and potential bugs.
2026-05-11 15:20:37,604 : INFO : EventManager : Event: ======'mode_extra_ball_starting'====== Args={'player': 1, 'ball': 1, 'balls_remaining': 2, 'is_extra_ball': False}
2026-05-11 15:20:37,605 : INFO : Timer.lock_letter_sound_delay : Stopping Timer
2026-05-11 15:20:37,605 : INFO : EventManager : Event: ======'timer_lock_letter_sound_delay_stopped'====== Args={'ticks': 0, 'ticks_remaining': 0}
2026-05-11 15:20:37,605 : INFO : Mode.extra_ball : Started. Priority: 150
2026-05-11 15:20:37,605 : INFO : EventManager : Event: ======'modes_active_modes_changed'====== Args={}
2026-05-11 15:20:37,605 : INFO : EventManager : Event: ======'mode_extra_ball_started'====== Args={'player': 1, 'ball': 1, 'balls_remaining': 2, 'is_extra_ball': False}
2026-05-11 15:20:37,605 : INFO : EventManager : Event: ======'player_extra_ball_collecting'====== Args={'value': 0, 'prev_value': 0, 'change': 0, 'player_num': 1, 'source': 'extra_ball'}
2026-05-11 15:20:37,607 : INFO : EventManager : Event: ======'single_player_ball_started'====== Args={}
2026-05-11 15:20:37,609 : INFO : EventManager : Event: ======'ball_start_target'====== Args={'target': 'playfield'}
2026-05-11 15:20:37,610 : INFO : ball_device.bd_plunger : Setting up player-controlled eject. Balls: 1, Target: <playfield.playfield>, player_controlled_eject_event: None
2026-05-11 15:20:37,611 : INFO : EventManager : Event: ======'balldevice_balls_available'====== Args={}
2026-05-11 15:20:37,615 : INFO : ball_device.bd_trough : State: waiting_for_target_ready
2026-05-11 15:20:37,615 : INFO : EventManager : Event: ======'balldevice_bd_trough_ball_eject_attempt'====== Args={'balls': 1, 'target': <ball_device.bd_plunger>, 'source': <ball_device.bd_trough>, 'mechanical_eject': True, 'num_attempts': 0}
2026-05-11 15:20:37,615 : INFO : ball_device.bd_plunger : State: waiting_for_ball
2026-05-11 15:20:37,615 : INFO : ball_device.bd_trough : State: ejecting
2026-05-11 15:20:37,615 : INFO : ball_device.bd_trough : Ejecting ball to <ball_device.bd_plunger>
2026-05-11 15:20:37,616 : INFO : EventManager : Event: ======'balldevice_bd_trough_ejecting_ball'====== Args={'balls': 1, 'target': <ball_device.bd_plunger>, 'source': <ball_device.bd_trough>, 'mechanical_eject': True, 'num_attempts': 0}
2026-05-11 15:20:37,618 : INFO : ball_device.bd_trough : Wait for ball to leave device
2026-05-11 15:20:37,619 : INFO : coil.c_trough_eject : Pulsing Driver for 25ms (0.75 pulse_power)
2026-05-11 15:20:37,663 : INFO : SwitchController : <<<<<<< 's_trough_1' inactive >>>>>>>
2026-05-11 15:20:37,663 : INFO : SwitchController : <<<<<<< 's_jam' active >>>>>>>
2026-05-11 15:20:37,663 : INFO : EventManager : Event: ======'machine_var_audits_switches_s_jam'====== Args={'value': 5523, 'prev_value': 5522, 'change': 1}
2026-05-11 15:20:37,665 : INFO : ball_device.bd_trough : State: ball_left
2026-05-11 15:20:37,665 : INFO : ball_device.bd_trough : Ball left
2026-05-11 15:20:37,666 : INFO : ball_device.bd_trough : Wait for confirm with timeout 3.0
2026-05-11 15:20:37,671 : INFO : EventManager : Unordered handler for class <BCP Interface> on event player_turn_started with priority 1. Handlers: [RegisteredHandler(callback=<bound method BcpInterface._player_turn_start of <BCP Interface>>, priority=1, kwargs={}, key=UUID('f266429d-fd08-4132-b9cb-227587d4a7cb'), condition=None, blocking_facility=None), RegisteredHandler(callback=<bound method BcpInterface.bcp_trigger of <BCP Interface>>, priority=1, kwargs={'name': 'player_turn_started'}, key=UUID('5161523e-6d56-4520-bc07-69695eb2337f'), condition=None, blocking_facility=None)]. The order of those handlers is not defined and they will be executed in random order. This might lead to race conditions and potential bugs.
2026-05-11 15:20:37,671 : INFO : EventManager : Event: ======'slide_base_slide_created'====== Args={'_from_bcp': True}
2026-05-11 15:20:37,671 : INFO : SwitchController : <<<<<<< 's_jam' inactive >>>>>>>
2026-05-11 15:20:37,672 : INFO : EventManager : Event: ======'slide_attract_inactive'====== Args={'is_removing': True, '_from_bcp': True}
2026-05-11 15:20:37,672 : INFO : EventManager : Event: ======'slide_base_slide_active'====== Args={'original_context': 'base', 'original_calling_context': 'mode_base_started', 'priority': 100.0, 'queue': '<QueuedEvent>', 'player': 1.0, 'ball': 1.0, 'balls_remaining': 2.0, 'is_extra_ball': False, 'cmd': 'slides_play', '_from_bcp': True}
2026-05-11 15:20:37,673 : INFO : EventManager : Event: ======'slide_attract_removed'====== Args={'_from_bcp': True}
2026-05-11 15:20:37,687 : INFO : EventManager : Event: ======'slide_topgun_0_created'====== Args={'_from_bcp': True}
2026-05-11 15:20:37,687 : INFO : EventManager : Event: ======'slide_base_slide_inactive'====== Args={'is_removing': False, '_from_bcp': True}
2026-05-11 15:20:37,688 : INFO : EventManager : Event: ======'slide_topgun_0_active'====== Args={'original_context': 'pilot_mission_qualifier', 'original_calling_context': 'mode_pilot_mission_qualifier_started{current_player.topgun_shots_collected==0 and current_player.qualified_mode_number==0}', 'priority': 200.0, 'queue': '<QueuedEvent>', 'player': 1.0, 'ball': 1.0, 'balls_remaining': 2.0, 'is_extra_ball': False, 'cmd': 'slides_play', '_from_bcp': True}
2026-05-11 15:20:37,688 : INFO : EventManager : Event: ======'slide_topgun_0_inactive'====== Args={'is_removing': True, '_from_bcp': True}
2026-05-11 15:20:37,688 : INFO : EventManager : Event: ======'slide_base_slide_active'====== Args={'_from_bcp': True}
2026-05-11 15:20:37,688 : INFO : EventManager : Event: ======'slide_topgun_0_removed'====== Args={'_from_bcp': True}
2026-05-11 15:20:37,700 : INFO : EventManager : Event: ======'slide_topgun_1_created'====== Args={'_from_bcp': True}
2026-05-11 15:20:37,700 : INFO : EventManager : Event: ======'slide_base_slide_inactive'====== Args={'is_removing': False, '_from_bcp': True}
2026-05-11 15:20:37,701 : INFO : EventManager : Event: ======'slide_topgun_1_active'====== Args={'original_context': 'pilot_mission_qualifier', 'original_calling_context': 'topgun_letter_t_lit', 'priority': 200.0, 'cmd': 'slides_play', '_from_bcp': True}
2026-05-11 15:20:37,701 : INFO : EventManager : Event: ======'slide_ejection_shots_completed_created'====== Args={'_from_bcp': True}
2026-05-11 15:20:37,702 : INFO : EventManager : Event: ======'slide_ejection_shots_needed_created'====== Args={'_from_bcp': True}
2026-05-11 15:20:37,703 : INFO : EventManager : Event: ======'slide_topgun_1_inactive'====== Args={'is_removing': False, '_from_bcp': True}
2026-05-11 15:20:37,703 : INFO : EventManager : Event: ======'slide_ejection_shots_needed_active'====== Args={'original_context': 'goose_letters', 'original_calling_context': 'mode_goose_letters_started{current_player.eject_mode_qualified==0}', 'priority': 210.0, 'queue': '<QueuedEvent>', 'player': 1.0, 'ball': 1.0, 'balls_remaining': 2.0, 'is_extra_ball': False, 'cmd': 'slides_play', '_from_bcp': True}
2026-05-11 15:20:37,703 : INFO : EventManager : Event: ======'slide_2x_playfield_completions_needed_created'====== Args={'_from_bcp': True}
2026-05-11 15:20:37,705 : INFO : EventManager : Event: ======'slide_2x_playfied_completions_done_created'====== Args={'_from_bcp': True}
2026-05-11 15:20:37,706 : INFO : EventManager : Event: ======'slide_ejection_shots_needed_inactive'====== Args={'is_removing': False, '_from_bcp': True}
2026-05-11 15:20:37,706 : INFO : EventManager : Event: ======'slide_2x_playfied_completions_done_active'====== Args={'original_context': '2x_playfield', 'original_calling_context': 'x2_show_progress_slides{current_player.x2_qualified==0 and current_player.x2_active==0}', 'priority': 250.0, 'cmd': 'slides_play', '_from_bcp': True}
2026-05-11 15:20:37,712 : INFO : EventManager : Event: ======'slide_mach_1_created'====== Args={'_from_bcp': True}
2026-05-11 15:20:37,712 : INFO : EventManager : Event: ======'slide_2x_playfied_completions_done_inactive'====== Args={'is_removing': False, '_from_bcp': True}
2026-05-11 15:20:37,712 : INFO : EventManager : Event: ======'slide_mach_1_active'====== Args={'original_context': 'mach_scoring', 'original_calling_context': 'mode_mach_scoring_started', 'priority': 500.0, 'queue': '<QueuedEvent>', 'player': 1.0, 'ball': 1.0, 'balls_remaining': 2.0, 'is_extra_ball': False, 'cmd': 'slides_play', '_from_bcp': True}
2026-05-11 15:20:37,773 : INFO : EventManager : Event: ======'spot_topgun_letter'====== Args={'priority': 0}
2026-05-11 15:20:37,773 : INFO : EventManager : Event: ======'player_topgun_shots_collected'====== Args={'value': 2, 'prev_value': 1, 'change': 1, 'player_num': 1, 'source': 'pilot_mission_qualifier'}
2026-05-11 15:20:37,773 : INFO : EventManager : Event: ======'topgun_letter_o_lit'====== Args={'priority': 0}
2026-05-11 15:20:37,773 : INFO : EventManager : Event: ======'set_uncoded_mode_lights'====== Args={'priority': 0}
2026-05-11 15:20:37,794 : INFO : EventManager : Event: ======'slide_topgun_1_removed'====== Args={'_from_bcp': True}
2026-05-11 15:20:37,807 : INFO : EventManager : Event: ======'slide_topgun_2_created'====== Args={'_from_bcp': True}
2026-05-11 15:20:37,898 : INFO : SwitchController : <<<<<<< 's_shooter_lane' active >>>>>>>
2026-05-11 15:20:37,898 : INFO : EventManager : Event: ======'s_shooter_lane_active'====== Args={}
2026-05-11 15:20:37,898 : INFO : EventManager : Event: ======'machine_var_audits_switches_s_shooter_lane'====== Args={'value': 6405, 'prev_value': 6404, 'change': 1}
2026-05-11 15:20:37,899 : INFO : EventManager : Event: ======'mode_skillshot_will_start'====== Args={}
2026-05-11 15:20:37,899 : INFO : EventManager : Event: ======'player_shot_mig_lane_left_enabled'====== Args={'value': True, 'prev_value': 0, 'change': 1, 'player_num': 1}
2026-05-11 15:20:37,900 : INFO : EventManager : Event: ======'player_shot_mig_lane_right_enabled'====== Args={'value': True, 'prev_value': 0, 'change': 1, 'player_num': 1}
2026-05-11 15:20:37,900 : INFO : EventManager : Unordered handler for class ConfigPlayer.variable_player/variables on event s_spinner_active with priority 200. Handlers: [RegisteredHandler(callback=<bound method ConfigPlayer.config_play_callback of ConfigPlayer.variable_player/variables>, priority=200, kwargs={'calling_context': 's_spinner_active', 'mode': <Mode.pilot_mission_qualifier>, 'settings': {'spinner_spin_count': {'action': 'add', 'int': <NativeTemplate 1>, 'priority': 0, 'float': None, 'string': None, 'block': False, 'player': None, 'condition': None}, 'previous_switch_type': {'action': 'set', 'int': <NativeTemplate 0>, 'priority': 0, 'float': None, 'string': None, 'block': False, 'player': None, 'condition': None}}}, key=UUID('180cff59-5167-435f-b4c5-35635d95949a'), condition=None, blocking_facility=None), RegisteredHandler(callback=<bound method ConfigPlayer.config_play_callback of ConfigPlayer.variable_player/variables>, priority=200, kwargs={'calling_context': 's_spinner_active', 'mode': <Mode.iceman_letters>, 'settings': {'right_post_locked_out': {'action': 'set', 'int': <NativeTemplate 1>, 'priority': 0, 'float': None, 'string': None, 'block': False, 'player': None, 'condition': None}}}, key=UUID('cca0feb8-3607-4f8a-879a-6c85b0832e21'), condition=None, blocking_facility=None)]. The order of those handlers is not defined and they will be executed in random order. This might lead to race conditions and potential bugs.
2026-05-11 15:20:37,900 : INFO : EventManager : Event: ======'player_shot_spinner_enabled'====== Args={'value': True, 'prev_value': 0, 'change': 1, 'player_num': 1}
2026-05-11 15:20:37,901 : INFO : EventManager : Unordered handler for class ConfigPlayer.variable_player/variables on event s_orbit_upper_active with priority 200. Handlers: [RegisteredHandler(callback=<bound method ConfigPlayer.config_play_callback of ConfigPlayer.variable_player/variables>, priority=200, kwargs={'calling_context': 's_orbit_upper_active', 'mode': <Mode.pilot_mission_qualifier>, 'settings': {'previous_switch_type': {'action': 'set', 'int': <NativeTemplate 0>, 'priority': 0, 'float': None, 'string': None, 'block': False, 'player': None, 'condition': None}}}, key=UUID('4616fdaa-cc37-4a16-9225-272330033504'), condition=None, blocking_facility=None), RegisteredHandler(callback=<bound method ConfigPlayer.config_play_callback of ConfigPlayer.variable_player/variables>, priority=200, kwargs={'calling_context': 's_orbit_upper_active', 'mode': <Mode.iceman_letters>, 'settings': {'right_post_locked_out': {'action': 'set', 'int': <NativeTemplate 1>, 'priority': 0, 'float': None, 'string': None, 'block': False, 'player': None, 'condition': None}}}, key=UUID('4ae78bd6-ee08-4f9c-afff-e1ace01e41ac'), condition=None, blocking_facility=None)]. The order of those handlers is not defined and they will be executed in random order. This might lead to race conditions and potential bugs.
2026-05-11 15:20:37,901 : INFO : EventManager : Event: ======'player_shot_orbit_upper_enabled'====== Args={'value': True, 'prev_value': 0, 'change': 1, 'player_num': 1}
2026-05-11 15:20:37,901 : INFO : EventManager : Unordered handler for class ConfigPlayer.variable_player/variables on event s_ramp_inner_exit_active with priority 200. Handlers: [RegisteredHandler(callback=<bound method ConfigPlayer.config_play_callback of ConfigPlayer.variable_player/variables>, priority=200, kwargs={'calling_context': 's_ramp_inner_exit_active', 'mode': <Mode.pilot_mission_qualifier>, 'settings': {'previous_switch_type': {'action': 'set', 'int': <NativeTemplate 0>, 'priority': 0, 'float': None, 'string': None, 'block': False, 'player': None, 'condition': None}}}, key=UUID('a9d5335c-dcf9-463c-9e46-de14ef4a5d08'), condition=None, blocking_facility=None), RegisteredHandler(callback=<bound method ConfigPlayer.config_play_callback of ConfigPlayer.variable_player/variables>, priority=200, kwargs={'calling_context': 's_ramp_inner_exit_active', 'mode': <Mode.iceman_letters>, 'settings': {'right_post_locked_out': {'action': 'set', 'int': <NativeTemplate 1>, 'priority': 0, 'float': None, 'string': None, 'block': False, 'player': None, 'condition': None}}}, key=UUID('45b7dcea-02bf-4e93-8913-1f9b6621913b'), condition=None, blocking_facility=None)]. The order of those handlers is not defined and they will be executed in random order. This might lead to race conditions and potential bugs.
2026-05-11 15:20:37,901 : INFO : EventManager : Event: ======'player_shot_ramp_inner_enabled'====== Args={'value': True, 'prev_value': 0, 'change': 1, 'player_num': 1}
2026-05-11 15:20:37,901 : INFO : EventManager : Event: ======'skillshot_group_complete'====== Args={'state': 'off'}
2026-05-11 15:20:37,902 : INFO : EventManager : Event: ======'skillshot_group_off_complete'====== Args={}
2026-05-11 15:20:37,902 : INFO : EventManager : Event: ======'player_skillshot_skillshot_tick'====== Args={'value': 9, 'prev_value': 0, 'change': 9, 'player_num': 1}
2026-05-11 15:20:37,902 : INFO : EventManager : Event: ======'player_skillshot_skillshot_sound_loop_tick'====== Args={'value': 0, 'prev_value': 0, 'change': 0, 'player_num': 1}
2026-05-11 15:20:37,903 : INFO : EventManager : Event: ======'player_skillshot_skillshot_shaker_pulse_tick'====== Args={'value': 0, 'prev_value': 0, 'change': 0, 'player_num': 1}
2026-05-11 15:20:37,903 : INFO : EventManager : Event: ======'player_skillshot_skillshot_shaker_idle_tick'====== Args={'value': 0, 'prev_value': 0, 'change': 0, 'player_num': 1}
2026-05-11 15:20:37,903 : INFO : EventManager : Event: ======'player_skillshot_skillshot_left_mig_post_timer_tick'====== Args={'value': 0, 'prev_value': 0, 'change': 0, 'player_num': 1}
2026-05-11 15:20:37,908 : INFO : EventManager : Event: ======'mode_skillshot_starting'====== Args={}
2026-05-11 15:20:37,910 : INFO : Mode.skillshot : Started. Priority: 300
2026-05-11 15:20:37,910 : INFO : EventManager : Event: ======'modes_active_modes_changed'====== Args={}
2026-05-11 15:20:37,910 : INFO : EventManager : Event: ======'mode_skillshot_started'====== Args={}
2026-05-11 15:20:37,910 : INFO : EventManager : Event: ======'player_shot_spinner'====== Args={'value': 1, 'prev_value': 0, 'change': 1, 'player_num': 1}
2026-05-11 15:20:37,910 : INFO : EventManager : Event: ======'player_shot_orbit_upper'====== Args={'value': 1, 'prev_value': 0, 'change': 1, 'player_num': 1}
2026-05-11 15:20:37,911 : INFO : EventManager : Event: ======'player_shot_ramp_inner'====== Args={'value': 1, 'prev_value': 0, 'change': 1, 'player_num': 1}
2026-05-11 15:20:37,911 : INFO : EventManager : Event: ======'skillshot_mig_position_m'====== Args={'priority': 0}
2026-05-11 15:20:37,911 : INFO : EventManager : Event: ======'shaker_shooter_lane_pulse'====== Args={'priority': 0}
2026-05-11 15:20:37,911 : INFO : EventManager : Event: ======'player_pilot_qualifier_paused'====== Args={'value': 1, 'prev_value': 0, 'change': 1, 'player_num': 1, 'source': 'pilot_mission_qualifier'}
2026-05-11 15:20:37,911 : INFO : Timer.skillshot_sound_loop : Starting Timer.
2026-05-11 15:20:37,911 : INFO : EventManager : Event: ======'timer_skillshot_sound_loop_started'====== Args={'ticks': 0, 'ticks_remaining': 999}
2026-05-11 15:20:37,911 : INFO : EventManager : Event: ======'timer_skillshot_sound_loop_tick'====== Args={'ticks': 0, 'ticks_remaining': 999}
2026-05-11 15:20:37,911 : INFO : Timer.skillshot_shaker_pulse : Starting Timer.
2026-05-11 15:20:37,911 : INFO : EventManager : Event: ======'timer_skillshot_shaker_pulse_started'====== Args={'ticks': 0, 'ticks_remaining': 999}
2026-05-11 15:20:37,911 : INFO : EventManager : Event: ======'timer_skillshot_shaker_pulse_tick'====== Args={'ticks': 0, 'ticks_remaining': 999}
2026-05-11 15:20:37,911 : INFO : Timer.skillshot_shaker_idle : Starting Timer.
2026-05-11 15:20:37,912 : INFO : EventManager : Event: ======'timer_skillshot_shaker_idle_started'====== Args={'ticks': 0, 'ticks_remaining': 20}
2026-05-11 15:20:37,912 : INFO : EventManager : Event: ======'timer_skillshot_shaker_idle_tick'====== Args={'ticks': 0, 'ticks_remaining': 20}
2026-05-11 15:20:37,912 : INFO : EventManager : Event: ======'player_shot_mig_lane_left'====== Args={'value': 1, 'prev_value': 0, 'change': 1, 'player_num': 1}
2026-05-11 15:20:37,912 : INFO : EventManager : Event: ======'player_skillshot_mig_position'====== Args={'value': 0, 'prev_value': 0, 'change': 0, 'player_num': 1, 'source': 'skillshot'}
2026-05-11 15:20:37,912 : INFO : EventManager : Event: ======'shaker_shooter_lane_pulse'====== Args={'priority': 0}
2026-05-11 15:20:37,945 : INFO : EventManager : Event: ======'slide_skillshot_ball_in_shooter_lane_created'====== Args={'_from_bcp': True}
2026-05-11 15:20:37,946 : INFO : SwitchController : <<<<<<< 's_trough_2' inactive >>>>>>>
2026-05-11 15:20:37,977 : INFO : EventManager : Event: ======'spot_topgun_letter'====== Args={'priority': 0}
2026-05-11 15:20:37,977 : INFO : EventManager : Event: ======'player_topgun_shots_collected'====== Args={'value': 3, 'prev_value': 2, 'change': 1, 'player_num': 1, 'source': 'pilot_mission_qualifier'}
2026-05-11 15:20:37,978 : INFO : EventManager : Event: ======'topgun_letter_p_lit'====== Args={'priority': 0}
2026-05-11 15:20:37,978 : INFO : SwitchController : <<<<<<< 's_trough_3' inactive >>>>>>>
2026-05-11 15:20:37,978 : INFO : SwitchController : <<<<<<< 's_trough_1' active >>>>>>>
2026-05-11 15:20:37,978 : INFO : EventManager : Event: ======'machine_var_audits_switches_s_trough_1'====== Args={'value': 5576, 'prev_value': 5575, 'change': 1}
2026-05-11 15:20:37,978 : INFO : SwitchController : <<<<<<< 's_trough_5' inactive >>>>>>>
2026-05-11 15:20:37,978 : INFO : SwitchController : <<<<<<< 's_trough_6' inactive >>>>>>>
2026-05-11 15:20:37,978 : INFO : SwitchController : <<<<<<< 's_trough_4' inactive >>>>>>>
2026-05-11 15:20:37,992 : INFO : SwitchController : <<<<<<< 's_trough_2' active >>>>>>>
2026-05-11 15:20:37,992 : INFO : EventManager : Event: ======'machine_var_audits_switches_s_trough_2'====== Args={'value': 5615, 'prev_value': 5614, 'change': 1}
2026-05-11 15:20:37,995 : INFO : EventManager : Event: ======'slide_topgun_2_removed'====== Args={'_from_bcp': True}
2026-05-11 15:20:38,007 : INFO : SwitchController : <<<<<<< 's_trough_4' active >>>>>>>
2026-05-11 15:20:38,007 : INFO : EventManager : Event: ======'machine_var_audits_switches_s_trough_4'====== Args={'value': 5636, 'prev_value': 5635, 'change': 1}
2026-05-11 15:20:38,008 : INFO : EventManager : Event: ======'slide_topgun_3_created'====== Args={'_from_bcp': True}
2026-05-11 15:20:38,008 : INFO : SwitchController : <<<<<<< 's_trough_3' active >>>>>>>
2026-05-11 15:20:38,008 : INFO : EventManager : Event: ======'machine_var_audits_switches_s_trough_3'====== Args={'value': 5641, 'prev_value': 5640, 'change': 1}
2026-05-11 15:20:38,023 : INFO : SwitchController : <<<<<<< 's_trough_5' active >>>>>>>
2026-05-11 15:20:38,023 : INFO : EventManager : Event: ======'machine_var_audits_switches_s_trough_5'====== Args={'value': 5631, 'prev_value': 5630, 'change': 1}
2026-05-11 15:20:38,054 : INFO : EventManager : Event: ======'top_ramp_down'====== Args={'priority': 0}
2026-05-11 15:20:38,210 : INFO : ball_device.bd_plunger : Received ball from <ball_device.bd_trough>
2026-05-11 15:20:38,211 : INFO : EventManager : Event: ======'balldevice_bd_plunger_ball_enter'====== Args={'new_balls': 1, 'unclaimed_balls': 0, 'new_available_balls': 0, 'device': <ball_device.bd_plunger>}
2026-05-11 15:20:38,212 : INFO : EventManager : Event: ======'balldevice_bd_plunger_ball_entered'====== Args={'new_balls': 0, 'device': <ball_device.bd_plunger>}
2026-05-11 15:20:38,212 : INFO : EventManager : Event: ======'balldevice_bd_plunger_ball_count_changed'====== Args={'balls': 1}
2026-05-11 15:20:38,212 : INFO : ball_device.bd_trough : Got eject confirm
2026-05-11 15:20:38,212 : INFO : ball_device.bd_trough : Eject successful
2026-05-11 15:20:38,212 : INFO : EventManager : Event: ======'balldevice_bd_trough_ball_eject_success'====== Args={'balls': 1, 'target': <ball_device.bd_plunger>}
2026-05-11 15:20:38,213 : INFO : ball_device.bd_plunger : State: waiting_for_target_ready
2026-05-11 15:20:38,213 : INFO : EventManager : Event: ======'balldevice_bd_plunger_ball_eject_attempt'====== Args={'balls': 1, 'target': <playfield.playfield>, 'source': <ball_device.bd_plunger>, 'mechanical_eject': True, 'num_attempts': 0}
2026-05-11 15:20:38,214 : INFO : EventManager : Event: ======'balldevice_bd_trough_ball_count_changed'====== Args={'balls': 5}
2026-05-11 15:20:38,215 : INFO : ball_device.bd_trough : State: idle
2026-05-11 15:20:38,215 : INFO : ball_device.bd_plunger : State: ejecting
2026-05-11 15:20:38,215 : INFO : ball_device.bd_plunger : Ejecting ball to <playfield.playfield>
2026-05-11 15:20:38,215 : INFO : EventManager : Event: ======'balldevice_bd_plunger_ejecting_ball'====== Args={'balls': 1, 'target': <playfield.playfield>, 'source': <ball_device.bd_plunger>, 'mechanical_eject': True, 'num_attempts': 0}
2026-05-11 15:20:38,216 : INFO : EventManager : Event: ======'video_idle_start'====== Args={'priority': 0}
2026-05-11 15:20:38,217 : INFO : ball_device.bd_plunger : Wait for ball to leave device
2026-05-11 15:20:38,666 : INFO : SwitchController : <<<<<<< 's_shooter_lane' inactive >>>>>>>
2026-05-11 15:20:38,668 : INFO : EventManager : Event: ======'s_shooter_lane_inactive'====== Args={}
2026-05-11 15:20:38,668 : INFO : EventManager : Event: ======'skillshot_shaker_stop'====== Args={'priority': 0}
2026-05-11 15:20:38,668 : INFO : EventManager : Event: ======'skillshot_activate_left_mig_post'====== Args={'priority': 0}
2026-05-11 15:20:38,669 : INFO : EventManager : Event: ======'ball_save_new_ball_timer_start'====== Args={'priority': 0}
2026-05-11 15:20:38,669 : INFO : Timer.ball_save_auto_plunger_delay : Stopping Timer
2026-05-11 15:20:38,669 : INFO : EventManager : Event: ======'timer_ball_save_auto_plunger_delay_stopped'====== Args={'ticks': 0, 'ticks_remaining': 0}
2026-05-11 15:20:38,669 : INFO : Timer.post_plunge_orbit_lockout : Starting Timer.
2026-05-11 15:20:38,669 : INFO : EventManager : Event: ======'timer_post_plunge_orbit_lockout_started'====== Args={'ticks': 0, 'ticks_remaining': 3}
2026-05-11 15:20:38,670 : INFO : EventManager : Event: ======'timer_post_plunge_orbit_lockout_tick'====== Args={'ticks': 0, 'ticks_remaining': 3}
2026-05-11 15:20:38,670 : INFO : Timer.skillshot : Starting Timer.
2026-05-11 15:20:38,670 : INFO : EventManager : Event: ======'timer_skillshot_started'====== Args={'ticks': 9, 'ticks_remaining': 9}
2026-05-11 15:20:38,670 : INFO : EventManager : Event: ======'timer_skillshot_tick'====== Args={'ticks': 9, 'ticks_remaining': 9}
2026-05-11 15:20:38,670 : INFO : Timer.skillshot_sound_loop : Stopping Timer
2026-05-11 15:20:38,670 : INFO : EventManager : Event: ======'timer_skillshot_sound_loop_stopped'====== Args={'ticks': 0, 'ticks_remaining': 999}
2026-05-11 15:20:38,670 : INFO : Timer.skillshot_shaker_pulse : Stopping Timer
2026-05-11 15:20:38,670 : INFO : EventManager : Event: ======'timer_skillshot_shaker_pulse_stopped'====== Args={'ticks': 0, 'ticks_remaining': 999}
2026-05-11 15:20:38,670 : INFO : Timer.skillshot_shaker_idle : Stopping Timer
2026-05-11 15:20:38,670 : INFO : EventManager : Event: ======'timer_skillshot_shaker_idle_stopped'====== Args={'ticks': 0, 'ticks_remaining': 20}
2026-05-11 15:20:38,670 : INFO : EventManager : Event: ======'video_launch_start'====== Args={'priority': 0}
2026-05-11 15:20:38,671 : INFO : coil.c_left_mig_up_post : Enabling Driver with power 0.25 (pulse_ms 20ms and pulse_power 0.75)
2026-05-11 15:20:38,671 : INFO : Timer.skillshot_left_mig_post_timer : Starting Timer.
2026-05-11 15:20:38,671 : INFO : EventManager : Event: ======'timer_skillshot_left_mig_post_timer_started'====== Args={'ticks': 0, 'ticks_remaining': 3}
2026-05-11 15:20:38,671 : INFO : EventManager : Event: ======'timer_skillshot_left_mig_post_timer_tick'====== Args={'ticks': 0, 'ticks_remaining': 3}
2026-05-11 15:20:38,671 : INFO : EventManager : Event: ======'ball_save_new_ball_save_timer_start'====== Args={}
2026-05-11 15:20:38,671 : INFO : Timer.ball_save_countdown : Starting Timer.
2026-05-11 15:20:38,671 : INFO : EventManager : Event: ======'timer_ball_save_countdown_started'====== Args={'ticks': 20, 'ticks_remaining': 20}
2026-05-11 15:20:38,672 : INFO : EventManager : Event: ======'timer_ball_save_countdown_tick'====== Args={'ticks': 20, 'ticks_remaining': 20}
2026-05-11 15:20:38,672 : INFO : EventManager : Event: ======'ball_save_flash_slow'====== Args={'priority': 0}
2026-05-11 15:20:38,672 : INFO : EventManager : Event: ======'player_ball_save_time_remaining'====== Args={'value': 20, 'prev_value': 0, 'change': 20, 'player_num': 1, 'source': 'ball_save'}
2026-05-11 15:20:38,676 : INFO : ball_device.bd_plunger : State: ball_left
2026-05-11 15:20:38,676 : INFO : ball_device.bd_plunger : Ball left
2026-05-11 15:20:38,676 : INFO : ball_device.bd_plunger : Wait for confirm with timeout 3.0
2026-05-11 15:20:38,679 : INFO : EventManager : Event: ======'slide_skillshot_ball_in_shooter_lane_removed'====== Args={'_from_bcp': True}
2026-05-11 15:20:38,696 : INFO : EventManager : Event: ======'slide_skillshot_ball_launched_created'====== Args={'_from_bcp': True}
2026-05-11 15:20:39,149 : INFO : SwitchController : <<<<<<< 's_orbit_right' active >>>>>>>
2026-05-11 15:20:39,149 : INFO : EventManager : Event: ======'s_orbit_right_active'====== Args={}
2026-05-11 15:20:39,149 : INFO : EventManager : Event: ======'sw_playfield_active'====== Args={}
2026-05-11 15:20:39,150 : INFO : EventManager : Event: ======'machine_var_audits_switches_s_orbit_right'====== Args={'value': 6968, 'prev_value': 6967, 'change': 1}
2026-05-11 15:20:39,151 : INFO : EventManager : Event: ======'restart_right_orbit_lockout_timer'====== Args={'priority': 0}
2026-05-11 15:20:39,151 : INFO : EventManager : Event: ======'player_right_post_locked_out'====== Args={'value': 1, 'prev_value': 0, 'change': 1, 'player_num': 1, 'source': 'iceman_letters'}
2026-05-11 15:20:39,151 : INFO : EventManager : Event: ======'player_hd_sw_orbit_right'====== Args={'value': 1, 'prev_value': 0, 'change': 1, 'player_num': 1, 'source': 'hard_deck_qualifiers'}
2026-05-11 15:20:39,151 : INFO : EventManager : Event: ======'player_score'====== Args={'value': 8000, 'prev_value': 0, 'change': 8000, 'player_num': 1, 'source': 'base'}
2026-05-11 15:20:39,151 : INFO : EventManager : Event: ======'player_bonus_switches_count'====== Args={'value': 1, 'prev_value': 0, 'change': 1, 'player_num': 1, 'source': 'base'}
2026-05-11 15:20:39,151 : INFO : Timer.right_orbit_shot_timeout : Starting Timer.
2026-05-11 15:20:39,151 : INFO : EventManager : Event: ======'timer_right_orbit_shot_timeout_started'====== Args={'ticks': 0, 'ticks_remaining': 3}
2026-05-11 15:20:39,151 : INFO : EventManager : Event: ======'timer_right_orbit_shot_timeout_tick'====== Args={'ticks': 0, 'ticks_remaining': 3}
2026-05-11 15:20:39,151 : INFO : Timer.right_orbit_lockout_timer : Starting Timer.
2026-05-11 15:20:39,151 : INFO : EventManager : Event: ======'timer_right_orbit_lockout_timer_started'====== Args={'ticks': 0, 'ticks_remaining': 3}
2026-05-11 15:20:39,152 : INFO : EventManager : Event: ======'timer_right_orbit_lockout_timer_tick'====== Args={'ticks': 0, 'ticks_remaining': 3}
2026-05-11 15:20:39,152 : INFO : EventManager : Event: ======'playfield_active'====== Args={'source': None}
2026-05-11 15:20:39,196 : INFO : SwitchController : <<<<<<< 's_orbit_right' inactive >>>>>>>
2026-05-11 15:20:39,652 : INFO : EventManager : Event: ======'player_skillshot_skillshot_left_mig_post_timer_tick'====== Args={'value': 1, 'prev_value': 0, 'change': 1, 'player_num': 1}
2026-05-11 15:20:39,653 : INFO : EventManager : Event: ======'timer_skillshot_left_mig_post_timer_tick'====== Args={'ticks': 1, 'ticks_remaining': 2}
2026-05-11 15:20:39,653 : INFO : EventManager : Event: ======'player_ball_save_ball_save_countdown_tick'====== Args={'value': 19, 'prev_value': 20, 'change': -1, 'player_num': 1}
2026-05-11 15:20:39,653 : INFO : EventManager : Event: ======'timer_ball_save_countdown_tick'====== Args={'ticks': 19, 'ticks_remaining': 19}
2026-05-11 15:20:39,653 : INFO : EventManager : Event: ======'player_pilot_mission_qualifier_post_plunge_orbit_lockout_tick'====== Args={'value': 1, 'prev_value': 0, 'change': 1, 'player_num': 1}
2026-05-11 15:20:39,653 : INFO : EventManager : Event: ======'timer_post_plunge_orbit_lockout_tick'====== Args={'ticks': 1, 'ticks_remaining': 2}
2026-05-11 15:20:39,653 : INFO : EventManager : Event: ======'player_skillshot_skillshot_tick'====== Args={'value': 8, 'prev_value': 9, 'change': -1, 'player_num': 1}
2026-05-11 15:20:39,653 : INFO : EventManager : Event: ======'timer_skillshot_tick'====== Args={'ticks': 8, 'ticks_remaining': 8}
2026-05-11 15:20:39,653 : INFO : EventManager : Event: ======'ball_save_flash_slow'====== Args={'priority': 0}
2026-05-11 15:20:39,653 : INFO : EventManager : Event: ======'player_ball_save_time_remaining'====== Args={'value': 19, 'prev_value': 20, 'change': -1, 'player_num': 1, 'source': 'ball_save'}
2026-05-11 15:20:39,946 : INFO : SwitchController : <<<<<<< 's_flipper_right' active >>>>>>>
2026-05-11 15:20:39,946 : INFO : EventManager : Event: ======'s_flipper_right_active'====== Args={}
2026-05-11 15:20:39,947 : INFO : EventManager : Event: ======'machine_var_audits_switches_s_flipper_right'====== Args={'value': 54754, 'prev_value': 54753, 'change': 1}
2026-05-11 15:20:39,947 : INFO : EventManager : Event: ======'skillshot_shaker_flipper_activity'====== Args={'priority': 0}
2026-05-11 15:20:39,949 : INFO : EventManager : Event: ======'shaker_shooter_lane_pulse'====== Args={'priority': 0}
2026-05-11 15:20:39,949 : INFO : EventManager : Event: ======'skillshot_mig_position_i'====== Args={'priority': 0}
2026-05-11 15:20:39,949 : INFO : EventManager : Event: ======'goose_rotate_right_execute'====== Args={'priority': 0}
2026-05-11 15:20:39,949 : INFO : EventManager : Event: ======'player_goose_temp_g'====== Args={'value': 0, 'prev_value': 0, 'change': 0, 'player_num': 1, 'source': 'goose_letters'}
2026-05-11 15:20:39,949 : INFO : EventManager : Event: ======'player_goose_temp_o_left'====== Args={'value': 0, 'prev_value': 0, 'change': 0, 'player_num': 1, 'source': 'goose_letters'}
2026-05-11 15:20:39,949 : INFO : EventManager : Event: ======'player_goose_temp_e'====== Args={'value': 0, 'prev_value': 0, 'change': 0, 'player_num': 1, 'source': 'goose_letters'}
2026-05-11 15:20:39,949 : INFO : EventManager : Event: ======'player_goose_temp_o_right'====== Args={'value': 0, 'prev_value': 0, 'change': 0, 'player_num': 1, 'source': 'goose_letters'}
2026-05-11 15:20:39,949 : INFO : EventManager : Event: ======'player_goose_temp_s'====== Args={'value': 0, 'prev_value': 0, 'change': 0, 'player_num': 1, 'source': 'goose_letters'}
2026-05-11 15:20:39,950 : INFO : EventManager : Event: ======'player_missile_temp_g'====== Args={'value': 0, 'prev_value': 0, 'change': 0, 'player_num': 1, 'source': 'goose_letters'}
2026-05-11 15:20:39,950 : INFO : EventManager : Event: ======'player_missile_temp_o_left'====== Args={'value': 0, 'prev_value': 0, 'change': 0, 'player_num': 1, 'source': 'goose_letters'}
2026-05-11 15:20:39,950 : INFO : EventManager : Event: ======'player_missile_temp_e'====== Args={'value': 0, 'prev_value': 0, 'change': 0, 'player_num': 1, 'source': 'goose_letters'}
2026-05-11 15:20:39,950 : INFO : EventManager : Event: ======'player_missile_temp_o_right'====== Args={'value': 0, 'prev_value': 0, 'change': 0, 'player_num': 1, 'source': 'goose_letters'}
2026-05-11 15:20:39,950 : INFO : EventManager : Event: ======'player_missile_temp_s'====== Args={'value': 0, 'prev_value': 0, 'change': 0, 'player_num': 1, 'source': 'goose_letters'}
2026-05-11 15:20:39,950 : INFO : EventManager : Event: ======'mig_rotate_right_execute'====== Args={'priority': 0}
2026-05-11 15:20:39,950 : INFO : EventManager : Event: ======'player_mig_temp_m'====== Args={'value': 0, 'prev_value': 0, 'change': 0, 'player_num': 1, 'source': 'mig_letters'}
2026-05-11 15:20:39,950 : INFO : EventManager : Event: ======'player_mig_temp_i'====== Args={'value': 0, 'prev_value': 0, 'change': 0, 'player_num': 1, 'source': 'mig_letters'}
2026-05-11 15:20:39,950 : INFO : EventManager : Event: ======'player_mig_temp_g'====== Args={'value': 0, 'prev_value': 0, 'change': 0, 'player_num': 1, 'source': 'mig_letters'}
2026-05-11 15:20:39,951 : INFO : EventManager : Event: ======'ball_search_reset'====== Args={'priority': 0}
2026-05-11 15:20:39,951 : INFO : Timer.skillshot_shaker_pulse : Starting Timer.
2026-05-11 15:20:39,951 : INFO : EventManager : Event: ======'timer_skillshot_shaker_pulse_started'====== Args={'ticks': 0, 'ticks_remaining': 999}
2026-05-11 15:20:39,951 : INFO : EventManager : Event: ======'timer_skillshot_shaker_pulse_tick'====== Args={'ticks': 0, 'ticks_remaining': 999}
2026-05-11 15:20:39,951 : INFO : Timer.skillshot_shaker_idle : Starting Timer.
2026-05-11 15:20:39,951 : INFO : EventManager : Event: ======'timer_skillshot_shaker_idle_started'====== Args={'ticks': 0, 'ticks_remaining': 20}
2026-05-11 15:20:39,951 : INFO : EventManager : Event: ======'timer_skillshot_shaker_idle_tick'====== Args={'ticks': 0, 'ticks_remaining': 20}
2026-05-11 15:20:39,951 : INFO : EventManager : Event: ======'shaker_shooter_lane_pulse'====== Args={'priority': 0}
2026-05-11 15:20:39,951 : INFO : EventManager : Event: ======'player_shot_mig_lane_left'====== Args={'value': 0, 'prev_value': 1, 'change': -1, 'player_num': 1}
2026-05-11 15:20:39,952 : INFO : EventManager : Event: ======'player_skillshot_mig_position'====== Args={'value': 1, 'prev_value': 0, 'change': 1, 'player_num': 1, 'source': 'skillshot'}
2026-05-11 15:20:39,952 : INFO : EventManager : Event: ======'player_goose_letter_g'====== Args={'value': 0, 'prev_value': 0, 'change': 0, 'player_num': 1, 'source': 'goose_letters'}
2026-05-11 15:20:39,952 : INFO : EventManager : Event: ======'player_goose_letter_e'====== Args={'value': 0, 'prev_value': 0, 'change': 0, 'player_num': 1, 'source': 'goose_letters'}
2026-05-11 15:20:39,952 : INFO : EventManager : Event: ======'player_goose_letter_s'====== Args={'value': 0, 'prev_value': 0, 'change': 0, 'player_num': 1, 'source': 'goose_letters'}
2026-05-11 15:20:39,952 : INFO : EventManager : Event: ======'player_goose_letter_o_right'====== Args={'value': 0, 'prev_value': 0, 'change': 0, 'player_num': 1, 'source': 'goose_letters'}
2026-05-11 15:20:39,953 : INFO : EventManager : Event: ======'player_goose_letter_o_left'====== Args={'value': 0, 'prev_value': 0, 'change': 0, 'player_num': 1, 'source': 'goose_letters'}
2026-05-11 15:20:39,953 : INFO : EventManager : Event: ======'player_missile_pos_g'====== Args={'value': 0, 'prev_value': 0, 'change': 0, 'player_num': 1, 'source': 'goose_letters'}
2026-05-11 15:20:39,953 : INFO : EventManager : Event: ======'player_missile_pos_e'====== Args={'value': 0, 'prev_value': 0, 'change': 0, 'player_num': 1, 'source': 'goose_letters'}
2026-05-11 15:20:39,953 : INFO : EventManager : Event: ======'player_missile_pos_s'====== Args={'value': 0, 'prev_value': 0, 'change': 0, 'player_num': 1, 'source': 'goose_letters'}
2026-05-11 15:20:39,953 : INFO : EventManager : Event: ======'player_missile_pos_o_right'====== Args={'value': 0, 'prev_value': 0, 'change': 0, 'player_num': 1, 'source': 'goose_letters'}
2026-05-11 15:20:39,953 : INFO : EventManager : Event: ======'player_missile_pos_o_left'====== Args={'value': 0, 'prev_value': 0, 'change': 0, 'player_num': 1, 'source': 'goose_letters'}
2026-05-11 15:20:39,953 : INFO : EventManager : Event: ======'player_mig_letter_m'====== Args={'value': 0, 'prev_value': 0, 'change': 0, 'player_num': 1, 'source': 'mig_letters'}
2026-05-11 15:20:39,953 : INFO : EventManager : Event: ======'player_mig_letter_g'====== Args={'value': 0, 'prev_value': 0, 'change': 0, 'player_num': 1, 'source': 'mig_letters'}
2026-05-11 15:20:39,953 : INFO : EventManager : Event: ======'player_mig_letter_i'====== Args={'value': 0, 'prev_value': 0, 'change': 0, 'player_num': 1, 'source': 'mig_letters'}
2026-05-11 15:20:39,956 : INFO : SwitchController : <<<<<<< 's_flipper_right_eos' active >>>>>>>
2026-05-11 15:20:39,956 : INFO : EventManager : Event: ======'machine_var_audits_switches_s_flipper_right_eos'====== Args={'value': 49225, 'prev_value': 49224, 'change': 1}
2026-05-11 15:20:40,025 : INFO : SwitchController : <<<<<<< 's_flipper_right' inactive >>>>>>>
2026-05-11 15:20:40,025 : INFO : EventManager : Event: ======'s_flipper_right_inactive'====== Args={}
2026-05-11 15:20:40,118 : INFO : SwitchController : <<<<<<< 's_flipper_right_eos' inactive >>>>>>>
2026-05-11 15:20:40,118 : INFO : SwitchController : <<<<<<< 's_flipper_right' active >>>>>>>
2026-05-11 15:20:40,118 : INFO : EventManager : Event: ======'s_flipper_right_active'====== Args={}
2026-05-11 15:20:40,118 : INFO : EventManager : Event: ======'machine_var_audits_switches_s_flipper_right'====== Args={'value': 54755, 'prev_value': 54754, 'change': 1}
2026-05-11 15:20:40,120 : INFO : EventManager : Event: ======'skillshot_mig_position_g'====== Args={'priority': 0}
2026-05-11 15:20:40,120 : INFO : EventManager : Event: ======'goose_rotate_right_execute'====== Args={'priority': 0}
2026-05-11 15:20:40,120 : INFO : EventManager : Event: ======'mig_rotate_right_execute'====== Args={'priority': 0}
2026-05-11 15:20:40,120 : INFO : EventManager : Event: ======'ball_search_reset'====== Args={'priority': 0}
2026-05-11 15:20:40,120 : INFO : EventManager : Event: ======'player_shot_mig_lane_right'====== Args={'value': 1, 'prev_value': 0, 'change': 1, 'player_num': 1}
2026-05-11 15:20:40,121 : INFO : EventManager : Event: ======'player_skillshot_mig_position'====== Args={'value': 2, 'prev_value': 1, 'change': 1, 'player_num': 1, 'source': 'skillshot'}
2026-05-11 15:20:40,149 : INFO : EventManager : Event: ======'player_pilot_mission_qualifier_right_orbit_shot_timeout_tick'====== Args={'value': 1, 'prev_value': 0, 'change': 1, 'player_num': 1}
2026-05-11 15:20:40,150 : INFO : EventManager : Event: ======'timer_right_orbit_shot_timeout_tick'====== Args={'ticks': 1, 'ticks_remaining': 2}
2026-05-11 15:20:40,150 : INFO : EventManager : Event: ======'player_iceman_letters_right_orbit_lockout_timer_tick'====== Args={'value': 1, 'prev_value': 0, 'change': 1, 'player_num': 1}
2026-05-11 15:20:40,150 : INFO : EventManager : Event: ======'timer_right_orbit_lockout_timer_tick'====== Args={'ticks': 1, 'ticks_remaining': 2}
2026-05-11 15:20:40,150 : INFO : SwitchController : <<<<<<< 's_flipper_right_eos' active >>>>>>>
2026-05-11 15:20:40,151 : INFO : EventManager : Event: ======'machine_var_audits_switches_s_flipper_right_eos'====== Args={'value': 49226, 'prev_value': 49225, 'change': 1}
2026-05-11 15:20:40,181 : INFO : SwitchController : <<<<<<< 's_mig_lane_right' active >>>>>>>
2026-05-11 15:20:40,181 : INFO : EventManager : Event: ======'playfield_active'====== Args={'source': 'mig_lane_right'}
2026-05-11 15:20:40,181 : INFO : EventManager : Event: ======'s_mig_lane_right_active'====== Args={}
2026-05-11 15:20:40,181 : INFO : EventManager : Event: ======'sw_playfield_active'====== Args={}
2026-05-11 15:20:40,181 : INFO : EventManager : Event: ======'sw_playfield_active'====== Args={}
2026-05-11 15:20:40,181 : INFO : EventManager : Event: ======'machine_var_audits_switches_s_mig_lane_right'====== Args={'value': 2204, 'prev_value': 2203, 'change': 1}
2026-05-11 15:20:40,182 : INFO : EventManager : Event: ======'machine_var_audits_shots_mig_lane_right'====== Args={'value': 930, 'prev_value': 929, 'change': 1}
2026-05-11 15:20:40,183 : INFO : EventManager : Event: ======'mig_lane_right_hit'====== Args={'profile': 'skill', 'state': 'lit', 'advancing': False}
2026-05-11 15:20:40,183 : INFO : EventManager : Event: ======'mig_lane_right_skill_hit'====== Args={'profile': 'skill', 'state': 'lit', 'advancing': False}
2026-05-11 15:20:40,183 : INFO : EventManager : Event: ======'mig_lane_right_skill_lit_hit'====== Args={'profile': 'skill', 'state': 'lit', 'advancing': False}
2026-05-11 15:20:40,183 : INFO : EventManager : Event: ======'mig_lane_right_lit_hit'====== Args={'profile': 'skill', 'state': 'lit', 'advancing': False}
2026-05-11 15:20:40,183 : INFO : EventManager : Event: ======'player_hd_sw_mig_right'====== Args={'value': 1, 'prev_value': 0, 'change': 1, 'player_num': 1, 'source': 'hard_deck_qualifiers'}
2026-05-11 15:20:40,183 : INFO : EventManager : Event: ======'check_mig_complete'====== Args={'priority': 0}
2026-05-11 15:20:40,183 : INFO : EventManager : Event: ======'player_mig_letter_g'====== Args={'value': 1, 'prev_value': 0, 'change': 1, 'player_num': 1, 'source': 'mig_letters'}
2026-05-11 15:20:40,183 : INFO : EventManager : Event: ======'player_score'====== Args={'value': 13000, 'prev_value': 8000, 'change': 5000, 'player_num': 1, 'source': 'base'}
2026-05-11 15:20:40,183 : INFO : EventManager : Event: ======'player_bonus_switches_count'====== Args={'value': 2, 'prev_value': 1, 'change': 1, 'player_num': 1, 'source': 'base'}
2026-05-11 15:20:40,183 : INFO : EventManager : Event: ======'skillshot_group_hit'====== Args={'shot': 'mig_lane_right'}
2026-05-11 15:20:40,183 : INFO : EventManager : Event: ======'skillshot_group_lit_hit'====== Args={'shot': 'mig_lane_right'}
2026-05-11 15:20:40,183 : INFO : EventManager : Event: ======'mode_skillshot_will_stop'====== Args={}
2026-05-11 15:20:40,183 : INFO : EventManager : Event: ======'mode_skillshot_stopping'====== Args={}
2026-05-11 15:20:40,183 : INFO : EventManager : Event: ======'show_skillshot_mig_video'====== Args={'priority': 0}
2026-05-11 15:20:40,183 : INFO : EventManager : Event: ======'skillshot_show_points'====== Args={'priority': 0}
2026-05-11 15:20:40,183 : INFO : EventManager : Event: ======'skillshot_add_topgun_letter'====== Args={'priority': 0}
2026-05-11 15:20:40,185 : INFO : EventManager : Event: ======'player_score'====== Args={'value': 163000, 'prev_value': 13000, 'change': 150000, 'player_num': 1, 'source': 'skillshot'}
2026-05-11 15:20:40,185 : INFO : EventManager : Event: ======'player_mode_points_scored'====== Args={'value': 150000, 'prev_value': 0, 'change': 150000, 'player_num': 1, 'source': 'skillshot'}
2026-05-11 15:20:40,185 : INFO : EventManager : Event: ======'player_skillshot_count'====== Args={'value': 1, 'prev_value': 0, 'change': 1, 'player_num': 1, 'source': 'skillshot'}
2026-05-11 15:20:40,185 : INFO : EventManager : Event: ======'player_priority'====== Args={'value': 600, 'prev_value': 0, 'change': 600, 'player_num': 1, 'source': 'skillshot'}
2026-05-11 15:20:40,185 : INFO : EventManager : Event: ======'eject_mode_qualified_event'====== Args={'priority': 0}
2026-05-11 15:20:40,185 : INFO : EventManager : Event: ======'player_first_skillshot_made'====== Args={'value': 1, 'prev_value': 0, 'change': 1, 'player_num': 1, 'source': 'goose_letters'}
2026-05-11 15:20:40,185 : INFO : Timer.skillshot_video_running : Starting Timer.
2026-05-11 15:20:40,185 : INFO : EventManager : Event: ======'timer_skillshot_video_running_started'====== Args={'ticks': 0, 'ticks_remaining': 1}
2026-05-11 15:20:40,186 : INFO : EventManager : Event: ======'timer_skillshot_video_running_tick'====== Args={'ticks': 0, 'ticks_remaining': 1}
2026-05-11 15:20:40,186 : INFO : coil.c_left_mig_up_post : Disabling Driver
2026-05-11 15:20:40,186 : INFO : Timer.skillshot : Stopping Timer
2026-05-11 15:20:40,186 : INFO : EventManager : Event: ======'timer_skillshot_stopped'====== Args={'ticks': 8, 'ticks_remaining': 8}
2026-05-11 15:20:40,186 : INFO : Timer.skillshot_sound_loop : Stopping Timer
2026-05-11 15:20:40,186 : INFO : EventManager : Event: ======'timer_skillshot_sound_loop_stopped'====== Args={'ticks': 0, 'ticks_remaining': 999}
2026-05-11 15:20:40,186 : INFO : Timer.skillshot_shaker_pulse : Stopping Timer
2026-05-11 15:20:40,186 : INFO : EventManager : Event: ======'timer_skillshot_shaker_pulse_stopped'====== Args={'ticks': 0, 'ticks_remaining': 999}
2026-05-11 15:20:40,186 : INFO : Timer.skillshot_shaker_idle : Stopping Timer
2026-05-11 15:20:40,186 : INFO : EventManager : Event: ======'timer_skillshot_shaker_idle_stopped'====== Args={'ticks': 0, 'ticks_remaining': 20}
2026-05-11 15:20:40,186 : INFO : Timer.skillshot_left_mig_post_timer : Stopping Timer
2026-05-11 15:20:40,186 : INFO : EventManager : Event: ======'timer_skillshot_left_mig_post_timer_stopped'====== Args={'ticks': 1, 'ticks_remaining': 2}
2026-05-11 15:20:40,187 : INFO : EventManager : Event: ======'player_topgun_shots_collected'====== Args={'value': 4, 'prev_value': 3, 'change': 1, 'player_num': 1, 'source': 'pilot_mission_qualifier'}
2026-05-11 15:20:40,187 : INFO : EventManager : Event: ======'topgun_letter_g_lit'====== Args={'priority': 0}
2026-05-11 15:20:40,187 : INFO : EventManager : Event: ======'player_eject_mode_qualified'====== Args={'value': 1, 'prev_value': 0, 'change': 1, 'player_num': 1, 'source': 'goose_letters'}
2026-05-11 15:20:40,187 : INFO : EventManager : Event: ======'player_topgun_skip_video'====== Args={'value': 1, 'prev_value': 0, 'change': 1, 'player_num': 1, 'source': 'pilot_mission_qualifier'}
2026-05-11 15:20:40,188 : INFO : EventManager : Event: ======'playfield_active'====== Args={'source': None}
2026-05-11 15:20:40,188 : INFO : EventManager : Event: ======'playfield_active'====== Args={'source': None}
2026-05-11 15:20:40,188 : INFO : Mode.skillshot : Stopped.
2026-05-11 15:20:40,188 : INFO : EventManager : Event: ======'modes_active_modes_changed'====== Args={}
2026-05-11 15:20:40,189 : INFO : EventManager : Event: ======'mode_skillshot_stopped'====== Args={}
2026-05-11 15:20:40,189 : INFO : EventManager : Event: ======'clear'====== Args={'key': 'skillshot'}
2026-05-11 15:20:40,189 : INFO : EventManager : Event: ======'player_pilot_qualifier_paused'====== Args={'value': 0, 'prev_value': 1, 'change': -1, 'player_num': 1, 'source': 'pilot_mission_qualifier'}
2026-05-11 15:20:40,189 : INFO : EventManager : Event: ======'update_qualifying_show'====== Args={'priority': 0}
2026-05-11 15:20:40,189 : INFO : EventManager : Event: ======'update_training_qual_lights'====== Args={'priority': 0}
2026-05-11 15:20:40,190 : INFO : Timer.skillshot : Stopping Timer
2026-05-11 15:20:40,190 : INFO : EventManager : Event: ======'timer_skillshot_stopped'====== Args={'ticks': 8, 'ticks_remaining': 8}
2026-05-11 15:20:40,190 : INFO : Timer.skillshot_shaker_idle : Stopping Timer
2026-05-11 15:20:40,190 : INFO : EventManager : Event: ======'timer_skillshot_shaker_idle_stopped'====== Args={'ticks': 0, 'ticks_remaining': 20}
2026-05-11 15:20:40,190 : INFO : Timer.skillshot_sound_loop : Stopping Timer
2026-05-11 15:20:40,190 : INFO : EventManager : Event: ======'timer_skillshot_sound_loop_stopped'====== Args={'ticks': 0, 'ticks_remaining': 999}
2026-05-11 15:20:40,190 : INFO : Timer.skillshot_left_mig_post_timer : Stopping Timer
2026-05-11 15:20:40,190 : INFO : EventManager : Event: ======'timer_skillshot_left_mig_post_timer_stopped'====== Args={'ticks': 1, 'ticks_remaining': 2}
2026-05-11 15:20:40,191 : INFO : Timer.skillshot_shaker_pulse : Stopping Timer
2026-05-11 15:20:40,191 : INFO : EventManager : Event: ======'timer_skillshot_shaker_pulse_stopped'====== Args={'ticks': 0, 'ticks_remaining': 999}
2026-05-11 15:20:40,193 : INFO : SwitchController : <<<<<<< 's_flipper_right' inactive >>>>>>>
2026-05-11 15:20:40,193 : INFO : EventManager : Event: ======'s_flipper_right_inactive'====== Args={}
2026-05-11 15:20:40,216 : INFO : EventManager : Event: ======'slide_skillshot_mig_hit_created'====== Args={'_from_bcp': True}
2026-05-11 15:20:40,238 : INFO : EventManager : Event: ======'slide_mode_points_scored_created'====== Args={'_from_bcp': True}
2026-05-11 15:20:40,239 : INFO : EventManager : Event: ======'slide_mach_1_inactive'====== Args={'is_removing': False, '_from_bcp': True}
2026-05-11 15:20:40,239 : INFO : EventManager : Event: ======'slide_mode_points_scored_active'====== Args={'original_context': 'base', 'original_calling_context': 'skillshot_show_points', 'priority': 100.0, 'cmd': 'slides_play', '_from_bcp': True}
2026-05-11 15:20:40,240 : INFO : EventManager : Event: ======'slide_topgun_3_removed'====== Args={'_from_bcp': True}
2026-05-11 15:20:40,251 : INFO : EventManager : Event: ======'slide_topgun_4_created'====== Args={'_from_bcp': True}
2026-05-11 15:20:40,252 : INFO : EventManager : Event: ======'slide_ejection_shots_completed_removed'====== Args={'_from_bcp': True}
2026-05-11 15:20:40,252 : INFO : EventManager : Event: ======'slide_ejection_shots_needed_removed'====== Args={'_from_bcp': True}
2026-05-11 15:20:40,253 : INFO : EventManager : Event: ======'slide_ejection_seat_active_created'====== Args={'_from_bcp': True}
2026-05-11 15:20:40,273 : INFO : EventManager : Event: ======'slide_ejection_seat_qualified_created'====== Args={'_from_bcp': True}
2026-05-11 15:20:40,275 : INFO : EventManager : Event: ======'slide_skillshot_ball_launched_removed'====== Args={'_from_bcp': True}
2026-05-11 15:20:40,291 : INFO : SwitchController : <<<<<<< 's_flipper_right_eos' inactive >>>>>>>
2026-05-11 15:20:40,369 : INFO : EventManager : Event: ======'skillshot_add_topgun_letter'====== Args={'priority': 0}
2026-05-11 15:20:40,369 : INFO : EventManager : Event: ======'player_topgun_shots_collected'====== Args={'value': 5, 'prev_value': 4, 'change': 1, 'player_num': 1, 'source': 'pilot_mission_qualifier'}
2026-05-11 15:20:40,370 : INFO : EventManager : Event: ======'topgun_letter_u_lit'====== Args={'priority': 0}
2026-05-11 15:20:40,378 : INFO : EventManager : Event: ======'slide_topgun_4_removed'====== Args={'_from_bcp': True}
2026-05-11 15:20:40,392 : INFO : EventManager : Event: ======'slide_topgun_5_created'====== Args={'_from_bcp': True}
2026-05-11 15:20:40,465 : INFO : SwitchController : <<<<<<< 's_mig_lane_right' inactive >>>>>>>
2026-05-11 15:20:40,559 : INFO : SwitchController : <<<<<<< 's_bumper_right' active >>>>>>>
2026-05-11 15:20:40,559 : INFO : EventManager : Event: ======'playfield_active'====== Args={'source': 'bumper_right'}
2026-05-11 15:20:40,559 : INFO : EventManager : Event: ======'s_bumper_right_active'====== Args={}
2026-05-11 15:20:40,559 : INFO : EventManager : Event: ======'sw_playfield_active'====== Args={}
2026-05-11 15:20:40,559 : INFO : EventManager : Event: ======'playfield_active'====== Args={'source': 'pop_right'}
2026-05-11 15:20:40,560 : INFO : EventManager : Event: ======'machine_var_audits_switches_s_bumper_right'====== Args={'value': 8823, 'prev_value': 8822, 'change': 1}
2026-05-11 15:20:40,562 : INFO : EventManager : Event: ======'player_shot_bumper_right'====== Args={'value': 1, 'prev_value': 0, 'change': 1, 'player_num': 1}
2026-05-11 15:20:40,562 : INFO : EventManager : Event: ======'machine_var_audits_shots_bumper_right'====== Args={'value': 8817, 'prev_value': 8816, 'change': 1}
2026-05-11 15:20:40,562 : INFO : EventManager : Event: ======'bumper_right_hit'====== Args={'profile': 'default', 'state': 'unlit', 'advancing': True}
2026-05-11 15:20:40,562 : INFO : EventManager : Event: ======'bumper_right_default_hit'====== Args={'profile': 'default', 'state': 'unlit', 'advancing': True}
2026-05-11 15:20:40,562 : INFO : EventManager : Event: ======'bumper_right_default_unlit_hit'====== Args={'profile': 'default', 'state': 'unlit', 'advancing': True}
2026-05-11 15:20:40,562 : INFO : EventManager : Event: ======'bumper_right_unlit_hit'====== Args={'profile': 'default', 'state': 'unlit', 'advancing': True}
2026-05-11 15:20:40,563 : INFO : EventManager : Event: ======'player_pop_bumper_hits_total'====== Args={'value': 1, 'prev_value': 0, 'change': 1, 'player_num': 1, 'source': 'hard_deck_qualifiers'}
2026-05-11 15:20:40,563 : INFO : EventManager : Event: ======'player_hd_sw_bump_right'====== Args={'value': 1, 'prev_value': 0, 'change': 1, 'player_num': 1, 'source': 'hard_deck_qualifiers'}
2026-05-11 15:20:40,563 : INFO : EventManager : Event: ======'player_score'====== Args={'value': 164000, 'prev_value': 163000, 'change': 1000, 'player_num': 1, 'source': 'base'}
2026-05-11 15:20:40,563 : INFO : EventManager : Event: ======'player_bonus_switches_count'====== Args={'value': 3, 'prev_value': 2, 'change': 1, 'player_num': 1, 'source': 'base'}
2026-05-11 15:20:40,563 : INFO : EventManager : Event: ======'bumpers_hit'====== Args={'shot': 'bumper_right'}
2026-05-11 15:20:40,563 : INFO : EventManager : Event: ======'bumpers_unlit_hit'====== Args={'shot': 'bumper_right'}
2026-05-11 15:20:40,564 : INFO : EventManager : Event: ======'player_score'====== Args={'value': 165000, 'prev_value': 164000, 'change': 1000, 'player_num': 1, 'source': 'bumpers'}
2026-05-11 15:20:40,564 : INFO : EventManager : Event: ======'playfield_active'====== Args={'source': None}
2026-05-11 15:20:40,591 : INFO : SwitchController : <<<<<<< 's_bumper_right' inactive >>>>>>>
2026-05-11 15:20:40,652 : INFO : EventManager : Event: ======'player_pilot_mission_qualifier_post_plunge_orbit_lockout_tick'====== Args={'value': 2, 'prev_value': 1, 'change': 1, 'player_num': 1}
2026-05-11 15:20:40,652 : INFO : EventManager : Event: ======'timer_post_plunge_orbit_lockout_tick'====== Args={'ticks': 2, 'ticks_remaining': 1}
2026-05-11 15:20:40,652 : INFO : EventManager : Event: ======'player_ball_save_ball_save_countdown_tick'====== Args={'value': 18, 'prev_value': 19, 'change': -1, 'player_num': 1}
2026-05-11 15:20:40,654 : INFO : EventManager : Event: ======'timer_ball_save_countdown_tick'====== Args={'ticks': 18, 'ticks_remaining': 18}
2026-05-11 15:20:40,654 : INFO : SwitchController : <<<<<<< 's_bumper_left' active >>>>>>>
2026-05-11 15:20:40,654 : INFO : EventManager : Event: ======'playfield_active'====== Args={'source': 'bumper_left'}
2026-05-11 15:20:40,654 : INFO : EventManager : Event: ======'s_bumper_left_active'====== Args={}
2026-05-11 15:20:40,654 : INFO : EventManager : Event: ======'sw_playfield_active'====== Args={}
2026-05-11 15:20:40,654 : INFO : EventManager : Event: ======'playfield_active'====== Args={'source': 'pop_left'}
2026-05-11 15:20:40,654 : INFO : EventManager : Event: ======'machine_var_audits_switches_s_bumper_left'====== Args={'value': 11254, 'prev_value': 11253, 'change': 1}
2026-05-11 15:20:40,655 : INFO : EventManager : Event: ======'ball_save_flash_slow'====== Args={'priority': 0}
2026-05-11 15:20:40,655 : INFO : EventManager : Event: ======'player_ball_save_time_remaining'====== Args={'value': 18, 'prev_value': 19, 'change': -1, 'player_num': 1, 'source': 'ball_save'}
2026-05-11 15:20:40,655 : INFO : EventManager : Event: ======'player_shot_bumper_left'====== Args={'value': 1, 'prev_value': 0, 'change': 1, 'player_num': 1}
2026-05-11 15:20:40,656 : INFO : EventManager : Event: ======'machine_var_audits_shots_bumper_left'====== Args={'value': 11223, 'prev_value': 11222, 'change': 1}
2026-05-11 15:20:40,656 : INFO : EventManager : Event: ======'bumper_left_hit'====== Args={'profile': 'default', 'state': 'unlit', 'advancing': True}
2026-05-11 15:20:40,656 : INFO : EventManager : Event: ======'bumper_left_default_hit'====== Args={'profile': 'default', 'state': 'unlit', 'advancing': True}
2026-05-11 15:20:40,656 : INFO : EventManager : Event: ======'bumper_left_default_unlit_hit'====== Args={'profile': 'default', 'state': 'unlit', 'advancing': True}
2026-05-11 15:20:40,656 : INFO : EventManager : Event: ======'bumper_left_unlit_hit'====== Args={'profile': 'default', 'state': 'unlit', 'advancing': True}
2026-05-11 15:20:40,656 : INFO : EventManager : Event: ======'player_pop_bumper_hits_total'====== Args={'value': 2, 'prev_value': 1, 'change': 1, 'player_num': 1, 'source': 'hard_deck_qualifiers'}
2026-05-11 15:20:40,656 : INFO : EventManager : Event: ======'player_hd_sw_bump_left'====== Args={'value': 1, 'prev_value': 0, 'change': 1, 'player_num': 1, 'source': 'hard_deck_qualifiers'}
2026-05-11 15:20:40,656 : INFO : EventManager : Event: ======'player_score'====== Args={'value': 166000, 'prev_value': 165000, 'change': 1000, 'player_num': 1, 'source': 'base'}
2026-05-11 15:20:40,656 : INFO : EventManager : Event: ======'player_bonus_switches_count'====== Args={'value': 4, 'prev_value': 3, 'change': 1, 'player_num': 1, 'source': 'base'}
2026-05-11 15:20:40,657 : INFO : EventManager : Event: ======'bumpers_hit'====== Args={'shot': 'bumper_left'}
2026-05-11 15:20:40,657 : INFO : EventManager : Event: ======'bumpers_unlit_hit'====== Args={'shot': 'bumper_left'}
2026-05-11 15:20:40,657 : INFO : EventManager : Event: ======'player_score'====== Args={'value': 167000, 'prev_value': 166000, 'change': 1000, 'player_num': 1, 'source': 'bumpers'}
2026-05-11 15:20:40,657 : INFO : EventManager : Event: ======'playfield_active'====== Args={'source': None}
2026-05-11 15:20:40,685 : INFO : SwitchController : <<<<<<< 's_bumper_left' inactive >>>>>>>
2026-05-11 15:20:41,155 : INFO : EventManager : Event: ======'player_pilot_mission_qualifier_right_orbit_shot_timeout_tick'====== Args={'value': 2, 'prev_value': 1, 'change': 1, 'player_num': 1}
2026-05-11 15:20:41,156 : INFO : EventManager : Event: ======'timer_right_orbit_shot_timeout_tick'====== Args={'ticks': 2, 'ticks_remaining': 1}
2026-05-11 15:20:41,156 : INFO : EventManager : Event: ======'player_iceman_letters_right_orbit_lockout_timer_tick'====== Args={'value': 2, 'prev_value': 1, 'change': 1, 'player_num': 1}
2026-05-11 15:20:41,156 : INFO : EventManager : Event: ======'timer_right_orbit_lockout_timer_tick'====== Args={'ticks': 2, 'ticks_remaining': 1}
2026-05-11 15:20:41,657 : INFO : EventManager : Event: ======'player_ball_save_ball_save_countdown_tick'====== Args={'value': 17, 'prev_value': 18, 'change': -1, 'player_num': 1}
2026-05-11 15:20:41,658 : INFO : EventManager : Event: ======'timer_ball_save_countdown_tick'====== Args={'ticks': 17, 'ticks_remaining': 17}
2026-05-11 15:20:41,658 : INFO : EventManager : Event: ======'player_pilot_mission_qualifier_post_plunge_orbit_lockout_tick'====== Args={'value': 3, 'prev_value': 2, 'change': 1, 'player_num': 1}
2026-05-11 15:20:41,658 : INFO : Timer.post_plunge_orbit_lockout : Timer Complete
2026-05-11 15:20:41,658 : INFO : Timer.post_plunge_orbit_lockout : Stopping Timer
2026-05-11 15:20:41,658 : INFO : EventManager : Event: ======'timer_post_plunge_orbit_lockout_stopped'====== Args={'ticks': 3, 'ticks_remaining': 1}
2026-05-11 15:20:41,658 : INFO : EventManager : Event: ======'timer_post_plunge_orbit_lockout_complete'====== Args={'ticks': 3, 'ticks_remaining': 1}
2026-05-11 15:20:41,659 : INFO : EventManager : Event: ======'ball_save_flash_slow'====== Args={'priority': 0}
2026-05-11 15:20:41,659 : INFO : EventManager : Event: ======'player_ball_save_time_remaining'====== Args={'value': 17, 'prev_value': 18, 'change': -1, 'player_num': 1, 'source': 'ball_save'}
2026-05-11 15:20:41,659 : INFO : ball_device.bd_plunger : State: failed_confirm
2026-05-11 15:20:41,659 : INFO : ball_device.bd_plunger : Got timeout (3.0s) before confirm from <playfield.playfield>
2026-05-11 15:20:41,749 : INFO : ball_device.bd_plunger : Confirming eject because target is playfield and ball did not return.
2026-05-11 15:20:41,749 : INFO : ball_device.bd_plunger : Eject successful
2026-05-11 15:20:41,749 : INFO : EventManager : Event: ======'balldevice_bd_plunger_ball_eject_success'====== Args={'balls': 1, 'target': <playfield.playfield>}
2026-05-11 15:20:41,750 : INFO : EventManager : Event: ======'balldevice_playfield_ball_enter'====== Args={'new_balls': 1, 'unclaimed_balls': 1, 'device': <playfield.playfield>}
2026-05-11 15:20:41,751 : INFO : EventManager : Event: ======'playfield_ball_count_change'====== Args={'balls': 1, 'change': 1}
2026-05-11 15:20:41,752 : INFO : EventManager : Event: ======'balldevice_bd_plunger_ball_count_changed'====== Args={'balls': 0}
2026-05-11 15:20:41,752 : INFO : ball_device.bd_plunger : State: idle
2026-05-11 15:20:42,154 : INFO : EventManager : Event: ======'player_iceman_letters_right_orbit_lockout_timer_tick'====== Args={'value': 3, 'prev_value': 2, 'change': 1, 'player_num': 1}
2026-05-11 15:20:42,155 : INFO : Timer.right_orbit_lockout_timer : Timer Complete
2026-05-11 15:20:42,155 : INFO : Timer.right_orbit_lockout_timer : Stopping Timer
2026-05-11 15:20:42,155 : INFO : EventManager : Event: ======'timer_right_orbit_lockout_timer_stopped'====== Args={'ticks': 3, 'ticks_remaining': 1}
2026-05-11 15:20:42,155 : INFO : EventManager : Event: ======'timer_right_orbit_lockout_timer_complete'====== Args={'ticks': 3, 'ticks_remaining': 1}
2026-05-11 15:20:42,156 : INFO : EventManager : Event: ======'player_pilot_mission_qualifier_right_orbit_shot_timeout_tick'====== Args={'value': 3, 'prev_value': 2, 'change': 1, 'player_num': 1}
2026-05-11 15:20:42,156 : INFO : Timer.right_orbit_shot_timeout : Timer Complete
2026-05-11 15:20:42,156 : INFO : Timer.right_orbit_shot_timeout : Stopping Timer
2026-05-11 15:20:42,156 : INFO : EventManager : Event: ======'timer_right_orbit_shot_timeout_stopped'====== Args={'ticks': 3, 'ticks_remaining': 1}
2026-05-11 15:20:42,156 : INFO : EventManager : Event: ======'timer_right_orbit_shot_timeout_complete'====== Args={'ticks': 3, 'ticks_remaining': 1}
2026-05-11 15:20:42,157 : INFO : EventManager : Event: ======'player_right_post_locked_out'====== Args={'value': 0, 'prev_value': 1, 'change': -1, 'player_num': 1, 'source': 'iceman_letters'}
2026-05-11 15:20:42,216 : INFO : EventManager : Event: ======'slide_mode_points_scored_inactive'====== Args={'is_removing': True, '_from_bcp': True}
2026-05-11 15:20:42,216 : INFO : EventManager : Event: ======'slide_mach_1_active'====== Args={'_from_bcp': True}
2026-05-11 15:20:42,217 : INFO : EventManager : Event: ======'slide_mode_points_scored_removed'====== Args={'_from_bcp': True}
2026-05-11 15:20:42,659 : INFO : EventManager : Event: ======'player_ball_save_ball_save_countdown_tick'====== Args={'value': 16, 'prev_value': 17, 'change': -1, 'player_num': 1}
2026-05-11 15:20:42,660 : INFO : EventManager : Event: ======'timer_ball_save_countdown_tick'====== Args={'ticks': 16, 'ticks_remaining': 16}
2026-05-11 15:20:42,660 : INFO : EventManager : Event: ======'ball_save_flash_slow'====== Args={'priority': 0}
2026-05-11 15:20:42,660 : INFO : EventManager : Event: ======'player_ball_save_time_remaining'====== Args={'value': 16, 'prev_value': 17, 'change': -1, 'player_num': 1, 'source': 'ball_save'}
2026-05-11 15:20:43,041 : INFO : EventManager : Event: ======'slide_skillshot_mig_hit_removed'====== Args={'_from_bcp': True}
2026-05-11 15:20:43,049 : INFO : EventManager : Event: ======'start_bg_video'====== Args={'_from_bcp': True}
2026-05-11 15:20:43,049 : INFO : EventManager : Event: ======'new_video'====== Args={'_from_bcp': True}
2026-05-11 15:20:43,646 : INFO : EventManager : Event: ======'player_ball_save_ball_save_countdown_tick'====== Args={'value': 15, 'prev_value': 16, 'change': -1, 'player_num': 1}
2026-05-11 15:20:43,646 : INFO : EventManager : Event: ======'timer_ball_save_countdown_tick'====== Args={'ticks': 15, 'ticks_remaining': 15}
2026-05-11 15:20:43,647 : INFO : EventManager : Event: ======'ball_save_flash_slow'====== Args={'priority': 0}
2026-05-11 15:20:43,647 : INFO : EventManager : Event: ======'player_ball_save_time_remaining'====== Args={'value': 15, 'prev_value': 16, 'change': -1, 'player_num': 1, 'source': 'ball_save'}
2026-05-11 15:20:44,648 : INFO : EventManager : Event: ======'player_ball_save_ball_save_countdown_tick'====== Args={'value': 14, 'prev_value': 15, 'change': -1, 'player_num': 1}
2026-05-11 15:20:44,648 : INFO : EventManager : Event: ======'timer_ball_save_countdown_tick'====== Args={'ticks': 14, 'ticks_remaining': 14}
2026-05-11 15:20:44,649 : INFO : EventManager : Event: ======'ball_save_flash_slow'====== Args={'priority': 0}
2026-05-11 15:20:44,649 : INFO : EventManager : Event: ======'player_ball_save_time_remaining'====== Args={'value': 14, 'prev_value': 15, 'change': -1, 'player_num': 1, 'source': 'ball_save'}
2026-05-11 15:20:44,773 : INFO : SwitchController : <<<<<<< 's_orbit_left' active >>>>>>>
2026-05-11 15:20:44,773 : INFO : EventManager : Event: ======'s_orbit_left_active'====== Args={}
2026-05-11 15:20:44,773 : INFO : EventManager : Event: ======'sw_playfield_active'====== Args={}
2026-05-11 15:20:44,775 : INFO : EventManager : Event: ======'machine_var_audits_switches_s_orbit_left'====== Args={'value': 8480, 'prev_value': 8479, 'change': 1}
2026-05-11 15:20:44,776 : INFO : EventManager : Event: ======'player_previous_switch_type'====== Args={'value': 1, 'prev_value': 0, 'change': 1, 'player_num': 1, 'source': 'pilot_mission_qualifier'}
2026-05-11 15:20:44,777 : INFO : EventManager : Event: ======'player_hd_sw_orbit_left'====== Args={'value': 1, 'prev_value': 0, 'change': 1, 'player_num': 1, 'source': 'hard_deck_qualifiers'}
2026-05-11 15:20:44,777 : INFO : EventManager : Event: ======'player_score'====== Args={'value': 175000, 'prev_value': 167000, 'change': 8000, 'player_num': 1, 'source': 'base'}
2026-05-11 15:20:44,777 : INFO : EventManager : Event: ======'player_bonus_switches_count'====== Args={'value': 5, 'prev_value': 4, 'change': 1, 'player_num': 1, 'source': 'base'}
2026-05-11 15:20:44,777 : INFO : Timer.left_orbit_shot_timeout : Starting Timer.
2026-05-11 15:20:44,777 : INFO : EventManager : Event: ======'timer_left_orbit_shot_timeout_started'====== Args={'ticks': 0, 'ticks_remaining': 3}
2026-05-11 15:20:44,778 : INFO : EventManager : Event: ======'timer_left_orbit_shot_timeout_tick'====== Args={'ticks': 0, 'ticks_remaining': 3}
2026-05-11 15:20:44,805 : INFO : SwitchController : <<<<<<< 's_orbit_left' inactive >>>>>>>
2026-05-11 15:20:45,162 : INFO : SwitchController : <<<<<<< 's_orbit_right' active >>>>>>>
2026-05-11 15:20:45,162 : INFO : EventManager : Event: ======'s_orbit_right_active'====== Args={}
2026-05-11 15:20:45,162 : INFO : EventManager : Event: ======'sw_playfield_active'====== Args={}
2026-05-11 15:20:45,162 : INFO : EventManager : Event: ======'machine_var_audits_switches_s_orbit_right'====== Args={'value': 6969, 'prev_value': 6968, 'change': 1}
2026-05-11 15:20:45,163 : INFO : EventManager : Event: ======'left_orbit_shot_hit'====== Args={'priority': 0}
2026-05-11 15:20:45,163 : INFO : EventManager : Event: ======'timer_left_orbit_shot_timeout_stop'====== Args={'priority': 0}
2026-05-11 15:20:45,163 : INFO : EventManager : Event: ======'player_previous_switch_type'====== Args={'value': 0, 'prev_value': 1, 'change': -1, 'player_num': 1, 'source': 'pilot_mission_qualifier'}
2026-05-11 15:20:45,163 : INFO : EventManager : Event: ======'restart_right_orbit_lockout_timer'====== Args={'priority': 0}
2026-05-11 15:20:45,163 : INFO : EventManager : Event: ======'player_right_post_locked_out'====== Args={'value': 1, 'prev_value': 0, 'change': 1, 'player_num': 1, 'source': 'iceman_letters'}
2026-05-11 15:20:45,163 : INFO : EventManager : Event: ======'player_hd_sw_orbit_right'====== Args={'value': 2, 'prev_value': 1, 'change': 1, 'player_num': 1, 'source': 'hard_deck_qualifiers'}
2026-05-11 15:20:45,165 : INFO : EventManager : Event: ======'player_score'====== Args={'value': 183000, 'prev_value': 175000, 'change': 8000, 'player_num': 1, 'source': 'base'}
2026-05-11 15:20:45,165 : INFO : EventManager : Event: ======'player_bonus_switches_count'====== Args={'value': 6, 'prev_value': 5, 'change': 1, 'player_num': 1, 'source': 'base'}
2026-05-11 15:20:45,165 : INFO : EventManager : Event: ======'player_pilot_mission_qualifier_right_orbit_shot_timeout_tick'====== Args={'value': 0, 'prev_value': 3, 'change': -3, 'player_num': 1}
2026-05-11 15:20:45,165 : INFO : Timer.right_orbit_shot_timeout : Starting Timer.
2026-05-11 15:20:45,165 : INFO : EventManager : Event: ======'timer_right_orbit_shot_timeout_started'====== Args={'ticks': 0, 'ticks_remaining': 3}
2026-05-11 15:20:45,165 : INFO : EventManager : Event: ======'timer_right_orbit_shot_timeout_tick'====== Args={'ticks': 0, 'ticks_remaining': 3}
2026-05-11 15:20:45,165 : INFO : EventManager : Event: ======'player_orbit_shot_lockout'====== Args={'value': 1, 'prev_value': 0, 'change': 1, 'player_num': 1, 'source': 'pilot_mission_qualifier'}
2026-05-11 15:20:45,166 : INFO : EventManager : Event: ======'player_topgun_shots_collected'====== Args={'value': 6, 'prev_value': 5, 'change': 1, 'player_num': 1, 'source': 'pilot_mission_qualifier'}
2026-05-11 15:20:45,166 : INFO : Timer.orbit_shot_lockout_timer : Starting Timer.
2026-05-11 15:20:45,166 : INFO : EventManager : Event: ======'timer_orbit_shot_lockout_timer_started'====== Args={'ticks': 0, 'ticks_remaining': 1}
2026-05-11 15:20:45,166 : INFO : EventManager : Event: ======'timer_orbit_shot_lockout_timer_tick'====== Args={'ticks': 0, 'ticks_remaining': 1}
2026-05-11 15:20:45,166 : INFO : EventManager : Event: ======'topgun_letter_n_lit'====== Args={'priority': 0}
2026-05-11 15:20:45,166 : INFO : EventManager : Event: ======'topgun_pick_start'====== Args={'priority': 0}
2026-05-11 15:20:45,167 : INFO : EventManager : Event: ======'topgun_start_cool_under_pressure'====== Args={}
2026-05-11 15:20:45,167 : INFO : EventManager : Event: ======'qualify_cool_under_pressure'====== Args={'priority': 0}
2026-05-11 15:20:45,167 : INFO : EventManager : Event: ======'topgun_qualified'====== Args={'priority': 0}
2026-05-11 15:20:45,168 : INFO : EventManager : Event: ======'player_qualified_mode_number'====== Args={'value': 3, 'prev_value': 0, 'change': 3, 'player_num': 1, 'source': 'pilot_mission_qualifier'}
2026-05-11 15:20:45,168 : INFO : EventManager : Event: ======'player_topgun_shots_collected'====== Args={'value': 0, 'prev_value': 6, 'change': -6, 'player_num': 1, 'source': 'pilot_mission_qualifier'}
2026-05-11 15:20:45,168 : INFO : EventManager : Event: ======'player_topgun_letter_t'====== Args={'value': 0, 'prev_value': 0, 'change': 0, 'player_num': 1, 'source': 'pilot_mission_qualifier'}
2026-05-11 15:20:45,168 : INFO : EventManager : Event: ======'player_topgun_letter_o'====== Args={'value': 0, 'prev_value': 0, 'change': 0, 'player_num': 1, 'source': 'pilot_mission_qualifier'}
2026-05-11 15:20:45,168 : INFO : EventManager : Event: ======'player_topgun_letter_p'====== Args={'value': 0, 'prev_value': 0, 'change': 0, 'player_num': 1, 'source': 'pilot_mission_qualifier'}
2026-05-11 15:20:45,168 : INFO : EventManager : Event: ======'player_topgun_letter_g'====== Args={'value': 0, 'prev_value': 0, 'change': 0, 'player_num': 1, 'source': 'pilot_mission_qualifier'}
2026-05-11 15:20:45,168 : INFO : EventManager : Event: ======'player_topgun_letter_u'====== Args={'value': 0, 'prev_value': 0, 'change': 0, 'player_num': 1, 'source': 'pilot_mission_qualifier'}
2026-05-11 15:20:45,169 : INFO : EventManager : Event: ======'player_topgun_letter_n'====== Args={'value': 0, 'prev_value': 0, 'change': 0, 'player_num': 1, 'source': 'pilot_mission_qualifier'}
2026-05-11 15:20:45,169 : INFO : EventManager : Event: ======'update_training_qual_lights'====== Args={'priority': 0}
2026-05-11 15:20:45,169 : INFO : coil.c_mode_barrier : Enabling Driver with power 0.25 (pulse_ms 45ms and pulse_power 0.75)
2026-05-11 15:20:45,170 : INFO : EventManager : Event: ======'update_training_qual_lights'====== Args={'priority': 0}
2026-05-11 15:20:45,170 : INFO : EventManager : Event: ======'player_score'====== Args={'value': 283000, 'prev_value': 183000, 'change': 100000, 'player_num': 1, 'source': 'pilot_mission_qualifier'}
2026-05-11 15:20:45,170 : INFO : EventManager : Event: ======'player_topgun_spinner_hits'====== Args={'value': 0, 'prev_value': 0, 'change': 0, 'player_num': 1, 'source': 'pilot_mission_qualifier'}
2026-05-11 15:20:45,171 : INFO : EventManager : Event: ======'player_iceman_letters_right_orbit_lockout_timer_tick'====== Args={'value': 0, 'prev_value': 3, 'change': -3, 'player_num': 1}
2026-05-11 15:20:45,171 : INFO : Timer.right_orbit_lockout_timer : Starting Timer.
2026-05-11 15:20:45,171 : INFO : EventManager : Event: ======'timer_right_orbit_lockout_timer_started'====== Args={'ticks': 0, 'ticks_remaining': 3}
2026-05-11 15:20:45,171 : INFO : EventManager : Event: ======'timer_right_orbit_lockout_timer_tick'====== Args={'ticks': 0, 'ticks_remaining': 3}
2026-05-11 15:20:45,171 : INFO : EventManager : Event: ======'player_hd_switches_completed'====== Args={'value': 1, 'prev_value': 0, 'change': 1, 'player_num': 1, 'source': 'hard_deck_qualifiers'}
2026-05-11 15:20:45,177 : INFO : EventManager : Event: ======'slide_topgun_5_removed'====== Args={'_from_bcp': True}
2026-05-11 15:20:45,189 : INFO : EventManager : Event: ======'slide_topgun_6_created'====== Args={'_from_bcp': True}
2026-05-11 15:20:45,209 : INFO : SwitchController : <<<<<<< 's_orbit_right' inactive >>>>>>>
2026-05-11 15:20:45,647 : INFO : EventManager : Event: ======'player_ball_save_ball_save_countdown_tick'====== Args={'value': 13, 'prev_value': 14, 'change': -1, 'player_num': 1}
2026-05-11 15:20:45,647 : INFO : EventManager : Event: ======'timer_ball_save_countdown_tick'====== Args={'ticks': 13, 'ticks_remaining': 13}
2026-05-11 15:20:45,647 : INFO : EventManager : Event: ======'player_pilot_mission_qualifier_orbit_shot_lockout_timer_tick'====== Args={'value': 1, 'prev_value': 0, 'change': 1, 'player_num': 1}
2026-05-11 15:20:45,648 : INFO : Timer.orbit_shot_lockout_timer : Timer Complete
2026-05-11 15:20:45,648 : INFO : Timer.orbit_shot_lockout_timer : Stopping Timer
2026-05-11 15:20:45,648 : INFO : EventManager : Event: ======'timer_orbit_shot_lockout_timer_stopped'====== Args={'ticks': 1, 'ticks_remaining': 1}
2026-05-11 15:20:45,648 : INFO : EventManager : Event: ======'timer_orbit_shot_lockout_timer_complete'====== Args={'ticks': 1, 'ticks_remaining': 1}
2026-05-11 15:20:45,648 : INFO : EventManager : Event: ======'ball_save_flash_slow'====== Args={'priority': 0}
2026-05-11 15:20:45,649 : INFO : EventManager : Event: ======'player_ball_save_time_remaining'====== Args={'value': 13, 'prev_value': 14, 'change': -1, 'player_num': 1, 'source': 'ball_save'}
2026-05-11 15:20:45,649 : INFO : EventManager : Event: ======'player_orbit_shot_lockout'====== Args={'value': 0, 'prev_value': 1, 'change': -1, 'player_num': 1, 'source': 'pilot_mission_qualifier'}
2026-05-11 15:20:45,758 : INFO : SwitchController : <<<<<<< 's_lane_right' active >>>>>>>
2026-05-11 15:20:45,758 : INFO : EventManager : Event: ======'s_lane_right_active'====== Args={}
2026-05-11 15:20:45,758 : INFO : EventManager : Event: ======'sw_playfield_active'====== Args={}
2026-05-11 15:20:45,759 : INFO : EventManager : Event: ======'machine_var_audits_switches_s_lane_right'====== Args={'value': 4619, 'prev_value': 4618, 'change': 1}
2026-05-11 15:20:45,760 : INFO : EventManager : Event: ======'player_score'====== Args={'value': 288000, 'prev_value': 283000, 'change': 5000, 'player_num': 1, 'source': 'base'}
2026-05-11 15:20:45,760 : INFO : EventManager : Event: ======'player_bonus_switches_count'====== Args={'value': 7, 'prev_value': 6, 'change': 1, 'player_num': 1, 'source': 'base'}
2026-05-11 15:20:45,774 : INFO : EventManager : Event: ======'player_pilot_mission_qualifier_left_orbit_shot_timeout_tick'====== Args={'value': 1, 'prev_value': 0, 'change': 1, 'player_num': 1}
2026-05-11 15:20:45,775 : INFO : EventManager : Event: ======'timer_left_orbit_shot_timeout_tick'====== Args={'ticks': 1, 'ticks_remaining': 2}
2026-05-11 15:20:45,795 : INFO : SwitchController : <<<<<<< 's_lane_right' inactive >>>>>>>
2026-05-11 15:20:46,149 : INFO : EventManager : Event: ======'player_pilot_mission_qualifier_right_orbit_shot_timeout_tick'====== Args={'value': 1, 'prev_value': 0, 'change': 1, 'player_num': 1}
2026-05-11 15:20:46,149 : INFO : EventManager : Event: ======'timer_right_orbit_shot_timeout_tick'====== Args={'ticks': 1, 'ticks_remaining': 2}
2026-05-11 15:20:46,150 : INFO : EventManager : Event: ======'player_iceman_letters_right_orbit_lockout_timer_tick'====== Args={'value': 1, 'prev_value': 0, 'change': 1, 'player_num': 1}
2026-05-11 15:20:46,150 : INFO : EventManager : Event: ======'timer_right_orbit_lockout_timer_tick'====== Args={'ticks': 1, 'ticks_remaining': 2}
2026-05-11 15:20:46,648 : INFO : EventManager : Event: ======'player_ball_save_ball_save_countdown_tick'====== Args={'value': 12, 'prev_value': 13, 'change': -1, 'player_num': 1}
2026-05-11 15:20:46,649 : INFO : EventManager : Event: ======'timer_ball_save_countdown_tick'====== Args={'ticks': 12, 'ticks_remaining': 12}
2026-05-11 15:20:46,649 : INFO : EventManager : Event: ======'ball_save_flash_slow'====== Args={'priority': 0}
2026-05-11 15:20:46,649 : INFO : EventManager : Event: ======'player_ball_save_time_remaining'====== Args={'value': 12, 'prev_value': 13, 'change': -1, 'player_num': 1, 'source': 'ball_save'}
2026-05-11 15:20:46,650 : INFO : EventManager : Event: ======'slide_ejection_seat_qualified_removed'====== Args={'_from_bcp': True}
2026-05-11 15:20:46,658 : INFO : EventManager : Event: ======'start_bg_video'====== Args={'_from_bcp': True}
2026-05-11 15:20:46,658 : INFO : EventManager : Event: ======'new_video'====== Args={'_from_bcp': True}
2026-05-11 15:20:46,772 : INFO : EventManager : Event: ======'player_pilot_mission_qualifier_left_orbit_shot_timeout_tick'====== Args={'value': 2, 'prev_value': 1, 'change': 1, 'player_num': 1}
2026-05-11 15:20:46,772 : INFO : EventManager : Event: ======'timer_left_orbit_shot_timeout_tick'====== Args={'ticks': 2, 'ticks_remaining': 1}
2026-05-11 15:20:47,149 : INFO : EventManager : Event: ======'player_iceman_letters_right_orbit_lockout_timer_tick'====== Args={'value': 2, 'prev_value': 1, 'change': 1, 'player_num': 1}
2026-05-11 15:20:47,149 : INFO : EventManager : Event: ======'timer_right_orbit_lockout_timer_tick'====== Args={'ticks': 2, 'ticks_remaining': 1}
2026-05-11 15:20:47,150 : INFO : EventManager : Event: ======'player_pilot_mission_qualifier_right_orbit_shot_timeout_tick'====== Args={'value': 2, 'prev_value': 1, 'change': 1, 'player_num': 1}
2026-05-11 15:20:47,150 : INFO : EventManager : Event: ======'timer_right_orbit_shot_timeout_tick'====== Args={'ticks': 2, 'ticks_remaining': 1}
2026-05-11 15:20:47,181 : INFO : EventManager : Event: ======'player_pilot_mission_qualifier_skillshot_video_running_tick'====== Args={'value': 1, 'prev_value': 0, 'change': 1, 'player_num': 1}
2026-05-11 15:20:47,181 : INFO : Timer.skillshot_video_running : Timer Complete
2026-05-11 15:20:47,181 : INFO : Timer.skillshot_video_running : Stopping Timer
2026-05-11 15:20:47,181 : INFO : EventManager : Event: ======'timer_skillshot_video_running_stopped'====== Args={'ticks': 1, 'ticks_remaining': 1}
2026-05-11 15:20:47,181 : INFO : EventManager : Event: ======'timer_skillshot_video_running_complete'====== Args={'ticks': 1, 'ticks_remaining': 1}
2026-05-11 15:20:47,649 : INFO : EventManager : Event: ======'player_ball_save_ball_save_countdown_tick'====== Args={'value': 11, 'prev_value': 12, 'change': -1, 'player_num': 1}
2026-05-11 15:20:47,649 : INFO : EventManager : Event: ======'timer_ball_save_countdown_tick'====== Args={'ticks': 11, 'ticks_remaining': 11}
2026-05-11 15:20:47,649 : INFO : EventManager : Event: ======'ball_save_flash_slow'====== Args={'priority': 0}
2026-05-11 15:20:47,650 : INFO : EventManager : Event: ======'player_ball_save_time_remaining'====== Args={'value': 11, 'prev_value': 12, 'change': -1, 'player_num': 1, 'source': 'ball_save'}
2026-05-11 15:20:47,774 : INFO : EventManager : Event: ======'player_pilot_mission_qualifier_left_orbit_shot_timeout_tick'====== Args={'value': 3, 'prev_value': 2, 'change': 1, 'player_num': 1}
2026-05-11 15:20:47,774 : INFO : Timer.left_orbit_shot_timeout : Timer Complete
2026-05-11 15:20:47,775 : INFO : Timer.left_orbit_shot_timeout : Stopping Timer
2026-05-11 15:20:47,775 : INFO : EventManager : Event: ======'timer_left_orbit_shot_timeout_stopped'====== Args={'ticks': 3, 'ticks_remaining': 1}
2026-05-11 15:20:47,775 : INFO : EventManager : Event: ======'timer_left_orbit_shot_timeout_complete'====== Args={'ticks': 3, 'ticks_remaining': 1}
2026-05-11 15:20:48,150 : INFO : EventManager : Event: ======'player_pilot_mission_qualifier_right_orbit_shot_timeout_tick'====== Args={'value': 3, 'prev_value': 2, 'change': 1, 'player_num': 1}
2026-05-11 15:20:48,150 : INFO : Timer.right_orbit_shot_timeout : Timer Complete
2026-05-11 15:20:48,150 : INFO : Timer.right_orbit_shot_timeout : Stopping Timer
2026-05-11 15:20:48,150 : INFO : EventManager : Event: ======'timer_right_orbit_shot_timeout_stopped'====== Args={'ticks': 3, 'ticks_remaining': 1}
2026-05-11 15:20:48,151 : INFO : EventManager : Event: ======'timer_right_orbit_shot_timeout_complete'====== Args={'ticks': 3, 'ticks_remaining': 1}
2026-05-11 15:20:48,151 : INFO : EventManager : Event: ======'player_iceman_letters_right_orbit_lockout_timer_tick'====== Args={'value': 3, 'prev_value': 2, 'change': 1, 'player_num': 1}
2026-05-11 15:20:48,151 : INFO : Timer.right_orbit_lockout_timer : Timer Complete
2026-05-11 15:20:48,151 : INFO : Timer.right_orbit_lockout_timer : Stopping Timer
2026-05-11 15:20:48,151 : INFO : EventManager : Event: ======'timer_right_orbit_lockout_timer_stopped'====== Args={'ticks': 3, 'ticks_remaining': 1}
2026-05-11 15:20:48,151 : INFO : EventManager : Event: ======'timer_right_orbit_lockout_timer_complete'====== Args={'ticks': 3, 'ticks_remaining': 1}
2026-05-11 15:20:48,151 : INFO : EventManager : Event: ======'player_right_post_locked_out'====== Args={'value': 0, 'prev_value': 1, 'change': -1, 'player_num': 1, 'source': 'iceman_letters'}
2026-05-11 15:20:48,258 : INFO : SwitchController : <<<<<<< 's_flight_gear_target' active >>>>>>>
2026-05-11 15:20:48,258 : INFO : EventManager : Event: ======'s_flight_gear_target_active'====== Args={}
2026-05-11 15:20:48,258 : INFO : EventManager : Event: ======'sw_playfield_active'====== Args={}
2026-05-11 15:20:48,258 : INFO : EventManager : Event: ======'sw_playfield_active'====== Args={}
2026-05-11 15:20:48,258 : INFO : EventManager : Event: ======'machine_var_audits_switches_s_flight_gear_target'====== Args={'value': 3710, 'prev_value': 3709, 'change': 1}
2026-05-11 15:20:48,260 : INFO : EventManager : Event: ======'stop_all_mode_pulse_shows'====== Args={'priority': 0}
2026-05-11 15:20:48,260 : INFO : EventManager : Event: ======'rotate_qualified_mode_backwards'====== Args={'priority': 0}
2026-05-11 15:20:48,260 : INFO : EventManager : Event: ======'player_hd_sw_flight_gear'====== Args={'value': 1, 'prev_value': 0, 'change': 1, 'player_num': 1, 'source': 'hard_deck_qualifiers'}
2026-05-11 15:20:48,260 : INFO : EventManager : Event: ======'player_score'====== Args={'value': 291000, 'prev_value': 288000, 'change': 3000, 'player_num': 1, 'source': 'base'}
2026-05-11 15:20:48,261 : INFO : EventManager : Event: ======'player_bonus_switches_count'====== Args={'value': 8, 'prev_value': 7, 'change': 1, 'player_num': 1, 'source': 'base'}
2026-05-11 15:20:48,262 : INFO : EventManager : Event: ======'qualify_balls_of_fire'====== Args={'priority': 0}
2026-05-11 15:20:48,263 : INFO : EventManager : Event: ======'player_qualified_mode_number'====== Args={'value': 2, 'prev_value': 3, 'change': -1, 'player_num': 1, 'source': 'pilot_mission_qualifier'}
2026-05-11 15:20:48,263 : INFO : EventManager : Event: ======'update_training_qual_lights'====== Args={'priority': 0}
2026-05-11 15:20:48,352 : INFO : SwitchController : <<<<<<< 's_flight_gear_target' inactive >>>>>>>
2026-05-11 15:20:48,601 : INFO : SwitchController : <<<<<<< 's_flight_gear_target' active >>>>>>>
2026-05-11 15:20:48,601 : INFO : EventManager : Event: ======'s_flight_gear_target_active'====== Args={}
2026-05-11 15:20:48,601 : INFO : EventManager : Event: ======'sw_playfield_active'====== Args={}
2026-05-11 15:20:48,601 : INFO : EventManager : Event: ======'sw_playfield_active'====== Args={}
2026-05-11 15:20:48,601 : INFO : EventManager : Event: ======'machine_var_audits_switches_s_flight_gear_target'====== Args={'value': 3711, 'prev_value': 3710, 'change': 1}
2026-05-11 15:20:48,602 : INFO : EventManager : Event: ======'stop_all_mode_pulse_shows'====== Args={'priority': 0}
2026-05-11 15:20:48,602 : INFO : EventManager : Event: ======'rotate_qualified_mode_backwards'====== Args={'priority': 0}
2026-05-11 15:20:48,603 : INFO : EventManager : Event: ======'player_hd_sw_flight_gear'====== Args={'value': 2, 'prev_value': 1, 'change': 1, 'player_num': 1, 'source': 'hard_deck_qualifiers'}
2026-05-11 15:20:48,603 : INFO : EventManager : Event: ======'player_score'====== Args={'value': 294000, 'prev_value': 291000, 'change': 3000, 'player_num': 1, 'source': 'base'}
2026-05-11 15:20:48,603 : INFO : EventManager : Event: ======'player_bonus_switches_count'====== Args={'value': 9, 'prev_value': 8, 'change': 1, 'player_num': 1, 'source': 'base'}
2026-05-11 15:20:48,605 : INFO : EventManager : Event: ======'qualify_rescue_cougar'====== Args={'priority': 0}
2026-05-11 15:20:48,605 : INFO : EventManager : Event: ======'player_qualified_mode_number'====== Args={'value': 1, 'prev_value': 2, 'change': -1, 'player_num': 1, 'source': 'pilot_mission_qualifier'}
2026-05-11 15:20:48,605 : INFO : EventManager : Event: ======'update_training_qual_lights'====== Args={'priority': 0}
2026-05-11 15:20:48,606 : INFO : EventManager : Event: ======'player_hd_switches_completed'====== Args={'value': 2, 'prev_value': 1, 'change': 1, 'player_num': 1, 'source': 'hard_deck_qualifiers'}
2026-05-11 15:20:48,649 : INFO : EventManager : Event: ======'player_ball_save_ball_save_countdown_tick'====== Args={'value': 10, 'prev_value': 11, 'change': -1, 'player_num': 1}
2026-05-11 15:20:48,649 : INFO : EventManager : Event: ======'timer_ball_save_countdown_tick'====== Args={'ticks': 10, 'ticks_remaining': 10}
2026-05-11 15:20:48,650 : INFO : EventManager : Event: ======'ball_save_flash_slow'====== Args={'priority': 0}
2026-05-11 15:20:48,650 : INFO : EventManager : Event: ======'player_ball_save_time_remaining'====== Args={'value': 10, 'prev_value': 11, 'change': -1, 'player_num': 1, 'source': 'ball_save'}
2026-05-11 15:20:48,665 : INFO : SwitchController : <<<<<<< 's_flight_gear_target' inactive >>>>>>>
2026-05-11 15:20:48,680 : INFO : SwitchController : <<<<<<< 's_flight_gear_target' active >>>>>>>
2026-05-11 15:20:48,680 : INFO : EventManager : Event: ======'s_flight_gear_target_active'====== Args={}
2026-05-11 15:20:48,680 : INFO : EventManager : Event: ======'sw_playfield_active'====== Args={}
2026-05-11 15:20:48,680 : INFO : EventManager : Event: ======'sw_playfield_active'====== Args={}
2026-05-11 15:20:48,680 : INFO : EventManager : Event: ======'machine_var_audits_switches_s_flight_gear_target'====== Args={'value': 3712, 'prev_value': 3711, 'change': 1}
2026-05-11 15:20:48,681 : INFO : SwitchController : <<<<<<< 's_flight_gear_target' inactive >>>>>>>
2026-05-11 15:20:48,681 : INFO : EventManager : Event: ======'stop_all_mode_pulse_shows'====== Args={'priority': 0}
2026-05-11 15:20:48,681 : INFO : EventManager : Event: ======'rotate_qualified_mode_backwards'====== Args={'priority': 0}
2026-05-11 15:20:48,682 : INFO : EventManager : Event: ======'player_score'====== Args={'value': 297000, 'prev_value': 294000, 'change': 3000, 'player_num': 1, 'source': 'base'}
2026-05-11 15:20:48,682 : INFO : EventManager : Event: ======'player_bonus_switches_count'====== Args={'value': 10, 'prev_value': 9, 'change': 1, 'player_num': 1, 'source': 'base'}
2026-05-11 15:20:48,683 : INFO : EventManager : Event: ======'qualify_edge_of_space'====== Args={'priority': 0}
2026-05-11 15:20:48,685 : INFO : EventManager : Event: ======'player_qualified_mode_number'====== Args={'value': 10, 'prev_value': 1, 'change': 9, 'player_num': 1, 'source': 'pilot_mission_qualifier'}
2026-05-11 15:20:48,685 : INFO : EventManager : Event: ======'update_training_qual_lights'====== Args={'priority': 0}
2026-05-11 15:20:48,744 : INFO : SwitchController : <<<<<<< 's_flight_gear_target' active >>>>>>>
2026-05-11 15:20:48,744 : INFO : EventManager : Event: ======'s_flight_gear_target_active'====== Args={}
2026-05-11 15:20:48,744 : INFO : EventManager : Event: ======'sw_playfield_active'====== Args={}
2026-05-11 15:20:48,744 : INFO : EventManager : Event: ======'sw_playfield_active'====== Args={}
2026-05-11 15:20:48,744 : INFO : EventManager : Event: ======'machine_var_audits_switches_s_flight_gear_target'====== Args={'value': 3713, 'prev_value': 3712, 'change': 1}
2026-05-11 15:20:48,745 : INFO : EventManager : Event: ======'stop_all_mode_pulse_shows'====== Args={'priority': 0}
2026-05-11 15:20:48,745 : INFO : EventManager : Event: ======'rotate_qualified_mode_backwards'====== Args={'priority': 0}
2026-05-11 15:20:48,746 : INFO : EventManager : Event: ======'player_score'====== Args={'value': 300000, 'prev_value': 297000, 'change': 3000, 'player_num': 1, 'source': 'base'}
2026-05-11 15:20:48,746 : INFO : EventManager : Event: ======'player_bonus_switches_count'====== Args={'value': 11, 'prev_value': 10, 'change': 1, 'player_num': 1, 'source': 'base'}
2026-05-11 15:20:48,746 : INFO : EventManager : Event: ======'qualify_below_the_hard_deck'====== Args={'priority': 0}
2026-05-11 15:20:48,748 : INFO : EventManager : Event: ======'player_qualified_mode_number'====== Args={'value': 9, 'prev_value': 10, 'change': -1, 'player_num': 1, 'source': 'pilot_mission_qualifier'}
2026-05-11 15:20:48,748 : INFO : EventManager : Event: ======'update_training_qual_lights'====== Args={'priority': 0}
2026-05-11 15:20:48,837 : INFO : SwitchController : <<<<<<< 's_flight_gear_target' inactive >>>>>>>
2026-05-11 15:20:49,039 : INFO : SwitchController : <<<<<<< 's_flight_gear_target' active >>>>>>>
2026-05-11 15:20:49,039 : INFO : EventManager : Event: ======'s_flight_gear_target_active'====== Args={}
2026-05-11 15:20:49,039 : INFO : EventManager : Event: ======'sw_playfield_active'====== Args={}
2026-05-11 15:20:49,039 : INFO : EventManager : Event: ======'sw_playfield_active'====== Args={}
2026-05-11 15:20:49,039 : INFO : EventManager : Event: ======'machine_var_audits_switches_s_flight_gear_target'====== Args={'value': 3714, 'prev_value': 3713, 'change': 1}
2026-05-11 15:20:49,040 : INFO : EventManager : Event: ======'stop_all_mode_pulse_shows'====== Args={'priority': 0}
2026-05-11 15:20:49,040 : INFO : EventManager : Event: ======'rotate_qualified_mode_backwards'====== Args={'priority': 0}
2026-05-11 15:20:49,041 : INFO : EventManager : Event: ======'player_score'====== Args={'value': 303000, 'prev_value': 300000, 'change': 3000, 'player_num': 1, 'source': 'base'}
2026-05-11 15:20:49,041 : INFO : EventManager : Event: ======'player_bonus_switches_count'====== Args={'value': 12, 'prev_value': 11, 'change': 1, 'player_num': 1, 'source': 'base'}
2026-05-11 15:20:49,041 : INFO : EventManager : Event: ======'qualify_canyon_run'====== Args={'priority': 0}
2026-05-11 15:20:49,043 : INFO : EventManager : Event: ======'player_qualified_mode_number'====== Args={'value': 8, 'prev_value': 9, 'change': -1, 'player_num': 1, 'source': 'pilot_mission_qualifier'}
2026-05-11 15:20:49,045 : INFO : EventManager : Event: ======'update_training_qual_lights'====== Args={'priority': 0}
2026-05-11 15:20:49,101 : INFO : SwitchController : <<<<<<< 's_flight_gear_target' inactive >>>>>>>
2026-05-11 15:20:49,178 : INFO : SwitchController : <<<<<<< 's_flight_gear_target' active >>>>>>>
2026-05-11 15:20:49,178 : INFO : EventManager : Event: ======'s_flight_gear_target_active'====== Args={}
2026-05-11 15:20:49,179 : INFO : EventManager : Event: ======'sw_playfield_active'====== Args={}
2026-05-11 15:20:49,179 : INFO : EventManager : Event: ======'sw_playfield_active'====== Args={}
2026-05-11 15:20:49,179 : INFO : EventManager : Event: ======'machine_var_audits_switches_s_flight_gear_target'====== Args={'value': 3715, 'prev_value': 3714, 'change': 1}
2026-05-11 15:20:49,180 : INFO : EventManager : Event: ======'stop_all_mode_pulse_shows'====== Args={'priority': 0}
2026-05-11 15:20:49,180 : INFO : EventManager : Event: ======'rotate_qualified_mode_backwards'====== Args={'priority': 0}
2026-05-11 15:20:49,180 : INFO : EventManager : Event: ======'player_score'====== Args={'value': 306000, 'prev_value': 303000, 'change': 3000, 'player_num': 1, 'source': 'base'}
2026-05-11 15:20:49,180 : INFO : EventManager : Event: ======'player_bonus_switches_count'====== Args={'value': 13, 'prev_value': 12, 'change': 1, 'player_num': 1, 'source': 'base'}
2026-05-11 15:20:49,181 : INFO : EventManager : Event: ======'qualify_rise_of_phoenix'====== Args={'priority': 0}
2026-05-11 15:20:49,183 : INFO : EventManager : Event: ======'player_qualified_mode_number'====== Args={'value': 7, 'prev_value': 8, 'change': -1, 'player_num': 1, 'source': 'pilot_mission_qualifier'}
2026-05-11 15:20:49,183 : INFO : EventManager : Event: ======'update_training_qual_lights'====== Args={'priority': 0}
2026-05-11 15:20:49,305 : INFO : SwitchController : <<<<<<< 's_flight_gear_target' inactive >>>>>>>
2026-05-11 15:20:49,320 : INFO : SwitchController : <<<<<<< 's_flight_gear_target' active >>>>>>>
2026-05-11 15:20:49,320 : INFO : EventManager : Event: ======'s_flight_gear_target_active'====== Args={}
2026-05-11 15:20:49,320 : INFO : EventManager : Event: ======'sw_playfield_active'====== Args={}
2026-05-11 15:20:49,320 : INFO : EventManager : Event: ======'sw_playfield_active'====== Args={}
2026-05-11 15:20:49,320 : INFO : EventManager : Event: ======'machine_var_audits_switches_s_flight_gear_target'====== Args={'value': 3716, 'prev_value': 3715, 'change': 1}
2026-05-11 15:20:49,321 : INFO : EventManager : Event: ======'stop_all_mode_pulse_shows'====== Args={'priority': 0}
2026-05-11 15:20:49,321 : INFO : EventManager : Event: ======'rotate_qualified_mode_backwards'====== Args={'priority': 0}
2026-05-11 15:20:49,321 : INFO : EventManager : Event: ======'player_score'====== Args={'value': 309000, 'prev_value': 306000, 'change': 3000, 'player_num': 1, 'source': 'base'}
2026-05-11 15:20:49,321 : INFO : EventManager : Event: ======'player_bonus_switches_count'====== Args={'value': 14, 'prev_value': 13, 'change': 1, 'player_num': 1, 'source': 'base'}
2026-05-11 15:20:49,324 : INFO : EventManager : Event: ======'qualify_no_margin_for_error'====== Args={'priority': 0}
2026-05-11 15:20:49,325 : INFO : EventManager : Event: ======'player_qualified_mode_number'====== Args={'value': 6, 'prev_value': 7, 'change': -1, 'player_num': 1, 'source': 'pilot_mission_qualifier'}
2026-05-11 15:20:49,325 : INFO : EventManager : Event: ======'update_training_qual_lights'====== Args={'priority': 0}
2026-05-11 15:20:49,328 : INFO : SwitchController : <<<<<<< 's_flight_gear_target' inactive >>>>>>>
2026-05-11 15:20:49,400 : INFO : SwitchController : <<<<<<< 's_flight_gear_target' active >>>>>>>
2026-05-11 15:20:49,400 : INFO : EventManager : Event: ======'s_flight_gear_target_active'====== Args={}
2026-05-11 15:20:49,400 : INFO : EventManager : Event: ======'sw_playfield_active'====== Args={}
2026-05-11 15:20:49,400 : INFO : EventManager : Event: ======'sw_playfield_active'====== Args={}
2026-05-11 15:20:49,400 : INFO : EventManager : Event: ======'machine_var_audits_switches_s_flight_gear_target'====== Args={'value': 3717, 'prev_value': 3716, 'change': 1}
2026-05-11 15:20:49,401 : INFO : EventManager : Event: ======'stop_all_mode_pulse_shows'====== Args={'priority': 0}
2026-05-11 15:20:49,401 : INFO : EventManager : Event: ======'rotate_qualified_mode_backwards'====== Args={'priority': 0}
2026-05-11 15:20:49,401 : INFO : EventManager : Event: ======'player_score'====== Args={'value': 312000, 'prev_value': 309000, 'change': 3000, 'player_num': 1, 'source': 'base'}
2026-05-11 15:20:49,401 : INFO : EventManager : Event: ======'player_bonus_switches_count'====== Args={'value': 15, 'prev_value': 14, 'change': 1, 'player_num': 1, 'source': 'base'}
2026-05-11 15:20:49,403 : INFO : EventManager : Event: ======'qualify_no_points_for_second_place'====== Args={'priority': 0}
2026-05-11 15:20:49,404 : INFO : EventManager : Event: ======'player_qualified_mode_number'====== Args={'value': 5, 'prev_value': 6, 'change': -1, 'player_num': 1, 'source': 'pilot_mission_qualifier'}
2026-05-11 15:20:49,404 : INFO : EventManager : Event: ======'update_training_qual_lights'====== Args={'priority': 0}
2026-05-11 15:20:49,492 : INFO : SwitchController : <<<<<<< 's_flight_gear_target' inactive >>>>>>>
2026-05-11 15:20:49,649 : INFO : EventManager : Event: ======'player_ball_save_ball_save_countdown_tick'====== Args={'value': 9, 'prev_value': 10, 'change': -1, 'player_num': 1}
2026-05-11 15:20:49,649 : INFO : EventManager : Event: ======'timer_ball_save_countdown_tick'====== Args={'ticks': 9, 'ticks_remaining': 9}
2026-05-11 15:20:49,650 : INFO : EventManager : Event: ======'ball_save_flash_slow'====== Args={'priority': 0}
2026-05-11 15:20:49,650 : INFO : EventManager : Event: ======'player_ball_save_time_remaining'====== Args={'value': 9, 'prev_value': 10, 'change': -1, 'player_num': 1, 'source': 'ball_save'}
2026-05-11 15:20:49,946 : INFO : SwitchController : <<<<<<< 's_flight_gear_target' active >>>>>>>
2026-05-11 15:20:49,946 : INFO : EventManager : Event: ======'s_flight_gear_target_active'====== Args={}
2026-05-11 15:20:49,946 : INFO : EventManager : Event: ======'sw_playfield_active'====== Args={}
2026-05-11 15:20:49,946 : INFO : EventManager : Event: ======'sw_playfield_active'====== Args={}
2026-05-11 15:20:49,946 : INFO : EventManager : Event: ======'machine_var_audits_switches_s_flight_gear_target'====== Args={'value': 3718, 'prev_value': 3717, 'change': 1}
2026-05-11 15:20:49,947 : INFO : EventManager : Event: ======'stop_all_mode_pulse_shows'====== Args={'priority': 0}
2026-05-11 15:20:49,947 : INFO : EventManager : Event: ======'rotate_qualified_mode_backwards'====== Args={'priority': 0}
2026-05-11 15:20:49,947 : INFO : EventManager : Event: ======'player_score'====== Args={'value': 315000, 'prev_value': 312000, 'change': 3000, 'player_num': 1, 'source': 'base'}
2026-05-11 15:20:49,947 : INFO : EventManager : Event: ======'player_bonus_switches_count'====== Args={'value': 16, 'prev_value': 15, 'change': 1, 'player_num': 1, 'source': 'base'}
2026-05-11 15:20:49,949 : INFO : EventManager : Event: ======'qualify_battle_jester'====== Args={'priority': 0}
2026-05-11 15:20:49,950 : INFO : EventManager : Event: ======'player_qualified_mode_number'====== Args={'value': 4, 'prev_value': 5, 'change': -1, 'player_num': 1, 'source': 'pilot_mission_qualifier'}
2026-05-11 15:20:49,950 : INFO : EventManager : Event: ======'update_training_qual_lights'====== Args={'priority': 0}
2026-05-11 15:20:50,071 : INFO : SwitchController : <<<<<<< 's_flight_gear_target' inactive >>>>>>>
2026-05-11 15:20:50,071 : INFO : SwitchController : <<<<<<< 's_flight_gear_target' active >>>>>>>
2026-05-11 15:20:50,071 : INFO : EventManager : Event: ======'s_flight_gear_target_active'====== Args={}
2026-05-11 15:20:50,071 : INFO : EventManager : Event: ======'sw_playfield_active'====== Args={}
2026-05-11 15:20:50,071 : INFO : EventManager : Event: ======'sw_playfield_active'====== Args={}
2026-05-11 15:20:50,071 : INFO : EventManager : Event: ======'machine_var_audits_switches_s_flight_gear_target'====== Args={'value': 3719, 'prev_value': 3718, 'change': 1}
2026-05-11 15:20:50,074 : INFO : EventManager : Event: ======'stop_all_mode_pulse_shows'====== Args={'priority': 0}
2026-05-11 15:20:50,074 : INFO : EventManager : Event: ======'rotate_qualified_mode_backwards'====== Args={'priority': 0}
2026-05-11 15:20:50,074 : INFO : EventManager : Event: ======'player_score'====== Args={'value': 318000, 'prev_value': 315000, 'change': 3000, 'player_num': 1, 'source': 'base'}
2026-05-11 15:20:50,074 : INFO : EventManager : Event: ======'player_bonus_switches_count'====== Args={'value': 17, 'prev_value': 16, 'change': 1, 'player_num': 1, 'source': 'base'}
2026-05-11 15:20:50,075 : INFO : EventManager : Event: ======'qualify_cool_under_pressure'====== Args={'priority': 0}
2026-05-11 15:20:50,076 : INFO : EventManager : Event: ======'player_qualified_mode_number'====== Args={'value': 3, 'prev_value': 4, 'change': -1, 'player_num': 1, 'source': 'pilot_mission_qualifier'}
2026-05-11 15:20:50,076 : INFO : EventManager : Event: ======'update_training_qual_lights'====== Args={'priority': 0}
2026-05-11 15:20:50,078 : INFO : SwitchController : <<<<<<< 's_flight_gear_target' inactive >>>>>>>
2026-05-11 15:20:50,149 : INFO : EventManager : Event: ======'topgun_queue_show_1'====== Args={'priority': 0}
2026-05-11 15:20:50,149 : INFO : EventManager : Event: ======'player_topgun_skip_video'====== Args={'value': 0, 'prev_value': 1, 'change': -1, 'player_num': 1, 'source': 'pilot_mission_qualifier'}
2026-05-11 15:20:50,651 : INFO : EventManager : Event: ======'player_ball_save_ball_save_countdown_tick'====== Args={'value': 8, 'prev_value': 9, 'change': -1, 'player_num': 1}
2026-05-11 15:20:50,651 : INFO : EventManager : Event: ======'timer_ball_save_countdown_tick'====== Args={'ticks': 8, 'ticks_remaining': 8}
2026-05-11 15:20:50,652 : INFO : EventManager : Event: ======'ball_save_flash_medium_slow'====== Args={'priority': 0}
2026-05-11 15:20:50,652 : INFO : EventManager : Event: ======'player_ball_save_time_remaining'====== Args={'value': 8, 'prev_value': 9, 'change': -1, 'player_num': 1, 'source': 'ball_save'}
2026-05-11 15:20:50,902 : INFO : SwitchController : <<<<<<< 's_flight_gear_target' active >>>>>>>
2026-05-11 15:20:50,902 : INFO : EventManager : Event: ======'s_flight_gear_target_active'====== Args={}
2026-05-11 15:20:50,902 : INFO : EventManager : Event: ======'sw_playfield_active'====== Args={}
2026-05-11 15:20:50,902 : INFO : EventManager : Event: ======'sw_playfield_active'====== Args={}
2026-05-11 15:20:50,902 : INFO : EventManager : Event: ======'machine_var_audits_switches_s_flight_gear_target'====== Args={'value': 3720, 'prev_value': 3719, 'change': 1}
2026-05-11 15:20:50,903 : INFO : EventManager : Event: ======'stop_all_mode_pulse_shows'====== Args={'priority': 0}
2026-05-11 15:20:50,903 : INFO : EventManager : Event: ======'rotate_qualified_mode_backwards'====== Args={'priority': 0}
2026-05-11 15:20:50,903 : INFO : EventManager : Event: ======'player_score'====== Args={'value': 321000, 'prev_value': 318000, 'change': 3000, 'player_num': 1, 'source': 'base'}
2026-05-11 15:20:50,904 : INFO : EventManager : Event: ======'player_bonus_switches_count'====== Args={'value': 18, 'prev_value': 17, 'change': 1, 'player_num': 1, 'source': 'base'}
2026-05-11 15:20:50,905 : INFO : EventManager : Event: ======'qualify_balls_of_fire'====== Args={'priority': 0}
2026-05-11 15:20:50,906 : INFO : EventManager : Event: ======'player_qualified_mode_number'====== Args={'value': 2, 'prev_value': 3, 'change': -1, 'player_num': 1, 'source': 'pilot_mission_qualifier'}
2026-05-11 15:20:50,906 : INFO : EventManager : Event: ======'update_training_qual_lights'====== Args={'priority': 0}
2026-05-11 15:20:51,011 : INFO : SwitchController : <<<<<<< 's_flight_gear_target' inactive >>>>>>>
2026-05-11 15:20:51,105 : INFO : SwitchController : <<<<<<< 's_flight_gear_target' active >>>>>>>
2026-05-11 15:20:51,105 : INFO : EventManager : Event: ======'s_flight_gear_target_active'====== Args={}
2026-05-11 15:20:51,105 : INFO : EventManager : Event: ======'sw_playfield_active'====== Args={}
2026-05-11 15:20:51,105 : INFO : EventManager : Event: ======'sw_playfield_active'====== Args={}
2026-05-11 15:20:51,105 : INFO : EventManager : Event: ======'machine_var_audits_switches_s_flight_gear_target'====== Args={'value': 3721, 'prev_value': 3720, 'change': 1}
2026-05-11 15:20:51,106 : INFO : EventManager : Event: ======'stop_all_mode_pulse_shows'====== Args={'priority': 0}
2026-05-11 15:20:51,106 : INFO : EventManager : Event: ======'rotate_qualified_mode_backwards'====== Args={'priority': 0}
2026-05-11 15:20:51,106 : INFO : EventManager : Event: ======'player_score'====== Args={'value': 324000, 'prev_value': 321000, 'change': 3000, 'player_num': 1, 'source': 'base'}
2026-05-11 15:20:51,106 : INFO : EventManager : Event: ======'player_bonus_switches_count'====== Args={'value': 19, 'prev_value': 18, 'change': 1, 'player_num': 1, 'source': 'base'}
2026-05-11 15:20:51,109 : INFO : EventManager : Event: ======'qualify_rescue_cougar'====== Args={'priority': 0}
2026-05-11 15:20:51,110 : INFO : EventManager : Event: ======'player_qualified_mode_number'====== Args={'value': 1, 'prev_value': 2, 'change': -1, 'player_num': 1, 'source': 'pilot_mission_qualifier'}
2026-05-11 15:20:51,110 : INFO : EventManager : Event: ======'update_training_qual_lights'====== Args={'priority': 0}
2026-05-11 15:20:51,167 : INFO : SwitchController : <<<<<<< 's_flight_gear_target' inactive >>>>>>>
2026-05-11 15:20:51,244 : INFO : SwitchController : <<<<<<< 's_flight_gear_target' active >>>>>>>
2026-05-11 15:20:51,244 : INFO : EventManager : Event: ======'s_flight_gear_target_active'====== Args={}
2026-05-11 15:20:51,245 : INFO : EventManager : Event: ======'sw_playfield_active'====== Args={}
2026-05-11 15:20:51,245 : INFO : EventManager : Event: ======'sw_playfield_active'====== Args={}
2026-05-11 15:20:51,245 : INFO : EventManager : Event: ======'machine_var_audits_switches_s_flight_gear_target'====== Args={'value': 3722, 'prev_value': 3721, 'change': 1}
2026-05-11 15:20:51,245 : INFO : EventManager : Event: ======'stop_all_mode_pulse_shows'====== Args={'priority': 0}
2026-05-11 15:20:51,245 : INFO : EventManager : Event: ======'rotate_qualified_mode_backwards'====== Args={'priority': 0}
2026-05-11 15:20:51,245 : INFO : EventManager : Event: ======'player_score'====== Args={'value': 327000, 'prev_value': 324000, 'change': 3000, 'player_num': 1, 'source': 'base'}
2026-05-11 15:20:51,246 : INFO : EventManager : Event: ======'player_bonus_switches_count'====== Args={'value': 20, 'prev_value': 19, 'change': 1, 'player_num': 1, 'source': 'base'}
2026-05-11 15:20:51,248 : INFO : EventManager : Event: ======'qualify_edge_of_space'====== Args={'priority': 0}
2026-05-11 15:20:51,248 : INFO : EventManager : Event: ======'player_qualified_mode_number'====== Args={'value': 10, 'prev_value': 1, 'change': 9, 'player_num': 1, 'source': 'pilot_mission_qualifier'}
2026-05-11 15:20:51,248 : INFO : EventManager : Event: ======'update_training_qual_lights'====== Args={'priority': 0}
2026-05-11 15:20:51,290 : INFO : SwitchController : <<<<<<< 's_flight_gear_target' inactive >>>>>>>
2026-05-11 15:20:51,385 : INFO : SwitchController : <<<<<<< 's_flight_gear_target' active >>>>>>>
2026-05-11 15:20:51,385 : INFO : EventManager : Event: ======'s_flight_gear_target_active'====== Args={}
2026-05-11 15:20:51,385 : INFO : EventManager : Event: ======'sw_playfield_active'====== Args={}
2026-05-11 15:20:51,385 : INFO : EventManager : Event: ======'sw_playfield_active'====== Args={}
2026-05-11 15:20:51,385 : INFO : EventManager : Event: ======'machine_var_audits_switches_s_flight_gear_target'====== Args={'value': 3723, 'prev_value': 3722, 'change': 1}
2026-05-11 15:20:51,386 : INFO : EventManager : Event: ======'stop_all_mode_pulse_shows'====== Args={'priority': 0}
2026-05-11 15:20:51,386 : INFO : EventManager : Event: ======'rotate_qualified_mode_backwards'====== Args={'priority': 0}
2026-05-11 15:20:51,386 : INFO : EventManager : Event: ======'player_score'====== Args={'value': 330000, 'prev_value': 327000, 'change': 3000, 'player_num': 1, 'source': 'base'}
2026-05-11 15:20:51,387 : INFO : EventManager : Event: ======'player_bonus_switches_count'====== Args={'value': 21, 'prev_value': 20, 'change': 1, 'player_num': 1, 'source': 'base'}
2026-05-11 15:20:51,387 : INFO : EventManager : Event: ======'qualify_below_the_hard_deck'====== Args={'priority': 0}
2026-05-11 15:20:51,389 : INFO : EventManager : Event: ======'player_qualified_mode_number'====== Args={'value': 9, 'prev_value': 10, 'change': -1, 'player_num': 1, 'source': 'pilot_mission_qualifier'}
2026-05-11 15:20:51,389 : INFO : EventManager : Event: ======'update_training_qual_lights'====== Args={'priority': 0}
2026-05-11 15:20:51,447 : INFO : SwitchController : <<<<<<< 's_flight_gear_target' inactive >>>>>>>
2026-05-11 15:20:51,526 : INFO : SwitchController : <<<<<<< 's_flight_gear_target' active >>>>>>>
2026-05-11 15:20:51,526 : INFO : EventManager : Event: ======'s_flight_gear_target_active'====== Args={}
2026-05-11 15:20:51,526 : INFO : EventManager : Event: ======'sw_playfield_active'====== Args={}
2026-05-11 15:20:51,526 : INFO : EventManager : Event: ======'sw_playfield_active'====== Args={}
2026-05-11 15:20:51,526 : INFO : EventManager : Event: ======'machine_var_audits_switches_s_flight_gear_target'====== Args={'value': 3724, 'prev_value': 3723, 'change': 1}
2026-05-11 15:20:51,527 : INFO : EventManager : Event: ======'stop_all_mode_pulse_shows'====== Args={'priority': 0}
2026-05-11 15:20:51,527 : INFO : EventManager : Event: ======'rotate_qualified_mode_backwards'====== Args={'priority': 0}
2026-05-11 15:20:51,527 : INFO : EventManager : Event: ======'player_score'====== Args={'value': 333000, 'prev_value': 330000, 'change': 3000, 'player_num': 1, 'source': 'base'}
2026-05-11 15:20:51,528 : INFO : EventManager : Event: ======'player_bonus_switches_count'====== Args={'value': 22, 'prev_value': 21, 'change': 1, 'player_num': 1, 'source': 'base'}
2026-05-11 15:20:51,528 : INFO : EventManager : Event: ======'qualify_canyon_run'====== Args={'priority': 0}
2026-05-11 15:20:51,530 : INFO : EventManager : Event: ======'player_qualified_mode_number'====== Args={'value': 8, 'prev_value': 9, 'change': -1, 'player_num': 1, 'source': 'pilot_mission_qualifier'}
2026-05-11 15:20:51,530 : INFO : EventManager : Event: ======'update_training_qual_lights'====== Args={'priority': 0}
2026-05-11 15:20:51,589 : INFO : SwitchController : <<<<<<< 's_flight_gear_target' inactive >>>>>>>
2026-05-11 15:20:51,652 : INFO : EventManager : Event: ======'player_ball_save_ball_save_countdown_tick'====== Args={'value': 7, 'prev_value': 8, 'change': -1, 'player_num': 1}
2026-05-11 15:20:51,652 : INFO : EventManager : Event: ======'timer_ball_save_countdown_tick'====== Args={'ticks': 7, 'ticks_remaining': 7}
2026-05-11 15:20:51,653 : INFO : EventManager : Event: ======'ball_save_flash_medium_slow'====== Args={'priority': 0}
2026-05-11 15:20:51,653 : INFO : EventManager : Event: ======'player_ball_save_time_remaining'====== Args={'value': 7, 'prev_value': 8, 'change': -1, 'player_num': 1, 'source': 'ball_save'}
2026-05-11 15:20:51,683 : INFO : SwitchController : <<<<<<< 's_flight_gear_target' active >>>>>>>
2026-05-11 15:20:51,683 : INFO : EventManager : Event: ======'s_flight_gear_target_active'====== Args={}
2026-05-11 15:20:51,683 : INFO : EventManager : Event: ======'sw_playfield_active'====== Args={}
2026-05-11 15:20:51,683 : INFO : EventManager : Event: ======'sw_playfield_active'====== Args={}
2026-05-11 15:20:51,683 : INFO : EventManager : Event: ======'machine_var_audits_switches_s_flight_gear_target'====== Args={'value': 3725, 'prev_value': 3724, 'change': 1}
2026-05-11 15:20:51,685 : INFO : EventManager : Event: ======'stop_all_mode_pulse_shows'====== Args={'priority': 0}
2026-05-11 15:20:51,685 : INFO : EventManager : Event: ======'rotate_qualified_mode_backwards'====== Args={'priority': 0}
2026-05-11 15:20:51,685 : INFO : EventManager : Event: ======'player_score'====== Args={'value': 336000, 'prev_value': 333000, 'change': 3000, 'player_num': 1, 'source': 'base'}
2026-05-11 15:20:51,685 : INFO : EventManager : Event: ======'player_bonus_switches_count'====== Args={'value': 23, 'prev_value': 22, 'change': 1, 'player_num': 1, 'source': 'base'}
2026-05-11 15:20:51,686 : INFO : EventManager : Event: ======'qualify_rise_of_phoenix'====== Args={'priority': 0}
2026-05-11 15:20:51,688 : INFO : EventManager : Event: ======'player_qualified_mode_number'====== Args={'value': 7, 'prev_value': 8, 'change': -1, 'player_num': 1, 'source': 'pilot_mission_qualifier'}
2026-05-11 15:20:51,688 : INFO : EventManager : Event: ======'update_training_qual_lights'====== Args={'priority': 0}
2026-05-11 15:20:51,746 : INFO : SwitchController : <<<<<<< 's_flight_gear_target' inactive >>>>>>>
2026-05-11 15:20:51,870 : INFO : SwitchController : <<<<<<< 's_flight_gear_target' active >>>>>>>
2026-05-11 15:20:51,870 : INFO : EventManager : Event: ======'s_flight_gear_target_active'====== Args={}
2026-05-11 15:20:51,870 : INFO : EventManager : Event: ======'sw_playfield_active'====== Args={}
2026-05-11 15:20:51,870 : INFO : EventManager : Event: ======'sw_playfield_active'====== Args={}
2026-05-11 15:20:51,870 : INFO : EventManager : Event: ======'machine_var_audits_switches_s_flight_gear_target'====== Args={'value': 3726, 'prev_value': 3725, 'change': 1}
2026-05-11 15:20:51,871 : INFO : EventManager : Event: ======'stop_all_mode_pulse_shows'====== Args={'priority': 0}
2026-05-11 15:20:51,871 : INFO : EventManager : Event: ======'rotate_qualified_mode_backwards'====== Args={'priority': 0}
2026-05-11 15:20:51,871 : INFO : EventManager : Event: ======'player_score'====== Args={'value': 339000, 'prev_value': 336000, 'change': 3000, 'player_num': 1, 'source': 'base'}
2026-05-11 15:20:51,872 : INFO : EventManager : Event: ======'player_bonus_switches_count'====== Args={'value': 24, 'prev_value': 23, 'change': 1, 'player_num': 1, 'source': 'base'}
2026-05-11 15:20:51,873 : INFO : EventManager : Event: ======'qualify_no_margin_for_error'====== Args={'priority': 0}
2026-05-11 15:20:51,875 : INFO : EventManager : Event: ======'player_qualified_mode_number'====== Args={'value': 6, 'prev_value': 7, 'change': -1, 'player_num': 1, 'source': 'pilot_mission_qualifier'}
2026-05-11 15:20:51,875 : INFO : EventManager : Event: ======'update_training_qual_lights'====== Args={'priority': 0}
2026-05-11 15:20:51,933 : INFO : SwitchController : <<<<<<< 's_flight_gear_target' inactive >>>>>>>
2026-05-11 15:20:52,090 : INFO : SwitchController : <<<<<<< 's_flight_gear_target' active >>>>>>>
2026-05-11 15:20:52,090 : INFO : EventManager : Event: ======'s_flight_gear_target_active'====== Args={}
2026-05-11 15:20:52,090 : INFO : EventManager : Event: ======'sw_playfield_active'====== Args={}
2026-05-11 15:20:52,090 : INFO : EventManager : Event: ======'sw_playfield_active'====== Args={}
2026-05-11 15:20:52,090 : INFO : EventManager : Event: ======'machine_var_audits_switches_s_flight_gear_target'====== Args={'value': 3727, 'prev_value': 3726, 'change': 1}
2026-05-11 15:20:52,091 : INFO : EventManager : Event: ======'stop_all_mode_pulse_shows'====== Args={'priority': 0}
2026-05-11 15:20:52,091 : INFO : EventManager : Event: ======'rotate_qualified_mode_backwards'====== Args={'priority': 0}
2026-05-11 15:20:52,091 : INFO : EventManager : Event: ======'player_score'====== Args={'value': 342000, 'prev_value': 339000, 'change': 3000, 'player_num': 1, 'source': 'base'}
2026-05-11 15:20:52,091 : INFO : EventManager : Event: ======'player_bonus_switches_count'====== Args={'value': 25, 'prev_value': 24, 'change': 1, 'player_num': 1, 'source': 'base'}
2026-05-11 15:20:52,093 : INFO : EventManager : Event: ======'qualify_no_points_for_second_place'====== Args={'priority': 0}
2026-05-11 15:20:52,095 : INFO : EventManager : Event: ======'player_qualified_mode_number'====== Args={'value': 5, 'prev_value': 6, 'change': -1, 'player_num': 1, 'source': 'pilot_mission_qualifier'}
2026-05-11 15:20:52,095 : INFO : EventManager : Event: ======'update_training_qual_lights'====== Args={'priority': 0}
2026-05-11 15:20:52,137 : INFO : SwitchController : <<<<<<< 's_flight_gear_target' inactive >>>>>>>
2026-05-11 15:20:52,137 : INFO : SwitchController : <<<<<<< 's_flight_gear_target' active >>>>>>>
2026-05-11 15:20:52,137 : INFO : EventManager : Event: ======'s_flight_gear_target_active'====== Args={}
2026-05-11 15:20:52,137 : INFO : EventManager : Event: ======'sw_playfield_active'====== Args={}
2026-05-11 15:20:52,137 : INFO : EventManager : Event: ======'sw_playfield_active'====== Args={}
2026-05-11 15:20:52,137 : INFO : EventManager : Event: ======'machine_var_audits_switches_s_flight_gear_target'====== Args={'value': 3728, 'prev_value': 3727, 'change': 1}
2026-05-11 15:20:52,138 : INFO : EventManager : Event: ======'stop_all_mode_pulse_shows'====== Args={'priority': 0}
2026-05-11 15:20:52,138 : INFO : EventManager : Event: ======'rotate_qualified_mode_backwards'====== Args={'priority': 0}
2026-05-11 15:20:52,138 : INFO : EventManager : Event: ======'player_score'====== Args={'value': 345000, 'prev_value': 342000, 'change': 3000, 'player_num': 1, 'source': 'base'}
2026-05-11 15:20:52,139 : INFO : EventManager : Event: ======'player_bonus_switches_count'====== Args={'value': 26, 'prev_value': 25, 'change': 1, 'player_num': 1, 'source': 'base'}
2026-05-11 15:20:52,140 : INFO : EventManager : Event: ======'qualify_battle_jester'====== Args={'priority': 0}
2026-05-11 15:20:52,141 : INFO : EventManager : Event: ======'player_qualified_mode_number'====== Args={'value': 4, 'prev_value': 5, 'change': -1, 'player_num': 1, 'source': 'pilot_mission_qualifier'}
2026-05-11 15:20:52,141 : INFO : EventManager : Event: ======'update_training_qual_lights'====== Args={'priority': 0}
2026-05-11 15:20:52,143 : INFO : SwitchController : <<<<<<< 's_flight_gear_target' inactive >>>>>>>
2026-05-11 15:20:52,435 : INFO : SwitchController : <<<<<<< 's_flight_gear_target' active >>>>>>>
2026-05-11 15:20:52,435 : INFO : EventManager : Event: ======'s_flight_gear_target_active'====== Args={}
2026-05-11 15:20:52,435 : INFO : EventManager : Event: ======'sw_playfield_active'====== Args={}
2026-05-11 15:20:52,435 : INFO : EventManager : Event: ======'sw_playfield_active'====== Args={}
2026-05-11 15:20:52,435 : INFO : EventManager : Event: ======'machine_var_audits_switches_s_flight_gear_target'====== Args={'value': 3729, 'prev_value': 3728, 'change': 1}
2026-05-11 15:20:52,436 : INFO : EventManager : Event: ======'stop_all_mode_pulse_shows'====== Args={'priority': 0}
2026-05-11 15:20:52,436 : INFO : EventManager : Event: ======'rotate_qualified_mode_backwards'====== Args={'priority': 0}
2026-05-11 15:20:52,436 : INFO : EventManager : Event: ======'player_score'====== Args={'value': 348000, 'prev_value': 345000, 'change': 3000, 'player_num': 1, 'source': 'base'}
2026-05-11 15:20:52,436 : INFO : EventManager : Event: ======'player_bonus_switches_count'====== Args={'value': 27, 'prev_value': 26, 'change': 1, 'player_num': 1, 'source': 'base'}
2026-05-11 15:20:52,438 : INFO : EventManager : Event: ======'qualify_cool_under_pressure'====== Args={'priority': 0}
2026-05-11 15:20:52,439 : INFO : EventManager : Event: ======'player_qualified_mode_number'====== Args={'value': 3, 'prev_value': 4, 'change': -1, 'player_num': 1, 'source': 'pilot_mission_qualifier'}
2026-05-11 15:20:52,439 : INFO : EventManager : Event: ======'update_training_qual_lights'====== Args={'priority': 0}
2026-05-11 15:20:52,466 : INFO : SwitchController : <<<<<<< 's_flight_gear_target' inactive >>>>>>>
2026-05-11 15:20:52,650 : INFO : EventManager : Event: ======'player_ball_save_ball_save_countdown_tick'====== Args={'value': 6, 'prev_value': 7, 'change': -1, 'player_num': 1}
2026-05-11 15:20:52,650 : INFO : EventManager : Event: ======'timer_ball_save_countdown_tick'====== Args={'ticks': 6, 'ticks_remaining': 6}
2026-05-11 15:20:52,651 : INFO : EventManager : Event: ======'ball_save_flash_medium'====== Args={'priority': 0}
2026-05-11 15:20:52,651 : INFO : EventManager : Event: ======'player_ball_save_time_remaining'====== Args={'value': 6, 'prev_value': 7, 'change': -1, 'player_num': 1, 'source': 'ball_save'}
2026-05-11 15:20:52,883 : INFO : SwitchController : <<<<<<< 's_flight_gear_target' active >>>>>>>
2026-05-11 15:20:52,883 : INFO : EventManager : Event: ======'s_flight_gear_target_active'====== Args={}
2026-05-11 15:20:52,883 : INFO : EventManager : Event: ======'sw_playfield_active'====== Args={}
2026-05-11 15:20:52,883 : INFO : EventManager : Event: ======'sw_playfield_active'====== Args={}
2026-05-11 15:20:52,883 : INFO : EventManager : Event: ======'machine_var_audits_switches_s_flight_gear_target'====== Args={'value': 3730, 'prev_value': 3729, 'change': 1}
2026-05-11 15:20:52,884 : INFO : EventManager : Event: ======'stop_all_mode_pulse_shows'====== Args={'priority': 0}
2026-05-11 15:20:52,885 : INFO : EventManager : Event: ======'rotate_qualified_mode_backwards'====== Args={'priority': 0}
2026-05-11 15:20:52,885 : INFO : EventManager : Event: ======'player_score'====== Args={'value': 351000, 'prev_value': 348000, 'change': 3000, 'player_num': 1, 'source': 'base'}
2026-05-11 15:20:52,885 : INFO : EventManager : Event: ======'player_bonus_switches_count'====== Args={'value': 28, 'prev_value': 27, 'change': 1, 'player_num': 1, 'source': 'base'}
2026-05-11 15:20:52,886 : INFO : EventManager : Event: ======'qualify_balls_of_fire'====== Args={'priority': 0}
2026-05-11 15:20:52,887 : INFO : EventManager : Event: ======'player_qualified_mode_number'====== Args={'value': 2, 'prev_value': 3, 'change': -1, 'player_num': 1, 'source': 'pilot_mission_qualifier'}
2026-05-11 15:20:52,887 : INFO : EventManager : Event: ======'update_training_qual_lights'====== Args={'priority': 0}
2026-05-11 15:20:52,914 : INFO : SwitchController : <<<<<<< 's_flight_gear_target' inactive >>>>>>>
2026-05-11 15:20:53,008 : INFO : SwitchController : <<<<<<< 's_flight_gear_target' active >>>>>>>
2026-05-11 15:20:53,008 : INFO : EventManager : Event: ======'s_flight_gear_target_active'====== Args={}
2026-05-11 15:20:53,008 : INFO : EventManager : Event: ======'sw_playfield_active'====== Args={}
2026-05-11 15:20:53,008 : INFO : EventManager : Event: ======'sw_playfield_active'====== Args={}
2026-05-11 15:20:53,008 : INFO : EventManager : Event: ======'machine_var_audits_switches_s_flight_gear_target'====== Args={'value': 3731, 'prev_value': 3730, 'change': 1}
2026-05-11 15:20:53,009 : INFO : EventManager : Event: ======'stop_all_mode_pulse_shows'====== Args={'priority': 0}
2026-05-11 15:20:53,010 : INFO : EventManager : Event: ======'rotate_qualified_mode_backwards'====== Args={'priority': 0}
2026-05-11 15:20:53,010 : INFO : EventManager : Event: ======'player_score'====== Args={'value': 354000, 'prev_value': 351000, 'change': 3000, 'player_num': 1, 'source': 'base'}
2026-05-11 15:20:53,010 : INFO : EventManager : Event: ======'player_bonus_switches_count'====== Args={'value': 29, 'prev_value': 28, 'change': 1, 'player_num': 1, 'source': 'base'}
2026-05-11 15:20:53,012 : INFO : EventManager : Event: ======'qualify_rescue_cougar'====== Args={'priority': 0}
2026-05-11 15:20:53,012 : INFO : EventManager : Event: ======'player_qualified_mode_number'====== Args={'value': 1, 'prev_value': 2, 'change': -1, 'player_num': 1, 'source': 'pilot_mission_qualifier'}
2026-05-11 15:20:53,013 : INFO : EventManager : Event: ======'update_training_qual_lights'====== Args={'priority': 0}
2026-05-11 15:20:53,055 : INFO : SwitchController : <<<<<<< 's_flight_gear_target' inactive >>>>>>>
2026-05-11 15:20:53,164 : INFO : SwitchController : <<<<<<< 's_flight_gear_target' active >>>>>>>
2026-05-11 15:20:53,164 : INFO : EventManager : Event: ======'s_flight_gear_target_active'====== Args={}
2026-05-11 15:20:53,164 : INFO : EventManager : Event: ======'sw_playfield_active'====== Args={}
2026-05-11 15:20:53,164 : INFO : EventManager : Event: ======'sw_playfield_active'====== Args={}
2026-05-11 15:20:53,164 : INFO : EventManager : Event: ======'machine_var_audits_switches_s_flight_gear_target'====== Args={'value': 3732, 'prev_value': 3731, 'change': 1}
2026-05-11 15:20:53,165 : INFO : EventManager : Event: ======'stop_all_mode_pulse_shows'====== Args={'priority': 0}
2026-05-11 15:20:53,165 : INFO : EventManager : Event: ======'rotate_qualified_mode_backwards'====== Args={'priority': 0}
2026-05-11 15:20:53,165 : INFO : EventManager : Event: ======'player_score'====== Args={'value': 357000, 'prev_value': 354000, 'change': 3000, 'player_num': 1, 'source': 'base'}
2026-05-11 15:20:53,165 : INFO : EventManager : Event: ======'player_bonus_switches_count'====== Args={'value': 30, 'prev_value': 29, 'change': 1, 'player_num': 1, 'source': 'base'}
2026-05-11 15:20:53,167 : INFO : EventManager : Event: ======'qualify_edge_of_space'====== Args={'priority': 0}
2026-05-11 15:20:53,168 : INFO : EventManager : Event: ======'player_qualified_mode_number'====== Args={'value': 10, 'prev_value': 1, 'change': 9, 'player_num': 1, 'source': 'pilot_mission_qualifier'}
2026-05-11 15:20:53,168 : INFO : EventManager : Event: ======'update_training_qual_lights'====== Args={'priority': 0}
2026-05-11 15:20:53,211 : INFO : SwitchController : <<<<<<< 's_flight_gear_target' inactive >>>>>>>
2026-05-11 15:20:53,290 : INFO : SwitchController : <<<<<<< 's_flight_gear_target' active >>>>>>>
2026-05-11 15:20:53,290 : INFO : EventManager : Event: ======'s_flight_gear_target_active'====== Args={}
2026-05-11 15:20:53,290 : INFO : EventManager : Event: ======'sw_playfield_active'====== Args={}
2026-05-11 15:20:53,290 : INFO : EventManager : Event: ======'sw_playfield_active'====== Args={}
2026-05-11 15:20:53,290 : INFO : EventManager : Event: ======'machine_var_audits_switches_s_flight_gear_target'====== Args={'value': 3733, 'prev_value': 3732, 'change': 1}
2026-05-11 15:20:53,291 : INFO : EventManager : Event: ======'stop_all_mode_pulse_shows'====== Args={'priority': 0}
2026-05-11 15:20:53,291 : INFO : EventManager : Event: ======'rotate_qualified_mode_backwards'====== Args={'priority': 0}
2026-05-11 15:20:53,291 : INFO : EventManager : Event: ======'player_score'====== Args={'value': 360000, 'prev_value': 357000, 'change': 3000, 'player_num': 1, 'source': 'base'}
2026-05-11 15:20:53,291 : INFO : EventManager : Event: ======'player_bonus_switches_count'====== Args={'value': 31, 'prev_value': 30, 'change': 1, 'player_num': 1, 'source': 'base'}
2026-05-11 15:20:53,292 : INFO : EventManager : Event: ======'qualify_below_the_hard_deck'====== Args={'priority': 0}
2026-05-11 15:20:53,295 : INFO : EventManager : Event: ======'player_qualified_mode_number'====== Args={'value': 9, 'prev_value': 10, 'change': -1, 'player_num': 1, 'source': 'pilot_mission_qualifier'}
2026-05-11 15:20:53,295 : INFO : EventManager : Event: ======'update_training_qual_lights'====== Args={'priority': 0}
2026-05-11 15:20:53,353 : INFO : SwitchController : <<<<<<< 's_flight_gear_target' inactive >>>>>>>
2026-05-11 15:20:53,447 : INFO : SwitchController : <<<<<<< 's_flight_gear_target' active >>>>>>>
2026-05-11 15:20:53,447 : INFO : EventManager : Event: ======'s_flight_gear_target_active'====== Args={}
2026-05-11 15:20:53,447 : INFO : EventManager : Event: ======'sw_playfield_active'====== Args={}
2026-05-11 15:20:53,447 : INFO : EventManager : Event: ======'sw_playfield_active'====== Args={}
2026-05-11 15:20:53,447 : INFO : EventManager : Event: ======'machine_var_audits_switches_s_flight_gear_target'====== Args={'value': 3734, 'prev_value': 3733, 'change': 1}
2026-05-11 15:20:53,448 : INFO : EventManager : Event: ======'stop_all_mode_pulse_shows'====== Args={'priority': 0}
2026-05-11 15:20:53,448 : INFO : EventManager : Event: ======'rotate_qualified_mode_backwards'====== Args={'priority': 0}
2026-05-11 15:20:53,449 : INFO : EventManager : Event: ======'player_score'====== Args={'value': 363000, 'prev_value': 360000, 'change': 3000, 'player_num': 1, 'source': 'base'}
2026-05-11 15:20:53,449 : INFO : EventManager : Event: ======'player_bonus_switches_count'====== Args={'value': 32, 'prev_value': 31, 'change': 1, 'player_num': 1, 'source': 'base'}
2026-05-11 15:20:53,449 : INFO : EventManager : Event: ======'qualify_canyon_run'====== Args={'priority': 0}
2026-05-11 15:20:53,451 : INFO : EventManager : Event: ======'player_qualified_mode_number'====== Args={'value': 8, 'prev_value': 9, 'change': -1, 'player_num': 1, 'source': 'pilot_mission_qualifier'}
2026-05-11 15:20:53,451 : INFO : EventManager : Event: ======'update_training_qual_lights'====== Args={'priority': 0}
2026-05-11 15:20:53,510 : INFO : SwitchController : <<<<<<< 's_flight_gear_target' inactive >>>>>>>
2026-05-11 15:20:53,605 : INFO : SwitchController : <<<<<<< 's_flight_gear_target' active >>>>>>>
2026-05-11 15:20:53,605 : INFO : EventManager : Event: ======'s_flight_gear_target_active'====== Args={}
2026-05-11 15:20:53,605 : INFO : EventManager : Event: ======'sw_playfield_active'====== Args={}
2026-05-11 15:20:53,605 : INFO : EventManager : Event: ======'sw_playfield_active'====== Args={}
2026-05-11 15:20:53,605 : INFO : EventManager : Event: ======'machine_var_audits_switches_s_flight_gear_target'====== Args={'value': 3735, 'prev_value': 3734, 'change': 1}
2026-05-11 15:20:53,606 : INFO : EventManager : Event: ======'stop_all_mode_pulse_shows'====== Args={'priority': 0}
2026-05-11 15:20:53,606 : INFO : EventManager : Event: ======'rotate_qualified_mode_backwards'====== Args={'priority': 0}
2026-05-11 15:20:53,606 : INFO : EventManager : Event: ======'player_score'====== Args={'value': 366000, 'prev_value': 363000, 'change': 3000, 'player_num': 1, 'source': 'base'}
2026-05-11 15:20:53,606 : INFO : EventManager : Event: ======'player_bonus_switches_count'====== Args={'value': 33, 'prev_value': 32, 'change': 1, 'player_num': 1, 'source': 'base'}
2026-05-11 15:20:53,607 : INFO : EventManager : Event: ======'qualify_rise_of_phoenix'====== Args={'priority': 0}
2026-05-11 15:20:53,609 : INFO : EventManager : Event: ======'player_qualified_mode_number'====== Args={'value': 7, 'prev_value': 8, 'change': -1, 'player_num': 1, 'source': 'pilot_mission_qualifier'}
2026-05-11 15:20:53,609 : INFO : EventManager : Event: ======'update_training_qual_lights'====== Args={'priority': 0}
2026-05-11 15:20:53,652 : INFO : EventManager : Event: ======'player_ball_save_ball_save_countdown_tick'====== Args={'value': 5, 'prev_value': 6, 'change': -1, 'player_num': 1}
2026-05-11 15:20:53,652 : INFO : EventManager : Event: ======'timer_ball_save_countdown_tick'====== Args={'ticks': 5, 'ticks_remaining': 5}
2026-05-11 15:20:53,653 : INFO : EventManager : Event: ======'ball_save_flash_medium'====== Args={'priority': 0}
2026-05-11 15:20:53,653 : INFO : EventManager : Event: ======'player_ball_save_time_remaining'====== Args={'value': 5, 'prev_value': 6, 'change': -1, 'player_num': 1, 'source': 'ball_save'}
2026-05-11 15:20:53,684 : INFO : SwitchController : <<<<<<< 's_flight_gear_target' inactive >>>>>>>
2026-05-11 15:20:53,839 : INFO : SwitchController : <<<<<<< 's_flight_gear_target' active >>>>>>>
2026-05-11 15:20:53,839 : INFO : EventManager : Event: ======'s_flight_gear_target_active'====== Args={}
2026-05-11 15:20:53,839 : INFO : EventManager : Event: ======'sw_playfield_active'====== Args={}
2026-05-11 15:20:53,839 : INFO : EventManager : Event: ======'sw_playfield_active'====== Args={}
2026-05-11 15:20:53,839 : INFO : EventManager : Event: ======'machine_var_audits_switches_s_flight_gear_target'====== Args={'value': 3736, 'prev_value': 3735, 'change': 1}
2026-05-11 15:20:53,840 : INFO : EventManager : Event: ======'stop_all_mode_pulse_shows'====== Args={'priority': 0}
2026-05-11 15:20:53,840 : INFO : EventManager : Event: ======'rotate_qualified_mode_backwards'====== Args={'priority': 0}
2026-05-11 15:20:53,840 : INFO : EventManager : Event: ======'player_score'====== Args={'value': 369000, 'prev_value': 366000, 'change': 3000, 'player_num': 1, 'source': 'base'}
2026-05-11 15:20:53,841 : INFO : EventManager : Event: ======'player_bonus_switches_count'====== Args={'value': 34, 'prev_value': 33, 'change': 1, 'player_num': 1, 'source': 'base'}
2026-05-11 15:20:53,842 : INFO : EventManager : Event: ======'qualify_no_margin_for_error'====== Args={'priority': 0}
2026-05-11 15:20:53,843 : INFO : EventManager : Event: ======'player_qualified_mode_number'====== Args={'value': 6, 'prev_value': 7, 'change': -1, 'player_num': 1, 'source': 'pilot_mission_qualifier'}
2026-05-11 15:20:53,844 : INFO : EventManager : Event: ======'update_training_qual_lights'====== Args={'priority': 0}
2026-05-11 15:20:53,917 : INFO : SwitchController : <<<<<<< 's_flight_gear_target' inactive >>>>>>>
2026-05-11 15:20:54,169 : INFO : SwitchController : <<<<<<< 's_flight_gear_target' active >>>>>>>
2026-05-11 15:20:54,169 : INFO : EventManager : Event: ======'s_flight_gear_target_active'====== Args={}
2026-05-11 15:20:54,169 : INFO : EventManager : Event: ======'sw_playfield_active'====== Args={}
2026-05-11 15:20:54,169 : INFO : EventManager : Event: ======'sw_playfield_active'====== Args={}
2026-05-11 15:20:54,169 : INFO : EventManager : Event: ======'machine_var_audits_switches_s_flight_gear_target'====== Args={'value': 3737, 'prev_value': 3736, 'change': 1}
2026-05-11 15:20:54,170 : INFO : EventManager : Event: ======'stop_all_mode_pulse_shows'====== Args={'priority': 0}
2026-05-11 15:20:54,170 : INFO : EventManager : Event: ======'rotate_qualified_mode_backwards'====== Args={'priority': 0}
2026-05-11 15:20:54,170 : INFO : EventManager : Event: ======'player_score'====== Args={'value': 372000, 'prev_value': 369000, 'change': 3000, 'player_num': 1, 'source': 'base'}
2026-05-11 15:20:54,170 : INFO : EventManager : Event: ======'player_bonus_switches_count'====== Args={'value': 35, 'prev_value': 34, 'change': 1, 'player_num': 1, 'source': 'base'}
2026-05-11 15:20:54,172 : INFO : EventManager : Event: ======'qualify_no_points_for_second_place'====== Args={'priority': 0}
2026-05-11 15:20:54,173 : INFO : EventManager : Event: ======'player_qualified_mode_number'====== Args={'value': 5, 'prev_value': 6, 'change': -1, 'player_num': 1, 'source': 'pilot_mission_qualifier'}
2026-05-11 15:20:54,173 : INFO : EventManager : Event: ======'update_training_qual_lights'====== Args={'priority': 0}
2026-05-11 15:20:54,217 : INFO : SwitchController : <<<<<<< 's_flight_gear_target' inactive >>>>>>>
2026-05-11 15:20:54,483 : INFO : SwitchController : <<<<<<< 's_flight_gear_target' active >>>>>>>
2026-05-11 15:20:54,483 : INFO : EventManager : Event: ======'s_flight_gear_target_active'====== Args={}
2026-05-11 15:20:54,483 : INFO : EventManager : Event: ======'sw_playfield_active'====== Args={}
2026-05-11 15:20:54,483 : INFO : EventManager : Event: ======'sw_playfield_active'====== Args={}
2026-05-11 15:20:54,483 : INFO : EventManager : Event: ======'machine_var_audits_switches_s_flight_gear_target'====== Args={'value': 3738, 'prev_value': 3737, 'change': 1}
2026-05-11 15:20:54,484 : INFO : EventManager : Event: ======'stop_all_mode_pulse_shows'====== Args={'priority': 0}
2026-05-11 15:20:54,484 : INFO : EventManager : Event: ======'rotate_qualified_mode_backwards'====== Args={'priority': 0}
2026-05-11 15:20:54,485 : INFO : EventManager : Event: ======'player_score'====== Args={'value': 375000, 'prev_value': 372000, 'change': 3000, 'player_num': 1, 'source': 'base'}
2026-05-11 15:20:54,485 : INFO : EventManager : Event: ======'player_bonus_switches_count'====== Args={'value': 36, 'prev_value': 35, 'change': 1, 'player_num': 1, 'source': 'base'}
2026-05-11 15:20:54,486 : INFO : EventManager : Event: ======'qualify_battle_jester'====== Args={'priority': 0}
2026-05-11 15:20:54,487 : INFO : EventManager : Event: ======'player_qualified_mode_number'====== Args={'value': 4, 'prev_value': 5, 'change': -1, 'player_num': 1, 'source': 'pilot_mission_qualifier'}
2026-05-11 15:20:54,487 : INFO : EventManager : Event: ======'update_training_qual_lights'====== Args={'priority': 0}
2026-05-11 15:20:54,530 : INFO : SwitchController : <<<<<<< 's_flight_gear_target' inactive >>>>>>>
2026-05-11 15:20:54,653 : INFO : EventManager : Event: ======'player_ball_save_ball_save_countdown_tick'====== Args={'value': 4, 'prev_value': 5, 'change': -1, 'player_num': 1}
2026-05-11 15:20:54,653 : INFO : EventManager : Event: ======'timer_ball_save_countdown_tick'====== Args={'ticks': 4, 'ticks_remaining': 4}
2026-05-11 15:20:54,653 : INFO : EventManager : Event: ======'ball_save_flash_fast'====== Args={'priority': 0}
2026-05-11 15:20:54,653 : INFO : EventManager : Event: ======'player_ball_save_time_remaining'====== Args={'value': 4, 'prev_value': 5, 'change': -1, 'player_num': 1, 'source': 'ball_save'}
2026-05-11 15:20:55,576 : INFO : SwitchController : <<<<<<< 's_mode_start' active >>>>>>>
2026-05-11 15:20:55,576 : INFO : EventManager : Event: ======'s_mode_start_active'====== Args={}
2026-05-11 15:20:55,576 : INFO : EventManager : Event: ======'sw_playfield_active'====== Args={}
2026-05-11 15:20:55,576 : INFO : EventManager : Event: ======'machine_var_audits_switches_s_mode_start'====== Args={'value': 1983, 'prev_value': 1982, 'change': 1}
2026-05-11 15:20:55,577 : INFO : EventManager : Event: ======'start_mode_battle_jester'====== Args={'priority': 0}
2026-05-11 15:20:55,578 : INFO : Timer.lock_mb_eject_debounce : Stopping Timer
2026-05-11 15:20:55,578 : INFO : EventManager : Event: ======'timer_lock_mb_eject_debounce_stopped'====== Args={'ticks': 0, 'ticks_remaining': 0}
2026-05-11 15:20:55,578 : INFO : EventManager : Event: ======'mode_battle_jester_will_start'====== Args={'priority': 0}
2026-05-11 15:20:55,579 : INFO : EventManager : Event: ======'player_battle_jester_battle_jester_timer_tick'====== Args={'value': 120, 'prev_value': 0, 'change': 120, 'player_num': 1}
2026-05-11 15:20:55,579 : INFO : EventManager : Event: ======'player_battle_jester_battle_jester_intro_video_delay_tick'====== Args={'value': 0, 'prev_value': 0, 'change': 0, 'player_num': 1}
2026-05-11 15:20:55,580 : INFO : EventManager : Unordered handler for class ConfigPlayer.event_player/events on event mode_battle_jester_started with priority 200. Handlers: [RegisteredHandler(callback=<bound method ConfigPlayer.config_play_callback of ConfigPlayer.event_player/events>, priority=200, kwargs={'calling_context': 'mode_battle_jester_started', 'mode': <Mode.pilot_mission_qualifier>, 'settings': {'reset_topgun_letters': [{'condition': None, 'number': None, 'priority': 0, 'params': {}}], 'check_all_pilot_modes_played': [{'condition': None, 'number': None, 'priority': 0, 'params': {}}], 'ball_search_reset': [{'condition': None, 'number': None, 'priority': 0, 'params': {}}], 'ball_search_block': [{'condition': None, 'number': None, 'priority': 0, 'params': {}}]}}, key=UUID('693d2ccb-2027-4fc0-a246-4872b40e0cc4'), condition=None, blocking_facility=None), RegisteredHandler(callback=<bound method ConfigPlayer.config_play_callback of ConfigPlayer.event_player/events>, priority=200, kwargs={'calling_context': 'mode_battle_jester_started', 'mode': <Mode.iceman_letters>, 'settings': {'stop_all_training_pulse_shows': [{'condition': None, 'number': None, 'priority': 0, 'params': {}}]}}, key=UUID('90ed906a-b699-4091-9aac-e997176850a6'), condition=None, blocking_facility=None)]. The order of those handlers is not defined and they will be executed in random order. This might lead to race conditions and potential bugs.
2026-05-11 15:20:55,580 : INFO : EventManager : Event: ======'player_battle_jester_battle_jester_barrier_delay_tick'====== Args={'value': 0, 'prev_value': 0, 'change': 0, 'player_num': 1}
2026-05-11 15:20:55,580 : INFO : EventManager : Event: ======'player_battle_jester_battle_jester_mode_scoop_debounce_tick'====== Args={'value': 0, 'prev_value': 0, 'change': 0, 'player_num': 1}
2026-05-11 15:20:55,580 : INFO : EventManager : Event: ======'player_battle_jester_battle_jester_step_6_video_delay_tick'====== Args={'value': 0, 'prev_value': 0, 'change': 0, 'player_num': 1}
2026-05-11 15:20:55,580 : INFO : EventManager : Event: ======'player_battle_jester_battle_jester_step_7_video_delay_tick'====== Args={'value': 0, 'prev_value': 0, 'change': 0, 'player_num': 1}
2026-05-11 15:20:55,581 : INFO : EventManager : Event: ======'player_battle_jester_battle_jester_step_8_video_delay_tick'====== Args={'value': 0, 'prev_value': 0, 'change': 0, 'player_num': 1}
2026-05-11 15:20:55,581 : INFO : EventManager : Event: ======'player_battle_jester_battle_jester_step_9_video_delay_tick'====== Args={'value': 0, 'prev_value': 0, 'change': 0, 'player_num': 1}
2026-05-11 15:20:55,581 : INFO : EventManager : Event: ======'player_battle_jester_battle_jester_step_10_video_delay_tick'====== Args={'value': 0, 'prev_value': 0, 'change': 0, 'player_num': 1}
2026-05-11 15:20:55,581 : INFO : EventManager : Event: ======'player_battle_jester_battle_jester_step_11_decision_video_tick'====== Args={'value': 0, 'prev_value': 0, 'change': 0, 'player_num': 1}
2026-05-11 15:20:55,581 : INFO : EventManager : Event: ======'player_battle_jester_battle_jester_buzz_tower_accepted_delay_tick'====== Args={'value': 0, 'prev_value': 0, 'change': 0, 'player_num': 1}
2026-05-11 15:20:55,581 : INFO : EventManager : Event: ======'player_battle_jester_battle_jester_tower_challenge_timer_tick'====== Args={'value': 20, 'prev_value': 0, 'change': 20, 'player_num': 1}
2026-05-11 15:20:55,582 : INFO : EventManager : Event: ======'player_battle_jester_battle_jester_shot_timer_duration_tick'====== Args={'value': 0, 'prev_value': 0, 'change': 0, 'player_num': 1}
2026-05-11 15:20:55,582 : INFO : EventManager : Event: ======'player_battle_jester_battle_jester_shot_color_change_time_tick'====== Args={'value': 0, 'prev_value': 0, 'change': 0, 'player_num': 1}
2026-05-11 15:20:55,582 : INFO : EventManager : Event: ======'player_battle_jester_battle_jester_shot_grace_period_tick'====== Args={'value': 0, 'prev_value': 0, 'change': 0, 'player_num': 1}
2026-05-11 15:20:55,582 : INFO : EventManager : Event: ======'player_battle_jester_battle_jester_drain_delay_tick'====== Args={'value': 0, 'prev_value': 0, 'change': 0, 'player_num': 1}
2026-05-11 15:20:55,582 : INFO : EventManager : Event: ======'player_battle_jester_battle_jester_complete_delay_tick'====== Args={'value': 0, 'prev_value': 0, 'change': 0, 'player_num': 1}
2026-05-11 15:20:55,582 : INFO : EventManager : Event: ======'player_battle_jester_battle_jester_failed_delay_tick'====== Args={'value': 0, 'prev_value': 0, 'change': 0, 'player_num': 1}
2026-05-11 15:20:55,583 : INFO : EventManager : Event: ======'player_battle_jester_battle_jester_tower_won_delay_tick'====== Args={'value': 0, 'prev_value': 0, 'change': 0, 'player_num': 1}
2026-05-11 15:20:55,583 : INFO : EventManager : Event: ======'player_battle_jester_battle_jester_tower_lost_delay_tick'====== Args={'value': 0, 'prev_value': 0, 'change': 0, 'player_num': 1}
2026-05-11 15:20:55,583 : INFO : EventManager : Event: ======'player_battle_jester_battle_jester_step_1_timer_tick'====== Args={'value': 0, 'prev_value': 0, 'change': 0, 'player_num': 1}
2026-05-11 15:20:55,583 : INFO : EventManager : Event: ======'player_battle_jester_battle_jester_step_2_timer_tick'====== Args={'value': 0, 'prev_value': 0, 'change': 0, 'player_num': 1}
2026-05-11 15:20:55,583 : INFO : EventManager : Event: ======'player_battle_jester_battle_jester_step_3_timer_tick'====== Args={'value': 0, 'prev_value': 0, 'change': 0, 'player_num': 1}
2026-05-11 15:20:55,583 : INFO : EventManager : Event: ======'player_battle_jester_battle_jester_step_4_timer_tick'====== Args={'value': 0, 'prev_value': 0, 'change': 0, 'player_num': 1}
2026-05-11 15:20:55,585 : INFO : EventManager : Event: ======'player_battle_jester_battle_jester_step_5_timer_tick'====== Args={'value': 0, 'prev_value': 0, 'change': 0, 'player_num': 1}
2026-05-11 15:20:55,585 : INFO : EventManager : Event: ======'player_battle_jester_battle_jester_servo_step3_setup_delay_tick'====== Args={'value': 0, 'prev_value': 0, 'change': 0, 'player_num': 1}
2026-05-11 15:20:55,585 : INFO : EventManager : Event: ======'player_battle_jester_battle_jester_servo_step3_done_delay_tick'====== Args={'value': 0, 'prev_value': 0, 'change': 0, 'player_num': 1}
2026-05-11 15:20:55,585 : INFO : EventManager : Event: ======'player_battle_jester_battle_jester_servo_cleanup_delay_tick'====== Args={'value': 0, 'prev_value': 0, 'change': 0, 'player_num': 1}
2026-05-11 15:20:55,585 : INFO : EventManager : Event: ======'player_battle_jester_battle_jester_spinner_lockout_tick'====== Args={'value': 0, 'prev_value': 0, 'change': 0, 'player_num': 1}
2026-05-11 15:20:55,586 : INFO : EventManager : Unordered handler for class ConfigPlayer.event_player/events on event mode_battle_jester_started with priority 200. Handlers: [RegisteredHandler(callback=<bound method ConfigPlayer.config_play_callback of ConfigPlayer.event_player/events>, priority=200, kwargs={'calling_context': 'mode_battle_jester_started', 'mode': <Mode.pilot_mission_qualifier>, 'settings': {'reset_topgun_letters': [{'condition': None, 'number': None, 'priority': 0, 'params': {}}], 'check_all_pilot_modes_played': [{'condition': None, 'number': None, 'priority': 0, 'params': {}}], 'ball_search_reset': [{'condition': None, 'number': None, 'priority': 0, 'params': {}}], 'ball_search_block': [{'condition': None, 'number': None, 'priority': 0, 'params': {}}]}}, key=UUID('693d2ccb-2027-4fc0-a246-4872b40e0cc4'), condition=None, blocking_facility=None), RegisteredHandler(callback=<bound method ConfigPlayer.config_play_callback of ConfigPlayer.event_player/events>, priority=200, kwargs={'calling_context': 'mode_battle_jester_started', 'mode': <Mode.iceman_letters>, 'settings': {'stop_all_training_pulse_shows': [{'condition': None, 'number': None, 'priority': 0, 'params': {}}]}}, key=UUID('90ed906a-b699-4091-9aac-e997176850a6'), condition=None, blocking_facility=None)]. The order of those handlers is not defined and they will be executed in random order. This might lead to race conditions and potential bugs.
2026-05-11 15:20:55,589 : INFO : EventManager : Unordered handler for class ConfigPlayer.variable_player/variables on event s_orbit_upper_active with priority 200. Handlers: [RegisteredHandler(callback=<bound method ConfigPlayer.config_play_callback of ConfigPlayer.variable_player/variables>, priority=200, kwargs={'calling_context': 's_orbit_upper_active', 'mode': <Mode.pilot_mission_qualifier>, 'settings': {'previous_switch_type': {'action': 'set', 'int': <NativeTemplate 0>, 'priority': 0, 'float': None, 'string': None, 'block': False, 'player': None, 'condition': None}}}, key=UUID('4616fdaa-cc37-4a16-9225-272330033504'), condition=None, blocking_facility=None), RegisteredHandler(callback=<bound method ConfigPlayer.config_play_callback of ConfigPlayer.variable_player/variables>, priority=200, kwargs={'calling_context': 's_orbit_upper_active', 'mode': <Mode.iceman_letters>, 'settings': {'right_post_locked_out': {'action': 'set', 'int': <NativeTemplate 1>, 'priority': 0, 'float': None, 'string': None, 'block': False, 'player': None, 'condition': None}}}, key=UUID('4ae78bd6-ee08-4f9c-afff-e1ace01e41ac'), condition=None, blocking_facility=None)]. The order of those handlers is not defined and they will be executed in random order. This might lead to race conditions and potential bugs.
2026-05-11 15:20:55,590 : INFO : EventManager : Unordered handler for class ConfigPlayer.variable_player/variables on event s_orbit_upper_active with priority 200. Handlers: [RegisteredHandler(callback=<bound method ConfigPlayer.config_play_callback of ConfigPlayer.variable_player/variables>, priority=200, kwargs={'calling_context': 's_orbit_upper_active', 'mode': <Mode.pilot_mission_qualifier>, 'settings': {'previous_switch_type': {'action': 'set', 'int': <NativeTemplate 0>, 'priority': 0, 'float': None, 'string': None, 'block': False, 'player': None, 'condition': None}}}, key=UUID('4616fdaa-cc37-4a16-9225-272330033504'), condition=None, blocking_facility=None), RegisteredHandler(callback=<bound method ConfigPlayer.config_play_callback of ConfigPlayer.variable_player/variables>, priority=200, kwargs={'calling_context': 's_orbit_upper_active', 'mode': <Mode.iceman_letters>, 'settings': {'right_post_locked_out': {'action': 'set', 'int': <NativeTemplate 1>, 'priority': 0, 'float': None, 'string': None, 'block': False, 'player': None, 'condition': None}}}, key=UUID('4ae78bd6-ee08-4f9c-afff-e1ace01e41ac'), condition=None, blocking_facility=None)]. The order of those handlers is not defined and they will be executed in random order. This might lead to race conditions and potential bugs.
2026-05-11 15:20:55,590 : INFO : EventManager : Unordered handler for class ConfigPlayer.variable_player/variables on event s_orbit_upper_active with priority 200. Handlers: [RegisteredHandler(callback=<bound method ConfigPlayer.config_play_callback of ConfigPlayer.variable_player/variables>, priority=200, kwargs={'calling_context': 's_orbit_upper_active', 'mode': <Mode.pilot_mission_qualifier>, 'settings': {'previous_switch_type': {'action': 'set', 'int': <NativeTemplate 0>, 'priority': 0, 'float': None, 'string': None, 'block': False, 'player': None, 'condition': None}}}, key=UUID('4616fdaa-cc37-4a16-9225-272330033504'), condition=None, blocking_facility=None), RegisteredHandler(callback=<bound method ConfigPlayer.config_play_callback of ConfigPlayer.variable_player/variables>, priority=200, kwargs={'calling_context': 's_orbit_upper_active', 'mode': <Mode.iceman_letters>, 'settings': {'right_post_locked_out': {'action': 'set', 'int': <NativeTemplate 1>, 'priority': 0, 'float': None, 'string': None, 'block': False, 'player': None, 'condition': None}}}, key=UUID('4ae78bd6-ee08-4f9c-afff-e1ace01e41ac'), condition=None, blocking_facility=None)]. The order of those handlers is not defined and they will be executed in random order. This might lead to race conditions and potential bugs.
2026-05-11 15:20:55,591 : INFO : EventManager : Unordered handler for class ConfigPlayer.variable_player/variables on event s_orbit_upper_active with priority 200. Handlers: [RegisteredHandler(callback=<bound method ConfigPlayer.config_play_callback of ConfigPlayer.variable_player/variables>, priority=200, kwargs={'calling_context': 's_orbit_upper_active', 'mode': <Mode.pilot_mission_qualifier>, 'settings': {'previous_switch_type': {'action': 'set', 'int': <NativeTemplate 0>, 'priority': 0, 'float': None, 'string': None, 'block': False, 'player': None, 'condition': None}}}, key=UUID('4616fdaa-cc37-4a16-9225-272330033504'), condition=None, blocking_facility=None), RegisteredHandler(callback=<bound method ConfigPlayer.config_play_callback of ConfigPlayer.variable_player/variables>, priority=200, kwargs={'calling_context': 's_orbit_upper_active', 'mode': <Mode.iceman_letters>, 'settings': {'right_post_locked_out': {'action': 'set', 'int': <NativeTemplate 1>, 'priority': 0, 'float': None, 'string': None, 'block': False, 'player': None, 'condition': None}}}, key=UUID('4ae78bd6-ee08-4f9c-afff-e1ace01e41ac'), condition=None, blocking_facility=None)]. The order of those handlers is not defined and they will be executed in random order. This might lead to race conditions and potential bugs.
2026-05-11 15:20:55,593 : INFO : EventManager : Unordered handler for class ConfigPlayer.variable_player/variables on event s_ramp_inner_exit_active with priority 200. Handlers: [RegisteredHandler(callback=<bound method ConfigPlayer.config_play_callback of ConfigPlayer.variable_player/variables>, priority=200, kwargs={'calling_context': 's_ramp_inner_exit_active', 'mode': <Mode.pilot_mission_qualifier>, 'settings': {'previous_switch_type': {'action': 'set', 'int': <NativeTemplate 0>, 'priority': 0, 'float': None, 'string': None, 'block': False, 'player': None, 'condition': None}}}, key=UUID('a9d5335c-dcf9-463c-9e46-de14ef4a5d08'), condition=None, blocking_facility=None), RegisteredHandler(callback=<bound method ConfigPlayer.config_play_callback of ConfigPlayer.variable_player/variables>, priority=200, kwargs={'calling_context': 's_ramp_inner_exit_active', 'mode': <Mode.iceman_letters>, 'settings': {'right_post_locked_out': {'action': 'set', 'int': <NativeTemplate 1>, 'priority': 0, 'float': None, 'string': None, 'block': False, 'player': None, 'condition': None}}}, key=UUID('45b7dcea-02bf-4e93-8913-1f9b6621913b'), condition=None, blocking_facility=None)]. The order of those handlers is not defined and they will be executed in random order. This might lead to race conditions and potential bugs.
2026-05-11 15:20:55,593 : INFO : EventManager : Unordered handler for class ConfigPlayer.variable_player/variables on event s_ramp_inner_exit_active with priority 200. Handlers: [RegisteredHandler(callback=<bound method ConfigPlayer.config_play_callback of ConfigPlayer.variable_player/variables>, priority=200, kwargs={'calling_context': 's_ramp_inner_exit_active', 'mode': <Mode.pilot_mission_qualifier>, 'settings': {'previous_switch_type': {'action': 'set', 'int': <NativeTemplate 0>, 'priority': 0, 'float': None, 'string': None, 'block': False, 'player': None, 'condition': None}}}, key=UUID('a9d5335c-dcf9-463c-9e46-de14ef4a5d08'), condition=None, blocking_facility=None), RegisteredHandler(callback=<bound method ConfigPlayer.config_play_callback of ConfigPlayer.variable_player/variables>, priority=200, kwargs={'calling_context': 's_ramp_inner_exit_active', 'mode': <Mode.iceman_letters>, 'settings': {'right_post_locked_out': {'action': 'set', 'int': <NativeTemplate 1>, 'priority': 0, 'float': None, 'string': None, 'block': False, 'player': None, 'condition': None}}}, key=UUID('45b7dcea-02bf-4e93-8913-1f9b6621913b'), condition=None, blocking_facility=None)]. The order of those handlers is not defined and they will be executed in random order. This might lead to race conditions and potential bugs.
2026-05-11 15:20:55,598 : INFO : EventManager : Unordered handler for class ConfigPlayer.variable_player/variables on event s_orbit_upper_active with priority 200. Handlers: [RegisteredHandler(callback=<bound method ConfigPlayer.config_play_callback of ConfigPlayer.variable_player/variables>, priority=200, kwargs={'calling_context': 's_orbit_upper_active', 'mode': <Mode.pilot_mission_qualifier>, 'settings': {'previous_switch_type': {'action': 'set', 'int': <NativeTemplate 0>, 'priority': 0, 'float': None, 'string': None, 'block': False, 'player': None, 'condition': None}}}, key=UUID('4616fdaa-cc37-4a16-9225-272330033504'), condition=None, blocking_facility=None), RegisteredHandler(callback=<bound method ConfigPlayer.config_play_callback of ConfigPlayer.variable_player/variables>, priority=200, kwargs={'calling_context': 's_orbit_upper_active', 'mode': <Mode.iceman_letters>, 'settings': {'right_post_locked_out': {'action': 'set', 'int': <NativeTemplate 1>, 'priority': 0, 'float': None, 'string': None, 'block': False, 'player': None, 'condition': None}}}, key=UUID('4ae78bd6-ee08-4f9c-afff-e1ace01e41ac'), condition=None, blocking_facility=None)]. The order of those handlers is not defined and they will be executed in random order. This might lead to race conditions and potential bugs.
2026-05-11 15:20:55,598 : INFO : EventManager : Unordered handler for class ConfigPlayer.variable_player/variables on event s_ramp_inner_exit_active with priority 200. Handlers: [RegisteredHandler(callback=<bound method ConfigPlayer.config_play_callback of ConfigPlayer.variable_player/variables>, priority=200, kwargs={'calling_context': 's_ramp_inner_exit_active', 'mode': <Mode.pilot_mission_qualifier>, 'settings': {'previous_switch_type': {'action': 'set', 'int': <NativeTemplate 0>, 'priority': 0, 'float': None, 'string': None, 'block': False, 'player': None, 'condition': None}}}, key=UUID('a9d5335c-dcf9-463c-9e46-de14ef4a5d08'), condition=None, blocking_facility=None), RegisteredHandler(callback=<bound method ConfigPlayer.config_play_callback of ConfigPlayer.variable_player/variables>, priority=200, kwargs={'calling_context': 's_ramp_inner_exit_active', 'mode': <Mode.iceman_letters>, 'settings': {'right_post_locked_out': {'action': 'set', 'int': <NativeTemplate 1>, 'priority': 0, 'float': None, 'string': None, 'block': False, 'player': None, 'condition': None}}}, key=UUID('45b7dcea-02bf-4e93-8913-1f9b6621913b'), condition=None, blocking_facility=None)]. The order of those handlers is not defined and they will be executed in random order. This might lead to race conditions and potential bugs.
2026-05-11 15:20:55,598 : INFO : EventManager : Unordered handler for class ConfigPlayer.variable_player/variables on event s_ramp_inner_exit_active with priority 200. Handlers: [RegisteredHandler(callback=<bound method ConfigPlayer.config_play_callback of ConfigPlayer.variable_player/variables>, priority=200, kwargs={'calling_context': 's_ramp_inner_exit_active', 'mode': <Mode.pilot_mission_qualifier>, 'settings': {'previous_switch_type': {'action': 'set', 'int': <NativeTemplate 0>, 'priority': 0, 'float': None, 'string': None, 'block': False, 'player': None, 'condition': None}}}, key=UUID('a9d5335c-dcf9-463c-9e46-de14ef4a5d08'), condition=None, blocking_facility=None), RegisteredHandler(callback=<bound method ConfigPlayer.config_play_callback of ConfigPlayer.variable_player/variables>, priority=200, kwargs={'calling_context': 's_ramp_inner_exit_active', 'mode': <Mode.iceman_letters>, 'settings': {'right_post_locked_out': {'action': 'set', 'int': <NativeTemplate 1>, 'priority': 0, 'float': None, 'string': None, 'block': False, 'player': None, 'condition': None}}}, key=UUID('45b7dcea-02bf-4e93-8913-1f9b6621913b'), condition=None, blocking_facility=None)]. The order of those handlers is not defined and they will be executed in random order. This might lead to race conditions and potential bugs.
2026-05-11 15:20:55,599 : INFO : EventManager : Unordered handler for class ConfigPlayer.variable_player/variables on event s_ramp_inner_exit_active with priority 200. Handlers: [RegisteredHandler(callback=<bound method ConfigPlayer.config_play_callback of ConfigPlayer.variable_player/variables>, priority=200, kwargs={'calling_context': 's_ramp_inner_exit_active', 'mode': <Mode.pilot_mission_qualifier>, 'settings': {'previous_switch_type': {'action': 'set', 'int': <NativeTemplate 0>, 'priority': 0, 'float': None, 'string': None, 'block': False, 'player': None, 'condition': None}}}, key=UUID('a9d5335c-dcf9-463c-9e46-de14ef4a5d08'), condition=None, blocking_facility=None), RegisteredHandler(callback=<bound method ConfigPlayer.config_play_callback of ConfigPlayer.variable_player/variables>, priority=200, kwargs={'calling_context': 's_ramp_inner_exit_active', 'mode': <Mode.iceman_letters>, 'settings': {'right_post_locked_out': {'action': 'set', 'int': <NativeTemplate 1>, 'priority': 0, 'float': None, 'string': None, 'block': False, 'player': None, 'condition': None}}}, key=UUID('45b7dcea-02bf-4e93-8913-1f9b6621913b'), condition=None, blocking_facility=None)]. The order of those handlers is not defined and they will be executed in random order. This might lead to race conditions and potential bugs.
2026-05-11 15:20:55,599 : INFO : EventManager : Unordered handler for class ConfigPlayer.variable_player/variables on event s_orbit_upper_active with priority 200. Handlers: [RegisteredHandler(callback=<bound method ConfigPlayer.config_play_callback of ConfigPlayer.variable_player/variables>, priority=200, kwargs={'calling_context': 's_orbit_upper_active', 'mode': <Mode.pilot_mission_qualifier>, 'settings': {'previous_switch_type': {'action': 'set', 'int': <NativeTemplate 0>, 'priority': 0, 'float': None, 'string': None, 'block': False, 'player': None, 'condition': None}}}, key=UUID('4616fdaa-cc37-4a16-9225-272330033504'), condition=None, blocking_facility=None), RegisteredHandler(callback=<bound method ConfigPlayer.config_play_callback of ConfigPlayer.variable_player/variables>, priority=200, kwargs={'calling_context': 's_orbit_upper_active', 'mode': <Mode.iceman_letters>, 'settings': {'right_post_locked_out': {'action': 'set', 'int': <NativeTemplate 1>, 'priority': 0, 'float': None, 'string': None, 'block': False, 'player': None, 'condition': None}}}, key=UUID('4ae78bd6-ee08-4f9c-afff-e1ace01e41ac'), condition=None, blocking_facility=None)]. The order of those handlers is not defined and they will be executed in random order. This might lead to race conditions and potential bugs.
2026-05-11 15:20:55,600 : INFO : EventManager : Unordered handler for class ConfigPlayer.variable_player/variables on event s_ramp_inner_exit_active with priority 200. Handlers: [RegisteredHandler(callback=<bound method ConfigPlayer.config_play_callback of ConfigPlayer.variable_player/variables>, priority=200, kwargs={'calling_context': 's_ramp_inner_exit_active', 'mode': <Mode.pilot_mission_qualifier>, 'settings': {'previous_switch_type': {'action': 'set', 'int': <NativeTemplate 0>, 'priority': 0, 'float': None, 'string': None, 'block': False, 'player': None, 'condition': None}}}, key=UUID('a9d5335c-dcf9-463c-9e46-de14ef4a5d08'), condition=None, blocking_facility=None), RegisteredHandler(callback=<bound method ConfigPlayer.config_play_callback of ConfigPlayer.variable_player/variables>, priority=200, kwargs={'calling_context': 's_ramp_inner_exit_active', 'mode': <Mode.iceman_letters>, 'settings': {'right_post_locked_out': {'action': 'set', 'int': <NativeTemplate 1>, 'priority': 0, 'float': None, 'string': None, 'block': False, 'player': None, 'condition': None}}}, key=UUID('45b7dcea-02bf-4e93-8913-1f9b6621913b'), condition=None, blocking_facility=None)]. The order of those handlers is not defined and they will be executed in random order. This might lead to race conditions and potential bugs.
2026-05-11 15:20:55,601 : INFO : EventManager : Unordered handler for class ConfigPlayer.variable_player/variables on event s_orbit_upper_active with priority 200. Handlers: [RegisteredHandler(callback=<bound method ConfigPlayer.config_play_callback of ConfigPlayer.variable_player/variables>, priority=200, kwargs={'calling_context': 's_orbit_upper_active', 'mode': <Mode.pilot_mission_qualifier>, 'settings': {'previous_switch_type': {'action': 'set', 'int': <NativeTemplate 0>, 'priority': 0, 'float': None, 'string': None, 'block': False, 'player': None, 'condition': None}}}, key=UUID('4616fdaa-cc37-4a16-9225-272330033504'), condition=None, blocking_facility=None), RegisteredHandler(callback=<bound method ConfigPlayer.config_play_callback of ConfigPlayer.variable_player/variables>, priority=200, kwargs={'calling_context': 's_orbit_upper_active', 'mode': <Mode.iceman_letters>, 'settings': {'right_post_locked_out': {'action': 'set', 'int': <NativeTemplate 1>, 'priority': 0, 'float': None, 'string': None, 'block': False, 'player': None, 'condition': None}}}, key=UUID('4ae78bd6-ee08-4f9c-afff-e1ace01e41ac'), condition=None, blocking_facility=None)]. The order of those handlers is not defined and they will be executed in random order. This might lead to race conditions and potential bugs.
2026-05-11 15:20:55,602 : INFO : EventManager : Unordered handler for class ConfigPlayer.variable_player/variables on event s_orbit_upper_active with priority 200. Handlers: [RegisteredHandler(callback=<bound method ConfigPlayer.config_play_callback of ConfigPlayer.variable_player/variables>, priority=200, kwargs={'calling_context': 's_orbit_upper_active', 'mode': <Mode.pilot_mission_qualifier>, 'settings': {'previous_switch_type': {'action': 'set', 'int': <NativeTemplate 0>, 'priority': 0, 'float': None, 'string': None, 'block': False, 'player': None, 'condition': None}}}, key=UUID('4616fdaa-cc37-4a16-9225-272330033504'), condition=None, blocking_facility=None), RegisteredHandler(callback=<bound method ConfigPlayer.config_play_callback of ConfigPlayer.variable_player/variables>, priority=200, kwargs={'calling_context': 's_orbit_upper_active', 'mode': <Mode.iceman_letters>, 'settings': {'right_post_locked_out': {'action': 'set', 'int': <NativeTemplate 1>, 'priority': 0, 'float': None, 'string': None, 'block': False, 'player': None, 'condition': None}}}, key=UUID('4ae78bd6-ee08-4f9c-afff-e1ace01e41ac'), condition=None, blocking_facility=None)]. The order of those handlers is not defined and they will be executed in random order. This might lead to race conditions and potential bugs.
2026-05-11 15:20:55,602 : INFO : EventManager : Unordered handler for class ConfigPlayer.variable_player/variables on event s_ramp_inner_exit_active with priority 200. Handlers: [RegisteredHandler(callback=<bound method ConfigPlayer.config_play_callback of ConfigPlayer.variable_player/variables>, priority=200, kwargs={'calling_context': 's_ramp_inner_exit_active', 'mode': <Mode.pilot_mission_qualifier>, 'settings': {'previous_switch_type': {'action': 'set', 'int': <NativeTemplate 0>, 'priority': 0, 'float': None, 'string': None, 'block': False, 'player': None, 'condition': None}}}, key=UUID('a9d5335c-dcf9-463c-9e46-de14ef4a5d08'), condition=None, blocking_facility=None), RegisteredHandler(callback=<bound method ConfigPlayer.config_play_callback of ConfigPlayer.variable_player/variables>, priority=200, kwargs={'calling_context': 's_ramp_inner_exit_active', 'mode': <Mode.iceman_letters>, 'settings': {'right_post_locked_out': {'action': 'set', 'int': <NativeTemplate 1>, 'priority': 0, 'float': None, 'string': None, 'block': False, 'player': None, 'condition': None}}}, key=UUID('45b7dcea-02bf-4e93-8913-1f9b6621913b'), condition=None, blocking_facility=None)]. The order of those handlers is not defined and they will be executed in random order. This might lead to race conditions and potential bugs.
2026-05-11 15:20:55,603 : INFO : EventManager : Unordered handler for class ConfigPlayer.variable_player/variables on event s_spinner_active with priority 200. Handlers: [RegisteredHandler(callback=<bound method ConfigPlayer.config_play_callback of ConfigPlayer.variable_player/variables>, priority=200, kwargs={'calling_context': 's_spinner_active', 'mode': <Mode.pilot_mission_qualifier>, 'settings': {'spinner_spin_count': {'action': 'add', 'int': <NativeTemplate 1>, 'priority': 0, 'float': None, 'string': None, 'block': False, 'player': None, 'condition': None}, 'previous_switch_type': {'action': 'set', 'int': <NativeTemplate 0>, 'priority': 0, 'float': None, 'string': None, 'block': False, 'player': None, 'condition': None}}}, key=UUID('180cff59-5167-435f-b4c5-35635d95949a'), condition=None, blocking_facility=None), RegisteredHandler(callback=<bound method ConfigPlayer.config_play_callback of ConfigPlayer.variable_player/variables>, priority=200, kwargs={'calling_context': 's_spinner_active', 'mode': <Mode.iceman_letters>, 'settings': {'right_post_locked_out': {'action': 'set', 'int': <NativeTemplate 1>, 'priority': 0, 'float': None, 'string': None, 'block': False, 'player': None, 'condition': None}}}, key=UUID('cca0feb8-3607-4f8a-879a-6c85b0832e21'), condition=None, blocking_facility=None)]. The order of those handlers is not defined and they will be executed in random order. This might lead to race conditions and potential bugs.
2026-05-11 15:20:55,603 : INFO : EventManager : Unordered handler for class ConfigPlayer.event_player/events on event mode_battle_jester_started with priority 200. Handlers: [RegisteredHandler(callback=<bound method ConfigPlayer.config_play_callback of ConfigPlayer.event_player/events>, priority=200, kwargs={'calling_context': 'mode_battle_jester_started', 'mode': <Mode.pilot_mission_qualifier>, 'settings': {'reset_topgun_letters': [{'condition': None, 'number': None, 'priority': 0, 'params': {}}], 'check_all_pilot_modes_played': [{'condition': None, 'number': None, 'priority': 0, 'params': {}}], 'ball_search_reset': [{'condition': None, 'number': None, 'priority': 0, 'params': {}}], 'ball_search_block': [{'condition': None, 'number': None, 'priority': 0, 'params': {}}]}}, key=UUID('693d2ccb-2027-4fc0-a246-4872b40e0cc4'), condition=None, blocking_facility=None), RegisteredHandler(callback=<bound method ConfigPlayer.config_play_callback of ConfigPlayer.event_player/events>, priority=200, kwargs={'calling_context': 'mode_battle_jester_started', 'mode': <Mode.iceman_letters>, 'settings': {'stop_all_training_pulse_shows': [{'condition': None, 'number': None, 'priority': 0, 'params': {}}]}}, key=UUID('90ed906a-b699-4091-9aac-e997176850a6'), condition=None, blocking_facility=None)]. The order of those handlers is not defined and they will be executed in random order. This might lead to race conditions and potential bugs.
2026-05-11 15:20:55,608 : INFO : EventManager : Unordered handler for class ConfigPlayer.event_player/events on event mode_battle_jester_started with priority 200. Handlers: [RegisteredHandler(callback=<bound method ConfigPlayer.config_play_callback of ConfigPlayer.event_player/events>, priority=200, kwargs={'calling_context': 'mode_battle_jester_started', 'mode': <Mode.pilot_mission_qualifier>, 'settings': {'reset_topgun_letters': [{'condition': None, 'number': None, 'priority': 0, 'params': {}}], 'check_all_pilot_modes_played': [{'condition': None, 'number': None, 'priority': 0, 'params': {}}], 'ball_search_reset': [{'condition': None, 'number': None, 'priority': 0, 'params': {}}], 'ball_search_block': [{'condition': None, 'number': None, 'priority': 0, 'params': {}}]}}, key=UUID('693d2ccb-2027-4fc0-a246-4872b40e0cc4'), condition=None, blocking_facility=None), RegisteredHandler(callback=<bound method ConfigPlayer.config_play_callback of ConfigPlayer.event_player/events>, priority=200, kwargs={'calling_context': 'mode_battle_jester_started', 'mode': <Mode.iceman_letters>, 'settings': {'stop_all_training_pulse_shows': [{'condition': None, 'number': None, 'priority': 0, 'params': {}}]}}, key=UUID('90ed906a-b699-4091-9aac-e997176850a6'), condition=None, blocking_facility=None)]. The order of those handlers is not defined and they will be executed in random order. This might lead to race conditions and potential bugs.
2026-05-11 15:20:55,608 : INFO : EventManager : Unordered handler for class ConfigPlayer.variable_player/variables on event ball_will_end with priority 200. Handlers: [RegisteredHandler(callback=<bound method ConfigPlayer.config_play_callback of ConfigPlayer.variable_player/variables>, priority=200, kwargs={'calling_context': 'ball_will_end', 'mode': <Mode.pilot_mission_qualifier>, 'settings': {'mystery_just_lit_pilot': {'action': 'set', 'int': <NativeTemplate 0>, 'priority': 0, 'float': None, 'string': None, 'block': False, 'player': None, 'condition': None}, 'scoop_release_pending': {'action': 'set', 'int': <NativeTemplate 0>, 'priority': 0, 'float': None, 'string': None, 'block': False, 'player': None, 'condition': None}}}, key=UUID('7938edd2-89e1-4e5b-8f9e-0e9efadab5c1'), condition=None, blocking_facility=None), RegisteredHandler(callback=<bound method ConfigPlayer.config_play_callback of ConfigPlayer.variable_player/variables>, priority=200, kwargs={'calling_context': 'ball_will_end', 'mode': <Mode.mig_letters>, 'settings': {'mig_letter_m': {'action': 'set', 'int': <NativeTemplate 0>, 'priority': 0, 'float': None, 'string': None, 'block': False, 'player': None, 'condition': None}, 'mig_letter_i': {'action': 'set', 'int': <NativeTemplate 0>, 'priority': 0, 'float': None, 'string': None, 'block': False, 'player': None, 'condition': None}, 'mig_letter_g': {'action': 'set', 'int': <NativeTemplate 0>, 'priority': 0, 'float': None, 'string': None, 'block': False, 'player': None, 'condition': None}, 'mig_completing': {'action': 'set', 'int': <NativeTemplate 0>, 'priority': 0, 'float': None, 'string': None, 'block': False, 'player': None, 'condition': None}}}, key=UUID('5d8ccf82-9ca8-44fc-8480-efbe4442f9e1'), condition=None, blocking_facility=None)]. The order of those handlers is not defined and they will be executed in random order. This might lead to race conditions and potential bugs.
2026-05-11 15:20:55,610 : INFO : EventManager : Unordered handler for class ConfigPlayer.variable_player/variables on event s_orbit_upper_active with priority 200. Handlers: [RegisteredHandler(callback=<bound method ConfigPlayer.config_play_callback of ConfigPlayer.variable_player/variables>, priority=200, kwargs={'calling_context': 's_orbit_upper_active', 'mode': <Mode.pilot_mission_qualifier>, 'settings': {'previous_switch_type': {'action': 'set', 'int': <NativeTemplate 0>, 'priority': 0, 'float': None, 'string': None, 'block': False, 'player': None, 'condition': None}}}, key=UUID('4616fdaa-cc37-4a16-9225-272330033504'), condition=None, blocking_facility=None), RegisteredHandler(callback=<bound method ConfigPlayer.config_play_callback of ConfigPlayer.variable_player/variables>, priority=200, kwargs={'calling_context': 's_orbit_upper_active', 'mode': <Mode.iceman_letters>, 'settings': {'right_post_locked_out': {'action': 'set', 'int': <NativeTemplate 1>, 'priority': 0, 'float': None, 'string': None, 'block': False, 'player': None, 'condition': None}}}, key=UUID('4ae78bd6-ee08-4f9c-afff-e1ace01e41ac'), condition=None, blocking_facility=None)]. The order of those handlers is not defined and they will be executed in random order. This might lead to race conditions and potential bugs.
2026-05-11 15:20:55,611 : INFO : EventManager : Unordered handler for class ConfigPlayer.variable_player/variables on event s_ramp_inner_exit_active with priority 200. Handlers: [RegisteredHandler(callback=<bound method ConfigPlayer.config_play_callback of ConfigPlayer.variable_player/variables>, priority=200, kwargs={'calling_context': 's_ramp_inner_exit_active', 'mode': <Mode.pilot_mission_qualifier>, 'settings': {'previous_switch_type': {'action': 'set', 'int': <NativeTemplate 0>, 'priority': 0, 'float': None, 'string': None, 'block': False, 'player': None, 'condition': None}}}, key=UUID('a9d5335c-dcf9-463c-9e46-de14ef4a5d08'), condition=None, blocking_facility=None), RegisteredHandler(callback=<bound method ConfigPlayer.config_play_callback of ConfigPlayer.variable_player/variables>, priority=200, kwargs={'calling_context': 's_ramp_inner_exit_active', 'mode': <Mode.iceman_letters>, 'settings': {'right_post_locked_out': {'action': 'set', 'int': <NativeTemplate 1>, 'priority': 0, 'float': None, 'string': None, 'block': False, 'player': None, 'condition': None}}}, key=UUID('45b7dcea-02bf-4e93-8913-1f9b6621913b'), condition=None, blocking_facility=None)]. The order of those handlers is not defined and they will be executed in random order. This might lead to race conditions and potential bugs.
2026-05-11 15:20:55,612 : INFO : EventManager : Unordered handler for class ConfigPlayer.variable_player/variables on event s_ramp_inner_exit_active with priority 200. Handlers: [RegisteredHandler(callback=<bound method ConfigPlayer.config_play_callback of ConfigPlayer.variable_player/variables>, priority=200, kwargs={'calling_context': 's_ramp_inner_exit_active', 'mode': <Mode.pilot_mission_qualifier>, 'settings': {'previous_switch_type': {'action': 'set', 'int': <NativeTemplate 0>, 'priority': 0, 'float': None, 'string': None, 'block': False, 'player': None, 'condition': None}}}, key=UUID('a9d5335c-dcf9-463c-9e46-de14ef4a5d08'), condition=None, blocking_facility=None), RegisteredHandler(callback=<bound method ConfigPlayer.config_play_callback of ConfigPlayer.variable_player/variables>, priority=200, kwargs={'calling_context': 's_ramp_inner_exit_active', 'mode': <Mode.iceman_letters>, 'settings': {'right_post_locked_out': {'action': 'set', 'int': <NativeTemplate 1>, 'priority': 0, 'float': None, 'string': None, 'block': False, 'player': None, 'condition': None}}}, key=UUID('45b7dcea-02bf-4e93-8913-1f9b6621913b'), condition=None, blocking_facility=None)]. The order of those handlers is not defined and they will be executed in random order. This might lead to race conditions and potential bugs.
2026-05-11 15:20:55,613 : INFO : EventManager : Unordered handler for class ConfigPlayer.event_player/events on event mode_battle_jester_started with priority 200. Handlers: [RegisteredHandler(callback=<bound method ConfigPlayer.config_play_callback of ConfigPlayer.event_player/events>, priority=200, kwargs={'calling_context': 'mode_battle_jester_started', 'mode': <Mode.pilot_mission_qualifier>, 'settings': {'reset_topgun_letters': [{'condition': None, 'number': None, 'priority': 0, 'params': {}}], 'check_all_pilot_modes_played': [{'condition': None, 'number': None, 'priority': 0, 'params': {}}], 'ball_search_reset': [{'condition': None, 'number': None, 'priority': 0, 'params': {}}], 'ball_search_block': [{'condition': None, 'number': None, 'priority': 0, 'params': {}}]}}, key=UUID('693d2ccb-2027-4fc0-a246-4872b40e0cc4'), condition=None, blocking_facility=None), RegisteredHandler(callback=<bound method ConfigPlayer.config_play_callback of ConfigPlayer.event_player/events>, priority=200, kwargs={'calling_context': 'mode_battle_jester_started', 'mode': <Mode.iceman_letters>, 'settings': {'stop_all_training_pulse_shows': [{'condition': None, 'number': None, 'priority': 0, 'params': {}}]}}, key=UUID('90ed906a-b699-4091-9aac-e997176850a6'), condition=None, blocking_facility=None)]. The order of those handlers is not defined and they will be executed in random order. This might lead to race conditions and potential bugs.
2026-05-11 15:20:55,613 : INFO : EventManager : Unordered handler for class ConfigPlayer.event_player/events on event mode_battle_jester_started with priority 200. Handlers: [RegisteredHandler(callback=<bound method ConfigPlayer.config_play_callback of ConfigPlayer.event_player/events>, priority=200, kwargs={'calling_context': 'mode_battle_jester_started', 'mode': <Mode.pilot_mission_qualifier>, 'settings': {'reset_topgun_letters': [{'condition': None, 'number': None, 'priority': 0, 'params': {}}], 'check_all_pilot_modes_played': [{'condition': None, 'number': None, 'priority': 0, 'params': {}}], 'ball_search_reset': [{'condition': None, 'number': None, 'priority': 0, 'params': {}}], 'ball_search_block': [{'condition': None, 'number': None, 'priority': 0, 'params': {}}]}}, key=UUID('693d2ccb-2027-4fc0-a246-4872b40e0cc4'), condition=None, blocking_facility=None), RegisteredHandler(callback=<bound method ConfigPlayer.config_play_callback of ConfigPlayer.event_player/events>, priority=200, kwargs={'calling_context': 'mode_battle_jester_started', 'mode': <Mode.iceman_letters>, 'settings': {'stop_all_training_pulse_shows': [{'condition': None, 'number': None, 'priority': 0, 'params': {}}]}}, key=UUID('90ed906a-b699-4091-9aac-e997176850a6'), condition=None, blocking_facility=None)]. The order of those handlers is not defined and they will be executed in random order. This might lead to race conditions and potential bugs.
2026-05-11 15:20:55,613 : INFO : EventManager : Unordered handler for class ConfigPlayer.event_player/events on event mode_battle_jester_started with priority 200. Handlers: [RegisteredHandler(callback=<bound method ConfigPlayer.config_play_callback of ConfigPlayer.event_player/events>, priority=200, kwargs={'calling_context': 'mode_battle_jester_started', 'mode': <Mode.pilot_mission_qualifier>, 'settings': {'reset_topgun_letters': [{'condition': None, 'number': None, 'priority': 0, 'params': {}}], 'check_all_pilot_modes_played': [{'condition': None, 'number': None, 'priority': 0, 'params': {}}], 'ball_search_reset': [{'condition': None, 'number': None, 'priority': 0, 'params': {}}], 'ball_search_block': [{'condition': None, 'number': None, 'priority': 0, 'params': {}}]}}, key=UUID('693d2ccb-2027-4fc0-a246-4872b40e0cc4'), condition=None, blocking_facility=None), RegisteredHandler(callback=<bound method ConfigPlayer.config_play_callback of ConfigPlayer.event_player/events>, priority=200, kwargs={'calling_context': 'mode_battle_jester_started', 'mode': <Mode.iceman_letters>, 'settings': {'stop_all_training_pulse_shows': [{'condition': None, 'number': None, 'priority': 0, 'params': {}}]}}, key=UUID('90ed906a-b699-4091-9aac-e997176850a6'), condition=None, blocking_facility=None)]. The order of those handlers is not defined and they will be executed in random order. This might lead to race conditions and potential bugs.
2026-05-11 15:20:55,616 : INFO : EventManager : Unordered handler for class ConfigPlayer.event_player/events on event mode_battle_jester_started with priority 200. Handlers: [RegisteredHandler(callback=<bound method ConfigPlayer.config_play_callback of ConfigPlayer.event_player/events>, priority=200, kwargs={'calling_context': 'mode_battle_jester_started', 'mode': <Mode.pilot_mission_qualifier>, 'settings': {'reset_topgun_letters': [{'condition': None, 'number': None, 'priority': 0, 'params': {}}], 'check_all_pilot_modes_played': [{'condition': None, 'number': None, 'priority': 0, 'params': {}}], 'ball_search_reset': [{'condition': None, 'number': None, 'priority': 0, 'params': {}}], 'ball_search_block': [{'condition': None, 'number': None, 'priority': 0, 'params': {}}]}}, key=UUID('693d2ccb-2027-4fc0-a246-4872b40e0cc4'), condition=None, blocking_facility=None), RegisteredHandler(callback=<bound method ConfigPlayer.config_play_callback of ConfigPlayer.event_player/events>, priority=200, kwargs={'calling_context': 'mode_battle_jester_started', 'mode': <Mode.iceman_letters>, 'settings': {'stop_all_training_pulse_shows': [{'condition': None, 'number': None, 'priority': 0, 'params': {}}]}}, key=UUID('90ed906a-b699-4091-9aac-e997176850a6'), condition=None, blocking_facility=None)]. The order of those handlers is not defined and they will be executed in random order. This might lead to race conditions and potential bugs.
2026-05-11 15:20:55,616 : INFO : EventManager : Unordered handler for class ConfigPlayer.variable_player/variables on event ball_will_end with priority 200. Handlers: [RegisteredHandler(callback=<bound method ConfigPlayer.config_play_callback of ConfigPlayer.variable_player/variables>, priority=200, kwargs={'calling_context': 'ball_will_end', 'mode': <Mode.pilot_mission_qualifier>, 'settings': {'mystery_just_lit_pilot': {'action': 'set', 'int': <NativeTemplate 0>, 'priority': 0, 'float': None, 'string': None, 'block': False, 'player': None, 'condition': None}, 'scoop_release_pending': {'action': 'set', 'int': <NativeTemplate 0>, 'priority': 0, 'float': None, 'string': None, 'block': False, 'player': None, 'condition': None}}}, key=UUID('7938edd2-89e1-4e5b-8f9e-0e9efadab5c1'), condition=None, blocking_facility=None), RegisteredHandler(callback=<bound method ConfigPlayer.config_play_callback of ConfigPlayer.variable_player/variables>, priority=200, kwargs={'calling_context': 'ball_will_end', 'mode': <Mode.mig_letters>, 'settings': {'mig_letter_m': {'action': 'set', 'int': <NativeTemplate 0>, 'priority': 0, 'float': None, 'string': None, 'block': False, 'player': None, 'condition': None}, 'mig_letter_i': {'action': 'set', 'int': <NativeTemplate 0>, 'priority': 0, 'float': None, 'string': None, 'block': False, 'player': None, 'condition': None}, 'mig_letter_g': {'action': 'set', 'int': <NativeTemplate 0>, 'priority': 0, 'float': None, 'string': None, 'block': False, 'player': None, 'condition': None}, 'mig_completing': {'action': 'set', 'int': <NativeTemplate 0>, 'priority': 0, 'float': None, 'string': None, 'block': False, 'player': None, 'condition': None}}}, key=UUID('5d8ccf82-9ca8-44fc-8480-efbe4442f9e1'), condition=None, blocking_facility=None)]. The order of those handlers is not defined and they will be executed in random order. This might lead to race conditions and potential bugs.
2026-05-11 15:20:55,617 : INFO : EventManager : Event: ======'mode_battle_jester_starting'====== Args={'priority': 0}
2026-05-11 15:20:55,617 : INFO : Mode.battle_jester : Started. Priority: 600
2026-05-11 15:20:55,617 : INFO : EventManager : Event: ======'modes_active_modes_changed'====== Args={}
2026-05-11 15:20:55,617 : INFO : EventManager : Event: ======'mode_battle_jester_started'====== Args={'priority': 0}
2026-05-11 15:20:55,617 : INFO : EventManager : Event: ======'barrier_raise'====== Args={'priority': 0}
2026-05-11 15:20:55,618 : INFO : EventManager : Event: ======'player_missiles_perk_blocked'====== Args={'value': 0, 'prev_value': 0, 'change': 0, 'player_num': 1, 'source': 'battle_jester'}
2026-05-11 15:20:55,618 : INFO : EventManager : Event: ======'player_pilot_mode_active'====== Args={'value': 1, 'prev_value': 0, 'change': 1, 'player_num': 1, 'source': 'battle_jester'}
2026-05-11 15:20:55,618 : INFO : EventManager : Event: ======'player_bonus_delay_time'====== Args={'value': 5, 'prev_value': 0, 'change': 5, 'player_num': 1, 'source': 'battle_jester'}
2026-05-11 15:20:55,618 : INFO : EventManager : Event: ======'player_letter_collection_paused'====== Args={'value': 1, 'prev_value': 0, 'change': 1, 'player_num': 1, 'source': 'battle_jester'}
2026-05-11 15:20:55,618 : INFO : EventManager : Event: ======'player_pilot_missions_played'====== Args={'value': 1, 'prev_value': 0, 'change': 1, 'player_num': 1, 'source': 'battle_jester'}
2026-05-11 15:20:55,618 : INFO : EventManager : Event: ======'player_battle_jester_step'====== Args={'value': 0, 'prev_value': 0, 'change': 0, 'player_num': 1, 'source': 'battle_jester'}
2026-05-11 15:20:55,618 : INFO : EventManager : Event: ======'player_battle_jester_complete_flag'====== Args={'value': 0, 'prev_value': 0, 'change': 0, 'player_num': 1, 'source': 'battle_jester'}
2026-05-11 15:20:55,618 : INFO : EventManager : Event: ======'player_battle_jester_shots_remaining'====== Args={'value': 11, 'prev_value': 0, 'change': 11, 'player_num': 1, 'source': 'battle_jester'}
2026-05-11 15:20:55,618 : INFO : EventManager : Event: ======'player_battle_jester_points_bank'====== Args={'value': 0, 'prev_value': 0, 'change': 0, 'player_num': 1, 'source': 'battle_jester'}
2026-05-11 15:20:55,618 : INFO : EventManager : Event: ======'player_battle_jester_points_awarded'====== Args={'value': 0, 'prev_value': 0, 'change': 0, 'player_num': 1, 'source': 'battle_jester'}
2026-05-11 15:20:55,618 : INFO : EventManager : Event: ======'player_battle_jester_ramps_hit'====== Args={'value': 0, 'prev_value': 0, 'change': 0, 'player_num': 1, 'source': 'battle_jester'}
2026-05-11 15:20:55,619 : INFO : EventManager : Event: ======'player_battle_jester_tower_choice'====== Args={'value': 0, 'prev_value': 0, 'change': 0, 'player_num': 1, 'source': 'battle_jester'}
2026-05-11 15:20:55,619 : INFO : EventManager : Event: ======'player_battle_jester_tower_challenge_timer_tick'====== Args={'value': 20, 'prev_value': 0, 'change': 20, 'player_num': 1, 'source': 'battle_jester'}
2026-05-11 15:20:55,619 : INFO : EventManager : Event: ======'reset_topgun_letters'====== Args={'priority': 0}
2026-05-11 15:20:55,619 : INFO : EventManager : Event: ======'check_all_pilot_modes_played'====== Args={'priority': 0}
2026-05-11 15:20:55,619 : INFO : EventManager : Event: ======'ball_search_reset'====== Args={'priority': 0}
2026-05-11 15:20:55,619 : INFO : EventManager : Event: ======'ball_search_block'====== Args={'priority': 0}
2026-05-11 15:20:55,619 : INFO : EventManager : Event: ======'player_qualified_mode_number'====== Args={'value': 0, 'prev_value': 4, 'change': -4, 'player_num': 1, 'source': 'pilot_mission_qualifier'}
2026-05-11 15:20:55,619 : INFO : EventManager : Event: ======'stop_all_training_pulse_shows'====== Args={'priority': 0}
2026-05-11 15:20:55,619 : INFO : Timer.battle_jester_intro_video_delay : Starting Timer.
2026-05-11 15:20:55,619 : INFO : EventManager : Event: ======'timer_battle_jester_intro_video_delay_started'====== Args={'ticks': 0, 'ticks_remaining': 8}
2026-05-11 15:20:55,619 : INFO : EventManager : Event: ======'timer_battle_jester_intro_video_delay_tick'====== Args={'ticks': 0, 'ticks_remaining': 8}
2026-05-11 15:20:55,620 : INFO : coil.c_mode_barrier : Disabling Driver
2026-05-11 15:20:55,620 : INFO : EventManager : Event: ======'player_scoop_release_pending'====== Args={'value': 0, 'prev_value': 0, 'change': 0, 'player_num': 1, 'source': 'pilot_mission_qualifier'}
2026-05-11 15:20:55,620 : INFO : Timer.global_scoop_eject_delay : Stopping Timer
2026-05-11 15:20:55,620 : INFO : EventManager : Event: ======'timer_global_scoop_eject_delay_stopped'====== Args={'ticks': 0, 'ticks_remaining': 0}
2026-05-11 15:20:55,620 : INFO : EventManager : Event: ======'player_mystery_just_lit_pilot'====== Args={'value': 0, 'prev_value': 0, 'change': 0, 'player_num': 1, 'source': 'pilot_mission_qualifier'}
2026-05-11 15:20:55,620 : INFO : EventManager : Event: ======'player_missiles_perk_saved'====== Args={'value': 0, 'prev_value': 0, 'change': 0, 'player_num': 1, 'source': 'pilot_mission_qualifier'}
2026-05-11 15:20:55,620 : INFO : EventManager : Event: ======'topgun_letters_reset'====== Args={'priority': 0}
2026-05-11 15:20:55,621 : INFO : EventManager : Event: ======'update_training_qual_lights'====== Args={'priority': 0}
2026-05-11 15:20:55,634 : INFO : EventManager : Event: ======'slide_battle_jester_shots_remaining_created'====== Args={'_from_bcp': True}
2026-05-11 15:20:55,651 : INFO : EventManager : Event: ======'player_ball_save_ball_save_countdown_tick'====== Args={'value': 3, 'prev_value': 4, 'change': -1, 'player_num': 1}
2026-05-11 15:20:55,651 : INFO : EventManager : Event: ======'timer_ball_save_countdown_tick'====== Args={'ticks': 3, 'ticks_remaining': 3}
2026-05-11 15:20:55,652 : INFO : EventManager : Event: ======'slide_battle_jester_intro_video_created'====== Args={'_from_bcp': True}
2026-05-11 15:20:55,652 : INFO : EventManager : Event: ======'ball_save_flash_fast'====== Args={'priority': 0}
2026-05-11 15:20:55,652 : INFO : EventManager : Event: ======'player_ball_save_time_remaining'====== Args={'value': 3, 'prev_value': 4, 'change': -1, 'player_num': 1, 'source': 'ball_save'}
2026-05-11 15:20:55,670 : INFO : EventManager : Event: ======'slide_battle_jester_step_1_instructions_created'====== Args={'_from_bcp': True}
2026-05-11 15:20:55,671 : INFO : EventManager : Event: ======'slide_mach_1_inactive'====== Args={'is_removing': False, '_from_bcp': True}
2026-05-11 15:20:55,671 : INFO : EventManager : Event: ======'slide_battle_jester_shots_remaining_active'====== Args={'original_context': 'battle_jester', 'original_calling_context': 'mode_battle_jester_started', 'priority': 600.0, 'cmd': 'slides_play', '_from_bcp': True}
2026-05-11 15:20:55,673 : INFO : EventManager : Event: ======'slide_battle_jester_timer_created'====== Args={'_from_bcp': True}
2026-05-11 15:20:55,675 : INFO : EventManager : Event: ======'slide_battle_jester_shots_remaining_inactive'====== Args={'is_removing': False, '_from_bcp': True}
2026-05-11 15:20:55,675 : INFO : EventManager : Event: ======'slide_battle_jester_timer_active'====== Args={'original_context': 'battle_jester', 'original_calling_context': 'mode_battle_jester_started{current_player.afterburner_perk_active==0}', 'priority': 600.0, 'cmd': 'slides_play', '_from_bcp': True}
2026-05-11 15:20:55,675 : INFO : EventManager : Event: ======'slide_topgun_6_removed'====== Args={'_from_bcp': True}
2026-05-11 15:20:55,676 : INFO : EventManager : Event: ======'slide_topgun_0_created'====== Args={'_from_bcp': True}
2026-05-11 15:20:55,887 : INFO : EventManager : Event: ======'balldevice_bd_mode_scoop_ball_count_changed'====== Args={'balls': 1}
2026-05-11 15:20:55,887 : INFO : ball_device.bd_mode_scoop : Received unexpected ball
2026-05-11 15:20:55,888 : INFO : EventManager : Event: ======'balldevice_captured_from_playfield'====== Args={'balls': 1}
2026-05-11 15:20:55,888 : INFO : EventManager : Event: ======'sw_playfield_active'====== Args={'balls': 1}
2026-05-11 15:20:55,888 : INFO : EventManager : Event: ======'playfield_ball_count_change'====== Args={'balls': 0, 'change': -1}
2026-05-11 15:20:55,889 : INFO : EventManager : Event: ======'balldevice_bd_mode_scoop_ball_enter'====== Args={'new_balls': 1, 'unclaimed_balls': 1, 'new_available_balls': 1, 'device': <ball_device.bd_mode_scoop>}
2026-05-11 15:20:55,890 : INFO : EventManager : Event: ======'ball_hold_battle_jester_scoop_hold_held_ball'====== Args={'balls_held': 1, 'total_balls_held': 1}
2026-05-11 15:20:55,890 : INFO : EventManager : Event: ======'ball_hold_battle_jester_scoop_hold_full'====== Args={'balls': 1}
2026-05-11 15:20:55,890 : INFO : EventManager : Event: ======'balldevice_balls_available'====== Args={}
2026-05-11 15:20:55,890 : INFO : EventManager : Event: ======'balldevice_bd_mode_scoop_ball_entered'====== Args={'new_balls': 1, 'device': <ball_device.bd_mode_scoop>}
2026-05-11 15:20:56,609 : INFO : EventManager : Event: ======'player_battle_jester_battle_jester_intro_video_delay_tick'====== Args={'value': 1, 'prev_value': 0, 'change': 1, 'player_num': 1}
2026-05-11 15:20:56,609 : INFO : EventManager : Event: ======'timer_battle_jester_intro_video_delay_tick'====== Args={'ticks': 1, 'ticks_remaining': 7}
2026-05-11 15:20:56,656 : INFO : EventManager : Event: ======'ball_save_new_ball_save_hurry_up'====== Args={}
2026-05-11 15:20:56,656 : INFO : EventManager : Event: ======'player_ball_save_ball_save_countdown_tick'====== Args={'value': 2, 'prev_value': 3, 'change': -1, 'player_num': 1}
2026-05-11 15:20:56,656 : INFO : EventManager : Event: ======'timer_ball_save_countdown_tick'====== Args={'ticks': 2, 'ticks_remaining': 2}
2026-05-11 15:20:56,657 : INFO : EventManager : Event: ======'ball_save_flash_off'====== Args={'priority': 0}
2026-05-11 15:20:56,657 : INFO : EventManager : Event: ======'player_ball_save_time_remaining'====== Args={'value': 2, 'prev_value': 3, 'change': -1, 'player_num': 1, 'source': 'ball_save'}
2026-05-11 15:20:56,735 : INFO : SwitchController : <<<<<<< 's_flipper_right' active >>>>>>>
2026-05-11 15:20:56,735 : INFO : EventManager : Event: ======'s_flipper_right_active'====== Args={}
2026-05-11 15:20:56,736 : INFO : EventManager : Event: ======'machine_var_audits_switches_s_flipper_right'====== Args={'value': 54756, 'prev_value': 54755, 'change': 1}
2026-05-11 15:20:56,737 : INFO : EventManager : Event: ======'battle_jester_check_skip_intro'====== Args={'priority': 0}
2026-05-11 15:20:56,737 : INFO : EventManager : Event: ======'goose_rotate_right_execute'====== Args={'priority': 0}
2026-05-11 15:20:56,737 : INFO : EventManager : Event: ======'mig_rotate_right_execute'====== Args={'priority': 0}
2026-05-11 15:20:56,737 : INFO : EventManager : Event: ======'player_mig_temp_g'====== Args={'value': 1, 'prev_value': 0, 'change': 1, 'player_num': 1, 'source': 'mig_letters'}
2026-05-11 15:20:56,737 : INFO : EventManager : Event: ======'ball_search_reset'====== Args={'priority': 0}
2026-05-11 15:20:56,737 : INFO : EventManager : Event: ======'player_mig_letter_m'====== Args={'value': 1, 'prev_value': 0, 'change': 1, 'player_num': 1, 'source': 'mig_letters'}
2026-05-11 15:20:56,737 : INFO : EventManager : Event: ======'player_mig_letter_g'====== Args={'value': 0, 'prev_value': 1, 'change': -1, 'player_num': 1, 'source': 'mig_letters'}
2026-05-11 15:20:56,766 : INFO : SwitchController : <<<<<<< 's_flipper_right_eos' active >>>>>>>
2026-05-11 15:20:56,766 : INFO : EventManager : Event: ======'machine_var_audits_switches_s_flipper_right_eos'====== Args={'value': 49227, 'prev_value': 49226, 'change': 1}
2026-05-11 15:20:56,767 : INFO : SwitchController : <<<<<<< 's_flipper_left' active >>>>>>>
2026-05-11 15:20:56,767 : INFO : EventManager : Event: ======'s_flipper_left_active'====== Args={}
2026-05-11 15:20:56,767 : INFO : EventManager : Event: ======'flipper_cancel'====== Args={'triggering_group': 1, 'triggering_switch': 's_flipper_left'}
2026-05-11 15:20:56,767 : INFO : EventManager : Event: ======'machine_var_audits_switches_s_flipper_left'====== Args={'value': 56563, 'prev_value': 56562, 'change': 1}
2026-05-11 15:20:56,768 : INFO : SwitchController : <<<<<<< 's_flipper_left_upper' active >>>>>>>
2026-05-11 15:20:56,768 : INFO : EventManager : Event: ======'machine_var_audits_switches_s_flipper_left_upper'====== Args={'value': 55882, 'prev_value': 55881, 'change': 1}
2026-05-11 15:20:56,769 : INFO : EventManager : Event: ======'battle_jester_check_skip_intro'====== Args={'priority': 0}
2026-05-11 15:20:56,769 : INFO : EventManager : Event: ======'goose_rotate_left_execute'====== Args={'priority': 0}
2026-05-11 15:20:56,769 : INFO : EventManager : Event: ======'mig_rotate_left_execute'====== Args={'priority': 0}
2026-05-11 15:20:56,770 : INFO : EventManager : Event: ======'player_mig_temp_m'====== Args={'value': 1, 'prev_value': 0, 'change': 1, 'player_num': 1, 'source': 'mig_letters'}
2026-05-11 15:20:56,770 : INFO : EventManager : Event: ======'player_mig_temp_g'====== Args={'value': 0, 'prev_value': 1, 'change': -1, 'player_num': 1, 'source': 'mig_letters'}
2026-05-11 15:20:56,770 : INFO : EventManager : Event: ======'status_mode_entry_both_held'====== Args={'priority': 0}
2026-05-11 15:20:56,770 : INFO : EventManager : Event: ======'ball_search_reset'====== Args={'priority': 0}
2026-05-11 15:20:56,770 : INFO : EventManager : Event: ======'battle_jester_skip_intro'====== Args={'priority': 0}
2026-05-11 15:20:56,770 : INFO : EventManager : Event: ======'barrier_drop'====== Args={'priority': 0}
2026-05-11 15:20:56,770 : INFO : EventManager : Event: ======'battle_jester_ball_released'====== Args={'priority': 0}
2026-05-11 15:20:56,770 : INFO : EventManager : Event: ======'battle_jester_setup_step_1'====== Args={'priority': 0}
2026-05-11 15:20:56,771 : INFO : Timer.battle_jester_intro_video_delay : Stopping Timer
2026-05-11 15:20:56,771 : INFO : EventManager : Event: ======'timer_battle_jester_intro_video_delay_stopped'====== Args={'ticks': 1, 'ticks_remaining': 7}
2026-05-11 15:20:56,771 : INFO : coil.c_mode_barrier : Enabling Driver with power 0.25 (pulse_ms 45ms and pulse_power 0.75)
2026-05-11 15:20:56,771 : INFO : ball_device.bd_mode_scoop : Adding 1 ball(s) to the eject_queue with target <playfield.playfield>.
2026-05-11 15:20:56,771 : INFO : EventManager : Event: ======'balldevice_balls_available'====== Args={}
2026-05-11 15:20:56,771 : INFO : EventManager : Event: ======'ball_hold_battle_jester_scoop_hold_balls_released'====== Args={'balls_released': 1}
2026-05-11 15:20:56,772 : INFO : Timer.battle_jester_barrier_delay : Starting Timer.
2026-05-11 15:20:56,772 : INFO : EventManager : Event: ======'timer_battle_jester_barrier_delay_started'====== Args={'ticks': 0, 'ticks_remaining': 2}
2026-05-11 15:20:56,772 : INFO : EventManager : Event: ======'timer_battle_jester_barrier_delay_tick'====== Args={'ticks': 0, 'ticks_remaining': 2}
2026-05-11 15:20:56,772 : INFO : EventManager : Event: ======'player_mig_letter_m'====== Args={'value': 0, 'prev_value': 1, 'change': -1, 'player_num': 1, 'source': 'mig_letters'}
2026-05-11 15:20:56,773 : INFO : EventManager : Event: ======'player_mig_letter_g'====== Args={'value': 1, 'prev_value': 0, 'change': 1, 'player_num': 1, 'source': 'mig_letters'}
2026-05-11 15:20:56,773 : INFO : Timer.status_mode_entry : Starting Timer.
2026-05-11 15:20:56,773 : INFO : EventManager : Event: ======'timer_status_mode_entry_started'====== Args={'ticks': 0, 'ticks_remaining': 4}
2026-05-11 15:20:56,773 : INFO : EventManager : Event: ======'timer_status_mode_entry_tick'====== Args={'ticks': 0, 'ticks_remaining': 4}
2026-05-11 15:20:56,778 : INFO : ball_device.bd_mode_scoop : State: waiting_for_target_ready
2026-05-11 15:20:56,778 : INFO : EventManager : Event: ======'balldevice_bd_mode_scoop_ball_eject_attempt'====== Args={'balls': 1, 'target': <playfield.playfield>, 'source': <ball_device.bd_mode_scoop>, 'mechanical_eject': False, 'num_attempts': 0}
2026-05-11 15:20:56,779 : INFO : ball_device.bd_mode_scoop : State: ejecting
2026-05-11 15:20:56,779 : INFO : ball_device.bd_mode_scoop : Ejecting ball to <playfield.playfield>
2026-05-11 15:20:56,779 : INFO : EventManager : Event: ======'balldevice_bd_mode_scoop_ejecting_ball'====== Args={'balls': 1, 'target': <playfield.playfield>, 'source': <ball_device.bd_mode_scoop>, 'mechanical_eject': False, 'num_attempts': 0}
2026-05-11 15:20:56,779 : INFO : EventManager : Event: ======'ball_save_scoop_eject_save_timer_start'====== Args={}
2026-05-11 15:20:56,780 : INFO : EventManager : Event: ======'ball_save_scoop_eject_save_enabled'====== Args={}
2026-05-11 15:20:56,780 : INFO : Timer.scoop_save_countdown : Starting Timer.
2026-05-11 15:20:56,780 : INFO : EventManager : Event: ======'timer_scoop_save_countdown_started'====== Args={'ticks': 5, 'ticks_remaining': 5}
2026-05-11 15:20:56,780 : INFO : EventManager : Event: ======'timer_scoop_save_countdown_tick'====== Args={'ticks': 5, 'ticks_remaining': 5}
2026-05-11 15:20:56,780 : INFO : EventManager : Event: ======'ball_save_flash_medium'====== Args={'priority': 0}
2026-05-11 15:20:56,780 : INFO : EventManager : Event: ======'player_ball_save_time_remaining'====== Args={'value': 5, 'prev_value': 2, 'change': 3, 'player_num': 1, 'source': 'ball_save'}
2026-05-11 15:20:56,781 : INFO : SwitchController : <<<<<<< 's_flipper_left_eos' active >>>>>>>
2026-05-11 15:20:56,781 : INFO : EventManager : Event: ======'machine_var_audits_switches_s_flipper_left_eos'====== Args={'value': 51348, 'prev_value': 51347, 'change': 1}
2026-05-11 15:20:56,782 : INFO : EventManager : Event: ======'slide_battle_jester_intro_video_removed'====== Args={'_from_bcp': True}
2026-05-11 15:20:56,783 : INFO : ball_device.bd_mode_scoop : Wait for ball to leave device
2026-05-11 15:20:56,798 : INFO : SwitchController : <<<<<<< 's_flipper_left_upper_eos' active >>>>>>>
2026-05-11 15:20:56,798 : INFO : EventManager : Event: ======'s_flipper_left_upper_eos_active'====== Args={}
2026-05-11 15:20:56,798 : INFO : EventManager : Event: ======'machine_var_audits_switches_s_flipper_left_upper_eos'====== Args={'value': 63066, 'prev_value': 63065, 'change': 1}
2026-05-11 15:20:56,799 : INFO : EventManager : Event: ======'player_previous_switch_type'====== Args={'value': 2, 'prev_value': 0, 'change': 2, 'player_num': 1, 'source': 'pilot_mission_qualifier'}
2026-05-11 15:20:56,829 : INFO : SwitchController : <<<<<<< 's_flipper_right' inactive >>>>>>>
2026-05-11 15:20:56,829 : INFO : EventManager : Event: ======'s_flipper_right_inactive'====== Args={}
2026-05-11 15:20:56,829 : INFO : EventManager : Event: ======'both_flippers_one'====== Args={'triggering_group': 2, 'triggering_switch': 's_flipper_right'}
2026-05-11 15:20:56,829 : INFO : SwitchController : <<<<<<< 's_flipper_left_upper' inactive >>>>>>>
2026-05-11 15:20:56,830 : INFO : EventManager : Event: ======'status_mode_entry_cancel'====== Args={'priority': 0}
2026-05-11 15:20:56,830 : INFO : Timer.status_mode_entry : Stopping Timer
2026-05-11 15:20:56,831 : INFO : EventManager : Event: ======'timer_status_mode_entry_stopped'====== Args={'ticks': 0, 'ticks_remaining': 4}
2026-05-11 15:20:56,845 : INFO : SwitchController : <<<<<<< 's_flipper_left' inactive >>>>>>>
2026-05-11 15:20:56,845 : INFO : EventManager : Event: ======'s_flipper_left_inactive'====== Args={}
2026-05-11 15:20:56,845 : INFO : EventManager : Event: ======'both_flippers_inactive'====== Args={'triggering_group': 1, 'triggering_switch': 's_flipper_left'}
2026-05-11 15:20:56,876 : INFO : coil.c_mode_outkicker : Pulsing Driver for 35ms (0.75 pulse_power)
2026-05-11 15:20:56,922 : INFO : SwitchController : <<<<<<< 's_mode_start' inactive >>>>>>>
2026-05-11 15:20:56,922 : INFO : EventManager : Event: ======'s_mode_start_inactive'====== Args={}
2026-05-11 15:20:56,922 : INFO : SwitchController : <<<<<<< 's_flipper_right_eos' inactive >>>>>>>
2026-05-11 15:20:56,923 : INFO : EventManager : Event: ======'battle_jester_setup_step_1'====== Args={'priority': 0}
2026-05-11 15:20:56,923 : INFO : Timer.battle_jester_timer : Starting Timer.
2026-05-11 15:20:56,923 : INFO : EventManager : Event: ======'timer_battle_jester_timer_started'====== Args={'ticks': 120, 'ticks_remaining': 120}
2026-05-11 15:20:56,923 : INFO : EventManager : Event: ======'timer_battle_jester_timer_tick'====== Args={'ticks': 120, 'ticks_remaining': 120}
2026-05-11 15:20:56,923 : INFO : Timer.battle_jester_step_1_timer : Starting Timer.
2026-05-11 15:20:56,923 : INFO : EventManager : Event: ======'timer_battle_jester_step_1_timer_started'====== Args={'ticks': 0, 'ticks_remaining': 30}
2026-05-11 15:20:56,923 : INFO : EventManager : Event: ======'timer_battle_jester_step_1_timer_tick'====== Args={'ticks': 0, 'ticks_remaining': 30}
2026-05-11 15:20:56,926 : INFO : ball_device.bd_mode_scoop : State: ball_left
2026-05-11 15:20:56,926 : INFO : ball_device.bd_mode_scoop : Ball left
2026-05-11 15:20:56,926 : INFO : ball_device.bd_mode_scoop : Wait for confirm with timeout 3.0
2026-05-11 15:20:56,938 : INFO : SwitchController : <<<<<<< 's_flipper_left_eos' inactive >>>>>>>
2026-05-11 15:20:56,938 : INFO : SwitchController : <<<<<<< 's_flipper_left_upper_eos' inactive >>>>>>>
2026-05-11 15:20:57,660 : INFO : EventManager : Event: ======'player_ball_save_ball_save_countdown_tick'====== Args={'value': 1, 'prev_value': 2, 'change': -1, 'player_num': 1}
2026-05-11 15:20:57,660 : INFO : EventManager : Event: ======'timer_ball_save_countdown_tick'====== Args={'ticks': 1, 'ticks_remaining': 1}
2026-05-11 15:20:57,661 : INFO : EventManager : Event: ======'ball_save_flash_off'====== Args={'priority': 0}
2026-05-11 15:20:57,661 : INFO : EventManager : Event: ======'player_ball_save_time_remaining'====== Args={'value': 1, 'prev_value': 5, 'change': -4, 'player_num': 1, 'source': 'ball_save'}
2026-05-11 15:20:57,785 : INFO : EventManager : Event: ======'player_battle_jester_battle_jester_barrier_delay_tick'====== Args={'value': 1, 'prev_value': 0, 'change': 1, 'player_num': 1}
2026-05-11 15:20:57,785 : INFO : EventManager : Event: ======'timer_battle_jester_barrier_delay_tick'====== Args={'ticks': 1, 'ticks_remaining': 1}
2026-05-11 15:20:57,785 : INFO : EventManager : Event: ======'player_ball_save_scoop_save_countdown_tick'====== Args={'value': 4, 'prev_value': 5, 'change': -1, 'player_num': 1}
2026-05-11 15:20:57,785 : INFO : EventManager : Event: ======'timer_scoop_save_countdown_tick'====== Args={'ticks': 4, 'ticks_remaining': 4}
2026-05-11 15:20:57,786 : INFO : EventManager : Event: ======'ball_save_flash_medium'====== Args={'priority': 0}
2026-05-11 15:20:57,786 : INFO : EventManager : Event: ======'player_ball_save_time_remaining'====== Args={'value': 4, 'prev_value': 1, 'change': 3, 'player_num': 1, 'source': 'ball_save'}
2026-05-11 15:20:57,909 : INFO : EventManager : Event: ======'player_battle_jester_battle_jester_timer_tick'====== Args={'value': 119, 'prev_value': 120, 'change': -1, 'player_num': 1}
2026-05-11 15:20:57,909 : INFO : EventManager : Event: ======'timer_battle_jester_timer_tick'====== Args={'ticks': 119, 'ticks_remaining': 119}
2026-05-11 15:20:57,909 : INFO : EventManager : Event: ======'player_battle_jester_battle_jester_step_1_timer_tick'====== Args={'value': 1, 'prev_value': 0, 'change': 1, 'player_num': 1}
2026-05-11 15:20:57,909 : INFO : EventManager : Event: ======'timer_battle_jester_step_1_timer_tick'====== Args={'ticks': 1, 'ticks_remaining': 29}
2026-05-11 15:20:58,456 : INFO : SwitchController : <<<<<<< 's_orbit_left' active >>>>>>>
2026-05-11 15:20:58,456 : INFO : EventManager : Event: ======'s_orbit_left_active'====== Args={}
2026-05-11 15:20:58,456 : INFO : EventManager : Event: ======'sw_playfield_active'====== Args={}
2026-05-11 15:20:58,456 : INFO : EventManager : Event: ======'machine_var_audits_switches_s_orbit_left'====== Args={'value': 8481, 'prev_value': 8480, 'change': 1}
2026-05-11 15:20:58,458 : INFO : EventManager : Event: ======'player_previous_switch_type'====== Args={'value': 1, 'prev_value': 2, 'change': -1, 'player_num': 1, 'source': 'pilot_mission_qualifier'}
2026-05-11 15:20:58,458 : INFO : EventManager : Event: ======'player_hd_sw_orbit_left'====== Args={'value': 2, 'prev_value': 1, 'change': 1, 'player_num': 1, 'source': 'hard_deck_qualifiers'}
2026-05-11 15:20:58,458 : INFO : EventManager : Event: ======'player_score'====== Args={'value': 383000, 'prev_value': 375000, 'change': 8000, 'player_num': 1, 'source': 'base'}
2026-05-11 15:20:58,458 : INFO : EventManager : Event: ======'player_bonus_switches_count'====== Args={'value': 37, 'prev_value': 36, 'change': 1, 'player_num': 1, 'source': 'base'}
2026-05-11 15:20:58,458 : INFO : EventManager : Event: ======'player_pilot_mission_qualifier_left_orbit_shot_timeout_tick'====== Args={'value': 0, 'prev_value': 3, 'change': -3, 'player_num': 1}
2026-05-11 15:20:58,459 : INFO : Timer.left_orbit_shot_timeout : Starting Timer.
2026-05-11 15:20:58,459 : INFO : EventManager : Event: ======'timer_left_orbit_shot_timeout_started'====== Args={'ticks': 0, 'ticks_remaining': 3}
2026-05-11 15:20:58,459 : INFO : EventManager : Event: ======'timer_left_orbit_shot_timeout_tick'====== Args={'ticks': 0, 'ticks_remaining': 3}
2026-05-11 15:20:58,459 : INFO : EventManager : Event: ======'player_hd_switches_completed'====== Args={'value': 3, 'prev_value': 2, 'change': 1, 'player_num': 1, 'source': 'hard_deck_qualifiers'}
2026-05-11 15:20:58,459 : INFO : EventManager : Event: ======'playfield_active'====== Args={'source': None}
2026-05-11 15:20:58,468 : INFO : ball_device.bd_mode_scoop : Got eject confirm
2026-05-11 15:20:58,468 : INFO : ball_device.bd_mode_scoop : Eject successful
2026-05-11 15:20:58,468 : INFO : EventManager : Event: ======'balldevice_bd_mode_scoop_ball_eject_success'====== Args={'balls': 1, 'target': <playfield.playfield>}
2026-05-11 15:20:58,469 : INFO : EventManager : Event: ======'balldevice_playfield_ball_enter'====== Args={'new_balls': 1, 'unclaimed_balls': 1, 'device': <playfield.playfield>}
2026-05-11 15:20:58,470 : INFO : EventManager : Event: ======'playfield_ball_count_change'====== Args={'balls': 1, 'change': 1}
2026-05-11 15:20:58,470 : INFO : EventManager : Event: ======'balldevice_bd_mode_scoop_ball_count_changed'====== Args={'balls': 0}
2026-05-11 15:20:58,470 : INFO : ball_device.bd_mode_scoop : State: idle
2026-05-11 15:20:58,471 : INFO : SwitchController : <<<<<<< 's_orbit_left' inactive >>>>>>>
2026-05-11 15:20:58,660 : INFO : EventManager : Event: ======'player_ball_save_ball_save_countdown_tick'====== Args={'value': 0, 'prev_value': 1, 'change': -1, 'player_num': 1}
2026-05-11 15:20:58,660 : INFO : Timer.ball_save_countdown : Timer Complete
2026-05-11 15:20:58,661 : INFO : Timer.ball_save_countdown : Stopping Timer
2026-05-11 15:20:58,661 : INFO : EventManager : Event: ======'timer_ball_save_countdown_stopped'====== Args={'ticks': 0, 'ticks_remaining': 1}
2026-05-11 15:20:58,661 : INFO : EventManager : Event: ======'timer_ball_save_countdown_complete'====== Args={'ticks': 0, 'ticks_remaining': 1}
2026-05-11 15:20:58,661 : INFO : EventManager : Event: ======'ball_save_new_ball_save_grace_period'====== Args={}
2026-05-11 15:20:58,661 : INFO : EventManager : Event: ======'ball_save_flash_stop'====== Args={'priority': 0}
2026-05-11 15:20:58,783 : INFO : EventManager : Event: ======'player_battle_jester_battle_jester_barrier_delay_tick'====== Args={'value': 2, 'prev_value': 1, 'change': 1, 'player_num': 1}
2026-05-11 15:20:58,783 : INFO : Timer.battle_jester_barrier_delay : Timer Complete
2026-05-11 15:20:58,783 : INFO : Timer.battle_jester_barrier_delay : Stopping Timer
2026-05-11 15:20:58,783 : INFO : EventManager : Event: ======'timer_battle_jester_barrier_delay_stopped'====== Args={'ticks': 2, 'ticks_remaining': 1}
2026-05-11 15:20:58,783 : INFO : EventManager : Event: ======'timer_battle_jester_barrier_delay_complete'====== Args={'ticks': 2, 'ticks_remaining': 1}
2026-05-11 15:20:58,784 : INFO : EventManager : Event: ======'player_ball_save_scoop_save_countdown_tick'====== Args={'value': 3, 'prev_value': 4, 'change': -1, 'player_num': 1}
2026-05-11 15:20:58,784 : INFO : EventManager : Event: ======'timer_scoop_save_countdown_tick'====== Args={'ticks': 3, 'ticks_remaining': 3}
2026-05-11 15:20:58,784 : INFO : EventManager : Event: ======'battle_jester_barrier_raise'====== Args={'priority': 0}
2026-05-11 15:20:58,784 : INFO : EventManager : Event: ======'barrier_raise'====== Args={'priority': 0}
2026-05-11 15:20:58,784 : INFO : coil.c_mode_barrier : Disabling Driver
2026-05-11 15:20:58,785 : INFO : Timer.global_scoop_eject_delay : Stopping Timer
2026-05-11 15:20:58,785 : INFO : EventManager : Event: ======'timer_global_scoop_eject_delay_stopped'====== Args={'ticks': 0, 'ticks_remaining': 0}
2026-05-11 15:20:58,785 : INFO : EventManager : Event: ======'ball_save_flash_fast'====== Args={'priority': 0}
2026-05-11 15:20:58,785 : INFO : EventManager : Event: ======'player_ball_save_time_remaining'====== Args={'value': 3, 'prev_value': 4, 'change': -1, 'player_num': 1, 'source': 'ball_save'}
2026-05-11 15:20:58,846 : INFO : SwitchController : <<<<<<< 's_orbit_right' active >>>>>>>
2026-05-11 15:20:58,846 : INFO : EventManager : Event: ======'s_orbit_right_active'====== Args={}
2026-05-11 15:20:58,846 : INFO : EventManager : Event: ======'sw_playfield_active'====== Args={}
2026-05-11 15:20:58,846 : INFO : EventManager : Event: ======'machine_var_audits_switches_s_orbit_right'====== Args={'value': 6970, 'prev_value': 6969, 'change': 1}
2026-05-11 15:20:58,847 : INFO : EventManager : Event: ======'left_orbit_shot_hit'====== Args={'priority': 0}
2026-05-11 15:20:58,847 : INFO : EventManager : Event: ======'timer_left_orbit_shot_timeout_stop'====== Args={'priority': 0}
2026-05-11 15:20:58,847 : INFO : EventManager : Event: ======'player_previous_switch_type'====== Args={'value': 0, 'prev_value': 1, 'change': -1, 'player_num': 1, 'source': 'pilot_mission_qualifier'}
2026-05-11 15:20:58,847 : INFO : EventManager : Event: ======'restart_right_orbit_lockout_timer'====== Args={'priority': 0}
2026-05-11 15:20:58,848 : INFO : EventManager : Event: ======'player_right_post_locked_out'====== Args={'value': 1, 'prev_value': 0, 'change': 1, 'player_num': 1, 'source': 'iceman_letters'}
2026-05-11 15:20:58,848 : INFO : EventManager : Event: ======'player_score'====== Args={'value': 391000, 'prev_value': 383000, 'change': 8000, 'player_num': 1, 'source': 'base'}
2026-05-11 15:20:58,848 : INFO : EventManager : Event: ======'player_bonus_switches_count'====== Args={'value': 38, 'prev_value': 37, 'change': 1, 'player_num': 1, 'source': 'base'}
2026-05-11 15:20:58,848 : INFO : EventManager : Event: ======'player_pilot_mission_qualifier_right_orbit_shot_timeout_tick'====== Args={'value': 0, 'prev_value': 3, 'change': -3, 'player_num': 1}
2026-05-11 15:20:58,848 : INFO : Timer.right_orbit_shot_timeout : Starting Timer.
2026-05-11 15:20:58,848 : INFO : EventManager : Event: ======'timer_right_orbit_shot_timeout_started'====== Args={'ticks': 0, 'ticks_remaining': 3}
2026-05-11 15:20:58,848 : INFO : EventManager : Event: ======'timer_right_orbit_shot_timeout_tick'====== Args={'ticks': 0, 'ticks_remaining': 3}
2026-05-11 15:20:58,848 : INFO : EventManager : Event: ======'battle_jester_step_1_complete'====== Args={'priority': 0}
2026-05-11 15:20:58,848 : INFO : EventManager : Event: ======'battle_jester_setup_step_2'====== Args={'priority': 0}
2026-05-11 15:20:58,849 : INFO : EventManager : Event: ======'battle_jester_add_time_green'====== Args={'priority': 0}
2026-05-11 15:20:58,849 : INFO : EventManager : Event: ======'player_battle_jester_points_bank'====== Args={'value': 800000, 'prev_value': 0, 'change': 800000, 'player_num': 1, 'source': 'battle_jester'}
2026-05-11 15:20:58,849 : INFO : EventManager : Event: ======'player_battle_jester_shots_remaining'====== Args={'value': 10, 'prev_value': 11, 'change': -1, 'player_num': 1, 'source': 'battle_jester'}
2026-05-11 15:20:58,849 : INFO : EventManager : Event: ======'player_orbit_shot_lockout'====== Args={'value': 1, 'prev_value': 0, 'change': 1, 'player_num': 1, 'source': 'pilot_mission_qualifier'}
2026-05-11 15:20:58,849 : INFO : EventManager : Event: ======'player_pilot_mission_qualifier_orbit_shot_lockout_timer_tick'====== Args={'value': 0, 'prev_value': 1, 'change': -1, 'player_num': 1}
2026-05-11 15:20:58,849 : INFO : Timer.orbit_shot_lockout_timer : Starting Timer.
2026-05-11 15:20:58,850 : INFO : EventManager : Event: ======'timer_orbit_shot_lockout_timer_started'====== Args={'ticks': 0, 'ticks_remaining': 1}
2026-05-11 15:20:58,850 : INFO : EventManager : Event: ======'timer_orbit_shot_lockout_timer_tick'====== Args={'ticks': 0, 'ticks_remaining': 1}
2026-05-11 15:20:58,850 : INFO : EventManager : Event: ======'shaker_soft'====== Args={'priority': 0}
2026-05-11 15:20:58,850 : INFO : EventManager : Event: ======'player_battle_jester_step'====== Args={'value': 1, 'prev_value': 0, 'change': 1, 'player_num': 1, 'source': 'battle_jester'}
2026-05-11 15:20:58,850 : INFO : EventManager : Event: ======'player_battle_jester_shots_remaining'====== Args={'value': 9, 'prev_value': 10, 'change': -1, 'player_num': 1, 'source': 'battle_jester'}
2026-05-11 15:20:58,850 : INFO : Timer.battle_jester_step_1_timer : Stopping Timer
2026-05-11 15:20:58,851 : INFO : EventManager : Event: ======'timer_battle_jester_step_1_timer_stopped'====== Args={'ticks': 1, 'ticks_remaining': 29}
2026-05-11 15:20:58,851 : INFO : Timer.battle_jester_step_2_timer : Starting Timer.
2026-05-11 15:20:58,851 : INFO : EventManager : Event: ======'timer_battle_jester_step_2_timer_started'====== Args={'ticks': 0, 'ticks_remaining': 30}
2026-05-11 15:20:58,851 : INFO : EventManager : Event: ======'timer_battle_jester_step_2_timer_tick'====== Args={'ticks': 0, 'ticks_remaining': 30}
2026-05-11 15:20:58,852 : INFO : EventManager : Event: ======'battle_jester_timer_add_5s'====== Args={'priority': 0}
2026-05-11 15:20:58,852 : INFO : EventManager : Event: ======'battle_jester_timer_add'====== Args={'priority': 0}
2026-05-11 15:20:58,852 : INFO : EventManager : Event: ======'player_battle_jester_battle_jester_timer_tick'====== Args={'value': 124, 'prev_value': 119, 'change': 5, 'player_num': 1}
2026-05-11 15:20:58,853 : INFO : EventManager : Event: ======'timer_battle_jester_timer_time_added'====== Args={'ticks': 124, 'ticks_added': 119, 'ticks_remaining': 119}
2026-05-11 15:20:58,853 : INFO : EventManager : Event: ======'player_iceman_letters_right_orbit_lockout_timer_tick'====== Args={'value': 0, 'prev_value': 3, 'change': -3, 'player_num': 1}
2026-05-11 15:20:58,853 : INFO : Timer.right_orbit_lockout_timer : Starting Timer.
2026-05-11 15:20:58,853 : INFO : EventManager : Event: ======'timer_right_orbit_lockout_timer_started'====== Args={'ticks': 0, 'ticks_remaining': 3}
2026-05-11 15:20:58,853 : INFO : EventManager : Event: ======'timer_right_orbit_lockout_timer_tick'====== Args={'ticks': 0, 'ticks_remaining': 3}
2026-05-11 15:20:58,869 : INFO : EventManager : Event: ======'slide_battle_jester_points_bank_created'====== Args={'_from_bcp': True}
2026-05-11 15:20:58,886 : INFO : EventManager : Event: ======'slide_battle_jester_step_1_video_created'====== Args={'_from_bcp': True}
2026-05-11 15:20:58,887 : INFO : EventManager : Event: ======'slide_battle_jester_timer_inactive'====== Args={'is_removing': False, '_from_bcp': True}
2026-05-11 15:20:58,887 : INFO : EventManager : Event: ======'slide_battle_jester_points_bank_active'====== Args={'original_context': 'battle_jester', 'original_calling_context': 'battle_jester_step_1_complete', 'priority': 600.0, 'cmd': 'slides_play', '_from_bcp': True}
2026-05-11 15:20:58,892 : INFO : SwitchController : <<<<<<< 's_orbit_right' inactive >>>>>>>
2026-05-11 15:20:58,908 : INFO : EventManager : Event: ======'player_battle_jester_battle_jester_timer_tick'====== Args={'value': 123, 'prev_value': 124, 'change': -1, 'player_num': 1}
2026-05-11 15:20:58,908 : INFO : EventManager : Event: ======'timer_battle_jester_timer_tick'====== Args={'ticks': 123, 'ticks_remaining': 123}
2026-05-11 15:20:59,158 : INFO : EventManager : Event: ======'ball_save_new_ball_save_disabled'====== Args={}
2026-05-11 15:20:59,158 : INFO : EventManager : Event: ======'player_ball_save_active'====== Args={'value': 0, 'prev_value': 1, 'change': -1, 'player_num': 1, 'source': 'ball_save'}
2026-05-11 15:20:59,158 : INFO : Timer.ball_save_countdown : Stopping Timer
2026-05-11 15:20:59,158 : INFO : EventManager : Event: ======'timer_ball_save_countdown_stopped'====== Args={'ticks': 0, 'ticks_remaining': 1}
2026-05-11 15:20:59,359 : INFO : EventManager : Event: ======'player_pilot_mission_qualifier_orbit_shot_lockout_timer_tick'====== Args={'value': 1, 'prev_value': 0, 'change': 1, 'player_num': 1}
2026-05-11 15:20:59,359 : INFO : Timer.orbit_shot_lockout_timer : Timer Complete
2026-05-11 15:20:59,359 : INFO : Timer.orbit_shot_lockout_timer : Stopping Timer
2026-05-11 15:20:59,359 : INFO : EventManager : Event: ======'timer_orbit_shot_lockout_timer_stopped'====== Args={'ticks': 1, 'ticks_remaining': 1}
2026-05-11 15:20:59,359 : INFO : EventManager : Event: ======'timer_orbit_shot_lockout_timer_complete'====== Args={'ticks': 1, 'ticks_remaining': 1}
2026-05-11 15:20:59,360 : INFO : EventManager : Event: ======'player_orbit_shot_lockout'====== Args={'value': 0, 'prev_value': 1, 'change': -1, 'player_num': 1, 'source': 'pilot_mission_qualifier'}
2026-05-11 15:20:59,452 : INFO : SwitchController : <<<<<<< 's_lane_right' active >>>>>>>
2026-05-11 15:20:59,452 : INFO : EventManager : Event: ======'s_lane_right_active'====== Args={}
2026-05-11 15:20:59,452 : INFO : EventManager : Event: ======'sw_playfield_active'====== Args={}
2026-05-11 15:20:59,453 : INFO : EventManager : Event: ======'machine_var_audits_switches_s_lane_right'====== Args={'value': 4620, 'prev_value': 4619, 'change': 1}
2026-05-11 15:20:59,454 : INFO : EventManager : Event: ======'player_score'====== Args={'value': 396000, 'prev_value': 391000, 'change': 5000, 'player_num': 1, 'source': 'base'}
2026-05-11 15:20:59,454 : INFO : EventManager : Event: ======'player_bonus_switches_count'====== Args={'value': 39, 'prev_value': 38, 'change': 1, 'player_num': 1, 'source': 'base'}
2026-05-11 15:20:59,467 : INFO : EventManager : Event: ======'player_pilot_mission_qualifier_left_orbit_shot_timeout_tick'====== Args={'value': 1, 'prev_value': 0, 'change': 1, 'player_num': 1}
2026-05-11 15:20:59,467 : INFO : EventManager : Event: ======'timer_left_orbit_shot_timeout_tick'====== Args={'ticks': 1, 'ticks_remaining': 2}
2026-05-11 15:20:59,482 : INFO : SwitchController : <<<<<<< 's_lane_right' inactive >>>>>>>
2026-05-11 15:20:59,779 : INFO : EventManager : Event: ======'player_ball_save_scoop_save_countdown_tick'====== Args={'value': 2, 'prev_value': 3, 'change': -1, 'player_num': 1}
2026-05-11 15:20:59,779 : INFO : EventManager : Event: ======'timer_scoop_save_countdown_tick'====== Args={'ticks': 2, 'ticks_remaining': 2}
2026-05-11 15:20:59,780 : INFO : EventManager : Event: ======'ball_save_flash_off'====== Args={'priority': 0}
2026-05-11 15:20:59,780 : INFO : EventManager : Event: ======'player_ball_save_time_remaining'====== Args={'value': 2, 'prev_value': 3, 'change': -1, 'player_num': 1, 'source': 'ball_save'}
2026-05-11 15:20:59,841 : INFO : EventManager : Event: ======'player_pilot_mission_qualifier_right_orbit_shot_timeout_tick'====== Args={'value': 1, 'prev_value': 0, 'change': 1, 'player_num': 1}
2026-05-11 15:20:59,841 : INFO : EventManager : Event: ======'timer_right_orbit_shot_timeout_tick'====== Args={'ticks': 1, 'ticks_remaining': 2}
2026-05-11 15:20:59,857 : INFO : EventManager : Event: ======'player_iceman_letters_right_orbit_lockout_timer_tick'====== Args={'value': 1, 'prev_value': 0, 'change': 1, 'player_num': 1}
2026-05-11 15:20:59,858 : INFO : EventManager : Event: ======'timer_right_orbit_lockout_timer_tick'====== Args={'ticks': 1, 'ticks_remaining': 2}
2026-05-11 15:20:59,858 : INFO : EventManager : Event: ======'player_battle_jester_battle_jester_step_2_timer_tick'====== Args={'value': 1, 'prev_value': 0, 'change': 1, 'player_num': 1}
2026-05-11 15:20:59,858 : INFO : EventManager : Event: ======'timer_battle_jester_step_2_timer_tick'====== Args={'ticks': 1, 'ticks_remaining': 29}
2026-05-11 15:20:59,904 : INFO : EventManager : Event: ======'player_battle_jester_battle_jester_timer_tick'====== Args={'value': 122, 'prev_value': 123, 'change': -1, 'player_num': 1}
2026-05-11 15:20:59,905 : INFO : EventManager : Event: ======'timer_battle_jester_timer_tick'====== Args={'ticks': 122, 'ticks_remaining': 122}
2026-05-11 15:21:00,471 : INFO : EventManager : Event: ======'player_pilot_mission_qualifier_left_orbit_shot_timeout_tick'====== Args={'value': 2, 'prev_value': 1, 'change': 1, 'player_num': 1}
2026-05-11 15:21:00,472 : INFO : EventManager : Event: ======'timer_left_orbit_shot_timeout_tick'====== Args={'ticks': 2, 'ticks_remaining': 1}
2026-05-11 15:21:00,785 : INFO : EventManager : Event: ======'player_ball_save_scoop_save_countdown_tick'====== Args={'value': 1, 'prev_value': 2, 'change': -1, 'player_num': 1}
2026-05-11 15:21:00,785 : INFO : EventManager : Event: ======'timer_scoop_save_countdown_tick'====== Args={'ticks': 1, 'ticks_remaining': 1}
2026-05-11 15:21:00,786 : INFO : EventManager : Event: ======'ball_save_flash_off'====== Args={'priority': 0}
2026-05-11 15:21:00,786 : INFO : EventManager : Event: ======'player_ball_save_time_remaining'====== Args={'value': 1, 'prev_value': 2, 'change': -1, 'player_num': 1, 'source': 'ball_save'}
2026-05-11 15:21:00,848 : INFO : EventManager : Event: ======'player_pilot_mission_qualifier_right_orbit_shot_timeout_tick'====== Args={'value': 2, 'prev_value': 1, 'change': 1, 'player_num': 1}
2026-05-11 15:21:00,848 : INFO : EventManager : Event: ======'timer_right_orbit_shot_timeout_tick'====== Args={'ticks': 2, 'ticks_remaining': 1}
2026-05-11 15:21:00,863 : INFO : EventManager : Event: ======'player_iceman_letters_right_orbit_lockout_timer_tick'====== Args={'value': 2, 'prev_value': 1, 'change': 1, 'player_num': 1}
2026-05-11 15:21:00,863 : INFO : EventManager : Event: ======'timer_right_orbit_lockout_timer_tick'====== Args={'ticks': 2, 'ticks_remaining': 1}
2026-05-11 15:21:00,863 : INFO : EventManager : Event: ======'player_battle_jester_battle_jester_step_2_timer_tick'====== Args={'value': 2, 'prev_value': 1, 'change': 1, 'player_num': 1}
2026-05-11 15:21:00,863 : INFO : EventManager : Event: ======'timer_battle_jester_step_2_timer_tick'====== Args={'ticks': 2, 'ticks_remaining': 28}
2026-05-11 15:21:00,880 : INFO : EventManager : Event: ======'slide_battle_jester_points_bank_inactive'====== Args={'is_removing': True, '_from_bcp': True}
2026-05-11 15:21:00,880 : INFO : EventManager : Event: ======'slide_battle_jester_timer_active'====== Args={'_from_bcp': True}
2026-05-11 15:21:00,880 : INFO : SwitchController : <<<<<<< 's_barrier_target' active >>>>>>>
2026-05-11 15:21:00,880 : INFO : EventManager : Event: ======'s_barrier_target_active'====== Args={}
2026-05-11 15:21:00,880 : INFO : EventManager : Event: ======'sw_playfield_active'====== Args={}
2026-05-11 15:21:00,880 : INFO : EventManager : Event: ======'sw_playfield_active'====== Args={}
2026-05-11 15:21:00,880 : INFO : EventManager : Event: ======'machine_var_audits_switches_s_barrier_target'====== Args={'value': 1449, 'prev_value': 1448, 'change': 1}
2026-05-11 15:21:00,882 : INFO : EventManager : Event: ======'battle_jester_step_2_complete'====== Args={'priority': 0}
2026-05-11 15:21:00,882 : INFO : EventManager : Event: ======'battle_jester_setup_step_3'====== Args={'priority': 0}
2026-05-11 15:21:00,882 : INFO : EventManager : Event: ======'battle_jester_add_time_green'====== Args={'priority': 0}
2026-05-11 15:21:00,882 : INFO : EventManager : Event: ======'player_battle_jester_points_bank'====== Args={'value': 1200000, 'prev_value': 800000, 'change': 400000, 'player_num': 1, 'source': 'battle_jester'}
2026-05-11 15:21:00,882 : INFO : EventManager : Event: ======'player_hd_sw_barrier'====== Args={'value': 1, 'prev_value': 0, 'change': 1, 'player_num': 1, 'source': 'hard_deck_qualifiers'}
2026-05-11 15:21:00,883 : INFO : EventManager : Event: ======'player_score'====== Args={'value': 399000, 'prev_value': 396000, 'change': 3000, 'player_num': 1, 'source': 'base'}
2026-05-11 15:21:00,883 : INFO : EventManager : Event: ======'player_bonus_switches_count'====== Args={'value': 40, 'prev_value': 39, 'change': 1, 'player_num': 1, 'source': 'base'}
2026-05-11 15:21:00,883 : INFO : EventManager : Event: ======'shaker_soft'====== Args={'priority': 0}
2026-05-11 15:21:00,883 : INFO : EventManager : Event: ======'player_battle_jester_step'====== Args={'value': 2, 'prev_value': 1, 'change': 1, 'player_num': 1, 'source': 'battle_jester'}
2026-05-11 15:21:00,883 : INFO : EventManager : Event: ======'player_battle_jester_shots_remaining'====== Args={'value': 8, 'prev_value': 9, 'change': -1, 'player_num': 1, 'source': 'battle_jester'}
2026-05-11 15:21:00,883 : INFO : Timer.battle_jester_step_2_timer : Stopping Timer
2026-05-11 15:21:00,884 : INFO : EventManager : Event: ======'timer_battle_jester_step_2_timer_stopped'====== Args={'ticks': 2, 'ticks_remaining': 28}
2026-05-11 15:21:00,884 : INFO : Timer.battle_jester_step_3_timer : Starting Timer.
2026-05-11 15:21:00,884 : INFO : EventManager : Event: ======'timer_battle_jester_step_3_timer_started'====== Args={'ticks': 0, 'ticks_remaining': 30}
2026-05-11 15:21:00,884 : INFO : EventManager : Event: ======'timer_battle_jester_step_3_timer_tick'====== Args={'ticks': 0, 'ticks_remaining': 30}
2026-05-11 15:21:00,884 : INFO : EventManager : Event: ======'top_ramp_up'====== Args={'priority': 0}
2026-05-11 15:21:00,884 : INFO : Timer.battle_jester_servo_step3_setup_delay : Starting Timer.
2026-05-11 15:21:00,884 : INFO : EventManager : Event: ======'timer_battle_jester_servo_step3_setup_delay_started'====== Args={'ticks': 0, 'ticks_remaining': 1}
2026-05-11 15:21:00,885 : INFO : EventManager : Event: ======'timer_battle_jester_servo_step3_setup_delay_tick'====== Args={'ticks': 0, 'ticks_remaining': 1}
2026-05-11 15:21:00,885 : INFO : EventManager : Event: ======'battle_jester_timer_add_5s'====== Args={'priority': 0}
2026-05-11 15:21:00,885 : INFO : EventManager : Event: ======'battle_jester_timer_add'====== Args={'priority': 0}
2026-05-11 15:21:00,885 : INFO : EventManager : Event: ======'player_battle_jester_battle_jester_timer_tick'====== Args={'value': 127, 'prev_value': 122, 'change': 5, 'player_num': 1}
2026-05-11 15:21:00,885 : INFO : EventManager : Event: ======'timer_battle_jester_timer_time_added'====== Args={'ticks': 127, 'ticks_added': 122, 'ticks_remaining': 122}
2026-05-11 15:21:00,893 : INFO : EventManager : Event: ======'slide_battle_jester_points_bank_removed'====== Args={'_from_bcp': True}
2026-05-11 15:21:00,895 : INFO : EventManager : Event: ======'slide_battle_jester_step_1_video_removed'====== Args={'_from_bcp': True}
2026-05-11 15:21:00,896 : INFO : SwitchController : <<<<<<< 's_barrier_target' inactive >>>>>>>
2026-05-11 15:21:00,902 : INFO : EventManager : Event: ======'player_battle_jester_battle_jester_timer_tick'====== Args={'value': 126, 'prev_value': 127, 'change': -1, 'player_num': 1}
2026-05-11 15:21:00,902 : INFO : EventManager : Event: ======'timer_battle_jester_timer_tick'====== Args={'ticks': 126, 'ticks_remaining': 126}
2026-05-11 15:21:00,903 : INFO : EventManager : Event: ======'slide_battle_jester_points_bank_created'====== Args={'_from_bcp': True}
2026-05-11 15:21:00,937 : INFO : EventManager : Event: ======'slide_battle_jester_step_2_video_created'====== Args={'_from_bcp': True}
2026-05-11 15:21:00,937 : INFO : EventManager : Event: ======'slide_battle_jester_timer_inactive'====== Args={'is_removing': False, '_from_bcp': True}
2026-05-11 15:21:00,938 : INFO : EventManager : Event: ======'slide_battle_jester_points_bank_active'====== Args={'original_context': 'battle_jester', 'original_calling_context': 'battle_jester_step_2_complete', 'priority': 600.0, 'cmd': 'slides_play', '_from_bcp': True}
2026-05-11 15:21:01,395 : INFO : EventManager : Event: ======'player_battle_jester_battle_jester_servo_step3_setup_delay_tick'====== Args={'value': 1, 'prev_value': 0, 'change': 1, 'player_num': 1}
2026-05-11 15:21:01,396 : INFO : Timer.battle_jester_servo_step3_setup_delay : Timer Complete
2026-05-11 15:21:01,396 : INFO : Timer.battle_jester_servo_step3_setup_delay : Stopping Timer
2026-05-11 15:21:01,396 : INFO : EventManager : Event: ======'timer_battle_jester_servo_step3_setup_delay_stopped'====== Args={'ticks': 1, 'ticks_remaining': 1}
2026-05-11 15:21:01,396 : INFO : EventManager : Event: ======'timer_battle_jester_servo_step3_setup_delay_complete'====== Args={'ticks': 1, 'ticks_remaining': 1}
2026-05-11 15:21:01,396 : INFO : EventManager : Event: ======'right_ramp_up'====== Args={'priority': 0}
2026-05-11 15:21:01,396 : INFO : coil.c_right_orbit_diverter : Enabling Driver with power 0.375 (pulse_ms 50ms and pulse_power 1.0)
2026-05-11 15:21:01,397 : INFO : EventManager : Event: ======'player_right_orbit_diverter_requested'====== Args={'value': 1, 'prev_value': 0, 'change': 1, 'player_num': 1, 'source': 'base'}
2026-05-11 15:21:01,473 : INFO : EventManager : Event: ======'player_pilot_mission_qualifier_left_orbit_shot_timeout_tick'====== Args={'value': 3, 'prev_value': 2, 'change': 1, 'player_num': 1}
2026-05-11 15:21:01,473 : INFO : Timer.left_orbit_shot_timeout : Timer Complete
2026-05-11 15:21:01,473 : INFO : Timer.left_orbit_shot_timeout : Stopping Timer
2026-05-11 15:21:01,473 : INFO : EventManager : Event: ======'timer_left_orbit_shot_timeout_stopped'====== Args={'ticks': 3, 'ticks_remaining': 1}
2026-05-11 15:21:01,473 : INFO : EventManager : Event: ======'timer_left_orbit_shot_timeout_complete'====== Args={'ticks': 3, 'ticks_remaining': 1}
2026-05-11 15:21:01,772 : INFO : EventManager : Event: ======'ball_save_scoop_eject_save_hurry_up'====== Args={}
2026-05-11 15:21:01,773 : INFO : EventManager : Event: ======'ball_save_scoop_eject_save_grace_period'====== Args={}
2026-05-11 15:21:01,773 : INFO : EventManager : Event: ======'player_ball_save_scoop_save_countdown_tick'====== Args={'value': 0, 'prev_value': 1, 'change': -1, 'player_num': 1}
2026-05-11 15:21:01,773 : INFO : Timer.scoop_save_countdown : Timer Complete
2026-05-11 15:21:01,773 : INFO : Timer.scoop_save_countdown : Stopping Timer
2026-05-11 15:21:01,773 : INFO : EventManager : Event: ======'timer_scoop_save_countdown_stopped'====== Args={'ticks': 0, 'ticks_remaining': 1}
2026-05-11 15:21:01,773 : INFO : EventManager : Event: ======'timer_scoop_save_countdown_complete'====== Args={'ticks': 0, 'ticks_remaining': 1}
2026-05-11 15:21:01,773 : INFO : EventManager : Event: ======'ball_save_flash_stop'====== Args={'priority': 0}
2026-05-11 15:21:01,835 : INFO : EventManager : Event: ======'player_pilot_mission_qualifier_right_orbit_shot_timeout_tick'====== Args={'value': 3, 'prev_value': 2, 'change': 1, 'player_num': 1}
2026-05-11 15:21:01,835 : INFO : Timer.right_orbit_shot_timeout : Timer Complete
2026-05-11 15:21:01,836 : INFO : Timer.right_orbit_shot_timeout : Stopping Timer
2026-05-11 15:21:01,836 : INFO : EventManager : Event: ======'timer_right_orbit_shot_timeout_stopped'====== Args={'ticks': 3, 'ticks_remaining': 1}
2026-05-11 15:21:01,836 : INFO : EventManager : Event: ======'timer_right_orbit_shot_timeout_complete'====== Args={'ticks': 3, 'ticks_remaining': 1}
2026-05-11 15:21:01,851 : INFO : EventManager : Event: ======'player_iceman_letters_right_orbit_lockout_timer_tick'====== Args={'value': 3, 'prev_value': 2, 'change': 1, 'player_num': 1}
2026-05-11 15:21:01,851 : INFO : Timer.right_orbit_lockout_timer : Timer Complete
2026-05-11 15:21:01,851 : INFO : Timer.right_orbit_lockout_timer : Stopping Timer
2026-05-11 15:21:01,851 : INFO : EventManager : Event: ======'timer_right_orbit_lockout_timer_stopped'====== Args={'ticks': 3, 'ticks_remaining': 1}
2026-05-11 15:21:01,852 : INFO : EventManager : Event: ======'timer_right_orbit_lockout_timer_complete'====== Args={'ticks': 3, 'ticks_remaining': 1}
2026-05-11 15:21:01,852 : INFO : EventManager : Event: ======'player_right_post_locked_out'====== Args={'value': 0, 'prev_value': 1, 'change': -1, 'player_num': 1, 'source': 'iceman_letters'}
2026-05-11 15:21:01,882 : INFO : EventManager : Event: ======'player_battle_jester_battle_jester_step_3_timer_tick'====== Args={'value': 1, 'prev_value': 0, 'change': 1, 'player_num': 1}
2026-05-11 15:21:01,882 : INFO : EventManager : Event: ======'timer_battle_jester_step_3_timer_tick'====== Args={'ticks': 1, 'ticks_remaining': 29}
2026-05-11 15:21:01,898 : INFO : EventManager : Event: ======'player_battle_jester_battle_jester_timer_tick'====== Args={'value': 125, 'prev_value': 126, 'change': -1, 'player_num': 1}
2026-05-11 15:21:01,898 : INFO : EventManager : Event: ======'timer_battle_jester_timer_tick'====== Args={'ticks': 125, 'ticks_remaining': 125}
2026-05-11 15:21:02,287 : INFO : EventManager : Event: ======'ball_save_scoop_eject_save_disabled'====== Args={}
2026-05-11 15:21:02,287 : INFO : Timer.scoop_save_countdown : Stopping Timer
2026-05-11 15:21:02,287 : INFO : EventManager : Event: ======'timer_scoop_save_countdown_stopped'====== Args={'ticks': 0, 'ticks_remaining': 1}
2026-05-11 15:21:02,882 : INFO : EventManager : Event: ======'player_battle_jester_battle_jester_step_3_timer_tick'====== Args={'value': 2, 'prev_value': 1, 'change': 1, 'player_num': 1}
2026-05-11 15:21:02,882 : INFO : EventManager : Event: ======'timer_battle_jester_step_3_timer_tick'====== Args={'ticks': 2, 'ticks_remaining': 28}
2026-05-11 15:21:02,898 : INFO : EventManager : Event: ======'player_battle_jester_battle_jester_timer_tick'====== Args={'value': 124, 'prev_value': 125, 'change': -1, 'player_num': 1}
2026-05-11 15:21:02,898 : INFO : EventManager : Event: ======'timer_battle_jester_timer_tick'====== Args={'ticks': 124, 'ticks_remaining': 124}
2026-05-11 15:21:02,912 : INFO : EventManager : Event: ======'slide_battle_jester_points_bank_inactive'====== Args={'is_removing': True, '_from_bcp': True}
2026-05-11 15:21:02,912 : INFO : EventManager : Event: ======'slide_battle_jester_timer_active'====== Args={'_from_bcp': True}
2026-05-11 15:21:02,913 : INFO : EventManager : Event: ======'slide_battle_jester_points_bank_removed'====== Args={'_from_bcp': True}
2026-05-11 15:21:03,882 : INFO : EventManager : Event: ======'player_battle_jester_battle_jester_step_3_timer_tick'====== Args={'value': 3, 'prev_value': 2, 'change': 1, 'player_num': 1}
2026-05-11 15:21:03,882 : INFO : EventManager : Event: ======'timer_battle_jester_step_3_timer_tick'====== Args={'ticks': 3, 'ticks_remaining': 27}
2026-05-11 15:21:03,898 : INFO : EventManager : Event: ======'player_battle_jester_battle_jester_timer_tick'====== Args={'value': 123, 'prev_value': 124, 'change': -1, 'player_num': 1}
2026-05-11 15:21:03,898 : INFO : EventManager : Event: ======'timer_battle_jester_timer_tick'====== Args={'ticks': 123, 'ticks_remaining': 123}
2026-05-11 15:21:03,977 : INFO : SwitchController : <<<<<<< 's_orbit_lower' active >>>>>>>
2026-05-11 15:21:03,977 : INFO : EventManager : Event: ======'s_orbit_lower_active'====== Args={}
2026-05-11 15:21:03,977 : INFO : EventManager : Event: ======'sw_playfield_active'====== Args={}
2026-05-11 15:21:03,977 : INFO : EventManager : Event: ======'sw_playfield_active'====== Args={}
2026-05-11 15:21:03,978 : INFO : EventManager : Event: ======'machine_var_audits_switches_s_orbit_lower'====== Args={'value': 519, 'prev_value': 518, 'change': 1}
2026-05-11 15:21:03,979 : INFO : EventManager : Event: ======'battle_jester_step_3_complete'====== Args={'priority': 0}
2026-05-11 15:21:03,979 : INFO : EventManager : Event: ======'battle_jester_setup_step_4'====== Args={'priority': 0}
2026-05-11 15:21:03,979 : INFO : EventManager : Event: ======'battle_jester_add_time_green'====== Args={'priority': 0}
2026-05-11 15:21:03,980 : INFO : EventManager : Event: ======'player_battle_jester_points_bank'====== Args={'value': 2100000, 'prev_value': 1200000, 'change': 900000, 'player_num': 1, 'source': 'battle_jester'}
2026-05-11 15:21:03,980 : INFO : EventManager : Event: ======'mach_ramp_hit'====== Args={'priority': 0}
2026-05-11 15:21:03,980 : INFO : EventManager : Event: ======'player_score'====== Args={'value': 409000, 'prev_value': 399000, 'change': 10000, 'player_num': 1, 'source': 'base'}
2026-05-11 15:21:03,980 : INFO : EventManager : Event: ======'player_bonus_switches_count'====== Args={'value': 41, 'prev_value': 40, 'change': 1, 'player_num': 1, 'source': 'base'}
2026-05-11 15:21:03,981 : INFO : EventManager : Event: ======'shaker_soft'====== Args={'priority': 0}
2026-05-11 15:21:03,981 : INFO : EventManager : Event: ======'right_ramp_down'====== Args={'priority': 0}
2026-05-11 15:21:03,981 : INFO : EventManager : Event: ======'player_battle_jester_step'====== Args={'value': 3, 'prev_value': 2, 'change': 1, 'player_num': 1, 'source': 'battle_jester'}
2026-05-11 15:21:03,981 : INFO : EventManager : Event: ======'player_battle_jester_shots_remaining'====== Args={'value': 7, 'prev_value': 8, 'change': -1, 'player_num': 1, 'source': 'battle_jester'}
2026-05-11 15:21:03,981 : INFO : Timer.battle_jester_step_3_timer : Stopping Timer
2026-05-11 15:21:03,981 : INFO : EventManager : Event: ======'timer_battle_jester_step_3_timer_stopped'====== Args={'ticks': 3, 'ticks_remaining': 27}
2026-05-11 15:21:03,981 : INFO : Timer.battle_jester_step_4_timer : Starting Timer.
2026-05-11 15:21:03,982 : INFO : EventManager : Event: ======'timer_battle_jester_step_4_timer_started'====== Args={'ticks': 0, 'ticks_remaining': 20}
2026-05-11 15:21:03,982 : INFO : EventManager : Event: ======'timer_battle_jester_step_4_timer_tick'====== Args={'ticks': 0, 'ticks_remaining': 20}
2026-05-11 15:21:03,982 : INFO : Timer.battle_jester_servo_step3_done_delay : Starting Timer.
2026-05-11 15:21:03,982 : INFO : EventManager : Event: ======'timer_battle_jester_servo_step3_done_delay_started'====== Args={'ticks': 0, 'ticks_remaining': 1}
2026-05-11 15:21:03,982 : INFO : EventManager : Event: ======'timer_battle_jester_servo_step3_done_delay_tick'====== Args={'ticks': 0, 'ticks_remaining': 1}
2026-05-11 15:21:03,982 : INFO : coil.c_right_orbit_diverter : Disabling Driver
2026-05-11 15:21:03,982 : INFO : EventManager : Event: ======'player_right_orbit_diverter_requested'====== Args={'value': 0, 'prev_value': 1, 'change': -1, 'player_num': 1, 'source': 'base'}
2026-05-11 15:21:03,983 : INFO : EventManager : Event: ======'battle_jester_timer_add_5s'====== Args={'priority': 0}
2026-05-11 15:21:03,983 : INFO : EventManager : Event: ======'battle_jester_timer_add'====== Args={'priority': 0}
2026-05-11 15:21:03,983 : INFO : EventManager : Event: ======'player_battle_jester_battle_jester_timer_tick'====== Args={'value': 128, 'prev_value': 123, 'change': 5, 'player_num': 1}
2026-05-11 15:21:03,985 : INFO : EventManager : Event: ======'timer_battle_jester_timer_time_added'====== Args={'ticks': 128, 'ticks_added': 123, 'ticks_remaining': 123}
2026-05-11 15:21:03,985 : INFO : EventManager : Event: ======'mach_first_hit'====== Args={'priority': 0}
2026-05-11 15:21:03,985 : INFO : EventManager : Event: ======'player_mach_step'====== Args={'value': 1, 'prev_value': 0, 'change': 1, 'player_num': 1, 'source': 'mach_scoring'}
2026-05-11 15:21:03,985 : INFO : Timer.mach_qualify_timer : Starting Timer.
2026-05-11 15:21:03,985 : INFO : EventManager : Event: ======'timer_mach_qualify_timer_started'====== Args={'ticks': 10, 'ticks_remaining': 10}
2026-05-11 15:21:03,985 : INFO : EventManager : Event: ======'timer_mach_qualify_timer_tick'====== Args={'ticks': 10, 'ticks_remaining': 10}
2026-05-11 15:21:04,000 : INFO : EventManager : Event: ======'slide_battle_jester_step_2_video_removed'====== Args={'_from_bcp': True}
2026-05-11 15:21:04,000 : INFO : SwitchController : <<<<<<< 's_orbit_lower' inactive >>>>>>>
2026-05-11 15:21:04,011 : INFO : EventManager : Event: ======'slide_battle_jester_points_bank_created'====== Args={'_from_bcp': True}
2026-05-11 15:21:04,029 : INFO : EventManager : Event: ======'slide_battle_jester_step_3_video_created'====== Args={'_from_bcp': True}
2026-05-11 15:21:04,030 : INFO : EventManager : Event: ======'slide_battle_jester_timer_inactive'====== Args={'is_removing': False, '_from_bcp': True}
2026-05-11 15:21:04,030 : INFO : EventManager : Event: ======'slide_battle_jester_points_bank_active'====== Args={'original_context': 'battle_jester', 'original_calling_context': 'battle_jester_step_3_complete', 'priority': 600.0, 'cmd': 'slides_play', '_from_bcp': True}
2026-05-11 15:21:04,478 : INFO : EventManager : Event: ======'player_battle_jester_battle_jester_servo_step3_done_delay_tick'====== Args={'value': 1, 'prev_value': 0, 'change': 1, 'player_num': 1}
2026-05-11 15:21:04,478 : INFO : Timer.battle_jester_servo_step3_done_delay : Timer Complete
2026-05-11 15:21:04,478 : INFO : Timer.battle_jester_servo_step3_done_delay : Stopping Timer
2026-05-11 15:21:04,479 : INFO : EventManager : Event: ======'timer_battle_jester_servo_step3_done_delay_stopped'====== Args={'ticks': 1, 'ticks_remaining': 1}
2026-05-11 15:21:04,479 : INFO : EventManager : Event: ======'timer_battle_jester_servo_step3_done_delay_complete'====== Args={'ticks': 1, 'ticks_remaining': 1}
2026-05-11 15:21:04,479 : INFO : EventManager : Event: ======'top_ramp_down'====== Args={'priority': 0}
2026-05-11 15:21:04,901 : INFO : EventManager : Event: ======'player_battle_jester_battle_jester_timer_tick'====== Args={'value': 127, 'prev_value': 128, 'change': -1, 'player_num': 1}
2026-05-11 15:21:04,901 : INFO : EventManager : Event: ======'timer_battle_jester_timer_tick'====== Args={'ticks': 127, 'ticks_remaining': 127}
2026-05-11 15:21:04,980 : INFO : EventManager : Event: ======'player_battle_jester_battle_jester_step_4_timer_tick'====== Args={'value': 1, 'prev_value': 0, 'change': 1, 'player_num': 1}
2026-05-11 15:21:04,980 : INFO : EventManager : Event: ======'timer_battle_jester_step_4_timer_tick'====== Args={'ticks': 1, 'ticks_remaining': 19}
2026-05-11 15:21:04,980 : INFO : EventManager : Event: ======'player_mach_scoring_mach_qualify_timer_tick'====== Args={'value': 9, 'prev_value': 10, 'change': -1, 'player_num': 1}
2026-05-11 15:21:04,981 : INFO : EventManager : Event: ======'timer_mach_qualify_timer_tick'====== Args={'ticks': 9, 'ticks_remaining': 9}
2026-05-11 15:21:05,151 : INFO : SwitchController : <<<<<<< 's_lane_right' active >>>>>>>
2026-05-11 15:21:05,151 : INFO : EventManager : Event: ======'s_lane_right_active'====== Args={}
2026-05-11 15:21:05,151 : INFO : EventManager : Event: ======'sw_playfield_active'====== Args={}
2026-05-11 15:21:05,151 : INFO : EventManager : Event: ======'machine_var_audits_switches_s_lane_right'====== Args={'value': 4621, 'prev_value': 4620, 'change': 1}
2026-05-11 15:21:05,153 : INFO : EventManager : Event: ======'player_score'====== Args={'value': 414000, 'prev_value': 409000, 'change': 5000, 'player_num': 1, 'source': 'base'}
2026-05-11 15:21:05,154 : INFO : EventManager : Event: ======'player_bonus_switches_count'====== Args={'value': 42, 'prev_value': 41, 'change': 1, 'player_num': 1, 'source': 'base'}
2026-05-11 15:21:05,199 : INFO : SwitchController : <<<<<<< 's_lane_right' inactive >>>>>>>
2026-05-11 15:21:05,906 : INFO : EventManager : Event: ======'player_battle_jester_battle_jester_timer_tick'====== Args={'value': 126, 'prev_value': 127, 'change': -1, 'player_num': 1}
2026-05-11 15:21:05,907 : INFO : EventManager : Event: ======'timer_battle_jester_timer_tick'====== Args={'ticks': 126, 'ticks_remaining': 126}
2026-05-11 15:21:05,985 : INFO : EventManager : Event: ======'player_battle_jester_battle_jester_step_4_timer_tick'====== Args={'value': 2, 'prev_value': 1, 'change': 1, 'player_num': 1}
2026-05-11 15:21:05,985 : INFO : EventManager : Event: ======'timer_battle_jester_step_4_timer_tick'====== Args={'ticks': 2, 'ticks_remaining': 18}
2026-05-11 15:21:05,985 : INFO : EventManager : Event: ======'player_mach_scoring_mach_qualify_timer_tick'====== Args={'value': 8, 'prev_value': 9, 'change': -1, 'player_num': 1}
2026-05-11 15:21:05,985 : INFO : EventManager : Event: ======'timer_mach_qualify_timer_tick'====== Args={'ticks': 8, 'ticks_remaining': 8}
2026-05-11 15:21:06,016 : INFO : EventManager : Event: ======'slide_battle_jester_points_bank_inactive'====== Args={'is_removing': True, '_from_bcp': True}
2026-05-11 15:21:06,016 : INFO : EventManager : Event: ======'slide_battle_jester_timer_active'====== Args={'_from_bcp': True}
2026-05-11 15:21:06,017 : INFO : EventManager : Event: ======'slide_battle_jester_points_bank_removed'====== Args={'_from_bcp': True}
2026-05-11 15:21:06,905 : INFO : EventManager : Event: ======'player_battle_jester_battle_jester_timer_tick'====== Args={'value': 125, 'prev_value': 126, 'change': -1, 'player_num': 1}
2026-05-11 15:21:06,905 : INFO : EventManager : Event: ======'timer_battle_jester_timer_tick'====== Args={'ticks': 125, 'ticks_remaining': 125}
2026-05-11 15:21:06,983 : INFO : EventManager : Event: ======'player_battle_jester_battle_jester_step_4_timer_tick'====== Args={'value': 3, 'prev_value': 2, 'change': 1, 'player_num': 1}
2026-05-11 15:21:06,984 : INFO : EventManager : Event: ======'timer_battle_jester_step_4_timer_tick'====== Args={'ticks': 3, 'ticks_remaining': 17}
2026-05-11 15:21:06,984 : INFO : EventManager : Event: ======'player_mach_scoring_mach_qualify_timer_tick'====== Args={'value': 7, 'prev_value': 8, 'change': -1, 'player_num': 1}
2026-05-11 15:21:06,984 : INFO : EventManager : Event: ======'timer_mach_qualify_timer_tick'====== Args={'ticks': 7, 'ticks_remaining': 7}
2026-05-11 15:21:07,908 : INFO : EventManager : Event: ======'player_battle_jester_battle_jester_timer_tick'====== Args={'value': 124, 'prev_value': 125, 'change': -1, 'player_num': 1}
2026-05-11 15:21:07,908 : INFO : EventManager : Event: ======'timer_battle_jester_timer_tick'====== Args={'ticks': 124, 'ticks_remaining': 124}
2026-05-11 15:21:07,987 : INFO : EventManager : Event: ======'player_battle_jester_battle_jester_step_4_timer_tick'====== Args={'value': 4, 'prev_value': 3, 'change': 1, 'player_num': 1}
2026-05-11 15:21:07,987 : INFO : EventManager : Event: ======'timer_battle_jester_step_4_timer_tick'====== Args={'ticks': 4, 'ticks_remaining': 16}
2026-05-11 15:21:07,987 : INFO : EventManager : Event: ======'player_mach_scoring_mach_qualify_timer_tick'====== Args={'value': 6, 'prev_value': 7, 'change': -1, 'player_num': 1}
2026-05-11 15:21:07,988 : INFO : EventManager : Event: ======'timer_mach_qualify_timer_tick'====== Args={'ticks': 6, 'ticks_remaining': 6}
2026-05-11 15:21:08,396 : INFO : SwitchController : <<<<<<< 's_inner_inlane_right' active >>>>>>>
2026-05-11 15:21:08,396 : INFO : EventManager : Event: ======'s_inner_inlane_right_active'====== Args={}
2026-05-11 15:21:08,396 : INFO : EventManager : Event: ======'sw_playfield_active'====== Args={}
2026-05-11 15:21:08,396 : INFO : EventManager : Event: ======'sw_playfield_active'====== Args={}
2026-05-11 15:21:08,397 : INFO : EventManager : Event: ======'machine_var_audits_switches_s_inner_inlane_right'====== Args={'value': 3186, 'prev_value': 3185, 'change': 1}
2026-05-11 15:21:08,398 : INFO : EventManager : Event: ======'check_goose_complete'====== Args={'priority': 0}
2026-05-11 15:21:08,398 : INFO : EventManager : Event: ======'player_goose_letter_o_right'====== Args={'value': 1, 'prev_value': 0, 'change': 1, 'player_num': 1, 'source': 'goose_letters'}
2026-05-11 15:21:08,398 : INFO : EventManager : Event: ======'player_goose_last_letter_collected'====== Args={'value': 4, 'prev_value': 0, 'change': 4, 'player_num': 1, 'source': 'goose_letters'}
2026-05-11 15:21:08,399 : INFO : EventManager : Event: ======'player_hd_sw_inlane_inner_r'====== Args={'value': 1, 'prev_value': 0, 'change': 1, 'player_num': 1, 'source': 'hard_deck_qualifiers'}
2026-05-11 15:21:08,399 : INFO : EventManager : Event: ======'player_score'====== Args={'value': 416000, 'prev_value': 414000, 'change': 2000, 'player_num': 1, 'source': 'base'}
2026-05-11 15:21:08,399 : INFO : EventManager : Event: ======'player_bonus_switches_count'====== Args={'value': 43, 'prev_value': 42, 'change': 1, 'player_num': 1, 'source': 'base'}
2026-05-11 15:21:08,569 : INFO : SwitchController : <<<<<<< 's_inner_inlane_right' inactive >>>>>>>
2026-05-11 15:21:08,691 : INFO : EventManager : Event: ======'slide_battle_jester_step_3_video_removed'====== Args={'_from_bcp': True}
2026-05-11 15:21:08,897 : INFO : EventManager : Event: ======'player_battle_jester_battle_jester_timer_tick'====== Args={'value': 123, 'prev_value': 124, 'change': -1, 'player_num': 1}
2026-05-11 15:21:08,897 : INFO : EventManager : Event: ======'timer_battle_jester_timer_tick'====== Args={'ticks': 123, 'ticks_remaining': 123}
2026-05-11 15:21:08,976 : INFO : EventManager : Event: ======'player_battle_jester_battle_jester_step_4_timer_tick'====== Args={'value': 5, 'prev_value': 4, 'change': 1, 'player_num': 1}
2026-05-11 15:21:08,976 : INFO : EventManager : Event: ======'timer_battle_jester_step_4_timer_tick'====== Args={'ticks': 5, 'ticks_remaining': 15}
2026-05-11 15:21:08,976 : INFO : EventManager : Event: ======'player_mach_scoring_mach_qualify_timer_tick'====== Args={'value': 5, 'prev_value': 6, 'change': -1, 'player_num': 1}
2026-05-11 15:21:08,977 : INFO : EventManager : Event: ======'timer_mach_qualify_timer_tick'====== Args={'ticks': 5, 'ticks_remaining': 5}
2026-05-11 15:21:09,899 : INFO : EventManager : Event: ======'player_battle_jester_battle_jester_timer_tick'====== Args={'value': 122, 'prev_value': 123, 'change': -1, 'player_num': 1}
2026-05-11 15:21:09,899 : INFO : EventManager : Event: ======'timer_battle_jester_timer_tick'====== Args={'ticks': 122, 'ticks_remaining': 122}
2026-05-11 15:21:09,978 : INFO : EventManager : Event: ======'player_mach_scoring_mach_qualify_timer_tick'====== Args={'value': 4, 'prev_value': 5, 'change': -1, 'player_num': 1}
2026-05-11 15:21:09,978 : INFO : EventManager : Event: ======'timer_mach_qualify_timer_tick'====== Args={'ticks': 4, 'ticks_remaining': 4}
2026-05-11 15:21:09,979 : INFO : EventManager : Event: ======'player_battle_jester_battle_jester_step_4_timer_tick'====== Args={'value': 6, 'prev_value': 5, 'change': 1, 'player_num': 1}
2026-05-11 15:21:09,979 : INFO : EventManager : Event: ======'timer_battle_jester_step_4_timer_tick'====== Args={'ticks': 6, 'ticks_remaining': 14}
2026-05-11 15:21:10,729 : INFO : SwitchController : <<<<<<< 's_inner_inlane_right' active >>>>>>>
2026-05-11 15:21:10,729 : INFO : EventManager : Event: ======'s_inner_inlane_right_active'====== Args={}
2026-05-11 15:21:10,729 : INFO : EventManager : Event: ======'sw_playfield_active'====== Args={}
2026-05-11 15:21:10,729 : INFO : EventManager : Event: ======'sw_playfield_active'====== Args={}
2026-05-11 15:21:10,729 : INFO : EventManager : Event: ======'machine_var_audits_switches_s_inner_inlane_right'====== Args={'value': 3187, 'prev_value': 3186, 'change': 1}
2026-05-11 15:21:10,731 : INFO : EventManager : Event: ======'player_hd_sw_inlane_inner_r'====== Args={'value': 2, 'prev_value': 1, 'change': 1, 'player_num': 1, 'source': 'hard_deck_qualifiers'}
2026-05-11 15:21:10,731 : INFO : EventManager : Event: ======'player_score'====== Args={'value': 418000, 'prev_value': 416000, 'change': 2000, 'player_num': 1, 'source': 'base'}
2026-05-11 15:21:10,731 : INFO : EventManager : Event: ======'player_bonus_switches_count'====== Args={'value': 44, 'prev_value': 43, 'change': 1, 'player_num': 1, 'source': 'base'}
2026-05-11 15:21:10,731 : INFO : EventManager : Event: ======'player_hd_switches_completed'====== Args={'value': 4, 'prev_value': 3, 'change': 1, 'player_num': 1, 'source': 'hard_deck_qualifiers'}
2026-05-11 15:21:10,840 : INFO : SwitchController : <<<<<<< 's_inner_inlane_right' inactive >>>>>>>
2026-05-11 15:21:10,903 : INFO : EventManager : Event: ======'player_battle_jester_battle_jester_timer_tick'====== Args={'value': 121, 'prev_value': 122, 'change': -1, 'player_num': 1}
2026-05-11 15:21:10,903 : INFO : EventManager : Event: ======'timer_battle_jester_timer_tick'====== Args={'ticks': 121, 'ticks_remaining': 121}
2026-05-11 15:21:10,981 : INFO : EventManager : Event: ======'player_battle_jester_battle_jester_step_4_timer_tick'====== Args={'value': 7, 'prev_value': 6, 'change': 1, 'player_num': 1}
2026-05-11 15:21:10,982 : INFO : EventManager : Event: ======'timer_battle_jester_step_4_timer_tick'====== Args={'ticks': 7, 'ticks_remaining': 13}
2026-05-11 15:21:10,982 : INFO : EventManager : Event: ======'player_mach_scoring_mach_qualify_timer_tick'====== Args={'value': 3, 'prev_value': 4, 'change': -1, 'player_num': 1}
2026-05-11 15:21:10,982 : INFO : EventManager : Event: ======'timer_mach_qualify_timer_tick'====== Args={'ticks': 3, 'ticks_remaining': 3}
2026-05-11 15:21:11,905 : INFO : EventManager : Event: ======'player_battle_jester_battle_jester_timer_tick'====== Args={'value': 120, 'prev_value': 121, 'change': -1, 'player_num': 1}
2026-05-11 15:21:11,905 : INFO : EventManager : Event: ======'timer_battle_jester_timer_tick'====== Args={'ticks': 120, 'ticks_remaining': 120}
2026-05-11 15:21:11,982 : INFO : EventManager : Event: ======'player_mach_scoring_mach_qualify_timer_tick'====== Args={'value': 2, 'prev_value': 3, 'change': -1, 'player_num': 1}
2026-05-11 15:21:11,983 : INFO : EventManager : Event: ======'timer_mach_qualify_timer_tick'====== Args={'ticks': 2, 'ticks_remaining': 2}
2026-05-11 15:21:11,983 : INFO : EventManager : Event: ======'player_battle_jester_battle_jester_step_4_timer_tick'====== Args={'value': 8, 'prev_value': 7, 'change': 1, 'player_num': 1}
2026-05-11 15:21:11,983 : INFO : EventManager : Event: ======'timer_battle_jester_step_4_timer_tick'====== Args={'ticks': 8, 'ticks_remaining': 12}
2026-05-11 15:21:12,908 : INFO : EventManager : Event: ======'player_battle_jester_battle_jester_timer_tick'====== Args={'value': 119, 'prev_value': 120, 'change': -1, 'player_num': 1}
2026-05-11 15:21:12,908 : INFO : EventManager : Event: ======'timer_battle_jester_timer_tick'====== Args={'ticks': 119, 'ticks_remaining': 119}
2026-05-11 15:21:12,986 : INFO : EventManager : Event: ======'player_mach_scoring_mach_qualify_timer_tick'====== Args={'value': 1, 'prev_value': 2, 'change': -1, 'player_num': 1}
2026-05-11 15:21:12,986 : INFO : EventManager : Event: ======'timer_mach_qualify_timer_tick'====== Args={'ticks': 1, 'ticks_remaining': 1}
2026-05-11 15:21:12,986 : INFO : EventManager : Event: ======'player_battle_jester_battle_jester_step_4_timer_tick'====== Args={'value': 9, 'prev_value': 8, 'change': 1, 'player_num': 1}
2026-05-11 15:21:12,987 : INFO : EventManager : Event: ======'timer_battle_jester_step_4_timer_tick'====== Args={'ticks': 9, 'ticks_remaining': 11}
2026-05-11 15:21:13,898 : INFO : EventManager : Event: ======'player_battle_jester_battle_jester_timer_tick'====== Args={'value': 118, 'prev_value': 119, 'change': -1, 'player_num': 1}
2026-05-11 15:21:13,898 : INFO : EventManager : Event: ======'timer_battle_jester_timer_tick'====== Args={'ticks': 118, 'ticks_remaining': 118}
2026-05-11 15:21:13,977 : INFO : EventManager : Event: ======'player_battle_jester_battle_jester_step_4_timer_tick'====== Args={'value': 10, 'prev_value': 9, 'change': 1, 'player_num': 1}
2026-05-11 15:21:13,977 : INFO : EventManager : Event: ======'timer_battle_jester_step_4_timer_tick'====== Args={'ticks': 10, 'ticks_remaining': 10}
2026-05-11 15:21:13,977 : INFO : EventManager : Event: ======'player_mach_scoring_mach_qualify_timer_tick'====== Args={'value': 0, 'prev_value': 1, 'change': -1, 'player_num': 1}
2026-05-11 15:21:13,978 : INFO : Timer.mach_qualify_timer : Timer Complete
2026-05-11 15:21:13,978 : INFO : Timer.mach_qualify_timer : Stopping Timer
2026-05-11 15:21:13,978 : INFO : EventManager : Event: ======'timer_mach_qualify_timer_stopped'====== Args={'ticks': 0, 'ticks_remaining': 1}
2026-05-11 15:21:13,978 : INFO : EventManager : Event: ======'timer_mach_qualify_timer_complete'====== Args={'ticks': 0, 'ticks_remaining': 1}
2026-05-11 15:21:13,979 : INFO : EventManager : Event: ======'mach_reset'====== Args={'priority': 0}
2026-05-11 15:21:13,979 : INFO : EventManager : Event: ======'player_mach_step'====== Args={'value': 0, 'prev_value': 1, 'change': -1, 'player_num': 1, 'source': 'mach_scoring'}
2026-05-11 15:21:14,742 : INFO : SwitchController : <<<<<<< 's_inner_inlane_right' active >>>>>>>
2026-05-11 15:21:14,742 : INFO : EventManager : Event: ======'s_inner_inlane_right_active'====== Args={}
2026-05-11 15:21:14,742 : INFO : EventManager : Event: ======'sw_playfield_active'====== Args={}
2026-05-11 15:21:14,742 : INFO : EventManager : Event: ======'sw_playfield_active'====== Args={}
2026-05-11 15:21:14,742 : INFO : EventManager : Event: ======'machine_var_audits_switches_s_inner_inlane_right'====== Args={'value': 3188, 'prev_value': 3187, 'change': 1}
2026-05-11 15:21:14,744 : INFO : EventManager : Event: ======'player_score'====== Args={'value': 420000, 'prev_value': 418000, 'change': 2000, 'player_num': 1, 'source': 'base'}
2026-05-11 15:21:14,744 : INFO : EventManager : Event: ======'player_bonus_switches_count'====== Args={'value': 45, 'prev_value': 44, 'change': 1, 'player_num': 1, 'source': 'base'}
2026-05-11 15:21:14,821 : INFO : SwitchController : <<<<<<< 's_inner_inlane_right' inactive >>>>>>>
2026-05-11 15:21:14,900 : INFO : EventManager : Event: ======'player_battle_jester_battle_jester_timer_tick'====== Args={'value': 117, 'prev_value': 118, 'change': -1, 'player_num': 1}
2026-05-11 15:21:14,900 : INFO : EventManager : Event: ======'timer_battle_jester_timer_tick'====== Args={'ticks': 117, 'ticks_remaining': 117}
2026-05-11 15:21:14,980 : INFO : EventManager : Event: ======'player_battle_jester_battle_jester_step_4_timer_tick'====== Args={'value': 11, 'prev_value': 10, 'change': 1, 'player_num': 1}
2026-05-11 15:21:14,980 : INFO : EventManager : Event: ======'timer_battle_jester_step_4_timer_tick'====== Args={'ticks': 11, 'ticks_remaining': 9}
2026-05-11 15:21:15,906 : INFO : EventManager : Event: ======'player_battle_jester_battle_jester_timer_tick'====== Args={'value': 116, 'prev_value': 117, 'change': -1, 'player_num': 1}
2026-05-11 15:21:15,906 : INFO : EventManager : Event: ======'timer_battle_jester_timer_tick'====== Args={'ticks': 116, 'ticks_remaining': 116}
2026-05-11 15:21:15,984 : INFO : EventManager : Event: ======'player_battle_jester_battle_jester_step_4_timer_tick'====== Args={'value': 12, 'prev_value': 11, 'change': 1, 'player_num': 1}
2026-05-11 15:21:15,984 : INFO : EventManager : Event: ======'timer_battle_jester_step_4_timer_tick'====== Args={'ticks': 12, 'ticks_remaining': 8}
2026-05-11 15:21:16,910 : INFO : EventManager : Event: ======'player_battle_jester_battle_jester_timer_tick'====== Args={'value': 115, 'prev_value': 116, 'change': -1, 'player_num': 1}
2026-05-11 15:21:16,910 : INFO : EventManager : Event: ======'timer_battle_jester_timer_tick'====== Args={'ticks': 115, 'ticks_remaining': 115}
2026-05-11 15:21:16,989 : INFO : EventManager : Event: ======'player_battle_jester_battle_jester_step_4_timer_tick'====== Args={'value': 13, 'prev_value': 12, 'change': 1, 'player_num': 1}
2026-05-11 15:21:16,989 : INFO : EventManager : Event: ======'timer_battle_jester_step_4_timer_tick'====== Args={'ticks': 13, 'ticks_remaining': 7}
2026-05-11 15:21:17,020 : INFO : SwitchController : <<<<<<< 's_inner_inlane_right' active >>>>>>>
2026-05-11 15:21:17,021 : INFO : EventManager : Event: ======'s_inner_inlane_right_active'====== Args={}
2026-05-11 15:21:17,021 : INFO : EventManager : Event: ======'sw_playfield_active'====== Args={}
2026-05-11 15:21:17,021 : INFO : EventManager : Event: ======'sw_playfield_active'====== Args={}
2026-05-11 15:21:17,021 : INFO : EventManager : Event: ======'machine_var_audits_switches_s_inner_inlane_right'====== Args={'value': 3189, 'prev_value': 3188, 'change': 1}
2026-05-11 15:21:17,022 : INFO : EventManager : Event: ======'player_score'====== Args={'value': 422000, 'prev_value': 420000, 'change': 2000, 'player_num': 1, 'source': 'base'}
2026-05-11 15:21:17,023 : INFO : EventManager : Event: ======'player_bonus_switches_count'====== Args={'value': 46, 'prev_value': 45, 'change': 1, 'player_num': 1, 'source': 'base'}
2026-05-11 15:21:17,083 : INFO : SwitchController : <<<<<<< 's_inner_inlane_right' inactive >>>>>>>
2026-05-11 15:21:17,910 : INFO : EventManager : Event: ======'player_battle_jester_battle_jester_timer_tick'====== Args={'value': 114, 'prev_value': 115, 'change': -1, 'player_num': 1}
2026-05-11 15:21:17,910 : INFO : EventManager : Event: ======'timer_battle_jester_timer_tick'====== Args={'ticks': 114, 'ticks_remaining': 114}
2026-05-11 15:21:17,989 : INFO : EventManager : Event: ======'player_battle_jester_battle_jester_step_4_timer_tick'====== Args={'value': 14, 'prev_value': 13, 'change': 1, 'player_num': 1}
2026-05-11 15:21:17,990 : INFO : EventManager : Event: ======'timer_battle_jester_step_4_timer_tick'====== Args={'ticks': 14, 'ticks_remaining': 6}
2026-05-11 15:21:18,900 : INFO : EventManager : Event: ======'player_battle_jester_battle_jester_timer_tick'====== Args={'value': 113, 'prev_value': 114, 'change': -1, 'player_num': 1}
2026-05-11 15:21:18,900 : INFO : EventManager : Event: ======'timer_battle_jester_timer_tick'====== Args={'ticks': 113, 'ticks_remaining': 113}
2026-05-11 15:21:18,979 : INFO : EventManager : Event: ======'player_battle_jester_battle_jester_step_4_timer_tick'====== Args={'value': 15, 'prev_value': 14, 'change': 1, 'player_num': 1}
2026-05-11 15:21:18,979 : INFO : EventManager : Event: ======'timer_battle_jester_step_4_timer_tick'====== Args={'ticks': 15, 'ticks_remaining': 5}
2026-05-11 15:21:19,902 : INFO : EventManager : Event: ======'player_battle_jester_battle_jester_timer_tick'====== Args={'value': 112, 'prev_value': 113, 'change': -1, 'player_num': 1}
2026-05-11 15:21:19,902 : INFO : EventManager : Event: ======'timer_battle_jester_timer_tick'====== Args={'ticks': 112, 'ticks_remaining': 112}
2026-05-11 15:21:19,980 : INFO : EventManager : Event: ======'player_battle_jester_battle_jester_step_4_timer_tick'====== Args={'value': 16, 'prev_value': 15, 'change': 1, 'player_num': 1}
2026-05-11 15:21:19,980 : INFO : EventManager : Event: ======'timer_battle_jester_step_4_timer_tick'====== Args={'ticks': 16, 'ticks_remaining': 4}
2026-05-11 15:21:20,154 : INFO : SwitchController : <<<<<<< 's_inner_inlane_right' active >>>>>>>
2026-05-11 15:21:20,154 : INFO : EventManager : Event: ======'s_inner_inlane_right_active'====== Args={}
2026-05-11 15:21:20,154 : INFO : EventManager : Event: ======'sw_playfield_active'====== Args={}
2026-05-11 15:21:20,154 : INFO : EventManager : Event: ======'sw_playfield_active'====== Args={}
2026-05-11 15:21:20,155 : INFO : EventManager : Event: ======'machine_var_audits_switches_s_inner_inlane_right'====== Args={'value': 3190, 'prev_value': 3189, 'change': 1}
2026-05-11 15:21:20,157 : INFO : EventManager : Event: ======'player_score'====== Args={'value': 424000, 'prev_value': 422000, 'change': 2000, 'player_num': 1, 'source': 'base'}
2026-05-11 15:21:20,157 : INFO : EventManager : Event: ======'player_bonus_switches_count'====== Args={'value': 47, 'prev_value': 46, 'change': 1, 'player_num': 1, 'source': 'base'}
2026-05-11 15:21:20,246 : INFO : SwitchController : <<<<<<< 's_inner_inlane_right' inactive >>>>>>>
2026-05-11 15:21:20,901 : INFO : EventManager : Event: ======'player_battle_jester_battle_jester_timer_tick'====== Args={'value': 111, 'prev_value': 112, 'change': -1, 'player_num': 1}
2026-05-11 15:21:20,901 : INFO : EventManager : Event: ======'timer_battle_jester_timer_tick'====== Args={'ticks': 111, 'ticks_remaining': 111}
2026-05-11 15:21:20,979 : INFO : EventManager : Event: ======'player_battle_jester_battle_jester_step_4_timer_tick'====== Args={'value': 17, 'prev_value': 16, 'change': 1, 'player_num': 1}
2026-05-11 15:21:20,979 : INFO : EventManager : Event: ======'timer_battle_jester_step_4_timer_tick'====== Args={'ticks': 17, 'ticks_remaining': 3}
2026-05-11 15:21:21,900 : INFO : EventManager : Event: ======'player_battle_jester_battle_jester_timer_tick'====== Args={'value': 110, 'prev_value': 111, 'change': -1, 'player_num': 1}
2026-05-11 15:21:21,900 : INFO : EventManager : Event: ======'timer_battle_jester_timer_tick'====== Args={'ticks': 110, 'ticks_remaining': 110}
2026-05-11 15:21:21,979 : INFO : EventManager : Event: ======'player_battle_jester_battle_jester_step_4_timer_tick'====== Args={'value': 18, 'prev_value': 17, 'change': 1, 'player_num': 1}
2026-05-11 15:21:21,979 : INFO : EventManager : Event: ======'timer_battle_jester_step_4_timer_tick'====== Args={'ticks': 18, 'ticks_remaining': 2}
2026-05-11 15:21:22,073 : INFO : SwitchController : <<<<<<< 's_inner_inlane_right' active >>>>>>>
2026-05-11 15:21:22,073 : INFO : EventManager : Event: ======'s_inner_inlane_right_active'====== Args={}
2026-05-11 15:21:22,073 : INFO : EventManager : Event: ======'sw_playfield_active'====== Args={}
2026-05-11 15:21:22,073 : INFO : EventManager : Event: ======'sw_playfield_active'====== Args={}
2026-05-11 15:21:22,073 : INFO : EventManager : Event: ======'machine_var_audits_switches_s_inner_inlane_right'====== Args={'value': 3191, 'prev_value': 3190, 'change': 1}
2026-05-11 15:21:22,075 : INFO : EventManager : Event: ======'player_score'====== Args={'value': 426000, 'prev_value': 424000, 'change': 2000, 'player_num': 1, 'source': 'base'}
2026-05-11 15:21:22,075 : INFO : EventManager : Event: ======'player_bonus_switches_count'====== Args={'value': 48, 'prev_value': 47, 'change': 1, 'player_num': 1, 'source': 'base'}
2026-05-11 15:21:22,182 : INFO : SwitchController : <<<<<<< 's_inner_inlane_right' inactive >>>>>>>
2026-05-11 15:21:22,900 : INFO : EventManager : Event: ======'player_battle_jester_battle_jester_timer_tick'====== Args={'value': 109, 'prev_value': 110, 'change': -1, 'player_num': 1}
2026-05-11 15:21:22,900 : INFO : EventManager : Event: ======'timer_battle_jester_timer_tick'====== Args={'ticks': 109, 'ticks_remaining': 109}
2026-05-11 15:21:22,977 : INFO : EventManager : Event: ======'player_battle_jester_battle_jester_step_4_timer_tick'====== Args={'value': 19, 'prev_value': 18, 'change': 1, 'player_num': 1}
2026-05-11 15:21:22,977 : INFO : EventManager : Event: ======'timer_battle_jester_step_4_timer_tick'====== Args={'ticks': 19, 'ticks_remaining': 1}
2026-05-11 15:21:23,904 : INFO : EventManager : Event: ======'player_battle_jester_battle_jester_timer_tick'====== Args={'value': 108, 'prev_value': 109, 'change': -1, 'player_num': 1}
2026-05-11 15:21:23,904 : INFO : EventManager : Event: ======'timer_battle_jester_timer_tick'====== Args={'ticks': 108, 'ticks_remaining': 108}
2026-05-11 15:21:23,982 : INFO : EventManager : Event: ======'player_battle_jester_battle_jester_step_4_timer_tick'====== Args={'value': 20, 'prev_value': 19, 'change': 1, 'player_num': 1}
2026-05-11 15:21:23,982 : INFO : Timer.battle_jester_step_4_timer : Timer Complete
2026-05-11 15:21:23,982 : INFO : Timer.battle_jester_step_4_timer : Stopping Timer
2026-05-11 15:21:23,982 : INFO : EventManager : Event: ======'timer_battle_jester_step_4_timer_stopped'====== Args={'ticks': 20, 'ticks_remaining': 1}
2026-05-11 15:21:23,983 : INFO : EventManager : Event: ======'timer_battle_jester_step_4_timer_complete'====== Args={'ticks': 20, 'ticks_remaining': 1}
2026-05-11 15:21:24,905 : INFO : EventManager : Event: ======'player_battle_jester_battle_jester_timer_tick'====== Args={'value': 107, 'prev_value': 108, 'change': -1, 'player_num': 1}
2026-05-11 15:21:24,905 : INFO : EventManager : Event: ======'timer_battle_jester_timer_tick'====== Args={'ticks': 107, 'ticks_remaining': 107}
2026-05-11 15:21:25,907 : INFO : EventManager : Event: ======'player_battle_jester_battle_jester_timer_tick'====== Args={'value': 106, 'prev_value': 107, 'change': -1, 'player_num': 1}
2026-05-11 15:21:25,907 : INFO : EventManager : Event: ======'timer_battle_jester_timer_tick'====== Args={'ticks': 106, 'ticks_remaining': 106}
2026-05-11 15:21:26,899 : INFO : EventManager : Event: ======'player_battle_jester_battle_jester_timer_tick'====== Args={'value': 105, 'prev_value': 106, 'change': -1, 'player_num': 1}
2026-05-11 15:21:26,899 : INFO : EventManager : Event: ======'timer_battle_jester_timer_tick'====== Args={'ticks': 105, 'ticks_remaining': 105}
2026-05-11 15:21:27,400 : INFO : SwitchController : <<<<<<< 's_inner_inlane_right' active >>>>>>>
2026-05-11 15:21:27,400 : INFO : EventManager : Event: ======'s_inner_inlane_right_active'====== Args={}
2026-05-11 15:21:27,400 : INFO : EventManager : Event: ======'sw_playfield_active'====== Args={}
2026-05-11 15:21:27,400 : INFO : EventManager : Event: ======'sw_playfield_active'====== Args={}
2026-05-11 15:21:27,400 : INFO : EventManager : Event: ======'machine_var_audits_switches_s_inner_inlane_right'====== Args={'value': 3192, 'prev_value': 3191, 'change': 1}
2026-05-11 15:21:27,402 : INFO : EventManager : Event: ======'player_score'====== Args={'value': 428000, 'prev_value': 426000, 'change': 2000, 'player_num': 1, 'source': 'base'}
2026-05-11 15:21:27,402 : INFO : EventManager : Event: ======'player_bonus_switches_count'====== Args={'value': 49, 'prev_value': 48, 'change': 1, 'player_num': 1, 'source': 'base'}
2026-05-11 15:21:27,572 : INFO : SwitchController : <<<<<<< 's_inner_inlane_right' inactive >>>>>>>
2026-05-11 15:21:27,901 : INFO : EventManager : Event: ======'player_battle_jester_battle_jester_timer_tick'====== Args={'value': 104, 'prev_value': 105, 'change': -1, 'player_num': 1}
2026-05-11 15:21:27,901 : INFO : EventManager : Event: ======'timer_battle_jester_timer_tick'====== Args={'ticks': 104, 'ticks_remaining': 104}
2026-05-11 15:21:28,905 : INFO : EventManager : Event: ======'player_battle_jester_battle_jester_timer_tick'====== Args={'value': 103, 'prev_value': 104, 'change': -1, 'player_num': 1}
2026-05-11 15:21:28,905 : INFO : EventManager : Event: ======'timer_battle_jester_timer_tick'====== Args={'ticks': 103, 'ticks_remaining': 103}
2026-05-11 15:21:29,909 : INFO : EventManager : Event: ======'player_battle_jester_battle_jester_timer_tick'====== Args={'value': 102, 'prev_value': 103, 'change': -1, 'player_num': 1}
2026-05-11 15:21:29,909 : INFO : EventManager : Event: ======'timer_battle_jester_timer_tick'====== Args={'ticks': 102, 'ticks_remaining': 102}
2026-05-11 15:21:30,705 : INFO : SwitchController : <<<<<<< 's_inner_inlane_right' active >>>>>>>
2026-05-11 15:21:30,705 : INFO : EventManager : Event: ======'s_inner_inlane_right_active'====== Args={}
2026-05-11 15:21:30,705 : INFO : EventManager : Event: ======'sw_playfield_active'====== Args={}
2026-05-11 15:21:30,705 : INFO : EventManager : Event: ======'sw_playfield_active'====== Args={}
2026-05-11 15:21:30,705 : INFO : EventManager : Event: ======'machine_var_audits_switches_s_inner_inlane_right'====== Args={'value': 3193, 'prev_value': 3192, 'change': 1}
2026-05-11 15:21:30,706 : INFO : EventManager : Event: ======'player_score'====== Args={'value': 430000, 'prev_value': 428000, 'change': 2000, 'player_num': 1, 'source': 'base'}
2026-05-11 15:21:30,706 : INFO : EventManager : Event: ======'player_bonus_switches_count'====== Args={'value': 50, 'prev_value': 49, 'change': 1, 'player_num': 1, 'source': 'base'}
2026-05-11 15:21:30,909 : INFO : EventManager : Event: ======'player_battle_jester_battle_jester_timer_tick'====== Args={'value': 101, 'prev_value': 102, 'change': -1, 'player_num': 1}
2026-05-11 15:21:30,909 : INFO : EventManager : Event: ======'timer_battle_jester_timer_tick'====== Args={'ticks': 101, 'ticks_remaining': 101}
2026-05-11 15:21:30,972 : INFO : SwitchController : <<<<<<< 's_inner_inlane_right' inactive >>>>>>>
2026-05-11 15:21:31,905 : INFO : EventManager : Event: ======'player_battle_jester_battle_jester_timer_tick'====== Args={'value': 100, 'prev_value': 101, 'change': -1, 'player_num': 1}
2026-05-11 15:21:31,905 : INFO : EventManager : Event: ======'timer_battle_jester_timer_tick'====== Args={'ticks': 100, 'ticks_remaining': 100}
2026-05-11 15:21:32,902 : INFO : EventManager : Event: ======'player_battle_jester_battle_jester_timer_tick'====== Args={'value': 99, 'prev_value': 100, 'change': -1, 'player_num': 1}
2026-05-11 15:21:32,903 : INFO : EventManager : Event: ======'timer_battle_jester_timer_tick'====== Args={'ticks': 99, 'ticks_remaining': 99}
2026-05-11 15:21:33,899 : INFO : EventManager : Event: ======'player_battle_jester_battle_jester_timer_tick'====== Args={'value': 98, 'prev_value': 99, 'change': -1, 'player_num': 1}
2026-05-11 15:21:33,899 : INFO : EventManager : Event: ======'timer_battle_jester_timer_tick'====== Args={'ticks': 98, 'ticks_remaining': 98}
2026-05-11 15:21:34,258 : INFO : SwitchController : <<<<<<< 's_inner_inlane_right' active >>>>>>>
2026-05-11 15:21:34,258 : INFO : EventManager : Event: ======'s_inner_inlane_right_active'====== Args={}
2026-05-11 15:21:34,258 : INFO : EventManager : Event: ======'sw_playfield_active'====== Args={}
2026-05-11 15:21:34,258 : INFO : EventManager : Event: ======'sw_playfield_active'====== Args={}
2026-05-11 15:21:34,258 : INFO : EventManager : Event: ======'machine_var_audits_switches_s_inner_inlane_right'====== Args={'value': 3194, 'prev_value': 3193, 'change': 1}
2026-05-11 15:21:34,260 : INFO : EventManager : Event: ======'player_score'====== Args={'value': 432000, 'prev_value': 430000, 'change': 2000, 'player_num': 1, 'source': 'base'}
2026-05-11 15:21:34,260 : INFO : EventManager : Event: ======'player_bonus_switches_count'====== Args={'value': 51, 'prev_value': 50, 'change': 1, 'player_num': 1, 'source': 'base'}
2026-05-11 15:21:34,429 : INFO : SwitchController : <<<<<<< 's_inner_inlane_right' inactive >>>>>>>
2026-05-11 15:21:34,899 : INFO : EventManager : Event: ======'player_battle_jester_battle_jester_timer_tick'====== Args={'value': 97, 'prev_value': 98, 'change': -1, 'player_num': 1}
2026-05-11 15:21:34,899 : INFO : EventManager : Event: ======'timer_battle_jester_timer_tick'====== Args={'ticks': 97, 'ticks_remaining': 97}
2026-05-11 15:21:35,903 : INFO : EventManager : Event: ======'player_battle_jester_battle_jester_timer_tick'====== Args={'value': 96, 'prev_value': 97, 'change': -1, 'player_num': 1}
2026-05-11 15:21:35,904 : INFO : EventManager : Event: ======'timer_battle_jester_timer_tick'====== Args={'ticks': 96, 'ticks_remaining': 96}
2026-05-11 15:21:36,388 : INFO : SwitchController : <<<<<<< 's_inner_inlane_right' active >>>>>>>
2026-05-11 15:21:36,388 : INFO : EventManager : Event: ======'s_inner_inlane_right_active'====== Args={}
2026-05-11 15:21:36,388 : INFO : EventManager : Event: ======'sw_playfield_active'====== Args={}
2026-05-11 15:21:36,388 : INFO : EventManager : Event: ======'sw_playfield_active'====== Args={}
2026-05-11 15:21:36,388 : INFO : EventManager : Event: ======'machine_var_audits_switches_s_inner_inlane_right'====== Args={'value': 3195, 'prev_value': 3194, 'change': 1}
2026-05-11 15:21:36,391 : INFO : EventManager : Event: ======'player_score'====== Args={'value': 434000, 'prev_value': 432000, 'change': 2000, 'player_num': 1, 'source': 'base'}
2026-05-11 15:21:36,391 : INFO : EventManager : Event: ======'player_bonus_switches_count'====== Args={'value': 52, 'prev_value': 51, 'change': 1, 'player_num': 1, 'source': 'base'}
2026-05-11 15:21:36,546 : INFO : SwitchController : <<<<<<< 's_inner_inlane_right' inactive >>>>>>>
2026-05-11 15:21:36,905 : INFO : EventManager : Event: ======'player_battle_jester_battle_jester_timer_tick'====== Args={'value': 95, 'prev_value': 96, 'change': -1, 'player_num': 1}
2026-05-11 15:21:36,905 : INFO : EventManager : Event: ======'timer_battle_jester_timer_tick'====== Args={'ticks': 95, 'ticks_remaining': 95}
2026-05-11 15:21:37,636 : INFO : SwitchController : <<<<<<< 's_inner_inlane_right' active >>>>>>>
2026-05-11 15:21:37,636 : INFO : EventManager : Event: ======'s_inner_inlane_right_active'====== Args={}
2026-05-11 15:21:37,636 : INFO : EventManager : Event: ======'sw_playfield_active'====== Args={}
2026-05-11 15:21:37,636 : INFO : EventManager : Event: ======'sw_playfield_active'====== Args={}
2026-05-11 15:21:37,637 : INFO : EventManager : Event: ======'machine_var_audits_switches_s_inner_inlane_right'====== Args={'value': 3196, 'prev_value': 3195, 'change': 1}
2026-05-11 15:21:37,638 : INFO : EventManager : Event: ======'player_score'====== Args={'value': 436000, 'prev_value': 434000, 'change': 2000, 'player_num': 1, 'source': 'base'}
2026-05-11 15:21:37,639 : INFO : EventManager : Event: ======'player_bonus_switches_count'====== Args={'value': 53, 'prev_value': 52, 'change': 1, 'player_num': 1, 'source': 'base'}
2026-05-11 15:21:37,760 : INFO : SwitchController : <<<<<<< 's_inner_inlane_right' inactive >>>>>>>
2026-05-11 15:21:37,901 : INFO : EventManager : Event: ======'player_battle_jester_battle_jester_timer_tick'====== Args={'value': 94, 'prev_value': 95, 'change': -1, 'player_num': 1}
2026-05-11 15:21:37,901 : INFO : EventManager : Event: ======'timer_battle_jester_timer_tick'====== Args={'ticks': 94, 'ticks_remaining': 94}
2026-05-11 15:21:38,700 : INFO : SwitchController : <<<<<<< 's_inner_inlane_right' active >>>>>>>
2026-05-11 15:21:38,700 : INFO : EventManager : Event: ======'s_inner_inlane_right_active'====== Args={}
2026-05-11 15:21:38,700 : INFO : EventManager : Event: ======'sw_playfield_active'====== Args={}
2026-05-11 15:21:38,700 : INFO : EventManager : Event: ======'sw_playfield_active'====== Args={}
2026-05-11 15:21:38,700 : INFO : EventManager : Event: ======'machine_var_audits_switches_s_inner_inlane_right'====== Args={'value': 3197, 'prev_value': 3196, 'change': 1}
2026-05-11 15:21:38,701 : INFO : EventManager : Event: ======'player_score'====== Args={'value': 438000, 'prev_value': 436000, 'change': 2000, 'player_num': 1, 'source': 'base'}
2026-05-11 15:21:38,702 : INFO : EventManager : Event: ======'player_bonus_switches_count'====== Args={'value': 54, 'prev_value': 53, 'change': 1, 'player_num': 1, 'source': 'base'}
2026-05-11 15:21:38,825 : INFO : SwitchController : <<<<<<< 's_inner_inlane_right' inactive >>>>>>>
2026-05-11 15:21:38,902 : INFO : EventManager : Event: ======'player_battle_jester_battle_jester_timer_tick'====== Args={'value': 93, 'prev_value': 94, 'change': -1, 'player_num': 1}
2026-05-11 15:21:38,902 : INFO : EventManager : Event: ======'timer_battle_jester_timer_tick'====== Args={'ticks': 93, 'ticks_remaining': 93}
2026-05-11 15:21:38,918 : INFO : SwitchController : <<<<<<< 's_inner_inlane_right' active >>>>>>>
2026-05-11 15:21:38,918 : INFO : EventManager : Event: ======'s_inner_inlane_right_active'====== Args={}
2026-05-11 15:21:38,918 : INFO : EventManager : Event: ======'sw_playfield_active'====== Args={}
2026-05-11 15:21:38,918 : INFO : EventManager : Event: ======'sw_playfield_active'====== Args={}
2026-05-11 15:21:38,918 : INFO : EventManager : Event: ======'machine_var_audits_switches_s_inner_inlane_right'====== Args={'value': 3198, 'prev_value': 3197, 'change': 1}
2026-05-11 15:21:38,920 : INFO : EventManager : Event: ======'player_score'====== Args={'value': 440000, 'prev_value': 438000, 'change': 2000, 'player_num': 1, 'source': 'base'}
2026-05-11 15:21:38,920 : INFO : EventManager : Event: ======'player_bonus_switches_count'====== Args={'value': 55, 'prev_value': 54, 'change': 1, 'player_num': 1, 'source': 'base'}
2026-05-11 15:21:39,026 : INFO : SwitchController : <<<<<<< 's_inner_inlane_right' inactive >>>>>>>
2026-05-11 15:21:39,104 : INFO : SwitchController : <<<<<<< 's_inner_inlane_right' active >>>>>>>
2026-05-11 15:21:39,104 : INFO : EventManager : Event: ======'s_inner_inlane_right_active'====== Args={}
2026-05-11 15:21:39,104 : INFO : EventManager : Event: ======'sw_playfield_active'====== Args={}
2026-05-11 15:21:39,104 : INFO : EventManager : Event: ======'sw_playfield_active'====== Args={}
2026-05-11 15:21:39,104 : INFO : EventManager : Event: ======'machine_var_audits_switches_s_inner_inlane_right'====== Args={'value': 3199, 'prev_value': 3198, 'change': 1}
2026-05-11 15:21:39,107 : INFO : EventManager : Event: ======'player_score'====== Args={'value': 442000, 'prev_value': 440000, 'change': 2000, 'player_num': 1, 'source': 'base'}
2026-05-11 15:21:39,107 : INFO : EventManager : Event: ======'player_bonus_switches_count'====== Args={'value': 56, 'prev_value': 55, 'change': 1, 'player_num': 1, 'source': 'base'}
2026-05-11 15:21:39,135 : INFO : SwitchController : <<<<<<< 's_inner_inlane_right' inactive >>>>>>>
2026-05-11 15:21:39,229 : INFO : SwitchController : <<<<<<< 's_inner_inlane_right' active >>>>>>>
2026-05-11 15:21:39,229 : INFO : EventManager : Event: ======'s_inner_inlane_right_active'====== Args={}
2026-05-11 15:21:39,229 : INFO : EventManager : Event: ======'sw_playfield_active'====== Args={}
2026-05-11 15:21:39,229 : INFO : EventManager : Event: ======'sw_playfield_active'====== Args={}
2026-05-11 15:21:39,229 : INFO : EventManager : Event: ======'machine_var_audits_switches_s_inner_inlane_right'====== Args={'value': 3200, 'prev_value': 3199, 'change': 1}
2026-05-11 15:21:39,230 : INFO : EventManager : Event: ======'player_score'====== Args={'value': 444000, 'prev_value': 442000, 'change': 2000, 'player_num': 1, 'source': 'base'}
2026-05-11 15:21:39,230 : INFO : EventManager : Event: ======'player_bonus_switches_count'====== Args={'value': 57, 'prev_value': 56, 'change': 1, 'player_num': 1, 'source': 'base'}
2026-05-11 15:21:39,308 : INFO : SwitchController : <<<<<<< 's_inner_inlane_right' inactive >>>>>>>
2026-05-11 15:21:39,402 : INFO : SwitchController : <<<<<<< 's_inner_inlane_right' active >>>>>>>
2026-05-11 15:21:39,402 : INFO : EventManager : Event: ======'s_inner_inlane_right_active'====== Args={}
2026-05-11 15:21:39,402 : INFO : EventManager : Event: ======'sw_playfield_active'====== Args={}
2026-05-11 15:21:39,402 : INFO : EventManager : Event: ======'sw_playfield_active'====== Args={}
2026-05-11 15:21:39,402 : INFO : EventManager : Event: ======'machine_var_audits_switches_s_inner_inlane_right'====== Args={'value': 3201, 'prev_value': 3200, 'change': 1}
2026-05-11 15:21:39,403 : INFO : EventManager : Event: ======'player_score'====== Args={'value': 446000, 'prev_value': 444000, 'change': 2000, 'player_num': 1, 'source': 'base'}
2026-05-11 15:21:39,403 : INFO : EventManager : Event: ======'player_bonus_switches_count'====== Args={'value': 58, 'prev_value': 57, 'change': 1, 'player_num': 1, 'source': 'base'}
2026-05-11 15:21:39,466 : INFO : SwitchController : <<<<<<< 's_inner_inlane_right' inactive >>>>>>>
2026-05-11 15:21:39,561 : INFO : SwitchController : <<<<<<< 's_inner_inlane_right' active >>>>>>>
2026-05-11 15:21:39,561 : INFO : EventManager : Event: ======'s_inner_inlane_right_active'====== Args={}
2026-05-11 15:21:39,561 : INFO : EventManager : Event: ======'sw_playfield_active'====== Args={}
2026-05-11 15:21:39,561 : INFO : EventManager : Event: ======'sw_playfield_active'====== Args={}
2026-05-11 15:21:39,561 : INFO : EventManager : Event: ======'machine_var_audits_switches_s_inner_inlane_right'====== Args={'value': 3202, 'prev_value': 3201, 'change': 1}
2026-05-11 15:21:39,562 : INFO : EventManager : Event: ======'player_score'====== Args={'value': 448000, 'prev_value': 446000, 'change': 2000, 'player_num': 1, 'source': 'base'}
2026-05-11 15:21:39,563 : INFO : EventManager : Event: ======'player_bonus_switches_count'====== Args={'value': 59, 'prev_value': 58, 'change': 1, 'player_num': 1, 'source': 'base'}
2026-05-11 15:21:39,655 : INFO : SwitchController : <<<<<<< 's_inner_inlane_right' inactive >>>>>>>
2026-05-11 15:21:39,733 : INFO : SwitchController : <<<<<<< 's_inner_inlane_right' active >>>>>>>
2026-05-11 15:21:39,733 : INFO : EventManager : Event: ======'s_inner_inlane_right_active'====== Args={}
2026-05-11 15:21:39,733 : INFO : EventManager : Event: ======'sw_playfield_active'====== Args={}
2026-05-11 15:21:39,733 : INFO : EventManager : Event: ======'sw_playfield_active'====== Args={}
2026-05-11 15:21:39,733 : INFO : EventManager : Event: ======'machine_var_audits_switches_s_inner_inlane_right'====== Args={'value': 3203, 'prev_value': 3202, 'change': 1}
2026-05-11 15:21:39,734 : INFO : EventManager : Event: ======'player_score'====== Args={'value': 450000, 'prev_value': 448000, 'change': 2000, 'player_num': 1, 'source': 'base'}
2026-05-11 15:21:39,734 : INFO : EventManager : Event: ======'player_bonus_switches_count'====== Args={'value': 60, 'prev_value': 59, 'change': 1, 'player_num': 1, 'source': 'base'}
2026-05-11 15:21:39,843 : INFO : SwitchController : <<<<<<< 's_inner_inlane_right' inactive >>>>>>>
2026-05-11 15:21:39,907 : INFO : EventManager : Event: ======'player_battle_jester_battle_jester_timer_tick'====== Args={'value': 92, 'prev_value': 93, 'change': -1, 'player_num': 1}
2026-05-11 15:21:39,908 : INFO : EventManager : Event: ======'timer_battle_jester_timer_tick'====== Args={'ticks': 92, 'ticks_remaining': 92}
2026-05-11 15:21:39,908 : INFO : SwitchController : <<<<<<< 's_inner_inlane_right' active >>>>>>>
2026-05-11 15:21:39,908 : INFO : EventManager : Event: ======'s_inner_inlane_right_active'====== Args={}
2026-05-11 15:21:39,908 : INFO : EventManager : Event: ======'sw_playfield_active'====== Args={}
2026-05-11 15:21:39,908 : INFO : EventManager : Event: ======'sw_playfield_active'====== Args={}
2026-05-11 15:21:39,908 : INFO : EventManager : Event: ======'machine_var_audits_switches_s_inner_inlane_right'====== Args={'value': 3204, 'prev_value': 3203, 'change': 1}
2026-05-11 15:21:39,909 : INFO : EventManager : Event: ======'player_score'====== Args={'value': 452000, 'prev_value': 450000, 'change': 2000, 'player_num': 1, 'source': 'base'}
2026-05-11 15:21:39,909 : INFO : EventManager : Event: ======'player_bonus_switches_count'====== Args={'value': 61, 'prev_value': 60, 'change': 1, 'player_num': 1, 'source': 'base'}
2026-05-11 15:21:40,033 : INFO : SwitchController : <<<<<<< 's_inner_inlane_right' inactive >>>>>>>
2026-05-11 15:21:40,903 : INFO : EventManager : Event: ======'player_battle_jester_battle_jester_timer_tick'====== Args={'value': 91, 'prev_value': 92, 'change': -1, 'player_num': 1}
2026-05-11 15:21:40,903 : INFO : EventManager : Event: ======'timer_battle_jester_timer_tick'====== Args={'ticks': 91, 'ticks_remaining': 91}
2026-05-11 15:21:41,546 : INFO : SwitchController : <<<<<<< 's_orbit_left' active >>>>>>>
2026-05-11 15:21:41,546 : INFO : EventManager : Event: ======'s_orbit_left_active'====== Args={}
2026-05-11 15:21:41,546 : INFO : EventManager : Event: ======'sw_playfield_active'====== Args={}
2026-05-11 15:21:41,546 : INFO : EventManager : Event: ======'machine_var_audits_switches_s_orbit_left'====== Args={'value': 8482, 'prev_value': 8481, 'change': 1}
2026-05-11 15:21:41,547 : INFO : EventManager : Event: ======'player_previous_switch_type'====== Args={'value': 1, 'prev_value': 0, 'change': 1, 'player_num': 1, 'source': 'pilot_mission_qualifier'}
2026-05-11 15:21:41,547 : INFO : EventManager : Event: ======'player_score'====== Args={'value': 460000, 'prev_value': 452000, 'change': 8000, 'player_num': 1, 'source': 'base'}
2026-05-11 15:21:41,548 : INFO : EventManager : Event: ======'player_bonus_switches_count'====== Args={'value': 62, 'prev_value': 61, 'change': 1, 'player_num': 1, 'source': 'base'}
2026-05-11 15:21:41,548 : INFO : EventManager : Event: ======'player_pilot_mission_qualifier_left_orbit_shot_timeout_tick'====== Args={'value': 0, 'prev_value': 3, 'change': -3, 'player_num': 1}
2026-05-11 15:21:41,548 : INFO : Timer.left_orbit_shot_timeout : Starting Timer.
2026-05-11 15:21:41,548 : INFO : EventManager : Event: ======'timer_left_orbit_shot_timeout_started'====== Args={'ticks': 0, 'ticks_remaining': 3}
2026-05-11 15:21:41,548 : INFO : EventManager : Event: ======'timer_left_orbit_shot_timeout_tick'====== Args={'ticks': 0, 'ticks_remaining': 3}
2026-05-11 15:21:41,702 : INFO : SwitchController : <<<<<<< 's_orbit_left' inactive >>>>>>>
2026-05-11 15:21:41,905 : INFO : EventManager : Event: ======'player_battle_jester_battle_jester_timer_tick'====== Args={'value': 90, 'prev_value': 91, 'change': -1, 'player_num': 1}
2026-05-11 15:21:41,905 : INFO : EventManager : Event: ======'timer_battle_jester_timer_tick'====== Args={'ticks': 90, 'ticks_remaining': 90}
2026-05-11 15:21:42,218 : INFO : SwitchController : <<<<<<< 's_orbit_left' active >>>>>>>
2026-05-11 15:21:42,218 : INFO : EventManager : Event: ======'s_orbit_left_active'====== Args={}
2026-05-11 15:21:42,219 : INFO : EventManager : Event: ======'sw_playfield_active'====== Args={}
2026-05-11 15:21:42,219 : INFO : EventManager : Event: ======'machine_var_audits_switches_s_orbit_left'====== Args={'value': 8483, 'prev_value': 8482, 'change': 1}
2026-05-11 15:21:42,220 : INFO : EventManager : Event: ======'player_score'====== Args={'value': 468000, 'prev_value': 460000, 'change': 8000, 'player_num': 1, 'source': 'base'}
2026-05-11 15:21:42,220 : INFO : EventManager : Event: ======'player_bonus_switches_count'====== Args={'value': 63, 'prev_value': 62, 'change': 1, 'player_num': 1, 'source': 'base'}
2026-05-11 15:21:42,220 : INFO : EventManager : Event: ======'timer_left_orbit_shot_timeout_tick'====== Args={'ticks': 0, 'ticks_remaining': 3}
2026-05-11 15:21:42,374 : INFO : SwitchController : <<<<<<< 's_orbit_left' inactive >>>>>>>
2026-05-11 15:21:42,906 : INFO : EventManager : Event: ======'player_battle_jester_battle_jester_timer_tick'====== Args={'value': 89, 'prev_value': 90, 'change': -1, 'player_num': 1}
2026-05-11 15:21:42,906 : INFO : EventManager : Event: ======'timer_battle_jester_timer_tick'====== Args={'ticks': 89, 'ticks_remaining': 89}
2026-05-11 15:21:43,218 : INFO : EventManager : Event: ======'player_pilot_mission_qualifier_left_orbit_shot_timeout_tick'====== Args={'value': 1, 'prev_value': 0, 'change': 1, 'player_num': 1}
2026-05-11 15:21:43,218 : INFO : EventManager : Event: ======'timer_left_orbit_shot_timeout_tick'====== Args={'ticks': 1, 'ticks_remaining': 2}
2026-05-11 15:21:43,876 : INFO : SwitchController : <<<<<<< 's_orbit_left' active >>>>>>>
2026-05-11 15:21:43,876 : INFO : EventManager : Event: ======'s_orbit_left_active'====== Args={}
2026-05-11 15:21:43,877 : INFO : EventManager : Event: ======'sw_playfield_active'====== Args={}
2026-05-11 15:21:43,877 : INFO : EventManager : Event: ======'machine_var_audits_switches_s_orbit_left'====== Args={'value': 8484, 'prev_value': 8483, 'change': 1}
2026-05-11 15:21:43,879 : INFO : EventManager : Event: ======'player_score'====== Args={'value': 476000, 'prev_value': 468000, 'change': 8000, 'player_num': 1, 'source': 'base'}
2026-05-11 15:21:43,879 : INFO : EventManager : Event: ======'player_bonus_switches_count'====== Args={'value': 64, 'prev_value': 63, 'change': 1, 'player_num': 1, 'source': 'base'}
2026-05-11 15:21:43,879 : INFO : EventManager : Event: ======'player_pilot_mission_qualifier_left_orbit_shot_timeout_tick'====== Args={'value': 0, 'prev_value': 1, 'change': -1, 'player_num': 1}
2026-05-11 15:21:43,879 : INFO : EventManager : Event: ======'timer_left_orbit_shot_timeout_tick'====== Args={'ticks': 0, 'ticks_remaining': 3}
2026-05-11 15:21:43,908 : INFO : EventManager : Event: ======'player_battle_jester_battle_jester_timer_tick'====== Args={'value': 88, 'prev_value': 89, 'change': -1, 'player_num': 1}
2026-05-11 15:21:43,908 : INFO : EventManager : Event: ======'timer_battle_jester_timer_tick'====== Args={'ticks': 88, 'ticks_remaining': 88}
2026-05-11 15:21:43,909 : INFO : SwitchController : <<<<<<< 's_orbit_left' inactive >>>>>>>
2026-05-11 15:21:44,174 : INFO : SwitchController : <<<<<<< 's_orbit_right' active >>>>>>>
2026-05-11 15:21:44,174 : INFO : EventManager : Event: ======'s_orbit_right_active'====== Args={}
2026-05-11 15:21:44,174 : INFO : EventManager : Event: ======'sw_playfield_active'====== Args={}
2026-05-11 15:21:44,174 : INFO : EventManager : Event: ======'machine_var_audits_switches_s_orbit_right'====== Args={'value': 6971, 'prev_value': 6970, 'change': 1}
2026-05-11 15:21:44,175 : INFO : EventManager : Event: ======'left_orbit_shot_hit'====== Args={'priority': 0}
2026-05-11 15:21:44,175 : INFO : EventManager : Event: ======'timer_left_orbit_shot_timeout_stop'====== Args={'priority': 0}
2026-05-11 15:21:44,175 : INFO : EventManager : Event: ======'player_previous_switch_type'====== Args={'value': 0, 'prev_value': 1, 'change': -1, 'player_num': 1, 'source': 'pilot_mission_qualifier'}
2026-05-11 15:21:44,176 : INFO : EventManager : Event: ======'restart_right_orbit_lockout_timer'====== Args={'priority': 0}
2026-05-11 15:21:44,176 : INFO : EventManager : Event: ======'player_right_post_locked_out'====== Args={'value': 1, 'prev_value': 0, 'change': 1, 'player_num': 1, 'source': 'iceman_letters'}
2026-05-11 15:21:44,176 : INFO : EventManager : Event: ======'player_score'====== Args={'value': 484000, 'prev_value': 476000, 'change': 8000, 'player_num': 1, 'source': 'base'}
2026-05-11 15:21:44,176 : INFO : EventManager : Event: ======'player_bonus_switches_count'====== Args={'value': 65, 'prev_value': 64, 'change': 1, 'player_num': 1, 'source': 'base'}
2026-05-11 15:21:44,176 : INFO : EventManager : Event: ======'player_pilot_mission_qualifier_right_orbit_shot_timeout_tick'====== Args={'value': 0, 'prev_value': 3, 'change': -3, 'player_num': 1}
2026-05-11 15:21:44,176 : INFO : Timer.right_orbit_shot_timeout : Starting Timer.
2026-05-11 15:21:44,176 : INFO : EventManager : Event: ======'timer_right_orbit_shot_timeout_started'====== Args={'ticks': 0, 'ticks_remaining': 3}
2026-05-11 15:21:44,176 : INFO : EventManager : Event: ======'timer_right_orbit_shot_timeout_tick'====== Args={'ticks': 0, 'ticks_remaining': 3}
2026-05-11 15:21:44,178 : INFO : EventManager : Event: ======'battle_jester_subtract_time_red'====== Args={'priority': 0}
2026-05-11 15:21:44,178 : INFO : EventManager : Event: ======'battle_jester_subtract_time_red'====== Args={'priority': 0}
2026-05-11 15:21:44,178 : INFO : EventManager : Event: ======'player_battle_jester_points_bank'====== Args={'value': 2900000, 'prev_value': 2100000, 'change': 800000, 'player_num': 1, 'source': 'battle_jester'}
2026-05-11 15:21:44,178 : INFO : EventManager : Event: ======'player_orbit_shot_lockout'====== Args={'value': 1, 'prev_value': 0, 'change': 1, 'player_num': 1, 'source': 'pilot_mission_qualifier'}
2026-05-11 15:21:44,178 : INFO : EventManager : Event: ======'player_pilot_mission_qualifier_orbit_shot_lockout_timer_tick'====== Args={'value': 0, 'prev_value': 1, 'change': -1, 'player_num': 1}
2026-05-11 15:21:44,178 : INFO : Timer.orbit_shot_lockout_timer : Starting Timer.
2026-05-11 15:21:44,178 : INFO : EventManager : Event: ======'timer_orbit_shot_lockout_timer_started'====== Args={'ticks': 0, 'ticks_remaining': 1}
2026-05-11 15:21:44,179 : INFO : EventManager : Event: ======'timer_orbit_shot_lockout_timer_tick'====== Args={'ticks': 0, 'ticks_remaining': 1}
2026-05-11 15:21:44,179 : INFO : EventManager : Event: ======'battle_jester_timer_subtract_5s'====== Args={'priority': 0}
2026-05-11 15:21:44,179 : INFO : EventManager : Event: ======'battle_jester_play_missed_2'====== Args={}
2026-05-11 15:21:44,180 : INFO : EventManager : Event: ======'battle_jester_timer_subtract'====== Args={'priority': 0}
2026-05-11 15:21:44,180 : INFO : EventManager : Event: ======'player_battle_jester_battle_jester_timer_tick'====== Args={'value': 83, 'prev_value': 88, 'change': -5, 'player_num': 1}
2026-05-11 15:21:44,180 : INFO : EventManager : Event: ======'timer_battle_jester_timer_time_subtracted'====== Args={'ticks': 83, 'ticks_subtracted': 5, 'ticks_remaining': 88}
2026-05-11 15:21:44,180 : INFO : EventManager : Event: ======'battle_jester_timer_subtract_5s'====== Args={'priority': 0}
2026-05-11 15:21:44,180 : INFO : EventManager : Event: ======'battle_jester_play_missed_1'====== Args={}
2026-05-11 15:21:44,180 : INFO : EventManager : Event: ======'battle_jester_timer_subtract'====== Args={'priority': 0}
2026-05-11 15:21:44,180 : INFO : EventManager : Event: ======'player_battle_jester_battle_jester_timer_tick'====== Args={'value': 78, 'prev_value': 83, 'change': -5, 'player_num': 1}
2026-05-11 15:21:44,181 : INFO : EventManager : Event: ======'timer_battle_jester_timer_time_subtracted'====== Args={'ticks': 78, 'ticks_subtracted': 5, 'ticks_remaining': 83}
2026-05-11 15:21:44,181 : INFO : EventManager : Event: ======'player_iceman_letters_right_orbit_lockout_timer_tick'====== Args={'value': 0, 'prev_value': 3, 'change': -3, 'player_num': 1}
2026-05-11 15:21:44,181 : INFO : Timer.right_orbit_lockout_timer : Starting Timer.
2026-05-11 15:21:44,181 : INFO : EventManager : Event: ======'timer_right_orbit_lockout_timer_started'====== Args={'ticks': 0, 'ticks_remaining': 3}
2026-05-11 15:21:44,181 : INFO : EventManager : Event: ======'timer_right_orbit_lockout_timer_tick'====== Args={'ticks': 0, 'ticks_remaining': 3}
2026-05-11 15:21:44,214 : INFO : EventManager : Event: ======'slide_battle_jester_missed_2_video_created'====== Args={'_from_bcp': True}
2026-05-11 15:21:44,214 : INFO : SwitchController : <<<<<<< 's_orbit_right' inactive >>>>>>>
2026-05-11 15:21:44,251 : INFO : EventManager : Event: ======'slide_battle_jester_missed_1_video_created'====== Args={'_from_bcp': True}
2026-05-11 15:21:44,690 : INFO : EventManager : Event: ======'player_pilot_mission_qualifier_orbit_shot_lockout_timer_tick'====== Args={'value': 1, 'prev_value': 0, 'change': 1, 'player_num': 1}
2026-05-11 15:21:44,690 : INFO : Timer.orbit_shot_lockout_timer : Timer Complete
2026-05-11 15:21:44,690 : INFO : Timer.orbit_shot_lockout_timer : Stopping Timer
2026-05-11 15:21:44,690 : INFO : EventManager : Event: ======'timer_orbit_shot_lockout_timer_stopped'====== Args={'ticks': 1, 'ticks_remaining': 1}
2026-05-11 15:21:44,690 : INFO : EventManager : Event: ======'timer_orbit_shot_lockout_timer_complete'====== Args={'ticks': 1, 'ticks_remaining': 1}
2026-05-11 15:21:44,690 : INFO : EventManager : Event: ======'player_orbit_shot_lockout'====== Args={'value': 0, 'prev_value': 1, 'change': -1, 'player_num': 1, 'source': 'pilot_mission_qualifier'}
2026-05-11 15:21:44,720 : INFO : SwitchController : <<<<<<< 's_lane_right' active >>>>>>>
2026-05-11 15:21:44,720 : INFO : EventManager : Event: ======'s_lane_right_active'====== Args={}
2026-05-11 15:21:44,720 : INFO : EventManager : Event: ======'sw_playfield_active'====== Args={}
2026-05-11 15:21:44,720 : INFO : EventManager : Event: ======'machine_var_audits_switches_s_lane_right'====== Args={'value': 4622, 'prev_value': 4621, 'change': 1}
2026-05-11 15:21:44,722 : INFO : EventManager : Event: ======'player_score'====== Args={'value': 489000, 'prev_value': 484000, 'change': 5000, 'player_num': 1, 'source': 'base'}
2026-05-11 15:21:44,722 : INFO : EventManager : Event: ======'player_bonus_switches_count'====== Args={'value': 66, 'prev_value': 65, 'change': 1, 'player_num': 1, 'source': 'base'}
2026-05-11 15:21:44,751 : INFO : SwitchController : <<<<<<< 's_lane_right' inactive >>>>>>>
2026-05-11 15:21:44,860 : INFO : EventManager : Event: ======'player_pilot_mission_qualifier_left_orbit_shot_timeout_tick'====== Args={'value': 1, 'prev_value': 0, 'change': 1, 'player_num': 1}
2026-05-11 15:21:44,860 : INFO : EventManager : Event: ======'timer_left_orbit_shot_timeout_tick'====== Args={'ticks': 1, 'ticks_remaining': 2}
2026-05-11 15:21:44,897 : INFO : EventManager : Event: ======'player_battle_jester_battle_jester_timer_tick'====== Args={'value': 77, 'prev_value': 78, 'change': -1, 'player_num': 1}
2026-05-11 15:21:44,897 : INFO : EventManager : Event: ======'timer_battle_jester_timer_tick'====== Args={'ticks': 77, 'ticks_remaining': 77}
2026-05-11 15:21:45,154 : INFO : EventManager : Event: ======'player_pilot_mission_qualifier_right_orbit_shot_timeout_tick'====== Args={'value': 1, 'prev_value': 0, 'change': 1, 'player_num': 1}
2026-05-11 15:21:45,155 : INFO : EventManager : Event: ======'timer_right_orbit_shot_timeout_tick'====== Args={'ticks': 1, 'ticks_remaining': 2}
2026-05-11 15:21:45,186 : INFO : EventManager : Event: ======'player_iceman_letters_right_orbit_lockout_timer_tick'====== Args={'value': 1, 'prev_value': 0, 'change': 1, 'player_num': 1}
2026-05-11 15:21:45,186 : INFO : EventManager : Event: ======'timer_right_orbit_lockout_timer_tick'====== Args={'ticks': 1, 'ticks_remaining': 2}
2026-05-11 15:21:45,857 : INFO : EventManager : Event: ======'player_pilot_mission_qualifier_left_orbit_shot_timeout_tick'====== Args={'value': 2, 'prev_value': 1, 'change': 1, 'player_num': 1}
2026-05-11 15:21:45,857 : INFO : EventManager : Event: ======'timer_left_orbit_shot_timeout_tick'====== Args={'ticks': 2, 'ticks_remaining': 1}
2026-05-11 15:21:45,904 : INFO : EventManager : Event: ======'player_battle_jester_battle_jester_timer_tick'====== Args={'value': 76, 'prev_value': 77, 'change': -1, 'player_num': 1}
2026-05-11 15:21:45,905 : INFO : EventManager : Event: ======'timer_battle_jester_timer_tick'====== Args={'ticks': 76, 'ticks_remaining': 76}
2026-05-11 15:21:46,155 : INFO : EventManager : Event: ======'player_pilot_mission_qualifier_right_orbit_shot_timeout_tick'====== Args={'value': 2, 'prev_value': 1, 'change': 1, 'player_num': 1}
2026-05-11 15:21:46,156 : INFO : EventManager : Event: ======'timer_right_orbit_shot_timeout_tick'====== Args={'ticks': 2, 'ticks_remaining': 1}
2026-05-11 15:21:46,186 : INFO : EventManager : Event: ======'player_iceman_letters_right_orbit_lockout_timer_tick'====== Args={'value': 2, 'prev_value': 1, 'change': 1, 'player_num': 1}
2026-05-11 15:21:46,187 : INFO : EventManager : Event: ======'timer_right_orbit_lockout_timer_tick'====== Args={'ticks': 2, 'ticks_remaining': 1}
2026-05-11 15:21:46,859 : INFO : EventManager : Event: ======'player_pilot_mission_qualifier_left_orbit_shot_timeout_tick'====== Args={'value': 3, 'prev_value': 2, 'change': 1, 'player_num': 1}
2026-05-11 15:21:46,859 : INFO : Timer.left_orbit_shot_timeout : Timer Complete
2026-05-11 15:21:46,859 : INFO : Timer.left_orbit_shot_timeout : Stopping Timer
2026-05-11 15:21:46,860 : INFO : EventManager : Event: ======'timer_left_orbit_shot_timeout_stopped'====== Args={'ticks': 3, 'ticks_remaining': 1}
2026-05-11 15:21:46,860 : INFO : EventManager : Event: ======'timer_left_orbit_shot_timeout_complete'====== Args={'ticks': 3, 'ticks_remaining': 1}
2026-05-11 15:21:46,906 : INFO : EventManager : Event: ======'player_battle_jester_battle_jester_timer_tick'====== Args={'value': 75, 'prev_value': 76, 'change': -1, 'player_num': 1}
2026-05-11 15:21:46,906 : INFO : EventManager : Event: ======'timer_battle_jester_timer_tick'====== Args={'ticks': 75, 'ticks_remaining': 75}
2026-05-11 15:21:47,159 : INFO : EventManager : Event: ======'player_pilot_mission_qualifier_right_orbit_shot_timeout_tick'====== Args={'value': 3, 'prev_value': 2, 'change': 1, 'player_num': 1}
2026-05-11 15:21:47,159 : INFO : Timer.right_orbit_shot_timeout : Timer Complete
2026-05-11 15:21:47,160 : INFO : Timer.right_orbit_shot_timeout : Stopping Timer
2026-05-11 15:21:47,160 : INFO : EventManager : Event: ======'timer_right_orbit_shot_timeout_stopped'====== Args={'ticks': 3, 'ticks_remaining': 1}
2026-05-11 15:21:47,160 : INFO : EventManager : Event: ======'timer_right_orbit_shot_timeout_complete'====== Args={'ticks': 3, 'ticks_remaining': 1}
2026-05-11 15:21:47,161 : INFO : EventManager : Event: ======'slide_battle_jester_missed_2_video_removed'====== Args={'_from_bcp': True}
2026-05-11 15:21:47,168 : INFO : EventManager : Event: ======'slide_battle_jester_missed_1_video_removed'====== Args={'_from_bcp': True}
2026-05-11 15:21:47,190 : INFO : EventManager : Event: ======'player_iceman_letters_right_orbit_lockout_timer_tick'====== Args={'value': 3, 'prev_value': 2, 'change': 1, 'player_num': 1}
2026-05-11 15:21:47,191 : INFO : Timer.right_orbit_lockout_timer : Timer Complete
2026-05-11 15:21:47,191 : INFO : Timer.right_orbit_lockout_timer : Stopping Timer
2026-05-11 15:21:47,191 : INFO : EventManager : Event: ======'timer_right_orbit_lockout_timer_stopped'====== Args={'ticks': 3, 'ticks_remaining': 1}
2026-05-11 15:21:47,191 : INFO : EventManager : Event: ======'timer_right_orbit_lockout_timer_complete'====== Args={'ticks': 3, 'ticks_remaining': 1}
2026-05-11 15:21:47,191 : INFO : EventManager : Event: ======'player_right_post_locked_out'====== Args={'value': 0, 'prev_value': 1, 'change': -1, 'player_num': 1, 'source': 'iceman_letters'}
2026-05-11 15:21:47,896 : INFO : EventManager : Event: ======'player_battle_jester_battle_jester_timer_tick'====== Args={'value': 74, 'prev_value': 75, 'change': -1, 'player_num': 1}
2026-05-11 15:21:47,896 : INFO : EventManager : Event: ======'timer_battle_jester_timer_tick'====== Args={'ticks': 74, 'ticks_remaining': 74}
2026-05-11 15:21:48,901 : INFO : EventManager : Event: ======'player_battle_jester_battle_jester_timer_tick'====== Args={'value': 73, 'prev_value': 74, 'change': -1, 'player_num': 1}
2026-05-11 15:21:48,902 : INFO : EventManager : Event: ======'timer_battle_jester_timer_tick'====== Args={'ticks': 73, 'ticks_remaining': 73}
2026-05-11 15:21:48,995 : INFO : SwitchController : <<<<<<< 's_orbit_left' active >>>>>>>
2026-05-11 15:21:48,995 : INFO : EventManager : Event: ======'s_orbit_left_active'====== Args={}
2026-05-11 15:21:48,995 : INFO : EventManager : Event: ======'sw_playfield_active'====== Args={}
2026-05-11 15:21:48,995 : INFO : EventManager : Event: ======'machine_var_audits_switches_s_orbit_left'====== Args={'value': 8485, 'prev_value': 8484, 'change': 1}
2026-05-11 15:21:48,997 : INFO : EventManager : Event: ======'player_previous_switch_type'====== Args={'value': 1, 'prev_value': 0, 'change': 1, 'player_num': 1, 'source': 'pilot_mission_qualifier'}
2026-05-11 15:21:48,997 : INFO : EventManager : Event: ======'player_score'====== Args={'value': 497000, 'prev_value': 489000, 'change': 8000, 'player_num': 1, 'source': 'base'}
2026-05-11 15:21:48,997 : INFO : EventManager : Event: ======'player_bonus_switches_count'====== Args={'value': 67, 'prev_value': 66, 'change': 1, 'player_num': 1, 'source': 'base'}
2026-05-11 15:21:48,998 : INFO : EventManager : Event: ======'player_pilot_mission_qualifier_left_orbit_shot_timeout_tick'====== Args={'value': 0, 'prev_value': 3, 'change': -3, 'player_num': 1}
2026-05-11 15:21:48,998 : INFO : Timer.left_orbit_shot_timeout : Starting Timer.
2026-05-11 15:21:48,998 : INFO : EventManager : Event: ======'timer_left_orbit_shot_timeout_started'====== Args={'ticks': 0, 'ticks_remaining': 3}
2026-05-11 15:21:48,998 : INFO : EventManager : Event: ======'timer_left_orbit_shot_timeout_tick'====== Args={'ticks': 0, 'ticks_remaining': 3}
2026-05-11 15:21:49,026 : INFO : SwitchController : <<<<<<< 's_orbit_left' inactive >>>>>>>
2026-05-11 15:21:49,324 : INFO : SwitchController : <<<<<<< 's_orbit_right' active >>>>>>>
2026-05-11 15:21:49,324 : INFO : EventManager : Event: ======'s_orbit_right_active'====== Args={}
2026-05-11 15:21:49,324 : INFO : EventManager : Event: ======'sw_playfield_active'====== Args={}
2026-05-11 15:21:49,324 : INFO : EventManager : Event: ======'machine_var_audits_switches_s_orbit_right'====== Args={'value': 6972, 'prev_value': 6971, 'change': 1}
2026-05-11 15:21:49,325 : INFO : EventManager : Event: ======'left_orbit_shot_hit'====== Args={'priority': 0}
2026-05-11 15:21:49,325 : INFO : EventManager : Event: ======'timer_left_orbit_shot_timeout_stop'====== Args={'priority': 0}
2026-05-11 15:21:49,325 : INFO : EventManager : Event: ======'player_previous_switch_type'====== Args={'value': 0, 'prev_value': 1, 'change': -1, 'player_num': 1, 'source': 'pilot_mission_qualifier'}
2026-05-11 15:21:49,325 : INFO : EventManager : Event: ======'restart_right_orbit_lockout_timer'====== Args={'priority': 0}
2026-05-11 15:21:49,325 : INFO : EventManager : Event: ======'player_right_post_locked_out'====== Args={'value': 1, 'prev_value': 0, 'change': 1, 'player_num': 1, 'source': 'iceman_letters'}
2026-05-11 15:21:49,325 : INFO : EventManager : Event: ======'player_score'====== Args={'value': 505000, 'prev_value': 497000, 'change': 8000, 'player_num': 1, 'source': 'base'}
2026-05-11 15:21:49,325 : INFO : EventManager : Event: ======'player_bonus_switches_count'====== Args={'value': 68, 'prev_value': 67, 'change': 1, 'player_num': 1, 'source': 'base'}
2026-05-11 15:21:49,325 : INFO : EventManager : Event: ======'player_pilot_mission_qualifier_right_orbit_shot_timeout_tick'====== Args={'value': 0, 'prev_value': 3, 'change': -3, 'player_num': 1}
2026-05-11 15:21:49,325 : INFO : Timer.right_orbit_shot_timeout : Starting Timer.
2026-05-11 15:21:49,325 : INFO : EventManager : Event: ======'timer_right_orbit_shot_timeout_started'====== Args={'ticks': 0, 'ticks_remaining': 3}
2026-05-11 15:21:49,325 : INFO : EventManager : Event: ======'timer_right_orbit_shot_timeout_tick'====== Args={'ticks': 0, 'ticks_remaining': 3}
2026-05-11 15:21:49,325 : INFO : EventManager : Event: ======'battle_jester_subtract_time_red'====== Args={'priority': 0}
2026-05-11 15:21:49,326 : INFO : EventManager : Event: ======'battle_jester_subtract_time_red'====== Args={'priority': 0}
2026-05-11 15:21:49,326 : INFO : EventManager : Event: ======'player_battle_jester_points_bank'====== Args={'value': 3700000, 'prev_value': 2900000, 'change': 800000, 'player_num': 1, 'source': 'battle_jester'}
2026-05-11 15:21:49,326 : INFO : EventManager : Event: ======'player_orbit_shot_lockout'====== Args={'value': 1, 'prev_value': 0, 'change': 1, 'player_num': 1, 'source': 'pilot_mission_qualifier'}
2026-05-11 15:21:49,326 : INFO : EventManager : Event: ======'player_pilot_mission_qualifier_orbit_shot_lockout_timer_tick'====== Args={'value': 0, 'prev_value': 1, 'change': -1, 'player_num': 1}
2026-05-11 15:21:49,326 : INFO : Timer.orbit_shot_lockout_timer : Starting Timer.
2026-05-11 15:21:49,326 : INFO : EventManager : Event: ======'timer_orbit_shot_lockout_timer_started'====== Args={'ticks': 0, 'ticks_remaining': 1}
2026-05-11 15:21:49,326 : INFO : EventManager : Event: ======'timer_orbit_shot_lockout_timer_tick'====== Args={'ticks': 0, 'ticks_remaining': 1}
2026-05-11 15:21:49,326 : INFO : EventManager : Event: ======'battle_jester_timer_subtract_5s'====== Args={'priority': 0}
2026-05-11 15:21:49,326 : INFO : EventManager : Event: ======'battle_jester_play_missed_3'====== Args={}
2026-05-11 15:21:49,327 : INFO : EventManager : Event: ======'battle_jester_timer_subtract'====== Args={'priority': 0}
2026-05-11 15:21:49,327 : INFO : EventManager : Event: ======'player_battle_jester_battle_jester_timer_tick'====== Args={'value': 68, 'prev_value': 73, 'change': -5, 'player_num': 1}
2026-05-11 15:21:49,327 : INFO : EventManager : Event: ======'timer_battle_jester_timer_time_subtracted'====== Args={'ticks': 68, 'ticks_subtracted': 5, 'ticks_remaining': 73}
2026-05-11 15:21:49,327 : INFO : EventManager : Event: ======'battle_jester_timer_subtract_5s'====== Args={'priority': 0}
2026-05-11 15:21:49,327 : INFO : EventManager : Event: ======'battle_jester_play_missed_6'====== Args={}
2026-05-11 15:21:49,327 : INFO : EventManager : Event: ======'battle_jester_timer_subtract'====== Args={'priority': 0}
2026-05-11 15:21:49,327 : INFO : EventManager : Event: ======'player_battle_jester_battle_jester_timer_tick'====== Args={'value': 63, 'prev_value': 68, 'change': -5, 'player_num': 1}
2026-05-11 15:21:49,327 : INFO : EventManager : Event: ======'timer_battle_jester_timer_time_subtracted'====== Args={'ticks': 63, 'ticks_subtracted': 5, 'ticks_remaining': 68}
2026-05-11 15:21:49,327 : INFO : EventManager : Event: ======'player_iceman_letters_right_orbit_lockout_timer_tick'====== Args={'value': 0, 'prev_value': 3, 'change': -3, 'player_num': 1}
2026-05-11 15:21:49,328 : INFO : Timer.right_orbit_lockout_timer : Starting Timer.
2026-05-11 15:21:49,328 : INFO : EventManager : Event: ======'timer_right_orbit_lockout_timer_started'====== Args={'ticks': 0, 'ticks_remaining': 3}
2026-05-11 15:21:49,328 : INFO : EventManager : Event: ======'timer_right_orbit_lockout_timer_tick'====== Args={'ticks': 0, 'ticks_remaining': 3}
2026-05-11 15:21:49,350 : INFO : EventManager : Event: ======'slide_battle_jester_missed_3_video_created'====== Args={'_from_bcp': True}
2026-05-11 15:21:49,351 : INFO : SwitchController : <<<<<<< 's_orbit_right' inactive >>>>>>>
2026-05-11 15:21:49,370 : INFO : EventManager : Event: ======'slide_battle_jester_missed_6_video_created'====== Args={'_from_bcp': True}
2026-05-11 15:21:49,807 : INFO : EventManager : Event: ======'player_pilot_mission_qualifier_orbit_shot_lockout_timer_tick'====== Args={'value': 1, 'prev_value': 0, 'change': 1, 'player_num': 1}
2026-05-11 15:21:49,808 : INFO : Timer.orbit_shot_lockout_timer : Timer Complete
2026-05-11 15:21:49,808 : INFO : Timer.orbit_shot_lockout_timer : Stopping Timer
2026-05-11 15:21:49,808 : INFO : EventManager : Event: ======'timer_orbit_shot_lockout_timer_stopped'====== Args={'ticks': 1, 'ticks_remaining': 1}
2026-05-11 15:21:49,808 : INFO : EventManager : Event: ======'timer_orbit_shot_lockout_timer_complete'====== Args={'ticks': 1, 'ticks_remaining': 1}
2026-05-11 15:21:49,809 : INFO : SwitchController : <<<<<<< 's_lane_right' active >>>>>>>
2026-05-11 15:21:49,809 : INFO : EventManager : Event: ======'s_lane_right_active'====== Args={}
2026-05-11 15:21:49,809 : INFO : EventManager : Event: ======'sw_playfield_active'====== Args={}
2026-05-11 15:21:49,809 : INFO : EventManager : Event: ======'machine_var_audits_switches_s_lane_right'====== Args={'value': 4623, 'prev_value': 4622, 'change': 1}
2026-05-11 15:21:49,809 : INFO : EventManager : Event: ======'player_orbit_shot_lockout'====== Args={'value': 0, 'prev_value': 1, 'change': -1, 'player_num': 1, 'source': 'pilot_mission_qualifier'}
2026-05-11 15:21:49,810 : INFO : EventManager : Event: ======'player_score'====== Args={'value': 510000, 'prev_value': 505000, 'change': 5000, 'player_num': 1, 'source': 'base'}
2026-05-11 15:21:49,810 : INFO : EventManager : Event: ======'player_bonus_switches_count'====== Args={'value': 69, 'prev_value': 68, 'change': 1, 'player_num': 1, 'source': 'base'}
2026-05-11 15:21:49,839 : INFO : SwitchController : <<<<<<< 's_lane_right' inactive >>>>>>>
2026-05-11 15:21:49,902 : INFO : EventManager : Event: ======'player_battle_jester_battle_jester_timer_tick'====== Args={'value': 62, 'prev_value': 63, 'change': -1, 'player_num': 1}
2026-05-11 15:21:49,903 : INFO : EventManager : Event: ======'timer_battle_jester_timer_tick'====== Args={'ticks': 62, 'ticks_remaining': 62}
2026-05-11 15:21:49,980 : INFO : EventManager : Event: ======'player_pilot_mission_qualifier_left_orbit_shot_timeout_tick'====== Args={'value': 1, 'prev_value': 0, 'change': 1, 'player_num': 1}
2026-05-11 15:21:49,980 : INFO : EventManager : Event: ======'timer_left_orbit_shot_timeout_tick'====== Args={'ticks': 1, 'ticks_remaining': 2}
2026-05-11 15:21:50,310 : INFO : EventManager : Event: ======'player_pilot_mission_qualifier_right_orbit_shot_timeout_tick'====== Args={'value': 1, 'prev_value': 0, 'change': 1, 'player_num': 1}
2026-05-11 15:21:50,312 : INFO : EventManager : Event: ======'timer_right_orbit_shot_timeout_tick'====== Args={'ticks': 1, 'ticks_remaining': 2}
2026-05-11 15:21:50,312 : INFO : EventManager : Event: ======'player_iceman_letters_right_orbit_lockout_timer_tick'====== Args={'value': 1, 'prev_value': 0, 'change': 1, 'player_num': 1}
2026-05-11 15:21:50,312 : INFO : EventManager : Event: ======'timer_right_orbit_lockout_timer_tick'====== Args={'ticks': 1, 'ticks_remaining': 2}
2026-05-11 15:21:50,907 : INFO : EventManager : Event: ======'player_battle_jester_battle_jester_timer_tick'====== Args={'value': 61, 'prev_value': 62, 'change': -1, 'player_num': 1}
2026-05-11 15:21:50,908 : INFO : EventManager : Event: ======'timer_battle_jester_timer_tick'====== Args={'ticks': 61, 'ticks_remaining': 61}
2026-05-11 15:21:50,985 : INFO : EventManager : Event: ======'player_pilot_mission_qualifier_left_orbit_shot_timeout_tick'====== Args={'value': 2, 'prev_value': 1, 'change': 1, 'player_num': 1}
2026-05-11 15:21:50,986 : INFO : EventManager : Event: ======'timer_left_orbit_shot_timeout_tick'====== Args={'ticks': 2, 'ticks_remaining': 1}
2026-05-11 15:21:51,317 : INFO : EventManager : Event: ======'player_iceman_letters_right_orbit_lockout_timer_tick'====== Args={'value': 2, 'prev_value': 1, 'change': 1, 'player_num': 1}
2026-05-11 15:21:51,317 : INFO : EventManager : Event: ======'timer_right_orbit_lockout_timer_tick'====== Args={'ticks': 2, 'ticks_remaining': 1}
2026-05-11 15:21:51,317 : INFO : EventManager : Event: ======'player_pilot_mission_qualifier_right_orbit_shot_timeout_tick'====== Args={'value': 2, 'prev_value': 1, 'change': 1, 'player_num': 1}
2026-05-11 15:21:51,318 : INFO : EventManager : Event: ======'timer_right_orbit_shot_timeout_tick'====== Args={'ticks': 2, 'ticks_remaining': 1}
2026-05-11 15:21:51,909 : INFO : EventManager : Event: ======'player_battle_jester_battle_jester_timer_tick'====== Args={'value': 60, 'prev_value': 61, 'change': -1, 'player_num': 1}
2026-05-11 15:21:51,909 : INFO : EventManager : Event: ======'timer_battle_jester_timer_tick'====== Args={'ticks': 60, 'ticks_remaining': 60}
2026-05-11 15:21:51,910 : INFO : EventManager : Event: ======'slide_battle_jester_missed_3_video_removed'====== Args={'_from_bcp': True}
2026-05-11 15:21:51,987 : INFO : EventManager : Event: ======'player_pilot_mission_qualifier_left_orbit_shot_timeout_tick'====== Args={'value': 3, 'prev_value': 2, 'change': 1, 'player_num': 1}
2026-05-11 15:21:51,988 : INFO : Timer.left_orbit_shot_timeout : Timer Complete
2026-05-11 15:21:51,988 : INFO : Timer.left_orbit_shot_timeout : Stopping Timer
2026-05-11 15:21:51,988 : INFO : EventManager : Event: ======'timer_left_orbit_shot_timeout_stopped'====== Args={'ticks': 3, 'ticks_remaining': 1}
2026-05-11 15:21:51,988 : INFO : EventManager : Event: ======'timer_left_orbit_shot_timeout_complete'====== Args={'ticks': 3, 'ticks_remaining': 1}
2026-05-11 15:21:52,317 : INFO : EventManager : Event: ======'player_pilot_mission_qualifier_right_orbit_shot_timeout_tick'====== Args={'value': 3, 'prev_value': 2, 'change': 1, 'player_num': 1}
2026-05-11 15:21:52,317 : INFO : Timer.right_orbit_shot_timeout : Timer Complete
2026-05-11 15:21:52,318 : INFO : Timer.right_orbit_shot_timeout : Stopping Timer
2026-05-11 15:21:52,318 : INFO : EventManager : Event: ======'timer_right_orbit_shot_timeout_stopped'====== Args={'ticks': 3, 'ticks_remaining': 1}
2026-05-11 15:21:52,318 : INFO : EventManager : Event: ======'timer_right_orbit_shot_timeout_complete'====== Args={'ticks': 3, 'ticks_remaining': 1}
2026-05-11 15:21:52,318 : INFO : EventManager : Event: ======'player_iceman_letters_right_orbit_lockout_timer_tick'====== Args={'value': 3, 'prev_value': 2, 'change': 1, 'player_num': 1}
2026-05-11 15:21:52,318 : INFO : Timer.right_orbit_lockout_timer : Timer Complete
2026-05-11 15:21:52,318 : INFO : Timer.right_orbit_lockout_timer : Stopping Timer
2026-05-11 15:21:52,318 : INFO : EventManager : Event: ======'timer_right_orbit_lockout_timer_stopped'====== Args={'ticks': 3, 'ticks_remaining': 1}
2026-05-11 15:21:52,318 : INFO : EventManager : Event: ======'timer_right_orbit_lockout_timer_complete'====== Args={'ticks': 3, 'ticks_remaining': 1}
2026-05-11 15:21:52,319 : INFO : EventManager : Event: ======'player_right_post_locked_out'====== Args={'value': 0, 'prev_value': 1, 'change': -1, 'player_num': 1, 'source': 'iceman_letters'}
2026-05-11 15:21:52,342 : INFO : EventManager : Event: ======'slide_battle_jester_missed_6_video_removed'====== Args={'_from_bcp': True}
2026-05-11 15:21:52,910 : INFO : EventManager : Event: ======'player_battle_jester_battle_jester_timer_tick'====== Args={'value': 59, 'prev_value': 60, 'change': -1, 'player_num': 1}
2026-05-11 15:21:52,910 : INFO : EventManager : Event: ======'timer_battle_jester_timer_tick'====== Args={'ticks': 59, 'ticks_remaining': 59}
2026-05-11 15:21:53,034 : INFO : SwitchController : <<<<<<< 's_ramp_left_exit' active >>>>>>>
2026-05-11 15:21:53,034 : INFO : EventManager : Event: ======'s_ramp_left_exit_active'====== Args={}
2026-05-11 15:21:53,034 : INFO : EventManager : Event: ======'sw_playfield_active'====== Args={}
2026-05-11 15:21:53,034 : INFO : EventManager : Event: ======'sw_playfield_active'====== Args={}
2026-05-11 15:21:53,034 : INFO : EventManager : Event: ======'machine_var_audits_switches_s_ramp_left_exit'====== Args={'value': 2963, 'prev_value': 2962, 'change': 1}
2026-05-11 15:21:53,036 : INFO : EventManager : Event: ======'battle_jester_step_4_complete'====== Args={'priority': 0}
2026-05-11 15:21:53,036 : INFO : EventManager : Event: ======'battle_jester_setup_step_5'====== Args={'priority': 0}
2026-05-11 15:21:53,036 : INFO : EventManager : Event: ======'battle_jester_add_time_green'====== Args={'priority': 0}
2026-05-11 15:21:53,036 : INFO : EventManager : Event: ======'player_battle_jester_points_bank'====== Args={'value': 4350000, 'prev_value': 3700000, 'change': 650000, 'player_num': 1, 'source': 'battle_jester'}
2026-05-11 15:21:53,037 : INFO : EventManager : Event: ======'player_hd_sw_ramp_left'====== Args={'value': 1, 'prev_value': 0, 'change': 1, 'player_num': 1, 'source': 'hard_deck_qualifiers'}
2026-05-11 15:21:53,037 : INFO : EventManager : Event: ======'player_score'====== Args={'value': 520000, 'prev_value': 510000, 'change': 10000, 'player_num': 1, 'source': 'base'}
2026-05-11 15:21:53,037 : INFO : EventManager : Event: ======'player_bonus_switches_count'====== Args={'value': 70, 'prev_value': 69, 'change': 1, 'player_num': 1, 'source': 'base'}
2026-05-11 15:21:53,037 : INFO : EventManager : Event: ======'player_bonus_ramps_count'====== Args={'value': 1, 'prev_value': 0, 'change': 1, 'player_num': 1, 'source': 'base'}
2026-05-11 15:21:53,037 : INFO : EventManager : Event: ======'shaker_soft'====== Args={'priority': 0}
2026-05-11 15:21:53,038 : INFO : EventManager : Event: ======'player_battle_jester_step'====== Args={'value': 4, 'prev_value': 3, 'change': 1, 'player_num': 1, 'source': 'battle_jester'}
2026-05-11 15:21:53,038 : INFO : EventManager : Event: ======'player_battle_jester_shots_remaining'====== Args={'value': 6, 'prev_value': 7, 'change': -1, 'player_num': 1, 'source': 'battle_jester'}
2026-05-11 15:21:53,038 : INFO : Timer.battle_jester_step_4_timer : Stopping Timer
2026-05-11 15:21:53,038 : INFO : EventManager : Event: ======'timer_battle_jester_step_4_timer_stopped'====== Args={'ticks': 20, 'ticks_remaining': 1}
2026-05-11 15:21:53,038 : INFO : Timer.battle_jester_step_5_timer : Starting Timer.
2026-05-11 15:21:53,038 : INFO : EventManager : Event: ======'timer_battle_jester_step_5_timer_started'====== Args={'ticks': 0, 'ticks_remaining': 20}
2026-05-11 15:21:53,038 : INFO : EventManager : Event: ======'timer_battle_jester_step_5_timer_tick'====== Args={'ticks': 0, 'ticks_remaining': 20}
2026-05-11 15:21:53,039 : INFO : EventManager : Event: ======'battle_jester_timer_add_5s'====== Args={'priority': 0}
2026-05-11 15:21:53,039 : INFO : EventManager : Event: ======'battle_jester_timer_add'====== Args={'priority': 0}
2026-05-11 15:21:53,039 : INFO : EventManager : Event: ======'player_battle_jester_battle_jester_timer_tick'====== Args={'value': 64, 'prev_value': 59, 'change': 5, 'player_num': 1}
2026-05-11 15:21:53,039 : INFO : EventManager : Event: ======'timer_battle_jester_timer_time_added'====== Args={'ticks': 64, 'ticks_added': 59, 'ticks_remaining': 59}
2026-05-11 15:21:53,056 : INFO : EventManager : Event: ======'slide_battle_jester_points_bank_created'====== Args={'_from_bcp': True}
2026-05-11 15:21:53,056 : INFO : SwitchController : <<<<<<< 's_ramp_left_exit' inactive >>>>>>>
2026-05-11 15:21:53,073 : INFO : EventManager : Event: ======'slide_battle_jester_step_4_video_created'====== Args={'_from_bcp': True}
2026-05-11 15:21:53,073 : INFO : EventManager : Event: ======'slide_battle_jester_timer_inactive'====== Args={'is_removing': False, '_from_bcp': True}
2026-05-11 15:21:53,075 : INFO : EventManager : Event: ======'slide_battle_jester_points_bank_active'====== Args={'original_context': 'battle_jester', 'original_calling_context': 'battle_jester_step_4_complete', 'priority': 600.0, 'cmd': 'slides_play', '_from_bcp': True}
2026-05-11 15:21:53,910 : INFO : EventManager : Event: ======'player_battle_jester_battle_jester_timer_tick'====== Args={'value': 63, 'prev_value': 64, 'change': -1, 'player_num': 1}
2026-05-11 15:21:53,910 : INFO : EventManager : Event: ======'timer_battle_jester_timer_tick'====== Args={'ticks': 63, 'ticks_remaining': 63}
2026-05-11 15:21:54,034 : INFO : EventManager : Event: ======'player_battle_jester_battle_jester_step_5_timer_tick'====== Args={'value': 1, 'prev_value': 0, 'change': 1, 'player_num': 1}
2026-05-11 15:21:54,034 : INFO : EventManager : Event: ======'timer_battle_jester_step_5_timer_tick'====== Args={'ticks': 1, 'ticks_remaining': 19}
2026-05-11 15:21:54,408 : INFO : SwitchController : <<<<<<< 's_inlane_left' active >>>>>>>
2026-05-11 15:21:54,408 : INFO : EventManager : Event: ======'s_inlane_left_active'====== Args={}
2026-05-11 15:21:54,408 : INFO : EventManager : Event: ======'sw_playfield_active'====== Args={}
2026-05-11 15:21:54,408 : INFO : EventManager : Event: ======'sw_playfield_active'====== Args={}
2026-05-11 15:21:54,408 : INFO : EventManager : Event: ======'machine_var_audits_switches_s_inlane_left'====== Args={'value': 4884, 'prev_value': 4883, 'change': 1}
2026-05-11 15:21:54,410 : INFO : EventManager : Event: ======'check_goose_complete'====== Args={'priority': 0}
2026-05-11 15:21:54,410 : INFO : EventManager : Event: ======'player_goose_letter_o_left'====== Args={'value': 1, 'prev_value': 0, 'change': 1, 'player_num': 1, 'source': 'goose_letters'}
2026-05-11 15:21:54,411 : INFO : EventManager : Event: ======'player_goose_last_letter_collected'====== Args={'value': 2, 'prev_value': 4, 'change': -2, 'player_num': 1, 'source': 'goose_letters'}
2026-05-11 15:21:54,411 : INFO : EventManager : Event: ======'player_hd_sw_inlane_left'====== Args={'value': 1, 'prev_value': 0, 'change': 1, 'player_num': 1, 'source': 'hard_deck_qualifiers'}
2026-05-11 15:21:54,411 : INFO : EventManager : Event: ======'player_score'====== Args={'value': 522000, 'prev_value': 520000, 'change': 2000, 'player_num': 1, 'source': 'base'}
2026-05-11 15:21:54,411 : INFO : EventManager : Event: ======'player_bonus_switches_count'====== Args={'value': 71, 'prev_value': 70, 'change': 1, 'player_num': 1, 'source': 'base'}
2026-05-11 15:21:54,421 : INFO : SwitchController : <<<<<<< 's_inlane_left' inactive >>>>>>>
2026-05-11 15:21:54,909 : INFO : EventManager : Event: ======'player_battle_jester_battle_jester_timer_tick'====== Args={'value': 62, 'prev_value': 63, 'change': -1, 'player_num': 1}
2026-05-11 15:21:54,910 : INFO : EventManager : Event: ======'timer_battle_jester_timer_tick'====== Args={'ticks': 62, 'ticks_remaining': 62}
2026-05-11 15:21:55,034 : INFO : EventManager : Event: ======'player_battle_jester_battle_jester_step_5_timer_tick'====== Args={'value': 2, 'prev_value': 1, 'change': 1, 'player_num': 1}
2026-05-11 15:21:55,034 : INFO : EventManager : Event: ======'timer_battle_jester_step_5_timer_tick'====== Args={'ticks': 2, 'ticks_remaining': 18}
2026-05-11 15:21:55,062 : INFO : EventManager : Event: ======'slide_battle_jester_points_bank_inactive'====== Args={'is_removing': True, '_from_bcp': True}
2026-05-11 15:21:55,063 : INFO : EventManager : Event: ======'slide_battle_jester_timer_active'====== Args={'_from_bcp': True}
2026-05-11 15:21:55,063 : INFO : EventManager : Event: ======'slide_battle_jester_points_bank_removed'====== Args={'_from_bcp': True}
2026-05-11 15:21:55,908 : INFO : EventManager : Event: ======'player_battle_jester_battle_jester_timer_tick'====== Args={'value': 61, 'prev_value': 62, 'change': -1, 'player_num': 1}
2026-05-11 15:21:55,908 : INFO : EventManager : Event: ======'timer_battle_jester_timer_tick'====== Args={'ticks': 61, 'ticks_remaining': 61}
2026-05-11 15:21:56,031 : INFO : EventManager : Event: ======'player_battle_jester_battle_jester_step_5_timer_tick'====== Args={'value': 3, 'prev_value': 2, 'change': 1, 'player_num': 1}
2026-05-11 15:21:56,031 : INFO : EventManager : Event: ======'timer_battle_jester_step_5_timer_tick'====== Args={'ticks': 3, 'ticks_remaining': 17}
2026-05-11 15:21:56,218 : INFO : SwitchController : <<<<<<< 's_trough_6' active >>>>>>>
2026-05-11 15:21:56,218 : INFO : EventManager : Event: ======'machine_var_audits_switches_s_trough_6'====== Args={'value': 5613, 'prev_value': 5612, 'change': 1}
2026-05-11 15:21:56,532 : INFO : EventManager : Event: ======'balldevice_bd_trough_ball_count_changed'====== Args={'balls': 6}
2026-05-11 15:21:56,532 : INFO : ball_device.bd_trough : Received unexpected ball
2026-05-11 15:21:56,532 : INFO : EventManager : Event: ======'balldevice_captured_from_playfield'====== Args={'balls': 1}
2026-05-11 15:21:56,533 : INFO : EventManager : Event: ======'sw_playfield_active'====== Args={'balls': 1}
2026-05-11 15:21:56,533 : INFO : EventManager : Event: ======'playfield_ball_count_change'====== Args={'balls': 0, 'change': -1}
2026-05-11 15:21:56,533 : INFO : EventManager : Event: ======'balldevice_bd_trough_ball_enter'====== Args={'new_balls': 1, 'unclaimed_balls': 1, 'new_available_balls': 1, 'device': <ball_device.bd_trough>}
2026-05-11 15:21:56,535 : INFO : EventManager : Event: ======'ball_drain'====== Args={'device': <ball_device.bd_trough>, 'balls': 1}
2026-05-11 15:21:56,535 : INFO : EventManager : Event: ======'extra_ball_drain_cleanup'====== Args={'priority': 0}
2026-05-11 15:21:56,535 : INFO : coil.c_left_lane_up_post : Disabling Driver
2026-05-11 15:21:56,536 : INFO : EventManager : Event: ======'ball_will_end'====== Args={}
2026-05-11 15:21:56,537 : INFO : EventManager : Event: ======'balldevice_balls_available'====== Args={}
2026-05-11 15:21:56,537 : INFO : EventManager : Event: ======'balldevice_bd_trough_ball_entered'====== Args={'new_balls': 1, 'device': <ball_device.bd_trough>}
2026-05-11 15:21:56,537 : INFO : EventManager : Event: ======'mode_tilt_will_stop'====== Args={}
2026-05-11 15:21:56,538 : INFO : EventManager : Event: ======'mode_tilt_stopping'====== Args={}
2026-05-11 15:21:56,538 : INFO : EventManager : Event: ======'player_score'====== Args={'value': 4872000, 'prev_value': 522000, 'change': 4350000, 'player_num': 1, 'source': 'battle_jester'}
2026-05-11 15:21:56,538 : INFO : EventManager : Event: ======'player_battle_jester_points_awarded'====== Args={'value': 4350000, 'prev_value': 0, 'change': 4350000, 'player_num': 1, 'source': 'battle_jester'}
2026-05-11 15:21:56,538 : INFO : EventManager : Event: ======'player_pilot_mode_drain_pending'====== Args={'value': 1, 'prev_value': 0, 'change': 1, 'player_num': 1, 'source': 'battle_jester'}
2026-05-11 15:21:56,538 : INFO : EventManager : Event: ======'topgun_letters_reset'====== Args={'priority': 0}
2026-05-11 15:21:56,539 : INFO : EventManager : Event: ======'player_mig_letter_g'====== Args={'value': 0, 'prev_value': 1, 'change': -1, 'player_num': 1, 'source': 'mig_letters'}
2026-05-11 15:21:56,539 : INFO : EventManager : Event: ======'player_mig_completing'====== Args={'value': 0, 'prev_value': 0, 'change': 0, 'player_num': 1, 'source': 'mig_letters'}
2026-05-11 15:21:56,539 : INFO : EventManager : Event: ======'mode_extra_ball_will_stop'====== Args={}
2026-05-11 15:21:56,539 : INFO : EventManager : Event: ======'mode_extra_ball_stopping'====== Args={}
2026-05-11 15:21:56,539 : INFO : coil.c_left_lane_up_post : Disabling Driver
2026-05-11 15:21:56,539 : INFO : Timer.x2_playfield : Stopping Timer
2026-05-11 15:21:56,539 : INFO : EventManager : Event: ======'timer_x2_playfield_stopped'====== Args={'ticks': 90, 'ticks_remaining': 0}
2026-05-11 15:21:56,540 : INFO : Mode.extra_ball : Stopped.
2026-05-11 15:21:56,540 : INFO : EventManager : Event: ======'modes_active_modes_changed'====== Args={}
2026-05-11 15:21:56,540 : INFO : EventManager : Event: ======'mode_extra_ball_stopped'====== Args={}
2026-05-11 15:21:56,540 : INFO : EventManager : Event: ======'clear'====== Args={'key': 'extra_ball'}
2026-05-11 15:21:56,540 : INFO : Timer.extra_ball_hold : Stopping Timer
2026-05-11 15:21:56,540 : INFO : EventManager : Event: ======'timer_extra_ball_hold_stopped'====== Args={'ticks': 5, 'ticks_remaining': 0}
2026-05-11 15:21:56,540 : INFO : Mode.tilt : Stopped.
2026-05-11 15:21:56,540 : INFO : EventManager : Event: ======'modes_active_modes_changed'====== Args={}
2026-05-11 15:21:56,541 : INFO : EventManager : Event: ======'mode_tilt_stopped'====== Args={}
2026-05-11 15:21:56,541 : INFO : EventManager : Event: ======'clear'====== Args={'key': 'tilt'}
2026-05-11 15:21:56,541 : INFO : Timer.tilt_video_delay : Stopping Timer
2026-05-11 15:21:56,541 : INFO : EventManager : Event: ======'timer_tilt_video_delay_stopped'====== Args={'ticks': 0, 'ticks_remaining': 0}
2026-05-11 15:21:56,543 : INFO : EventManager : Event: ======'ball_ending'====== Args={}
2026-05-11 15:21:56,546 : INFO : EventManager : Event: ======'battle_jester_ball_ending_hold'====== Args={}
2026-05-11 15:21:56,547 : INFO : EventManager : Event: ======'battle_jester_failed'====== Args={'priority': 0}
2026-05-11 15:21:56,547 : INFO : EventManager : Event: ======'battle_jester_drain_detected'====== Args={'priority': 0}
2026-05-11 15:21:56,547 : INFO : EventManager : Event: ======'battle_jester_cleanup'====== Args={'priority': 0}
2026-05-11 15:21:56,547 : INFO : EventManager : Event: ======'missiles_perk_unload'====== Args={'priority': 0}
2026-05-11 15:21:56,548 : INFO : EventManager : Event: ======'player_mode_battle_jester_played'====== Args={'value': 1, 'prev_value': 0, 'change': 1, 'player_num': 1, 'source': 'pilot_mission_qualifier'}
2026-05-11 15:21:56,548 : INFO : Timer.battle_jester_failed_delay : Starting Timer.
2026-05-11 15:21:56,549 : INFO : EventManager : Event: ======'timer_battle_jester_failed_delay_started'====== Args={'ticks': 0, 'ticks_remaining': 5}
2026-05-11 15:21:56,549 : INFO : EventManager : Event: ======'timer_battle_jester_failed_delay_tick'====== Args={'ticks': 0, 'ticks_remaining': 5}
2026-05-11 15:21:56,549 : INFO : coil.c_left_orbit_diverter : Disabling Driver
2026-05-11 15:21:56,549 : INFO : coil.c_left_lane_up_post : Disabling Driver
2026-05-11 15:21:56,549 : INFO : EventManager : Event: ======'barrier_raise'====== Args={'priority': 0}
2026-05-11 15:21:56,549 : INFO : EventManager : Event: ======'right_ramp_down'====== Args={'priority': 0}
2026-05-11 15:21:56,550 : INFO : Timer.battle_jester_servo_cleanup_delay : Starting Timer.
2026-05-11 15:21:56,550 : INFO : EventManager : Event: ======'timer_battle_jester_servo_cleanup_delay_started'====== Args={'ticks': 0, 'ticks_remaining': 1}
2026-05-11 15:21:56,550 : INFO : EventManager : Event: ======'timer_battle_jester_servo_cleanup_delay_tick'====== Args={'ticks': 0, 'ticks_remaining': 1}
2026-05-11 15:21:56,550 : INFO : coil.c_mode_barrier : Disabling Driver
2026-05-11 15:21:56,550 : INFO : Timer.global_scoop_eject_delay : Stopping Timer
2026-05-11 15:21:56,550 : INFO : EventManager : Event: ======'timer_global_scoop_eject_delay_stopped'====== Args={'ticks': 0, 'ticks_remaining': 0}
2026-05-11 15:21:56,550 : INFO : coil.c_right_orbit_diverter : Disabling Driver
2026-05-11 15:21:56,550 : INFO : EventManager : Event: ======'player_missiles_remaining'====== Args={'value': 0, 'prev_value': 0, 'change': 0, 'player_num': 1, 'source': 'goose_letters'}
2026-05-11 15:21:56,550 : INFO : EventManager : Event: ======'player_missile_firing'====== Args={'value': 0, 'prev_value': 0, 'change': 0, 'player_num': 1, 'source': 'goose_letters'}
2026-05-11 15:21:56,550 : INFO : Timer.missile_fire_delay : Stopping Timer
2026-05-11 15:21:56,550 : INFO : EventManager : Event: ======'timer_missile_fire_delay_stopped'====== Args={'ticks': 0, 'ticks_remaining': 0}
2026-05-11 15:21:56,550 : INFO : Timer.battle_jester_drain_delay : Starting Timer.
2026-05-11 15:21:56,550 : INFO : EventManager : Event: ======'timer_battle_jester_drain_delay_started'====== Args={'ticks': 0, 'ticks_remaining': 5}
2026-05-11 15:21:56,550 : INFO : EventManager : Event: ======'timer_battle_jester_drain_delay_tick'====== Args={'ticks': 0, 'ticks_remaining': 5}
2026-05-11 15:21:56,558 : INFO : EventManager : Event: ======'slide_battle_jester_timer_inactive'====== Args={'is_removing': True, '_from_bcp': True}
2026-05-11 15:21:56,558 : INFO : EventManager : Event: ======'slide_battle_jester_shots_remaining_active'====== Args={'_from_bcp': True}
2026-05-11 15:21:56,559 : INFO : EventManager : Event: ======'slide_battle_jester_timer_removed'====== Args={'_from_bcp': True}
2026-05-11 15:21:56,559 : INFO : EventManager : Event: ======'slide_battle_jester_shots_remaining_inactive'====== Args={'is_removing': True, '_from_bcp': True}
2026-05-11 15:21:56,559 : INFO : EventManager : Event: ======'slide_battle_jester_step_4_video_active'====== Args={'_from_bcp': True}
2026-05-11 15:21:56,559 : INFO : EventManager : Event: ======'slide_battle_jester_shots_remaining_removed'====== Args={'_from_bcp': True}
2026-05-11 15:21:56,559 : INFO : EventManager : Event: ======'slide_battle_jester_step_1_instructions_removed'====== Args={'_from_bcp': True}
2026-05-11 15:21:56,567 : INFO : EventManager : Event: ======'slide_battle_jester_step_4_video_inactive'====== Args={'is_removing': True, '_from_bcp': True}
2026-05-11 15:21:56,567 : INFO : EventManager : Event: ======'slide_mach_1_active'====== Args={'_from_bcp': True}
2026-05-11 15:21:56,575 : INFO : EventManager : Event: ======'slide_battle_jester_step_4_video_removed'====== Args={'_from_bcp': True}
2026-05-11 15:21:56,594 : INFO : EventManager : Event: ======'slide_battle_jester_lost_video_created'====== Args={'_from_bcp': True}
2026-05-11 15:21:56,594 : INFO : EventManager : Event: ======'slide_mach_1_inactive'====== Args={'is_removing': False, '_from_bcp': True}
2026-05-11 15:21:56,595 : INFO : EventManager : Event: ======'slide_battle_jester_lost_video_active'====== Args={'original_context': 'battle_jester', 'original_calling_context': 'battle_jester_failed', 'priority': 600.0, 'cmd': 'slides_play', '_from_bcp': True}
2026-05-11 15:21:56,908 : INFO : EventManager : Event: ======'player_battle_jester_battle_jester_timer_tick'====== Args={'value': 60, 'prev_value': 61, 'change': -1, 'player_num': 1}
2026-05-11 15:21:56,908 : INFO : EventManager : Event: ======'timer_battle_jester_timer_tick'====== Args={'ticks': 60, 'ticks_remaining': 60}
2026-05-11 15:21:57,032 : INFO : EventManager : Event: ======'player_battle_jester_battle_jester_servo_cleanup_delay_tick'====== Args={'value': 1, 'prev_value': 0, 'change': 1, 'player_num': 1}
2026-05-11 15:21:57,032 : INFO : Timer.battle_jester_servo_cleanup_delay : Timer Complete
2026-05-11 15:21:57,032 : INFO : Timer.battle_jester_servo_cleanup_delay : Stopping Timer
2026-05-11 15:21:57,033 : INFO : EventManager : Event: ======'timer_battle_jester_servo_cleanup_delay_stopped'====== Args={'ticks': 1, 'ticks_remaining': 1}
2026-05-11 15:21:57,033 : INFO : EventManager : Event: ======'timer_battle_jester_servo_cleanup_delay_complete'====== Args={'ticks': 1, 'ticks_remaining': 1}
2026-05-11 15:21:57,033 : INFO : EventManager : Event: ======'player_battle_jester_battle_jester_step_5_timer_tick'====== Args={'value': 4, 'prev_value': 3, 'change': 1, 'player_num': 1}
2026-05-11 15:21:57,033 : INFO : EventManager : Event: ======'timer_battle_jester_step_5_timer_tick'====== Args={'ticks': 4, 'ticks_remaining': 16}
2026-05-11 15:21:57,033 : INFO : EventManager : Event: ======'top_ramp_down'====== Args={'priority': 0}
2026-05-11 15:21:57,531 : INFO : EventManager : Event: ======'player_battle_jester_battle_jester_failed_delay_tick'====== Args={'value': 1, 'prev_value': 0, 'change': 1, 'player_num': 1}
2026-05-11 15:21:57,531 : INFO : EventManager : Event: ======'timer_battle_jester_failed_delay_tick'====== Args={'ticks': 1, 'ticks_remaining': 4}
2026-05-11 15:21:57,532 : INFO : EventManager : Event: ======'player_battle_jester_battle_jester_drain_delay_tick'====== Args={'value': 1, 'prev_value': 0, 'change': 1, 'player_num': 1}
2026-05-11 15:21:57,532 : INFO : EventManager : Event: ======'timer_battle_jester_drain_delay_tick'====== Args={'ticks': 1, 'ticks_remaining': 4}
2026-05-11 15:21:57,909 : INFO : EventManager : Event: ======'player_battle_jester_battle_jester_timer_tick'====== Args={'value': 59, 'prev_value': 60, 'change': -1, 'player_num': 1}
2026-05-11 15:21:57,909 : INFO : EventManager : Event: ======'timer_battle_jester_timer_tick'====== Args={'ticks': 59, 'ticks_remaining': 59}
2026-05-11 15:21:58,034 : INFO : EventManager : Event: ======'player_battle_jester_battle_jester_step_5_timer_tick'====== Args={'value': 5, 'prev_value': 4, 'change': 1, 'player_num': 1}
2026-05-11 15:21:58,034 : INFO : EventManager : Event: ======'timer_battle_jester_step_5_timer_tick'====== Args={'ticks': 5, 'ticks_remaining': 15}
2026-05-11 15:21:58,534 : INFO : EventManager : Event: ======'player_battle_jester_battle_jester_drain_delay_tick'====== Args={'value': 2, 'prev_value': 1, 'change': 1, 'player_num': 1}
2026-05-11 15:21:58,534 : INFO : EventManager : Event: ======'timer_battle_jester_drain_delay_tick'====== Args={'ticks': 2, 'ticks_remaining': 3}
2026-05-11 15:21:58,534 : INFO : EventManager : Event: ======'player_battle_jester_battle_jester_failed_delay_tick'====== Args={'value': 2, 'prev_value': 1, 'change': 1, 'player_num': 1}
2026-05-11 15:21:58,534 : INFO : EventManager : Event: ======'timer_battle_jester_failed_delay_tick'====== Args={'ticks': 2, 'ticks_remaining': 3}
2026-05-11 15:21:58,908 : INFO : EventManager : Event: ======'player_battle_jester_battle_jester_timer_tick'====== Args={'value': 58, 'prev_value': 59, 'change': -1, 'player_num': 1}
2026-05-11 15:21:58,908 : INFO : EventManager : Event: ======'timer_battle_jester_timer_tick'====== Args={'ticks': 58, 'ticks_remaining': 58}
2026-05-11 15:21:59,034 : INFO : EventManager : Event: ======'player_battle_jester_battle_jester_step_5_timer_tick'====== Args={'value': 6, 'prev_value': 5, 'change': 1, 'player_num': 1}
2026-05-11 15:21:59,034 : INFO : EventManager : Event: ======'timer_battle_jester_step_5_timer_tick'====== Args={'ticks': 6, 'ticks_remaining': 14}
2026-05-11 15:21:59,532 : INFO : EventManager : Event: ======'player_battle_jester_battle_jester_drain_delay_tick'====== Args={'value': 3, 'prev_value': 2, 'change': 1, 'player_num': 1}
2026-05-11 15:21:59,534 : INFO : EventManager : Event: ======'timer_battle_jester_drain_delay_tick'====== Args={'ticks': 3, 'ticks_remaining': 2}
2026-05-11 15:21:59,534 : INFO : EventManager : Event: ======'player_battle_jester_battle_jester_failed_delay_tick'====== Args={'value': 3, 'prev_value': 2, 'change': 1, 'player_num': 1}
2026-05-11 15:21:59,534 : INFO : EventManager : Event: ======'timer_battle_jester_failed_delay_tick'====== Args={'ticks': 3, 'ticks_remaining': 2}
2026-05-11 15:21:59,907 : INFO : EventManager : Event: ======'player_battle_jester_battle_jester_timer_tick'====== Args={'value': 57, 'prev_value': 58, 'change': -1, 'player_num': 1}
2026-05-11 15:21:59,907 : INFO : EventManager : Event: ======'timer_battle_jester_timer_tick'====== Args={'ticks': 57, 'ticks_remaining': 57}
2026-05-11 15:22:00,032 : INFO : EventManager : Event: ======'player_battle_jester_battle_jester_step_5_timer_tick'====== Args={'value': 7, 'prev_value': 6, 'change': 1, 'player_num': 1}
2026-05-11 15:22:00,032 : INFO : EventManager : Event: ======'timer_battle_jester_step_5_timer_tick'====== Args={'ticks': 7, 'ticks_remaining': 13}
2026-05-11 15:22:00,530 : INFO : EventManager : Event: ======'player_battle_jester_battle_jester_failed_delay_tick'====== Args={'value': 4, 'prev_value': 3, 'change': 1, 'player_num': 1}
2026-05-11 15:22:00,530 : INFO : EventManager : Event: ======'timer_battle_jester_failed_delay_tick'====== Args={'ticks': 4, 'ticks_remaining': 1}
2026-05-11 15:22:00,531 : INFO : EventManager : Event: ======'player_battle_jester_battle_jester_drain_delay_tick'====== Args={'value': 4, 'prev_value': 3, 'change': 1, 'player_num': 1}
2026-05-11 15:22:00,531 : INFO : EventManager : Event: ======'timer_battle_jester_drain_delay_tick'====== Args={'ticks': 4, 'ticks_remaining': 1}
2026-05-11 15:22:00,908 : INFO : EventManager : Event: ======'player_battle_jester_battle_jester_timer_tick'====== Args={'value': 56, 'prev_value': 57, 'change': -1, 'player_num': 1}
2026-05-11 15:22:00,908 : INFO : EventManager : Event: ======'timer_battle_jester_timer_tick'====== Args={'ticks': 56, 'ticks_remaining': 56}
2026-05-11 15:22:00,937 : INFO : EventManager : Event: ======'slide_battle_jester_lost_video_inactive'====== Args={'is_removing': True, '_from_bcp': True}
2026-05-11 15:22:00,937 : INFO : EventManager : Event: ======'slide_mach_1_active'====== Args={'_from_bcp': True}
2026-05-11 15:22:00,946 : INFO : EventManager : Event: ======'slide_battle_jester_lost_video_removed'====== Args={'_from_bcp': True}
2026-05-11 15:22:01,007 : INFO : Machine : Shutting down...
2026-05-11 15:22:01,009 : INFO : EventManager : Event: ======'shutdown'====== Args={}
2026-05-11 15:22:01,009 : INFO : coil.c_left_lane_up_post : Disabling Driver
2026-05-11 15:22:01,009 : INFO : coil.c_left_mig_up_post : Disabling Driver
2026-05-11 15:22:01,009 : INFO : coil.c_right_mig_up_post : Disabling Driver
2026-05-11 15:22:01,009 : INFO : coil.c_left_orbit_diverter : Disabling Driver
2026-05-11 15:22:01,009 : INFO : coil.c_right_orbit_diverter : Disabling Driver
2026-05-11 15:22:01,009 : INFO : coil.c_mode_barrier : Disabling Driver
2026-05-11 15:22:01,009 : INFO : coil.c_coin_door_led : Disabling Driver
2026-05-11 15:22:01,009 : INFO : coil.c_start_button_led : Disabling Driver
2026-05-11 15:22:01,009 : INFO : EventManager : Event: ======'right_ramp_down'====== Args={'priority': 0}
2026-05-11 15:22:01,009 : INFO : EventManager : Event: ======'lock_released'====== Args={'priority': 0}
2026-05-11 15:22:01,011 : INFO : coil.c_right_orbit_diverter : Disabling Driver
2026-05-11 15:22:01,013 : INFO : EventManager : Event: ======'mode_game_will_stop'====== Args={}
2026-05-11 15:22:01,013 : INFO : EventManager : Event: ======'mode_game_stopping'====== Args={}
2026-05-11 15:22:01,015 : INFO : EventManager : Event: ======'mode_shot_missed_callout_randomizer_will_stop'====== Args={}
2026-05-11 15:22:01,015 : INFO : EventManager : Event: ======'mode_shot_missed_callout_randomizer_stopping'====== Args={}
2026-05-11 15:22:01,015 : INFO : EventManager : Event: ======'mode_2x_playfield_will_stop'====== Args={}
2026-05-11 15:22:01,015 : INFO : EventManager : Event: ======'mode_2x_playfield_stopping'====== Args={}
2026-05-11 15:22:01,015 : INFO : EventManager : Event: ======'mode_top_gun_multiball_locks_will_stop'====== Args={}
2026-05-11 15:22:01,015 : INFO : EventManager : Event: ======'mode_top_gun_multiball_locks_stopping'====== Args={}
2026-05-11 15:22:01,015 : INFO : EventManager : Event: ======'mode_pilot_mission_qualifier_will_stop'====== Args={}
2026-05-11 15:22:01,015 : INFO : EventManager : Event: ======'mode_pilot_mission_qualifier_stopping'====== Args={}
2026-05-11 15:22:01,015 : INFO : EventManager : Event: ======'mode_bumpers_will_stop'====== Args={}
2026-05-11 15:22:01,015 : INFO : EventManager : Event: ======'mode_bumpers_stopping'====== Args={}
2026-05-11 15:22:01,015 : INFO : EventManager : Event: ======'mode_iceman_letters_will_stop'====== Args={}
2026-05-11 15:22:01,015 : INFO : EventManager : Event: ======'mode_iceman_letters_stopping'====== Args={}
2026-05-11 15:22:01,016 : INFO : EventManager : Event: ======'mode_goose_letters_will_stop'====== Args={}
2026-05-11 15:22:01,016 : INFO : EventManager : Event: ======'mode_goose_letters_stopping'====== Args={}
2026-05-11 15:22:01,016 : INFO : EventManager : Event: ======'mode_ball_save_will_stop'====== Args={}
2026-05-11 15:22:01,016 : INFO : EventManager : Event: ======'mode_ball_save_stopping'====== Args={}
2026-05-11 15:22:01,016 : INFO : EventManager : Event: ======'mode_hard_deck_qualifiers_will_stop'====== Args={}
2026-05-11 15:22:01,016 : INFO : EventManager : Event: ======'mode_hard_deck_qualifiers_stopping'====== Args={}
2026-05-11 15:22:01,016 : INFO : EventManager : Event: ======'mode_base_will_stop'====== Args={}
2026-05-11 15:22:01,016 : INFO : EventManager : Event: ======'mode_base_stopping'====== Args={}
2026-05-11 15:22:01,016 : INFO : EventManager : Event: ======'mode_mig_letters_will_stop'====== Args={}
2026-05-11 15:22:01,016 : INFO : EventManager : Event: ======'mode_mig_letters_stopping'====== Args={}
2026-05-11 15:22:01,016 : INFO : EventManager : Event: ======'mode_mach_scoring_will_stop'====== Args={}
2026-05-11 15:22:01,016 : INFO : EventManager : Event: ======'mode_mach_scoring_stopping'====== Args={}
2026-05-11 15:22:01,016 : INFO : EventManager : Event: ======'mode_battle_jester_will_stop'====== Args={}
2026-05-11 15:22:01,016 : INFO : EventManager : Event: ======'mode_battle_jester_stopping'====== Args={}
2026-05-11 15:22:01,017 : INFO : EventManager : Event: ======'mode_default_sounds_will_stop'====== Args={}
2026-05-11 15:22:01,017 : INFO : EventManager : Event: ======'mode_default_sounds_stopping'====== Args={}
2026-05-11 15:22:01,017 : INFO : EventManager : Event: ======'mode_shot_made_callout_randomizer_will_stop'====== Args={}
2026-05-11 15:22:01,017 : INFO : EventManager : Event: ======'mode_shot_made_callout_randomizer_stopping'====== Args={}
2026-05-11 15:22:01,018 : INFO : coil.c_lock_diverter_magnet : Disabling Driver
2026-05-11 15:22:01,018 : INFO : Timer.lock_diverter_timeout : Stopping Timer
2026-05-11 15:22:01,018 : INFO : EventManager : Event: ======'timer_lock_diverter_timeout_stopped'====== Args={'ticks': 0, 'ticks_remaining': 0}
2026-05-11 15:22:01,018 : INFO : Timer.mb_mode_choice_timer : Stopping Timer
2026-05-11 15:22:01,018 : INFO : EventManager : Event: ======'timer_mb_mode_choice_timer_stopped'====== Args={'ticks': 15, 'ticks_remaining': 0}
2026-05-11 15:22:01,018 : INFO : Timer.lock_goose_debounce : Stopping Timer
2026-05-11 15:22:01,018 : INFO : EventManager : Event: ======'timer_lock_goose_debounce_stopped'====== Args={'ticks': 0, 'ticks_remaining': 0}
2026-05-11 15:22:01,018 : INFO : Timer.lock_mav_debounce : Stopping Timer
2026-05-11 15:22:01,018 : INFO : EventManager : Event: ======'timer_lock_mav_debounce_stopped'====== Args={'ticks': 0, 'ticks_remaining': 0}
2026-05-11 15:22:01,018 : INFO : Timer.lock_goose_callout_delay : Stopping Timer
2026-05-11 15:22:01,018 : INFO : EventManager : Event: ======'timer_lock_goose_callout_delay_stopped'====== Args={'ticks': 0, 'ticks_remaining': 0}
2026-05-11 15:22:01,018 : INFO : Timer.lock_goose_serve_delay : Stopping Timer
2026-05-11 15:22:01,018 : INFO : EventManager : Event: ======'timer_lock_goose_serve_delay_stopped'====== Args={'ticks': 0, 'ticks_remaining': 0}
2026-05-11 15:22:01,018 : INFO : Timer.lock_mav_mb_lit_callout_delay : Stopping Timer
2026-05-11 15:22:01,018 : INFO : EventManager : Event: ======'timer_lock_mav_mb_lit_callout_delay_stopped'====== Args={'ticks': 0, 'ticks_remaining': 0}
2026-05-11 15:22:01,018 : INFO : Timer.lock_mav_serve_delay : Stopping Timer
2026-05-11 15:22:01,019 : INFO : EventManager : Event: ======'timer_lock_mav_serve_delay_stopped'====== Args={'ticks': 0, 'ticks_remaining': 0}
2026-05-11 15:22:01,019 : INFO : Timer.lock_resume_arm : Stopping Timer
2026-05-11 15:22:01,019 : INFO : EventManager : Event: ======'timer_lock_resume_arm_stopped'====== Args={'ticks': 0, 'ticks_remaining': 0}
2026-05-11 15:22:01,019 : INFO : coil.c_left_lane_up_post : Disabling Driver
2026-05-11 15:22:01,019 : INFO : Timer.hd_training_choice_timer : Stopping Timer
2026-05-11 15:22:01,019 : INFO : EventManager : Event: ======'timer_hd_training_choice_timer_stopped'====== Args={'ticks': 15, 'ticks_remaining': 0}
2026-05-11 15:22:01,019 : INFO : EventManager : Event: ======'stop_mode_bumpers'====== Args={'priority': 0}
2026-05-11 15:22:01,019 : INFO : Timer.battle_jester_spinner_lockout : Stopping Timer
2026-05-11 15:22:01,019 : INFO : EventManager : Event: ======'timer_battle_jester_spinner_lockout_stopped'====== Args={'ticks': 0, 'ticks_remaining': 0}
2026-05-11 15:22:01,019 : INFO : Mode.shot_made_callout_randomizer : Stopped.
2026-05-11 15:22:01,019 : INFO : EventManager : Event: ======'modes_active_modes_changed'====== Args={}
2026-05-11 15:22:01,019 : INFO : EventManager : Event: ======'mode_shot_made_callout_randomizer_stopped'====== Args={}
2026-05-11 15:22:01,019 : INFO : EventManager : Event: ======'clear'====== Args={'key': 'shot_made_callout_randomizer'}
2026-05-11 15:22:01,019 : INFO : Mode.default_sounds : Stopped.
2026-05-11 15:22:01,019 : INFO : EventManager : Event: ======'modes_active_modes_changed'====== Args={}
2026-05-11 15:22:01,020 : INFO : EventManager : Event: ======'mode_default_sounds_stopped'====== Args={}
2026-05-11 15:22:01,020 : INFO : EventManager : Event: ======'clear'====== Args={'key': 'default_sounds'}
2026-05-11 15:22:01,020 : INFO : Mode.battle_jester : Stopped.
2026-05-11 15:22:01,020 : INFO : EventManager : Event: ======'modes_active_modes_changed'====== Args={}
2026-05-11 15:22:01,023 : INFO : EventManager : Event: ======'mode_battle_jester_stopped'====== Args={}
2026-05-11 15:22:01,023 : INFO : EventManager : Event: ======'clear'====== Args={'key': 'battle_jester'}
2026-05-11 15:22:01,023 : INFO : EventManager : Event: ======'pilot_mission_bonus_ready'====== Args={'priority': 0}
2026-05-11 15:22:01,023 : INFO : EventManager : Event: ======'pilot_mission_drain_complete'====== Args={'priority': 0}
2026-05-11 15:22:01,023 : INFO : EventManager : Event: ======'player_letter_collection_paused'====== Args={'value': 0, 'prev_value': 1, 'change': -1, 'player_num': 1, 'source': 'pilot_mission_qualifier'}
2026-05-11 15:22:01,023 : INFO : EventManager : Event: ======'player_pilot_mode_active'====== Args={'value': 0, 'prev_value': 1, 'change': -1, 'player_num': 1, 'source': 'pilot_mission_qualifier'}
2026-05-11 15:22:01,023 : INFO : EventManager : Event: ======'player_missiles_perk_active'====== Args={'value': 0, 'prev_value': 0, 'change': 0, 'player_num': 1, 'source': 'pilot_mission_qualifier'}
2026-05-11 15:22:01,023 : INFO : EventManager : Event: ======'player_pilot_mode_drain_pending'====== Args={'value': 0, 'prev_value': 1, 'change': -1, 'player_num': 1, 'source': 'pilot_mission_qualifier'}
2026-05-11 15:22:01,023 : INFO : EventManager : Event: ======'update_qualifying_show'====== Args={'priority': 0}
2026-05-11 15:22:01,023 : INFO : EventManager : Event: ======'update_training_qual_lights'====== Args={'priority': 0}
2026-05-11 15:22:01,024 : INFO : Timer.battle_jester_step_8_video_delay : Stopping Timer
2026-05-11 15:22:01,024 : INFO : EventManager : Event: ======'timer_battle_jester_step_8_video_delay_stopped'====== Args={'ticks': 0, 'ticks_remaining': 0}
2026-05-11 15:22:01,024 : INFO : Timer.battle_jester_tower_won_delay : Stopping Timer
2026-05-11 15:22:01,024 : INFO : EventManager : Event: ======'timer_battle_jester_tower_won_delay_stopped'====== Args={'ticks': 0, 'ticks_remaining': 0}
2026-05-11 15:22:01,024 : INFO : Timer.battle_jester_step_9_video_delay : Stopping Timer
2026-05-11 15:22:01,024 : INFO : EventManager : Event: ======'timer_battle_jester_step_9_video_delay_stopped'====== Args={'ticks': 0, 'ticks_remaining': 0}
2026-05-11 15:22:01,024 : INFO : Timer.battle_jester_tower_lost_delay : Stopping Timer
2026-05-11 15:22:01,025 : INFO : EventManager : Event: ======'timer_battle_jester_tower_lost_delay_stopped'====== Args={'ticks': 0, 'ticks_remaining': 0}
2026-05-11 15:22:01,025 : INFO : Timer.battle_jester_step_10_video_delay : Stopping Timer
2026-05-11 15:22:01,025 : INFO : EventManager : Event: ======'timer_battle_jester_step_10_video_delay_stopped'====== Args={'ticks': 0, 'ticks_remaining': 0}
2026-05-11 15:22:01,025 : INFO : Timer.battle_jester_step_1_timer : Stopping Timer
2026-05-11 15:22:01,025 : INFO : EventManager : Event: ======'timer_battle_jester_step_1_timer_stopped'====== Args={'ticks': 1, 'ticks_remaining': 29}
2026-05-11 15:22:01,025 : INFO : Timer.battle_jester_step_11_decision_video : Stopping Timer
2026-05-11 15:22:01,025 : INFO : EventManager : Event: ======'timer_battle_jester_step_11_decision_video_stopped'====== Args={'ticks': 0, 'ticks_remaining': 0}
2026-05-11 15:22:01,025 : INFO : Timer.battle_jester_step_2_timer : Stopping Timer
2026-05-11 15:22:01,025 : INFO : EventManager : Event: ======'timer_battle_jester_step_2_timer_stopped'====== Args={'ticks': 2, 'ticks_remaining': 28}
2026-05-11 15:22:01,025 : INFO : Timer.battle_jester_buzz_tower_accepted_delay : Stopping Timer
2026-05-11 15:22:01,025 : INFO : EventManager : Event: ======'timer_battle_jester_buzz_tower_accepted_delay_stopped'====== Args={'ticks': 0, 'ticks_remaining': 0}
2026-05-11 15:22:01,025 : INFO : Timer.battle_jester_step_3_timer : Stopping Timer
2026-05-11 15:22:01,025 : INFO : EventManager : Event: ======'timer_battle_jester_step_3_timer_stopped'====== Args={'ticks': 3, 'ticks_remaining': 27}
2026-05-11 15:22:01,025 : INFO : Timer.battle_jester_tower_challenge_timer : Stopping Timer
2026-05-11 15:22:01,025 : INFO : EventManager : Event: ======'timer_battle_jester_tower_challenge_timer_stopped'====== Args={'ticks': 20, 'ticks_remaining': 0}
2026-05-11 15:22:01,025 : INFO : Timer.battle_jester_step_4_timer : Stopping Timer
2026-05-11 15:22:01,025 : INFO : EventManager : Event: ======'timer_battle_jester_step_4_timer_stopped'====== Args={'ticks': 20, 'ticks_remaining': 1}
2026-05-11 15:22:01,025 : INFO : Timer.battle_jester_timer : Stopping Timer
2026-05-11 15:22:01,025 : INFO : EventManager : Event: ======'timer_battle_jester_timer_stopped'====== Args={'ticks': 56, 'ticks_remaining': 56}
2026-05-11 15:22:01,025 : INFO : Timer.battle_jester_shot_timer_duration : Stopping Timer
2026-05-11 15:22:01,025 : INFO : EventManager : Event: ======'timer_battle_jester_shot_timer_duration_stopped'====== Args={'ticks': 0, 'ticks_remaining': 0}
2026-05-11 15:22:01,025 : INFO : Timer.battle_jester_step_5_timer : Stopping Timer
2026-05-11 15:22:01,025 : INFO : EventManager : Event: ======'timer_battle_jester_step_5_timer_stopped'====== Args={'ticks': 7, 'ticks_remaining': 13}
2026-05-11 15:22:01,025 : INFO : Timer.battle_jester_intro_video_delay : Stopping Timer
2026-05-11 15:22:01,025 : INFO : EventManager : Event: ======'timer_battle_jester_intro_video_delay_stopped'====== Args={'ticks': 1, 'ticks_remaining': 7}
2026-05-11 15:22:01,025 : INFO : Timer.battle_jester_shot_color_change_time : Stopping Timer
2026-05-11 15:22:01,025 : INFO : EventManager : Event: ======'timer_battle_jester_shot_color_change_time_stopped'====== Args={'ticks': 0, 'ticks_remaining': 0}
2026-05-11 15:22:01,025 : INFO : Timer.battle_jester_servo_step3_setup_delay : Stopping Timer
2026-05-11 15:22:01,025 : INFO : EventManager : Event: ======'timer_battle_jester_servo_step3_setup_delay_stopped'====== Args={'ticks': 1, 'ticks_remaining': 1}
2026-05-11 15:22:01,025 : INFO : Timer.battle_jester_barrier_delay : Stopping Timer
2026-05-11 15:22:01,025 : INFO : EventManager : Event: ======'timer_battle_jester_barrier_delay_stopped'====== Args={'ticks': 2, 'ticks_remaining': 1}
2026-05-11 15:22:01,026 : INFO : Timer.battle_jester_shot_grace_period : Stopping Timer
2026-05-11 15:22:01,026 : INFO : EventManager : Event: ======'timer_battle_jester_shot_grace_period_stopped'====== Args={'ticks': 0, 'ticks_remaining': 0}
2026-05-11 15:22:01,027 : INFO : Timer.battle_jester_servo_step3_done_delay : Stopping Timer
2026-05-11 15:22:01,027 : INFO : EventManager : Event: ======'timer_battle_jester_servo_step3_done_delay_stopped'====== Args={'ticks': 1, 'ticks_remaining': 1}
2026-05-11 15:22:01,027 : INFO : Timer.battle_jester_mode_scoop_debounce : Stopping Timer
2026-05-11 15:22:01,027 : INFO : EventManager : Event: ======'timer_battle_jester_mode_scoop_debounce_stopped'====== Args={'ticks': 0, 'ticks_remaining': 0}
2026-05-11 15:22:01,027 : INFO : Timer.battle_jester_drain_delay : Stopping Timer
2026-05-11 15:22:01,027 : INFO : EventManager : Event: ======'timer_battle_jester_drain_delay_stopped'====== Args={'ticks': 4, 'ticks_remaining': 1}
2026-05-11 15:22:01,027 : INFO : Timer.battle_jester_servo_cleanup_delay : Stopping Timer
2026-05-11 15:22:01,027 : INFO : EventManager : Event: ======'timer_battle_jester_servo_cleanup_delay_stopped'====== Args={'ticks': 1, 'ticks_remaining': 1}
2026-05-11 15:22:01,027 : INFO : Timer.battle_jester_step_6_video_delay : Stopping Timer
2026-05-11 15:22:01,027 : INFO : EventManager : Event: ======'timer_battle_jester_step_6_video_delay_stopped'====== Args={'ticks': 0, 'ticks_remaining': 0}
2026-05-11 15:22:01,027 : INFO : Timer.battle_jester_complete_delay : Stopping Timer
2026-05-11 15:22:01,027 : INFO : EventManager : Event: ======'timer_battle_jester_complete_delay_stopped'====== Args={'ticks': 0, 'ticks_remaining': 0}
2026-05-11 15:22:01,027 : INFO : Timer.battle_jester_spinner_lockout : Stopping Timer
2026-05-11 15:22:01,027 : INFO : EventManager : Event: ======'timer_battle_jester_spinner_lockout_stopped'====== Args={'ticks': 0, 'ticks_remaining': 0}
2026-05-11 15:22:01,027 : INFO : Timer.battle_jester_step_7_video_delay : Stopping Timer
2026-05-11 15:22:01,027 : INFO : EventManager : Event: ======'timer_battle_jester_step_7_video_delay_stopped'====== Args={'ticks': 0, 'ticks_remaining': 0}
2026-05-11 15:22:01,027 : INFO : Timer.battle_jester_failed_delay : Stopping Timer
2026-05-11 15:22:01,027 : INFO : EventManager : Event: ======'timer_battle_jester_failed_delay_stopped'====== Args={'ticks': 4, 'ticks_remaining': 1}
2026-05-11 15:22:01,027 : INFO : Mode.mach_scoring : Stopped.
2026-05-11 15:22:01,028 : INFO : EventManager : Event: ======'modes_active_modes_changed'====== Args={}
2026-05-11 15:22:01,028 : INFO : EventManager : Event: ======'mode_mach_scoring_stopped'====== Args={}
2026-05-11 15:22:01,028 : INFO : EventManager : Event: ======'clear'====== Args={'key': 'mach_scoring'}
2026-05-11 15:22:01,028 : INFO : Timer.mach_timer : Stopping Timer
2026-05-11 15:22:01,028 : INFO : EventManager : Event: ======'timer_mach_timer_stopped'====== Args={'ticks': 20, 'ticks_remaining': 0}
2026-05-11 15:22:01,029 : INFO : Timer.mach_qualify_timer : Stopping Timer
2026-05-11 15:22:01,029 : INFO : EventManager : Event: ======'timer_mach_qualify_timer_stopped'====== Args={'ticks': 0, 'ticks_remaining': 1}
2026-05-11 15:22:01,029 : INFO : Mode.mig_letters : Stopped.
2026-05-11 15:22:01,029 : INFO : EventManager : Event: ======'modes_active_modes_changed'====== Args={}
2026-05-11 15:22:01,029 : INFO : EventManager : Event: ======'mode_mig_letters_stopped'====== Args={}
2026-05-11 15:22:01,029 : INFO : EventManager : Event: ======'clear'====== Args={'key': 'mig_letters'}
2026-05-11 15:22:01,029 : INFO : Timer.mig_reset : Stopping Timer
2026-05-11 15:22:01,029 : INFO : EventManager : Event: ======'timer_mig_reset_stopped'====== Args={'ticks': 0, 'ticks_remaining': 0}
2026-05-11 15:22:01,029 : INFO : Mode.base : Stopped.
2026-05-11 15:22:01,029 : INFO : EventManager : Event: ======'modes_active_modes_changed'====== Args={}
2026-05-11 15:22:01,030 : INFO : EventManager : Event: ======'mode_base_stopped'====== Args={}
2026-05-11 15:22:01,030 : INFO : EventManager : Event: ======'clear'====== Args={'key': 'base'}
2026-05-11 15:22:01,031 : INFO : Timer.wingman_post_win_plunge_delay : Stopping Timer
2026-05-11 15:22:01,031 : INFO : EventManager : Event: ======'timer_wingman_post_win_plunge_delay_stopped'====== Args={'ticks': 0, 'ticks_remaining': 0}
2026-05-11 15:22:01,031 : INFO : Timer.spinner_inactivity : Stopping Timer
2026-05-11 15:22:01,031 : INFO : EventManager : Event: ======'timer_spinner_inactivity_stopped'====== Args={'ticks': 2, 'ticks_remaining': 0}
2026-05-11 15:22:01,031 : INFO : Timer.wingman_post_win_mig_delay : Stopping Timer
2026-05-11 15:22:01,031 : INFO : EventManager : Event: ======'timer_wingman_post_win_mig_delay_stopped'====== Args={'ticks': 0, 'ticks_remaining': 0}
2026-05-11 15:22:01,031 : INFO : Timer.status_mode_entry : Stopping Timer
2026-05-11 15:22:01,031 : INFO : EventManager : Event: ======'timer_status_mode_entry_stopped'====== Args={'ticks': 0, 'ticks_remaining': 4}
2026-05-11 15:22:01,031 : INFO : Timer.wingman_post_win_mig_hold : Stopping Timer
2026-05-11 15:22:01,031 : INFO : EventManager : Event: ======'timer_wingman_post_win_mig_hold_stopped'====== Args={'ticks': 0, 'ticks_remaining': 0}
2026-05-11 15:22:01,031 : INFO : Mode.hard_deck_qualifiers : Stopped.
2026-05-11 15:22:01,031 : INFO : EventManager : Event: ======'modes_active_modes_changed'====== Args={}
2026-05-11 15:22:01,032 : INFO : EventManager : Event: ======'mode_hard_deck_qualifiers_stopped'====== Args={}
2026-05-11 15:22:01,032 : INFO : EventManager : Event: ======'clear'====== Args={'key': 'hard_deck_qualifiers'}
2026-05-11 15:22:01,032 : INFO : Timer.hd_training_choice_timer : Stopping Timer
2026-05-11 15:22:01,032 : INFO : EventManager : Event: ======'timer_hd_training_choice_timer_stopped'====== Args={'ticks': 15, 'ticks_remaining': 0}
2026-05-11 15:22:01,032 : INFO : Mode.ball_save : Stopped.
2026-05-11 15:22:01,033 : INFO : EventManager : Event: ======'modes_active_modes_changed'====== Args={}
2026-05-11 15:22:01,033 : INFO : EventManager : Event: ======'mode_ball_save_stopped'====== Args={}
2026-05-11 15:22:01,033 : INFO : EventManager : Event: ======'clear'====== Args={'key': 'ball_save'}
2026-05-11 15:22:01,033 : INFO : Timer.ball_save_countdown : Stopping Timer
2026-05-11 15:22:01,033 : INFO : EventManager : Event: ======'timer_ball_save_countdown_stopped'====== Args={'ticks': 0, 'ticks_remaining': 1}
2026-05-11 15:22:01,033 : INFO : Timer.ball_save_auto_plunger_delay : Stopping Timer
2026-05-11 15:22:01,033 : INFO : EventManager : Event: ======'timer_ball_save_auto_plunger_delay_stopped'====== Args={'ticks': 0, 'ticks_remaining': 0}
2026-05-11 15:22:01,033 : INFO : Timer.mode_ball_save_countdown : Stopping Timer
2026-05-11 15:22:01,033 : INFO : EventManager : Event: ======'timer_mode_ball_save_countdown_stopped'====== Args={'ticks': 30, 'ticks_remaining': 0}
2026-05-11 15:22:01,033 : INFO : Timer.consecutive_save_window : Stopping Timer
2026-05-11 15:22:01,033 : INFO : EventManager : Event: ======'timer_consecutive_save_window_stopped'====== Args={'ticks': 20, 'ticks_remaining': 0}
2026-05-11 15:22:01,033 : INFO : Timer.scoop_save_countdown : Stopping Timer
2026-05-11 15:22:01,033 : INFO : EventManager : Event: ======'timer_scoop_save_countdown_stopped'====== Args={'ticks': 0, 'ticks_remaining': 1}
2026-05-11 15:22:01,033 : INFO : Mode.goose_letters : Stopped.
2026-05-11 15:22:01,033 : INFO : EventManager : Event: ======'modes_active_modes_changed'====== Args={}
2026-05-11 15:22:01,035 : INFO : EventManager : Event: ======'mode_goose_letters_stopped'====== Args={}
2026-05-11 15:22:01,035 : INFO : EventManager : Event: ======'clear'====== Args={'key': 'goose_letters'}
2026-05-11 15:22:01,035 : INFO : Timer.goose_reset : Stopping Timer
2026-05-11 15:22:01,035 : INFO : EventManager : Event: ======'timer_goose_reset_stopped'====== Args={'ticks': 0, 'ticks_remaining': 0}
2026-05-11 15:22:01,035 : INFO : Timer.missile_fire_delay : Stopping Timer
2026-05-11 15:22:01,035 : INFO : EventManager : Event: ======'timer_missile_fire_delay_stopped'====== Args={'ticks': 0, 'ticks_remaining': 0}
2026-05-11 15:22:01,035 : INFO : Timer.extra_ball_lit_slide_dismiss : Stopping Timer
2026-05-11 15:22:01,035 : INFO : EventManager : Event: ======'timer_extra_ball_lit_slide_dismiss_stopped'====== Args={'ticks': 0, 'ticks_remaining': 0}
2026-05-11 15:22:01,035 : INFO : Mode.iceman_letters : Stopped.
2026-05-11 15:22:01,035 : INFO : EventManager : Event: ======'modes_active_modes_changed'====== Args={}
2026-05-11 15:22:01,037 : INFO : EventManager : Event: ======'mode_iceman_letters_stopped'====== Args={}
2026-05-11 15:22:01,037 : INFO : EventManager : Event: ======'clear'====== Args={'key': 'iceman_letters'}
2026-05-11 15:22:01,037 : INFO : Timer.iceman_reset : Stopping Timer
2026-05-11 15:22:01,037 : INFO : EventManager : Event: ======'timer_iceman_reset_stopped'====== Args={'ticks': 0, 'ticks_remaining': 0}
2026-05-11 15:22:01,037 : INFO : Timer.right_orbit_lockout_timer : Stopping Timer
2026-05-11 15:22:01,037 : INFO : EventManager : Event: ======'timer_right_orbit_lockout_timer_stopped'====== Args={'ticks': 3, 'ticks_remaining': 1}
2026-05-11 15:22:01,037 : INFO : Timer.left_mig_post_timer : Stopping Timer
2026-05-11 15:22:01,037 : INFO : EventManager : Event: ======'timer_left_mig_post_timer_stopped'====== Args={'ticks': 0, 'ticks_remaining': 0}
2026-05-11 15:22:01,037 : INFO : Timer.right_mig_post_timer : Stopping Timer
2026-05-11 15:22:01,037 : INFO : EventManager : Event: ======'timer_right_mig_post_timer_stopped'====== Args={'ticks': 0, 'ticks_remaining': 0}
2026-05-11 15:22:01,038 : INFO : Mode.bumpers : Stopped.
2026-05-11 15:22:01,038 : INFO : EventManager : Event: ======'modes_active_modes_changed'====== Args={}
2026-05-11 15:22:01,038 : INFO : EventManager : Event: ======'mode_bumpers_stopped'====== Args={}
2026-05-11 15:22:01,038 : INFO : EventManager : Event: ======'clear'====== Args={'key': 'bumpers'}
2026-05-11 15:22:01,038 : INFO : Mode.pilot_mission_qualifier : Stopped.
2026-05-11 15:22:01,038 : INFO : EventManager : Event: ======'modes_active_modes_changed'====== Args={}
2026-05-11 15:22:01,043 : INFO : EventManager : Event: ======'mode_pilot_mission_qualifier_stopped'====== Args={}
2026-05-11 15:22:01,043 : INFO : EventManager : Event: ======'clear'====== Args={'key': 'pilot_mission_qualifier'}
2026-05-11 15:22:01,044 : INFO : Timer.spinner_shot_lockout : Stopping Timer
2026-05-11 15:22:01,044 : INFO : EventManager : Event: ======'timer_spinner_shot_lockout_stopped'====== Args={'ticks': 0, 'ticks_remaining': 0}
2026-05-11 15:22:01,044 : INFO : Timer.inverted_bonus_topgun_delay : Stopping Timer
2026-05-11 15:22:01,044 : INFO : EventManager : Event: ======'timer_inverted_bonus_topgun_delay_stopped'====== Args={'ticks': 0, 'ticks_remaining': 0}
2026-05-11 15:22:01,044 : INFO : Timer.post_mb_barrier_restore : Stopping Timer
2026-05-11 15:22:01,044 : INFO : EventManager : Event: ======'timer_post_mb_barrier_restore_stopped'====== Args={'ticks': 0, 'ticks_remaining': 0}
2026-05-11 15:22:01,044 : INFO : Timer.skillshot_video_running : Stopping Timer
2026-05-11 15:22:01,044 : INFO : EventManager : Event: ======'timer_skillshot_video_running_stopped'====== Args={'ticks': 1, 'ticks_remaining': 1}
2026-05-11 15:22:01,044 : INFO : Timer.left_orbit_shot_timeout : Stopping Timer
2026-05-11 15:22:01,044 : INFO : EventManager : Event: ======'timer_left_orbit_shot_timeout_stopped'====== Args={'ticks': 3, 'ticks_remaining': 1}
2026-05-11 15:22:01,044 : INFO : Timer.orbit_shot_lockout_timer : Stopping Timer
2026-05-11 15:22:01,044 : INFO : EventManager : Event: ======'timer_orbit_shot_lockout_timer_stopped'====== Args={'ticks': 1, 'ticks_remaining': 1}
2026-05-11 15:22:01,044 : INFO : Timer.left_diverter_tl_hold : Stopping Timer
2026-05-11 15:22:01,044 : INFO : EventManager : Event: ======'timer_left_diverter_tl_hold_stopped'====== Args={'ticks': 0, 'ticks_remaining': 0}
2026-05-11 15:22:01,044 : INFO : Timer.topgun_ll_qualify_window : Stopping Timer
2026-05-11 15:22:01,044 : INFO : EventManager : Event: ======'timer_topgun_ll_qualify_window_stopped'====== Args={'ticks': 0, 'ticks_remaining': 0}
2026-05-11 15:22:01,044 : INFO : Timer.spinner_shot_timeout : Stopping Timer
2026-05-11 15:22:01,044 : INFO : EventManager : Event: ======'timer_spinner_shot_timeout_stopped'====== Args={'ticks': 0, 'ticks_remaining': 0}
2026-05-11 15:22:01,044 : INFO : Timer.right_orbit_shot_timeout : Stopping Timer
2026-05-11 15:22:01,044 : INFO : EventManager : Event: ======'timer_right_orbit_shot_timeout_stopped'====== Args={'ticks': 3, 'ticks_remaining': 1}
2026-05-11 15:22:01,045 : INFO : Timer.post_plunge_orbit_lockout : Stopping Timer
2026-05-11 15:22:01,045 : INFO : EventManager : Event: ======'timer_post_plunge_orbit_lockout_stopped'====== Args={'ticks': 3, 'ticks_remaining': 1}
2026-05-11 15:22:01,045 : INFO : Timer.global_scoop_eject_delay : Stopping Timer
2026-05-11 15:22:01,045 : INFO : EventManager : Event: ======'timer_global_scoop_eject_delay_stopped'====== Args={'ticks': 0, 'ticks_remaining': 0}
2026-05-11 15:22:01,045 : INFO : Mode.top_gun_multiball_locks : Stopped.
2026-05-11 15:22:01,045 : INFO : EventManager : Event: ======'modes_active_modes_changed'====== Args={}
2026-05-11 15:22:01,045 : INFO : EventManager : Event: ======'mode_top_gun_multiball_locks_stopped'====== Args={}
2026-05-11 15:22:01,046 : INFO : EventManager : Event: ======'clear'====== Args={'key': 'top_gun_multiball_locks'}
2026-05-11 15:22:01,046 : INFO : Timer.lock_goose_callout_delay : Stopping Timer
2026-05-11 15:22:01,046 : INFO : EventManager : Event: ======'timer_lock_goose_callout_delay_stopped'====== Args={'ticks': 0, 'ticks_remaining': 0}
2026-05-11 15:22:01,046 : INFO : Timer.lock_mav_serve_delay : Stopping Timer
2026-05-11 15:22:01,046 : INFO : EventManager : Event: ======'timer_lock_mav_serve_delay_stopped'====== Args={'ticks': 0, 'ticks_remaining': 0}
2026-05-11 15:22:01,046 : INFO : Timer.lock_mb_barrier_delay : Stopping Timer
2026-05-11 15:22:01,046 : INFO : EventManager : Event: ======'timer_lock_mb_barrier_delay_stopped'====== Args={'ticks': 0, 'ticks_remaining': 0}
2026-05-11 15:22:01,046 : INFO : Timer.lock_partial_callout_cooldown : Stopping Timer
2026-05-11 15:22:01,046 : INFO : EventManager : Event: ======'timer_lock_partial_callout_cooldown_stopped'====== Args={'ticks': 0, 'ticks_remaining': 0}
2026-05-11 15:22:01,046 : INFO : Timer.lock_goose_debounce : Stopping Timer
2026-05-11 15:22:01,046 : INFO : EventManager : Event: ======'timer_lock_goose_debounce_stopped'====== Args={'ticks': 0, 'ticks_remaining': 0}
2026-05-11 15:22:01,046 : INFO : Timer.lock_goose_serve_delay : Stopping Timer
2026-05-11 15:22:01,046 : INFO : EventManager : Event: ======'timer_lock_goose_serve_delay_stopped'====== Args={'ticks': 0, 'ticks_remaining': 0}
2026-05-11 15:22:01,046 : INFO : Timer.lock_resume_arm : Stopping Timer
2026-05-11 15:22:01,046 : INFO : EventManager : Event: ======'timer_lock_resume_arm_stopped'====== Args={'ticks': 0, 'ticks_remaining': 0}
2026-05-11 15:22:01,046 : INFO : Timer.lock_mb_eject_debounce : Stopping Timer
2026-05-11 15:22:01,046 : INFO : EventManager : Event: ======'timer_lock_mb_eject_debounce_stopped'====== Args={'ticks': 0, 'ticks_remaining': 0}
2026-05-11 15:22:01,046 : INFO : Timer.mb_mode_choice_timer : Stopping Timer
2026-05-11 15:22:01,046 : INFO : EventManager : Event: ======'timer_mb_mode_choice_timer_stopped'====== Args={'ticks': 15, 'ticks_remaining': 0}
2026-05-11 15:22:01,046 : INFO : Timer.lock_mav_debounce : Stopping Timer
2026-05-11 15:22:01,047 : INFO : EventManager : Event: ======'timer_lock_mav_debounce_stopped'====== Args={'ticks': 0, 'ticks_remaining': 0}
2026-05-11 15:22:01,047 : INFO : Timer.lock_mav_mb_lit_callout_delay : Stopping Timer
2026-05-11 15:22:01,047 : INFO : EventManager : Event: ======'timer_lock_mav_mb_lit_callout_delay_stopped'====== Args={'ticks': 0, 'ticks_remaining': 0}
2026-05-11 15:22:01,047 : INFO : Timer.lock_diverter_timeout : Stopping Timer
2026-05-11 15:22:01,047 : INFO : EventManager : Event: ======'timer_lock_diverter_timeout_stopped'====== Args={'ticks': 0, 'ticks_remaining': 0}
2026-05-11 15:22:01,047 : INFO : Timer.lock_mb_release_delay : Stopping Timer
2026-05-11 15:22:01,048 : INFO : EventManager : Event: ======'timer_lock_mb_release_delay_stopped'====== Args={'ticks': 0, 'ticks_remaining': 0}
2026-05-11 15:22:01,048 : INFO : Timer.lock_letter_sound_delay : Stopping Timer
2026-05-11 15:22:01,048 : INFO : EventManager : Event: ======'timer_lock_letter_sound_delay_stopped'====== Args={'ticks': 0, 'ticks_remaining': 0}
2026-05-11 15:22:01,048 : INFO : Mode.2x_playfield : Stopped.
2026-05-11 15:22:01,048 : INFO : EventManager : Event: ======'modes_active_modes_changed'====== Args={}
2026-05-11 15:22:01,048 : INFO : EventManager : Event: ======'mode_2x_playfield_stopped'====== Args={}
2026-05-11 15:22:01,048 : INFO : EventManager : Event: ======'clear'====== Args={'key': '2x_playfield'}
2026-05-11 15:22:01,049 : INFO : Timer.x2_playfield : Stopping Timer
2026-05-11 15:22:01,049 : INFO : EventManager : Event: ======'timer_x2_playfield_stopped'====== Args={'ticks': 90, 'ticks_remaining': 0}
2026-05-11 15:22:01,049 : INFO : Mode.shot_missed_callout_randomizer : Stopped.
2026-05-11 15:22:01,049 : INFO : EventManager : Event: ======'modes_active_modes_changed'====== Args={}
2026-05-11 15:22:01,049 : INFO : EventManager : Event: ======'mode_shot_missed_callout_randomizer_stopped'====== Args={}
2026-05-11 15:22:01,049 : INFO : EventManager : Event: ======'clear'====== Args={'key': 'shot_missed_callout_randomizer'}
2026-05-11 15:22:01,050 : INFO : EventManager : Event: ======'mode_bonus_will_start'====== Args={'queue': <QueuedEvent>}
2026-05-11 15:22:01,052 : INFO : EventManager : Event: ======'mode_bonus_starting'====== Args={'queue': <QueuedEvent>}
2026-05-11 15:22:01,053 : INFO : Mode.bonus : Will not start because machine is shutting down.
2026-05-11 15:22:01,053 : INFO : Mode.game : Stopped.
2026-05-11 15:22:01,053 : INFO : EventManager : Event: ======'modes_active_modes_changed'====== Args={}
2026-05-11 15:22:01,053 : INFO : EventManager : Event: ======'mode_game_stopped'====== Args={}
2026-05-11 15:22:01,053 : INFO : EventManager : Event: ======'clear'====== Args={'key': 'game'}
2026-05-11 15:22:01,345 : INFO : EventManager : Event: ======'spot_topgun_letter'====== Args={'priority': 0}
2026-05-11 15:22:01,532 : INFO : EventManager : Event: ======'top_ramp_down'====== Args={'priority': 0}
2026-05-11 15:22:01,532 : INFO : EventManager : Event: ======'spot_topgun_letter'====== Args={'priority': 0}
2026-05-11 15:22:02,177 : INFO : root : MPF run loop ended.
